caption_id,source,pred_clip_p10,pred_clip_rr,pred_blip2_p10,pred_blip2_rr,true_clip_p10,true_clip_rr,true_blip2_p10,true_blip2_rr
261342,mscoco,0.13301887139678,0.2583163347858046,0.12773627191781997,0.27767652399336346,0.0,0.0192307692307692,0.0,0.04
203177,mscoco,0.012760803895071149,0.050792475754938844,0.018654539436101913,0.06431649283993696,0.1,1.0,0.1,1.0
239082,mscoco,0.22787193804979325,0.41590966090724524,0.2649144947528839,0.5331111423939066,0.2,0.1666666666666666,0.4,1.0
166557,mscoco,0.4407843515276909,0.7563591636488486,0.506464809179306,0.5944312573503159,0.7,1.0,0.7,1.0
70,drawbench,0.01462406013160944,0.049948641312958765,0.023045848961919545,0.07183315300328175,0.0,0.0,0.0,0.0
27585,mscoco,0.1916016571223736,0.3400620398727506,0.23649844601750375,0.5075826579126523,0.0,0.0833333333333333,0.4,0.25
44960,mscoco,0.3578114554286003,0.48216172665061063,0.3718710884451866,0.4893677798328262,0.2,1.0,0.5,1.0
559685,mscoco,0.1928219933062792,0.39552808186669647,0.19290673434734346,0.4736875435378298,0.2,0.3333333333333333,0.1,0.5
577169,mscoco,0.11912913247942924,0.26332177689909525,0.1251419648528099,0.30520564721453697,0.2,0.25,0.4,1.0
276964,mscoco,0.03750848639756441,0.12136302817070033,0.035863150376826525,0.1219879344648677,0.1,1.0,0.1,0.5
480770,mscoco,0.0338012364692986,0.09874107665945948,0.03803531136363745,0.14039183468346206,0.3,0.5,0.3,1.0
56821,mscoco,0.06231074333190918,0.1760102456350713,0.12235027551651001,0.29765863954383376,0.1,0.2,0.1,0.25
298353,mscoco,0.02082437425851822,0.06042506024636795,0.013257156405597926,0.0430585621669359,0.0,0.0204081632653061,0.1,0.125
58492,mscoco,0.1847766138613224,0.39845705451598984,0.1814342148602009,0.3566935557859833,0.1,1.0,0.1,0.1428571428571428
530479,mscoco,0.061403670348227024,0.1803950170717621,0.05832661706954241,0.17018253013492132,0.0,0.05,0.0,0.0555555555555555
318426,mscoco,0.1029403742402792,0.21059471272214517,0.14058938547968863,0.30558425748803625,0.3,0.3333333333333333,0.5,0.5
386890,mscoco,0.10557439438998699,0.35532632849578827,0.09828275702893734,0.22935175677920164,0.0,0.0909090909090909,0.1,1.0
23309,mscoco,0.032432249188423155,0.11888696679343343,0.03713064454495907,0.12953709187963977,0.1,1.0,0.2,1.0
101270,mscoco,0.17755081206560136,0.32037890063607743,0.19114308133721353,0.3097662601037245,0.0,0.0769230769230769,0.1,0.25
170809,mscoco,0.01646684524603188,0.06410544142591407,0.019022415112704038,0.06637207807795839,0.1,1.0,0.1,0.1
20150,mscoco,0.11174314767122269,0.31752920175631705,0.09913814924657345,0.23451529660926085,0.1,0.1428571428571428,0.1,0.2
142942,mscoco,0.17763186544179915,0.3544113028070662,0.2047766588628292,0.41534258920341055,0.2,0.125,0.2,1.0
63306,mscoco,0.10080469399690628,0.25595284079271036,0.16932462081313132,0.34452719881611255,0.1,0.1,0.2,1.0
561151,mscoco,0.1948656491935253,0.32316083495274267,0.18480686247348785,0.32002427037956055,0.0,0.0172413793103448,0.1,0.1
377619,mscoco,0.11118137389421463,0.2493508209246818,0.1232269212603569,0.2657802335774698,0.1,1.0,0.1,1.0
390068,mscoco,0.18292115479707718,0.3902067307197407,0.1790191613137722,0.3861397423401255,0.5,1.0,0.4,1.0
246004,mscoco,0.07043124511837959,0.1718579433415623,0.07453390583395958,0.20367279456610246,0.1,1.0,0.1,0.1
324789,mscoco,0.011942010535858572,0.042865979914731414,0.027541235089302063,0.0918252332034645,0.1,0.125,0.1,1.0
301541,mscoco,0.25050571709871294,0.3871378227105749,0.32409155964851377,0.5804961597673239,0.0,0.0526315789473684,0.2,0.25
233617,mscoco,0.15734191313385965,0.29158074165156417,0.1661575198173523,0.3759766401777856,0.1,0.3333333333333333,0.1,1.0
108452,mscoco,0.07070987969636917,0.20825073003488848,0.07820548973977566,0.22313565951114997,0.1,1.0,0.1,1.0
333049,mscoco,0.11192181296646594,0.31028326835486936,0.19753375127911568,0.3705201071455805,0.2,0.125,0.3,1.0
144796,mscoco,0.05852501410990953,0.15535380561921072,0.0719632014632225,0.20686716760731616,0.1,0.3333333333333333,0.0,0.0303030303030303
488514,mscoco,0.08025956265628338,0.24524320341693084,0.13253405839204788,0.2918388658406814,0.1,1.0,0.1,0.125
47294,mscoco,0.15613488405942916,0.3636534523458193,0.16614957377314568,0.3247104243838839,0.1,0.2,0.3,1.0
306173,mscoco,0.05518337767571211,0.15534477052682724,0.0446650717407465,0.15126803403246813,0.1,1.0,0.1,0.5
253470,mscoco,0.041284128464758395,0.128798548599226,0.04428787101060152,0.1471218572667998,0.0,0.0909090909090909,0.1,0.5
190700,mscoco,0.029167380090802907,0.11567001212420816,0.028519349358975887,0.11056987145307079,0.1,1.0,0.1,0.5
84089,mscoco,0.16301098540425302,0.35504615354194247,0.14128268510103226,0.27640821921385544,0.0,0.0178571428571428,0.0,0.0031347962382445
175954,mscoco,0.287371301651001,0.4429063334280928,0.45257045030593873,0.6851285788719063,0.2,1.0,0.5,0.2
158223,mscoco,0.12937287893146276,0.33179328720941936,0.21242679841816425,0.42352124013979564,0.5,1.0,0.7,1.0
448607,mscoco,0.46257989704608915,0.7119823936836578,0.5947212308645249,0.8518161295989369,0.4,0.5,0.3,0.5
248862,mscoco,0.13252181708812713,0.3125550973274883,0.15054115355014802,0.3153874273158429,0.1,0.5,0.1,1.0
227526,mscoco,0.06766008827835321,0.14086590573565339,0.0669566761702299,0.1894185684859988,0.0,0.0037593984962406,0.0,0.0022988505747126
549409,mscoco,0.031074490305036305,0.10099685182316086,0.05081245815381408,0.13387807021113993,0.1,0.3333333333333333,0.1,0.3333333333333333
123214,mscoco,0.20185980647802354,0.3471462912811889,0.17320078313350679,0.2982031420373011,0.3,0.25,0.1,0.3333333333333333
494957,mscoco,0.16642520539462566,0.33770665315620296,0.17624493539333344,0.385666729227458,0.1,1.0,0.1,1.0
284176,mscoco,0.05918751433491707,0.16876638565240148,0.06779007911682129,0.17451998079224681,0.2,0.25,0.5,1.0
25430,mscoco,0.19807368665933608,0.47832675322256185,0.19132696837186813,0.2924787106288426,0.4,0.25,0.4,1.0
52746,mscoco,0.04116971790790558,0.11728860946659087,0.042917045019567016,0.13186518790890847,0.4,1.0,0.4,1.0
118598,mscoco,0.27162308543920516,0.4791435808910626,0.22499016523361207,0.4747710850207577,0.3,1.0,0.3,0.5
42622,mscoco,0.26809882670640944,0.4786227982788049,0.43904043138027193,0.6087287207952433,0.1,0.1111111111111111,0.6,1.0
128275,mscoco,0.15036797225475312,0.3120523071455521,0.20072923600673676,0.3588409353886079,0.1,0.3333333333333333,0.4,1.0
402255,mscoco,0.03303438052535057,0.07796218328691172,0.03642183504998684,0.11807116097301337,0.0,0.0285714285714285,0.1,0.25
24935,mscoco,0.09546421095728874,0.2426829348479379,0.09470410570502281,0.2384530799527524,0.1,0.5,0.1,1.0
39502,mscoco,0.03488571532070637,0.10241231784000682,0.045552493818104264,0.16032501965183618,0.0,0.0123456790123456,0.1,0.5
370391,mscoco,0.1580640085041523,0.34661045068118157,0.2162560850381851,0.28625075517069715,0.0,0.0138888888888888,0.3,0.3333333333333333
170700,mscoco,0.035648750700056554,0.08853686884906606,0.07804135782644153,0.21217810010089647,0.0,0.0212765957446808,0.1,1.0
438910,mscoco,0.18491268381476403,0.3104782754931491,0.2360598474740982,0.440228097743897,0.1,0.25,0.3,1.0
160,drawbench,0.049592919368296864,0.1293261583892044,0.0363525821827352,0.11797052207509558,0.0,0.0,0.0,0.0
291526,mscoco,0.022437401115894318,0.07066171435664274,0.023177479580044746,0.06171751866425497,0.1,1.0,0.1,0.5
379596,mscoco,0.04784078653901815,0.13930765823592275,0.06224045362323523,0.17903609108278823,0.1,1.0,0.0,0.0769230769230769
12,drawbench,0.2538051202893257,0.384819373417456,0.22927355021238327,0.3661677080709251,0.0,0.0,0.0,0.0
241148,mscoco,0.09625992253422737,0.2024053474877645,0.08489479273557662,0.24052537080141564,0.1,0.1428571428571428,0.2,1.0
319991,mscoco,0.13141585141420364,0.33411923076063876,0.11141516119241715,0.24109478134676848,0.1,0.5,0.1,1.0
310688,mscoco,0.02329024178907275,0.07218439887851189,0.03307033125311136,0.08983224308746496,0.1,1.0,0.1,1.0
243283,mscoco,0.15016439333558082,0.3378200877345179,0.14334608986973763,0.3284219817473361,0.9,0.5,1.0,1.0
149,drawbench,0.08752971775829792,0.2103114703984894,0.07500748746097088,0.22093351242413145,0.0,0.0,0.0,0.0
558426,mscoco,0.0971231635659933,0.21715146475362276,0.11508865281939507,0.3427943160748659,0.2,0.3333333333333333,0.5,1.0
394214,mscoco,0.18053012117743492,0.3026451003244035,0.24915242195129395,0.4827783917941126,0.0,0.05,0.1,1.0
297699,mscoco,0.09962085857987404,0.23064668900728563,0.1228240355849266,0.28471934948729266,0.1,0.125,0.1,0.125
146972,mscoco,0.026622193679213525,0.09256874927488967,0.07745661847293377,0.18718413479530815,0.2,0.5,0.0,0.0909090909090909
401783,mscoco,0.6601190030574798,0.8159687165854115,0.6434009790420532,0.8452007215634189,0.8,0.5,0.9,1.0
182245,mscoco,0.2053587816655636,0.5304407448292252,0.27816950231790544,0.4954258348704385,0.0,0.0256410256410256,0.2,1.0
126018,mscoco,0.1739378862082958,0.329393889430235,0.17824831157922744,0.3875581476546931,0.7,1.0,0.4,1.0
290549,mscoco,0.054975701682269576,0.21018755755843882,0.05064554810523987,0.13001739770591106,0.1,0.3333333333333333,0.1,1.0
399946,mscoco,0.12610896937549115,0.3321704360684225,0.15255532637238503,0.33190879819779856,0.1,0.5,0.1,1.0
8,drawbench,0.2676321744918823,0.3885584869824298,0.23119911774992943,0.3115842612581492,0.0,0.0001043296817944,0.0,6.345580303318739e-05
211678,mscoco,0.10952658355236053,0.23527199568363555,0.10843128561973572,0.25410838826408416,0.3,0.5,0.4,0.5
421539,mscoco,0.017059676721692084,0.0598814606873718,0.014958870224654674,0.06165187384445614,0.1,1.0,0.2,0.3333333333333333
264358,mscoco,0.033769043255597354,0.09121227408022582,0.04559715911746025,0.12148575268462299,0.1,0.5,0.1,1.0
430848,mscoco,0.14604448825120925,0.3333362328177459,0.14206535890698432,0.30038529586289486,0.2,1.0,0.2,0.5
133251,mscoco,0.23522083461284637,0.511008971302292,0.22339649498462677,0.4042974696764783,0.5,0.5,0.2,0.1666666666666666
568560,mscoco,0.12613003179430962,0.294997906685907,0.12696292251348495,0.30070600745844617,0.2,0.3333333333333333,0.0,0.0526315789473684
405612,mscoco,0.10365416780114174,0.21721964777116748,0.15783148482441903,0.32526295660964405,0.1,1.0,0.1,0.5
20794,mscoco,0.0793916754424572,0.19555294479653004,0.1589606661349535,0.3542787355534751,0.1,0.1428571428571428,0.1,0.5
6,drawbench,0.5553168088197709,0.7158819976432595,0.3503949284553528,0.544628104269722,0.0,0.0011750881316098,0.0,0.0129870129870129
225306,mscoco,0.14251577854156494,0.33945262077369986,0.19067421108484267,0.3853725632918904,0.0,0.0833333333333333,0.1,1.0
103603,mscoco,0.1681746006011963,0.26419137440445145,0.2653907209634781,0.43067733458987595,0.6,0.3333333333333333,0.4,1.0
395,mscoco,0.026866608764976263,0.09671856232397413,0.046794880740344526,0.1326077473238049,0.2,1.0,0.1,0.25
80067,mscoco,0.03597510010004044,0.09566636636042523,0.03650122806429863,0.1188796220541188,0.1,0.1428571428571428,0.1,1.0
490619,mscoco,0.0834365114569664,0.2575897730648532,0.09128853976726532,0.2278186702925002,0.0,0.0066666666666666,0.0,0.0109890109890109
167126,mscoco,0.20118410438299178,0.49297794235831505,0.24497750103473664,0.5288937609850394,0.4,1.0,0.1,1.0
442961,mscoco,0.15853848829865455,0.29137502264641774,0.17554644942283631,0.40174482413915164,0.1,0.5,0.5,0.5
260111,mscoco,0.07451785951852799,0.29175497785867843,0.056010609678924086,0.16609305016722692,0.0,0.0555555555555555,0.0,0.0161290322580645
68005,mscoco,0.05603983774781227,0.18129248052594552,0.06270629987120628,0.18122363110718215,0.1,1.0,0.1,1.0
73541,mscoco,0.2884968653321266,0.4055774479415731,0.3198617920279503,0.5833613887109477,0.2,0.5,0.0,0.0833333333333333
316190,mscoco,0.13036082834005355,0.2653573623431085,0.1377904362976551,0.3543562124978451,0.1,1.0,0.1,0.1428571428571428
519552,mscoco,0.04901834670454264,0.18657551817701973,0.04751394633203745,0.1344405097323238,0.1,0.3333333333333333,0.1,0.5
365419,mscoco,0.3036304026842117,0.4985689019597588,0.24350282549858093,0.4434832688279217,0.1,0.2,0.2,0.5
55050,mscoco,0.05905218627303839,0.16372717554944236,0.05191996861249208,0.16606989100576017,0.1,1.0,0.1,1.0
150,drawbench,0.061908953450620176,0.1395519816175061,0.07656714599579573,0.17854702484240695,0.0,0.0,0.0,0.0
122,drawbench,0.13873367570340633,0.26770813626366596,0.10426451489329339,0.28828575553127356,0.0,0.000125786163522,0.0,4.940955580809328e-05
403464,mscoco,0.323366341739893,0.6292121949338455,0.23398318588733674,0.43053729013811676,0.2,1.0,0.1,0.25
256809,mscoco,0.20886970907449723,0.3826437059045668,0.2886691242456436,0.5093916295947918,0.0,0.0434782608695652,0.6,0.5
481098,mscoco,0.03860103227198124,0.11446661108715432,0.05685520470142365,0.15761271385346026,0.0,0.0060240963855421,0.0,0.0909090909090909
163289,mscoco,0.11821442097425461,0.2509085180585733,0.09113058596849441,0.22466736355586261,0.0,0.0025839793281653,0.0,0.0476190476190476
383175,mscoco,0.24013483077287673,0.3859856299989135,0.23699040561914445,0.45689511589432386,0.3,0.3333333333333333,0.2,0.3333333333333333
71346,mscoco,0.1574011243879795,0.3067353754479754,0.2206014260649681,0.40088205508489244,0.0,0.0161290322580645,0.1,0.5
15569,mscoco,0.10436562225222587,0.23639916176363449,0.1975741431117058,0.5084870026912803,0.1,0.125,0.3,0.25
314949,mscoco,0.07947229221463203,0.17411996223033313,0.06080240905284882,0.17228580075742467,0.1,1.0,0.1,1.0
424018,mscoco,0.09895379841327667,0.311811894942921,0.09116562120616437,0.22339756641124414,0.3,0.3333333333333333,0.2,1.0
465153,mscoco,0.05406850203871727,0.1679714461202757,0.07163657378405333,0.18868432773522578,0.2,1.0,0.2,1.0
10540,mscoco,0.0897611666470766,0.22282850534084203,0.12015535905957223,0.24986538197954858,0.0,0.0294117647058823,0.0,0.0024509803921568
524401,mscoco,0.06780316252261401,0.15912657011859152,0.1315973348915577,0.29642435292233854,0.1,0.1111111111111111,0.4,0.5
277498,mscoco,0.12236913740634918,0.23219357691851616,0.17182476073503494,0.32195149164383174,0.0,0.0196078431372549,0.1,0.1
393583,mscoco,0.02461053291335702,0.09762059381857759,0.040709078032523396,0.10553036460962399,0.2,0.25,0.2,1.0
151339,mscoco,0.27907679900527,0.43507721363677143,0.22379032373428345,0.43634513583490203,0.3,1.0,0.2,0.3333333333333333
300509,mscoco,0.15644607916474343,0.27765637868243925,0.2117318332195282,0.37941159053728707,0.1,0.5,0.0,0.0833333333333333
389145,mscoco,0.039911586232483386,0.1124026175593606,0.048920379020273685,0.12450936934367111,0.1,1.0,0.1,1.0
537667,mscoco,0.13874861914664507,0.22090260596976846,0.058539120573550464,0.16779649704296615,0.1,0.5,0.1,1.0
352143,mscoco,0.025682892836630344,0.08884897926431065,0.0238449489697814,0.07543341285847195,0.1,1.0,0.2,0.5
148,drawbench,0.16577937565743922,0.36391842428670235,0.10343052223324775,0.21401313503766103,0.0,0.0,0.0,0.0
355826,mscoco,0.09511435069143773,0.24790393307709047,0.08568207658827305,0.26864570288957124,0.2,1.0,0.1,1.0
251937,mscoco,0.176160004734993,0.3644046544801541,0.2539264351129532,0.39917362819821345,0.3,1.0,0.3,1.0
135397,mscoco,0.04433799125254154,0.14479774408591467,0.0526758685708046,0.17211721989129558,0.1,1.0,0.1,1.0
394658,mscoco,0.14670986086130142,0.3539636965454601,0.1518250398337841,0.3086210479108031,0.1,0.3333333333333333,0.1,1.0
485709,mscoco,0.19093907177448272,0.44806688767293057,0.14285954236984252,0.2708467726204203,0.2,1.0,0.1,0.1428571428571428
504167,mscoco,0.1988009877502918,0.3799997800641798,0.19286322444677353,0.3783607387450579,0.1,1.0,0.0,0.0263157894736842
230644,mscoco,0.07447501216083766,0.15730219746220286,0.07362724803388118,0.17116724428691854,0.1,0.1,0.2,0.3333333333333333
83510,mscoco,0.05524861998856068,0.14938998413194707,0.06863426379859447,0.19203718084092605,0.1,0.1428571428571428,0.0,0.02
401650,mscoco,0.04234308935701847,0.14173788960895206,0.05275723431259394,0.12382576928281469,0.1,0.125,0.1,0.2
136411,mscoco,0.13921444080770015,0.2580349206403401,0.13937086760997772,0.3153922819190554,0.0,0.037037037037037,0.1,0.1666666666666666
176120,mscoco,0.11234920844435692,0.3082655173972354,0.11413633897900581,0.2773651332902669,0.2,0.1111111111111111,0.3,0.25
348134,mscoco,0.05293665714561939,0.15847765377944176,0.05962056331336498,0.16156883440520792,0.3,0.5,0.1,1.0
193398,mscoco,0.06120031885802746,0.18726430812451392,0.04618098493665457,0.12605423015111097,0.0,0.0833333333333333,0.1,1.0
540774,mscoco,0.3298497885465622,0.6883287438147605,0.40628561526536944,0.5933290239702957,0.6,1.0,0.9,1.0
113211,mscoco,0.08015766143798828,0.22470184419454978,0.08626868352293968,0.20819658737607255,0.1,0.1111111111111111,0.2,1.0
406749,mscoco,0.05249179489910603,0.14181196322282544,0.0502395698800683,0.1375755725256586,0.2,1.0,0.2,1.0
280551,mscoco,0.052817466855049136,0.13533127609202955,0.06753975600004196,0.1621395590509374,0.1,0.3333333333333333,0.1,1.0
441358,mscoco,0.09607274234294891,0.23735449742520687,0.13226401805877686,0.302384697331708,0.2,0.2,0.1,0.5
561314,mscoco,0.10683742128312587,0.23841184307765054,0.1787661775946617,0.40487613684758733,0.0,0.0454545454545454,0.6,1.0
130749,mscoco,0.0594756081700325,0.18691909896053388,0.07570675946772099,0.20629054327615537,0.0,0.0769230769230769,0.1,0.3333333333333333
25907,mscoco,0.042500605992972854,0.1710230720733941,0.03689676225185394,0.14463767540100392,0.1,1.0,0.1,1.0
364157,mscoco,0.05024825111031532,0.16657673773426412,0.055753371492028234,0.14594763097299973,0.3,1.0,0.3,0.3333333333333333
327529,mscoco,0.04238558448851108,0.17964361089353614,0.06024495717138052,0.2439545269480582,0.1,1.0,0.1,0.3333333333333333
214087,mscoco,0.08506579287350177,0.1933097379343657,0.07982117868959904,0.2632378715701876,0.1,0.25,0.1,1.0
253763,mscoco,0.14338978976011277,0.28210863305780814,0.1621214419603348,0.28035130862483404,0.1,1.0,0.1,1.0
298065,mscoco,0.03875574488192797,0.1205394750601718,0.04824627619236708,0.13584240386860078,0.1,1.0,0.1,1.0
305803,mscoco,0.1866504319012165,0.43256698891814893,0.19368885084986687,0.39064187039735393,0.0,0.0151515151515151,0.0,0.0454545454545454
173,drawbench,0.09629285149276257,0.23729124765092974,0.21048664301633835,0.3602309449617389,0.0,0.0,0.0,0.0
458339,mscoco,0.11188571192324162,0.2622122479349122,0.13766779899597167,0.31479277903510516,0.0,0.0833333333333333,0.1,0.5
428326,mscoco,0.10930196158587932,0.2146779329789593,0.10449568331241607,0.2569584170297317,0.0,0.0181818181818181,0.0,0.0103092783505154
530201,mscoco,0.10571682900190353,0.24271505791731998,0.13302917554974555,0.24359052751809146,0.1,1.0,0.1,1.0
59039,mscoco,0.21114533990621567,0.4721532368687581,0.2612259089946747,0.46144484724149,0.3,1.0,0.7,0.5
333738,mscoco,0.4003628447651863,0.5219327834134144,0.39542126655578613,0.5864340577919069,0.6,0.5,1.0,1.0
132081,mscoco,0.050242727249860765,0.13214025206735827,0.05654412042349577,0.1397802080246678,0.1,0.25,0.1,0.5
26573,mscoco,0.40675959140062334,0.7075201476613346,0.4370857745409012,0.697166922090261,0.3,1.0,0.4,0.3333333333333333
115893,mscoco,0.1462559077888727,0.35579243056389503,0.11394191682338714,0.2941220535547989,0.2,1.0,0.4,1.0
49542,mscoco,0.3715038388967514,0.528011329271734,0.47586836814880373,0.6499388023702043,0.5,0.25,0.5,0.5
212864,mscoco,0.04827679414302111,0.18279750193096012,0.058285562321543694,0.1356884350684092,0.0,0.0454545454545454,0.0,0.0075187969924812
32967,mscoco,0.13632731139659882,0.35995934374962113,0.08124235421419143,0.21513259480006744,0.0,0.0015037593984962,0.2,0.2
98642,mscoco,0.02219211752526462,0.07028655174583313,0.03465155102312565,0.10431449147124881,0.1,0.3333333333333333,0.1,1.0
183719,mscoco,0.1940811611711979,0.4499526080426273,0.21480574756860732,0.4174578686689021,0.0,0.0060240963855421,0.0,0.006060606060606
401307,mscoco,0.18664210774004458,0.4432488839020834,0.19213421121239663,0.4738721604963288,0.2,1.0,0.3,1.0
467612,mscoco,0.31607931703329084,0.5124330650518281,0.3833725079894066,0.5611636096656615,0.6,0.5,0.4,0.3333333333333333
36034,mscoco,0.09301144890487194,0.23751609839562743,0.10166464038193226,0.2320155110145075,0.2,1.0,0.1,0.2
216378,mscoco,0.09012615270912647,0.1865232623487283,0.10207690261304378,0.19903780553627207,0.1,0.5,0.1,1.0
360441,mscoco,0.0815027818083763,0.2204258621226487,0.0798443065956235,0.17121204737058024,0.1,0.1666666666666666,0.1,0.1428571428571428
75057,mscoco,0.1751825764775276,0.36740588649249695,0.2947261154651642,0.45584460037115776,0.3,1.0,0.6,1.0
53870,mscoco,0.15315955728292466,0.4290824656639658,0.14464486837387086,0.2952704187050396,0.1,0.1428571428571428,0.0,0.0161290322580645
253323,mscoco,0.09494465701282025,0.29506381393249487,0.12799220755696297,0.27749931236136655,0.2,0.1666666666666666,0.3,0.5
433270,mscoco,0.16212645322084426,0.30973022932513905,0.1520935483276844,0.2941042521437093,0.2,0.125,0.3,1.0
176758,mscoco,0.1685791067779064,0.2737052602574603,0.23048082999885083,0.4450760881739538,0.1,0.2,0.2,1.0
420396,mscoco,0.04875998068600893,0.11478543216323643,0.05199655890464783,0.19803465037882387,0.1,0.1428571428571428,0.1,1.0
365792,mscoco,0.17586178332567215,0.41598021728833595,0.191129382699728,0.41642236726575693,0.3,0.5,0.3,1.0
564382,mscoco,0.0585398655384779,0.20278348188574188,0.04688161462545395,0.15148739617586526,0.1,0.5,0.1,1.0
180667,mscoco,0.11272402554750442,0.21549832026892948,0.12694328539073468,0.24399275618045135,0.1,1.0,0.0,0.0020242914979757
154399,mscoco,0.056071910075843334,0.15775375270917288,0.12882677391171454,0.30344504666159816,0.1,0.2,0.0,0.0833333333333333
576537,mscoco,0.13062127195298673,0.29796790884970653,0.18124501332640647,0.41692431609015573,0.2,1.0,0.4,1.0
18194,mscoco,0.031867966335266826,0.14530767348399246,0.08922004625201226,0.3256828545001316,0.1,0.1666666666666666,0.2,0.5
278243,mscoco,0.06588953472673893,0.1751775026576967,0.07149997390806676,0.21030131265765645,0.1,0.5,0.1,0.5
253728,mscoco,0.09760710261762143,0.2102537106252531,0.11733972243964672,0.22251301614966132,0.1,1.0,0.1,1.0
306229,mscoco,0.3112745970487595,0.466218786098205,0.3127190202474594,0.4751147523864888,0.6,1.0,0.8,1.0
413277,mscoco,0.2811291962862015,0.45168438543421097,0.2580311164259911,0.5673464674417931,0.1,0.1428571428571428,0.5,1.0
86951,mscoco,0.10153447091579437,0.2350203824082265,0.10622893422842025,0.26814791154603845,0.5,1.0,0.8,1.0
489942,mscoco,0.06252982374280691,0.19607636014692326,0.05711715873330832,0.17835883044746187,0.1,1.0,0.1,1.0
199141,mscoco,0.10633758381009102,0.33036630620815427,0.09598722942173481,0.3220819120494831,0.4,0.5,0.5,0.5
170336,mscoco,0.17270392403006554,0.33673447790902006,0.22280666679143907,0.37391278639031583,0.1,0.3333333333333333,0.2,0.2
89549,mscoco,0.1621325857937336,0.4243471614439387,0.14159804135560988,0.33306932500474096,0.0,0.0909090909090909,0.1,1.0
372246,mscoco,0.0363142604008317,0.13420289076059322,0.04224830567836761,0.1599497642424199,0.1,1.0,0.1,1.0
535563,mscoco,0.02658059587702155,0.07949426719587085,0.03417045455425978,0.0900903357053766,0.1,1.0,0.1,1.0
228222,mscoco,0.0690387837588787,0.1862409830591555,0.07334683313965798,0.18199644843760843,0.4,0.5,0.6,1.0
195353,mscoco,0.16930265799164773,0.28585036578544976,0.18882759287953377,0.49838725117781346,0.4,0.3333333333333333,0.5,1.0
58624,mscoco,0.0789325401186943,0.2158282505534257,0.12427154742181301,0.3016467046979086,0.1,0.5,0.1,1.0
268900,mscoco,0.11834993958473206,0.21994074822714965,0.16971852257847786,0.3149395061704329,0.1,0.125,0.1,0.25
161019,mscoco,0.26302441358566286,0.5223513960132535,0.24364507794380189,0.4004399551479651,0.2,0.3333333333333333,0.4,1.0
379035,mscoco,0.0695040013641119,0.21719431356963165,0.10466649085283279,0.25373640954993715,0.0,0.0123456790123456,0.2,0.25
172276,mscoco,0.2840192146599293,0.6648993622729662,0.25182080268859863,0.5423973476401517,0.1,0.1428571428571428,0.1,0.1111111111111111
271120,mscoco,0.1594991572201252,0.3201391504546457,0.2027791492640972,0.45587005387472274,0.0,0.0555555555555555,0.1,0.1111111111111111
180445,mscoco,0.047567144688218835,0.11510818104542568,0.043113057035952806,0.10936011885914453,0.2,1.0,0.2,1.0
284362,mscoco,0.09719190932810307,0.2160075353974033,0.1402589775621891,0.322191142522672,0.0,0.0384615384615384,0.1,1.0
466656,mscoco,0.11884301751852036,0.2845472124848769,0.11353102251887322,0.2882528077877031,0.5,1.0,0.5,1.0
271360,mscoco,0.0570787126198411,0.17188648079718463,0.07555053569376469,0.2385213256128504,0.1,1.0,0.0,0.0001578033769922
429290,mscoco,0.07510257996618748,0.20292161902384376,0.1499215018004179,0.3498690955334848,0.0,0.0238095238095238,0.0,0.0769230769230769
464649,mscoco,0.4869078204035759,0.7904201437104436,0.24978993982076644,0.48950147295410895,0.0,0.0666666666666666,0.0,0.02
118260,mscoco,0.08226350881159306,0.19266568926014155,0.08299975618720054,0.24406944998007213,0.0,0.0263157894736842,0.0,0.0120481927710843
337062,mscoco,0.06536987200379371,0.17417668103639322,0.09809707179665565,0.2072250563754792,0.0,0.0625,0.4,0.5
249049,mscoco,0.1251772850751877,0.25443997839441823,0.11566188782453538,0.3193498937028394,0.2,0.3333333333333333,0.1,1.0
497542,mscoco,0.061081741377711295,0.18839979502231755,0.07773978933691979,0.24296310921542463,0.0,0.0123456790123456,0.1,0.5
400940,mscoco,0.15241751149296762,0.3413635854449064,0.17645810842514037,0.36933598379062427,0.1,0.3333333333333333,0.1,0.5
254753,mscoco,0.15451375395059586,0.27510515944461134,0.15749903097748758,0.3766095588251446,0.1,0.2,0.1,1.0
550157,mscoco,0.23798345178365707,0.4364285918431495,0.22189142554998398,0.44260262478024004,0.4,1.0,0.5,1.0
113905,mscoco,0.055441242456436154,0.17536139709001186,0.05416250415146351,0.16099245284037075,0.1,0.2,0.3,1.0
471881,mscoco,0.07450507897883654,0.23706869728281266,0.08553161472082138,0.2665931550461136,0.1,1.0,0.1,1.0
524187,mscoco,0.19072233960032464,0.40145969579602186,0.25542039088904855,0.5354187626809868,0.1,0.1111111111111111,0.4,1.0
354409,mscoco,0.04281935850158334,0.12868380171273774,0.0332573457621038,0.10997956687082769,0.1,1.0,0.1,1.0
36713,mscoco,0.06625528670847416,0.20944678159026306,0.0746251478791237,0.18657092974493147,0.1,1.0,0.1,0.5
421005,mscoco,0.1303580477833748,0.26239040982893375,0.10282961875200272,0.27274633242068036,0.2,0.25,0.2,1.0
504639,mscoco,0.11247387006878853,0.2930977607121014,0.1063461560755968,0.2981478359943692,0.7,1.0,0.8,1.0
356660,mscoco,0.19218219369649886,0.3613722215026322,0.23870706781744958,0.5144904631048243,0.1,0.1111111111111111,0.2,0.2
1792,mscoco,0.35117566511034964,0.5724580133247752,0.41922602653503416,0.5976196928834521,0.7,1.0,1.0,1.0
30409,mscoco,0.09155795760452748,0.21536332073627998,0.1899488650262356,0.39155813872129236,0.0,0.0142857142857142,0.1,1.0
254060,mscoco,0.1520926643162966,0.39661955966126916,0.2805597119033337,0.5779025053685873,0.1,0.1111111111111111,0.3,1.0
169340,mscoco,0.05267747035250068,0.15895380977662113,0.06612465679645538,0.16049271032576812,0.1,0.3333333333333333,0.1,1.0
42513,mscoco,0.04562230911105871,0.16718104232467113,0.043029900174587965,0.1313633983149935,0.1,1.0,0.2,0.1428571428571428
402887,mscoco,0.1609474504366517,0.22759806176916614,0.09597535897046328,0.2932601518477525,0.1,0.3333333333333333,0.1,0.5
96435,mscoco,0.03452905360609293,0.10638471961425122,0.03194997580721974,0.10520332606652805,0.1,1.0,0.1,1.0
441541,mscoco,0.027512520924210547,0.10389053364016976,0.04467456452548504,0.14805674565272686,0.0,0.0833333333333333,0.0,0.0333333333333333
51663,mscoco,0.06760910507291555,0.2034526828861545,0.09697885662317277,0.20182340808763954,0.1,0.1111111111111111,0.1,0.2
474271,mscoco,0.06343837194144726,0.1648069520407507,0.08184501342475414,0.19112968883720008,0.1,1.0,0.1,1.0
72702,mscoco,0.18694492056965828,0.4234175858128426,0.2548128113150597,0.47716628910245384,0.1,1.0,0.1,1.0
182793,mscoco,0.3672207802534103,0.652727695384707,0.36771791279315946,0.5559398263314931,0.0,0.0113636363636363,0.0,0.0434782608695652
21795,mscoco,0.28261482492089274,0.3785037950619364,0.21132149919867516,0.38585837146868845,0.1,1.0,0.1,1.0
566672,mscoco,0.15255269557237625,0.3422510655362718,0.18775699734687806,0.47045938680641286,0.2,0.25,0.5,1.0
2664,mscoco,0.0714639250189066,0.22243134613283866,0.09983093328773976,0.2599362052794021,0.0,0.0625,0.0,0.0476190476190476
333241,mscoco,0.08356214612722397,0.21308597773034746,0.08499355595558881,0.2512584754506006,0.1,1.0,0.1,0.3333333333333333
353402,mscoco,0.07841296009719372,0.19881314664514343,0.09310042299330235,0.26314348326718767,0.0,0.0285714285714285,0.1,0.5
18252,mscoco,0.1298084996640682,0.3145315560152861,0.11866715997457504,0.27185973166782107,0.6,1.0,1.0,1.0
387352,mscoco,0.10628092437982559,0.22798248351802466,0.19182248190045356,0.38928124213607634,0.1,0.5,0.3,0.5
198085,mscoco,0.445988392829895,0.5742670260659865,0.28506221771240237,0.45612324845207164,0.1,0.1428571428571428,0.1,0.5
246625,mscoco,0.623446649312973,0.7263517269070242,0.6025936245918274,0.6900655484418479,0.5,0.3333333333333333,0.7,1.0
420045,mscoco,0.2172677546739578,0.44531006046116955,0.25116006657481194,0.48331711455220805,0.0,0.0303030303030303,0.0,0.0714285714285714
398225,mscoco,0.1698254443705082,0.31840522473068744,0.23653497397899628,0.409805262993737,0.1,0.3333333333333333,0.0,0.0909090909090909
132964,mscoco,0.200910747051239,0.431073175651036,0.27119606733322144,0.5481101867509398,0.6,1.0,0.9,1.0
344632,mscoco,0.011649425514042378,0.037141845905737964,0.014055349305272103,0.05056666875083599,0.0,0.0285714285714285,0.0,0.0434782608695652
508045,mscoco,0.11285752542316914,0.2938639829494111,0.12661602422595025,0.3226776528605355,0.3,1.0,0.2,1.0
236936,mscoco,0.021043395902961493,0.06725977766190355,0.023928274773061274,0.07298584985868495,0.0,0.0526315789473684,0.1,1.0
110330,mscoco,0.05908652525395155,0.14467613091537818,0.04933532606810331,0.14140403167024146,0.1,0.5,0.1,0.2
19292,mscoco,0.26321113780140876,0.2953922916547846,0.34066027253866193,0.4954487316079648,0.4,0.2,0.4,1.0
19,drawbench,0.05572982430458069,0.13288960353382362,0.028916564770042896,0.07877866345170538,0.0,0.0,0.0,0.0
345294,mscoco,0.14234570041298866,0.3611359434285349,0.1899992197751999,0.3570208260469484,0.1,0.125,0.2,1.0
250424,mscoco,0.08037737980484963,0.2318464098520215,0.0872672401368618,0.2298541650854502,0.0,0.0136986301369863,0.1,1.0
50583,mscoco,0.04782474897801876,0.15755843098922698,0.044924046099185946,0.13283456867147506,0.2,0.5,0.2,0.5
230879,mscoco,0.15774951837956905,0.28503592331759414,0.1753521293401718,0.3609453804383003,0.0,0.04,0.0,0.0833333333333333
168609,mscoco,0.06340045165270566,0.17998714212471326,0.09869458861649036,0.24802893416341348,0.0,0.0121951219512195,0.1,1.0
175923,mscoco,0.06116636227816343,0.16204248837639026,0.07354438379406929,0.16068493123281677,0.3,0.3333333333333333,0.3,0.2
530248,mscoco,0.05283006839454174,0.21484742258191805,0.0524197693914175,0.15547722365180985,0.2,1.0,0.0,0.0294117647058823
421009,mscoco,0.1001168068498373,0.23253947589627277,0.19005490615963935,0.3847713864164505,0.0,0.0666666666666666,0.1,0.5
450974,mscoco,0.18377300649881362,0.42105605559250747,0.15138531811535358,0.32967174289435786,0.1,0.125,0.2,1.0
34922,mscoco,0.16301586329936982,0.3624663629542869,0.15112254917621612,0.2632759979694672,0.0,0.0625,0.2,0.5
134454,mscoco,0.1696518510580063,0.4482386272641811,0.23908300697803497,0.39105453637609555,0.3,1.0,0.3,0.5
91960,mscoco,0.07320850696414709,0.20704403957474599,0.06730135306715965,0.25037993166871214,0.0,0.03125,0.0,0.0238095238095238
570203,mscoco,0.24476466570049524,0.30164356288935834,0.19027989134192466,0.4511187259625392,0.1,0.125,0.5,1.0
46506,mscoco,0.01823154017329216,0.06425923343826617,0.023179050907492636,0.06739134654362959,0.0,0.0285714285714285,0.1,0.1428571428571428
460202,mscoco,0.0659397978335619,0.20230759569807297,0.06295800730586051,0.1853891474768483,0.3,1.0,0.3,0.5
358566,mscoco,0.11708093211054801,0.23029762853849417,0.1419561304152012,0.2945375742755483,0.2,0.5,0.6,0.3333333333333333
205206,mscoco,0.1101279454305768,0.3050742201968591,0.1354799084365368,0.3364281005353615,0.1,0.5,0.0,0.01
342273,mscoco,0.10079768560826778,0.26864579472387917,0.10201755613088608,0.26312013268421336,0.1,0.3333333333333333,0.1,0.1428571428571428
550466,mscoco,0.11082648560404777,0.3089866738085518,0.22030932903289796,0.3788004609219071,0.3,1.0,0.5,1.0
303281,mscoco,0.6687798172235488,0.7784488067175321,0.6935225248336792,0.7677042323884538,0.8,1.0,0.9,1.0
464787,mscoco,0.029593394976109265,0.09727091842994831,0.031253697164356706,0.1201912420379183,0.0,0.0625,0.1,0.5
382210,mscoco,0.12042221389710903,0.3026233547562996,0.25343961715698243,0.4880739688501814,0.0,0.0078740157480314,0.0,0.0217391304347826
78413,mscoco,0.13746509104967117,0.2934464597962222,0.06432393714785575,0.17360098376764424,0.1,1.0,0.1,0.5
241530,mscoco,0.036355188488960265,0.09660609421045403,0.05761938393115997,0.148156896597713,0.0,0.0185185185185185,0.0,0.0666666666666666
165419,mscoco,0.2978394486010075,0.5853205123941959,0.34620712101459505,0.6412791918231914,0.4,1.0,0.8,1.0
152776,mscoco,0.04123562723398209,0.12484391218037287,0.048254101909697054,0.12762164810813492,0.1,1.0,0.1,1.0
103320,mscoco,0.17673397660255433,0.3386424996378279,0.23042366802692413,0.46458211739910393,0.1,0.25,0.0,0.0714285714285714
391011,mscoco,0.3696939781308174,0.5459468712443478,0.4588965833187103,0.7604554402616441,0.6,1.0,1.0,1.0
36281,mscoco,0.031807830277830365,0.09790909465801302,0.04668992636725307,0.12133392012070018,0.1,1.0,0.1,1.0
485016,mscoco,0.055881668254733084,0.14276690839544648,0.15313418433070183,0.4225385840545301,0.0,0.0112359550561797,0.0,0.0833333333333333
524392,mscoco,0.4950738072395325,0.6672151243522026,0.5191362470388412,0.7601572307687723,1.0,1.0,0.9,1.0
299123,mscoco,0.17152884751558303,0.3837158852901595,0.2082184724509716,0.3761767282148894,0.4,1.0,0.6,0.5
211905,mscoco,0.023076682165265084,0.07596084712737657,0.020417537773028016,0.06241971542432331,0.1,1.0,0.1,1.0
231381,mscoco,0.24290908724069596,0.45108402986235585,0.26234632879495623,0.5000673554957209,0.3,0.5,0.5,1.0
433896,mscoco,0.03941115904599428,0.13140249721713304,0.04031296335160732,0.11955337337711243,0.1,1.0,0.1,1.0
284259,mscoco,0.06150920577347278,0.19110675128907204,0.07723458800464869,0.1906774849626026,0.2,1.0,0.1,1.0
540283,mscoco,0.22487870529294013,0.4371597859888777,0.27843557074666025,0.4955189883551285,0.2,1.0,0.0,0.0769230769230769
425010,mscoco,0.14052293747663497,0.2574497467903247,0.07403011620044708,0.20983506606127084,0.2,1.0,0.4,1.0
170525,mscoco,0.49905000180006026,0.5960457685931745,0.44939450472593306,0.6608484218978964,0.0,0.0434782608695652,0.2,0.125
432216,mscoco,0.11422685831785202,0.29469431863337664,0.14522086083889008,0.40931583645666203,0.1,0.2,0.1,0.3333333333333333
142402,mscoco,0.010661911731585861,0.03558287878669763,0.00959299406968057,0.0455682379496878,0.1,1.0,0.1,0.125
90820,mscoco,0.17429053075611592,0.32235051166392564,0.08995911125093699,0.2720881175026807,0.0,0.04,0.0,0.0833333333333333
208961,mscoco,0.06388722881674766,0.17717535976975024,0.07084398195147515,0.18878656193249005,0.1,1.0,0.1,1.0
140623,mscoco,0.1498228169977665,0.33010895846757876,0.17838845998048783,0.33024103866438775,0.3,1.0,0.3,0.3333333333333333
312015,mscoco,0.1708974778652191,0.3859534125603461,0.1756181947886944,0.3674851539970534,0.3,0.5,0.2,0.3333333333333333
388399,mscoco,0.3542440965771675,0.626927664166624,0.29372973889112475,0.5841070710917695,0.2,0.3333333333333333,0.1,0.25
126659,mscoco,0.07733755931258202,0.22901108686983968,0.10804294534027577,0.29089553944648355,0.2,0.2,0.4,0.25
234990,mscoco,0.13523160591721534,0.2978666764453712,0.16261912807822226,0.3151664101288345,0.0,0.04,0.2,0.1111111111111111
212445,mscoco,0.36149548143148424,0.6207258247154939,0.4437115520238876,0.7552957182315502,0.9,1.0,1.0,1.0
540885,mscoco,0.18476032987236976,0.42929104357811315,0.26763834804296494,0.4999163188058691,0.3,1.0,0.5,1.0
276417,mscoco,0.1710727408528328,0.37650519763717566,0.25509572476148606,0.4098613096295823,0.1,0.2,0.2,0.1111111111111111
46173,mscoco,0.14683319330215455,0.3477100353482244,0.2239897646009922,0.38840455814087704,0.1,0.3333333333333333,0.0,0.0188679245283018
53641,mscoco,0.08957836218178272,0.217304963489702,0.10578067563474178,0.2672381367659275,0.2,0.5,0.2,0.1666666666666666
367332,mscoco,0.2390370823442936,0.45999621139542596,0.2946018919348717,0.5893545559853336,0.3,1.0,0.6,1.0
527134,mscoco,0.11914816685020924,0.25309423791404934,0.181245606392622,0.38027002072011157,0.1,0.3333333333333333,0.1,0.1666666666666666
263970,mscoco,0.03071322347968817,0.1097684610564506,0.08136868290603161,0.19951590126433508,0.0,0.006060606060606,0.1,1.0
485696,mscoco,0.018283070949837565,0.0640741200084984,0.021211495157331228,0.07395984050858778,0.1,1.0,0.1,1.0
118870,mscoco,0.028180875908583404,0.10499238341046618,0.035562997590750454,0.12155544492540506,0.0,0.0909090909090909,0.1,0.5
11332,mscoco,0.2872329607605934,0.5498181647575396,0.312163507938385,0.6273092343238275,0.0,0.0625,0.5,1.0
365523,mscoco,0.05052266204729676,0.18465787343212134,0.061626711301505564,0.15566517714098643,0.1,0.3333333333333333,0.1,1.0
479035,mscoco,0.029718925710767508,0.0855561485699225,0.03244894267991185,0.10689995427142017,0.1,0.1428571428571428,0.0,0.0294117647058823
416098,mscoco,0.1030421245843172,0.3466823490688832,0.1491815771907568,0.3407744159640371,0.1,0.5,0.5,1.0
13284,mscoco,0.044666055403649804,0.10711775514160142,0.02705822130665183,0.09624412058322447,0.1,1.0,0.1,1.0
110435,mscoco,0.02973119942471385,0.09512124237217524,0.03179566469043493,0.10730650020036055,0.1,1.0,0.1,1.0
116694,mscoco,0.17821919843554496,0.3771048909893217,0.22009512186050414,0.43913380723354734,0.1,0.3333333333333333,0.0,0.037037037037037
244410,mscoco,0.1950390875339508,0.3951934651156353,0.2550783857703209,0.5207505519661635,0.3,1.0,1.0,1.0
428992,mscoco,0.018436748022213578,0.059166813843808924,0.015338711440563202,0.058749786961071616,0.2,1.0,0.6,1.0
337902,mscoco,0.10508442744612694,0.2594522528618267,0.11630063802003861,0.238262571317924,0.8,1.0,0.9,1.0
546074,mscoco,0.04432657258585095,0.1154429934733243,0.03789958711713552,0.10936582429614056,0.0,0.04,0.1,1.0
70033,mscoco,0.02546524479985237,0.076347993248263,0.019910964369773864,0.06073929589864285,0.6,1.0,0.6,1.0
149268,mscoco,0.08411632012575865,0.20814334846359603,0.09211408086121083,0.22492818264050352,0.0,0.0476190476190476,0.3,0.3333333333333333
431370,mscoco,0.1266292229294777,0.2652796186133693,0.25593163520097734,0.4132492765507531,0.1,0.125,0.2,0.3333333333333333
254387,mscoco,0.03585474342107773,0.10894717506599846,0.046853778138756755,0.17117276349580313,0.2,0.1428571428571428,0.5,0.3333333333333333
177349,mscoco,0.03784381709992886,0.10780671019317505,0.03195159304887056,0.0993987273048873,0.1,0.3333333333333333,0.1,0.1666666666666666
287186,mscoco,0.10109509006142617,0.2548767435862258,0.14184135496616362,0.2999423360009873,0.0,0.0769230769230769,0.1,0.125
328284,mscoco,0.2145556654781103,0.31459382609009257,0.2642892748117447,0.45533661284838667,0.1,0.25,0.1,1.0
50409,mscoco,0.03621693681925535,0.1373375153508214,0.07505876719951629,0.18772911849421717,0.0,0.032258064516129,0.1,0.1111111111111111
399183,mscoco,0.09571838155388832,0.2564936253007572,0.23637911006808282,0.3801165614246078,0.1,0.1111111111111111,0.6,0.5
76589,mscoco,0.06194273717701435,0.17340043173003214,0.07058124989271164,0.17684014958557906,0.2,1.0,0.3,1.0
534965,mscoco,0.053513493947684766,0.18002074729811218,0.04789767991751433,0.1490804683817151,0.1,0.25,0.0,0.0833333333333333
295759,mscoco,0.05036147274076939,0.16548801426692364,0.05553284101188183,0.1492090377791158,0.0,0.0037735849056603,0.0,0.0526315789473684
131725,mscoco,0.06544420290738344,0.16159919404818165,0.08134912494570017,0.19755288760999132,0.0,0.0588235294117647,0.1,1.0
214123,mscoco,0.08610570207238197,0.2171419150182127,0.10245343372225761,0.2934938214782617,0.1,1.0,0.0,0.0625
433075,mscoco,0.06846741512417794,0.19707020372023804,0.060177382081747055,0.18960450613482616,0.1,1.0,0.1,0.1666666666666666
21260,mscoco,0.04629719983786344,0.09836725448645989,0.04862878294661641,0.11402458918138686,0.0,0.0098039215686274,0.1,0.2
312870,mscoco,0.18977665454149245,0.48932839165095576,0.18115104138851165,0.428256809896217,0.0,0.0476190476190476,0.1,0.25
6824,mscoco,0.3651485800743103,0.575695015112477,0.4426914036273956,0.6495524012747546,0.7,0.25,0.8,1.0
368014,mscoco,0.18962524682283402,0.33532868594102505,0.2226061165332794,0.36169902703767504,0.3,0.3333333333333333,0.3,1.0
227772,mscoco,0.03666425663977861,0.1262374402970284,0.0521863367408514,0.14252690457179465,0.1,0.1666666666666666,0.3,0.25
276671,mscoco,0.17142066285014151,0.40700498363002285,0.22840283066034317,0.4858790223511446,0.2,0.3333333333333333,0.6,0.5
74894,mscoco,0.24739440456032752,0.501734129495461,0.2802974611520767,0.5301047733947538,0.3,1.0,0.5,1.0
395170,mscoco,0.11081837713718415,0.2476615330126133,0.11730219945311546,0.3269586571950729,0.4,0.5,0.6,1.0
362521,mscoco,0.0655469436198473,0.17240022622347975,0.09960940293967724,0.23681914442382926,0.0,0.02,0.1,0.2
543838,mscoco,0.011700564250349998,0.04451642456207767,0.01251770374365151,0.04852841224377566,0.1,1.0,0.1,0.3333333333333333
385580,mscoco,0.025355440005660056,0.0887349897758997,0.04082118887454271,0.11253554779886961,0.0,0.0153846153846153,0.0,0.0714285714285714
448131,mscoco,0.0901540532708168,0.2565845433992141,0.13737328127026557,0.3092680409822558,0.1,0.2,0.6,1.0
33702,mscoco,0.2863044746220112,0.5536026358921817,0.44483683109283445,0.6681832595652537,0.0,0.0555555555555555,0.0,0.0769230769230769
109522,mscoco,0.15610843896865845,0.29422629381194443,0.19229085966944695,0.34084004965878417,0.0,0.0416666666666666,0.0,0.0256410256410256
268444,mscoco,0.1439220868051052,0.380693096060553,0.2127789556980133,0.47133377310632374,0.2,0.5,0.3,1.0
526105,mscoco,0.08417890109121799,0.19781657357339097,0.07434388361871243,0.24068956601554795,0.0,0.0714285714285714,0.0,0.0833333333333333
538709,mscoco,0.06464512273669243,0.21845885145431626,0.07776902951300144,0.22065357467689795,0.1,0.1666666666666666,0.2,0.5
455856,mscoco,0.014123913319781422,0.06188692704367802,0.024217122700065374,0.06925279761722064,0.1,0.5,0.1,0.5
246878,mscoco,0.1172271765768528,0.2529288538200612,0.2162260189652443,0.5286763725038678,0.0,0.0142857142857142,0.4,0.5
361472,mscoco,0.048921155370771886,0.1388556495598329,0.04979744199663401,0.18205751074120355,0.0,0.0384615384615384,0.1,1.0
422240,mscoco,0.07312899194657803,0.19805013845050934,0.06458725370466709,0.19739058930321537,0.1,1.0,0.1,1.0
233073,mscoco,0.11193291693925858,0.28332167121080143,0.09689015001058579,0.21776571994271796,0.1,0.3333333333333333,0.1,1.0
340621,mscoco,0.22238843888044357,0.443938099725542,0.25902454778552053,0.4817201027544247,0.4,1.0,0.6,1.0
422804,mscoco,0.013036843854933977,0.038315438382076634,0.015916477190330625,0.060579585068668736,0.1,0.1666666666666666,0.1,1.0
440762,mscoco,0.19424569085240365,0.36012612790788606,0.31109634116292,0.5220490627500946,0.1,0.125,0.1,0.1
165907,mscoco,0.1936273194849491,0.3971584262615929,0.21110794693231583,0.4343184053060668,0.4,0.5,0.6,1.0
540006,mscoco,0.009258092800155281,0.03880260099563785,0.00950057478621602,0.04570740343914601,0.1,0.1111111111111111,0.1,1.0
300267,mscoco,0.16283875256776809,0.3310715903497076,0.18168501183390617,0.3126799462960401,0.5,0.5,0.3,1.0
413852,mscoco,0.2397495485842228,0.34526260248939866,0.3503413736820221,0.6234346685041081,0.4,0.25,0.7,1.0
360975,mscoco,0.10598336681723594,0.20475361744290824,0.07340295463800431,0.21549525781169668,0.4,0.25,0.3,1.0
211909,mscoco,0.24792314246296882,0.4743742392738371,0.27214048951864245,0.483490326608408,0.6,1.0,0.8,1.0
66389,mscoco,0.07401176262646914,0.19698211207243904,0.1018527802079916,0.24455189233293903,0.0,0.0030395136778115,0.0,0.0025575447570332
13285,mscoco,0.03525945683941245,0.11384058538382769,0.04052356071770191,0.15409270111120107,0.0,0.009009009009009,0.0,0.0026178010471204
573922,mscoco,0.3051873415708542,0.43823599950020214,0.23168790265917777,0.43963085780253136,0.1,0.125,0.4,1.0
62619,mscoco,0.1483541540801525,0.40535145201398276,0.2546422928571701,0.3368087850258029,0.1,0.1,0.1,1.0
168563,mscoco,0.15199548564851284,0.3879733668004089,0.16156251206994057,0.384811062434336,0.2,0.25,0.2,0.5
178504,mscoco,0.04334256630390883,0.1252354604442636,0.13261298164725305,0.2003863020404961,0.0,0.0909090909090909,0.1,1.0
176174,mscoco,0.07334613502025604,0.21929271252556823,0.0867055993527174,0.21098839565354596,0.1,0.1666666666666666,0.1,0.5
60903,mscoco,0.06435082145035267,0.1792988398721578,0.09562958106398582,0.23951841231926138,0.1,0.1111111111111111,0.2,1.0
80554,mscoco,0.13397992849349977,0.3278557493332493,0.2512935437262058,0.4546798625321862,0.0,0.0714285714285714,0.2,0.3333333333333333
494852,mscoco,0.07108694184571504,0.19493577476507454,0.09061661008745432,0.2722484911237909,0.4,1.0,0.3,1.0
272832,mscoco,0.0641383370384574,0.17820629148543285,0.10198512338101864,0.2722568302598082,0.1,0.3333333333333333,0.1,1.0
497002,mscoco,0.03299439214169979,0.1441696808448056,0.0328430799767375,0.10910172719748344,0.1,0.5,0.0,0.0526315789473684
473918,mscoco,0.04211226366460323,0.14556485259092533,0.062156608514487746,0.17044635234435843,0.0,0.0454545454545454,0.1,0.5
78681,mscoco,0.15232146233320237,0.4380540438290992,0.14763418659567834,0.37864633609482945,0.5,1.0,0.5,1.0
261323,mscoco,0.09075764119625092,0.22423314081003085,0.09057682454586029,0.2840353590205274,0.0,0.0476190476190476,0.1,1.0
489482,mscoco,0.1451486974954605,0.29601075644530317,0.20559089332818986,0.4071740320854924,0.0,0.0909090909090909,0.1,0.5
513966,mscoco,0.06070070983842015,0.1527528810006731,0.1082109734416008,0.23363339733244273,0.1,0.2,0.0,0.04
326202,mscoco,0.12166481278836727,0.3645037598551308,0.1298077881336212,0.3184899001539798,0.3,1.0,0.3,1.0
394159,mscoco,0.29053120613098143,0.5646662162523788,0.33427231907844546,0.5782476551504404,0.1,0.3333333333333333,0.2,0.3333333333333333
392320,mscoco,0.14792006807401775,0.3274638965006198,0.1350226853042841,0.4964442751878275,0.7,1.0,0.6,1.0
428301,mscoco,0.19696911051869392,0.3502176335278019,0.20191191434860228,0.3503168271652338,0.3,1.0,0.3,1.0
304217,mscoco,0.07243433482944965,0.26195332260952847,0.07426565811038018,0.21076263629347236,0.0,0.0217391304347826,0.0,0.0133333333333333
332131,mscoco,0.24259836077690125,0.40100389713496937,0.36128770411014555,0.5101380336851118,0.6,1.0,0.7,1.0
316336,mscoco,0.11597843244671821,0.26969987152744807,0.14880639389157296,0.28787602283397185,0.1,0.3333333333333333,0.1,1.0
575331,mscoco,0.03464622050523758,0.0948232545768136,0.03929340336471796,0.1173754054210028,0.0,0.0476190476190476,0.1,1.0
357578,mscoco,0.2809597373008728,0.5159309331914009,0.40606473982334135,0.7640147555491033,0.0,0.0625,0.2,0.25
201714,mscoco,0.27123655676841735,0.4348737920664224,0.16706738844513894,0.38719233981307033,0.5,1.0,0.3,1.0
76899,mscoco,0.2417001597583294,0.3476518788805563,0.26081994324922564,0.35310542768062436,0.1,0.1666666666666666,0.0,0.0175438596491228
461445,mscoco,0.20749105513095856,0.34840834916358104,0.2526669666171074,0.44290379958518145,0.2,0.3333333333333333,0.1,1.0
317431,mscoco,0.3714252099394798,0.7897710910823552,0.4783650666475296,0.6616118671604143,0.9,1.0,0.9,1.0
74,drawbench,0.09825437180697918,0.25993909435891493,0.09914967454969884,0.2295235510329025,0.0,0.0128205128205128,0.0,0.0181818181818181
413172,mscoco,0.09567029774188995,0.25102231499816224,0.15766601786017417,0.4441700611183191,0.1,0.1428571428571428,0.4,0.3333333333333333
346754,mscoco,0.03571602329611778,0.11870783134429555,0.04367048144340515,0.17252077897645063,0.0,0.0038167938931297,0.0,0.0014245014245014
142349,mscoco,0.22519537322223188,0.4708171418711449,0.1805971659719944,0.42335850856769913,0.1,0.1666666666666666,0.3,0.25
495947,mscoco,0.11603290773928165,0.32852980946169397,0.19106395542621613,0.335224344292542,0.0,0.0454545454545454,0.0,0.0416666666666666
105344,mscoco,0.24287039786577225,0.3882116090431958,0.2153703510761261,0.456419741133474,0.2,0.25,0.5,1.0
466024,mscoco,0.29129747301340103,0.4950344237094928,0.37335183620452883,0.5754707543940052,0.7,1.0,1.0,1.0
579165,mscoco,0.04609832167625427,0.14343519033430016,0.11927326284348964,0.23710057699336065,0.1,0.2,0.0,0.0256410256410256
323868,mscoco,0.13255726955831051,0.2752260244787165,0.2657694578170776,0.4314455923393504,0.1,0.1666666666666666,0.7,1.0
119947,mscoco,0.11621160656213761,0.281408128826515,0.15311386734247207,0.3240070716641122,0.1,1.0,0.1,0.5
536201,mscoco,0.01226769802160561,0.03885757042939159,0.012292829295620322,0.03795245673201656,0.1,1.0,0.1,1.0
151432,mscoco,0.3383658826351166,0.5531017378610981,0.3192598819732666,0.5039418539702752,0.5,1.0,0.3,0.3333333333333333
50972,mscoco,0.11594573333859444,0.31173440665088886,0.12807877808809282,0.26966467022603463,0.2,1.0,0.2,0.3333333333333333
222361,mscoco,0.15324443429708481,0.26414809513310356,0.14588139504194259,0.2964601606987723,0.4,0.25,0.7,1.0
183,drawbench,0.10002203956246376,0.2882356521923956,0.06288319416344165,0.1785548793982249,0.0,0.0,0.0,0.0
356654,mscoco,0.06187320873141289,0.14221726184502334,0.07568470221012831,0.20673576280773434,0.1,1.0,0.0,0.0526315789473684
12377,mscoco,0.015739086829125882,0.06196741977725616,0.01656517218798399,0.0624094899702916,0.1,0.25,0.1,1.0
62589,mscoco,0.225459261238575,0.53386496379128,0.2646913856267929,0.5426133143338688,0.4,1.0,0.5,1.0
175,drawbench,0.06538754869252443,0.17290228472945798,0.07474442720413207,0.17597513527075093,0.0,0.0,0.0,0.0
97569,mscoco,0.02134907729923725,0.07872519044190955,0.022519384697079658,0.07004322797948895,0.1,0.1111111111111111,0.2,0.3333333333333333
118342,mscoco,0.28096993714571,0.5190644853121786,0.2949132025241852,0.4364604769840314,0.5,1.0,0.7,0.5
226348,mscoco,0.05922244098037481,0.17822529295124606,0.066827735863626,0.19172401164034963,0.1,0.5,0.1,1.0
507833,mscoco,0.01314001614227891,0.03846434306190007,0.006511768558993936,0.03039264910484782,0.1,1.0,0.1,1.0
509503,mscoco,0.07415234167128801,0.16353086160877048,0.0977631576359272,0.29401214452125474,0.4,1.0,0.3,0.5
265447,mscoco,0.12329534739255905,0.30904889912130595,0.1126464657485485,0.2572834859012431,0.6,1.0,0.6,1.0
39398,mscoco,0.3693889245390892,0.5701648292143369,0.586300379037857,0.7562497605800884,0.1,0.5,0.2,1.0
475667,mscoco,0.2457194522023201,0.40105251889783705,0.2331195056438446,0.43797139736738383,0.3,0.3333333333333333,0.3,0.5
110829,mscoco,0.04183164658024907,0.1427524437333486,0.045188081078231336,0.14797594004959025,0.0,0.0434782608695652,0.2,1.0
423830,mscoco,0.2964633986353874,0.6448779201916897,0.2479924663901329,0.56776342615069,0.1,0.125,0.2,1.0
159567,mscoco,0.22412964180111886,0.3382916191608599,0.22514330521225928,0.42206748923256715,0.1,1.0,0.0,0.003012048192771
67422,mscoco,0.3452011436223984,0.5288067133676189,0.3969876438379288,0.6688836187731405,0.3,0.5,0.3,0.5
449210,mscoco,0.32061214596033094,0.6168232820017125,0.5044109702110291,0.6881149102853199,0.1,0.2,0.4,1.0
561386,mscoco,0.08165444396436214,0.2275046853027274,0.23583770617842675,0.45887005464006136,0.2,0.2,0.2,0.25
136267,mscoco,0.24292005896568297,0.39324398664967664,0.2810246154665947,0.5013843649830109,0.8,1.0,0.6,0.5
147294,mscoco,0.20233410000801086,0.38992657206620157,0.3026360757648945,0.4438932949802465,0.1,0.2,0.2,0.5
127074,mscoco,0.1662503346800804,0.38867329185987715,0.1567067265510559,0.3221472012250139,0.3,1.0,0.6,1.0
355593,mscoco,0.04590202774852514,0.16613411166513753,0.0792839378118515,0.24980732094239488,0.0,0.0005411255411255,0.0,0.0078740157480314
82,drawbench,0.2295331597328186,0.43132698627058025,0.2842524155974388,0.4621413346566361,0.1,0.1666666666666666,0.0,0.032258064516129
97614,mscoco,0.10834095701575279,0.3441835765184847,0.17195003852248192,0.3395027189667984,0.0,0.0196078431372549,0.0,0.0555555555555555
548219,mscoco,0.15291035920381546,0.4088203930616585,0.1616469107568264,0.39493023124772897,0.4,0.5,0.4,1.0
232031,mscoco,0.05133325196802616,0.1512780532310002,0.04476773552596569,0.14224811097071158,0.1,0.5,0.0,0.0526315789473684
212047,mscoco,0.03691665828227997,0.11944155820955724,0.040985905937850474,0.1246305606538599,0.1,1.0,0.1,1.0
532520,mscoco,0.02564130648970604,0.07720253867282079,0.025798305682837964,0.0840048304463182,0.2,0.3333333333333333,0.1,0.25
202923,mscoco,0.21208577901124953,0.34434666076023107,0.28320535123348234,0.6041534848540832,0.4,0.25,0.3,0.1666666666666666
32675,mscoco,0.28305361717939376,0.5983565186653832,0.35942152291536333,0.6027248607400569,0.1,1.0,0.1,1.0
280112,mscoco,0.20826115757226943,0.4595883432869344,0.18854086175560952,0.385602459030999,0.3,0.3333333333333333,0.2,1.0
230982,mscoco,0.07270351368933917,0.17447422764706985,0.0757999025285244,0.20029887508054744,0.1,0.5,0.0,0.0714285714285714
104340,mscoco,0.029896322544664143,0.07604594278693491,0.0411797322332859,0.15168807031071774,0.0,0.0256410256410256,0.1,1.0
444912,mscoco,0.03306163446977735,0.10842240996563564,0.05656714215874672,0.187907134878066,0.0,0.0833333333333333,0.1,0.1666666666666666
210071,mscoco,0.06591310240328312,0.1829087133666719,0.056427352502942084,0.1397647155925483,0.9,1.0,1.0,1.0
541203,mscoco,0.08502692133188247,0.2017727111903409,0.10890774261206389,0.19435688792468422,0.1,0.1,0.2,1.0
64626,mscoco,0.15210101678967475,0.3198892656866659,0.19677905291318892,0.43910563489694104,0.1,0.1111111111111111,0.0,0.0555555555555555
224060,mscoco,0.19814628474414347,0.39656392129637963,0.16110216379165648,0.37240819559171545,0.1,1.0,0.1,1.0
411028,mscoco,0.11897941157221795,0.22553878615375086,0.2122321054339409,0.45426077331732806,0.4,1.0,0.5,1.0
228712,mscoco,0.05887891501188278,0.16832220296730127,0.04873123280704021,0.1661174829613814,0.1,0.125,0.0,0.0256410256410256
170365,mscoco,0.2160358875989914,0.5031970916107699,0.17894320115447043,0.39608022558184164,0.0,0.0769230769230769,0.1,0.125
346403,mscoco,0.13799263387918473,0.3301717712319851,0.17831967920064926,0.2893479383291682,0.0,0.0163934426229508,0.2,1.0
265597,mscoco,0.2611230298876762,0.44163204198947453,0.2544003024697304,0.38075002203648695,1.0,1.0,0.9,0.5
11504,mscoco,0.09185348860919476,0.2118308566669972,0.12345760054886341,0.26787998987842176,0.1,0.125,0.2,0.3333333333333333
546010,mscoco,0.05748170521110296,0.17359260125709797,0.04286427050828934,0.1457914008415767,0.1,1.0,0.1,0.5
287003,mscoco,0.28521194159984586,0.6238005546998696,0.3222849488258362,0.5728134294726734,0.1,1.0,0.3,0.5
485406,mscoco,0.06979921143501996,0.2408431992640212,0.10207869745790958,0.22635994925256225,0.0,0.0416666666666666,0.1,1.0
299051,mscoco,0.12237317338585854,0.2561621538966366,0.15336306169629096,0.39992241723462574,0.3,1.0,0.5,1.0
67,drawbench,0.013481025816872716,0.0370199783831987,0.013829349493607878,0.08328388048073139,0.0,0.0,0.0,0.0
107481,mscoco,0.2861490696668625,0.5138704583867875,0.3437157213687897,0.5929983949230574,0.4,0.3333333333333333,0.5,1.0
160968,mscoco,0.3032600447535515,0.5136286370345965,0.23429079055786134,0.48354001697003146,0.1,0.1428571428571428,0.1,0.3333333333333333
447983,mscoco,0.05949352513998747,0.13966810152414744,0.06898537930101156,0.17607375791469135,0.1,1.0,0.1,1.0
192651,mscoco,0.17317918613553046,0.369238731770969,0.25214839428663255,0.49996165235243356,0.3,0.5,0.5,1.0
341856,mscoco,0.0810485102236271,0.2181266297136814,0.10179632343351841,0.2723866754850041,0.3,0.5,0.2,1.0
45809,mscoco,0.08175258040428161,0.21374010241623945,0.11286580562591553,0.26131452477066974,0.6,1.0,0.6,1.0
552089,mscoco,0.06315142009407282,0.18233067168153863,0.05290891407057643,0.1515878686379563,0.1,0.1111111111111111,0.1,0.1
24097,mscoco,0.08264373783022165,0.22893725643125948,0.06906863078474998,0.21835512552292918,0.1,1.0,0.1,1.0
433451,mscoco,0.13260876554995776,0.24867935979870207,0.13227161541581153,0.30958838871240785,0.0,0.0909090909090909,0.1,0.1666666666666666
547100,mscoco,0.07666930248960853,0.1760821384309098,0.039151386078447106,0.14113040901049112,0.1,1.0,0.1,1.0
485595,mscoco,0.0446245115250349,0.1295487681410046,0.07032698690891266,0.18281878335403515,0.1,0.5,0.1,1.0
266209,mscoco,0.07924921587109565,0.21766669489639046,0.10800528675317764,0.27548255361873664,0.2,0.3333333333333333,0.8,1.0
559754,mscoco,0.24256696105003356,0.5292200000449703,0.18208687081933023,0.2630076815532215,0.3,0.25,0.5,1.0
253848,mscoco,0.19800143018364907,0.38622678482864387,0.16260700821876525,0.34160946338997034,0.0,0.0434782608695652,0.1,0.1666666666666666
51487,mscoco,0.027865793742239475,0.1005437377475427,0.04180678240954876,0.10963923435580032,0.1,1.0,0.1,1.0
8725,mscoco,0.24356503412127495,0.4413860244250314,0.2328673079609871,0.4375432765697091,0.0,0.003690036900369,0.0,0.0909090909090909
115,drawbench,0.1110648661851883,0.2634788962435328,0.09307828396558762,0.2813158237399845,0.0,0.0,0.0,0.0
168833,mscoco,0.19123241752386094,0.4079193835026299,0.2563380479812622,0.46277533440814,0.0,0.02,0.0,0.0357142857142857
248682,mscoco,0.20539847761392593,0.41712720295121314,0.27598495930433276,0.4887544214812099,0.6,0.5,0.8,1.0
488032,mscoco,0.302901329100132,0.6115992142049765,0.4799147814512253,0.7704691312945252,0.3,1.0,0.6,1.0
24242,mscoco,0.06611306872218847,0.16369258904687028,0.14770705848932267,0.2961140910821554,0.0,0.05,0.5,1.0
150546,mscoco,0.11983849219977856,0.3301661584044379,0.13540450371801854,0.31409133303588127,0.1,0.5,0.1,1.0
67563,mscoco,0.41711070090532304,0.4618596735090101,0.4086881041526794,0.5150228728831557,0.2,1.0,0.0,0.0833333333333333
36783,mscoco,0.2091519959270954,0.5971225430219166,0.20337112471461297,0.3605721784541067,0.0,0.0040485829959514,0.1,0.1428571428571428
216015,mscoco,0.1390798907727003,0.39235403060807955,0.18162351995706558,0.41067685656061265,0.2,1.0,0.1,1.0
530904,mscoco,0.0546370817348361,0.19230808148326894,0.09169287718832493,0.20553540222450012,0.3,0.3333333333333333,0.3,1.0
15356,mscoco,0.17613373920321465,0.3679433233182616,0.20774803310632706,0.3815153013743906,0.4,0.3333333333333333,0.4,1.0
213809,mscoco,0.023914796113967896,0.09080198522463938,0.018561208620667458,0.08163587220333098,0.1,1.0,0.1,1.0
407057,mscoco,0.06530795060098171,0.15805216259104912,0.06363477185368538,0.19119959364391473,0.4,1.0,0.3,1.0
229142,mscoco,0.10643430352210999,0.3074155629493359,0.10292604081332683,0.26139787787384455,0.1,0.3333333333333333,0.1,0.1428571428571428
307990,mscoco,0.18155754953622819,0.30097535131801606,0.3139563724398613,0.49962696880673907,0.3,0.25,0.2,0.5
185,drawbench,0.07021376136690378,0.19930111270713388,0.0391923604067415,0.14354908198081234,0.0,0.0,0.0,0.0
318820,mscoco,0.08069337792694568,0.2209440124656843,0.08944490142166614,0.23695641402062376,0.1,1.0,0.1,1.0
575303,mscoco,0.02601713137701154,0.08872221150096202,0.02799271559342742,0.09191709417562913,0.1,1.0,0.1,1.0
578094,mscoco,0.0581996850669384,0.17841357835426522,0.07947793565690517,0.2134690007672822,0.4,1.0,0.7,1.0
54611,mscoco,0.07452736683189869,0.15511482259404905,0.10498378612101078,0.3017669857366896,0.2,0.3333333333333333,0.7,1.0
5903,mscoco,0.08334429040551186,0.28995089355178927,0.08997073415666819,0.2854103900836211,0.2,1.0,0.1,1.0
238603,mscoco,0.2788745164871216,0.4269828914903455,0.42965349555015564,0.6373702665437082,0.3,0.1666666666666666,0.7,1.0
113089,mscoco,0.04814696181565523,0.12486859124360176,0.07327961940318346,0.15738603437092766,0.1,1.0,0.1,1.0
381759,mscoco,0.03577139861881733,0.10970960028934061,0.05784789379686117,0.1327142884768585,0.0,0.0104166666666666,0.1,0.5
486580,mscoco,0.16195423044264318,0.3773009827652055,0.23574834167957306,0.5100410003830024,0.0,0.0434782608695652,0.2,0.25
480720,mscoco,0.3516528308391571,0.5618910815779142,0.30649313479661944,0.5678281034932287,0.6,0.3333333333333333,0.5,1.0
289140,mscoco,0.013749433076009154,0.04896772178862033,0.013412584830075503,0.04477809943170648,0.1,0.2,0.1,0.3333333333333333
91719,mscoco,0.2445978432893753,0.40289134885926725,0.36520925760269163,0.5880944315430036,0.2,0.3333333333333333,0.8,1.0
8944,mscoco,0.10565851330757141,0.3229619434211418,0.10424967370927334,0.23433304873651192,0.1,0.3333333333333333,0.0,0.0833333333333333
468742,mscoco,0.09697741717100143,0.25366841689673936,0.08743781745433807,0.22232150098398654,0.3,1.0,0.3,1.0
512723,mscoco,0.24882116317749023,0.4882927476085068,0.28545959293842316,0.405311128218182,0.5,1.0,0.8,1.0
167962,mscoco,0.3177158921957016,0.5074867069866723,0.49121707379817964,0.7408166521560794,0.2,0.1666666666666666,0.4,0.3333333333333333
132161,mscoco,0.07292129416018725,0.22030577832316495,0.07128330580890178,0.15483677648052596,0.0,0.0416666666666666,0.1,1.0
260336,mscoco,0.11222349964082241,0.30136252592845464,0.12539684399962425,0.3294553779698519,0.6,1.0,0.8,1.0
320429,mscoco,0.1672388456761837,0.28695589317499987,0.20920061692595482,0.48623669551741083,0.1,0.1,0.2,1.0
465893,mscoco,0.11051779873669147,0.20537667753900793,0.14974773488938808,0.34279064351746075,0.2,0.1666666666666666,0.5,0.3333333333333333
34183,mscoco,0.10570108704268932,0.2488251775106339,0.07462935727089644,0.23789777129071468,0.2,1.0,0.2,1.0
531404,mscoco,0.009244898706674576,0.03927395323124037,0.01290094256401062,0.0568881566441457,0.0,0.015625,0.1,0.1666666666666666
551651,mscoco,0.11100709103047848,0.30090853032159537,0.10864194370806217,0.229267044161368,0.1,0.1428571428571428,0.2,0.5
140921,mscoco,0.23166955709457399,0.46827386342273414,0.32578680366277696,0.47420691884214,0.2,1.0,0.2,1.0
449780,mscoco,0.17941481061279774,0.3387984428599573,0.22799400389194488,0.4413778524885437,0.1,0.1666666666666666,0.0,0.0588235294117647
560326,mscoco,0.05721199885010719,0.15411565573985667,0.06495796106755733,0.16774623325051452,0.2,0.5,0.3,1.0
440813,mscoco,0.023905575135722758,0.06821587824827313,0.02536988677456975,0.09111221654185739,0.1,0.5,0.1,0.25
126,drawbench,0.2138347953557968,0.36298453617819654,0.25056283697485926,0.4167566204367288,0.0,1.321684883889983e-05,0.0,4.428305730227615e-05
44,drawbench,0.2266882985830307,0.34183838216902024,0.23605479449033737,0.47326131180913705,0.0,2.0200795911358907e-05,0.0,0.0002699784017278
174417,mscoco,0.020969160553067922,0.0707707700201519,0.025539762713015078,0.09326293662455111,0.1,1.0,0.1,0.5
423215,mscoco,0.08545955270528793,0.19969216781740992,0.16163303181529046,0.457333391602863,0.0,0.0017094017094017,0.0,0.0588235294117647
478090,mscoco,0.12051328122615815,0.265243471321814,0.1199718840420246,0.2632410367820809,0.0,0.0588235294117647,0.1,0.1666666666666666
83034,mscoco,0.036882528197020294,0.15236294795110933,0.0765659511089325,0.17457649654205984,0.1,1.0,0.0,0.0833333333333333
325568,mscoco,0.12150129228830338,0.2695833551828778,0.1640535093843937,0.36530987401443304,0.0,0.0010660980810234,0.0,0.0007107320540156
517603,mscoco,0.1355676218867302,0.2814699887286321,0.16907436437904835,0.5002076427253748,0.4,0.25,0.1,0.2
460287,mscoco,0.1099486418068409,0.29622322973195886,0.0914096936583519,0.29894947673648914,0.2,1.0,0.2,1.0
337546,mscoco,0.16050170212984086,0.3016993541265661,0.18876705020666124,0.43558503558831674,0.1,0.1111111111111111,0.3,1.0
389491,mscoco,0.23130347803235055,0.5101941968439802,0.3183991402387619,0.6800846752361243,0.0,0.024390243902439,0.2,0.5
557451,mscoco,0.04105785079300404,0.14498381388524723,0.04470869163051248,0.12024446193273222,0.2,1.0,0.2,1.0
20414,mscoco,0.07450034702196717,0.22213012142005573,0.0978620819747448,0.24142535590634606,0.4,1.0,0.7,1.0
402603,mscoco,0.10936815366148948,0.27864521414484433,0.13723566234111786,0.28673599826734447,0.1,0.5,0.1,1.0
93116,mscoco,0.06751570105552673,0.18366366885877378,0.06859652139246464,0.2152832530681111,0.3,0.25,0.4,1.0
202143,mscoco,0.17705565989017485,0.43263805959196716,0.4166568547487259,0.5874523151878798,0.4,0.5,0.8,1.0
477526,mscoco,0.2311893455684185,0.5886877754056933,0.2427617572247982,0.6023298098474149,0.2,1.0,0.3,1.0
557388,mscoco,0.14767359420657158,0.33652795916106715,0.192202315479517,0.45710871245881435,0.5,1.0,0.2,1.0
120254,mscoco,0.13359139673411846,0.38066179814237017,0.19419578239321708,0.43183644818871925,0.1,0.1666666666666666,0.2,0.25
188606,mscoco,0.14875347800552846,0.2783158666884309,0.14884420894086361,0.37072723654953726,0.0,0.037037037037037,0.1,0.1
490336,mscoco,0.15275830402970314,0.28426886159167614,0.22132253795862197,0.4240210732610495,0.1,0.3333333333333333,0.4,0.5
82731,mscoco,0.04445149358361959,0.12491034761381266,0.06515982616692781,0.18386412710109387,0.1,0.1428571428571428,0.1,0.1
46674,mscoco,0.06359197404235602,0.1674726716479372,0.0690589340403676,0.16890504490556496,0.1,1.0,0.1,1.0
534366,mscoco,0.138807924836874,0.3815576903973923,0.2233516439795494,0.3867118067037953,0.2,1.0,0.3,1.0
493774,mscoco,0.048578922636806965,0.14071342974299875,0.0504625003784895,0.12434507374582636,0.0,0.0833333333333333,0.2,0.5
417547,mscoco,0.06773430295288563,0.22137147142381333,0.08273524595424533,0.20398157376427775,0.0,0.0344827586206896,0.0,0.0119047619047619
63556,mscoco,0.03618065370246768,0.10036691249421495,0.04431329034268856,0.1430470558626612,0.1,0.3333333333333333,0.1,1.0
479036,mscoco,0.06297704726457595,0.19342338685646882,0.07383990399539471,0.19681694911966865,0.4,1.0,0.4,1.0
515424,mscoco,0.2537789925932884,0.47852950954268275,0.41197247207164767,0.5917027011827007,0.2,0.5,0.1,0.25
320899,mscoco,0.05539532117545605,0.15764417334873188,0.09340785034000873,0.25664376208198586,0.1,0.125,0.1,0.125
353378,mscoco,0.16313613206148148,0.3689321457824623,0.1620953269302845,0.28764323905319167,0.1,1.0,0.1,1.0
26517,mscoco,0.23901339545845984,0.35118040916903154,0.2224924758076668,0.44541820129144466,0.1,0.2,0.2,1.0
559912,mscoco,0.24222296476364136,0.3975646576651901,0.2628662303090096,0.45110093884588587,0.4,0.2,0.5,1.0
5913,mscoco,0.1974923051893711,0.4157324378021442,0.18697176352143288,0.39877769154114306,0.0,0.0833333333333333,0.0,0.0625
390474,mscoco,0.18848125897347928,0.3608588789705433,0.18859836235642433,0.37154646947674297,0.5,0.5,0.6,1.0
235062,mscoco,0.12377388179302215,0.29681256091311703,0.09842883832752705,0.266380164326132,0.2,0.3333333333333333,0.2,1.0
313015,mscoco,0.019993866654112936,0.06224738194944078,0.013338510901667178,0.06063185397140259,0.1,0.2,0.1,1.0
397857,mscoco,0.027500019315630196,0.0886433191832572,0.029528227262198926,0.09147429889385472,0.1,1.0,0.1,1.0
550140,mscoco,0.1299226351082325,0.25632701915218975,0.13945009484887122,0.34169415492767025,0.7,0.25,0.5,0.5
461836,mscoco,0.18481588400900364,0.3061271498224738,0.19328558295965195,0.48125895436404886,0.0,0.0666666666666666,0.0,0.0714285714285714
106,drawbench,0.24481602683663367,0.42118236111468044,0.34678502231836317,0.5004269020156787,0.0,0.02,0.1,0.1666666666666666
81779,mscoco,0.10090495906770229,0.24047435875393747,0.14992700740695,0.31182683783177306,0.1,0.5,0.1,0.25
215134,mscoco,0.3744608610868454,0.49178348837668634,0.5087682485580445,0.7681032603658424,0.1,0.3333333333333333,0.1,0.25
523309,mscoco,0.033190058451145886,0.10165832255765953,0.03894951343536377,0.14512277641669777,0.0,0.0833333333333333,0.0,0.0833333333333333
171,drawbench,0.08700581602752208,0.22118700183941464,0.07606756016612053,0.19127586751965345,0.0,0.0,0.0,0.0
380500,mscoco,0.1962585985660553,0.37170216494357877,0.21229034662246704,0.4791479900461602,0.0,0.0192307692307692,0.2,1.0
156128,mscoco,0.39249216467142106,0.7919097634350081,0.4584300920367241,0.7704758119536232,0.2,1.0,0.4,1.0
125908,mscoco,0.12795435190200805,0.2757344260348246,0.1920548588037491,0.41486528489926966,0.4,0.5,0.4,0.5
488303,mscoco,0.08727127388119697,0.2248141821997718,0.09004514813423156,0.19666498685669279,0.1,0.3333333333333333,0.0,0.0476190476190476
49725,mscoco,0.09653565436601638,0.24033704664837388,0.09649917110800743,0.26853411101368174,0.1,0.5,0.1,0.5
556363,mscoco,0.04557595383375883,0.1408490089054377,0.052411500923335554,0.1538740655666072,0.1,1.0,0.1,0.1428571428571428
279947,mscoco,0.13691875226795674,0.30141898312820725,0.15074482411146164,0.3321949381296684,0.3,0.5,0.6,1.0
139083,mscoco,0.11769138127565384,0.259844964388174,0.25851439088582995,0.5988236537308737,0.2,0.3333333333333333,0.0,0.0666666666666666
325055,mscoco,0.12628744766116143,0.29422192741407105,0.12504466772079467,0.3160448011033352,0.3,0.25,0.3,0.3333333333333333
483311,mscoco,0.59600328207016,0.787789794126133,0.6417743325233459,0.861914512694926,0.8,1.0,0.8,0.5
206410,mscoco,0.08571390993893147,0.21469283379341014,0.1026764117181301,0.26721950956332435,0.2,1.0,0.0,0.0212765957446808
270290,mscoco,0.01757051208987832,0.0657894235890759,0.019439819315448404,0.07309160816335095,0.3,1.0,0.3,1.0
542937,mscoco,0.07469989657402039,0.22430534313636963,0.10529530942440032,0.25331152753138814,0.2,0.25,0.1,0.2
109178,mscoco,0.09086903966963292,0.2249592932774216,0.10081281848251819,0.22944438435203676,0.9,1.0,1.0,1.0
286116,mscoco,0.05305346101522446,0.13971165743615324,0.05753507539629936,0.1584476315855814,0.2,0.1428571428571428,0.3,1.0
369557,mscoco,0.08392885588109493,0.29740159149116896,0.11784187853336334,0.2887280871151799,0.2,0.5,0.5,1.0
195810,mscoco,0.1838318407535553,0.3797624145393982,0.17435533106327056,0.2921569212070881,0.1,1.0,0.1,0.5
561907,mscoco,0.028501883242279293,0.10619391088182152,0.021062487736344337,0.09844086815800696,0.0,0.03125,0.0,0.0010604453870625
100083,mscoco,0.07256618477404117,0.20876641153005057,0.08258936628699302,0.23565134846919925,0.9,1.0,0.5,1.0
427113,mscoco,0.11849859766662121,0.3307647884665342,0.1762150250375271,0.40490071949812495,0.3,1.0,0.5,1.0
504670,mscoco,0.06358695179224014,0.15360746909023276,0.057237351313233376,0.17712675898112895,0.0,0.0384615384615384,0.0,0.04
171656,mscoco,0.08407006673514843,0.20789115086931967,0.08831624276936054,0.22749607597510843,0.1,0.1428571428571428,0.1,1.0
337011,mscoco,0.05327045042067766,0.1628596110080668,0.05057553611695766,0.13381220933533067,0.0,0.0344827586206896,0.1,0.5
452031,mscoco,0.023549090884625912,0.06767816489121936,0.035389075987041,0.11793554807543113,0.1,1.0,0.0,0.0769230769230769
59593,mscoco,0.19523709192872046,0.41119022812298656,0.17805238738656043,0.45208006984297616,0.3,0.3333333333333333,0.2,1.0
469894,mscoco,0.10482697039842606,0.22261425199639212,0.2187742292881012,0.44297178427970485,0.1,0.25,0.6,0.5
427688,mscoco,0.26953808665275575,0.29532364031722946,0.2870668150484562,0.39880889954236387,0.5,0.2,0.9,1.0
247394,mscoco,0.16323261447250842,0.34315216815102334,0.14892141111195087,0.32940992741283626,0.2,1.0,0.2,0.5
189197,mscoco,0.1690773583948612,0.3079328297153777,0.16343339532613754,0.3363615160218373,0.0,0.024390243902439,0.0,0.0769230769230769
293218,mscoco,0.26551255136728286,0.5116324762620422,0.27508619874715806,0.5255850212613861,0.1,0.25,0.5,1.0
563257,mscoco,0.2211677387356758,0.43752654138484975,0.21604006960988045,0.5167729653434964,0.0,0.0285714285714285,0.1,0.1
188556,mscoco,0.1602464884519577,0.40967236981652255,0.2634604938328266,0.43586915735137877,0.4,1.0,0.6,0.5
544348,mscoco,0.06593944951891899,0.15748352509540528,0.08487042002379894,0.18792165952705223,0.1,1.0,0.1,1.0
492817,mscoco,0.121670813113451,0.26440943752683443,0.10541276559233666,0.2671053586664589,0.5,1.0,0.2,0.3333333333333333
5614,mscoco,0.03930850587785244,0.10152969461842802,0.0649640079587698,0.19257732852775172,0.1,0.1666666666666666,0.6,1.0
58250,mscoco,0.0663033289834857,0.16568812085953394,0.09462267719209194,0.2878904982853862,0.0,0.0212765957446808,0.1,1.0
110348,mscoco,0.13267111722379923,0.2803304733270302,0.17473049610853195,0.4658247579333596,0.8,1.0,0.9,1.0
502179,mscoco,0.1565263507887721,0.26525084422132156,0.1554908350110054,0.34756487308483625,0.0,0.0476190476190476,0.0,0.0833333333333333
357948,mscoco,0.02316441135481,0.0968008383348216,0.030304579716175794,0.10294355902362617,0.1,1.0,0.1,0.5
293081,mscoco,0.32090153992176057,0.44228058816715576,0.43055840879678725,0.6235457569178847,0.3,0.5,0.6,0.5
531883,mscoco,0.0897655576467514,0.21900317939154948,0.09047239422798156,0.2673361835504002,0.2,1.0,0.2,1.0
241911,mscoco,0.05284576714038849,0.14276016798182722,0.05117029901593924,0.17933300923635348,0.1,0.1428571428571428,0.1,0.125
253480,mscoco,0.1325832184404135,0.25837528821119077,0.17067312821745872,0.42181674407238007,0.0,0.0588235294117647,0.3,0.5
7,drawbench,0.32623039931058884,0.6766548571037068,0.1671952076256275,0.3016306798082968,0.0,5.006257822277847e-05,0.0,0.0001886080724254
418853,mscoco,0.07616800144314766,0.21066481960406575,0.07708352133631706,0.19491590191382158,0.1,0.3333333333333333,0.1,1.0
476341,mscoco,0.09085431154817343,0.19570817392678422,0.13795756921172142,0.30114615102378856,0.0,0.0181818181818181,0.0,0.0013351134846461
92554,mscoco,0.09896733500063419,0.17824547914395894,0.10107863955199718,0.35909455649781075,0.1,0.5,0.3,1.0
186145,mscoco,0.19040603414177895,0.46770096175739456,0.2198656216263771,0.42256064581989466,0.2,0.1666666666666666,0.5,0.3333333333333333
323424,mscoco,0.07858992256224155,0.2900448839458503,0.09024281054735184,0.2136811833896732,0.0,0.0357142857142857,0.2,0.1428571428571428
92670,mscoco,0.16216656863689421,0.30869665603688573,0.16524318605661392,0.3668352302074234,0.2,0.5,0.2,0.5
436333,mscoco,0.05585565883666277,0.1432308694426086,0.054236208088696,0.16339558371462248,0.0,0.0285714285714285,0.1,0.5
25748,mscoco,0.05412140600383282,0.14257008677321653,0.04913915526121855,0.1348039959142202,0.0,0.0666666666666666,0.1,1.0
437156,mscoco,0.17723255306482316,0.39131182115222046,0.24484457373619078,0.5066420019015406,0.5,1.0,1.0,1.0
40361,mscoco,0.17894608974456788,0.4106388941610762,0.29124370962381363,0.40895768891372486,0.1,0.125,0.4,0.3333333333333333
190,drawbench,0.10202413760125636,0.21790290727591355,0.09498095475137233,0.26954391413693074,0.0,0.0,0.0,0.0
477988,mscoco,0.0852934043854475,0.221961301138788,0.08427115492522716,0.2357886405848222,0.2,1.0,0.2,1.0
108238,mscoco,0.07645126003772021,0.2374486373071239,0.13188540898263454,0.39422020622621556,0.0,0.03125,0.1,1.0
397575,mscoco,0.08220342099666596,0.19676939064549112,0.06350933611392975,0.16710664816893725,0.0,0.0192307692307692,0.1,1.0
442667,mscoco,0.10813865661621094,0.2508060229160905,0.11760557275265456,0.2843111021558179,0.0,0.0212765957446808,0.4,0.5
362839,mscoco,0.03134428896009922,0.10626387740050776,0.03890846148133278,0.12318978340227509,0.1,1.0,0.1,1.0
375004,mscoco,0.08294826187193394,0.30131542131525507,0.10007400773465633,0.2869941526145807,0.1,0.5,0.1,1.0
409949,mscoco,0.405603951215744,0.6378479896450742,0.32984413057565687,0.5144034222445363,0.4,1.0,0.6,1.0
549532,mscoco,0.20505702905356885,0.3478991218361201,0.26152770072221754,0.44877115348507296,0.5,0.3333333333333333,0.2,0.1111111111111111
434511,mscoco,0.09199998285621405,0.29552206346344384,0.1399608761072159,0.338016426112226,0.1,1.0,0.1,1.0
33481,mscoco,0.08705422431230544,0.19564787153017316,0.08791015520691872,0.20027974601632964,0.3,1.0,0.2,1.0
306232,mscoco,0.14534024968743325,0.2950896820669282,0.16850947588682175,0.3546624503633697,0.0,0.0222222222222222,0.0,0.0769230769230769
154119,mscoco,0.14432816356420516,0.3002383606564144,0.17732297331094743,0.398823488888249,0.4,0.3333333333333333,0.6,1.0
525467,mscoco,0.14956845417618753,0.35223207632431064,0.26634009182453156,0.4106147322136807,0.3,1.0,0.3,1.0
494360,mscoco,0.23643902018666269,0.49293598843467634,0.23534405902028083,0.5203307695369351,0.1,0.5,0.1,0.125
223574,mscoco,0.05815224703401327,0.16904155786556865,0.047026855126023295,0.1453094298570114,0.1,0.5,0.1,1.0
347113,mscoco,0.08341830335557461,0.20595337008714656,0.07514286190271377,0.23797210322141168,0.0,0.0014903129657228,0.0,0.0833333333333333
25697,mscoco,0.40614712685346605,0.5183669389759378,0.3352708987891674,0.48824987248853924,0.8,1.0,0.7,1.0
198978,mscoco,0.08495912700891495,0.227649368548825,0.19758026525378228,0.48134540476242277,0.0,0.0666666666666666,0.3,0.25
172776,mscoco,0.18071792051196098,0.3436973639832785,0.34554636776447295,0.43473412451971516,0.2,0.25,0.7,0.25
59515,mscoco,0.01980241108685732,0.06884422608136394,0.03662390485405922,0.12970128469372044,0.0,0.0055555555555555,0.0,0.0017391304347826
35715,mscoco,0.07856047824025154,0.22374975935855893,0.0940980464220047,0.28095357923826364,0.0,0.05,0.1,1.0
386777,mscoco,0.10822413302958012,0.24672752627708255,0.08325356915593148,0.22744590653798324,0.2,1.0,0.1,0.1428571428571428
527342,mscoco,0.067496882006526,0.17488377299930086,0.0725223395973444,0.16683258893795655,0.1,0.3333333333333333,0.1,1.0
408838,mscoco,0.2608776830136776,0.5838398525875128,0.2958665110170841,0.513693074844207,0.1,0.1666666666666666,0.0,0.02
53744,mscoco,0.03630289104767144,0.10886264933155211,0.052507910691201684,0.1343213227633591,0.1,1.0,0.8,1.0
218960,mscoco,0.18104016035795212,0.4368518753036788,0.25256664007902146,0.49052664140389557,0.2,1.0,0.3,1.0
404367,mscoco,0.28793409615755083,0.4826981307805665,0.4312760293483734,0.625915624411291,0.4,0.3333333333333333,0.5,1.0
500071,mscoco,0.03516792170703411,0.15252060879253504,0.04213861133903265,0.13211635811052552,0.0,0.009090909090909,0.1,1.0
74331,mscoco,0.3569632850587368,0.617625714580605,0.35364085584878924,0.6417094291135456,0.2,1.0,0.1,1.0
47652,mscoco,0.12823315635323523,0.2829032133869411,0.1598801076412201,0.2927103552819194,0.0,0.0714285714285714,0.6,1.0
299154,mscoco,0.04603905640542507,0.12953148133002704,0.052663070149719715,0.12951539529437586,0.1,0.1666666666666666,0.2,0.5
499004,mscoco,0.1495753053575754,0.27004491211079795,0.10512789785861969,0.26992107473279475,0.1,0.2,0.3,0.25
13471,mscoco,0.1901927962899208,0.36420908252323764,0.18241101056337355,0.34410466863588324,0.3,1.0,0.6,1.0
280810,mscoco,0.052169902995228765,0.14301936410740512,0.1348596651107073,0.2979029063134823,0.2,0.5,0.1,0.3333333333333333
322008,mscoco,0.08849528655409813,0.226952480168206,0.17911839112639427,0.35692161807661954,0.1,0.1428571428571428,0.0,0.0909090909090909
108871,mscoco,0.05173405483365059,0.14736772312110977,0.06436932906508445,0.1759687379744205,0.1,0.5,0.1,1.0
509626,mscoco,0.05684318486601114,0.14107219541290222,0.06839409600943328,0.22231871564793973,0.1,0.2,0.0,0.0014492753623188
105853,mscoco,0.16485953330993652,0.37875941085607095,0.15362852551043032,0.32331986033666815,0.0,0.024390243902439,0.3,1.0
478320,mscoco,0.11164622828364372,0.29177805499851195,0.10961837433278561,0.2957337580522992,0.5,1.0,0.2,1.0
517632,mscoco,0.23305393606424332,0.40388156300225087,0.22481453642249108,0.37292432860193864,0.2,1.0,0.2,1.0
194105,mscoco,0.11913005262613297,0.31288036269418834,0.1310821119695902,0.3767348973132439,0.0,0.032258064516129,0.0,0.0227272727272727
323208,mscoco,0.11521360948681832,0.3005535908232353,0.12133150473237038,0.31365989884124157,0.1,0.25,0.1,0.3333333333333333
116,drawbench,0.17886668145656587,0.3553501959482121,0.17463810592889786,0.3717633089288073,0.0,0.0,0.0,0.0
246746,mscoco,0.1947933904826641,0.3076224043244169,0.38141829520463943,0.5507795722864788,0.0,0.0052356020942408,0.2,0.25
243292,mscoco,0.09821740090847016,0.2314931725260178,0.14675834029912949,0.3265001674969372,0.2,0.5,0.3,0.5
125,drawbench,0.2240516036748886,0.3892453938941154,0.25344517081975937,0.4343572656100249,0.0,0.0,0.0,0.0
392363,mscoco,0.2300810381770134,0.3377711070198464,0.2688573203980923,0.49746143699893575,0.0,0.0714285714285714,0.1,0.2
6107,mscoco,0.1373211123049259,0.28745052534561166,0.2263639137148857,0.51212718582916,0.1,0.1666666666666666,0.3,0.5
279605,mscoco,0.0593545550480485,0.16679426200961878,0.1503657765686512,0.3200937513949857,0.3,0.25,0.3,0.2
518199,mscoco,0.09334336034953594,0.23635522257528369,0.08225936219096183,0.21071312052868083,0.0,0.05,0.0,0.0909090909090909
516990,mscoco,0.3740828141570091,0.6192619758404873,0.4354598492383957,0.5360282556703376,0.7,1.0,0.8,1.0
474504,mscoco,0.1672821246087551,0.32844216071806254,0.3035180285573006,0.5082025809263604,0.0,0.0454545454545454,0.1,0.5
323788,mscoco,0.24086649045348169,0.4939143093830641,0.2603329934179783,0.4286714557499126,0.6,1.0,0.6,1.0
210136,mscoco,0.13412874191999435,0.2794780807245538,0.13760187476873398,0.2849850814228884,0.3,0.2,0.1,0.3333333333333333
450558,mscoco,0.09940963312983513,0.27639396568678826,0.12232586368918419,0.3415189438626437,0.0,0.0588235294117647,0.2,0.3333333333333333
542178,mscoco,0.07828146740794181,0.2001963825040222,0.06811281368136406,0.20166154003152403,0.0,0.0076923076923076,0.0,0.0909090909090909
59525,mscoco,0.16337284818291664,0.2980724660430206,0.16373490020632744,0.3589761908503392,0.0,0.0454545454545454,0.2,0.1666666666666666
50201,mscoco,0.13414634428918362,0.28774963675025306,0.1183612510561943,0.2862161808813891,0.1,1.0,0.1,1.0
311629,mscoco,0.08150630909949541,0.19324830786285604,0.09318070355802774,0.21345847904786316,0.2,1.0,0.2,1.0
151594,mscoco,0.08753217905759811,0.22411148427305122,0.09585530795156956,0.22453212318999144,0.4,0.5,0.6,1.0
305545,mscoco,0.03336904682219029,0.11118416215547618,0.04306785799562931,0.12487180042908402,0.1,1.0,0.1,1.0
162393,mscoco,0.15402621030807495,0.354652855157499,0.22639773786067963,0.4812145003118704,0.2,1.0,0.2,1.0
297967,mscoco,0.05605402253568172,0.1455198641063097,0.12469595782458782,0.271139848444825,0.1,0.1428571428571428,0.1,1.0
237833,mscoco,0.05213520880788565,0.17679849916393875,0.03710891157388687,0.12932169620612963,0.0,0.0181818181818181,0.0,0.0049504950495049
234274,mscoco,0.032590726763010024,0.1174432621137493,0.051135408133268355,0.14018555721116885,0.1,0.5,0.1,0.2
111742,mscoco,0.13414086103439332,0.2919960111953602,0.14088116437196732,0.29253611636467336,0.5,1.0,0.4,1.0
109061,mscoco,0.1426003620028496,0.32773649825126344,0.13704944178462028,0.33529990240344787,0.1,1.0,0.1,1.0
190035,mscoco,0.11116022542119026,0.30509841594152953,0.13382029272615908,0.3107021815087387,0.2,0.25,0.1,1.0
62995,mscoco,0.10834580063819885,0.27000884225747995,0.11990299969911575,0.3250790157690266,0.1,1.0,0.1,0.3333333333333333
285484,mscoco,0.05685455929487944,0.1493943398606513,0.03310712883248925,0.09754262585572758,0.0,0.0185185185185185,0.0,0.05
36850,mscoco,0.07980484031140804,0.23043305466992534,0.11448476314544678,0.27442911686910265,0.2,0.5,0.3,1.0
110324,mscoco,0.13979537822306157,0.26966388617341414,0.17213376089930535,0.29071294278939247,0.1,0.5,0.0,0.0909090909090909
388566,mscoco,0.47215667068958284,0.8704954498175453,0.4487318366765976,0.8680322003176806,0.7,1.0,1.0,1.0
74466,mscoco,0.1099119458347559,0.30768133105174167,0.11227396540343762,0.26473680881683515,0.1,0.1111111111111111,0.1,1.0
358438,mscoco,0.06048388946801424,0.19211765515128645,0.06712012737989426,0.18792883297405985,0.1,0.25,0.1,0.3333333333333333
302137,mscoco,0.13130467310547828,0.3498585903628588,0.20859475135803224,0.3963070396532606,0.2,0.3333333333333333,0.4,0.25
144,drawbench,0.08223494291305541,0.23448951426877637,0.07489273734390736,0.22096332799247762,0.0,0.0,0.0,0.0
404766,mscoco,0.2805924013257027,0.6001298347932391,0.4505129620432854,0.6006878967997777,0.3,0.5,0.3,0.3333333333333333
322937,mscoco,0.41971173584461213,0.569579156986418,0.508577898144722,0.6290593668203106,0.4,1.0,0.9,1.0
245902,mscoco,0.07319161742925644,0.1597482771478798,0.09305441118776799,0.206757494793343,0.0,0.0222222222222222,0.0,0.0833333333333333
27528,mscoco,0.08215372283011675,0.18316105242372283,0.08794796727597713,0.2137448228474867,0.6,1.0,0.8,1.0
254392,mscoco,0.08043089807033539,0.2461474549827676,0.09264660850167275,0.25166275204979777,0.2,1.0,0.2,1.0
34827,mscoco,0.36215550899505616,0.6705930378959218,0.3473052307963371,0.5246675361668626,0.9,1.0,1.0,1.0
291752,mscoco,0.49685102999210357,0.5947815112114138,0.5954033195972442,0.6644992835179402,0.9,1.0,1.0,1.0
126895,mscoco,0.07260019462555647,0.1763335621180834,0.11718773283064365,0.30588983864098473,0.0,0.0833333333333333,0.3,1.0
312316,mscoco,0.17812903746962547,0.3349255317318788,0.20865460783243178,0.40441424403718884,0.0,0.0769230769230769,0.4,1.0
439657,mscoco,0.060140717402100564,0.17994447561706622,0.08122050203382969,0.18937716498366383,0.2,1.0,0.2,1.0
438446,mscoco,0.20992908552289008,0.3806348326710489,0.22648115158081056,0.4568737067708788,0.5,0.5,0.7,1.0
470932,mscoco,0.0823577769100666,0.23500596244236852,0.10810321047902108,0.27120983448650654,0.2,0.1428571428571428,0.5,0.5
500829,mscoco,0.08961095809936523,0.24263982801743297,0.10705130621790886,0.2238594788856535,0.5,1.0,0.7,0.5
53550,mscoco,0.1332397572696209,0.3083700321429518,0.15832386836409568,0.33594051687107296,0.1,1.0,0.2,1.0
395340,mscoco,0.0717763651162386,0.17430360855991414,0.07276411764323712,0.18322652755135907,0.1,0.1666666666666666,0.1,0.5
257983,mscoco,0.32218424826860426,0.5291864502972914,0.3738384485244751,0.549543386316431,0.4,1.0,0.7,0.5
573052,mscoco,0.1858402319252491,0.421966559564091,0.19160247296094896,0.35749663626696404,0.1,0.5,0.2,0.1666666666666666
475457,mscoco,0.07014630474150181,0.17190936290759445,0.10270949825644493,0.27658697580589087,0.0,0.0588235294117647,0.2,0.1428571428571428
75,drawbench,0.21738487854599953,0.31969045373827754,0.14891007989645005,0.305466438709902,0.0,0.0833333333333333,0.1,1.0
11288,mscoco,0.15000722855329512,0.36441806621901207,0.23933882340788842,0.5479524906939841,0.0,0.0909090909090909,0.3,1.0
276852,mscoco,0.19388258904218675,0.3859222446764082,0.23453668504953384,0.4572530288994979,0.0,0.0303030303030303,0.1,1.0
557780,mscoco,0.17547402530908585,0.4113161086159375,0.16762296110391617,0.4366116008848426,0.2,1.0,0.2,1.0
363165,mscoco,0.3447789788246155,0.6319780020593041,0.37554689198732377,0.6200913480381776,0.1,0.2,0.4,1.0
541880,mscoco,0.2162662699818611,0.3917812593202562,0.24219824075698854,0.5102819019440565,0.7,0.5,0.7,1.0
313526,mscoco,0.0310915338806808,0.11531302121173957,0.03617900749668479,0.10514921265967192,0.1,0.5,0.2,1.0
214055,mscoco,0.20930393412709236,0.48128007640515885,0.310263991355896,0.49554992569683326,0.0,0.0625,0.1,0.125
458675,mscoco,0.07790789790451527,0.17007031383650387,0.12758044190704823,0.35718741911914526,0.0,0.0294117647058823,0.4,0.3333333333333333
175277,mscoco,0.11136876903474331,0.3324308529016616,0.09540403261780739,0.20796336810753513,0.2,0.3333333333333333,0.5,1.0
295076,mscoco,0.118335035815835,0.2751929651526615,0.11646466329693794,0.27403868301487394,0.4,1.0,0.5,1.0
63075,mscoco,0.3420058436691761,0.4733202240046394,0.4499012753367424,0.533099135689158,0.4,1.0,0.8,0.5
533159,mscoco,0.3819877341389656,0.45218379961069677,0.5280028462409974,0.676924561109143,0.6,0.25,0.8,0.5
292810,mscoco,0.05907774027436972,0.1587662640011043,0.057850288785994054,0.18117946608779198,0.1,0.2,0.1,1.0
333978,mscoco,0.35757024139165877,0.5599167251827807,0.41961233615875243,0.5464637562214794,0.6,1.0,0.8,0.5
487264,mscoco,0.13052233681082726,0.2844313900567956,0.14836644604802132,0.299315819941964,0.1,1.0,0.4,1.0
429074,mscoco,0.10639995262026787,0.20922020952530243,0.14455452412366868,0.2928704428775702,0.2,0.3333333333333333,0.1,0.1
39789,mscoco,0.016158595588058232,0.05802630445447523,0.02340136868879199,0.07481874028414381,0.1,0.5,0.0,0.05
429353,mscoco,0.077473621442914,0.17750098064528794,0.09076678529381751,0.21298369726844002,0.3,1.0,0.4,1.0
110683,mscoco,0.027947661466896534,0.10083141218549066,0.05893286745995283,0.1553029620151143,0.0,0.04,0.0,0.0175438596491228
4132,mscoco,0.08400127403438092,0.18076713841618788,0.09747092425823212,0.26202247985056887,0.2,0.1666666666666666,0.1,1.0
278134,mscoco,0.08586671482771635,0.21456048878868017,0.04921938925981521,0.18688542257082807,0.1,1.0,0.0,0.0034722222222222
238709,mscoco,0.05495079355314374,0.142195690849161,0.10250702500343323,0.24555694657271,0.1,0.1111111111111111,0.6,1.0
485300,mscoco,0.016403668792918324,0.05373769741592189,0.0233128912281245,0.06299271596564285,0.0,0.0769230769230769,0.1,0.25
296620,mscoco,0.04424872286617756,0.12934173247101388,0.05968050602823496,0.1593186950240879,0.0,0.0454545454545454,0.0,0.0142857142857142
193077,mscoco,0.06507427431643009,0.16972995144729638,0.08579979166388511,0.22924580670384456,0.0,0.05,0.2,0.5
103,drawbench,0.02961768303066492,0.10400358659183687,0.02778794467449188,0.10474644446663632,0.0,0.0,0.0,0.0
310749,mscoco,0.17385570257902144,0.38784155461980735,0.20444138199090958,0.37281519166349286,0.2,0.5,0.3,1.0
293864,mscoco,0.3211259566247463,0.603671508374861,0.39254451394081114,0.571367538184549,0.3,0.5,0.5,1.0
493806,mscoco,0.13699439447373152,0.30060288127419504,0.1512808881700039,0.38130205495204084,0.2,1.0,0.4,0.5
39535,mscoco,0.26603211760520934,0.4537458047731259,0.31424681693315504,0.525210176866704,0.0,0.04,0.0,0.0526315789473684
481252,mscoco,0.05883251298218965,0.14085609666233345,0.10393324308097363,0.27758406961706483,0.2,1.0,0.1,0.5
522535,mscoco,0.1787214010953903,0.35785816269126397,0.24058655202388762,0.4481702290104485,0.0,0.0434782608695652,0.0,0.0476190476190476
482765,mscoco,0.30990348756313324,0.4891867698154081,0.304005566239357,0.5451529325413603,0.1,0.1666666666666666,0.0,0.0769230769230769
81954,mscoco,0.12531225234270096,0.27430003504520867,0.1664851613342762,0.3454231074232945,0.1,0.2,0.1,0.5
333124,mscoco,0.03554285690188408,0.12201223314666522,0.04963524732738733,0.1573750668862685,0.2,1.0,0.2,1.0
529258,mscoco,0.04850059151649475,0.12779650931631895,0.050001784972846505,0.16417563507112645,0.0,0.0142857142857142,0.1,0.25
2567,mscoco,0.1344531551003456,0.3364907936547298,0.23364754319190978,0.3969525592087492,0.1,1.0,0.6,0.5
53803,mscoco,0.09473272040486336,0.25665842381610876,0.1080434512346983,0.23546018421758558,0.1,0.5,0.1,0.1111111111111111
172351,mscoco,0.1789968267083168,0.36811158408791594,0.3530615359544754,0.490471423496668,0.2,0.5,0.4,0.5
311251,mscoco,0.16793247908353806,0.3587566668970049,0.2696359857916832,0.583969502047679,0.2,1.0,0.5,1.0
356869,mscoco,0.20039954483509065,0.34362245127513213,0.20377619042992592,0.34744973712392146,0.1,0.2,0.0,0.0068965517241379
203406,mscoco,0.4859593391418457,0.6296691172827013,0.5022781431674957,0.8088542138926241,0.9,1.0,0.9,1.0
119870,mscoco,0.18395393267273902,0.3237496063947294,0.3012785792350769,0.601695059318416,0.1,0.1428571428571428,0.2,0.5
442125,mscoco,0.05767289735376835,0.15617985540059431,0.07992966435849666,0.20810189667463302,0.1,0.3333333333333333,0.3,1.0
530619,mscoco,0.09047442674636841,0.24629113595991084,0.1163323562592268,0.24938711114065462,0.6,1.0,0.8,1.0
73196,mscoco,0.0742351122200489,0.1872900086824012,0.07850549723953008,0.2023660478367773,0.1,0.5,0.0,0.0303030303030303
507714,mscoco,0.09586711674928665,0.3271400797510858,0.1725976411253214,0.324793450843831,0.0,0.0072992700729927,0.0,0.0416666666666666
376144,mscoco,0.02408442897722125,0.08654610018116524,0.02512830402702093,0.08052426057427775,0.3,1.0,0.5,1.0
211063,mscoco,0.05333908628672361,0.14224508305572137,0.07243561483919621,0.2782891728858383,0.1,1.0,0.1,0.3333333333333333
436799,mscoco,0.11129422336816788,0.20201941467311804,0.12175917066633701,0.26188421918030175,0.1,0.3333333333333333,0.2,0.5
204256,mscoco,0.03250974714756012,0.1134509439904029,0.03816940551623702,0.14145777416380423,0.0,0.0714285714285714,0.1,1.0
314048,mscoco,0.08995571397244931,0.17957813921168658,0.1557720188051462,0.37252995270577166,0.2,1.0,0.3,1.0
447009,mscoco,0.12090885676443577,0.300778790853175,0.13548279814422132,0.2672849683000212,0.1,0.1,0.2,1.0
455079,mscoco,0.33444510847330094,0.625040145424299,0.396363390982151,0.5502462483257521,0.2,1.0,0.3,0.5
157617,mscoco,0.24983195811510087,0.5137041830504724,0.3661193922162056,0.5545223362144748,0.2,0.5,0.1,0.25
546877,mscoco,0.3063857465982437,0.4087211392834188,0.34045658856630323,0.6105498072036857,0.1,0.2,0.7,1.0
41392,mscoco,0.09572227336466313,0.19862162967748642,0.10031426027417183,0.21820239976282274,0.1,1.0,0.1,1.0
556462,mscoco,0.1525485783815384,0.30477620067563527,0.20684147104620934,0.362784929634913,0.6,0.5,0.4,1.0
80053,mscoco,0.15298293232917787,0.35411653594529513,0.4481962606310844,0.6378267433566115,0.0,0.0714285714285714,0.7,0.5
553304,mscoco,0.1244023710489273,0.2686735379965677,0.10267593674361705,0.2610719110594509,0.1,0.2,0.1,1.0
102,drawbench,0.030427129939198494,0.0925467008485762,0.04675688333809376,0.1158947549971257,0.0,0.0,0.0,0.0
463168,mscoco,0.06726251356303692,0.21589011305469177,0.08361854013055563,0.2329907113975511,0.1,0.5,0.1,0.3333333333333333
398463,mscoco,0.035792263131588696,0.09941739871521978,0.0601366076618433,0.19101843610649888,0.1,0.3333333333333333,0.5,1.0
454916,mscoco,0.16419690623879432,0.32241832012662536,0.21578830927610398,0.38991643529527525,0.0,0.0625,0.1,0.125
317022,mscoco,0.08500179760158062,0.18191085683420968,0.10475240051746368,0.21630290124372725,0.0,0.0476190476190476,0.1,0.1111111111111111
61943,mscoco,0.31997622549533844,0.5579116050919949,0.3241472698748112,0.39971133835500217,0.0,0.0099009900990099,0.0,0.0833333333333333
543521,mscoco,0.1547158036381006,0.28463309500141454,0.1341908596456051,0.2632922597440792,0.1,1.0,0.1,1.0
509490,mscoco,0.06418532133102417,0.17474959189354294,0.06447258181869983,0.17289117233304607,0.0,0.0208333333333333,0.1,1.0
413970,mscoco,0.01666260086931288,0.06696507271145716,0.02131182961165905,0.0684736344113032,0.0,0.0263157894736842,0.0,0.0833333333333333
67331,mscoco,0.060381203144788745,0.16085683132690196,0.10944780074059964,0.2805952639144286,0.1,0.3333333333333333,0.1,1.0
230669,mscoco,0.1940152496099472,0.3867267338965522,0.21432339623570443,0.4938860039598809,0.3,0.25,0.1,0.1428571428571428
487266,mscoco,0.17297276481986046,0.39407439575397807,0.18065146505832672,0.3850453984631827,0.5,1.0,0.8,1.0
525024,mscoco,0.11077480018138885,0.28972747134265464,0.13475980013608932,0.28739217871999484,0.2,0.3333333333333333,0.6,1.0
14257,mscoco,0.1417263474315405,0.2428314469865214,0.16363079957664012,0.37869774389754096,0.1,1.0,0.1,0.1
478240,mscoco,0.09716171510517597,0.22522210530053552,0.11960087716579437,0.28140604320067936,0.2,0.3333333333333333,0.0,0.0344827586206896
7211,mscoco,0.024349256418645382,0.07413976009830009,0.0348716588690877,0.11026231858772356,0.3,1.0,0.2,0.3333333333333333
23250,mscoco,0.20067777596414088,0.3189451161181809,0.3537130944430828,0.5945791399200021,0.1,0.1,0.5,1.0
3590,mscoco,0.3984008148312569,0.5598981032410174,0.5004842013120652,0.6971717713168538,0.7,1.0,1.0,1.0
580511,mscoco,0.20838318765163422,0.41356401172690177,0.17880804240703582,0.4058123351657167,0.2,1.0,0.7,1.0
40658,mscoco,0.06616107244044542,0.17622573823931942,0.09505344778299332,0.23890828546386744,0.1,1.0,0.1,1.0
322350,mscoco,0.15198321118950844,0.3957154727617393,0.17132852226495743,0.334467236399285,0.2,1.0,0.1,1.0
125635,mscoco,0.2441402330994606,0.4184327000806776,0.30809488892555237,0.5887257803505614,0.5,0.25,0.6,1.0
283631,mscoco,0.25470665395259856,0.4224225074326908,0.2778939500451088,0.4932771570505352,0.1,0.5,0.3,0.5
528729,mscoco,0.03466109493747353,0.10357984243583833,0.05193338841199875,0.14162609172035104,0.1,1.0,0.1,1.0
167021,mscoco,0.11281864382326603,0.240955030228056,0.16255867704749108,0.2829341662754289,0.2,0.2,0.5,0.2
140100,mscoco,0.115372808650136,0.19736227070128562,0.20374867916107178,0.40901040746563516,0.1,0.25,0.2,0.5
252213,mscoco,0.13225672394037247,0.3014205567145403,0.11271041929721833,0.2687402165580762,0.1,0.25,0.1,0.2
501364,mscoco,0.1865084446966648,0.43545820588638356,0.2976091727614403,0.4683011696751761,0.5,1.0,0.8,1.0
580390,mscoco,0.0417983396910131,0.15578553469030224,0.05126155149191618,0.15430366595960932,0.1,1.0,0.1,1.0
463859,mscoco,0.031480921898037195,0.10684458070381848,0.04143004771322012,0.11793125244766675,0.1,1.0,0.1,1.0
391657,mscoco,0.22918781787157058,0.45564332041380234,0.24683686196804047,0.5082271079743441,0.1,0.1111111111111111,0.6,0.3333333333333333
391415,mscoco,0.0344049233943224,0.10689257353461043,0.06157080791890621,0.18258068328684587,0.0,0.0123456790123456,0.1,1.0
333099,mscoco,0.04478140696883202,0.1356817673228823,0.04951564762741327,0.1288292745886755,0.1,0.5,0.1,0.2
405574,mscoco,0.021789277065545322,0.07367796783634988,0.025886205304414035,0.09166005193837526,0.0,0.0140845070422535,0.1,1.0
575823,mscoco,0.05243061706423759,0.16037739983462995,0.06698323469609022,0.16160598860493333,0.0,0.0023923444976076,0.0,0.0222222222222222
57088,mscoco,0.18273947723209857,0.4583688014231069,0.31662208437919614,0.5803680178247121,0.1,0.1428571428571428,0.2,0.3333333333333333
226957,mscoco,0.0643923906609416,0.14718567789048037,0.04494224339723587,0.1282024045266352,0.1,1.0,0.1,0.25
184329,mscoco,0.11857311427593231,0.2650108353569601,0.1310899406671524,0.2658195547881716,0.0,0.0104166666666666,0.0,0.0043103448275862
550324,mscoco,0.5483203053474426,0.6175222637243224,0.684627366065979,0.8196193166824678,0.6,0.25,1.0,1.0
575174,mscoco,0.1778022512793541,0.3409802477051959,0.1832696244120598,0.4134209439980041,0.1,1.0,0.3,0.25
24380,mscoco,0.2209224984049797,0.4802647129970861,0.2006940595805645,0.3694760636834058,0.4,0.3333333333333333,0.2,0.3333333333333333
506394,mscoco,0.14550556875765325,0.2768110536426481,0.14130028262734412,0.3110157551988118,0.5,0.5,0.9,1.0
195463,mscoco,0.1624284490942955,0.3288040128643474,0.16066472008824348,0.3331409448903564,0.2,1.0,0.3,1.0
308892,mscoco,0.09849806800484658,0.22907699649923607,0.13592518493533134,0.23996072308489827,0.0,0.0588235294117647,0.1,0.5
361913,mscoco,0.08485230319201946,0.2070119864217211,0.15847050175070762,0.28154559730880985,0.1,0.1111111111111111,0.1,0.3333333333333333
293532,mscoco,0.2325026735663414,0.42737825029603127,0.23781240954995156,0.4502403713679107,0.4,0.3333333333333333,0.6,1.0
338118,mscoco,0.05979149602353573,0.14542588138405838,0.05387218724936247,0.15452334971458367,0.1,1.0,0.1,1.0
521250,mscoco,0.10068981610238552,0.28592710959034107,0.15966348573565484,0.4200499455521788,0.2,0.5,0.2,0.25
85353,mscoco,0.03643421214073896,0.12949555797185036,0.02363748662173748,0.07083371212781277,0.2,1.0,0.0,0.0666666666666666
35951,mscoco,0.01886044992133975,0.06448586969751444,0.017427162360399963,0.06033299138118443,0.0,0.009090909090909,0.1,0.1666666666666666
16764,mscoco,0.1141463216394186,0.28274544269474083,0.1264673337340355,0.27467699903057696,0.0,0.0434782608695652,0.2,1.0
397427,mscoco,0.06737065948545932,0.14785276074563913,0.049667990580201146,0.1661396728003801,0.1,1.0,0.1,0.5
515561,mscoco,0.06973565705120563,0.20938641522694035,0.08155606910586358,0.25327071949088187,0.0,0.037037037037037,0.1,1.0
366829,mscoco,0.05463484805077314,0.14025876157184308,0.09233999624848366,0.2788127861871453,0.0,0.0131578947368421,0.1,0.5
432410,mscoco,0.2816257312893867,0.41709955624737577,0.39756672978401186,0.5612624155912259,0.0,0.0666666666666666,0.2,0.1428571428571428
61972,mscoco,0.04855928886681795,0.13972814005285333,0.05210946276783943,0.13742018602882863,0.1,1.0,0.1,1.0
499054,mscoco,0.09738925769925118,0.26728973320938443,0.07768654711544513,0.25960867735389304,0.1,0.1,0.4,1.0
569021,mscoco,0.034140445105731484,0.10211431687668412,0.04046661481261253,0.1400982008846936,0.1,0.5,0.0,0.0909090909090909
9029,mscoco,0.1713992491364479,0.3951159998737178,0.1493724465370178,0.39677063323227557,0.3,1.0,0.4,1.0
18373,mscoco,0.3284317970275879,0.4887729115551691,0.46244492530822756,0.6448124622674236,0.7,1.0,0.9,1.0
336001,mscoco,0.07676935717463493,0.19929007575782115,0.07508886381983756,0.18847352841250975,0.2,0.25,0.4,0.3333333333333333
461475,mscoco,0.05132990255951882,0.14292577642678897,0.047136835381388666,0.1442853079565911,0.0,0.0285714285714285,0.2,0.5
388841,mscoco,0.15897903665900232,0.30498573063929424,0.14406047761440277,0.2943079594304696,0.5,0.3333333333333333,0.4,1.0
284940,mscoco,0.14999827221035958,0.2753057810297763,0.2116210788488388,0.34771369170580774,0.1,0.5,0.4,0.5
394759,mscoco,0.11348556950688363,0.29250611079216204,0.11232354156672955,0.2916673228532377,0.5,0.5,0.3,1.0
358411,mscoco,0.04788212161511183,0.14016602143652374,0.07659849785268306,0.19183640010471922,0.2,0.5,0.5,1.0
284421,mscoco,0.145490799844265,0.3314589727749489,0.17200945615768432,0.39049814557467377,0.6,1.0,0.2,0.3333333333333333
237716,mscoco,0.05544711723923683,0.18923631603867824,0.06471330448985099,0.1680975214537388,0.2,0.5,0.2,1.0
167520,mscoco,0.06662795571610332,0.17183026274828894,0.018841271474957465,0.07217083744137794,0.1,0.2,0.1,0.5
568611,mscoco,0.13327900804579257,0.24912280491730995,0.1711178168654442,0.3357401420297346,0.4,0.25,0.5,0.5
159356,mscoco,0.3292989403009415,0.6563434174425843,0.19464625269174576,0.34964339076784445,0.1,0.5,0.1,0.2
301261,mscoco,0.062408887036144736,0.17746679534631252,0.12856405451893807,0.29365464916974293,0.0,0.0625,0.0,0.037037037037037
113787,mscoco,0.06188268698751927,0.21756716953581517,0.08506867326796055,0.26061677039899733,0.1,0.125,0.1,0.1428571428571428
375809,mscoco,0.14383185133337975,0.31798604361641936,0.13057516589760781,0.27646743238446836,0.3,0.3333333333333333,0.4,0.3333333333333333
64460,mscoco,0.1642239697277546,0.44156299028885954,0.22441268116235732,0.37632495807419564,0.5,0.5,0.5,1.0
470799,mscoco,0.22210475876927377,0.3626194182819448,0.28864178955554964,0.37467095524825594,0.4,1.0,0.5,1.0
382046,mscoco,0.1801171123981476,0.3331718707960163,0.2367817260324955,0.36651226159070854,0.0,0.0625,0.5,1.0
170974,mscoco,0.17179514542222024,0.38499742989317676,0.3078059807419777,0.6256369996392076,0.0,0.0303030303030303,0.3,0.25
562160,mscoco,0.14874392934143543,0.31049108907286954,0.16593240723013877,0.3218201093213646,0.1,1.0,0.1,0.25
562248,mscoco,0.06387321762740612,0.2107941635744932,0.07714452147483826,0.23682902060847696,0.2,1.0,0.3,1.0
96638,mscoco,0.24167000651359558,0.4491606265983039,0.5000400125980378,0.7106814031946499,0.2,0.25,0.6,1.0
164234,mscoco,0.22987139523029326,0.3550744509457666,0.21214430257678032,0.4239671279041383,0.7,1.0,0.6,1.0
278962,mscoco,0.1659514084458351,0.3848930350346975,0.16157928183674813,0.3949338164089954,0.2,0.3333333333333333,0.4,1.0
553248,mscoco,0.18595883175730704,0.30807215409438415,0.1736124612390995,0.3987045269849362,0.2,0.5,0.1,0.5
523371,mscoco,0.10419409312307834,0.22060165172814636,0.1174568548798561,0.3023191324348408,0.1,0.2,0.2,1.0
141283,mscoco,0.031765508092939855,0.11076679246689812,0.05765686724334955,0.1649346426484374,0.0,0.0051020408163265,0.0,0.0033003300330033
320292,mscoco,0.22972603365778924,0.4265858995780949,0.23688593953847886,0.500349920796123,0.5,1.0,0.7,1.0
269588,mscoco,0.06274428628385068,0.17586239737628404,0.13218323215842248,0.29821122627201496,0.1,0.2,0.5,1.0
113594,mscoco,0.031505337730050084,0.11822899810090944,0.0505112374201417,0.1259731726278453,0.0,0.0011627906976744,0.0,0.0038022813688212
349622,mscoco,0.11395043022930622,0.26221964912097606,0.1683526612818241,0.35351510656815904,0.1,0.1,0.3,0.3333333333333333
215226,mscoco,0.05101006990298629,0.15116265227764,0.0507976034656167,0.1474082292173502,0.1,0.5,0.1,0.5
78371,mscoco,0.1085066955536604,0.2248376009361976,0.12350376844406127,0.2756322955644355,0.0,0.024390243902439,0.0,0.0163934426229508
451972,mscoco,0.06874526608735324,0.22088803358612003,0.10391586311161519,0.22159012908393208,0.1,1.0,0.1,0.5
163,drawbench,0.07955368682742119,0.3639977743220346,0.08846570868045092,0.22064631703782567,0.0,0.0,0.0,0.0
150360,mscoco,0.03383307456970215,0.09923288169872028,0.0487257419154048,0.14099230675986413,0.0,0.0178571428571428,0.2,1.0
138567,mscoco,0.17536475136876106,0.3962254447335873,0.12706196084618568,0.28734788471119355,0.0,0.0149253731343283,0.1,1.0
383220,mscoco,0.1606029152870178,0.31434547348570724,0.0997796155512333,0.24062137927819427,0.1,1.0,0.1,1.0
557272,mscoco,0.05751799438148737,0.16928282212398868,0.07279303874820471,0.19725648723996558,0.1,0.25,0.1,0.5
17073,mscoco,0.015177775174379349,0.06160984180598395,0.019702942483127116,0.05795241105426109,0.1,1.0,0.1,1.0
441083,mscoco,0.23236570060253142,0.37567827017859623,0.2451417103409767,0.35640364491866583,0.9,0.5,0.8,0.5
109750,mscoco,0.04611650556325912,0.14688948424530973,0.09546832330524921,0.23426934868228036,0.1,0.5,0.1,1.0
20279,mscoco,0.12034679912030696,0.2535488210613134,0.09967916645109653,0.2117130456037309,0.2,1.0,0.2,0.5
324845,mscoco,0.0731361934915185,0.20875220538986555,0.12309873029589653,0.2661784979768174,0.1,0.2,0.3,1.0
303520,mscoco,0.09347023125737905,0.1588701877533755,0.07430546265095472,0.17096810414243746,0.1,1.0,0.1,1.0
363136,mscoco,0.07701869048178196,0.19576236016571968,0.09898998513817787,0.24621094825666945,0.1,0.125,0.1,1.0
161622,mscoco,0.03783655185252428,0.12120655251749733,0.04143463931977749,0.11302758002481997,0.1,1.0,0.2,0.5
315242,mscoco,0.10846281349658966,0.3201804021524447,0.12385129928588867,0.2724905469253513,0.0,0.0222222222222222,0.1,1.0
418723,mscoco,0.04449451649561524,0.21765769979539218,0.06748610306531191,0.14154850791448648,0.1,1.0,0.1,0.1666666666666666
65440,mscoco,0.17701316848397255,0.35320475731949835,0.19541831389069558,0.3773385276693605,0.1,0.1111111111111111,0.0,0.0016
111907,mscoco,0.08654190376400947,0.2012945749926692,0.17052861750125886,0.35184586137466495,0.2,0.3333333333333333,0.4,1.0
465140,mscoco,0.12130814418196678,0.27056219701494894,0.11381286531686782,0.2695946354667931,0.1,0.5,0.1,0.5
21083,mscoco,0.13286723233759404,0.2660950966365475,0.1861527793109417,0.4219814395036869,0.1,0.1,0.1,0.2
200202,mscoco,0.06640232056379318,0.2094334383965633,0.10503551587462426,0.3006979968942149,0.3,0.3333333333333333,0.7,1.0
215320,mscoco,0.04911614581942558,0.17079902531390698,0.07747626546770334,0.19667478573438402,0.0,0.0666666666666666,0.2,0.25
28978,mscoco,0.2242308881133795,0.33376541769171764,0.18922456800937654,0.3571896069371372,0.0,0.0769230769230769,0.4,1.0
281427,mscoco,0.04793863072991371,0.14294324593465096,0.06610276736319065,0.17275088743941985,0.0,0.0161290322580645,0.2,1.0
357663,mscoco,0.16481180340051652,0.4052144635494617,0.1531249053776264,0.39923380576998996,0.1,1.0,0.1,1.0
186171,mscoco,0.2312723197042942,0.37542764275351986,0.23751697018742562,0.5561645189746585,0.0,0.05,0.1,0.3333333333333333
386788,mscoco,0.08664108961820602,0.21483129021107017,0.05967304203659296,0.16225221753140304,0.1,0.5,0.0,0.0909090909090909
492363,mscoco,0.04564846130087972,0.14186673830282315,0.05915075615048408,0.1657800711283414,0.1,1.0,0.1,1.0
486547,mscoco,0.3110032692551613,0.4683491388043321,0.3634726867079735,0.573258534351974,0.1,1.0,0.1,0.5
516570,mscoco,0.04132514419034124,0.11861209372772705,0.06482316944748164,0.19347943260896938,0.1,0.2,0.1,0.1
152662,mscoco,0.11232623122632504,0.25865182556423066,0.14588076025247573,0.274115745853019,0.0,0.0277777777777777,0.0,0.037037037037037
415280,mscoco,0.047986811958253384,0.14378203664361952,0.053835603035986425,0.15829367101174502,0.1,1.0,0.1,1.0
397404,mscoco,0.1318339914083481,0.2745934282644397,0.2109107617288828,0.3559492986833901,0.0,0.0095238095238095,0.0,0.0526315789473684
488801,mscoco,0.25694193616509436,0.5963261984598367,0.31052500754594803,0.6096498641396763,0.7,1.0,0.8,1.0
544956,mscoco,0.018556400295346977,0.07333665609356865,0.01775020956993103,0.0726651819286161,0.1,1.0,0.1,1.0
576859,mscoco,0.18655395805835723,0.3652231442554718,0.20799822360277176,0.4249604874747403,0.1,0.2,0.0,0.0106382978723404
280370,mscoco,0.08190193250775338,0.2479072670241285,0.07560115940868854,0.18777259367228355,0.1,0.1666666666666666,0.1,0.1
310853,mscoco,0.0960094653069973,0.1952176099659925,0.12914441339671612,0.2792004075487628,0.1,0.2,0.2,0.5
363527,mscoco,0.12038558619096876,0.17395493510705126,0.14395179320126772,0.21499595881081793,0.1,0.5,0.2,1.0
47548,mscoco,0.07071210406720638,0.1909011946774741,0.0839651070535183,0.22140539261389505,0.2,1.0,0.2,0.5
542313,mscoco,0.1760574072599411,0.35792688612926427,0.18684276789426804,0.43623024346814554,0.2,0.3333333333333333,0.2,0.5
183386,mscoco,0.2248152457177639,0.33148588651902866,0.1851476937532425,0.34801401723118586,0.5,0.25,0.3,0.2
131101,mscoco,0.051409483328461646,0.12393934475023936,0.05002964474260807,0.15066538091134918,0.1,0.3333333333333333,0.4,1.0
130981,mscoco,0.2060003735125065,0.3453356091378882,0.26548343151807785,0.4673251946278874,0.1,0.1111111111111111,0.8,1.0
443547,mscoco,0.09400942623615265,0.2270778040501383,0.0956558756530285,0.24010017196549957,0.1,0.25,0.1,1.0
103978,mscoco,0.20616193637251853,0.5157921647347613,0.2803453877568245,0.44732498865701253,0.2,0.5,0.3,1.0
7669,mscoco,0.20600778385996818,0.4310517887596129,0.2599169731140137,0.3860987430616434,0.4,1.0,0.7,1.0
111245,mscoco,0.02454403918236494,0.085354143452761,0.034669647179543975,0.09975977327131828,0.1,1.0,0.1,1.0
326948,mscoco,0.3886080875992775,0.6347767377086406,0.352603642642498,0.6120698251151431,0.5,1.0,0.7,1.0
486807,mscoco,0.012386093754321337,0.05510688088697445,0.021476389397867023,0.0788109150524267,0.1,1.0,0.1,0.5
303652,mscoco,0.041977725271135566,0.13979892966029397,0.07877173032611609,0.2667309477460384,0.0,0.0044843049327354,0.1,1.0
173547,mscoco,0.14353810772299766,0.33257300721953614,0.1444825366139412,0.26867105060531254,0.6,1.0,0.6,1.0
325239,mscoco,0.023708878830075265,0.08341110129252581,0.024351428728550673,0.06484761659789831,0.1,0.125,0.0,0.037037037037037
353357,mscoco,0.10091000944375991,0.2495629256459447,0.08816695585846901,0.2318872808394854,0.1,0.1111111111111111,0.0,0.0105263157894736
426429,mscoco,0.16282133683562278,0.3502107196646547,0.1013875886797905,0.25066618085867903,0.2,0.3333333333333333,0.2,0.5
261207,mscoco,0.14963273331522942,0.3308802045880405,0.1573120176792145,0.3450606679431961,0.3,0.3333333333333333,0.2,0.1666666666666666
461506,mscoco,0.0575746700167656,0.16213203596916548,0.10162501744925975,0.2099094686352217,0.1,0.125,0.0,0.0909090909090909
44856,mscoco,0.08590716868638992,0.2641318464865579,0.07023833617568016,0.1972992078755647,0.2,0.3333333333333333,0.2,0.5
180817,mscoco,0.053893929533660415,0.16572524701462968,0.04061681907624006,0.11542130063794581,0.1,0.5,0.1,0.1428571428571428
390435,mscoco,0.4412390485405922,0.7380545755802491,0.5768577843904495,0.7914930024685115,0.3,1.0,0.5,1.0
49648,mscoco,0.21262213811278344,0.39510732367315904,0.2910071760416031,0.4077308770736149,0.1,0.2,0.1,1.0
172498,mscoco,0.08610826060175895,0.2441671990127248,0.17333830893039703,0.46228340945145957,0.1,1.0,0.5,1.0
67126,mscoco,0.12307650540024043,0.20154743111741688,0.11815753355622291,0.2722466819208453,0.1,0.5,0.0,0.0769230769230769
478029,mscoco,0.1549616388976574,0.4025395275896321,0.17073670998215676,0.3066525073007334,0.1,0.2,0.1,1.0
508567,mscoco,0.14774641990661622,0.3015970964302548,0.24021218717098236,0.4374342079642553,0.2,0.2,0.8,0.5
81,drawbench,0.05738428607583046,0.19220637807393406,0.1314406968653202,0.263786125335386,0.0,0.0232558139534883,0.0,0.027027027027027
109355,mscoco,0.23637371957302095,0.4463231553535607,0.22558148354291915,0.4448594779709161,0.0,0.0043668122270742,0.0,0.0333333333333333
48935,mscoco,0.1946092091500759,0.4398519930770061,0.189327597245574,0.3913333442052066,0.2,1.0,0.3,0.25
84886,mscoco,0.07008427921682596,0.18405789419678892,0.05781528130173683,0.15975338382047244,0.0,0.05,0.4,1.0
217271,mscoco,0.20870382338762283,0.434745391258842,0.27772035300731657,0.584574926420591,0.1,0.5,0.2,1.0
480140,mscoco,0.019431032240390778,0.06300330785654287,0.0267629100009799,0.08299689694980579,0.0,0.0476190476190476,0.0,0.0357142857142857
327105,mscoco,0.15383246466517447,0.3404196196567826,0.24726683869957924,0.4788893274363244,0.2,1.0,0.5,0.2
55768,mscoco,0.18541342616081238,0.2100519276023603,0.33033952713012693,0.5992656607526432,0.1,0.1,0.7,1.0
129030,mscoco,0.035085986275225876,0.1204496918755864,0.041076567210257056,0.14171941964236945,0.1,1.0,0.1,1.0
565387,mscoco,0.13492899388074875,0.2867588135794634,0.2923750467598438,0.3965962776591828,0.0,0.0666666666666666,0.1,0.5
553501,mscoco,0.01731050359085202,0.05721682249918034,0.015859756991267203,0.05606603174672351,0.1,0.1666666666666666,0.1,1.0
170193,mscoco,0.16602282226085663,0.2859798713628218,0.1830999594181776,0.33267600822162724,0.2,1.0,0.2,1.0
199,drawbench,0.0646703526377678,0.14878030522038777,0.04622259028255939,0.13924434591284449,0.0,0.0,0.0,0.0
65162,mscoco,0.17454426623880864,0.3094366940141493,0.1489166531711817,0.31789556282221615,0.1,0.5,0.1,0.3333333333333333
334542,mscoco,0.23096108585596084,0.3676512873324884,0.20946769565343856,0.4307104074645604,0.3,0.2,0.6,1.0
185559,mscoco,0.7256095290184021,0.8658667856186923,0.7918733596801758,0.9196013811135046,0.8,1.0,1.0,1.0
134066,mscoco,0.266617526113987,0.42803637312186743,0.3221284940838814,0.5521877019229631,0.2,0.3333333333333333,0.2,0.25
19318,mscoco,0.2907043665647507,0.5474464096321069,0.4868216335773468,0.7434846069076899,0.2,1.0,0.2,1.0
122896,mscoco,0.12966673374176024,0.25901167727605373,0.2805877193808556,0.3946860310510969,0.2,0.1666666666666666,0.0,0.0909090909090909
484175,mscoco,0.07009951323270798,0.17082343061697225,0.1433339737355709,0.3461954225590441,0.0,0.0256410256410256,0.1,0.25
550049,mscoco,0.22806477546691895,0.40022124732665465,0.34132239669561387,0.6557098836958315,0.7,1.0,0.6,1.0
558966,mscoco,0.054031815566122535,0.17309258317824056,0.07338194325566291,0.1927257829138438,0.4,1.0,0.6,1.0
303177,mscoco,0.40419144183397293,0.5965898204558098,0.31514185667037964,0.45272593930255944,0.0,0.0344827586206896,0.0,0.001727115716753
300047,mscoco,0.05507266912609339,0.15540332670870907,0.08543528616428375,0.21553225711852889,0.2,1.0,0.1,0.25
281977,mscoco,0.08130584470927715,0.23532266497485185,0.08925238102674485,0.296269381984694,0.8,1.0,1.0,1.0
100169,mscoco,0.10657612942159175,0.24407598150613474,0.20626203641295432,0.4498194389076011,0.2,0.3333333333333333,0.3,1.0
35217,mscoco,0.035932404734194276,0.12423688195173732,0.06353711672127246,0.17232559943629316,0.1,0.5,0.0,0.0049019607843137
195863,mscoco,0.20676720142364502,0.39948852138446356,0.29920475408434866,0.3904974545096171,0.3,0.3333333333333333,0.6,0.5
55753,mscoco,0.029952529724687336,0.07595846317974891,0.030738101713359355,0.08434237976980997,0.0,0.0119047619047619,0.0,0.0277777777777777
189504,mscoco,0.0587869506329298,0.15716255545454083,0.04757932238280773,0.14418052683562302,0.0,0.0175438596491228,0.1,1.0
257236,mscoco,0.13703285790979863,0.26763127839804723,0.1090781845152378,0.24129671212257445,0.0,0.02,0.1,0.2
15830,mscoco,0.06804021317511796,0.18732722097092838,0.07491569761186838,0.20268334627251208,0.1,1.0,0.1,1.0
382423,mscoco,0.11481418646872044,0.23147080194777322,0.09747285731136798,0.30257096225460395,0.1,1.0,0.2,1.0
182,drawbench,0.10946784727275372,0.2266323331466654,0.09372676499187946,0.24121819997146682,0.0,0.0,0.0,0.0
261431,mscoco,0.049626896530389784,0.16785041013584087,0.05022920053452253,0.17627913376660176,0.2,1.0,0.2,1.0
286021,mscoco,0.0677740404382348,0.18795867314236908,0.07471759635955096,0.17127708488923185,0.0,0.0909090909090909,0.0,0.037037037037037
179,drawbench,0.06855643205344678,0.1693758528397313,0.05160438772290945,0.13676349389297293,0.0,0.0,0.0,0.0
20145,mscoco,0.10065214224159717,0.26716495558024184,0.11882294714450836,0.2990355929162961,0.0,0.0909090909090909,0.0,0.0666666666666666
545274,mscoco,0.03463623747229576,0.13549899441833904,0.0438585514202714,0.12965811424080437,0.0,0.0526315789473684,0.2,1.0
93,drawbench,0.07324152141809463,0.2210613136772996,0.09565988592803479,0.22370952310641704,0.0,0.0003133813851457,0.0,0.0013586956521739
254726,mscoco,0.11492901369929313,0.26304553475752696,0.10457054153084755,0.22684243598274567,0.3,1.0,0.4,0.3333333333333333
182125,mscoco,0.1281839519739151,0.2711879108087162,0.24004990756511688,0.4679547873983609,0.1,0.1111111111111111,0.2,0.3333333333333333
46055,mscoco,0.042053610645234586,0.11149287613763516,0.035618461668491364,0.10480915462870409,0.0,0.027027027027027,0.1,1.0
336933,mscoco,0.08625697046518326,0.22703656147962237,0.116437166929245,0.24948230919709155,0.0,0.0013717421124828,0.1,0.1
175597,mscoco,0.15932944566011428,0.3281341349236471,0.2175347737967968,0.3938196353790063,0.1,1.0,0.0,0.0303030303030303
370157,mscoco,0.0337447359226644,0.1117195785641994,0.04443993903696537,0.1505736293379041,0.0,0.0227272727272727,0.1,0.25
361356,mscoco,0.014166105072945356,0.05284789679255352,0.019515038514509798,0.06358728643224114,0.2,1.0,0.3,1.0
452806,mscoco,0.4557741850614548,0.7196770511106008,0.577570018172264,0.8331084461283255,0.4,0.25,0.6,0.5
136,drawbench,0.2186182953417301,0.42109257071141615,0.15874223932623863,0.30584021854841253,0.0,7.48839299086416e-05,0.0,1.80446786242737e-05
191314,mscoco,0.04348169807344675,0.12402022328199504,0.04064156971871853,0.12777219346008695,0.1,0.5,0.1,1.0
26,drawbench,0.3078685462474823,0.5388280196189568,0.22428690046072006,0.4515811057694367,0.0,0.0,0.0,0.0
24414,mscoco,0.16608791127800943,0.34525133310635736,0.1726479023694992,0.3179114250616843,0.2,1.0,0.5,1.0
499634,mscoco,0.030243321694433688,0.0908344892071512,0.03703013341873884,0.10477251539707652,0.0,0.037037037037037,0.0,0.0121951219512195
13482,mscoco,0.12063386216759682,0.26410934799265395,0.10092001780867577,0.22623434713815663,0.1,1.0,0.1,1.0
267861,mscoco,0.09823528230190277,0.20549206040300166,0.1319097436964512,0.2867973514466475,0.1,0.1666666666666666,0.1,1.0
498967,mscoco,0.1118836261332035,0.2238493495582176,0.13871657773852347,0.25232393321895535,0.3,0.3333333333333333,0.2,1.0
247979,mscoco,0.005482492479495704,0.019815909912595568,0.004802327929064631,0.019537453325231054,0.1,1.0,0.1,1.0
438196,mscoco,0.14096028879284858,0.30284894239005433,0.16231945902109146,0.3200354030138896,0.3,1.0,0.3,1.0
230700,mscoco,0.23749926388263704,0.4301281098581022,0.2538007885217667,0.352428823675643,0.0,0.0076335877862595,0.0,0.0909090909090909
22660,mscoco,0.08440258242189884,0.24208802619271488,0.08117918595671654,0.2075174876992243,0.3,1.0,0.3,1.0
227982,mscoco,0.031938090827316044,0.09245914158275124,0.03047058843076229,0.10308085008151183,0.1,0.25,0.2,0.5
134807,mscoco,0.01830115234479308,0.07836733912902316,0.019882702641189097,0.08486342010540739,0.1,1.0,0.1,1.0
209788,mscoco,0.09993655532598496,0.2015161082019992,0.12543477453291416,0.33878365491478263,0.0,0.0263157894736842,0.0,0.02
139518,mscoco,0.10329434983432292,0.21103920965071532,0.10534694008529186,0.2535832153934373,0.0,0.0454545454545454,0.1,0.25
232625,mscoco,0.1198961589485407,0.24155736105077324,0.12596854120492934,0.3387742426781812,0.0,0.0303030303030303,0.2,0.25
423875,mscoco,0.03185637528076768,0.0828659724114915,0.04211041759699583,0.11067384722790574,0.1,1.0,0.1,1.0
87878,mscoco,0.08831073828041554,0.2144891289672713,0.11643947586417198,0.26528166378627027,0.0,0.0416666666666666,0.1,0.5
55,drawbench,0.050808866322040555,0.12502155009498084,0.03593737138435245,0.1041959142785102,0.0,0.0,0.0,0.0
315273,mscoco,0.20094740018248558,0.33093561861172344,0.2724508702754974,0.4958414279674508,0.3,1.0,0.5,0.5
118968,mscoco,0.10243662931025029,0.2600744121768644,0.12236687764525414,0.2256722168409163,0.1,0.5,0.0,0.0714285714285714
426459,mscoco,0.2501623183488846,0.5302053345595973,0.2162543088197708,0.4077170761715864,0.3,0.2,0.1,0.1
310695,mscoco,0.0535952802747488,0.21182369057795655,0.07169834710657597,0.16470843030730264,0.1,1.0,0.3,1.0
266912,mscoco,0.12489065192639828,0.27672309616928925,0.11632426492869855,0.2903748853989339,0.1,0.5,0.1,1.0
70187,mscoco,0.11082013733685017,0.27594964573033687,0.17175790444016456,0.3480708689554602,0.1,0.5,0.1,1.0
75352,mscoco,0.21051276177167894,0.42783508824446187,0.2903773620724678,0.5048726751790077,0.2,0.5,0.5,0.5
485187,mscoco,0.039529590867459774,0.11751425069439339,0.042181050032377244,0.12732227320008782,0.3,0.25,0.3,1.0
446310,mscoco,0.15877600461244584,0.33425226005675046,0.2960303619503975,0.5569412300491734,0.0,0.0416666666666666,0.6,1.0
172702,mscoco,0.031444462947547436,0.09021670340851451,0.03369472194463015,0.10205401485715372,0.1,1.0,0.1,1.0
41838,mscoco,0.3193312257528305,0.5548647615138822,0.4858251869678497,0.7281124495600813,0.8,1.0,1.0,1.0
348083,mscoco,0.035979433078318836,0.09889713707920582,0.03876333506777883,0.11686078794207404,0.1,0.1111111111111111,0.1,0.2
465198,mscoco,0.16087085232138634,0.3696307559102909,0.24823131412267685,0.46366889916651327,0.0,0.0454545454545454,0.1,1.0
458123,mscoco,0.32067993730306626,0.5696474661645273,0.3412882283329964,0.48512011228454593,0.1,0.2,0.3,1.0
215558,mscoco,0.2857203736901283,0.5059821274664509,0.2562101311981678,0.6053793231650414,0.0,0.0769230769230769,0.4,1.0
201019,mscoco,0.10256776288151741,0.2504406068894742,0.17176334485411643,0.31103042947152,0.2,0.1428571428571428,0.9,0.5
153921,mscoco,0.16075070425868035,0.33666699278999584,0.17355557531118393,0.41307143438020216,0.1,0.2,0.1,0.1428571428571428
345389,mscoco,0.008385104266926647,0.02605823879822065,0.007934853481128813,0.03746909445940669,0.1,0.1111111111111111,0.1,1.0
359066,mscoco,0.04041700009256601,0.14882911348248132,0.07007366623729468,0.19150858404360072,0.1,1.0,0.2,0.25
22102,mscoco,0.23563647866249085,0.43118887914621196,0.20041895806789398,0.41983285507442814,0.7,1.0,0.9,1.0
194419,mscoco,0.15658811628818511,0.2786612722896908,0.21962361335754393,0.4066625314497078,0.5,0.5,0.5,1.0
391053,mscoco,0.1538855627179146,0.45034049154525563,0.11367617174983025,0.3407238455514613,0.1,0.25,0.0,0.0033783783783783
20171,mscoco,0.20018348321318627,0.4229516043878409,0.19371214061975478,0.41956005056060447,0.3,1.0,0.7,1.0
538001,mscoco,0.2078739136457443,0.38760758088075026,0.2811499617993832,0.5475529318880896,0.0,0.0095238095238095,0.0,0.0024570024570024
575490,mscoco,0.03522607162594795,0.1238778673852045,0.11041274890303612,0.29199926710053803,0.2,0.5,0.7,0.3333333333333333
75427,mscoco,0.1269705131649971,0.28131666825291546,0.126856779307127,0.2756070651376249,0.1,1.0,0.1,0.5
510564,mscoco,0.07824196796864272,0.2264040718369296,0.10435338579118252,0.30120824534894747,0.0,0.0454545454545454,0.1,0.5
58117,mscoco,0.13810684978961946,0.26351056103261944,0.08030949719250202,0.2535681143874108,0.1,0.5,0.1,0.1666666666666666
294416,mscoco,0.10943166352808475,0.2957782222431178,0.17825006023049356,0.4271839976500079,0.0,0.0416666666666666,0.3,1.0
525176,mscoco,0.155581945925951,0.3480256403509162,0.179901584982872,0.34718508417385757,0.0,0.0133333333333333,0.0,0.0588235294117647
316522,mscoco,0.04610507767647505,0.15126586117001897,0.07098213648423553,0.23535030444448551,0.1,1.0,0.1,0.2
198832,mscoco,0.11175240576267242,0.27106429360755496,0.21414006799459456,0.36567942144750815,0.0,0.0113636363636363,0.0,0.0294117647058823
378022,mscoco,0.06461183354258537,0.21972078680705137,0.07934364173561334,0.2012053104839992,0.1,0.25,0.3,1.0
306037,mscoco,0.1152569081634283,0.33028126429133714,0.09738063216209411,0.2978204212923386,0.0,0.0333333333333333,0.1,1.0
51021,mscoco,0.1984695963561535,0.3760034091270036,0.24909465461969377,0.4879143763802387,0.4,1.0,0.8,1.0
225392,mscoco,0.03687573000788689,0.11243000055298365,0.07956199385225773,0.24969664893712984,0.0,0.0232558139534883,0.3,0.3333333333333333
543490,mscoco,0.08029985204339027,0.20963010021002168,0.08708694279193878,0.19465824299995613,0.2,1.0,0.4,0.5
305117,mscoco,0.030977143533527852,0.1037070320059209,0.04699395382776857,0.15660425206014475,0.0,0.0192307692307692,0.1,1.0
519387,mscoco,0.03725083041936159,0.09760833639934742,0.036173604987561704,0.1380347189531663,0.0,0.00177304964539,0.0,0.0192307692307692
98501,mscoco,0.1018986277282238,0.292422771673622,0.16433107778429984,0.3555300724933904,0.1,0.1111111111111111,0.0,0.0120481927710843
249791,mscoco,0.1547977827489376,0.43182772844801615,0.1285251822322607,0.26390930884634806,0.1,0.3333333333333333,0.0,0.0147058823529411
327664,mscoco,0.20525107607245446,0.47754639149297456,0.27443540543317796,0.5096210492686741,0.1,0.25,0.2,1.0
22,drawbench,0.01769728772342205,0.06155404657918405,0.02448539612814784,0.07849539453042538,0.0,0.0,0.0,0.0
225654,mscoco,0.11503806449472904,0.28385318167034684,0.1372523844242096,0.3455967391461539,0.0,0.0384615384615384,0.1,1.0
47700,mscoco,0.24707528501749038,0.5463204917939681,0.3017320528626442,0.41564531925074066,0.3,0.5,0.2,0.2
77159,mscoco,0.12297496125102043,0.24583562517775806,0.15895657539367675,0.34576046837285146,0.1,0.1111111111111111,0.3,1.0
501773,mscoco,0.09290693961083889,0.21234780371308118,0.087512331828475,0.2089175854047919,0.1,1.0,0.1,1.0
355137,mscoco,0.2957036569714546,0.5071056911068609,0.3313176423311234,0.5071503592132133,0.1,0.2,0.4,1.0
476055,mscoco,0.12424458935856819,0.29304602518896433,0.17306796237826347,0.346088190868043,0.1,0.1666666666666666,0.2,0.5
446898,mscoco,0.10641096830368042,0.2485334681035444,0.1759594164788723,0.32909587088731024,0.2,1.0,0.5,1.0
336645,mscoco,0.13521372750401497,0.3230040620783719,0.19509832188487053,0.41256299397886,0.2,1.0,0.4,0.3333333333333333
57242,mscoco,0.044450505264103414,0.1557152350407584,0.041082865372300145,0.1385868981671216,0.1,0.5,0.1,1.0
137178,mscoco,0.26580082774162295,0.5676439226661286,0.3246923089027405,0.5800747662062765,0.4,0.5,0.4,1.0
113113,mscoco,0.22415174618363382,0.4567486758535704,0.2953867524862289,0.6405874033951319,0.6,1.0,0.5,1.0
403028,mscoco,0.28766983449459077,0.48575770133419904,0.3158644258975983,0.5032436543737333,0.1,0.1111111111111111,0.1,1.0
346795,mscoco,0.023723643412813543,0.07179603758956044,0.025670912722125648,0.08521215667365235,0.1,0.1,0.0,0.0909090909090909
145682,mscoco,0.20996035896241666,0.2969781008411859,0.18526748344302177,0.33405359483561753,0.1,0.1111111111111111,0.0,0.0163934426229508
418791,mscoco,0.07192250043153763,0.1734184158610751,0.07283184491097927,0.213102421491831,0.0,0.0833333333333333,0.1,1.0
107838,mscoco,0.205808362364769,0.36898855099138983,0.1980467788875103,0.5089629845792812,0.2,1.0,0.5,1.0
149577,mscoco,0.11486554127186537,0.3089294894793087,0.16811046935617924,0.34276948458544837,0.1,1.0,0.1,1.0
10,drawbench,0.13634819872677326,0.33513837813583264,0.1867450699210167,0.482488838714158,0.0,0.0,0.0,0.0
544614,mscoco,0.6331701815128327,0.8614409659225515,0.6558191627264023,0.783055977201399,0.9,1.0,1.0,1.0
419150,mscoco,0.17445624992251396,0.41128287483689724,0.25012522265315057,0.6444141329806752,0.1,0.1666666666666666,0.2,1.0
496783,mscoco,0.149679297208786,0.29867100026288906,0.18195246532559395,0.3020157171542947,0.2,1.0,0.2,1.0
195062,mscoco,0.2033333219587803,0.38953370109935553,0.24395806863904,0.5093510538836339,0.1,0.1111111111111111,0.6,1.0
183481,mscoco,0.20658106580376626,0.34045175680887513,0.23025409430265426,0.3819204568520585,0.7,0.5,0.7,1.0
495288,mscoco,0.19850894436240196,0.4078033318764473,0.21941711455583573,0.4322340674724537,0.0,0.0416666666666666,0.1,1.0
162,drawbench,0.11507999449968338,0.3014214232814864,0.13202292919158937,0.2607042666273857,0.0,0.0,0.0,0.0
99321,mscoco,0.19415422454476355,0.3487648420197323,0.22221170961856843,0.4472424352360677,0.6,0.5,1.0,1.0
502637,mscoco,0.10802657380700112,0.26130594782522903,0.11514101400971413,0.32863379253732644,0.4,0.3333333333333333,0.7,1.0
136458,mscoco,0.11730823926627636,0.3157195218420562,0.13264032565057277,0.391409298760436,0.1,0.5,0.1,0.3333333333333333
113333,mscoco,0.17294501438736914,0.32660462019786024,0.22048974186182022,0.3835001906236711,0.3,0.5,0.1,1.0
473448,mscoco,0.17965144217014312,0.3295744298701563,0.21283677145838736,0.4246418212980035,0.3,1.0,0.0,0.05
450598,mscoco,0.4065533667802811,0.6593117504028346,0.43749304860830307,0.6894117912687607,0.4,1.0,0.9,1.0
474157,mscoco,0.2072422482073307,0.4760142944093206,0.32141684740781784,0.48779931072200466,0.1,0.1111111111111111,0.2,1.0
74499,mscoco,0.052460066229105,0.18605208737641696,0.09870994053781032,0.2651649924942196,0.1,1.0,0.2,1.0
107610,mscoco,0.39577452540397645,0.633756127002822,0.4970181196928024,0.7335432694681181,0.4,1.0,0.6,0.5
200959,mscoco,0.2652860343456268,0.5415087264902956,0.3839797586202621,0.6568576929150929,0.3,1.0,0.7,1.0
463430,mscoco,0.10702574951574206,0.44499203417068134,0.06491007655858994,0.17475229822441954,0.0,0.0123456790123456,0.0,0.0085470085470085
512509,mscoco,0.11506586112082004,0.278779518046499,0.13510388061404227,0.3052899258906386,0.2,0.5,0.1,0.5
458921,mscoco,0.029570252168923616,0.08034568198914505,0.02378940172493458,0.07920807016905236,0.0,0.025,0.1,1.0
282667,mscoco,0.053775771893560885,0.15585850222655356,0.12832438573241234,0.21154457899736173,0.1,0.3333333333333333,0.1,0.5
448771,mscoco,0.036586815305054185,0.11363940535962917,0.049930191971361636,0.13803526418690582,0.0,0.0196078431372549,0.0,0.05
293598,mscoco,0.6290565073490143,0.7957714871080208,0.666646134853363,0.8230951538401005,0.7,1.0,0.8,1.0
541193,mscoco,0.06708301398903131,0.20226516943600242,0.08772465921938419,0.23112807323140896,0.0,0.0666666666666666,0.0,0.0588235294117647
356569,mscoco,0.0558572668582201,0.16221141435914194,0.07821533959358931,0.21679478279019787,0.1,0.125,0.0,0.0714285714285714
334513,mscoco,0.20745920836925508,0.3638831947115742,0.29564722925424575,0.49310691455126804,0.1,0.1111111111111111,0.6,1.0
430167,mscoco,0.04391687922179699,0.16084140629416466,0.06407617293298244,0.195255054200015,0.0,0.025,0.0,0.032258064516129
513125,mscoco,0.24418466463685035,0.4970644790641542,0.2489544041454792,0.45728107781115257,0.1,0.1428571428571428,0.2,0.3333333333333333
356257,mscoco,0.10025732330977917,0.2645936874484063,0.11889612339437008,0.2814348343573306,0.1,1.0,0.1,0.25
364010,mscoco,0.09023535400629043,0.23677809662480687,0.08021508753299714,0.20962916945987314,0.1,0.25,0.1,1.0
148542,mscoco,0.10031464733183384,0.22563649171877911,0.10023797266185283,0.26545410175175044,0.0,0.0526315789473684,0.0,0.037037037037037
82405,mscoco,0.1356143519282341,0.3271099085260371,0.12359308525919914,0.2625394356103405,0.7,1.0,0.4,1.0
70755,mscoco,0.07605922035872936,0.20288041179161723,0.09215252734720707,0.24930061970956857,0.1,0.1666666666666666,0.1,1.0
118927,mscoco,0.08605967722833156,0.18263001922709884,0.067195126414299,0.23083530454549214,0.1,1.0,0.1,0.3333333333333333
508915,mscoco,0.03167340252548456,0.1013646538121859,0.06965317763388157,0.1878884492066509,0.2,0.3333333333333333,0.1,0.2
491739,mscoco,0.1733661439269781,0.30240243352527846,0.13196170181035996,0.38577232110246773,0.0,0.0147058823529411,0.1,0.3333333333333333
147546,mscoco,0.1040770635008812,0.22452224450388883,0.20465009659528732,0.35705154793022853,0.5,0.3333333333333333,0.3,0.5
262213,mscoco,0.11928536519408225,0.25855320950745947,0.1592542715370655,0.33374411629804723,0.9,0.5,0.7,1.0
415728,mscoco,0.07557125110179186,0.22196920695010303,0.07740589939057826,0.2155091066178673,0.5,1.0,0.5,1.0
506873,mscoco,0.18800255432724952,0.40206268301357806,0.2307774841785431,0.438944554142624,0.6,1.0,0.7,1.0
538210,mscoco,0.33974647521972656,0.4652574532229162,0.4530750200152397,0.5182150068674144,0.2,0.2,0.6,0.5
581127,mscoco,0.10283996686339378,0.24229875573407902,0.09516070857644081,0.2541949257124235,0.0,0.0185185185185185,0.1,0.5
110013,mscoco,0.05218912549316883,0.1465460149048609,0.04259037114679813,0.1219440736388441,0.3,1.0,0.3,1.0
502286,mscoco,0.17767137549817563,0.39776971065285555,0.1339109055697918,0.3469728494704607,0.0,0.04,0.1,0.5
99425,mscoco,0.19765284806489944,0.4311852849864634,0.3134610190987587,0.46801330890573745,0.1,0.125,0.4,1.0
103042,mscoco,0.193727046251297,0.3819948182414775,0.2841996565461159,0.4615991168830811,0.3,1.0,0.7,0.5
360440,mscoco,0.05019760746508837,0.15777322119259815,0.04200807567685842,0.14389628876007265,0.1,1.0,0.1,1.0
409668,mscoco,0.3098234161734581,0.5039184562774217,0.3507063612341881,0.5596684806938204,0.9,1.0,0.9,1.0
421639,mscoco,0.024049835093319417,0.07512879318280154,0.022563114389777185,0.07289400756605677,0.0,0.0526315789473684,0.1,0.1111111111111111
277717,mscoco,0.019144916255027056,0.05932015685577545,0.02246934287250042,0.06978534987877998,0.1,1.0,0.1,1.0
113851,mscoco,0.11332352869212628,0.22308282746266297,0.06424725502729416,0.20969013889911714,0.6,0.5,0.4,1.0
380100,mscoco,0.27383663654327395,0.4778268073728837,0.4290666103363037,0.515725566384434,0.3,1.0,0.7,1.0
68601,mscoco,0.17302376553416252,0.41747930457273985,0.17659671157598494,0.3815244734393107,0.1,0.5,0.2,0.125
82229,mscoco,0.07196133956313133,0.1853811832021989,0.1446448750793934,0.2848500056373139,0.0,0.0909090909090909,0.0,0.0185185185185185
263462,mscoco,0.10779361166059971,0.2849599204800061,0.15490808933973313,0.3442557180068533,0.2,0.1666666666666666,0.4,0.5
352495,mscoco,0.07034492306411266,0.19283174272089207,0.10155444927513599,0.25232700614412534,0.5,1.0,0.6,0.5
64339,mscoco,0.06633809208869934,0.1748451701662878,0.06318244114518165,0.20394605888572068,0.1,1.0,0.1,0.3333333333333333
11156,mscoco,0.0272687247954309,0.10749928224804778,0.022589828725904225,0.08378491383760883,0.1,0.5,0.1,1.0
334872,mscoco,0.3715920962393284,0.656852219172098,0.41376569122076035,0.5648737514643234,0.3,0.3333333333333333,0.4,0.5
477820,mscoco,0.15010390803217888,0.3411565404928246,0.15557537078857422,0.35560945647370923,0.3,0.25,0.2,0.5
283884,mscoco,0.2447364941239357,0.6112713275082989,0.2989574372768402,0.5356251067768171,0.4,0.3333333333333333,0.6,0.5
418868,mscoco,0.029898849502205848,0.13465903513373284,0.051939876191318034,0.13632512194968363,0.1,0.25,0.2,1.0
350309,mscoco,0.19685377851128577,0.4122139364986732,0.19539026841521262,0.37174059299715595,0.2,0.3333333333333333,0.1,0.25
14537,mscoco,0.08297167848795653,0.27893946264395175,0.06833436787128448,0.22385415540665035,0.1,0.5,0.1,1.0
575040,mscoco,0.05604803804308176,0.18309062201693943,0.05055981054902077,0.1456183191013408,0.0,0.006578947368421,0.0,0.0018115942028985
449455,mscoco,0.16842320188879967,0.35588444483749027,0.18752480894327164,0.4239761158384024,0.9,1.0,0.6,1.0
211686,mscoco,0.1284331850707531,0.26785689053923695,0.0955956805497408,0.27876227344806,0.1,1.0,0.1,1.0
154745,mscoco,0.1265256017446518,0.23635726138713026,0.22154210656881332,0.4588381206385232,0.1,0.25,0.2,0.25
152084,mscoco,0.17244623303413392,0.528248993402584,0.1297498293220997,0.28417135081037687,0.1,0.1666666666666666,0.1,1.0
536390,mscoco,0.22558438032865524,0.43046091079762794,0.2909872137010098,0.38478034912206477,0.0,0.0666666666666666,0.3,0.3333333333333333
235906,mscoco,0.12644894793629646,0.2734744793569755,0.10692109391093255,0.26485197600347476,0.5,1.0,0.3,1.0
526126,mscoco,0.05560330282896757,0.1805003910865401,0.09438663683831691,0.2651311553201888,0.0,0.037037037037037,0.2,1.0
3711,mscoco,0.08463817574083805,0.22569328794916055,0.10369792580604553,0.20758176415973842,0.3,0.1666666666666666,0.2,1.0
275938,mscoco,0.27674602419137956,0.449505800809727,0.3665268063545227,0.5126659814203838,0.5,1.0,0.9,1.0
180130,mscoco,0.5199575930833816,0.7254081598998663,0.5783215746283531,0.7702140220385426,0.5,1.0,0.7,1.0
401037,mscoco,0.05131746623665094,0.156058771825027,0.050319449976086617,0.14049981219143914,0.0,0.0178571428571428,0.1,1.0
348816,mscoco,0.11270048208534718,0.3215768205354051,0.0866852842271328,0.28641637963346056,0.3,1.0,0.2,1.0
358300,mscoco,0.2334727019071579,0.5300676543677785,0.2059480294585228,0.4316586005196895,0.1,1.0,0.0,0.0588235294117647
226577,mscoco,0.24415254220366478,0.4359653110634175,0.29323958307504655,0.5352932881105814,0.5,0.5,0.3,0.5
425100,mscoco,0.08854474946856498,0.18869079169676975,0.1080166257917881,0.2842124311145194,0.1,0.1666666666666666,0.1,0.2
11184,mscoco,0.11773094683885574,0.22176573964797738,0.14187660329043866,0.33765708157174634,0.0,0.0434782608695652,0.0,0.03125
391972,mscoco,0.06868478003889322,0.12759964472565902,0.04961116295307875,0.13795842549907678,0.1,0.5,0.0,0.0714285714285714
578072,mscoco,0.13474001437425615,0.2705462544733311,0.07514766380190849,0.2257544220176094,0.2,1.0,0.1,1.0
558798,mscoco,0.10068113468587399,0.2531655001682761,0.055888083018362525,0.1871799012099388,0.1,0.25,0.0,0.0181818181818181
353559,mscoco,0.1263355864211917,0.2824483531808219,0.10264794640243054,0.2598801411415231,0.3,0.2,0.3,0.5
291117,mscoco,0.13129568472504616,0.28494089220413743,0.1883512444794178,0.46216873135448266,0.0,0.0769230769230769,0.6,1.0
372201,mscoco,0.07863461524248123,0.21291117963913517,0.14028584510087966,0.3149841738219118,0.0,0.0303030303030303,0.2,0.1666666666666666
204085,mscoco,0.14401307031512262,0.2772538517180124,0.1688530594110489,0.299303656757254,0.6,1.0,0.6,1.0
218965,mscoco,0.10527379624545574,0.30478984793446023,0.15475352555513383,0.3382027178553379,0.2,1.0,0.2,1.0
343012,mscoco,0.014889241149649023,0.05472640129021696,0.012975426437333227,0.042487770522554355,0.1,1.0,0.1,0.25
271941,mscoco,0.07909821681678295,0.24566832608643024,0.08924135230481625,0.21790842839907554,0.1,0.1666666666666666,0.2,0.5
230141,mscoco,0.11307276114821434,0.29326912148834244,0.17552387490868568,0.3924290333050893,0.1,0.25,0.1,0.2
58232,mscoco,0.28902917802333833,0.5463895851439947,0.28198841512203215,0.3909320166934592,0.0,0.0434782608695652,0.0,0.0303030303030303
175437,mscoco,0.031636421009898184,0.1036819348257825,0.056041176244616506,0.1571947389580289,0.1,0.5,0.0,0.0175438596491228
541010,mscoco,0.24681715667247772,0.39877608978421586,0.32611961513757703,0.5668888256158331,0.1,0.5,0.1,0.1666666666666666
140,drawbench,0.11105086840689182,0.23107678307286592,0.1956923596560955,0.37566150236265733,0.0,0.0,0.0,0.0
170558,mscoco,0.12616779357194902,0.27020739399561416,0.11612077280879021,0.3161752824741164,0.1,0.3333333333333333,0.2,0.3333333333333333
148267,mscoco,0.3289955258369446,0.5447124093437552,0.328550261259079,0.5262070904019018,0.1,1.0,0.1,1.0
531896,mscoco,0.03263504207134247,0.10945670413826114,0.04839621931314468,0.13959210631784766,0.0,0.0769230769230769,0.1,1.0
153620,mscoco,0.06389460153877735,0.18020502740854466,0.06475605070590973,0.21170732417468416,0.1,0.125,0.1,0.25
450,mscoco,0.2791063919663429,0.5035921630473537,0.43071752190589907,0.6435115106059264,0.2,1.0,0.3,0.3333333333333333
186605,mscoco,0.11165074296295643,0.22793467698629824,0.1219392728060484,0.3063778629245737,0.1,1.0,0.1,0.25
188845,mscoco,0.046357161924242975,0.14189153659384673,0.13619642853736877,0.4541781927491514,0.0,0.0039682539682539,0.0,0.0333333333333333
442400,mscoco,0.0275673714466393,0.10166511916401635,0.04344193609431386,0.16835576303006342,0.0,0.0416666666666666,0.1,0.25
493416,mscoco,0.03498075995594263,0.10997681906782036,0.03452078960835934,0.12474025798081549,0.0,0.0069444444444444,0.1,0.5
239532,mscoco,0.17617452181875706,0.31279951316796467,0.18393312618136406,0.3853040643547433,0.0,0.0263157894736842,0.1,1.0
5862,mscoco,0.03622202333062887,0.1240808525019795,0.036909636482596396,0.11093058956500869,0.1,0.1428571428571428,0.3,1.0
194744,mscoco,0.18285075947642326,0.3872799320021447,0.15842354148626328,0.3597147766238716,0.1,0.5,0.2,0.1428571428571428
570512,mscoco,0.04034028425812721,0.11724624407573814,0.048170295730233195,0.12974143654959303,0.0,0.0666666666666666,0.1,1.0
18191,mscoco,0.043941326811909674,0.16917132481166536,0.03824195833876729,0.11221055172192436,0.1,0.1666666666666666,0.0,0.0833333333333333
346093,mscoco,0.1965651459991932,0.37955808953122017,0.25705117732286453,0.5278787400674808,0.3,0.3333333333333333,0.3,1.0
549978,mscoco,0.1669157974421978,0.30679144795993096,0.23946506530046463,0.5029895518448809,0.0,0.0833333333333333,0.3,0.5
114468,mscoco,0.06322199292480946,0.14941581511219,0.0465934831649065,0.1555578611535497,0.1,0.5,0.2,1.0
45490,mscoco,0.03997046202421188,0.14851227725958085,0.06311419978737831,0.1728347292030078,0.1,0.25,0.1,1.0
99701,mscoco,0.10347558297216893,0.22485759134093888,0.10013031214475632,0.2290517322805413,0.2,0.5,0.2,0.1666666666666666
228336,mscoco,0.2074445128440857,0.4387072552277327,0.2876556634902954,0.4666464119095261,0.0,0.0625,0.3,0.5
442148,mscoco,0.2263288229703903,0.37313543231984203,0.2515691101551056,0.39458563419528575,0.3,1.0,0.2,1.0
155,drawbench,0.05588433798402548,0.1503145410187941,0.04700175430625677,0.1561109327954396,0.0,4.697702823319397e-05,0.0,0.000124254473161
539287,mscoco,0.12592368796467782,0.2440279850970228,0.2711424320936203,0.6187515216807681,0.0,0.0588235294117647,0.6,1.0
151466,mscoco,0.03164050364866853,0.11217954294188617,0.06126247849315405,0.2002281583560331,0.1,1.0,0.3,0.25
329908,mscoco,0.1932335875928402,0.3472251416329315,0.21501061767339708,0.4079509275507558,0.2,0.3333333333333333,0.4,0.3333333333333333
384986,mscoco,0.11304839104413986,0.35172938404079684,0.12080077603459358,0.28347790446949067,0.0,0.0068493150684931,0.0,0.0111111111111111
444801,mscoco,0.16193284690380097,0.2713765609068057,0.19795721173286437,0.3701135524813609,0.1,0.125,0.5,0.5
223875,mscoco,0.05777109693735838,0.14141594685404246,0.060220458172261716,0.20431133075859972,0.0,0.04,0.1,1.0
84493,mscoco,0.18359716832637787,0.32794492624488697,0.1588899813592434,0.39772542886101114,0.4,1.0,0.4,1.0
484206,mscoco,0.21065492033958436,0.3944993726578798,0.20653538778424263,0.4227640371983701,0.1,0.3333333333333333,0.2,1.0
223869,mscoco,0.10296382158994674,0.23444224023574742,0.0997535265982151,0.24028700941023992,0.3,0.5,0.5,1.0
13800,mscoco,0.20749831572175026,0.2683852382730267,0.2842532962560654,0.5409954994161531,0.2,0.1428571428571428,0.2,0.3333333333333333
62250,mscoco,0.08626398649066687,0.22009422153687297,0.09919834434986115,0.26368853175534557,0.1,0.5,0.2,0.3333333333333333
401092,mscoco,0.08100939393043519,0.20422230625266657,0.06848036013543606,0.1611630016075938,0.4,0.5,0.2,0.125
407626,mscoco,0.05266083627939224,0.17919617220335785,0.06401284225285053,0.15400999047313318,0.1,0.3333333333333333,0.0,0.0083333333333333
479866,mscoco,0.11734613962471485,0.34161022098570926,0.16838772222399712,0.4155700982493866,0.5,1.0,0.5,0.5
579247,mscoco,0.05066498126834631,0.14606489748040263,0.06479721367359162,0.16804307508898053,0.3,1.0,0.4,1.0
432832,mscoco,0.06398889087140561,0.16319114341579932,0.0592994038015604,0.1514292659593884,0.3,0.3333333333333333,0.4,1.0
297695,mscoco,0.02288391888141632,0.06535433734653194,0.03386986386030912,0.11447501572604296,0.1,0.1,0.1,1.0
440793,mscoco,0.1452182374894619,0.3500011969441722,0.32791807502508163,0.5023133653943708,0.1,1.0,0.1,1.0
484338,mscoco,0.1010387659072876,0.198097956678392,0.13334669470787047,0.30303702417464057,0.1,0.1111111111111111,0.4,0.1428571428571428
28654,mscoco,0.20618105828762054,0.37257864703594534,0.2162678673863411,0.40955053845889344,0.2,0.5,0.0,0.0227272727272727
372580,mscoco,0.024685488641262056,0.07870500019347734,0.037578020431101325,0.1054658091709691,0.0,0.0222222222222222,0.0,0.0227272727272727
53802,mscoco,0.06559982020407915,0.1651807470652307,0.05494242198765278,0.12162543315294796,0.1,1.0,0.1,1.0
72792,mscoco,0.21515872702002525,0.4543730582205329,0.22949324697256088,0.40787690405415905,0.0,0.0263157894736842,0.0,0.0333333333333333
185844,mscoco,0.2674971349537373,0.5284505562767692,0.2972222201526165,0.6309381182438566,0.1,0.1666666666666666,0.3,1.0
355347,mscoco,0.23310986608266832,0.40844417595589416,0.3066271349787712,0.4880126880504335,0.3,0.2,0.3,0.5
55237,mscoco,0.1032937929034233,0.2941787044168952,0.10617301277816296,0.21589876056714352,0.0,0.0344827586206896,0.0,0.0454545454545454
167910,mscoco,0.06911241076886654,0.16862703850454774,0.049568913877010345,0.12620923670828138,0.1,0.5,0.0,0.0166666666666666
398527,mscoco,0.23950064033269883,0.4724862305616333,0.21755293905735015,0.4565283823297803,0.2,1.0,0.5,1.0
484666,mscoco,0.21785504519939422,0.3467092486212102,0.19463653340935708,0.3840632706070877,0.1,0.5,0.1,1.0
399461,mscoco,0.05471439398825169,0.18472967053764458,0.07094993107020856,0.1946185554649843,0.1,0.5,0.2,1.0
71220,mscoco,0.13050538636744022,0.2622844484073405,0.17138030603528023,0.38125640770590136,0.1,0.1666666666666666,0.7,1.0
430391,mscoco,0.1649925783276558,0.287467023615402,0.22011602967977523,0.4082953873512729,0.6,1.0,0.4,1.0
81166,mscoco,0.1154700268059969,0.2572114279266781,0.1871041752398014,0.3824922398936767,0.0,0.0769230769230769,0.2,0.5
11690,mscoco,0.11244607344269753,0.30651378799181755,0.2818696960806847,0.647320907413328,0.3,0.5,0.6,1.0
74570,mscoco,0.1758368767797947,0.36349389845023267,0.1706620529294014,0.32664783233137457,0.7,0.5,0.7,1.0
495609,mscoco,0.10707862563431263,0.27672476577988553,0.18654165044426918,0.38167907308513366,0.1,0.125,0.1,1.0
286874,mscoco,0.08966965302824974,0.21708743234626596,0.10126929208636284,0.28391479606764464,0.1,0.3333333333333333,0.1,1.0
310562,mscoco,0.40931505560874937,0.6474044667504126,0.38828067034482955,0.5576266454995116,0.7,1.0,0.6,1.0
49946,mscoco,0.1252994567155838,0.35766792283953447,0.10528431832790375,0.27723824111912904,0.1,1.0,0.1,1.0
546114,mscoco,0.11678332574665547,0.2937305547054976,0.10615478157997131,0.2828588634493241,0.4,1.0,0.5,0.5
229052,mscoco,0.04544956982135773,0.14101200216970258,0.04282916188240051,0.1362603051668573,0.1,1.0,0.1,0.3333333333333333
218294,mscoco,0.12562271170318126,0.3221400371914906,0.16848073974251748,0.3484725599053683,0.1,1.0,0.3,1.0
262235,mscoco,0.2565916828811169,0.44304180846984487,0.3199193090200424,0.5093002800240094,0.6,1.0,1.0,1.0
53229,mscoco,0.06007715575397014,0.266098540282911,0.06906354427337646,0.16297947177973413,0.3,1.0,0.8,0.5
447209,mscoco,0.0659394983202219,0.16882527371469294,0.08076367154717445,0.23409808409908445,0.2,1.0,0.1,0.3333333333333333
166096,mscoco,0.29089142233133314,0.49500363650555507,0.2954673796892166,0.46162515672728044,0.3,0.25,0.2,0.2
70363,mscoco,0.042300818301737306,0.12126668517623648,0.0631576469168067,0.15060139313135862,0.0,0.03125,0.1,0.1111111111111111
23355,mscoco,0.06782057955861091,0.1908735679753332,0.0670417208224535,0.17102910558570808,0.1,1.0,0.1,1.0
269886,mscoco,0.06722023263573647,0.1682719709113588,0.12781818956136703,0.31705082459582384,0.0,0.0185185185185185,0.2,0.125
237445,mscoco,0.05285703055560589,0.2089555020151254,0.07671779058873654,0.20476802069944824,0.0,0.0769230769230769,0.4,1.0
63835,mscoco,0.27346603125333785,0.42890061230530907,0.29382959604263303,0.439499636798595,0.5,1.0,0.9,1.0
272255,mscoco,0.29027040898799894,0.3518079078582352,0.3468977361917496,0.6121761564526613,0.5,0.3333333333333333,0.3,1.0
373414,mscoco,0.0928966348990798,0.25573427451969566,0.11274955794215202,0.20908382177031148,0.1,0.1111111111111111,0.5,1.0
466827,mscoco,0.2251700356602669,0.4364878895794259,0.2839921057224274,0.4970359116406894,0.4,1.0,0.7,0.5
506026,mscoco,0.024574576877057552,0.0926919904767371,0.041536469291895625,0.11311748798773515,0.1,0.25,0.1,1.0
262145,mscoco,0.1253028467297554,0.3480407836903828,0.3642291441559792,0.5381503019022493,0.1,1.0,0.4,1.0
40210,mscoco,0.07855430506169796,0.21905500640724554,0.08786361254751682,0.23333514857252086,0.1,1.0,0.1,0.3333333333333333
281652,mscoco,0.041927226819097996,0.12900308600316748,0.035403461568057536,0.11456870189719284,0.2,1.0,0.2,1.0
280808,mscoco,0.3269063428044319,0.604526987190653,0.32023530304431913,0.6037913829943524,0.0,0.05,0.2,0.1666666666666666
244549,mscoco,0.2432074174284935,0.455690910810038,0.2692283481359482,0.43809883702673447,0.1,0.25,0.2,1.0
179504,mscoco,0.0283694121055305,0.08227311396182552,0.03264757841825485,0.112064611787617,0.0,0.0769230769230769,0.1,0.1428571428571428
177353,mscoco,0.09806740880012513,0.23943807358752378,0.08815264403820038,0.2235232014096297,0.1,1.0,0.1,1.0
298830,mscoco,0.24405410289764404,0.5274209502312613,0.27587521970272066,0.48335343734927816,0.1,1.0,0.3,0.5
126182,mscoco,0.052558091655373576,0.16081868156581094,0.0867435835301876,0.24371774901072024,0.0,0.0208333333333333,0.1,0.125
112904,mscoco,0.10651332288980483,0.2436789241257777,0.11934286952018738,0.3633885253047617,0.0,0.0555555555555555,0.1,0.1666666666666666
211080,mscoco,0.054580270498991015,0.14036672811173792,0.08638700731098652,0.2217373375303284,0.0,0.027027027027027,0.5,1.0
526729,mscoco,0.37275759130716324,0.5192856067542423,0.37390885055065154,0.506480507813689,0.2,0.25,0.1,0.1666666666666666
474180,mscoco,0.09973842091858387,0.2418265161771455,0.12695499751716852,0.2893741600640876,0.1,0.5,0.1,1.0
466083,mscoco,0.09573749266564846,0.23018037842738565,0.15134113617241382,0.2907216641286226,0.0,0.05,0.0,0.0285714285714285
154,drawbench,0.05165528878569603,0.1688187694083033,0.051631896011531356,0.17891382641658746,0.0,0.0,0.0,0.0
183805,mscoco,0.13271936625242234,0.38831001005473076,0.12231623306870461,0.2866429212333637,0.1,0.1,0.0,0.0263157894736842
185571,mscoco,0.04810433238744736,0.13574495966227657,0.04821297004818916,0.1385790596545441,0.1,0.5,0.1,1.0
27471,mscoco,0.2993104696273804,0.611361570303734,0.3943090721964836,0.5384859682750756,0.3,1.0,0.2,0.5
21504,mscoco,0.10485894232988358,0.26669148555592237,0.13707835376262664,0.33737786616812393,0.1,1.0,0.1,0.1111111111111111
422676,mscoco,0.08585679847747088,0.29643071055954756,0.1027984593063593,0.27628202155744763,0.1,1.0,0.1,0.5
452930,mscoco,0.0945039488375187,0.2873250772077407,0.1262045368552208,0.21571243560486178,0.0,0.0625,0.2,0.3333333333333333
473500,mscoco,0.0970750629901886,0.24380993659835887,0.10356206409633159,0.23352021684415816,0.1,0.5,0.1,0.1428571428571428
32708,mscoco,0.10303633362054825,0.2529634850491519,0.15007409155368806,0.28386002359152984,0.2,0.1666666666666666,0.4,1.0
578255,mscoco,0.09954865612089633,0.32911680158508333,0.20482796877622605,0.3360245357426804,0.1,0.3333333333333333,0.1,1.0
249792,mscoco,0.037090296857059,0.1427930345652614,0.03808634448796511,0.14718479244248242,0.1,1.0,0.1,1.0
188795,mscoco,0.3356663018465042,0.4740287962181712,0.32218476086854936,0.48869713165830303,0.3,1.0,0.5,0.3333333333333333
299205,mscoco,0.06582907270640134,0.18527363274924089,0.03652343517169356,0.1100830329754873,0.1,1.0,0.2,1.0
404406,mscoco,0.06816566884517669,0.23985106652423321,0.0829555045813322,0.21667289265735296,0.1,1.0,0.1,1.0
145690,mscoco,0.1433238595724106,0.43616124610677476,0.14412816911935805,0.3149878542780858,0.0,0.0277777777777777,0.1,1.0
400332,mscoco,0.2826404318213463,0.42725728901637744,0.2826685860753059,0.5424171331669522,0.2,0.25,0.2,1.0
202810,mscoco,0.12264947518706322,0.2783144088330967,0.16277131661772729,0.4123804538588565,0.2,0.2,0.1,0.125
52,drawbench,0.06687874142080545,0.14645465490952142,0.05947794690728188,0.15847356381562255,0.0,0.0,0.0,0.0
225700,mscoco,0.2590554468333721,0.4843108040363401,0.34550942182540895,0.6424811445441324,0.1,0.1428571428571428,0.2,0.25
273106,mscoco,0.079114112816751,0.23681633756038295,0.11626255810260773,0.30566365421401437,0.0,0.0263157894736842,0.0,0.0588235294117647
394840,mscoco,0.05907002594321966,0.1524185840225628,0.0666439887136221,0.1610748651568665,0.1,1.0,0.2,1.0
323810,mscoco,0.2837161973118782,0.5588863271042059,0.27413664758205414,0.5627005972191829,0.5,1.0,0.5,1.0
174892,mscoco,0.09927154891192913,0.2638754126528657,0.09288497939705849,0.19252057327829927,0.4,0.1428571428571428,0.2,0.1666666666666666
365507,mscoco,0.23897236287593843,0.39629123458527826,0.2678082898259163,0.48550765668928697,0.4,0.25,0.7,1.0
531963,mscoco,0.0772022284567356,0.20296668241316618,0.097692746296525,0.264070939005075,0.0,0.0555555555555555,0.1,0.1428571428571428
214127,mscoco,0.16867805495858193,0.45861555162626794,0.19282276555895805,0.35281497700574,0.2,0.3333333333333333,0.2,0.1111111111111111
230991,mscoco,0.17675813511013985,0.34257344358897035,0.21833671480417252,0.48216069532452566,0.1,1.0,0.6,1.0
552962,mscoco,0.2096690356731415,0.448733399906045,0.23605141192674636,0.40399642245943096,0.1,1.0,0.1,0.1111111111111111
534565,mscoco,0.2290891759097576,0.40741648551334375,0.26103858947753905,0.510920974218298,0.8,1.0,0.7,1.0
423647,mscoco,0.11783531047403813,0.22021936180305798,0.14358288124203683,0.3358815644971251,0.2,0.1666666666666666,0.3,0.5
48,drawbench,0.040230414178222415,0.12743363587151255,0.04715031553059816,0.13010291093192,0.0,0.0,0.0,0.0
50480,mscoco,0.049282072484493254,0.14009200482169726,0.07674327418208123,0.1674840263754839,0.0,0.0089285714285714,0.1,0.125
138768,mscoco,0.10226577967405319,0.253937766762354,0.12062726095318795,0.2830102772221625,0.2,0.5,0.1,0.25
480482,mscoco,0.06778727546334266,0.21083460148724667,0.09118122905492783,0.22369553731191077,0.1,0.5,0.1,0.5
150024,mscoco,0.07137481458485126,0.17916150999284797,0.07355600632727147,0.22193377471675668,0.2,0.5,0.2,1.0
94793,mscoco,0.052873507142066956,0.15757369718944012,0.0944631651043892,0.21380457006076106,0.0,0.04,0.2,1.0
378313,mscoco,0.02518218206241727,0.09807175232995373,0.042099225148558614,0.12441414054829551,0.0,0.0021231422505307,0.1,1.0
504921,mscoco,0.61319040954113,0.8498125387193861,0.6277024775743485,0.8396265237756797,1.0,1.0,1.0,1.0
292116,mscoco,0.08546045124530792,0.23974762002749242,0.20976734459400176,0.37228900350313526,0.0,0.0084033613445378,0.1,1.0
109012,mscoco,0.2748326763510704,0.49236663920453344,0.2940245807170868,0.455637516816154,0.4,1.0,0.8,0.5
504657,mscoco,0.20375851839780806,0.3398390279006296,0.35797598361968996,0.5568424302935672,0.2,0.1428571428571428,0.9,1.0
72850,mscoco,0.18738405257463456,0.3547828288128436,0.19948575496673585,0.3259390703650037,0.0,0.0434782608695652,0.4,1.0
273316,mscoco,0.16291195005178452,0.35795177114226784,0.24153963178396226,0.48869632717858086,0.3,1.0,0.3,1.0
354261,mscoco,0.04343593306839466,0.141861023489247,0.0554939279332757,0.15866236323773394,0.0,0.0909090909090909,0.0,0.0833333333333333
54437,mscoco,0.3005438193678856,0.5122277057223339,0.2630794316530228,0.4186554072743306,0.5,1.0,0.1,0.1666666666666666
249251,mscoco,0.12237401977181435,0.2366594797734474,0.1538425162434578,0.32594580132772,0.2,0.5,0.1,0.5
99747,mscoco,0.06146021597087383,0.1584151966895869,0.06371060647070408,0.16475450675731346,0.6,0.5,0.6,1.0
23976,mscoco,0.16304780170321465,0.29663908039094244,0.14705444350838662,0.3144864058763522,0.1,0.3333333333333333,0.3,0.2
295295,mscoco,0.4143031820654869,0.6512718387731712,0.42694237381219863,0.6108004220216243,0.3,0.25,0.4,0.3333333333333333
32712,mscoco,0.2659838795661926,0.3638958410257213,0.36247357726097107,0.4859272151445897,0.0,0.0625,0.1,0.125
4616,mscoco,0.07045134529471397,0.1883270813214399,0.09145286791026593,0.20818910849037006,0.1,0.5,0.1,1.0
529096,mscoco,0.09323826506733894,0.2576855205419331,0.09671188294887542,0.2356867946456757,0.1,1.0,0.2,1.0
537349,mscoco,0.029725894518196582,0.10844428201815175,0.033540295995771886,0.10474636155850313,0.0,0.0625,0.0,0.0434782608695652
367853,mscoco,0.23988314270973204,0.45286671251462995,0.2769274994730949,0.46157212779032036,0.2,1.0,0.5,1.0
323231,mscoco,0.07101783566176892,0.17999432467429255,0.08197600934654474,0.19729683200329093,0.0,0.003076923076923,0.1,0.125
385317,mscoco,0.20218865126371383,0.40783111578073444,0.19540953487157822,0.3399100508262586,0.3,0.3333333333333333,0.1,1.0
284192,mscoco,0.07640041820704938,0.20269199938123145,0.1033024925738573,0.2202202488511944,0.1,1.0,0.1,1.0
384790,mscoco,0.24472816437482833,0.4225986832765237,0.22753384709358215,0.5529881593870011,0.0,0.0769230769230769,0.0,0.0384615384615384
237758,mscoco,0.18838128447532654,0.4449820236195411,0.15974750481545924,0.2950823048944898,0.4,1.0,0.5,0.25
201134,mscoco,0.058800059370696545,0.20073941577599347,0.09276141449809075,0.19194354369108096,0.1,1.0,0.1,0.5
33,drawbench,0.09638560228049756,0.24773484117679748,0.09193617850542068,0.23921380574794512,0.0,0.0,0.0,0.0
220118,mscoco,0.21121542006731034,0.3718125123856444,0.21123411282896995,0.40664576785854206,0.0,0.0169491525423728,0.1,1.0
182118,mscoco,0.017511054826900362,0.0623813701198741,0.019463675934821366,0.058047062552379805,0.0,0.0076923076923076,0.1,1.0
101569,mscoco,0.14477125369012356,0.3593411298588937,0.2058194138109684,0.3401458552541311,0.2,1.0,0.3,0.5
111754,mscoco,0.39000067338347433,0.45289263663507023,0.5369885057210922,0.6875623042844394,0.2,0.2,0.8,1.0
209920,mscoco,0.0659211166203022,0.18346045041060444,0.0772362519055605,0.24034377957331587,0.0,0.0333333333333333,0.1,0.1666666666666666
534426,mscoco,0.18860369995236398,0.4844641382332795,0.20925026759505272,0.37268761224478325,0.1,0.125,0.4,0.5
165298,mscoco,0.06797009892761707,0.18109411755330285,0.13727338314056398,0.3325147666810202,0.1,0.1666666666666666,0.0,0.0833333333333333
289007,mscoco,0.08874851856380701,0.30251941810048316,0.06736808642745018,0.19968065628900816,0.0,0.0625,0.1,1.0
11796,mscoco,0.11612934358417988,0.2443660733608846,0.12247857227921485,0.2585573656135089,0.1,0.5,0.1,1.0
537135,mscoco,0.09700581654906273,0.2332506694329172,0.1276834886521101,0.38031257335979435,0.1,0.5,0.2,1.0
120977,mscoco,0.1076634343713522,0.2576825424724108,0.08188924565911293,0.22703533971662596,0.1,0.5,0.1,0.25
259103,mscoco,0.12098291143774986,0.2776797616649129,0.08791328445076943,0.22918213069984372,0.0,0.0357142857142857,0.1,0.5
49073,mscoco,0.3162436708807945,0.5204562093968523,0.3192530408501625,0.45582847416271194,0.0,0.00074294205052,0.0,0.0049261083743842
387855,mscoco,0.034895692858844994,0.1292046124076954,0.04150226814672351,0.11453498124074192,0.0,0.0050251256281407,0.1,0.5
252549,mscoco,0.14828452095389366,0.3493992128623607,0.1332819029688835,0.34410143110034563,0.1,0.25,0.1,0.5
506232,mscoco,0.24526192471385003,0.5602367966828119,0.2825946003198624,0.5755293377863252,0.1,1.0,0.4,1.0
178876,mscoco,0.3048498034477234,0.5224410112649369,0.3020882561802864,0.41654310967612523,0.1,0.1,0.1,1.0
98709,mscoco,0.057906939461827275,0.15891331082716104,0.08637366145849228,0.21234981471563144,0.2,0.3333333333333333,0.5,1.0
83328,mscoco,0.0682917196303606,0.22971637074227555,0.1721677601337433,0.3846035359247203,0.1,0.1,0.2,1.0
467180,mscoco,0.027367489784955977,0.09706151223840825,0.05611187517642975,0.16512398735893533,0.2,1.0,0.0,0.0833333333333333
362244,mscoco,0.12676406949758529,0.3195506774157076,0.12555562928318978,0.271360023875681,0.3,1.0,0.1,0.1428571428571428
382182,mscoco,0.11771532744169236,0.2627499243820787,0.13058857806026936,0.30885936078966086,0.2,0.3333333333333333,0.3,1.0
79545,mscoco,0.14375399686396123,0.286862786858984,0.2018055446445942,0.5239208229574641,0.0,0.0909090909090909,0.2,0.1666666666666666
516233,mscoco,0.029454696085304023,0.08609058205067488,0.036283453181386,0.11627909298159432,0.1,0.3333333333333333,0.1,1.0
544127,mscoco,0.13050607815384865,0.2948469911253336,0.13666705414652824,0.28309113957861765,0.1,0.5,0.1,0.1428571428571428
97734,mscoco,0.08270246461033821,0.18357036777725322,0.07310451455414295,0.18420230448581063,0.2,0.5,0.4,1.0
29752,mscoco,0.09328112341463565,0.23377005219923655,0.14028200432658194,0.3004080537492464,0.1,0.5,0.1,1.0
412491,mscoco,0.026763814873993395,0.09655186411028377,0.036610639467835424,0.10857774736911062,0.1,0.3333333333333333,0.0,0.0526315789473684
111,drawbench,0.08627760373055934,0.2455237719319435,0.11674215681850911,0.3324811608287345,0.1,0.3333333333333333,0.0,0.0052910052910052
354929,mscoco,0.0571623932570219,0.14261436465409902,0.060200654715299604,0.18987873892520796,0.1,0.25,0.1,1.0
558242,mscoco,0.1409307774156332,0.3248630636049637,0.14786669686436654,0.30418060883783865,0.0,0.0416666666666666,0.1,0.25
462129,mscoco,0.033408929128199816,0.08920187423929309,0.034602859243750575,0.09846946185800191,0.0,0.0065359477124183,0.0,0.0555555555555555
462925,mscoco,0.31187141351401804,0.5776726014302647,0.375691819190979,0.6358281660921936,0.3,0.5,0.3,1.0
45343,mscoco,0.056526172906160355,0.14862120196566908,0.09121358878910542,0.18144781295940732,0.1,1.0,0.1,1.0
538299,mscoco,0.16530911177396773,0.424592086002889,0.1555194564163685,0.32183568595905115,0.1,1.0,0.2,0.2
245002,mscoco,0.3408553570508957,0.5456978388878079,0.44335960447788236,0.5853555126465285,0.6,0.3333333333333333,0.9,1.0
259414,mscoco,0.05796742904931307,0.17624689893553663,0.042202326282858846,0.11574015286498822,0.0,0.0131578947368421,0.0,0.0147058823529411
130314,mscoco,0.05000753868371248,0.16314620117262277,0.05718553457409144,0.1860319386142519,0.1,1.0,0.1,1.0
544120,mscoco,0.21967728063464165,0.4521957250769636,0.09561757817864418,0.3633659912973861,0.0,0.0062111801242236,0.0,0.04
196510,mscoco,0.09426892083138227,0.26258141718964434,0.133504824526608,0.286130704985793,0.0,0.0172413793103448,0.0,0.0333333333333333
226197,mscoco,0.10285201780498028,0.25082971215005895,0.19021230190992355,0.3399808517599276,0.0,0.05,0.2,0.2
500568,mscoco,0.13571032136678696,0.32669546918537823,0.13648388758301735,0.3510006850559459,0.1,0.125,0.1,1.0
351149,mscoco,0.11178500764071941,0.28903659016235844,0.1205463495105505,0.29766671390323524,0.0,0.0416666666666666,0.0,0.0769230769230769
298600,mscoco,0.057392526511102916,0.11781383829325451,0.07821336388587952,0.2139478284546407,0.0,0.024390243902439,0.3,1.0
434027,mscoco,0.21246239244937898,0.4061686925256302,0.19025580137968062,0.3451170383077635,0.0,0.037037037037037,0.2,1.0
116851,mscoco,0.06240003760904074,0.1788187741249048,0.06216845661401749,0.2007564560883827,0.4,1.0,0.5,1.0
364567,mscoco,0.2736874848604202,0.5421184515391432,0.554086658358574,0.7261933338869546,0.2,0.3333333333333333,0.6,1.0
363957,mscoco,0.10009604208171367,0.3377388758811062,0.10062047615647315,0.22734356199959077,0.8,1.0,0.9,1.0
568974,mscoco,0.018362817261368035,0.06621036175457298,0.0262606848962605,0.08129890501653116,0.0,0.0059523809523809,0.1,1.0
223739,mscoco,0.039565898664295676,0.1320488514975668,0.04520111903548241,0.12229261507975173,0.0,0.0588235294117647,0.0,0.0833333333333333
59171,mscoco,0.4749243125319481,0.7437938451729209,0.5944057136774064,0.7599930560096794,0.7,1.0,0.9,1.0
521218,mscoco,0.13348374590277673,0.3747108230791062,0.16420348808169366,0.31850185213792864,0.4,1.0,0.8,1.0
367329,mscoco,0.0937062120065093,0.2459477762041708,0.13961180597543715,0.3580571332687,0.1,0.25,0.4,1.0
352061,mscoco,0.13832304552197455,0.2965558840161591,0.1600492276251316,0.3164741534294197,0.2,0.125,0.2,1.0
484636,mscoco,0.19022732600569725,0.37012603124089366,0.2132352076470852,0.29155943531599665,0.1,0.1428571428571428,0.1,1.0
264461,mscoco,0.057643463276326655,0.1590466226294708,0.11377588436007499,0.3122439348015279,0.0,0.0085470085470085,0.0,0.0384615384615384
148165,mscoco,0.01881973196286708,0.08764114773440122,0.04447094025090337,0.17459551189965872,0.1,1.0,0.0,0.024390243902439
429593,mscoco,0.08796361833810806,0.17102723043665993,0.07713441736996174,0.2080008525925397,0.1,0.5,0.1,1.0
15757,mscoco,0.35106156244874,0.6244155299510169,0.45518445074558256,0.7207149843126323,0.0,0.0153846153846153,0.1,0.1111111111111111
37032,mscoco,0.06148656578734517,0.16663798410648037,0.17653527557849885,0.3381273218613893,0.0,0.0769230769230769,0.9,1.0
99515,mscoco,0.11823672465980054,0.2904036556764327,0.15517125390470027,0.37317860460091323,0.0,0.0022573363431151,0.0,0.0769230769230769
501624,mscoco,0.23085503727197648,0.44505194232866174,0.23933360129594802,0.38200944907208906,0.7,1.0,0.8,1.0
91780,mscoco,0.09663472138345242,0.23637136076968338,0.09137345142662526,0.22115662922522739,0.1,0.5,0.1,0.5
473195,mscoco,0.09246966037899255,0.1762479344553689,0.09196498543024063,0.2015066566267948,0.0,0.0010111223458038,0.0,0.0059171597633136
200241,mscoco,0.04768308959901333,0.12898855173739143,0.05557573437690735,0.15354087061058688,0.1,1.0,0.1,1.0
20966,mscoco,0.13795433267951013,0.2969161525849598,0.11794012747704982,0.2842734716444423,0.4,0.25,0.5,1.0
477005,mscoco,0.19325146898627282,0.3015777283086584,0.1579539142549038,0.34737659324137377,0.4,0.5,0.6,1.0
568281,mscoco,0.05026456136256456,0.14413454104405676,0.09255044870078563,0.2438883876788435,0.1,0.25,0.1,0.1428571428571428
289075,mscoco,0.052337614633142945,0.15976412776023696,0.08793299309909344,0.2185505295735599,0.1,1.0,0.1,1.0
315211,mscoco,0.025023161247372628,0.07011476642836796,0.024011131934821607,0.06790159066590998,0.1,1.0,0.1,1.0
370763,mscoco,0.058247648552060126,0.16862900554254248,0.07367810346186161,0.2056572292470194,0.1,1.0,0.4,1.0
245337,mscoco,0.060134169459342954,0.1778697468257,0.09863126650452614,0.21157558876496696,0.3,1.0,0.2,0.5
359085,mscoco,0.09028264619410038,0.2527792249867516,0.11098602563142776,0.2299842138696601,0.1,1.0,0.1,1.0
151956,mscoco,0.042617104668170216,0.1113846808776038,0.03723266143351793,0.10549782206779902,0.2,0.3333333333333333,0.2,1.0
442666,mscoco,0.09694217853248119,0.3520470252807933,0.11394402906298637,0.2538469267073926,0.0,0.0833333333333333,0.1,0.1111111111111111
139214,mscoco,0.1247631624341011,0.2987628499671858,0.17048304826021193,0.41338741065898615,0.2,0.1666666666666666,0.2,0.5
112586,mscoco,0.07350862585008144,0.22247333096995356,0.10763849094510078,0.28628521524400213,0.6,1.0,0.3,1.0
277080,mscoco,0.3021824020892382,0.6038718575065802,0.32951067239046095,0.5574339006920862,0.5,0.5,0.4,0.5
497261,mscoco,0.06682176925241948,0.18946965984467132,0.10955307409167289,0.2609576265219364,0.0,0.032258064516129,0.0,0.024390243902439
421314,mscoco,0.20599934607744216,0.2813154267843077,0.2093817748129368,0.37291779926666996,0.3,0.1428571428571428,0.1,1.0
9288,mscoco,0.16798026561737062,0.4275745230252841,0.18042706847190856,0.413363067322634,0.7,1.0,0.6,1.0
249587,mscoco,0.1251632295548916,0.26611734536061377,0.20888257995247841,0.3806259308232409,0.2,0.5,0.3,0.25
169179,mscoco,0.13718386366963387,0.29406800833637375,0.20316399484872819,0.3345290448918601,0.2,0.1111111111111111,0.4,0.2
446521,mscoco,0.06291415579617024,0.16698129488738697,0.06053878776729107,0.19215654975402352,0.0,0.0109890109890109,0.0,0.05
203098,mscoco,0.01677454514428973,0.06274795992199689,0.01610767198726535,0.0709366502283626,0.6,1.0,1.0,1.0
83102,mscoco,0.14165187180042266,0.3549160648753923,0.12955857068300247,0.29854222170768907,0.1,0.1428571428571428,0.0,0.0909090909090909
105,drawbench,0.30023596063256264,0.3658808165791061,0.4567010372877121,0.6832763322923698,0.0,0.0175438596491228,0.0,0.0769230769230769
254989,mscoco,0.05725391451269388,0.15424985696321736,0.08723272047936917,0.257103611133715,0.3,0.25,0.4,1.0
474528,mscoco,0.053004907257854936,0.13092233110225618,0.05518876351416111,0.15650286226155974,0.1,0.125,0.1,0.25
523546,mscoco,0.06098470278084278,0.16443286223366813,0.06344929710030556,0.16972454696519196,0.1,1.0,0.1,1.0
371256,mscoco,0.04996178112924099,0.138951828568234,0.03335479442030191,0.11784760055910382,0.2,1.0,0.1,0.25
444453,mscoco,0.04306815573945642,0.13155958006720653,0.045604943111538884,0.134781080795756,0.1,1.0,0.1,1.0
127515,mscoco,0.15227448455989362,0.3460143136382839,0.15822658762335778,0.33283849439562757,0.0,0.015625,0.0,0.0909090909090909
15667,mscoco,0.29372522979974747,0.5376369495641771,0.35648206919431685,0.6172762469561253,0.5,0.5,0.8,1.0
525851,mscoco,0.0781970351934433,0.20788071217716173,0.06509272828698158,0.17508444552050917,0.7,1.0,0.4,1.0
63777,mscoco,0.08764502648264169,0.21424956070644216,0.10130837894976139,0.25246745223426775,0.1,1.0,0.1,0.125
247422,mscoco,0.07845480311661959,0.17855475430671888,0.06556730233132839,0.18933731729128958,0.2,0.5,0.1,1.0
227724,mscoco,0.06904722340404987,0.16654936247481522,0.06088901348412037,0.1531126692335664,0.0,0.0344827586206896,0.1,0.1428571428571428
419828,mscoco,0.03975428082048893,0.1658052972913642,0.05516755999997258,0.18228638548294135,0.1,1.0,0.1,1.0
123166,mscoco,0.09114872086793184,0.19343494760007457,0.154698808118701,0.29575150095426894,0.0,0.0285714285714285,0.1,0.5
146236,mscoco,0.01810107068158686,0.046747771763778166,0.019807091541588308,0.0721031107807093,0.1,0.1111111111111111,0.1,0.25
264406,mscoco,0.23766763210296632,0.44535688134352364,0.23668687641620637,0.44990858979647863,0.2,0.5,0.2,1.0
311709,mscoco,0.11675171516835689,0.22467677819524162,0.14291863925755025,0.36988534913100857,0.1,1.0,0.5,1.0
54086,mscoco,0.07936767283827066,0.19441179612599757,0.06522103771567345,0.2681477498989447,0.0,0.015625,0.0,0.0042918454935622
124729,mscoco,0.15845538154244423,0.3920824489210955,0.18680543899536134,0.4218521610395754,0.9,1.0,0.8,1.0
521334,mscoco,0.11587163880467415,0.3453392622495995,0.17136444970965387,0.26720592859697967,0.1,0.25,0.1,0.5
400309,mscoco,0.020040049590170382,0.07042374376362087,0.04408811195753515,0.15569039143349955,0.0,0.0625,0.1,1.0
385601,mscoco,0.13601020947098733,0.30157359009662077,0.18054776936769484,0.3725524805946761,0.4,0.5,0.5,1.0
39978,mscoco,0.14835152328014373,0.33659515759209735,0.13850365206599236,0.3465828727144932,0.3,0.25,0.3,1.0
444949,mscoco,0.1094690602272749,0.2523172875911673,0.17135027050971985,0.5015952792297791,0.1,0.3333333333333333,0.1,0.2
428178,mscoco,0.10497007891535759,0.25236886168347583,0.11150456257164479,0.3129032254113526,0.0,0.0069930069930069,0.0,0.0131578947368421
120416,mscoco,0.42385677248239517,0.5733622363708737,0.42438989132642746,0.6096500458621524,0.6,1.0,0.8,1.0
52281,mscoco,0.21856828778982162,0.3399493476418673,0.31913585811853407,0.5823110655534883,0.1,0.125,0.2,0.3333333333333333
187592,mscoco,0.12640627697110177,0.2776557476967051,0.14558276087045668,0.4248897592196387,0.2,0.25,0.3,1.0
98478,mscoco,0.00845131988171488,0.030469583800553694,0.009103062562644482,0.03261453392452668,0.1,0.1428571428571428,0.1,1.0
471599,mscoco,0.23358216732740403,0.4109230022040795,0.2443283885717392,0.47972891417895513,0.1,0.1666666666666666,0.2,1.0
136232,mscoco,0.0865527605637908,0.23249923148037177,0.11742461817339063,0.23499439724536875,0.0,0.0555555555555555,0.0,0.0833333333333333
270740,mscoco,0.21346010640263557,0.36566724448043575,0.3009630888700485,0.5044995601190129,0.1,1.0,0.5,0.3333333333333333
310536,mscoco,0.24325535744428634,0.5007473636697402,0.3553206354379654,0.6017296686744312,0.2,1.0,0.4,0.5
469515,mscoco,0.016130686877295373,0.06448294548643045,0.025141990557312966,0.07538740138238034,0.0,0.0032051282051282,0.1,0.3333333333333333
251252,mscoco,0.1666960496455431,0.2932049193302638,0.19489532560110093,0.4552325134600585,0.2,0.2,0.4,1.0
560646,mscoco,0.04114462956786156,0.1301051633554537,0.05526687428355217,0.15737217094162345,0.6,1.0,1.0,1.0
36029,mscoco,0.1749483399093151,0.3347674403783349,0.20579882562160492,0.4127795861893366,0.1,0.5,0.1,1.0
302216,mscoco,0.25564320012927055,0.4571590155371209,0.3327616177499294,0.6056647150646196,0.1,0.3333333333333333,0.3,1.0
178156,mscoco,0.2116567812860012,0.37649150924875047,0.18335516676306723,0.3967158839497341,0.0,0.0022573363431151,0.0,0.0135135135135135
535604,mscoco,0.1475599303841591,0.3533963452441317,0.12805545330047607,0.2693346815212726,0.6,1.0,0.3,0.5
462577,mscoco,0.20825768113136292,0.3617707507863816,0.23944165632128717,0.41142928266595774,0.0,0.0666666666666666,0.4,0.5
360585,mscoco,0.2482029005885124,0.39522158854283995,0.2512894690036774,0.4327418100615035,0.4,0.25,0.6,0.5
336764,mscoco,0.07633109614253045,0.21897075993576987,0.0804377868771553,0.19732480822254367,0.0,0.0128205128205128,0.1,0.1111111111111111
277237,mscoco,0.05305636934936046,0.1585045094132966,0.053888598829507826,0.14659180807153463,0.1,0.1666666666666666,0.2,0.5
11326,mscoco,0.07991910073906183,0.19032792256439157,0.10619680546224117,0.23510559832743771,0.1,0.5,0.1,1.0
243443,mscoco,0.050164461694657804,0.15756200808647966,0.06879691276699304,0.21881953765680404,0.2,0.1666666666666666,0.3,0.25
97724,mscoco,0.10242957882583141,0.3028396805136481,0.21151316538453102,0.39369899641151274,0.0,0.0555555555555555,0.3,0.5
248753,mscoco,0.06159709189087152,0.16118770217390943,0.06478252392262221,0.17231357429583766,0.0,0.0277777777777777,0.0,0.0095238095238095
331676,mscoco,0.19971014745533466,0.4143308731841539,0.4217510253190994,0.7403200247872962,0.0,0.0217391304347826,0.1,1.0
169500,mscoco,0.08096221052110195,0.26373720126654693,0.12437821589410306,0.2912337615414955,0.1,0.125,0.2,1.0
475035,mscoco,0.18665112536400558,0.3848640269297316,0.1853629406541586,0.37223142327532865,0.2,0.1428571428571428,0.3,0.3333333333333333
383923,mscoco,0.39579887092113497,0.5665709053287526,0.3957712322473526,0.5536436723121574,0.4,0.2,0.4,1.0
330229,mscoco,0.07190452851355075,0.2077826038090484,0.09902950040996075,0.21521252000041016,0.0,0.0476190476190476,0.3,1.0
259421,mscoco,0.15223900750279426,0.3424091560135276,0.15543850809335708,0.3293589068484211,0.1,1.0,0.1,0.2
453558,mscoco,0.07188381850719452,0.22493113062748088,0.07116824463009834,0.19380214815310987,0.1,0.1428571428571428,0.1,1.0
47632,mscoco,0.047031693533062933,0.13068697521590228,0.04472639299929142,0.14229967867622215,0.0,0.0909090909090909,0.1,0.5
556406,mscoco,0.23485212326049804,0.42132578669674775,0.31001281887292864,0.5082041689596597,0.4,1.0,0.4,0.3333333333333333
205563,mscoco,0.36857023388147353,0.4656703179833113,0.34416372776031495,0.635309806601297,0.5,0.25,0.2,1.0
358287,mscoco,0.14204085618257523,0.2807054294230234,0.14765165820717813,0.27422069708533064,0.1,0.1428571428571428,0.3,0.5
172727,mscoco,0.17020204439759254,0.32560571158206136,0.17838656455278395,0.3549280664292884,0.1,1.0,0.1,1.0
274148,mscoco,0.10510077774524688,0.28576488851992815,0.13809453696012497,0.33769539219544065,0.0,0.0147058823529411,0.2,0.125
395957,mscoco,0.06145462747663259,0.16508017330575997,0.06707159914076329,0.1948893341189843,0.0,0.0555555555555555,0.2,0.5
27656,mscoco,0.11953039839863777,0.23398794113584218,0.16521588638424872,0.3251126581166538,0.5,1.0,0.9,1.0
535663,mscoco,0.1888003334403038,0.3553745190384309,0.1991597443819046,0.4229845520670577,0.3,0.3333333333333333,0.3,0.3333333333333333
59012,mscoco,0.08305284148082137,0.21991445500376322,0.14084523022174836,0.30571196399941986,0.1,0.5,0.1,1.0
338732,mscoco,0.03574474547058344,0.125405073901427,0.02986541632562876,0.12356218172992452,0.1,1.0,0.1,1.0
34800,mscoco,0.05705590397119522,0.13971128085059956,0.09289641566574573,0.2469976967301425,0.0,0.027027027027027,0.3,0.5
78290,mscoco,0.18675740510225297,0.38222696671867523,0.3414997413754463,0.5748867171481433,0.0,0.0028328611898017,0.1,0.1428571428571428
34235,mscoco,0.18855569139122963,0.33177225074770395,0.2190056100487709,0.41707680356720683,0.0,0.0344827586206896,0.1,0.5
149993,mscoco,0.11524809449911118,0.24389167933554537,0.1337715893983841,0.2796396394487343,0.1,0.1666666666666666,0.2,1.0
92,drawbench,0.09539147838950157,0.21504953888627082,0.12764689065515994,0.25567904366519423,0.0,0.0769230769230769,0.0,0.0019920318725099
289739,mscoco,0.03817903678864241,0.12317150039809159,0.0470535172149539,0.12404459891624892,0.1,0.1,0.0,0.0217391304347826
11,drawbench,0.1896615982055664,0.4563139057759095,0.1704015776515007,0.3696988649293281,0.0,1.886863655232273e-05,0.0,1.9478748685184465e-05
394681,mscoco,0.05811324883252382,0.15444925630086243,0.07347804978489876,0.1710362563304954,0.1,0.3333333333333333,0.1,0.1428571428571428
404984,mscoco,0.1011859968304634,0.2866538119066618,0.11913455910980701,0.2547585831234805,0.0,0.003831417624521,0.0,0.0095238095238095
95777,mscoco,0.15176179595291614,0.3889654293879484,0.23111194521188735,0.46807402973650664,0.2,0.5,0.2,0.25
516158,mscoco,0.06261091716587544,0.21535291715481103,0.0807380372658372,0.2518682053766795,0.0,0.015625,0.1,0.25
223569,mscoco,0.1252617932856083,0.24170862665268047,0.2546856164932251,0.4476795207841791,0.1,1.0,0.3,1.0
107782,mscoco,0.05796858053654432,0.18776657068920855,0.06869831085205078,0.1882143864811699,0.1,0.25,0.4,0.5
98881,mscoco,0.0172464513219893,0.06645054670380128,0.01829067631624639,0.0632726713579103,0.1,1.0,0.1,1.0
94045,mscoco,0.24209117591381074,0.39324525781512343,0.338463106751442,0.4953262661474421,0.3,0.3333333333333333,1.0,1.0
498015,mscoco,0.05318201165646315,0.15196852495999916,0.0663592278957367,0.16457438598542168,0.1,1.0,0.0,0.0526315789473684
451172,mscoco,0.042938522063195705,0.12492130991287657,0.047095772437751295,0.15736952233700605,0.1,0.3333333333333333,0.1,1.0
535211,mscoco,0.04734506141394377,0.128640246582619,0.0523789469152689,0.1501176465793072,0.1,0.25,0.1,0.5
18476,mscoco,0.03829514794051647,0.13108372650360237,0.048366178199648856,0.14475506957822679,0.1,1.0,0.1,1.0
275930,mscoco,0.04984499700367451,0.12915526338021355,0.07894021272659302,0.1968744231755553,0.0,0.0833333333333333,0.1,1.0
507434,mscoco,0.08258220441639423,0.20964181514180968,0.05741597265005112,0.17111409518536763,0.1,0.25,0.0,0.0020366598778004
29122,mscoco,0.106350963935256,0.2546606512874267,0.12550389841198922,0.3146445182940732,0.0,0.0769230769230769,0.1,1.0
116204,mscoco,0.15099939778447152,0.2823704146669561,0.19215370789170266,0.3087891002204738,0.4,1.0,0.4,0.5
274815,mscoco,0.13317880257964135,0.32500926576715483,0.16952241063117982,0.3894526724828139,0.2,0.25,0.1,0.3333333333333333
507215,mscoco,0.06991169713437557,0.16437897005199822,0.08755726218223572,0.28718913257585865,0.4,0.25,0.2,0.5
559658,mscoco,0.15460929721593858,0.3334026504254674,0.2343564972281456,0.4025110469710425,0.4,0.3333333333333333,0.5,0.5
344157,mscoco,0.7306482553482055,0.8714861646749216,0.8061627984046936,0.9239001057877715,1.0,1.0,1.0,1.0
327768,mscoco,0.112307683005929,0.2265262217785765,0.08352596499025822,0.23176030183953789,0.2,1.0,0.2,1.0
35424,mscoco,0.06695891730487347,0.19432221435488248,0.1405270740389824,0.2509028791278077,0.2,1.0,0.5,1.0
412698,mscoco,0.17204684168100357,0.3682205203815079,0.17823775112628937,0.36954177245716224,0.2,1.0,0.1,1.0
502588,mscoco,0.14913602247834207,0.33212807926201615,0.12549459151923656,0.3674387501769046,0.5,0.3333333333333333,0.5,1.0
515527,mscoco,0.04246585974469781,0.13677623972148312,0.05186158362776041,0.1571764033601545,0.1,1.0,0.1,1.0
382958,mscoco,0.08906487822532654,0.20556841026269324,0.07568622939288616,0.2320415650193638,0.0,0.0666666666666666,0.1,0.5
166975,mscoco,0.08466881699860096,0.18179143737417544,0.08860243894159794,0.2247599067815499,0.1,0.5,0.1,0.125
397640,mscoco,0.20635270550847054,0.4129124426428453,0.27431322187185286,0.43879442200068497,0.1,0.25,0.1,0.1666666666666666
462880,mscoco,0.12478014696389436,0.22294912755681076,0.06364613976329565,0.15912687287567504,0.1,1.0,0.1,1.0
104808,mscoco,0.07682048380374909,0.1622251105756513,0.05464159529656172,0.14880095526611234,0.1,0.25,0.0,0.05
30235,mscoco,0.23528389632701874,0.43646178403234837,0.37821783423423766,0.5613974511507114,0.3,0.25,0.7,0.5
513219,mscoco,0.05952940713614226,0.1491439639281437,0.05460635144263506,0.1839861893883387,0.1,0.25,0.2,1.0
63,drawbench,0.02549070809036493,0.13163054340760647,0.035187698621302846,0.1095925811625071,0.0,0.0,0.0,0.0
245771,mscoco,0.06355609595775605,0.17315607168562364,0.08809009715914726,0.21759784556157677,0.4,0.5,0.4,1.0
1375,mscoco,0.2530458025634289,0.3915055543741986,0.37147864103317263,0.5705509040916094,0.4,0.5,0.3,0.1666666666666666
167479,mscoco,0.11000300385057926,0.25888761305512004,0.12207652702927589,0.28806050324811744,0.0,0.0232558139534883,0.3,1.0
124874,mscoco,0.14149140529334545,0.4404675640949483,0.07791092693805694,0.20770717356636526,0.1,0.3333333333333333,0.0,0.0056497175141242
506901,mscoco,0.06421155948191881,0.19455970234521985,0.0900034535676241,0.25162566781658924,0.3,0.2,0.5,1.0
519754,mscoco,0.04300603438168764,0.17133251017148046,0.05679231528192759,0.19299495378696097,0.1,1.0,0.1,1.0
336457,mscoco,0.14800651483237742,0.34604020950375713,0.21756602451205254,0.4505869799874296,0.0,0.0526315789473684,0.4,0.25
290974,mscoco,0.03348857974633575,0.08086213441982214,0.030361320730298756,0.09061140703177693,0.1,1.0,0.1,0.3333333333333333
18918,mscoco,0.25410605520009993,0.4659878423202795,0.22639534622430801,0.3673342558145228,1.0,1.0,0.7,0.3333333333333333
153140,mscoco,0.10312349274754525,0.21427972527974157,0.20113002583384515,0.395530259187692,0.0,0.0769230769230769,0.3,1.0
83481,mscoco,0.027564415987581015,0.10072591970618412,0.02708280747756362,0.08222186357763202,0.2,0.5,0.2,1.0
204473,mscoco,0.06053908802568912,0.17417060537379317,0.06033202055841684,0.22634268290587115,0.0,0.0526315789473684,0.0,0.0476190476190476
419074,mscoco,0.18154450505971909,0.3953283113484531,0.26076693534851075,0.41377561764499926,0.0,0.0357142857142857,0.1,0.125
261235,mscoco,0.058201939240098,0.14837555899902563,0.08632546495646239,0.20141214595480625,0.0,0.0909090909090909,0.1,1.0
338971,mscoco,0.028554301615804432,0.08878572648543992,0.044898932613432405,0.134233383136894,0.1,0.1,0.1,0.3333333333333333
223183,mscoco,0.4308041274547577,0.5393000413153326,0.48578294217586515,0.7476464543844533,0.9,1.0,0.7,1.0
450711,mscoco,0.06300357263535261,0.170123521824186,0.0577130813151598,0.22095974634161672,0.1,0.5,0.1,1.0
490187,mscoco,0.27377520576119424,0.569348082206519,0.287164556235075,0.5613720938828045,0.1,0.5,0.1,0.3333333333333333
564602,mscoco,0.07322848960757256,0.1872986292365448,0.147844248265028,0.309250580149816,0.0,0.0188679245283018,0.4,0.5
452201,mscoco,0.055880427733063696,0.1830426291974272,0.06501209624111652,0.18612101564483186,0.0,0.05,0.2,1.0
443334,mscoco,0.33823082894086837,0.47549571527187573,0.45130022466182707,0.6968552945792832,0.3,0.2,0.3,1.0
18075,mscoco,0.25649477541446686,0.45110002412279016,0.40942261815071107,0.6331748125799074,0.4,0.3333333333333333,1.0,1.0
50,drawbench,0.06588141918182373,0.17477302093361174,0.07389515042304992,0.1955382279002116,0.0,0.0,0.0,0.0
86,drawbench,0.08793458007276059,0.21513937277880665,0.10723235607147216,0.28411372343793656,0.1,0.125,0.0,0.0555555555555555
171808,mscoco,0.17836265340447427,0.41355735276724054,0.18833270967006682,0.38475303391185994,0.2,0.1428571428571428,0.5,1.0
572487,mscoco,0.05040491968393326,0.15497625143242896,0.07886575683951377,0.22719590798808462,0.0,0.037037037037037,0.2,0.1666666666666666
566765,mscoco,0.08547197915613651,0.22104152204689526,0.08394300416111947,0.1912523734895536,0.1,1.0,0.2,0.5
163514,mscoco,0.07677001729607583,0.15150273533589373,0.10544384531676769,0.23426492492163226,0.1,1.0,0.1,1.0
311128,mscoco,0.10759579464793205,0.27309199765346015,0.12261114716529846,0.325244097476072,1.0,1.0,0.9,1.0
520858,mscoco,0.13815347850322723,0.29305518631065863,0.2577526390552521,0.5033691090282224,0.0,0.0833333333333333,0.5,0.3333333333333333
271051,mscoco,0.03683251291513443,0.12362782137902996,0.04172434797510505,0.11536599966861225,0.1,0.5,0.1,1.0
532933,mscoco,0.11062468364834785,0.2491898687331642,0.12930443957448007,0.2752509278549432,0.0,0.0434782608695652,0.1,1.0
475974,mscoco,0.09118596613407134,0.27720981576399895,0.11439468190073968,0.28396528349999683,0.1,0.3333333333333333,0.0,0.0217391304347826
206731,mscoco,0.04856801424175501,0.15578334990411924,0.05005098003894091,0.15000486884187367,0.1,0.5,0.1,0.3333333333333333
450212,mscoco,0.09585333317518234,0.2510281849400042,0.09802708402276039,0.2300470805852124,0.1,1.0,0.1,0.3333333333333333
188478,mscoco,0.12484387680888176,0.2600228583183109,0.14325585067272187,0.2976880281393278,0.4,1.0,0.2,1.0
463944,mscoco,0.01572420559823513,0.049608981008338014,0.020639820815995337,0.07057551625915678,0.1,0.1,0.0,0.0294117647058823
521657,mscoco,0.2546488165855408,0.3833456486675932,0.22784413844347,0.38830816103325744,0.2,1.0,0.1,1.0
310511,mscoco,0.03934632502496242,0.10458876406068965,0.07640838120132684,0.16477726394643374,0.1,0.3333333333333333,0.1,1.0
24859,mscoco,0.0901619428768754,0.26237427387978574,0.21791680604219438,0.42201337048106985,0.1,0.1,0.2,1.0
402662,mscoco,0.07393315620720387,0.24627600808991365,0.09643092006444931,0.273646340955111,0.2,0.25,0.4,1.0
109791,mscoco,0.12328789234161378,0.26231490629767745,0.16368474066257477,0.3117857952205356,0.2,0.3333333333333333,0.3,1.0
62,drawbench,0.17775404527783395,0.29449793627161935,0.18816704377532006,0.3938989066834097,0.0,0.0025839793281653,0.0,0.0023809523809523
298190,mscoco,0.06279582418501377,0.16836398846393164,0.07338017709553242,0.19687759823067402,0.1,0.125,0.3,1.0
86065,mscoco,0.30310049206018447,0.5693452576844422,0.5213640332221985,0.659499248751098,0.4,0.5,0.4,0.25
127726,mscoco,0.03486034274101257,0.11299682980913282,0.02696621520444751,0.10515343644709696,0.2,1.0,0.1,1.0
572825,mscoco,0.13033527359366417,0.3118753442016896,0.19920490309596062,0.3787444386693831,0.4,0.5,0.7,1.0
246009,mscoco,0.13555562123656273,0.3034747611929357,0.13747412338852882,0.26257002719230593,0.5,1.0,0.7,1.0
517906,mscoco,0.10064840503036976,0.2679700686242153,0.17407310828566552,0.3493506195666761,0.0,0.0909090909090909,0.1,0.1666666666666666
265256,mscoco,0.09089725092053413,0.20632849552431642,0.0631778746843338,0.16556005547281363,0.0,0.0833333333333333,0.2,1.0
373038,mscoco,0.0568232343532145,0.18952668006226955,0.05955743230879307,0.18675138751945095,0.0,0.0909090909090909,0.1,1.0
53720,mscoco,0.1465550571680069,0.26265371283826705,0.16803061813116074,0.3513503296877053,0.4,0.5,0.8,0.3333333333333333
514116,mscoco,0.04360014945268631,0.14314746755635344,0.06269146874547005,0.193924809604061,0.0,0.0625,0.3,0.5
395396,mscoco,0.4092158615589142,0.7528020548954575,0.45803653001785277,0.6904131763542773,0.5,1.0,0.8,1.0
118851,mscoco,0.1221919011324644,0.2628347361463069,0.13060073927044868,0.28459446654211606,0.4,1.0,0.6,1.0
198625,mscoco,0.20030105039477347,0.3908302036855927,0.22753591388463973,0.4872949871629062,0.0,0.0333333333333333,0.2,0.2
53,drawbench,0.09035986885428429,0.17489061963592914,0.0783054806292057,0.19575589539711497,0.0,0.0,0.0,0.0
99,drawbench,0.010896838712505996,0.04060506916610613,0.005596908996813,0.022695054944517398,0.0,0.0,0.0,0.0
132656,mscoco,0.42006693333387374,0.5882687287940893,0.3907500639557838,0.5743717837900345,0.2,0.3333333333333333,0.2,0.5
213276,mscoco,0.026290040090680124,0.08049897884115037,0.035461435280740264,0.09976949950231376,0.1,1.0,0.1,1.0
123974,mscoco,0.15072073899209498,0.4058305144218848,0.1612295236438513,0.32136241490993744,0.5,1.0,0.6,0.5
131,drawbench,0.1449273880571127,0.3817843318338727,0.15204576253890992,0.35420699832148583,0.0,0.0,0.0,0.0
435096,mscoco,0.0362664571031928,0.13994480394119263,0.04094397174194455,0.15767725504099908,0.1,1.0,0.1,1.0
509764,mscoco,0.03279998619109392,0.10261944348659875,0.055849877372384074,0.11430612677818,0.1,0.5,0.0,0.0454545454545454
204273,mscoco,0.21782886758446693,0.3202929776385179,0.188539869338274,0.34795870870598655,0.1,0.2,0.1,0.125
299768,mscoco,0.2624413698911667,0.4865512668803379,0.4140168145298958,0.6451220290242264,0.0,0.003012048192771,0.3,0.25
135369,mscoco,0.3186995893716812,0.5013148004978325,0.32463722079992297,0.5792028479186623,0.8,1.0,0.6,1.0
508053,mscoco,0.1449099935591221,0.3244937679003667,0.26798594295978545,0.4718150902187183,0.1,0.2,0.2,0.5
475413,mscoco,0.054189509339630605,0.1950249836888603,0.15419541206210852,0.37145116585882737,0.0,0.0434782608695652,0.0,0.027027027027027
44328,mscoco,0.05755009893327952,0.18868311232776955,0.07288688719272614,0.17719250517911847,0.1,1.0,0.1,0.3333333333333333
127743,mscoco,0.13417294956743717,0.3424615080082402,0.10283957757055759,0.3214086223327817,0.2,1.0,0.2,1.0
316842,mscoco,0.2671683207154274,0.4240881777348893,0.2028529942035675,0.45523021299166105,0.0,0.0769230769230769,0.2,0.5
131075,mscoco,0.05740227252244949,0.14537615409768906,0.08321353942155837,0.22139849161029182,0.0,0.0059171597633136,0.2,1.0
323812,mscoco,0.15327280685305594,0.32571461973300164,0.16056737303733826,0.29816443778403384,0.4,1.0,0.6,1.0
354212,mscoco,0.31729048639535906,0.41519791973345416,0.4381768375635147,0.8158632341236988,0.3,1.0,0.7,1.0
33645,mscoco,0.022415568120777607,0.08165957034237262,0.030945470836013556,0.09449856005131822,0.1,0.5,0.1,0.25
285529,mscoco,0.1929616205394268,0.3502433719289385,0.1930506221950054,0.3380157104493195,0.6,0.5,0.7,1.0
52669,mscoco,0.0867798637598753,0.218089397212297,0.10790873765945434,0.2624657680141992,0.0,0.0416666666666666,0.2,0.5
47328,mscoco,0.1684914529323578,0.46673235448937134,0.20486035868525504,0.4288063826112454,0.4,0.5,0.3,0.3333333333333333
256513,mscoco,0.04349588789045811,0.1336908932842657,0.10258005671203137,0.3291900831971544,0.0,0.0833333333333333,0.3,0.5
561196,mscoco,0.04138294439762831,0.10781198513359604,0.04017119016498327,0.1115957942993266,0.1,1.0,0.1,1.0
411261,mscoco,0.04584383410401642,0.16163880433882033,0.06310161612927914,0.19273278541578073,0.1,1.0,0.1,1.0
578056,mscoco,0.021937214210629462,0.08312687864892018,0.031100999936461447,0.09549989290818223,0.1,0.3333333333333333,0.1,1.0
110926,mscoco,0.11394963972270489,0.24959339136900308,0.17461499348282813,0.3323497777983446,0.0,0.0204081632653061,0.1,1.0
290175,mscoco,0.08122669868171215,0.18335274459901924,0.09032744951546193,0.26577976857709235,0.4,0.2,0.6,1.0
295589,mscoco,0.04590640086680651,0.15451901922268474,0.06493874415755271,0.18998349018490376,0.0,0.0028735632183908,0.0,0.0025316455696202
442478,mscoco,0.11424854397773743,0.3024749510931774,0.18574230521917343,0.34039891864466876,0.0,0.0108695652173913,0.0,0.0153846153846153
267598,mscoco,0.15915670171380042,0.37316822532440164,0.20842307806015015,0.3956080881503249,0.3,1.0,0.4,1.0
386424,mscoco,0.10979391410946845,0.20549027208371182,0.11055383011698723,0.3058115248268328,0.2,0.3333333333333333,0.1,0.1666666666666666
10727,mscoco,0.09843824487179517,0.24536209647248922,0.12694183513522148,0.36115420879530474,0.0,0.0454545454545454,0.1,0.1
7452,mscoco,0.2602261021733284,0.3626688496860581,0.38042002767324445,0.49673395663324293,0.2,0.1666666666666666,0.5,0.5
322560,mscoco,0.05846094619482756,0.14988637574521085,0.0779192715883255,0.22785921898702136,0.3,0.25,0.4,1.0
185849,mscoco,0.05018191616982222,0.12789731167295923,0.058314576372504236,0.1895395077718824,0.1,0.1666666666666666,0.0,0.0067567567567567
459827,mscoco,0.04830345716327429,0.13452018997995702,0.07711900770664215,0.2076142694472816,0.0,0.0769230769230769,0.3,0.5
415840,mscoco,0.11442485079169273,0.33132584589648767,0.09095708094537258,0.24213500161524215,0.0,0.0303030303030303,0.0,0.0057471264367816
206274,mscoco,0.12187305688858033,0.280688164319495,0.11022291295230388,0.27505412628305403,0.1,1.0,0.2,1.0
239888,mscoco,0.19409303069114686,0.39304137297076547,0.24701739698648453,0.4381127764150574,0.1,0.3333333333333333,0.6,0.5
120,drawbench,0.11631290018558502,0.26200002569623576,0.1389378160238266,0.28599197639887597,0.0,0.0,0.0,0.0
309169,mscoco,0.08585242517292499,0.1815110078325132,0.12816479951143264,0.28227577821909017,0.0,0.04,0.2,0.5
112996,mscoco,0.09637294709682465,0.28959514610028475,0.1012861467897892,0.2922591532786022,0.1,1.0,0.1,1.0
459343,mscoco,0.22216471061110496,0.43620201597923763,0.2316647380590439,0.471641410987386,0.4,1.0,0.7,1.0
471488,mscoco,0.1899329699575901,0.3222736721339642,0.15067629441618918,0.3034552813411901,0.0,0.0024213075060532,0.0,0.025
252919,mscoco,0.18700020313262938,0.3255374627074869,0.19610925167798995,0.3940159401413564,0.3,1.0,0.4,0.5
7945,mscoco,0.05581392515450716,0.1486811221122573,0.0690837049856782,0.26470202150766,0.0,0.0625,0.1,1.0
162215,mscoco,0.21479760408401488,0.4135106766325965,0.20653908103704452,0.3435524359338816,0.4,0.5,0.6,1.0
193889,mscoco,0.040253326669335364,0.12708235024257683,0.07720362916588783,0.19201198163247418,0.0,0.0070422535211267,0.1,1.0
46,drawbench,0.06527248565107584,0.17266476638410044,0.07109877914190292,0.16755542973463156,0.0,0.0,0.0,0.0
30,drawbench,0.14578435234725476,0.38902150926199797,0.16352284625172614,0.31536653350193966,0.0,0.0,0.0,0.0
386864,mscoco,0.05729877166450024,0.17858730586194896,0.06063823327422142,0.2348045477264217,0.1,0.25,0.2,0.25
232287,mscoco,0.038059058226644994,0.11869260090196282,0.037988911382853985,0.12033775674399952,0.0,0.0204081632653061,0.1,0.5
241027,mscoco,0.31674169898033144,0.5836605971527815,0.25111372396349907,0.4046346065492691,0.6,0.3333333333333333,0.3,0.1666666666666666
213795,mscoco,0.07831761725246907,0.25450205802172116,0.11652539372444153,0.24280676478010088,0.1,0.25,0.2,0.25
12059,mscoco,0.06741497963666916,0.20066209860215115,0.06910640969872475,0.22089719475619612,0.1,1.0,0.1,1.0
162753,mscoco,0.1020015550777316,0.3092119698517872,0.13564775809645652,0.38129529586804767,0.2,1.0,0.0,0.0555555555555555
425458,mscoco,0.057174820080399515,0.1571993013078615,0.112194137647748,0.2514234284615661,0.2,0.5,0.4,0.3333333333333333
368956,mscoco,0.16853626556694506,0.2853122176155054,0.11343604922294617,0.2701043988868469,0.1,0.1,0.0,0.0526315789473684
496410,mscoco,0.04708945322781801,0.12986296236745037,0.05126450788229704,0.17055057771135107,0.1,0.1111111111111111,0.2,0.5
532612,mscoco,0.0997881643474102,0.2648646186892719,0.09059275314211845,0.23708226410237965,0.1,1.0,0.0,0.0625
230837,mscoco,0.13731576278805732,0.3017013825949656,0.19231297373771666,0.3599574636671953,0.0,0.0196078431372549,0.0,0.0769230769230769
460882,mscoco,0.46306680142879486,0.7198342857709424,0.4785647362470627,0.6048294482509423,0.4,0.5,0.3,0.5
485852,mscoco,0.05994336623698473,0.16238343407350825,0.13002304024994374,0.2216228106469491,0.1,0.3333333333333333,0.0,0.0416666666666666
72342,mscoco,0.13917071260511876,0.2552705847373264,0.14275437220931053,0.34455103282355243,0.2,1.0,0.1,0.2
81017,mscoco,0.1276474442332983,0.24183975880662226,0.16584254577755927,0.3140969623814525,0.0,0.0909090909090909,0.1,0.125
401828,mscoco,0.05452394094318151,0.15254962646164413,0.07690980881452561,0.24736161470744433,0.2,0.1666666666666666,0.2,1.0
554138,mscoco,0.16613569259643554,0.27793526003300667,0.3781468853354454,0.5522175422391983,0.0,0.0666666666666666,0.1,0.1111111111111111
321742,mscoco,0.298848582804203,0.4250707374819782,0.2856114417314529,0.47471319572370796,0.4,1.0,0.7,1.0
574384,mscoco,0.24955813139677047,0.40621139760026687,0.21720826327800752,0.4549793999060682,0.0,0.002020202020202,0.0,0.0014306151645207
446557,mscoco,0.07704927772283554,0.2240499419133643,0.08443086184561252,0.20604741036632246,0.1,0.1428571428571428,0.0,0.05
253498,mscoco,0.14941140823066235,0.2838618640471443,0.17192623764276505,0.4867566670908152,0.1,0.3333333333333333,0.4,0.25
448251,mscoco,0.06309166513383388,0.15593129154496063,0.05862337313592434,0.15872847671380802,0.1,0.5,0.0,0.0188679245283018
116622,mscoco,0.4749511152505875,0.6300388963827172,0.4550373762845993,0.7923258863616177,0.3,1.0,0.3,0.3333333333333333
486899,mscoco,0.19867312274873256,0.2950805642178798,0.2398215875029564,0.45261840459605124,0.2,1.0,0.0,0.0178571428571428
59295,mscoco,0.14629245176911354,0.34001012079043386,0.1705661743879318,0.442422551964871,0.1,1.0,0.1,0.2
289012,mscoco,0.11431992761790752,0.24203554707696476,0.09873188510537148,0.2795503349147384,0.1,0.2,0.1,1.0
435902,mscoco,0.20874379873275756,0.3851122707672939,0.27469292283058167,0.39508034182819757,0.2,0.25,0.6,1.0
480518,mscoco,0.10248419344425201,0.2644945166503794,0.08795618787407875,0.28522283539122756,0.5,0.5,0.4,1.0
39272,mscoco,0.16827316880226134,0.3049218012366441,0.15171021297574044,0.3427137595778154,0.1,0.5,0.1,1.0
558579,mscoco,0.04400456808507443,0.1631170535645096,0.05394733846187592,0.14217325537601108,0.2,1.0,0.2,0.2
143348,mscoco,0.22235325127840042,0.37332545964733627,0.2770642086863518,0.48679261653638006,0.1,1.0,0.4,0.2
16961,mscoco,0.038348672445863485,0.11449585561279955,0.0401702031493187,0.12588410690206592,0.1,0.5,0.1,0.1428571428571428
489939,mscoco,0.046245431341230867,0.1665963883326023,0.0905891265720129,0.24706868560722547,0.0,0.0116279069767441,0.1,0.3333333333333333
185281,mscoco,0.09995487798005342,0.4179873496076953,0.09711683318018913,0.4200416957758655,0.2,1.0,0.2,1.0
500622,mscoco,0.030104859825223686,0.08812012950929896,0.02876607533544302,0.08754046206325194,0.1,1.0,0.1,0.5
220772,mscoco,0.1387154571712017,0.2744235955256024,0.10075742416083813,0.2930050462696139,0.0,0.0060240963855421,0.0,0.0068965517241379
550400,mscoco,0.11934642866253853,0.2750695326222824,0.10728972367942333,0.27460874358883086,0.2,1.0,0.2,1.0
378906,mscoco,0.20501712262630462,0.3114477660586942,0.138617542758584,0.35719328090753494,0.0,0.0769230769230769,0.1,1.0
542111,mscoco,0.1640951856970787,0.4234358609696694,0.25445712059736253,0.4176393032634292,0.1,0.1,0.0,0.0666666666666666
3217,mscoco,0.23736860677599908,0.5255543661487301,0.27453515082597735,0.4309045379959544,0.4,1.0,0.4,0.5
96625,mscoco,0.058434336073696615,0.1803537065075973,0.10002710595726967,0.25558570667607206,0.1,0.5,0.4,1.0
60328,mscoco,0.2528710260987282,0.43696928914999555,0.3774355247616768,0.5739772966724368,0.1,0.1666666666666666,0.3,0.1666666666666666
402287,mscoco,0.04955303892493248,0.17615461769241691,0.05465708486735821,0.16951546296869038,0.3,1.0,0.4,0.25
517909,mscoco,0.027533457335084676,0.07889584116082189,0.03382112327963114,0.12086309537623484,0.1,0.5,0.0,0.0285714285714285
113233,mscoco,0.040871532168239355,0.11232253752448602,0.07253094036132098,0.18394054588555964,0.0,0.0072463768115942,0.1,1.0
77181,mscoco,0.05529864523559809,0.15271124323830065,0.08414115123450756,0.19833809639396596,0.1,0.5,0.0,0.0024752475247524
371243,mscoco,0.1397651821374893,0.29594061780912356,0.26922291666269305,0.5456081754164833,0.0,0.0666666666666666,0.8,1.0
146656,mscoco,0.12560328096151352,0.28502586166809063,0.17475331723690032,0.31271751774497536,0.1,0.2,0.0,0.0666666666666666
430688,mscoco,0.02555003622546792,0.07888187175503084,0.03200959609821439,0.111019631341239,0.1,0.25,0.1,1.0
143449,mscoco,0.10266122557222843,0.24558131746830703,0.14642112776637078,0.3356589513276745,0.5,1.0,0.3,1.0
57433,mscoco,0.15470938719809055,0.32172003095582064,0.18605223223567008,0.4005320482058725,0.1,0.2,0.0,0.0769230769230769
298736,mscoco,0.05022550635039806,0.15418583495897906,0.07527868784964084,0.19280723445307119,0.1,1.0,0.4,1.0
406550,mscoco,0.21296458914875985,0.40841200524116844,0.17549648880958557,0.35744534702938463,0.1,0.1428571428571428,0.0,0.037037037037037
561903,mscoco,0.0648865969851613,0.20066961469425665,0.07704753689467907,0.22389194581386979,0.0,0.0476190476190476,0.1,1.0
227699,mscoco,0.36261768639087677,0.6890333601040849,0.3759314358234406,0.6539955312929568,0.4,1.0,0.4,0.5
59821,mscoco,0.08642709888517856,0.2327520035506879,0.1198264330625534,0.30473839387671536,0.0,0.0083333333333333,0.0,0.04
265612,mscoco,0.09158759526908397,0.23510936417339176,0.07254842594265938,0.2255988811355138,0.3,1.0,0.2,1.0
24591,mscoco,0.07129359878599643,0.20799454449800694,0.13978345766663552,0.3109457138862699,0.0,0.0714285714285714,0.3,0.5
71,drawbench,0.16968173608183862,0.26650962477822143,0.12819630168378354,0.33036558617856626,0.0,0.000432525951557,0.0,0.0008771929824561
35,drawbench,0.45825358629226687,0.7212049332784393,0.4941280782222748,0.6680069236209286,0.0,0.0454545454545454,0.0,0.0133333333333333
317833,mscoco,0.09522105529904365,0.21276814245232728,0.19103735759854318,0.4109234419779312,0.1,0.25,0.0,0.0454545454545454
544583,mscoco,0.18980268090963365,0.38845579337947733,0.36320862323045733,0.5314601671386381,0.0,0.0666666666666666,0.7,0.5
514544,mscoco,0.15959583669900895,0.2852692696896098,0.13943789079785346,0.3343335868580707,0.5,1.0,0.4,1.0
160199,mscoco,0.09770009256899356,0.22474588043053878,0.13493151143193244,0.3215329148951769,0.1,0.125,0.3,0.5
156445,mscoco,0.12364644408226014,0.35171879994475874,0.16933666691184043,0.3015474151848809,0.2,1.0,0.4,1.0
46686,mscoco,0.13242830373346806,0.2994766929448294,0.08957331068813801,0.19815947229423392,0.2,1.0,0.2,0.3333333333333333
563457,mscoco,0.03834905307739973,0.1160610080203274,0.04216297958046198,0.12202883682976391,0.2,0.5,0.2,1.0
520848,mscoco,0.0714158833026886,0.19787347902256838,0.07602822408080101,0.18761008565824738,0.4,1.0,0.5,0.25
433992,mscoco,0.09591089710593223,0.2108615585998517,0.09463609047234059,0.2762158192907615,0.0,0.0031746031746031,0.1,0.1666666666666666
415464,mscoco,0.08005023933947086,0.2251396373074826,0.0837544459849596,0.22880522920124577,0.0,0.0136986301369863,0.0,0.0045871559633027
62543,mscoco,0.17887323051691056,0.28484798885337836,0.20913036912679672,0.41144159509888784,0.3,0.2,0.7,0.5
123175,mscoco,0.22073491364717485,0.4801313116843503,0.20198927223682403,0.400379916693777,0.4,1.0,0.3,1.0
65383,mscoco,0.508445642888546,0.7484991743963784,0.5712480306625366,0.766831608564878,0.3,0.5,1.0,1.0
544001,mscoco,0.12432761006057262,0.27686177074430685,0.20128423273563384,0.4191878650036642,0.4,1.0,0.2,0.1428571428571428
41104,mscoco,0.2653942495584488,0.5062787504199404,0.29751727133989336,0.5038736398816829,0.5,1.0,0.5,1.0
355193,mscoco,0.5647464901208877,0.7121087090452584,0.656252509355545,0.8571158202681415,1.0,1.0,1.0,1.0
500940,mscoco,0.009951135469600558,0.034385436734641985,0.011919136019423604,0.045416023601825624,0.1,1.0,0.1,0.5
429142,mscoco,0.04247200917452574,0.11787057321568628,0.06724376119673252,0.2001523547158384,0.0,0.01,0.1,1.0
125252,mscoco,0.06578159239143133,0.1790286148898535,0.06515468247234821,0.16048417561629505,0.2,0.5,0.2,0.5
14683,mscoco,0.23517244011163713,0.502145840558802,0.28823203295469285,0.40911912295454494,0.2,1.0,0.3,1.0
109,drawbench,0.13297825790941714,0.23268401198013808,0.1637438178062439,0.3608825005384342,0.1,0.1428571428571428,0.0,0.0135135135135135
391662,mscoco,0.06115054227411747,0.18255844971736324,0.06680312193930149,0.18731160410938155,0.1,0.25,0.4,0.5
409131,mscoco,0.0438132930546999,0.11998352966192848,0.07236159294843673,0.19987505920870574,0.2,0.5,0.4,1.0
478880,mscoco,0.24095948338508605,0.4756386396097007,0.2371170200407505,0.41484460034543236,0.0,0.05,0.2,0.5
230972,mscoco,0.0702077629044652,0.18108084494133955,0.11242520660161973,0.27130927277446054,0.1,1.0,0.1,0.3333333333333333
233093,mscoco,0.015309652709402145,0.05128056312853743,0.017082684393972158,0.059147608659556296,0.0,0.0064102564102564,0.0,0.0023364485981308
143,drawbench,0.017914881836622952,0.06487471536505748,0.013851945893839002,0.05740770664639135,0.0,0.0,0.0,0.0
59918,mscoco,0.18915471583604812,0.38310209998736017,0.22340126037597657,0.46552347062096655,0.2,1.0,0.7,1.0
575958,mscoco,0.09479727447032929,0.2373917666534499,0.09465811103582382,0.21343778686023587,0.0,0.0101010101010101,0.1,0.5
381160,mscoco,0.4357872910797596,0.7865648533350204,0.2739823877811432,0.4639425322318167,0.0,0.0714285714285714,0.1,0.5
229067,mscoco,0.2644565775990486,0.35708732889401795,0.34765639454126357,0.5437122092424316,0.6,0.3333333333333333,0.6,1.0
412780,mscoco,0.08661363832652569,0.23641678731146593,0.15001946389675141,0.2570457538641306,0.0,0.0476190476190476,0.2,0.1428571428571428
515655,mscoco,0.07710381262004376,0.20297980691076042,0.06468216888606548,0.18537529425490779,0.0,0.0526315789473684,0.1,0.25
385037,mscoco,0.20665643587708474,0.4127800713542537,0.22925619632005692,0.40272285873641556,0.6,1.0,0.6,0.5
30281,mscoco,0.2828112542629242,0.563872905834177,0.3194395869970322,0.5274690137737603,0.4,0.3333333333333333,0.5,0.3333333333333333
85472,mscoco,0.40710096061229706,0.6762227692414787,0.47362337410449984,0.7185271712501613,0.8,1.0,0.9,1.0
262146,mscoco,0.1628982976078987,0.3348356206569771,0.29435954988002777,0.5227780679592051,0.0,0.0833333333333333,0.5,1.0
85155,mscoco,0.32325319945812225,0.6202468994064271,0.33088250607252123,0.6122634554796652,0.4,1.0,0.3,0.5
406250,mscoco,0.29565331265330314,0.48938171879355563,0.32199751287698747,0.6733178167143,0.3,1.0,0.5,0.5
172143,mscoco,0.016724824160337447,0.062257415771037314,0.03172814105637371,0.10936987734830214,0.0,0.0625,0.1,0.5
455667,mscoco,0.2404996544122696,0.4638118740541837,0.2412688449025154,0.4600899188061333,0.3,0.2,0.6,1.0
169006,mscoco,0.18053411319851875,0.3264138001849943,0.18941516429185867,0.4861268110381866,0.2,0.5,0.4,0.5
173109,mscoco,0.05304594011977315,0.17598401640061828,0.06920420117676258,0.18768324498428457,0.1,1.0,0.2,1.0
192322,mscoco,0.24221122190356253,0.4675320597316078,0.25181047320365907,0.4554390513728772,0.9,1.0,0.8,1.0
222266,mscoco,0.1375473730266094,0.2911516136146733,0.13793445490300654,0.284081589738596,0.3,1.0,0.3,1.0
325806,mscoco,0.31706809252500534,0.5612206973002061,0.3238038711249828,0.5899833479635247,0.2,1.0,0.5,0.3333333333333333
449537,mscoco,0.1700299486517906,0.3735516897500314,0.28092368245124816,0.5046640561342851,0.0,0.00625,0.0,0.0555555555555555
145284,mscoco,0.23515809029340745,0.3823739632212343,0.2560514807701111,0.5549418051482589,0.1,0.5,0.0,0.0909090909090909
465058,mscoco,0.2623034410178661,0.5341038433399318,0.46309429705142974,0.6597380045396556,0.3,0.5,0.9,1.0
165893,mscoco,0.035646767169237134,0.14238019046931447,0.06291160359978676,0.1988927699685901,0.1,1.0,0.1,1.0
537157,mscoco,0.11791700199246406,0.26976239534492485,0.12139104008674621,0.33807505357603046,0.0,0.0909090909090909,0.1,1.0
426323,mscoco,0.03634508540853858,0.1288573603272797,0.04847505036741495,0.13938904559100476,0.1,1.0,0.1,1.0
92280,mscoco,0.18302648663520812,0.4084236207556547,0.17689083851873874,0.3854310494073086,0.2,1.0,0.4,1.0
319118,mscoco,0.2155428446829319,0.5313617559985124,0.2984477788209915,0.517158680098192,0.3,1.0,0.5,0.5
234713,mscoco,0.2223402217030525,0.36009718660460366,0.2197685196995735,0.3642489711947704,0.9,1.0,1.0,1.0
379165,mscoco,0.1249199591577053,0.2567827247943428,0.11891084089875222,0.3030724828317972,0.1,0.125,0.3,1.0
26551,mscoco,0.09102893546223641,0.2046736910382361,0.08233753778040409,0.2575045476109362,0.0,0.0303030303030303,0.3,1.0
280242,mscoco,0.06870218925178051,0.16948194549537218,0.08304119072854518,0.2129537380985956,0.2,0.2,0.1,0.1111111111111111
260307,mscoco,0.046573443710803984,0.15451612269280082,0.07466533556580543,0.17851540239429736,0.0,0.0070422535211267,0.0,0.0526315789473684
433168,mscoco,0.13805471882224082,0.2746812773678226,0.11945187672972679,0.31102031436925504,0.3,1.0,0.3,1.0
319043,mscoco,0.1871521405875683,0.34692048437279865,0.2452705204486847,0.4153598441846951,0.1,0.25,0.3,0.25
381994,mscoco,0.043531705625355244,0.14628162900789884,0.05569145493209362,0.13910440961212084,0.0,0.0151515151515151,0.1,0.25
206044,mscoco,0.13763925507664682,0.3591202925215079,0.16866983585059642,0.39426948686659363,0.1,1.0,0.1,1.0
211312,mscoco,0.05995344091206789,0.15936543857693333,0.08443826250731945,0.206410394793586,0.0,0.0188679245283018,0.1,1.0
42196,mscoco,0.12621383778750897,0.2309131887897586,0.14428382962942124,0.2929877324854409,0.0,0.0833333333333333,0.6,1.0
497096,mscoco,0.11237319447100162,0.2936779470594894,0.20351597368717195,0.4463881796787935,0.1,0.1666666666666666,0.4,0.2
81,mscoco,0.32849538028240205,0.5316116123309776,0.3233410015702248,0.5678126687143425,0.0,0.0119047619047619,0.0,0.0256410256410256
486123,mscoco,0.0786256168037653,0.2374839939399153,0.05719650890678167,0.17462022950799455,0.0,0.0476190476190476,0.1,0.125
322,mscoco,0.044550053868442775,0.13792052602944307,0.06315955743193627,0.1748049729158481,0.1,0.1666666666666666,0.1,0.125
493294,mscoco,0.18115011639893056,0.38692436635892946,0.19309435226023197,0.4255528324985785,0.0,0.005,0.2,0.1428571428571428
187090,mscoco,0.17610097229480742,0.3154782505423893,0.3039929121732712,0.537986592344846,0.6,0.25,0.8,1.0
372902,mscoco,0.049521020334213975,0.1548120303072521,0.07039793990552426,0.18762418396653,0.1,1.0,0.1,1.0
293979,mscoco,0.1656337410211563,0.3307255264891113,0.19314295947551727,0.31794045584386404,0.3,1.0,0.3,0.5
417090,mscoco,0.027973560523241757,0.10102628246596461,0.034156925650313495,0.10439578413855095,0.0,0.0109890109890109,0.1,1.0
422172,mscoco,0.05189089849591255,0.16731824052064673,0.05208774395287037,0.18545231880642785,0.1,0.5,0.1,1.0
280988,mscoco,0.04373347721993923,0.1337202459338355,0.05406811833381653,0.1500195985407565,0.1,0.25,0.1,1.0
227558,mscoco,0.07857689261436462,0.2071363296515513,0.08409158363938332,0.2743505990795842,0.6,0.5,0.9,1.0
348006,mscoco,0.04272142592817545,0.14796910029574967,0.05340620428323746,0.1498330812346799,0.1,0.25,0.1,1.0
166716,mscoco,0.06727486923336982,0.18256738179162385,0.15773642733693122,0.29238672625572554,0.0,0.0625,0.0,0.0138888888888888
124018,mscoco,0.2797306701540947,0.4951232551687458,0.3724301427602768,0.6796773981338093,0.4,1.0,0.7,1.0
373792,mscoco,0.12295914031565189,0.3609052272949042,0.16582651287317277,0.3268467334440494,0.5,1.0,0.7,0.5
334364,mscoco,0.030241950508207084,0.1017076010265469,0.04056291291490197,0.14700739482287487,0.1,0.2,0.1,1.0
196473,mscoco,0.03920335154980421,0.11061508757001319,0.04533402305096388,0.13518089658064045,0.7,1.0,0.6,1.0
361866,mscoco,0.12638956904411316,0.23389283171728617,0.10405138060450554,0.2620003140349818,0.1,0.1,0.4,0.5
468932,mscoco,0.0600022385828197,0.20832237275462323,0.0647748813033104,0.22189896368012813,0.1,0.1428571428571428,0.1,0.5
447354,mscoco,0.2076580196619034,0.4629443586731076,0.16609735563397407,0.40717156235886115,0.3,1.0,0.2,1.0
85846,mscoco,0.10689326040446759,0.27692590538168926,0.11011353842914104,0.21449983869907144,0.1,1.0,0.0,0.0035971223021582
173631,mscoco,0.061201270669698715,0.17031717050868497,0.05916177108883858,0.1616725734118637,0.1,1.0,0.3,1.0
266805,mscoco,0.07202229537069797,0.17041590208462884,0.13959922045469284,0.33948397714940626,0.0,0.0256410256410256,0.3,1.0
299662,mscoco,0.1640020452439785,0.364898391279,0.19640805907547473,0.30948970564270695,0.0,0.0666666666666666,0.0,0.0068027210884353
569520,mscoco,0.05114423353224993,0.12480127927132245,0.07424746956676245,0.17321838481856228,0.1,0.125,0.2,1.0
193,drawbench,0.07132769115269184,0.1847517307127329,0.07453915290534496,0.19657127413236358,0.0,0.0,0.0,0.0
205356,mscoco,0.07876593489199876,0.16347524942645397,0.1015691701322794,0.2501175787213693,0.0,0.0555555555555555,0.1,0.1666666666666666
119,drawbench,0.11071209833025933,0.27718672010150824,0.07022151686251163,0.1765663741701404,0.0,0.0,0.0,0.0
394814,mscoco,0.0778168112039566,0.25875960054667585,0.08546687439084052,0.23357463989902877,0.0,0.0384615384615384,0.2,0.25
204940,mscoco,0.14513961859047414,0.24565855947426316,0.1904200829565525,0.34185490067741464,0.2,0.3333333333333333,0.3,1.0
167740,mscoco,0.44602597653865816,0.7583346813838904,0.5091806143522263,0.5736335827577957,0.0,0.0769230769230769,0.1,0.2
544590,mscoco,0.20618880093097686,0.4283383565233554,0.1640808492898941,0.44131579387846054,0.5,0.5,0.4,1.0
344974,mscoco,0.20359520316123964,0.41510539103236044,0.18768045008182527,0.4020541362232171,0.1,1.0,0.1,0.3333333333333333
440434,mscoco,0.017676728265359997,0.0755424688088159,0.03378238696604967,0.09941405350152603,0.1,1.0,0.1,0.1666666666666666
30752,mscoco,0.16105458401143552,0.4064814863532957,0.16633315831422807,0.36579107586026127,0.4,1.0,0.6,1.0
288975,mscoco,0.10629694536328316,0.2665400744656103,0.12952541783452035,0.31676685297986895,0.0,0.0114942528735632,0.1,0.2
45966,mscoco,0.011149887507781387,0.030932896845401466,0.015890336595475674,0.060951152709152884,0.1,1.0,0.0,0.037037037037037
136042,mscoco,0.016520760115236045,0.0560756504089214,0.02277280418202281,0.08850042087879899,0.1,0.25,0.1,0.1428571428571428
369514,mscoco,0.28341618925333023,0.4334050244130855,0.3106392905116081,0.4486853030758608,0.1,1.0,0.0,0.0666666666666666
483525,mscoco,0.14417138025164605,0.3400214365824492,0.16262681782245636,0.307396063839908,0.2,0.1666666666666666,0.3,1.0
280347,mscoco,0.09077468998730183,0.1824555562729921,0.08945263735949993,0.22398958473074468,0.3,1.0,0.5,1.0
411343,mscoco,0.18925186544656752,0.3345587500885129,0.2609049707651138,0.46312050252170006,0.3,0.1428571428571428,0.8,0.5
567803,mscoco,0.6118820488452912,0.7287571281605878,0.6846345901489258,0.8300189077970395,0.2,0.3333333333333333,0.3,1.0
217458,mscoco,0.01361993751488626,0.053437343427656374,0.02421463457867503,0.08277678940489205,0.1,0.1666666666666666,0.1,1.0
166430,mscoco,0.08077169209718704,0.1964217319281642,0.08422198370099068,0.2079530843730059,0.1,0.3333333333333333,0.0,0.0666666666666666
556597,mscoco,0.1357919305562973,0.31462158303192844,0.17820645570755006,0.3210201689497934,0.0,0.0434782608695652,0.3,0.25
365556,mscoco,0.5759916558861733,0.8134723186508334,0.5816329032182693,0.7480840494273447,0.3,1.0,0.3,0.5
20987,mscoco,0.10036639012396335,0.2799103167329833,0.1432563617825508,0.32500240598719676,0.0,0.0263157894736842,0.1,1.0
162031,mscoco,0.0352159583941102,0.12789518749715137,0.03655623067170381,0.12235135252164933,0.2,1.0,0.2,1.0
485955,mscoco,0.013972632307559251,0.060559284902269514,0.01853108434006572,0.09095396434437836,0.1,0.3333333333333333,0.1,1.0
202307,mscoco,0.1785532422363758,0.33417962851274163,0.21297859400510788,0.47391453085778673,0.5,0.5,0.9,1.0
502126,mscoco,0.051994165405631065,0.1576199798250974,0.10158684216439724,0.3120882596322981,0.0,0.0666666666666666,0.1,0.1
10130,mscoco,0.0246758159250021,0.09391221623160952,0.03063580021262169,0.10190852512783699,0.1,1.0,0.1,1.0
33489,mscoco,0.03475768137723208,0.08482292118443871,0.0407670009881258,0.09833793285245868,0.1,0.5,0.1,0.2
167152,mscoco,0.2476267009973526,0.4177907113371711,0.21058257669210434,0.4515005771039134,0.0,0.0294117647058823,0.0,0.0188679245283018
554207,mscoco,0.07543976269662381,0.1717854313503392,0.10231184959411621,0.28218054424883615,0.1,1.0,0.2,0.3333333333333333
162827,mscoco,0.17748483829200268,0.3927444892926999,0.23803701028227806,0.4813053525215437,0.1,1.0,0.3,1.0
329217,mscoco,0.10644636657088995,0.2739662509203788,0.11123275626450776,0.20095680812699934,0.1,1.0,0.1,1.0
187194,mscoco,0.08718723170459271,0.2025991911359649,0.08809980005025864,0.22429468046034387,0.1,0.5,0.2,1.0
374357,mscoco,0.1517302207648754,0.356052425744436,0.18762301728129388,0.3737730822447233,0.5,1.0,0.9,1.0
240976,mscoco,0.0797479273751378,0.21114026148341697,0.10246851146221161,0.2672788225790973,0.1,0.3333333333333333,0.0,0.0666666666666666
558171,mscoco,0.15684141144156455,0.42910811471932686,0.23773828148841858,0.42288941504013716,0.0,0.0068965517241379,0.0,0.0625
126714,mscoco,0.02848494555801153,0.10046194290856468,0.06237635500729084,0.21329553951519492,0.0,0.0006361323155216,0.1,0.2
132652,mscoco,0.25115172900259497,0.4839845758635845,0.3720656380057335,0.5564770323479854,0.7,1.0,0.8,1.0
87272,mscoco,0.04091750457882881,0.16283125727351583,0.0555861933156848,0.19197921364361764,0.1,1.0,0.2,1.0
18973,mscoco,0.07459540478885174,0.18693313057187963,0.10148280411958695,0.23025564185597766,0.2,1.0,0.0,0.0833333333333333
214261,mscoco,0.18230122923851014,0.41211941071370667,0.18670318722724916,0.42279250774579535,0.3,1.0,0.3,1.0
44136,mscoco,0.02369749159552157,0.08349633622404358,0.025276741199195384,0.08160783795916124,0.1,0.1,0.0,0.0769230769230769
204020,mscoco,0.010985053493641317,0.038631059272534705,0.014086364628747105,0.04619945538526475,0.0,0.0088495575221238,0.1,0.3333333333333333
226848,mscoco,0.3053683161735535,0.43817202485778056,0.29859374165534974,0.47911496029136275,0.3,0.1666666666666666,0.7,1.0
303570,mscoco,0.1540481701493263,0.2805751481159053,0.18313898518681526,0.31673758221014825,0.1,0.1111111111111111,0.0,0.0909090909090909
399983,mscoco,0.23428186699748038,0.36436323396124626,0.3285562708973885,0.659157368496952,0.1,0.125,0.3,1.0
168843,mscoco,0.09222531951963901,0.24632161608355316,0.09841349869966506,0.23777456117079615,0.2,1.0,0.2,1.0
369074,mscoco,0.3426606222987175,0.4703867517388961,0.21634574308991433,0.4419533313221348,0.1,1.0,0.2,1.0
364487,mscoco,0.07351655848324298,0.21208595313770243,0.07673291116952896,0.18647582482544153,0.0,0.0085470085470085,0.0,0.0051282051282051
232546,mscoco,0.0798772506415844,0.2477621654622067,0.06820803936570882,0.19288428345423814,0.1,0.5,0.0,0.0052910052910052
159,drawbench,0.024679602961987256,0.08809998567388147,0.030462652118876575,0.09120220413619272,0.0,9.588095420725627e-06,0.0,1.7944300890037325e-05
329336,mscoco,0.18225249499082566,0.4396812149039115,0.21245479062199593,0.3485645959676133,0.0,0.0476190476190476,0.0,0.0769230769230769
229481,mscoco,0.06729730665683746,0.20110868727859643,0.10707608535885811,0.2817502951584051,0.0,0.04,0.2,0.25
528575,mscoco,0.19215193763375282,0.34312404404393626,0.12094499096274376,0.23330023044452158,0.1,1.0,0.1,1.0
3694,mscoco,0.15963996201753616,0.29719037339697163,0.26326849311590195,0.5838589369916932,0.0,0.0909090909090909,0.4,1.0
417016,mscoco,0.2613261893391609,0.38419368127182874,0.411555153131485,0.5926399474228075,0.1,0.1666666666666666,0.2,0.1666666666666666
251418,mscoco,0.059952627122402194,0.16500206927369818,0.07339300438761712,0.17344495814360783,0.0,0.0476190476190476,0.0,0.0263157894736842
547866,mscoco,0.12355437651276588,0.30838536374708253,0.12983044907450675,0.3245936497385235,0.3,0.5,0.4,0.5
166998,mscoco,0.1733482528477907,0.31798686225058564,0.2737380862236023,0.48065054223563425,0.4,0.3333333333333333,0.6,1.0
570864,mscoco,0.07834190838038921,0.1923261500784843,0.05149982217699289,0.1475077311786688,0.6,1.0,0.4,0.5
462445,mscoco,0.053951419238001105,0.18246731966053742,0.040045394003391264,0.16476192313539426,0.1,1.0,0.1,1.0
300661,mscoco,0.017135330941528082,0.05338871880877861,0.029698905069381,0.08744698605456325,0.1,0.1666666666666666,0.1,1.0
169502,mscoco,0.15045688897371293,0.30000526148106554,0.09401246346533298,0.2230975672123775,0.1,0.2,0.1,1.0
66144,mscoco,0.06805695323273539,0.19516103770452897,0.08596444129943848,0.17198952135043982,0.1,0.1,0.1,1.0
269843,mscoco,0.047722612880170344,0.1687817900932173,0.05249609909951687,0.14676258100575007,0.1,0.25,0.1,1.0
54938,mscoco,0.0986295573413372,0.23744109888560225,0.08912946842610836,0.22943667419251973,0.0,0.0175438596491228,0.0,0.04
27390,mscoco,0.07029534876346588,0.17680216526257692,0.081687219068408,0.2294287483332101,0.1,0.1666666666666666,0.1,0.3333333333333333
521978,mscoco,0.2210388481616974,0.5087713738637457,0.24461109787225724,0.6365814197260533,0.1,1.0,0.1,0.5
429433,mscoco,0.06906840894371272,0.16539364558428873,0.07019011471420526,0.19698542604948616,0.1,0.25,0.0,0.0093457943925233
134,drawbench,0.0988089270889759,0.20320597908246008,0.08644493855535984,0.22862483489078292,0.0,2.6367136001687492e-05,0.0,0.0021231422505307
378621,mscoco,0.04221041314303875,0.12238021788106526,0.06767058335244655,0.17461549745403848,0.1,0.1111111111111111,0.0,0.0476190476190476
222948,mscoco,0.09983992874622345,0.25997924255420474,0.11678669676184654,0.29433108367336547,0.0,0.0056497175141242,0.1,0.3333333333333333
77,drawbench,0.14814673215150834,0.37724899885935986,0.1324778288602829,0.3241535856899795,0.0,0.0095238095238095,0.0,0.0084033613445378
124903,mscoco,0.32034668102860453,0.3952832990974308,0.44221668541431425,0.665466936823776,0.1,0.3333333333333333,0.8,1.0
359375,mscoco,0.04829778987914324,0.14243863584977345,0.06348956786096097,0.13790952981816576,0.1,0.5,0.1,0.5
244760,mscoco,0.07725712098181248,0.18483262189514837,0.08975288979709148,0.2227271986619367,0.7,1.0,0.8,1.0
83097,mscoco,0.034188495483249426,0.12026868926354436,0.03307821666821838,0.12259736878693335,0.3,0.2,0.3,0.3333333333333333
337264,mscoco,0.03093442376703024,0.10633450242921136,0.046102271787822245,0.13454805329126984,0.1,1.0,0.1,1.0
145921,mscoco,0.19896732941269873,0.3518449546094658,0.22310304492712021,0.48544162683702896,0.2,0.2,0.0,0.0833333333333333
422155,mscoco,0.12508008275181054,0.38669163838766984,0.09507015757262707,0.23104903276344363,0.5,1.0,0.8,1.0
451969,mscoco,0.06274018809199333,0.14049039752109246,0.09232709817588329,0.22614799468729374,0.1,0.1666666666666666,0.1,0.2
484344,mscoco,0.03210581010207534,0.09879501390547576,0.04227316956967116,0.1457034346354754,0.2,0.25,0.3,0.3333333333333333
488952,mscoco,0.11204295493662357,0.28696562355736327,0.13240163177251815,0.2112834053866459,0.1,0.1666666666666666,0.1,1.0
67163,mscoco,0.09488416872918606,0.2713699815811682,0.0932857770472765,0.2485312287091828,0.1,1.0,0.1,0.3333333333333333
521068,mscoco,0.04485175646841526,0.15861274931717698,0.050072744861245154,0.1412935159470861,0.1,0.1,0.0,0.0119047619047619
424340,mscoco,0.021720928000286223,0.06011098804694438,0.02778019439429045,0.08556886540796964,0.1,0.2,0.0,0.0769230769230769
364491,mscoco,0.12073207199573517,0.27823498223899523,0.12663036659359933,0.2967914602633684,0.2,1.0,0.0,0.0909090909090909
556901,mscoco,0.1920604482293129,0.38170352920823086,0.16040522418916225,0.3822035395769199,0.2,0.5,0.0,0.0526315789473684
420826,mscoco,0.30368594378232955,0.5268853827027528,0.32325943261384965,0.5730074933605186,0.2,1.0,0.2,0.3333333333333333
283213,mscoco,0.12455065995454788,0.2780108181276445,0.21601966619491578,0.45348799995999073,0.0,0.0833333333333333,0.2,0.2
214363,mscoco,0.022184683941304684,0.0631759787689662,0.030724521726369858,0.1149667545668263,0.1,0.25,0.1,1.0
165350,mscoco,0.1834643751382828,0.47065804425241714,0.2851668819785118,0.5422328415905692,0.0,0.0909090909090909,0.2,1.0
79806,mscoco,0.06331953201442957,0.1717199359216302,0.0686731230467558,0.18381960509007533,0.0,0.0833333333333333,0.1,0.125
279175,mscoco,0.11517399400472642,0.26157463678198006,0.1007937803864479,0.2206604955877183,0.3,0.5,0.4,1.0
200423,mscoco,0.08416889235377312,0.18701502618881327,0.16672220826148987,0.3414622623209271,0.1,0.1111111111111111,0.2,0.1111111111111111
11041,mscoco,0.380140271037817,0.6419064629102815,0.5843331128358841,0.743304699710794,0.7,1.0,0.7,0.3333333333333333
61377,mscoco,0.03019484207034111,0.08634277745770415,0.037521442770957945,0.11007410525555952,0.1,0.1,0.1,0.5
499094,mscoco,0.29711361825466154,0.39356663250202256,0.35707083642482756,0.5266047835782421,0.0,0.0476190476190476,0.3,0.25
65,drawbench,0.04469080548733473,0.14881467318429215,0.031532226223498584,0.09508080682620526,0.0,0.0,0.0,0.0
20542,mscoco,0.24752349704504012,0.4183509843401129,0.2840483747422695,0.4254123612657074,0.2,0.3333333333333333,0.2,1.0
295472,mscoco,0.13531196862459183,0.2970790547800337,0.2036312997341156,0.39369967320982696,0.2,0.3333333333333333,0.7,1.0
4471,mscoco,0.26296970397233965,0.5568430054774672,0.15461110025644303,0.31670970978472074,0.3,0.5,0.2,0.25
518816,mscoco,0.007928451336920262,0.025904238237077593,0.010252561280503869,0.035999608137825836,0.1,1.0,0.1,0.3333333333333333
267700,mscoco,0.13889340683817863,0.3208267959207274,0.2551524586975574,0.434737367333413,0.8,1.0,0.5,1.0
436696,mscoco,0.04678735807538033,0.16934231737947925,0.05259273014962673,0.15749148021791284,0.0,0.0833333333333333,0.2,0.5
477351,mscoco,0.04697076166048646,0.13533076522846424,0.0361848184838891,0.11776332891712005,0.2,1.0,0.2,1.0
84084,mscoco,0.1551360473036766,0.3175628458033263,0.1963055744767189,0.316650104535568,0.1,1.0,0.4,0.5
492314,mscoco,0.26469216123223305,0.51946935572096,0.46267423331737517,0.6024316169055771,0.1,0.125,0.2,0.3333333333333333
13882,mscoco,0.058628204837441446,0.1529889807595396,0.041206547431647776,0.1357581994223833,0.1,1.0,0.1,1.0
125700,mscoco,0.022021023090928793,0.07991669469953128,0.0640997514128685,0.1558011754787025,0.2,0.5,0.1,1.0
370103,mscoco,0.30318092852830886,0.5220233398742213,0.32016531676054,0.521101726878391,0.3,1.0,0.0,0.0909090909090909
94,drawbench,0.06742250211536885,0.19072218094133905,0.08360029347240924,0.21114934048156486,0.0,0.0769230769230769,0.0,0.0048543689320388
137273,mscoco,0.2589129462838173,0.46386371242220537,0.29407515823841096,0.5186721313517766,0.1,0.5,0.1,1.0
106935,mscoco,0.11335283890366554,0.3134995928484382,0.2148345947265625,0.4123423087109328,0.1,0.1111111111111111,0.1,0.125
797,mscoco,0.2102798528969288,0.4280989199618882,0.2663184940814972,0.489062838472053,0.5,0.5,0.6,1.0
107362,mscoco,0.04125703638419509,0.11251800629228462,0.06375378202646971,0.18149976556534883,0.1,0.125,0.3,1.0
81128,mscoco,0.03235680935904384,0.08663424966595412,0.027735281642526387,0.10674885409413318,0.1,0.5,0.1,1.0
442554,mscoco,0.08810658007860184,0.18372293831009157,0.06179185062646866,0.1670932271786603,0.1,1.0,0.1,1.0
19413,mscoco,0.18209191039204597,0.37817863320267764,0.1671817347407341,0.42388361610390785,0.0,0.008,0.0,0.0033444816053511
7583,mscoco,0.05986066330224275,0.14718178934943765,0.07248376663774252,0.18389411073947745,0.0,0.0909090909090909,0.4,1.0
464634,mscoco,0.04967361129820347,0.12658193923381586,0.05083850175142288,0.1664214870063019,0.1,0.5,0.2,1.0
257788,mscoco,0.23435575366020203,0.4625965898125794,0.1616186063736677,0.5317603903589893,0.4,1.0,0.3,0.5
385438,mscoco,0.056424523890018466,0.14459136303496523,0.0576361995190382,0.1543805430438952,0.0,0.04,0.0,0.0833333333333333
275432,mscoco,0.08050969764590263,0.20390031923394022,0.14412877410650254,0.2631786925995705,0.0,0.0232558139534883,0.1,1.0
490582,mscoco,0.05885458188131452,0.22868300513378947,0.0888408562168479,0.2517450135846789,0.1,0.5,0.1,1.0
399880,mscoco,0.04744735788553953,0.1586153481203227,0.05184219777584076,0.17466031916522537,0.2,1.0,0.2,1.0
256903,mscoco,0.16296576149761677,0.27031875846326836,0.2202480047941208,0.4306848893642478,0.0,0.0476190476190476,0.6,0.3333333333333333
2349,mscoco,0.08338504433631896,0.23858563919251713,0.09293300695717335,0.21325753302582748,0.1,0.5,0.1,1.0
70735,mscoco,0.13441558107733725,0.32794975782384417,0.1375043883919716,0.30973481689512833,0.4,0.3333333333333333,0.5,1.0
73634,mscoco,0.0338968601077795,0.09700732060553949,0.04514582911506295,0.14587283189738073,0.4,1.0,0.5,1.0
495131,mscoco,0.0433720150962472,0.12715310318278172,0.044772416725754736,0.13838794923809414,0.0,0.0217391304347826,0.1,0.1
548953,mscoco,0.08434891328215599,0.2058202128836189,0.10913475789129734,0.2141429427207288,0.0,0.0119047619047619,0.0,0.0227272727272727
517780,mscoco,0.12831423804163933,0.33012806740947115,0.12282337658107281,0.3273204735309027,0.1,1.0,0.1,1.0
314616,mscoco,0.08896903544664383,0.20529541460013495,0.09636271223425866,0.26146975585889076,0.0,0.0909090909090909,0.1,1.0
51070,mscoco,0.03650931781157851,0.11115379965565168,0.07944125048816204,0.22084512829130212,0.0,0.0048076923076923,0.1,0.5
61761,mscoco,0.0759442113339901,0.2533784619814886,0.09171093963086605,0.2520824548221439,0.3,1.0,0.5,1.0
228657,mscoco,0.23971989303827285,0.40459348816172963,0.40859036445617675,0.5642480604886363,0.1,0.1428571428571428,0.6,0.3333333333333333
328732,mscoco,0.21668207496404648,0.359278061633727,0.24315651059150695,0.539615053041084,0.3,0.25,0.3,1.0
152108,mscoco,0.2648955687880516,0.42690757257028394,0.367827045917511,0.5872877491991998,0.4,1.0,0.7,0.5
309192,mscoco,0.19957117214798928,0.4349254333140279,0.21906578466296195,0.3954083614844972,0.3,1.0,0.2,0.25
28085,mscoco,0.012273740768432618,0.04974703021824585,0.014455106877721845,0.0530251813651331,0.1,1.0,0.1,1.0
392717,mscoco,0.10869126431643963,0.24466867344607976,0.06671000644564629,0.171099822729908,0.0,0.003731343283582,0.1,1.0
373648,mscoco,0.23995254412293435,0.6146892433012389,0.20150185972452164,0.45043210572414005,0.2,0.5,0.2,0.5
186201,mscoco,0.11056706309318542,0.23858808841138973,0.11330672204494477,0.3057002676756637,0.3,1.0,0.1,0.25
556248,mscoco,0.217887245118618,0.36646588150479376,0.25764555782079696,0.4260955386092957,0.3,0.5,0.1,0.3333333333333333
30631,mscoco,0.06601214222609997,0.1613655710013911,0.08198914006352424,0.21912415440468444,0.0,0.0012165450121654,0.1,0.25
109838,mscoco,0.15153462551534175,0.24577920314684135,0.14008775539696217,0.28394701333619676,0.1,1.0,0.4,0.2
97686,mscoco,0.08205010145902633,0.17609885533215167,0.08029272146522999,0.2134033167044359,0.1,1.0,0.1,0.1
22559,mscoco,0.04329920597374439,0.16361806260307662,0.053025581315159796,0.174632285967334,0.1,1.0,0.1,1.0
163474,mscoco,0.20410554930567743,0.4307436166688073,0.18398489132523538,0.40232630295287347,0.0,0.0069930069930069,0.0,0.05
23489,mscoco,0.2827553115785122,0.523360744401848,0.24647507816553116,0.44874976001008043,0.6,1.0,0.8,1.0
460417,mscoco,0.08039385192096234,0.19302337947384726,0.0700559750199318,0.1749787346527727,0.0,0.0103092783505154,0.1,1.0
143120,mscoco,0.10813827104866505,0.22443422250115053,0.06576602272689343,0.168085756520246,0.1,0.3333333333333333,0.2,0.5
549649,mscoco,0.05153161622583866,0.15447459651037063,0.03358506392687559,0.14727232378593527,0.1,0.5,0.1,1.0
62132,mscoco,0.06008639466017485,0.17017334000419104,0.08989202231168747,0.18871368946356998,0.1,0.5,0.1,1.0
371157,mscoco,0.057693182677030566,0.21293842094326676,0.036053326819092034,0.13238460602945762,0.0,0.04,0.1,0.1
376009,mscoco,0.022385314851999284,0.07484290983846864,0.032746342848986386,0.10744272687154363,0.1,1.0,0.0,0.0357142857142857
41997,mscoco,0.4722860485315323,0.5976565127502009,0.43663411140441893,0.6293364633964522,0.9,1.0,1.0,1.0
305338,mscoco,0.03954939935356379,0.10395200229533048,0.035315779782831666,0.13559966593981096,0.5,0.5,0.2,1.0
151922,mscoco,0.08387488014996052,0.23150715803052238,0.092196249589324,0.2329320323065534,0.1,0.1428571428571428,0.3,1.0
169683,mscoco,0.11125225685536862,0.22912556130641767,0.13731771633028983,0.2722087671612289,0.5,1.0,0.7,1.0
504216,mscoco,0.02305611614137888,0.05913174976245909,0.01056435185018927,0.033959093117302455,0.1,1.0,0.1,0.5
42215,mscoco,0.3592557743191719,0.5933439201045366,0.2757651019841433,0.5404402832491625,0.5,1.0,0.5,1.0
285607,mscoco,0.3522445380687714,0.5710452929905,0.4053324654698372,0.6107367382550372,0.0,0.0666666666666666,0.0,0.0192307692307692
345562,mscoco,0.05348159540444612,0.1317726626852259,0.04453211165964603,0.13751277991891178,0.1,0.2,0.1,0.1
155160,mscoco,0.12005138397216797,0.2834653273642305,0.1578178212046623,0.28856735380962095,0.1,1.0,0.1,1.0
576944,mscoco,0.09622362293303013,0.248381432787559,0.154829428344965,0.3533884902072182,0.1,0.3333333333333333,0.3,1.0
488360,mscoco,0.018887989269569517,0.06154195891710314,0.027262326842173935,0.08566926381035633,0.1,0.1428571428571428,0.1,0.3333333333333333
20641,mscoco,0.2443857841193676,0.5555064986911399,0.2046200841665268,0.3793004970794283,0.2,1.0,0.2,1.0
83268,mscoco,0.13536606170237064,0.24269923540602498,0.09218611977994443,0.27811885981115847,0.1,1.0,0.0,0.037037037037037
203618,mscoco,0.1297037422657013,0.22682690397180036,0.21470579355955124,0.38463919223628745,0.1,0.125,0.1,1.0
301870,mscoco,0.3157307252287865,0.5104068525299261,0.40739399641752244,0.6702747672250517,0.5,1.0,0.6,1.0
424788,mscoco,0.07824589926749467,0.1633736404831835,0.09616123121231794,0.24877072184074134,0.1,1.0,0.5,1.0
292170,mscoco,0.0924784816801548,0.2377734303502818,0.220950510725379,0.41980616108148894,0.1,0.1111111111111111,0.3,0.5
502823,mscoco,0.11534045338630676,0.307480577963934,0.12229405492544174,0.2625422123440008,0.2,1.0,0.4,1.0
40531,mscoco,0.137409608066082,0.299945375999318,0.11836329773068428,0.259990712609009,0.6,0.3333333333333333,0.8,0.5
162020,mscoco,0.09771943353116512,0.21229310315087424,0.07039315588772296,0.1977584006723385,0.1,0.25,0.1,0.3333333333333333
84853,mscoco,0.1956706866621971,0.3877202983853494,0.1742865152657032,0.30672126552892093,0.5,0.5,0.7,1.0
139839,mscoco,0.11354879103600979,0.28835399094322833,0.10993221290409565,0.2674493948180305,0.1,0.125,0.1,0.1666666666666666
163296,mscoco,0.563228577375412,0.7746642579245312,0.603597542643547,0.8552049926082239,0.5,0.3333333333333333,0.4,1.0
268644,mscoco,0.26265124827623365,0.5869049358834332,0.2763851597905159,0.4684388132221083,0.7,1.0,0.9,1.0
69283,mscoco,0.01046388188842684,0.04894954849633049,0.01423239135183394,0.055284321655601654,0.0,0.0169491525423728,0.1,1.0
59610,mscoco,0.18414868265390397,0.4041494301465003,0.19820956885814667,0.43098719250258455,0.5,1.0,0.7,1.0
471834,mscoco,0.11558468528091907,0.2705628627407023,0.14218337684869767,0.3100063556698713,0.2,0.3333333333333333,0.7,0.5
15197,mscoco,0.07749608121812343,0.15731811433596007,0.07996055036783219,0.17757005094158335,0.4,0.5,0.6,0.5
343908,mscoco,0.048165522329509255,0.12543370101602777,0.06732483245432377,0.16470128943512682,0.0,0.0093457943925233,0.0,0.0208333333333333
451375,mscoco,0.032244336977601054,0.11637595583204967,0.026636343728750945,0.10535961854694292,0.1,0.3333333333333333,0.1,0.5
440027,mscoco,0.06514395717531443,0.17866473033357844,0.09573711901903152,0.2053696825774574,0.2,0.25,0.5,0.5
377777,mscoco,0.038743390887975696,0.0954286540322862,0.03774110618978739,0.15758751613093558,0.0,0.0060240963855421,0.3,1.0
130240,mscoco,0.2636466406285763,0.44794875751704916,0.36175070255994796,0.5067106484636443,0.4,0.25,0.8,0.5
121618,mscoco,0.047931989282369615,0.13794438321169522,0.04878891408443451,0.13117329626707183,0.3,0.5,0.3,0.5
273245,mscoco,0.12213390171527863,0.29006075996851566,0.15712812282145022,0.2769526449095138,0.1,0.2,0.0,0.0714285714285714
187978,mscoco,0.03598901620134711,0.12062914908763939,0.04805636620149016,0.14145877901228263,0.1,0.25,0.1,1.0
395933,mscoco,0.07134980484843254,0.2230598072941057,0.059370281919836995,0.17496235713201863,0.1,0.5,0.1,1.0
247184,mscoco,0.14571560360491276,0.34297711825887106,0.19350189119577407,0.3272440808044571,0.1,0.2,0.4,0.5
198397,mscoco,0.17046049609780312,0.2800850062433617,0.2058619037270546,0.4144662752938638,0.1,0.125,0.4,1.0
266207,mscoco,0.42625860273838045,0.6825654230654931,0.4879700273275375,0.7183918286818327,0.7,1.0,1.0,1.0
324816,mscoco,0.1970815323293209,0.39352553586757644,0.236258053034544,0.3885768420936087,0.1,0.1111111111111111,0.1,0.25
539311,mscoco,0.10838856175541878,0.2508581553678451,0.11762053817510605,0.25448120388114087,0.1,1.0,0.2,1.0
34,drawbench,0.08056573159992694,0.19825397458497254,0.08572165034711361,0.22311367897045023,0.0,0.0,0.0,0.0
214413,mscoco,0.10217241980135441,0.2450826405998979,0.07931155767291784,0.1953219930976772,0.0,0.0526315789473684,0.1,1.0
521574,mscoco,0.10471163745969533,0.27143253268621365,0.07112946026027203,0.17216387360825705,0.0,0.0007710100231303,0.0,0.0185185185185185
317112,mscoco,0.038280653581023213,0.11699885677946952,0.036419221200048923,0.12315041336764479,0.1,1.0,0.1,0.1111111111111111
552295,mscoco,0.1638965055346489,0.39248704695807723,0.12063683345913886,0.3668301282470619,0.0,0.037037037037037,0.1,0.25
579787,mscoco,0.2835485264658928,0.5841216863433898,0.2565557941794395,0.5346450590208954,0.3,1.0,0.5,1.0
384422,mscoco,0.04332835180684924,0.11741347195415243,0.07472955994307995,0.17798361452727746,0.1,1.0,0.0,0.0434782608695652
531725,mscoco,0.3985564887523651,0.6258439752048705,0.43993358463048937,0.775779931078151,0.4,0.5,0.7,1.0
491943,mscoco,0.033403669204562905,0.09029191825375477,0.047958890721201894,0.12667427376196547,0.1,0.5,0.1,1.0
56605,mscoco,0.18590273708105087,0.314109256312151,0.14165447577834128,0.29762542942411807,0.1,0.5,0.4,1.0
444272,mscoco,0.021274921111762525,0.08310470228688815,0.02686470653861761,0.10331627232168665,0.0,0.0217391304347826,0.1,0.3333333333333333
220948,mscoco,0.1683070808649063,0.3881821385795233,0.21446344405412673,0.36024760814354173,0.1,0.1428571428571428,0.8,1.0
265176,mscoco,0.06711473260074854,0.18749576719686736,0.07975438013672828,0.18839505642046295,0.3,1.0,0.3,1.0
186,drawbench,0.11190847866237164,0.28114653189924493,0.15480750240385532,0.31755834145490575,0.0,0.0,0.0,0.0
275835,mscoco,0.13250574842095375,0.3428273593004163,0.11462492831051349,0.31355610911962345,0.2,0.5,0.2,0.1666666666666666
386036,mscoco,0.06929621584713459,0.16726331631682387,0.08192161023616791,0.19703963270740646,0.3,0.5,0.3,0.3333333333333333
165638,mscoco,0.10776128955185413,0.24518718364301328,0.16206033565104008,0.3807264195410224,0.1,0.1428571428571428,0.1,0.1666666666666666
388353,mscoco,0.1098135158419609,0.25811148414105,0.12440084442496299,0.28225928821211044,0.1,0.125,0.2,1.0
4624,mscoco,0.329368756711483,0.4815458227806435,0.2935047119855881,0.48132560147762865,0.4,1.0,0.6,1.0
206871,mscoco,0.3870065566152334,0.4343610220658408,0.4560858592391014,0.6958812018340363,0.3,0.3333333333333333,0.4,1.0
516805,mscoco,0.08137918449938297,0.25575776329712074,0.08981110155582428,0.25909155469628037,0.1,1.0,0.1,1.0
531798,mscoco,0.1876967690885067,0.3550698392940104,0.2649696908891201,0.4361622728827997,0.4,0.5,0.5,1.0
89095,mscoco,0.19532990381121634,0.303939269701763,0.2468989148736,0.43748044498563055,0.1,0.1666666666666666,0.1,0.1666666666666666
18078,mscoco,0.0901914056390524,0.2582954666752673,0.09587672203779221,0.26335790403404946,0.7,0.5,0.6,1.0
136900,mscoco,0.4013338819146156,0.5973238249568193,0.34018960744142535,0.4824759582429877,0.2,0.125,0.5,0.5
16,drawbench,0.043649591691792014,0.11504165688248683,0.05271023288369179,0.1402372346219836,0.0,0.0,0.0,0.0
350724,mscoco,0.10845667906105519,0.3020098367287371,0.16800420805811883,0.3380353338397206,0.1,0.25,0.1,0.3333333333333333
477195,mscoco,0.040331806801259515,0.13502936827590703,0.03353793155401945,0.10061692246214765,0.6,1.0,0.5,1.0
55059,mscoco,0.07420000787824392,0.23919338095629955,0.10548044219613076,0.2609207104812788,0.1,1.0,0.1,1.0
28214,mscoco,0.05831232061609626,0.16818888070597043,0.05459658931940794,0.1555770870399788,0.2,1.0,0.2,1.0
192812,mscoco,0.06441951617598533,0.17690317281127751,0.08491013497114182,0.18190134455694337,0.1,0.5,0.1,1.0
162717,mscoco,0.0338353892788291,0.09217651328679562,0.03504281938076019,0.13366192000440602,0.1,0.25,0.1,1.0
547136,mscoco,0.12947971411049367,0.2938500831931279,0.16517075784504415,0.3296802308680725,0.1,0.125,0.1,0.1
408182,mscoco,0.09408327210694552,0.2127305718531522,0.13433312997221947,0.2813105744301284,0.1,0.1666666666666666,0.1,0.2
360536,mscoco,0.06694344952702522,0.18273074414908683,0.0688412494957447,0.1868963926965778,0.1,1.0,0.1,1.0
485564,mscoco,0.19011169392615557,0.335745089436475,0.35417540222406385,0.441081393633377,0.3,0.3333333333333333,0.3,0.1666666666666666
360695,mscoco,0.4426691189408302,0.5375883963033853,0.5766554594039917,0.6659838603672065,0.4,0.25,0.6,0.5
514483,mscoco,0.062486674170941114,0.1858100440824251,0.09816279113292695,0.21158733633210097,0.1,0.25,0.2,1.0
409918,mscoco,0.09044842831790448,0.21384200864875968,0.1118964858353138,0.2745303522440536,0.1,0.5,0.1,1.0
34333,mscoco,0.014503818657249212,0.04083953449469394,0.011040645092725754,0.04281296173730375,0.1,1.0,0.1,0.5
156915,mscoco,0.0785092480480671,0.18591652007546028,0.08913979306817055,0.25168829679621735,0.1,0.125,0.1,1.0
16520,mscoco,0.477758452296257,0.7453154328879398,0.43730482161045076,0.6153611416155146,0.1,1.0,0.1,0.5
308441,mscoco,0.2888686373829842,0.4620104962662884,0.4220792859792709,0.7246238859976769,0.4,1.0,0.7,1.0
246146,mscoco,0.2326210044324398,0.413846350978054,0.3142700091004372,0.6158988570348939,0.1,0.125,0.4,1.0
525342,mscoco,0.04829086773097515,0.20225034927855975,0.03338680025190115,0.09658151549123628,0.0,0.0217391304347826,0.1,0.3333333333333333
293306,mscoco,0.07972235456109047,0.3091103053245214,0.09140556640923023,0.25305198917940547,0.0,0.0769230769230769,0.0,0.0050761421319796
163431,mscoco,0.13465037420392037,0.28521236013241735,0.1429504007101059,0.35826704014569827,0.3,0.5,0.2,0.1666666666666666
41265,mscoco,0.3069179505109787,0.4888298312251691,0.26802473068237304,0.5126227201951928,0.1,1.0,0.0,0.0833333333333333
184610,mscoco,0.038975227437913415,0.12438941443731522,0.0484663313254714,0.1535242444407951,0.1,1.0,0.1,0.25
545673,mscoco,0.07405079826712609,0.20229912317840165,0.06593751534819603,0.18152435333773964,0.5,0.5,0.3,0.5
187757,mscoco,0.10208518728613854,0.19847265620249657,0.10832463949918747,0.333917452670398,0.2,0.2,0.6,0.5
492065,mscoco,0.06639927066862583,0.21729245451841792,0.08362138420343398,0.22541876423440077,0.0,0.0277777777777777,0.2,0.25
352248,mscoco,0.07846138216555118,0.2018182250159657,0.07834493853151799,0.20068530071467666,0.3,1.0,0.3,1.0
360173,mscoco,0.11707035377621651,0.23443121131593952,0.18012665361166,0.33643893639593375,0.2,0.2,0.5,0.5
443913,mscoco,0.05863328641280532,0.15201268049206867,0.09064733348786831,0.21157251681121345,0.0,0.0476190476190476,0.1,0.1428571428571428
475301,mscoco,0.09748947098851204,0.21168838202209242,0.12351167500019074,0.30617322948719927,0.1,0.5,0.3,1.0
196,drawbench,0.10707644671201706,0.24250780156126348,0.11938408315181732,0.32374128290457554,0.0,0.0,0.0,0.0
66192,mscoco,0.11320227533578872,0.2602033065917511,0.20948231667280198,0.44002291118042186,0.1,0.2,0.2,0.2
158950,mscoco,0.08372676819562912,0.3425104102758358,0.13602620363235474,0.2868635349065951,0.2,0.5,0.3,1.0
536278,mscoco,0.3959778010845184,0.6748883247239512,0.32091820016503336,0.41453703286364674,0.9,1.0,0.7,0.5
232417,mscoco,0.17389630638062953,0.39938942530008964,0.21929815635085106,0.289698918289727,0.0,0.0454545454545454,0.0,0.0072992700729927
395013,mscoco,0.04370671873912215,0.13011670087084062,0.05341748017817736,0.18694268997295285,0.3,1.0,0.3,0.5
113839,mscoco,0.1986515536904335,0.39125711392977636,0.19813989847898483,0.4619506731864936,0.6,1.0,0.5,0.5
103512,mscoco,0.08986371532082557,0.17257879008859991,0.1290312722325325,0.23631470606280966,0.0,0.0038022813688212,0.0,0.0094339622641509
47597,mscoco,0.13063303381204605,0.33892373313114305,0.14289698004722595,0.34761820125285453,0.2,1.0,0.1,0.2
197427,mscoco,0.24476171284914017,0.5098772295805747,0.23903314769268036,0.5836629698346948,0.7,1.0,0.4,0.3333333333333333
416604,mscoco,0.03981277160346508,0.11448616128759381,0.02877216525375843,0.10758039539332133,0.1,1.0,0.1,1.0
513733,mscoco,0.2076814655214548,0.39539019664711245,0.22484842389822007,0.4715394633677726,0.8,1.0,0.8,1.0
182373,mscoco,0.20428013876080514,0.4211846321204184,0.37828299403190613,0.6324346833288478,0.1,0.5,0.8,1.0
561919,mscoco,0.17193231880664825,0.344888206699147,0.19884380847215652,0.5153413007801005,0.2,0.1111111111111111,0.7,1.0
221165,mscoco,0.1312464714050293,0.2889923972983497,0.15622161626815795,0.3465878190670046,0.0,0.0833333333333333,0.0,0.0133333333333333
13,drawbench,0.30618767589330675,0.48463157870914353,0.3306648313999176,0.46517235920211664,0.0,0.003690036900369,0.0,0.0178571428571428
490057,mscoco,0.1708145931363106,0.42918028488488885,0.22616515606641768,0.4358162968535421,0.1,1.0,0.4,1.0
561957,mscoco,0.4137023910880089,0.6272701381654131,0.44643513262271883,0.7071704591134567,0.3,0.5,1.0,1.0
451772,mscoco,0.584456741064787,0.8051568221786872,0.6483687728643417,0.8462956832142515,0.8,1.0,0.9,1.0
247223,mscoco,0.12541201766580343,0.3530518137433097,0.11637918017804623,0.27844879685558194,0.2,1.0,0.2,0.5
532253,mscoco,0.009829218033701181,0.034152655997254186,0.008633863204158843,0.03872573705166007,0.1,1.0,0.1,1.0
178,drawbench,0.0194964368827641,0.062168830868375026,0.011843619775027037,0.04681887816009172,0.0,0.0,0.0,0.0
15621,mscoco,0.2664781495928764,0.4540917761028867,0.30087303221225736,0.5003089308878385,0.1,0.1,0.5,1.0
161634,mscoco,0.12450515776872635,0.2551786340879539,0.125339138507843,0.2868641342600415,0.1,0.1,0.1,0.2
33555,mscoco,0.2081556238234043,0.4081354958396343,0.32703274488449097,0.4939398946147825,0.1,0.5,0.2,1.0
59,drawbench,0.10786682590842248,0.2632132284498644,0.11536588668823242,0.3073636179415829,0.0,0.0,0.0,0.0
17869,mscoco,0.1481210857629776,0.3418831989423316,0.17358777225017546,0.3739511621944503,0.0,0.0909090909090909,0.3,0.3333333333333333
378790,mscoco,0.010155351646244527,0.040252618185618254,0.014401912759058177,0.04510920206936703,0.1,0.2,0.2,1.0
248876,mscoco,0.16663025170564652,0.29101607714037003,0.17999186143279075,0.40939204216392155,0.0,0.0294117647058823,0.2,1.0
398130,mscoco,0.07836085334420204,0.25056172405091354,0.09505203403532506,0.2718268316974314,0.1,0.5,0.1,0.5
124236,mscoco,0.058584191650152204,0.15492787278268946,0.0507398309186101,0.15451481807731487,0.1,0.1666666666666666,0.1,0.25
441382,mscoco,0.12214177437126636,0.267193688109971,0.10900423116981983,0.26835091568988334,0.2,0.3333333333333333,0.1,1.0
444670,mscoco,0.08460170850157737,0.2901158563260626,0.10784312635660172,0.25434504218280396,0.0,0.03125,0.1,1.0
482665,mscoco,0.21433164477348327,0.4183253559781458,0.12574542500078678,0.4771726884211179,0.1,0.5,0.1,1.0
170766,mscoco,0.07067436873912811,0.17133824282420929,0.10217239931225777,0.23225389723247128,0.1,1.0,0.1,0.5
156904,mscoco,0.05938939675688744,0.14062829196781992,0.05130119826644659,0.15266585997977514,0.2,0.5,0.1,0.3333333333333333
313156,mscoco,0.31383599266409873,0.5605601096029669,0.3378050200641155,0.6672742922617297,0.2,0.1428571428571428,0.2,1.0
129176,mscoco,0.36896122992038727,0.53287345612513,0.49353747069835663,0.7122992393444513,0.4,0.5,0.6,0.5
295558,mscoco,0.24377538561820983,0.3539096031034656,0.22092004269361495,0.3953541834013061,0.0,0.0333333333333333,0.2,1.0
246358,mscoco,0.14104894138872623,0.3789828235955732,0.17079076431691648,0.292665859888232,0.5,1.0,0.6,1.0
281052,mscoco,0.22979729622602463,0.3331613620275596,0.20539348497986792,0.3540109164704349,0.1,0.5,0.3,1.0
324165,mscoco,0.062160142511129376,0.2074089241137579,0.12240628823637963,0.35315833018415416,0.1,1.0,0.1,1.0
536900,mscoco,0.10859971530735493,0.2684165272339874,0.12794098928570746,0.23075727852051447,0.5,0.5,0.7,1.0
579341,mscoco,0.1077551644295454,0.2833625345744158,0.1507360480725765,0.3879127338565824,0.5,1.0,0.6,0.5
149679,mscoco,0.025267985463142396,0.11695189518745464,0.05476602502167225,0.1658204396637392,0.0,0.0909090909090909,0.1,0.25
283840,mscoco,0.05013484675437212,0.16056658414764483,0.03995852246880531,0.13423749129840462,0.1,1.0,0.2,0.25
361351,mscoco,0.05585625823587179,0.15683950389568171,0.080373939499259,0.18004615356926026,0.2,1.0,0.1,0.3333333333333333
415239,mscoco,0.19939647391438484,0.3899539380641646,0.2891267642378807,0.41478739108637613,0.3,0.3333333333333333,0.6,0.3333333333333333
99073,mscoco,0.24866683334112166,0.4359287920822505,0.2279764674603939,0.5065990340938197,0.3,0.5,0.4,0.3333333333333333
369653,mscoco,0.14729888439178468,0.3128711262248815,0.1890700004994869,0.39496798792038,0.2,1.0,0.1,0.125
72583,mscoco,0.021205395553261043,0.06025649564313166,0.02237329799681902,0.06951638807396905,0.1,1.0,0.1,1.0
565326,mscoco,0.09395659621804953,0.21216232273567365,0.06876883767545224,0.19716701181983598,0.0,0.0714285714285714,0.1,0.5
264660,mscoco,0.07037016283720732,0.20242171777638274,0.07123624458909035,0.22151353353010556,0.1,1.0,0.1,1.0
236552,mscoco,0.07487466298043728,0.20009935802886727,0.09982081279158592,0.26375070088580815,0.2,1.0,0.3,1.0
522491,mscoco,0.13328396938741208,0.2920735044791577,0.15733471140265465,0.33318686218178534,0.0,0.0769230769230769,0.0,0.0095238095238095
84757,mscoco,0.0719704881310463,0.2109368558825384,0.07172872303053737,0.2138265986763295,0.0,0.0096153846153846,0.1,0.1666666666666666
40957,mscoco,0.08268232364207506,0.24412420312385588,0.07324969060719014,0.24230673371790942,0.1,1.0,0.1,0.5
95679,mscoco,0.040351825207471846,0.1484296364623089,0.049592839926481246,0.15930813166274993,0.2,1.0,0.2,1.0
265279,mscoco,0.24021722078323365,0.35109988579052237,0.22509244829416275,0.4207540835597277,0.4,1.0,0.3,0.5
245938,mscoco,0.11036705076694489,0.3254988278684377,0.12023660093545914,0.28513982202393795,0.2,1.0,0.1,1.0
522639,mscoco,0.09148650635033846,0.22611907319662264,0.135391154140234,0.34373258958328656,0.0,0.03125,0.1,0.25
225345,mscoco,0.038283287361264226,0.13668330327678377,0.038115274533629416,0.1204648862564233,0.1,0.5,0.1,1.0
24104,mscoco,0.23932240828871726,0.33781850414032694,0.2845786526799202,0.4763963448051227,0.4,0.1666666666666666,0.8,1.0
317331,mscoco,0.15433650612831115,0.27479644694551847,0.3047082327306271,0.6171555930130176,0.5,1.0,0.3,0.3333333333333333
