caption_id,source,pred_clip_p10,pred_clip_rr,pred_blip2_p10,pred_blip2_rr,true_clip_p10,true_clip_rr,true_blip2_p10,true_blip2_rr
261342,mscoco,0.11111264266073703,0.23027733813291518,0.10719909220933914,0.2319865907084887,0.0,0.0192307692307692,0.0,0.04
203177,mscoco,0.009946093964390456,0.03689062144098749,0.01134292483329773,0.04107948583690765,0.1,1.0,0.1,1.0
239082,mscoco,0.29698180258274076,0.5000351400841527,0.3412117540836334,0.6219168816378624,0.2,0.1666666666666666,0.4,1.0
166557,mscoco,0.3435843899846077,0.6565173102804798,0.41450940519571305,0.5137382644863326,0.7,1.0,0.7,1.0
70,drawbench,0.022841249080374836,0.07534254313402015,0.022461861744523047,0.07584979051555657,0.0,0.0,0.0,0.0
27585,mscoco,0.2115037828683853,0.35695517061739956,0.2599889516830444,0.5360059225939583,0.0,0.0833333333333333,0.4,0.25
44960,mscoco,0.3630817919969559,0.48044271225721524,0.3957638293504715,0.5131140036041039,0.2,1.0,0.5,1.0
559685,mscoco,0.28628830462694166,0.5355036892273156,0.3060199961066246,0.6144619028201868,0.2,0.3333333333333333,0.1,0.5
577169,mscoco,0.06023769099265337,0.1683090042955172,0.060811374336481094,0.17945125538088155,0.2,0.25,0.4,1.0
276964,mscoco,0.05067848544567823,0.15588775010055922,0.04988459050655365,0.16451892923665273,0.1,1.0,0.1,0.5
480770,mscoco,0.03796138521283865,0.11207185967410825,0.0435790354385972,0.1515023686428976,0.3,0.5,0.3,1.0
56821,mscoco,0.045834450889378785,0.13294918205291087,0.08203921504318715,0.2162084001580879,0.1,0.2,0.1,0.25
298353,mscoco,0.017119652405381203,0.0516661852739947,0.010743647534400224,0.03475847840385162,0.0,0.0204081632653061,0.1,0.125
58492,mscoco,0.08083146568387747,0.22823782563972708,0.08159148842096328,0.21483756780351135,0.1,1.0,0.1,0.1428571428571428
530479,mscoco,0.09769564978778363,0.24587564734347783,0.08579412028193474,0.2296118235299674,0.0,0.05,0.0,0.0555555555555555
318426,mscoco,0.06168502699583769,0.14725044715547714,0.08640934228897094,0.2139812880880315,0.3,0.3333333333333333,0.5,0.5
386890,mscoco,0.13353152945637703,0.4559620222000129,0.10820975266397,0.2453843739483522,0.0,0.0909090909090909,0.1,1.0
23309,mscoco,0.0228265143930912,0.08671889492991346,0.025680276565253735,0.09259792690114448,0.1,1.0,0.2,1.0
101270,mscoco,0.08737208414822817,0.19562896501030527,0.09459285363554955,0.2013924855203592,0.0,0.0769230769230769,0.1,0.25
170809,mscoco,0.015346420230343938,0.06424962733504438,0.019489044323563576,0.067761104101655,0.1,1.0,0.1,0.1
20150,mscoco,0.08317662887275219,0.24753933892941918,0.09494072236120701,0.22540922306890332,0.1,0.1428571428571428,0.1,0.2
142942,mscoco,0.33652553111314776,0.527429101214157,0.3409490704536438,0.5634625308308565,0.2,0.125,0.2,1.0
63306,mscoco,0.12547209337353707,0.29427682270456335,0.2050919510424137,0.3807325620135888,0.1,0.1,0.2,1.0
561151,mscoco,0.2565550595521927,0.3776746028600059,0.24480748921632767,0.40796768969589015,0.0,0.0172413793103448,0.1,0.1
377619,mscoco,0.09418436773121357,0.21857305541831376,0.10598188769072295,0.23847043867548043,0.1,1.0,0.1,1.0
390068,mscoco,0.19275662824511527,0.4048637190539087,0.18502386659383774,0.4001762170163869,0.5,1.0,0.4,1.0
246004,mscoco,0.02060274938121438,0.06771926370965409,0.021309292316436766,0.07091942721133442,0.1,1.0,0.1,0.1
324789,mscoco,0.0090413604862988,0.030775266635905775,0.020224128803238272,0.07101859455896946,0.1,0.125,0.1,1.0
301541,mscoco,0.232964925467968,0.3756335598213601,0.28244268894195557,0.5403850782750753,0.0,0.0526315789473684,0.2,0.25
233617,mscoco,0.18318118676543235,0.31913803147871267,0.19451890215277673,0.4064037985836524,0.1,0.3333333333333333,0.1,1.0
108452,mscoco,0.05762203112244606,0.18654079481920505,0.06494640987366437,0.1968766586972958,0.1,1.0,0.1,1.0
333049,mscoco,0.10445816330611706,0.2899234707956157,0.18789931759238243,0.3611394845084927,0.2,0.125,0.3,1.0
144796,mscoco,0.028501692973077298,0.08822589181653609,0.037114554457366465,0.1283555116079794,0.1,0.3333333333333333,0.0,0.0303030303030303
488514,mscoco,0.09482759460806847,0.2818665800229823,0.15514888614416122,0.3441066494534493,0.1,1.0,0.1,0.125
47294,mscoco,0.20811442732810975,0.44263503406579596,0.2341662183403969,0.38197326547671745,0.1,0.2,0.3,1.0
306173,mscoco,0.09116649888455867,0.22180745334762955,0.06939655933529139,0.21463073983752276,0.1,1.0,0.1,0.5
253470,mscoco,0.033109075576066974,0.10272074305192327,0.03510733768343925,0.1262180266290764,0.0,0.0909090909090909,0.1,0.5
190700,mscoco,0.0238898572511971,0.09316007210576892,0.021679375134408475,0.08864508753169516,0.1,1.0,0.1,0.5
84089,mscoco,0.05979290679097175,0.17667248095490098,0.05074953027069569,0.13040110747971406,0.0,0.0178571428571428,0.0,0.0031347962382445
175954,mscoco,0.31244155317544936,0.4756401774550616,0.47175399363040926,0.6923817928254391,0.2,1.0,0.5,0.2
158223,mscoco,0.16227973587810993,0.3664618210973932,0.2632220558822155,0.49561678222959554,0.5,1.0,0.7,1.0
448607,mscoco,0.34008223563432693,0.5891658508155058,0.46804511845111846,0.790061927929225,0.4,0.5,0.3,0.5
248862,mscoco,0.1146169712767005,0.28757949218753254,0.12543873563408853,0.28122400474039677,0.1,0.5,0.1,1.0
227526,mscoco,0.05713707394897938,0.12875066272991775,0.05484382174909115,0.1626120158335685,0.0,0.0037593984962406,0.0,0.0022988505747126
549409,mscoco,0.024236869346350432,0.08111328374454384,0.03968531889840961,0.10999639096488094,0.1,0.3333333333333333,0.1,0.3333333333333333
123214,mscoco,0.23023878782987595,0.36712205737208786,0.20418756529688836,0.3277672590320885,0.3,0.25,0.1,0.3333333333333333
494957,mscoco,0.14036596976220608,0.3088195779714029,0.13906406685709954,0.33663315901846463,0.1,1.0,0.1,1.0
284176,mscoco,0.07529303692281246,0.20917993899629148,0.08794237002730369,0.21154851478721415,0.2,0.25,0.5,1.0
25430,mscoco,0.2662537023425102,0.5342190681890304,0.2684941336512566,0.3573811189626754,0.4,0.25,0.4,1.0
52746,mscoco,0.06668064929544926,0.1752126622184891,0.07520939819514752,0.19845767028897177,0.4,1.0,0.4,1.0
118598,mscoco,0.11804911643266677,0.2838728475338849,0.1056904748082161,0.2941762636340467,0.3,1.0,0.3,0.5
42622,mscoco,0.19303300753235816,0.3874667402322099,0.3422928526997566,0.5309905957617478,0.1,0.1111111111111111,0.6,1.0
128275,mscoco,0.17680974677205086,0.35112091887736097,0.23405154049396515,0.39688773663084026,0.1,0.3333333333333333,0.4,1.0
402255,mscoco,0.01664248346351087,0.043410095359730255,0.016573053458705543,0.05930911820203986,0.0,0.0285714285714285,0.1,0.25
24935,mscoco,0.07323621958494186,0.2061761402806996,0.07433965746313334,0.20155163100096296,0.1,0.5,0.1,1.0
39502,mscoco,0.021900921780616044,0.06940655539628209,0.03083328204229474,0.12021513974142993,0.0,0.0123456790123456,0.1,0.5
370391,mscoco,0.15562715530395507,0.3417752436200029,0.2163314327597618,0.2917870548402485,0.0,0.0138888888888888,0.3,0.3333333333333333
170700,mscoco,0.02313889693468809,0.06164005005208568,0.05381174562498927,0.15672507731498717,0.0,0.0212765957446808,0.1,1.0
438910,mscoco,0.14285918213427068,0.26267641812950426,0.18749919086694716,0.3640388790762424,0.1,0.25,0.3,1.0
160,drawbench,0.02856080150231719,0.0811554709526722,0.021982691856101154,0.07180230032173504,0.0,0.0,0.0,0.0
291526,mscoco,0.0153348745778203,0.05184821596244461,0.012381001841276884,0.03890569205155451,0.1,1.0,0.1,0.5
379596,mscoco,0.08144275099039078,0.20790197087231985,0.0992283646017313,0.25456029479781445,0.1,1.0,0.0,0.0769230769230769
12,drawbench,0.2471875414252281,0.3911707599577642,0.23298879116773605,0.37412443157598396,0.0,0.0,0.0,0.0
241148,mscoco,0.06299976510927081,0.1474876676364467,0.049897171929478644,0.1659072138739396,0.1,0.1428571428571428,0.2,1.0
319991,mscoco,0.06198744866997004,0.18465554501624085,0.049357092939317226,0.135793142293647,0.1,0.5,0.1,1.0
310688,mscoco,0.039463380724191664,0.11412510130664896,0.0546073991805315,0.13071838137742758,0.1,1.0,0.1,1.0
243283,mscoco,0.15437681823968888,0.3191501382722022,0.1505400352180004,0.3439082846213189,0.9,0.5,1.0,1.0
149,drawbench,0.09044230096042156,0.2231472096751482,0.0774373959749937,0.24536377232448014,0.0,0.0,0.0,0.0
558426,mscoco,0.10550388060510159,0.22965148736579855,0.11795426830649376,0.33736363426233457,0.2,0.3333333333333333,0.5,1.0
394214,mscoco,0.1372340064495802,0.2535259738181873,0.18740248903632165,0.41009933596221665,0.0,0.05,0.1,1.0
297699,mscoco,0.08320635519921779,0.19207435072044324,0.10436506792902947,0.24283304369888922,0.1,0.125,0.1,0.125
146972,mscoco,0.03942732699215412,0.12855789744215346,0.10949798300862312,0.24183754237966026,0.2,0.5,0.0,0.0909090909090909
401783,mscoco,0.6619993865489959,0.8150328436682391,0.6526595979928971,0.8444166984595936,0.8,0.5,0.9,1.0
182245,mscoco,0.16314499452710152,0.4589281056815325,0.22056132778525353,0.41815241393185065,0.0,0.0256410256410256,0.2,1.0
126018,mscoco,0.16461138054728508,0.3339194959380009,0.17315946742892266,0.3838596830125173,0.7,1.0,0.4,1.0
290549,mscoco,0.06069692689925432,0.21352825773112813,0.061474121361970904,0.14747798888086683,0.1,0.3333333333333333,0.1,1.0
399946,mscoco,0.09831391777843237,0.2760122781607275,0.11662712395191192,0.272073019142036,0.1,0.5,0.1,1.0
8,drawbench,0.34668449610471724,0.4464540775706344,0.30756800919771193,0.3906745304635451,0.0,0.0001043296817944,0.0,6.345580303318739e-05
211678,mscoco,0.09703584276139736,0.2062353060518501,0.09071358665823936,0.2295428549446351,0.3,0.5,0.4,0.5
421539,mscoco,0.023985848296433687,0.07914042126086862,0.018808656185865403,0.07808445969103144,0.1,1.0,0.2,0.3333333333333333
264358,mscoco,0.033792683854699135,0.09137906827471247,0.045724460296332835,0.12346394655757274,0.1,0.5,0.1,1.0
430848,mscoco,0.12945721074938774,0.31182290750320735,0.12826097384095192,0.2886423316035071,0.2,1.0,0.2,0.5
133251,mscoco,0.23982822000980378,0.5116171087816044,0.2387465089559555,0.4387265754265349,0.5,0.5,0.2,0.1666666666666666
568560,mscoco,0.14781239852309228,0.32715959757561774,0.1467920422554016,0.32242388247367976,0.2,0.3333333333333333,0.0,0.0526315789473684
405612,mscoco,0.10075383000075817,0.2141872270258436,0.14465699382126332,0.2986136870504216,0.1,1.0,0.1,0.5
20794,mscoco,0.0856040008366108,0.20963707210969904,0.1611580602824688,0.3519638418494191,0.1,0.1428571428571428,0.1,0.5
6,drawbench,0.6125146597623825,0.7629208474615672,0.4281692162156105,0.6339696370836468,0.0,0.0011750881316098,0.0,0.0129870129870129
225306,mscoco,0.15271396562457085,0.34296167129992894,0.19212169870734214,0.3721551985633057,0.0,0.0833333333333333,0.1,1.0
103603,mscoco,0.15653924271464348,0.2520148170494307,0.24638025909662248,0.4209869965546323,0.6,0.3333333333333333,0.4,1.0
395,mscoco,0.023776089306920767,0.08821058357155842,0.03991744536906481,0.12149347145147002,0.2,1.0,0.1,0.25
80067,mscoco,0.029612073488533498,0.08175559685342039,0.026903919503092767,0.0959967204729959,0.1,0.1428571428571428,0.1,1.0
490619,mscoco,0.045486360974609855,0.1619503490117458,0.04516803734004497,0.13038512430949895,0.0,0.0066666666666666,0.0,0.0109890109890109
167126,mscoco,0.15296425819396972,0.40823654974680756,0.19735680595040322,0.4444795464946743,0.4,1.0,0.1,1.0
442961,mscoco,0.16372899264097213,0.29894410895310997,0.17843839898705482,0.40848280452112073,0.1,0.5,0.5,0.5
260111,mscoco,0.0924904115498066,0.3238235317106492,0.07335265204310418,0.20950849875365957,0.0,0.0555555555555555,0.0,0.0161290322580645
68005,mscoco,0.09004958122968673,0.2512216937822402,0.09926892966032028,0.25035259329879467,0.1,1.0,0.1,1.0
73541,mscoco,0.2691266417503357,0.37310258788382966,0.29566151052713396,0.5602640394144478,0.2,0.5,0.0,0.0833333333333333
316190,mscoco,0.1400363802909851,0.27612097224000753,0.14594940915703775,0.3752706825186415,0.1,1.0,0.1,0.1428571428571428
519552,mscoco,0.02747646509669721,0.11075079873003216,0.029926948621869086,0.09045818535251536,0.1,0.3333333333333333,0.1,0.5
365419,mscoco,0.21680782362818718,0.39989054633593984,0.16190651506185533,0.34241873501193787,0.1,0.2,0.2,0.5
55050,mscoco,0.07245186194777489,0.1911159789815072,0.059767587669193746,0.1858624872634694,0.1,1.0,0.1,1.0
150,drawbench,0.06461199726909399,0.14429744587509255,0.0827840881422162,0.1910388286085543,0.0,0.0,0.0,0.0
122,drawbench,0.11430273801088334,0.23471312396282826,0.08300071507692337,0.2520253874023478,0.0,0.000125786163522,0.0,4.940955580809328e-05
403464,mscoco,0.20270995944738388,0.4789075419343904,0.15572538189589977,0.3346478791917507,0.2,1.0,0.1,0.25
256809,mscoco,0.23032704293727874,0.40829492353406743,0.30480538457632067,0.5344872371973222,0.0,0.0434782608695652,0.6,0.5
481098,mscoco,0.05193304996937513,0.13965631274747825,0.07898874245584012,0.20674360861695945,0.0,0.0060240963855421,0.0,0.0909090909090909
163289,mscoco,0.1435699202120304,0.2820424175769764,0.11746054291725158,0.2590586006383993,0.0,0.0025839793281653,0.0,0.0476190476190476
383175,mscoco,0.3163613572716713,0.4767769867130682,0.31536557376384733,0.5564280308298469,0.3,0.3333333333333333,0.2,0.3333333333333333
71346,mscoco,0.12660555988550187,0.2657846588834799,0.18647698760032655,0.3630783789355208,0.0,0.0161290322580645,0.1,0.5
15569,mscoco,0.141758494079113,0.289056909614121,0.22296624928712844,0.5175779558651421,0.1,0.125,0.3,0.25
314949,mscoco,0.028149765077978374,0.08298207863003915,0.025663990434259175,0.08549040760473195,0.1,1.0,0.1,1.0
424018,mscoco,0.18543058261275291,0.48529415482312405,0.17232772186398507,0.3472622640494234,0.3,0.3333333333333333,0.2,1.0
465153,mscoco,0.03862809296697378,0.13241920498592863,0.048679301515221596,0.1356736595914708,0.2,1.0,0.2,1.0
10540,mscoco,0.0760241623967886,0.19959585494983792,0.10317802876234054,0.2253434913072615,0.0,0.0294117647058823,0.0,0.0024509803921568
524401,mscoco,0.046629232726991175,0.12374723328279463,0.09124797508120537,0.23354860045723802,0.1,0.1111111111111111,0.4,0.5
277498,mscoco,0.10903152525424957,0.2164184022636115,0.15389112755656242,0.2957208843911362,0.0,0.0196078431372549,0.1,0.1
393583,mscoco,0.02349145459011197,0.092266575676812,0.03755309265106917,0.10143445850101566,0.2,0.25,0.2,1.0
151339,mscoco,0.2730960093438625,0.42867559381160997,0.2135685682296753,0.4228843503339418,0.3,1.0,0.2,0.3333333333333333
300509,mscoco,0.09239324927330017,0.19512636739640418,0.12297699190676212,0.2702118456934683,0.1,0.5,0.0,0.0833333333333333
389145,mscoco,0.038088738452643156,0.10898364139822284,0.043930161744356155,0.11831030895380937,0.1,1.0,0.1,1.0
537667,mscoco,0.0843901315703988,0.14524166073952724,0.028408086812123656,0.10038098420240227,0.1,0.5,0.1,1.0
352143,mscoco,0.05402795821428299,0.1710671288367559,0.04890742283314466,0.14051577815736419,0.1,1.0,0.2,0.5
148,drawbench,0.058182737044990065,0.15416750838049936,0.05037371870130301,0.13562297390457786,0.0,0.0,0.0,0.0
355826,mscoco,0.05217311568558216,0.1658999661519708,0.046189142111688855,0.17345735899913628,0.2,1.0,0.1,1.0
251937,mscoco,0.19006483256816864,0.387984287913006,0.2632908597588539,0.41789603742803005,0.3,1.0,0.3,1.0
135397,mscoco,0.03222783543169498,0.10966392915545009,0.04457335285842419,0.13823940518634803,0.1,1.0,0.1,1.0
394658,mscoco,0.15962814390659333,0.37479407243336565,0.15843578651547433,0.32591314419135664,0.1,0.3333333333333333,0.1,1.0
485709,mscoco,0.169637730717659,0.4181009375569593,0.11799330413341522,0.23599825446552122,0.2,1.0,0.1,0.1428571428571428
504167,mscoco,0.2021002061665058,0.3725150868152244,0.18995693773031236,0.3813784089267173,0.1,1.0,0.0,0.0263157894736842
230644,mscoco,0.05894545782357454,0.13497070876425896,0.06216391213238239,0.15569125959082283,0.1,0.1,0.2,0.3333333333333333
83510,mscoco,0.07309911325573921,0.1905498015125238,0.07936734929680825,0.20475950140172774,0.1,0.1428571428571428,0.0,0.02
401650,mscoco,0.024850746709853412,0.09670739152771479,0.027084476966410875,0.07775230584988362,0.1,0.125,0.1,0.2
136411,mscoco,0.23111025467514992,0.3532887430444281,0.23724656626582147,0.44407482810670273,0.0,0.037037037037037,0.1,0.1666666666666666
176120,mscoco,0.10483945533633232,0.29438606548438534,0.10363764464855194,0.25977228663482055,0.2,0.1111111111111111,0.3,0.25
348134,mscoco,0.07638168074190617,0.19889080798615028,0.08788541778922081,0.2139211637749836,0.3,0.5,0.1,1.0
193398,mscoco,0.0647191485390067,0.1869856033802646,0.05623135957866907,0.14472433815768126,0.0,0.0833333333333333,0.1,1.0
540774,mscoco,0.23630904853343965,0.5806919562062506,0.3073394864797592,0.49269597388127306,0.6,1.0,0.9,1.0
113211,mscoco,0.072897195443511,0.19802333142317638,0.06963236667215825,0.17981118008480643,0.1,0.1111111111111111,0.2,1.0
406749,mscoco,0.05268814563751221,0.14239045343239273,0.04959522113204003,0.1398553899329714,0.2,1.0,0.2,1.0
280551,mscoco,0.03257855772972107,0.09138190138915964,0.041553426533937454,0.11173337404895159,0.1,0.3333333333333333,0.1,1.0
441358,mscoco,0.08687353283166885,0.21667614495457993,0.1188914231956005,0.28628731758774123,0.2,0.2,0.1,0.5
561314,mscoco,0.1398645780980587,0.2797783067233235,0.23366219252347947,0.47824437468732817,0.0,0.0454545454545454,0.6,1.0
130749,mscoco,0.07750540673732757,0.2324738373745855,0.09644346982240677,0.24037615201610815,0.0,0.0769230769230769,0.1,0.3333333333333333
25907,mscoco,0.025749737583100795,0.11262009945381299,0.021651150565594433,0.09097112022143547,0.1,1.0,0.1,1.0
364157,mscoco,0.026107280142605306,0.09651047492292311,0.028420316614210607,0.08402559625888387,0.3,1.0,0.3,0.3333333333333333
327529,mscoco,0.05472801197320223,0.21609547633655848,0.07511402294039726,0.282656440037511,0.1,1.0,0.1,0.3333333333333333
214087,mscoco,0.06352251004427671,0.15525078874650958,0.05977886226028204,0.20696539650205223,0.1,0.25,0.1,1.0
253763,mscoco,0.08381004184484482,0.2039656698970665,0.0901890054345131,0.20300803256663438,0.1,1.0,0.1,1.0
298065,mscoco,0.03997591361403465,0.12094985978881559,0.051595226489007474,0.13758340030103294,0.1,1.0,0.1,1.0
305803,mscoco,0.15429449453949928,0.37729889956017065,0.17666024044156076,0.3843086387840142,0.0,0.0151515151515151,0.0,0.0454545454545454
173,drawbench,0.10252728015184402,0.25173270406889847,0.1737002909183502,0.33618438541295115,0.0,0.0,0.0,0.0
458339,mscoco,0.10602946914732456,0.26011602602047085,0.1216126799583435,0.29206618618976005,0.0,0.0833333333333333,0.1,0.5
428326,mscoco,0.09623707123100758,0.2021772687868397,0.08708765953779221,0.2360474324041359,0.0,0.0181818181818181,0.0,0.0103092783505154
530201,mscoco,0.12262327075004578,0.2665866562080937,0.15984077826142312,0.26423194980188464,0.1,1.0,0.1,1.0
59039,mscoco,0.2653153002262115,0.5699108223400733,0.3312880650162697,0.5373781460389848,0.3,1.0,0.7,0.5
333738,mscoco,0.29128255024552346,0.4146565648533004,0.2844749689102173,0.4734807969202382,0.6,0.5,1.0,1.0
132081,mscoco,0.03004332249984145,0.0849096905849744,0.03538852138444781,0.08886908158033002,0.1,0.25,0.1,0.5
26573,mscoco,0.33984225168824195,0.6759432464985162,0.36260742545127866,0.621013139387005,0.3,1.0,0.4,0.3333333333333333
115893,mscoco,0.22699759006500245,0.46174234608309006,0.17726560235023497,0.3887631116161092,0.2,1.0,0.4,1.0
49542,mscoco,0.30387544333934785,0.4597482727931049,0.41745465993881226,0.5895106920781104,0.5,0.25,0.5,0.5
212864,mscoco,0.02017097156494856,0.08830501149795689,0.023038335610181093,0.06461464186955146,0.0,0.0454545454545454,0.0,0.0075187969924812
32967,mscoco,0.0861782805994153,0.26431046419092646,0.05082608573138714,0.14991740663364925,0.0,0.0015037593984962,0.2,0.2
98642,mscoco,0.008673457568511367,0.028696717705485413,0.012341727875173092,0.04219946384639687,0.1,0.3333333333333333,0.1,1.0
183719,mscoco,0.12999840825796127,0.3423688488529115,0.1356250025331974,0.31524641451797586,0.0,0.0060240963855421,0.0,0.006060606060606
401307,mscoco,0.14709440916776656,0.36519437282617995,0.16015293821692467,0.42229055892834405,0.2,1.0,0.3,1.0
467612,mscoco,0.3375792637467384,0.514933382385999,0.40113999247550963,0.5957880831901042,0.6,0.5,0.4,0.3333333333333333
36034,mscoco,0.07132141906768083,0.17382104659324088,0.07582954075187445,0.19370565222710195,0.2,1.0,0.1,0.2
216378,mscoco,0.13209258802235127,0.2429807879478322,0.15054387897253035,0.24933256988161975,0.1,0.5,0.1,1.0
360441,mscoco,0.08887728750705719,0.23600706280018205,0.09082535281777382,0.18627826178639673,0.1,0.1666666666666666,0.1,0.1428571428571428
75057,mscoco,0.2127487137913704,0.43097778330553715,0.3374557331204414,0.5108972494554057,0.3,1.0,0.6,1.0
53870,mscoco,0.11632039323449135,0.36954805179875333,0.10375258810818196,0.2359746344316659,0.1,0.1428571428571428,0.0,0.0161290322580645
253323,mscoco,0.10494554117321968,0.3069137298636356,0.13252517357468604,0.27645463469201653,0.2,0.1666666666666666,0.3,0.5
433270,mscoco,0.233497816324234,0.37874668355486846,0.2121254526078701,0.36052778551295556,0.2,0.125,0.3,1.0
176758,mscoco,0.21104896999895573,0.31694558015965973,0.2846361272037029,0.5087809074665578,0.1,0.2,0.2,1.0
420396,mscoco,0.02123561818152666,0.060354215965255024,0.024395656306296587,0.10641878920390281,0.1,0.1428571428571428,0.1,1.0
365792,mscoco,0.19940875992178916,0.4566432281645881,0.21524589955806733,0.43780097597276835,0.3,0.5,0.3,1.0
564382,mscoco,0.0626644192263484,0.2019689394919818,0.05449688760563731,0.1718551040681691,0.1,0.5,0.1,1.0
180667,mscoco,0.06424296256154775,0.13904560686251763,0.07616385817527771,0.17753762392838338,0.1,1.0,0.0,0.0020242914979757
154399,mscoco,0.08142375349998474,0.20264447115998438,0.16565116941928865,0.36054161516274935,0.1,0.2,0.0,0.0833333333333333
576537,mscoco,0.11769543699920178,0.2776289500620319,0.14969841688871383,0.3724045785425862,0.2,1.0,0.4,1.0
18194,mscoco,0.03769336743280292,0.17217546014070848,0.1034088373184204,0.3544350028098943,0.1,0.1666666666666666,0.2,0.5
278243,mscoco,0.058096003346145154,0.15983176435781493,0.05867105238139629,0.18712960917768973,0.1,0.5,0.1,0.5
253728,mscoco,0.10042724013328552,0.2152604490407248,0.12559948191046716,0.23426810815062804,0.1,1.0,0.1,1.0
306229,mscoco,0.3452304400503635,0.48720366988410774,0.35486988723278046,0.5236133791596546,0.6,1.0,0.8,1.0
413277,mscoco,0.2917583450675011,0.47049668936157174,0.29286840707063677,0.588024824385192,0.1,0.1428571428571428,0.5,1.0
86951,mscoco,0.08929727934300899,0.2155427435004202,0.09390310645103454,0.24153413195877155,0.5,1.0,0.8,1.0
489942,mscoco,0.0448337197303772,0.15693829313739294,0.04357481747865677,0.14728659724904036,0.1,1.0,0.1,1.0
199141,mscoco,0.12545072808861732,0.3639476387348672,0.10818266607820988,0.3530547624498886,0.4,0.5,0.5,0.5
170336,mscoco,0.1675827257335186,0.329557571003757,0.21511585339903833,0.36304993511257744,0.1,0.3333333333333333,0.2,0.2
89549,mscoco,0.09595203623175622,0.2780359869782939,0.07356115654110909,0.21713889732056119,0.0,0.0909090909090909,0.1,1.0
372246,mscoco,0.03809334496036172,0.13918309965925732,0.046106016263365746,0.17145110475609004,0.1,1.0,0.1,1.0
535563,mscoco,0.03724134904332459,0.10838711090035276,0.046015573851764205,0.11876302355743765,0.1,1.0,0.1,1.0
228222,mscoco,0.09185107052326202,0.2257819973589954,0.09269107356667519,0.2125982663631326,0.4,0.5,0.6,1.0
195353,mscoco,0.15784360095858574,0.286495520260012,0.17476425394415857,0.48287248881252626,0.4,0.3333333333333333,0.5,1.0
58624,mscoco,0.061222365312278273,0.1910546357088449,0.10747968489304185,0.2736833688213183,0.1,0.5,0.1,1.0
268900,mscoco,0.042398621514439586,0.10832841237957629,0.05852431133389473,0.14973895910049403,0.1,0.125,0.1,0.25
161019,mscoco,0.24036286100745202,0.5027945477051207,0.20905998423695565,0.363391186001015,0.2,0.3333333333333333,0.4,1.0
379035,mscoco,0.08063713312149048,0.2387510602379649,0.11404166221618653,0.2752150748406436,0.0,0.0123456790123456,0.2,0.25
172276,mscoco,0.30660025849938394,0.7118916426157164,0.27409553080797194,0.5655549987292259,0.1,0.1428571428571428,0.1,0.1111111111111111
271120,mscoco,0.062346022576093674,0.16524577751896408,0.07873461432754994,0.23648340257172873,0.0,0.0555555555555555,0.1,0.1111111111111111
180445,mscoco,0.03773130159825087,0.0981208513719986,0.03571431636810303,0.10030498496014593,0.2,1.0,0.2,1.0
284362,mscoco,0.06203056648373604,0.1573577826113559,0.0904201913625002,0.25090132249732633,0.0,0.0384615384615384,0.1,1.0
466656,mscoco,0.12643411830067636,0.29806157301441116,0.12426491677761078,0.29145923091018056,0.5,1.0,0.5,1.0
271360,mscoco,0.04397265836596489,0.14025183053638715,0.061008825711905953,0.20551971767612331,0.1,1.0,0.0,0.0001578033769922
429290,mscoco,0.07806413806974888,0.20647305858016973,0.13383667208254338,0.3138157907950397,0.0,0.0238095238095238,0.0,0.0769230769230769
464649,mscoco,0.5098090216517448,0.7956137527933719,0.32491271793842313,0.5739912648307917,0.0,0.0666666666666666,0.0,0.02
118260,mscoco,0.07359006963670253,0.17979259210402215,0.07794812489300966,0.23022977482220083,0.0,0.0263157894736842,0.0,0.0120481927710843
337062,mscoco,0.07273612767457963,0.1912450772555796,0.11325877197086812,0.2319779156656919,0.0,0.0625,0.4,0.5
249049,mscoco,0.0996490739285946,0.2203194270659782,0.0916924288496375,0.289174594583599,0.2,0.3333333333333333,0.1,1.0
497542,mscoco,0.03880631765350699,0.12547435078565275,0.044628280028700826,0.1532419461864739,0.0,0.0123456790123456,0.1,0.5
400940,mscoco,0.1578201584517956,0.33516278574441305,0.18048338443040848,0.3735679861647891,0.1,0.3333333333333333,0.1,0.5
254753,mscoco,0.08090696483850479,0.18849988917840513,0.07967432588338852,0.24696497971009274,0.1,0.2,0.1,1.0
550157,mscoco,0.19172098711133004,0.3825309542220915,0.1729673959314823,0.39055752609550465,0.4,1.0,0.5,1.0
113905,mscoco,0.16042747348546982,0.36230345555033444,0.16233047917485238,0.3508230953202068,0.1,0.2,0.3,1.0
471881,mscoco,0.07232370171695948,0.22882322982501307,0.07214646693319082,0.24202806866614232,0.1,1.0,0.1,1.0
524187,mscoco,0.17343969754874705,0.37594209865143935,0.22477444484829903,0.4822902689728681,0.1,0.1111111111111111,0.4,1.0
354409,mscoco,0.034035622235387565,0.09992410963714951,0.027224164828658103,0.08887704087174374,0.1,1.0,0.1,1.0
36713,mscoco,0.08744976930320263,0.2503624900217463,0.09496735222637653,0.21772448490555765,0.1,1.0,0.1,0.5
421005,mscoco,0.06975589245557785,0.19429330108127055,0.06861901134252549,0.1873565964997382,0.2,0.25,0.2,1.0
504639,mscoco,0.24097852855920793,0.4732490516566487,0.22568112462759018,0.48806304407155937,0.7,1.0,0.8,1.0
356660,mscoco,0.19105942994356157,0.35622336450173814,0.23289814889431,0.5142485885753796,0.1,0.1111111111111111,0.2,0.2
1792,mscoco,0.5025170996785164,0.7019664343441744,0.5745938867330551,0.7253221374305818,0.7,1.0,1.0,1.0
30409,mscoco,0.10131270661950112,0.2384175455490325,0.20517698302865028,0.41038874203196746,0.0,0.0142857142857142,0.1,1.0
254060,mscoco,0.17933398112654686,0.44440174414043015,0.3176458694040775,0.5967976143398578,0.1,0.1111111111111111,0.3,1.0
169340,mscoco,0.05460532670840621,0.1671274957961523,0.07466361876577139,0.1739360820978875,0.1,0.3333333333333333,0.1,1.0
42513,mscoco,0.05296367835253477,0.18594677728039938,0.048946667835116385,0.15255379482833023,0.1,1.0,0.2,0.1428571428571428
402887,mscoco,0.15556049365550279,0.23205512146776722,0.07897517774254084,0.2542451978383165,0.1,0.3333333333333333,0.1,0.5
96435,mscoco,0.04400427043437958,0.12768581431535314,0.04020237233489752,0.12554969426600907,0.1,1.0,0.1,1.0
441541,mscoco,0.03218775941058993,0.11643543931256298,0.05038388632237911,0.1621816707735594,0.0,0.0833333333333333,0.0,0.0333333333333333
51663,mscoco,0.054885690566152334,0.1720475314130918,0.07782575599849224,0.173931279705839,0.1,0.1111111111111111,0.1,0.2
474271,mscoco,0.0688278317451477,0.17507116882709065,0.0854102112352848,0.19639512771115067,0.1,1.0,0.1,1.0
72702,mscoco,0.1027550969272852,0.26985232312254964,0.14989020377397538,0.3365086636175302,0.1,1.0,0.1,1.0
182793,mscoco,0.3705455631017685,0.660139746404519,0.369533896446228,0.5492609355117636,0.0,0.0113636363636363,0.0,0.0434782608695652
21795,mscoco,0.1488231908529997,0.25012606276366595,0.07489368468523025,0.20806682586337744,0.1,1.0,0.1,1.0
566672,mscoco,0.14283023700118064,0.32093525000123807,0.16703856457024813,0.45528953541550166,0.2,0.25,0.5,1.0
2664,mscoco,0.031228453293442725,0.11724923721960662,0.04368382235988975,0.13842498881267704,0.0,0.0625,0.0,0.0476190476190476
333241,mscoco,0.032325312960892916,0.10868853336323282,0.0365994923748076,0.1320542694121178,0.1,1.0,0.1,0.3333333333333333
353402,mscoco,0.07387468293309211,0.1922180492580469,0.08536461628973484,0.24659371325689788,0.0,0.0285714285714285,0.1,0.5
18252,mscoco,0.14273316636681557,0.324944172888811,0.13104129433631898,0.29850676148921207,0.6,1.0,1.0,1.0
387352,mscoco,0.07880757227540017,0.18720721928459727,0.14486251026391983,0.32415315554474156,0.1,0.5,0.3,0.5
198085,mscoco,0.47937001585960387,0.5844527880945339,0.32104291543364527,0.5135750302540744,0.1,0.1428571428571428,0.1,0.5
246625,mscoco,0.5717389702796936,0.6769676792729734,0.5495545864105225,0.6344861681081282,0.5,0.3333333333333333,0.7,1.0
420045,mscoco,0.21532883048057555,0.46301194169185395,0.24661131501197814,0.475584440415379,0.0,0.0303030303030303,0.0,0.0714285714285714
398225,mscoco,0.09313640035688878,0.2090943234668872,0.15798040442168712,0.3066499462178907,0.1,0.3333333333333333,0.0,0.0909090909090909
132964,mscoco,0.24554337859153746,0.4784410592357169,0.32623841166496276,0.6186263582403622,0.6,1.0,0.9,1.0
344632,mscoco,0.00961410884046927,0.029931157887242606,0.01155366951134056,0.04430409141853673,0.0,0.0285714285714285,0.0,0.0434782608695652
508045,mscoco,0.09872931092977524,0.27919145913732507,0.11222190409898758,0.30655372597503855,0.3,1.0,0.2,1.0
236936,mscoco,0.0120368615956977,0.04045792438739357,0.015354312537238003,0.05016489864356729,0.0,0.0526315789473684,0.1,1.0
110330,mscoco,0.04435309469699859,0.11276021415641235,0.03535738717764616,0.10802926652331245,0.1,0.5,0.1,0.2
19292,mscoco,0.3249710753560066,0.33546752986889544,0.41803486049175265,0.5778373215467767,0.4,0.2,0.4,1.0
19,drawbench,0.06099459677934647,0.13787579829760327,0.031052354630082844,0.08280508365308384,0.0,0.0,0.0,0.0
345294,mscoco,0.15722729936242102,0.37208061244354584,0.2004363790154457,0.3788466320195828,0.1,0.125,0.2,1.0
250424,mscoco,0.04417935535311699,0.14676016968965028,0.04731437377631664,0.14870098940897492,0.0,0.0136986301369863,0.1,1.0
50583,mscoco,0.03244312219321728,0.11875110305842869,0.031076832674443722,0.09758614957748996,0.2,0.5,0.2,0.5
230879,mscoco,0.14463300853967667,0.2574945942750873,0.15681569427251815,0.34024757554454443,0.0,0.04,0.0,0.0833333333333333
168609,mscoco,0.03423265414312482,0.1073681861020036,0.05155244516208768,0.16444107539724073,0.0,0.0121951219512195,0.1,1.0
175923,mscoco,0.05884874425828457,0.16561927549178693,0.07075106259435415,0.15266264883527786,0.3,0.3333333333333333,0.3,0.2
530248,mscoco,0.05159812467172742,0.21091356163323713,0.05010568369179964,0.14472321367790478,0.2,1.0,0.0,0.0294117647058823
421009,mscoco,0.09109273813664913,0.21529514938437508,0.1746027186512947,0.35770734888305705,0.0,0.0666666666666666,0.1,0.5
450974,mscoco,0.11731612719595433,0.2921686775959155,0.10172011069953442,0.23762033260063894,0.1,0.125,0.2,1.0
34922,mscoco,0.08967532478272915,0.24261457969314454,0.09251824282109737,0.1980923541085509,0.0,0.0625,0.2,0.5
134454,mscoco,0.18103133365511895,0.4650523261787224,0.25414208620786666,0.3972544298578638,0.3,1.0,0.3,0.5
91960,mscoco,0.04904820322990418,0.1462430524775092,0.04748903680592775,0.1824621792355125,0.0,0.03125,0.0,0.0238095238095238
570203,mscoco,0.2181337730959058,0.2830434546045336,0.19751522839069366,0.45524299559745096,0.1,0.125,0.5,1.0
46506,mscoco,0.026486261282116175,0.08699631091615945,0.033264293894171716,0.09683957696220206,0.0,0.0285714285714285,0.1,0.1428571428571428
460202,mscoco,0.05699302796274423,0.1819143839566438,0.05693013891577721,0.17038437170334042,0.3,1.0,0.3,0.5
358566,mscoco,0.11105939485132695,0.21582139550518556,0.1353853553533554,0.28848399360103094,0.2,0.5,0.6,0.3333333333333333
205206,mscoco,0.09583486840128899,0.2768653949507514,0.11679725572466851,0.3041642300668289,0.1,0.5,0.0,0.01
342273,mscoco,0.06264227442443371,0.17988131021705206,0.06603328548371792,0.1866830684114612,0.1,0.3333333333333333,0.1,0.1428571428571428
550466,mscoco,0.08378396164625883,0.26234703419598715,0.1729472227394581,0.3068335168590689,0.3,1.0,0.5,1.0
303281,mscoco,0.5150018036365509,0.6393013281056573,0.5452486246824264,0.6517511950402063,0.8,1.0,0.9,1.0
464787,mscoco,0.013648638082668186,0.04818565313663397,0.012469872739166022,0.052768523718111464,0.0,0.0625,0.1,0.5
382210,mscoco,0.14987534135580063,0.3652719417257561,0.29665016680955886,0.5343459921413554,0.0,0.0078740157480314,0.0,0.0217391304347826
78413,mscoco,0.12340940088033676,0.27590957998261595,0.05385938808321953,0.15819719796014808,0.1,1.0,0.1,0.5
241530,mscoco,0.024707031436264515,0.06928383128946096,0.03771096765995026,0.10681194173970883,0.0,0.0185185185185185,0.0,0.0666666666666666
165419,mscoco,0.22243788987398147,0.5154179915483333,0.3052971974015236,0.6025787725150922,0.4,1.0,0.8,1.0
152776,mscoco,0.0366313436999917,0.10920865436009991,0.04692068360745907,0.12105647069461943,0.1,1.0,0.1,1.0
103320,mscoco,0.14473757147789001,0.31336493681546096,0.19319281056523324,0.407166883402137,0.1,0.25,0.0,0.0714285714285714
391011,mscoco,0.2249179944396019,0.3764225632578783,0.30321185737848283,0.6471934188938145,0.6,1.0,1.0,1.0
36281,mscoco,0.030470512062311172,0.09666281619778666,0.04320364771410823,0.11895344999179946,0.1,1.0,0.1,1.0
485016,mscoco,0.06818852759897709,0.17702473384547435,0.17670114152133465,0.4662559010804193,0.0,0.0112359550561797,0.0,0.0833333333333333
524392,mscoco,0.5775731474161148,0.7485649543318545,0.5869435787200927,0.8002126860754725,1.0,1.0,0.9,1.0
299123,mscoco,0.1584140919148922,0.36631419990634234,0.20515509098768234,0.37792282253710546,0.4,1.0,0.6,0.5
211905,mscoco,0.032698779553174975,0.1095139275003826,0.028344272123649716,0.09501370024734024,0.1,1.0,0.1,1.0
231381,mscoco,0.2577583223581314,0.47741977561611815,0.27516489028930663,0.5116750811337938,0.3,0.5,0.5,1.0
433896,mscoco,0.043211042135953906,0.1435390815586846,0.04222077541053295,0.1283983106320753,0.1,1.0,0.1,1.0
284259,mscoco,0.07262900024652481,0.21543875456922534,0.0885378835722804,0.20962951533316435,0.2,1.0,0.1,1.0
540283,mscoco,0.2071356765925884,0.43196798941236375,0.25377544164657595,0.4552727793137079,0.2,1.0,0.0,0.0769230769230769
425010,mscoco,0.12107567712664605,0.2400435802121271,0.07370122782886028,0.2022365195026671,0.2,1.0,0.4,1.0
170525,mscoco,0.45912300795316696,0.5812548891336821,0.4078762590885162,0.6344681339541939,0.0,0.0434782608695652,0.2,0.125
432216,mscoco,0.050574340485036375,0.15985254053033177,0.06202619206160307,0.23435068730234065,0.1,0.2,0.1,0.3333333333333333
142402,mscoco,0.012809866853058339,0.04264342974157117,0.01148255872540176,0.05038198725783637,0.1,1.0,0.1,0.125
90820,mscoco,0.19945179410278796,0.34551683208114053,0.10400187969207764,0.29757192217013734,0.0,0.04,0.0,0.0833333333333333
208961,mscoco,0.04470426011830568,0.1260285287742122,0.04781378004699945,0.14251439718614128,0.1,1.0,0.1,1.0
140623,mscoco,0.15970112159848213,0.3369716485139765,0.1809612348675728,0.3194433344849072,0.3,1.0,0.3,0.3333333333333333
312015,mscoco,0.1719439595937729,0.382528207391371,0.18121941909193992,0.37566202847904434,0.3,0.5,0.2,0.3333333333333333
388399,mscoco,0.33077350407838824,0.5883558393374588,0.26288997307419776,0.5444496243693716,0.2,0.3333333333333333,0.1,0.25
126659,mscoco,0.0973418764770031,0.27235818074362134,0.14606471955776215,0.35418204282087973,0.2,0.2,0.4,0.25
234990,mscoco,0.1063515417277813,0.2500475744545742,0.13528671786189078,0.2735824064641083,0.0,0.04,0.2,0.1111111111111111
212445,mscoco,0.4479592591524124,0.69907468687144,0.5335166573524475,0.8088341818414697,0.9,1.0,1.0,1.0
540885,mscoco,0.2678281232714653,0.5409451244085971,0.36850149035453794,0.6161667226546454,0.3,1.0,0.5,1.0
276417,mscoco,0.16112088449299336,0.3647356355740488,0.2528450131416321,0.397417132154303,0.1,0.2,0.2,0.1111111111111111
46173,mscoco,0.06898365952074528,0.21268683219270446,0.11894079372286796,0.27292613576779706,0.1,0.3333333333333333,0.0,0.0188679245283018
53641,mscoco,0.09171631820499897,0.22381613765050098,0.09897058978676795,0.2519532796512765,0.2,0.5,0.2,0.1666666666666666
367332,mscoco,0.24704628810286522,0.49591909397844897,0.3027902767062187,0.5675801470202106,0.3,1.0,0.6,1.0
527134,mscoco,0.12412140816450119,0.24958328760925363,0.17189731374382972,0.3784662778705054,0.1,0.3333333333333333,0.1,0.1666666666666666
263970,mscoco,0.02000373266637325,0.07771013534967408,0.05093745812773705,0.1456308455687086,0.0,0.006060606060606,0.1,1.0
485696,mscoco,0.03889359654858708,0.1290808540378985,0.048340228386223316,0.14856929201135977,0.1,1.0,0.1,1.0
118870,mscoco,0.030251841340214015,0.11129082885686084,0.03596810651943087,0.12218510296269801,0.0,0.0909090909090909,0.1,0.5
11332,mscoco,0.2386968731880188,0.48712729763863194,0.2659336134791374,0.5446240980130068,0.0,0.0625,0.5,1.0
365523,mscoco,0.050197380036115645,0.18226636237278598,0.06369927618652582,0.15740078561610096,0.1,0.3333333333333333,0.1,1.0
479035,mscoco,0.04341751243919134,0.12221571412245036,0.04580092933028936,0.14321593045658673,0.1,0.1428571428571428,0.0,0.0294117647058823
416098,mscoco,0.09820950999855996,0.3381284351301246,0.1575081493705511,0.3411916198028198,0.1,0.5,0.5,1.0
13284,mscoco,0.01846504178829491,0.05357648849919571,0.015603745728731156,0.0555700154180417,0.1,1.0,0.1,1.0
110435,mscoco,0.03241467513144016,0.10049707433045423,0.030611269921064378,0.10615181432179811,0.1,1.0,0.1,1.0
116694,mscoco,0.16935041546821594,0.3809223144798732,0.2070053495466709,0.4200742177751757,0.1,0.3333333333333333,0.0,0.037037037037037
244410,mscoco,0.15515725091099739,0.3388960469030458,0.2140762835741043,0.449945765106559,0.3,1.0,1.0,1.0
428992,mscoco,0.019784044288098813,0.06403569654541454,0.019671216513961552,0.07412737509778002,0.2,1.0,0.6,1.0
337902,mscoco,0.06250801496207714,0.17618393099593235,0.07043283879756927,0.1637113467827916,0.8,1.0,0.9,1.0
546074,mscoco,0.043579936120659114,0.11777242072282985,0.04007411859929562,0.1138864437827568,0.0,0.04,0.1,1.0
70033,mscoco,0.028327725268900393,0.082177797797795,0.024375983327627183,0.07206397388751591,0.6,1.0,0.6,1.0
149268,mscoco,0.12270639277994633,0.27973555131148636,0.15473381653428078,0.30983594742394543,0.0,0.0476190476190476,0.3,0.3333333333333333
431370,mscoco,0.16605259366333486,0.30852391171416144,0.29641852527856827,0.4684551293890373,0.1,0.125,0.2,0.3333333333333333
254387,mscoco,0.023770922143012286,0.07622824686835959,0.03373605459928512,0.12406331336599398,0.2,0.1428571428571428,0.5,0.3333333333333333
177349,mscoco,0.033016714919358495,0.10173377228631778,0.026722531020641326,0.08911821442710494,0.1,0.3333333333333333,0.1,0.1666666666666666
287186,mscoco,0.11774105224758387,0.2861555981789576,0.1796954620629549,0.3563040035001125,0.0,0.0769230769230769,0.1,0.125
328284,mscoco,0.1745474211871624,0.26754982299459446,0.21345388740301133,0.3814338741318809,0.1,0.25,0.1,1.0
50409,mscoco,0.047698112577199935,0.16764951916541593,0.09966787733137608,0.22474093725381739,0.0,0.032258064516129,0.1,0.1111111111111111
399183,mscoco,0.05907442718744278,0.17732465795993524,0.16751526892185212,0.29829496853956505,0.1,0.1111111111111111,0.6,0.5
76589,mscoco,0.08372063785791398,0.22065266557569554,0.09502406045794487,0.22108634373781436,0.2,1.0,0.3,1.0
534965,mscoco,0.06236250791698694,0.20495203083426894,0.05526226833462715,0.1748060673252431,0.1,0.25,0.0,0.0833333333333333
295759,mscoco,0.05455586090683937,0.17830771659668296,0.060261276178061964,0.1522640898335526,0.0,0.0037735849056603,0.0,0.0526315789473684
131725,mscoco,0.034716101735830306,0.09970568635103914,0.03903414653614164,0.11565296420173805,0.0,0.0588235294117647,0.1,1.0
214123,mscoco,0.08077339753508568,0.20263292795794155,0.09073072150349618,0.26366007964611055,0.1,1.0,0.0,0.0625
433075,mscoco,0.05475768484175205,0.17132636611569912,0.0496148033067584,0.15775183439838614,0.1,1.0,0.1,0.1666666666666666
21260,mscoco,0.049157896731048825,0.10489758460713217,0.05309906536713242,0.12329400806040992,0.0,0.0098039215686274,0.1,0.2
312870,mscoco,0.17028424516320229,0.46735921492544974,0.15872677639126778,0.4063270031937177,0.0,0.0476190476190476,0.1,0.25
6824,mscoco,0.28482895269989966,0.48587435511904253,0.3557492822408676,0.5718239430480098,0.7,0.25,0.8,1.0
368014,mscoco,0.19866162538528442,0.3530378974218008,0.250521444529295,0.3896089161009124,0.3,0.3333333333333333,0.3,1.0
227772,mscoco,0.03663903009146452,0.12587334889043772,0.05208234265446663,0.13953958481998888,0.1,0.1666666666666666,0.3,0.25
276671,mscoco,0.18835656195878983,0.4156797598105463,0.2590766429901123,0.5127426470501417,0.2,0.3333333333333333,0.6,0.5
74894,mscoco,0.25159932076931,0.5177612775463736,0.28886291682720183,0.5397286422921257,0.3,1.0,0.5,1.0
395170,mscoco,0.13009704798460006,0.2731606140990458,0.1403047375380993,0.3601569109367896,0.4,0.5,0.6,1.0
362521,mscoco,0.08841794319450855,0.21703694541394383,0.11268040910363197,0.2678670094666676,0.0,0.02,0.1,0.2
543838,mscoco,0.015483434870839119,0.06164895272807846,0.015215605590492487,0.0583058077336897,0.1,1.0,0.1,0.3333333333333333
385580,mscoco,0.008780900551937521,0.033418156881461,0.014187706261873245,0.04202606133483147,0.0,0.0153846153846153,0.0,0.0714285714285714
448131,mscoco,0.08361671008169651,0.2473297551271796,0.1353483185172081,0.3117056502195587,0.1,0.2,0.6,1.0
33702,mscoco,0.21110405921936035,0.44832690153475796,0.34993694722652435,0.5802188528922717,0.0,0.0555555555555555,0.0,0.0769230769230769
109522,mscoco,0.19647733569145204,0.34080156090676617,0.23604327589273452,0.39015259162855825,0.0,0.0416666666666666,0.0,0.0256410256410256
268444,mscoco,0.25224225521087645,0.5479529669841753,0.35315377712249757,0.66855951465934,0.2,0.5,0.3,1.0
526105,mscoco,0.04960437435656786,0.13151752080364326,0.04507667534053326,0.16346252328261984,0.0,0.0714285714285714,0.0,0.0833333333333333
538709,mscoco,0.07136039659380913,0.2340590188397246,0.09253345094621182,0.24647754443483164,0.1,0.1666666666666666,0.2,0.5
455856,mscoco,0.009075957699678838,0.04412950327074238,0.01704414808191359,0.04992295809676116,0.1,0.5,0.1,0.5
246878,mscoco,0.1336164738982916,0.27515768579507166,0.24111211970448493,0.5762618907598869,0.0,0.0142857142857142,0.4,0.5
361472,mscoco,0.04415969308465719,0.1254320169029539,0.04362443741410971,0.15748014544786465,0.0,0.0384615384615384,0.1,1.0
422240,mscoco,0.11641520448029041,0.2757216079315923,0.1034822577610612,0.2748912053186256,0.1,1.0,0.1,1.0
233073,mscoco,0.10316411927342414,0.26482206453297313,0.10048414096236229,0.2237182588474576,0.1,0.3333333333333333,0.1,1.0
340621,mscoco,0.18236691132187843,0.37935564988952164,0.22332739755511283,0.4334597742912981,0.4,1.0,0.6,1.0
422804,mscoco,0.025773222092539072,0.0702154932301217,0.027321041375398637,0.09941321072499094,0.1,0.1666666666666666,0.1,1.0
440762,mscoco,0.1603010319173336,0.3132791186953367,0.2682623937726021,0.47521424003219637,0.1,0.125,0.1,0.1
165907,mscoco,0.20884014368057252,0.4123912845158673,0.2202277660369873,0.45487535760485104,0.4,0.5,0.6,1.0
540006,mscoco,0.010494217090308667,0.0403899638498806,0.011711529968306423,0.05256702713786607,0.1,0.1111111111111111,0.1,1.0
300267,mscoco,0.15980791598558425,0.31987514779437365,0.17393911853432656,0.3031235418493963,0.5,0.5,0.3,1.0
413852,mscoco,0.18937973640859126,0.2974532273586582,0.29353504329919816,0.569443615477884,0.4,0.25,0.7,1.0
360975,mscoco,0.15370630994439125,0.27697853796278477,0.11380842998623848,0.2959455397180755,0.4,0.25,0.3,1.0
211909,mscoco,0.2725589133799076,0.5052516744189851,0.2954086154699326,0.5368448183292323,0.6,1.0,0.8,1.0
66389,mscoco,0.05103592034429312,0.15357929678695076,0.06595123335719108,0.17327638534191414,0.0,0.0030395136778115,0.0,0.0025575447570332
13285,mscoco,0.04786331690847874,0.14238191835207922,0.05583277530968189,0.19556739492200428,0.0,0.009009009009009,0.0,0.0026178010471204
573922,mscoco,0.17463585473597049,0.30971581127581166,0.15013466998934746,0.3218857267585604,0.1,0.125,0.4,1.0
62619,mscoco,0.08429997600615025,0.2739897139660908,0.21482689306139946,0.27119090699475784,0.1,0.1,0.1,1.0
168563,mscoco,0.1142412006855011,0.2973082778734862,0.11954627111554146,0.3118968133260598,0.2,0.25,0.2,0.5
178504,mscoco,0.030597560154274107,0.10027039270040049,0.07286654654890298,0.1421555912012053,0.0,0.0909090909090909,0.1,1.0
176174,mscoco,0.08226848058402539,0.22866123615667125,0.09359241276979446,0.2210326486225072,0.1,0.1666666666666666,0.1,0.5
60903,mscoco,0.10473830886185169,0.24303475499090518,0.14565871730446817,0.309138784286655,0.1,0.1111111111111111,0.2,1.0
80554,mscoco,0.12448991425335407,0.3123339394856592,0.22468472868204117,0.4303531448856194,0.0,0.0714285714285714,0.2,0.3333333333333333
494852,mscoco,0.0616661936044693,0.1751557128413229,0.07913650032132864,0.2490559978530731,0.4,1.0,0.3,1.0
272832,mscoco,0.044293734803795816,0.13153917539236187,0.06743369940668345,0.20427604069561503,0.1,0.3333333333333333,0.1,1.0
497002,mscoco,0.024143095966428517,0.10462110423483165,0.025416499935090542,0.08849161163391187,0.1,0.5,0.0,0.0526315789473684
473918,mscoco,0.05774668343365193,0.18556673321679598,0.0909725446254015,0.2337624076551823,0.0,0.0454545454545454,0.1,0.5
78681,mscoco,0.16683640517294407,0.4579717255025821,0.16757295541465284,0.4270015292139975,0.5,1.0,0.5,1.0
261323,mscoco,0.08998136706650257,0.22024444770258367,0.0908140517771244,0.2852985775869712,0.0,0.0476190476190476,0.1,1.0
489482,mscoco,0.11629121154546737,0.2471406935827803,0.15190365612506868,0.3334495721157234,0.0,0.0909090909090909,0.1,0.5
513966,mscoco,0.03889947533607483,0.10758992870833751,0.0651488821953535,0.16668777803566315,0.1,0.2,0.0,0.04
326202,mscoco,0.14953159764409066,0.39306757313446017,0.15670533627271652,0.3633150421487979,0.3,1.0,0.3,1.0
394159,mscoco,0.10046901106834412,0.26601995452556865,0.1151510089635849,0.2797651791913669,0.1,0.3333333333333333,0.2,0.3333333333333333
392320,mscoco,0.31998222284018996,0.5443908973204724,0.3071490302681923,0.7590215775030007,0.7,1.0,0.6,1.0
428301,mscoco,0.1440838322043419,0.28618120257881097,0.1454672422260046,0.2911827040144213,0.3,1.0,0.3,1.0
304217,mscoco,0.09213239364326001,0.32012516114057527,0.09538962356746197,0.25206008845913314,0.0,0.0217391304347826,0.0,0.0133333333333333
332131,mscoco,0.2711118683218956,0.43289978450743705,0.4157432824373245,0.565227513451759,0.6,1.0,0.7,1.0
316336,mscoco,0.09510799385607242,0.23124261200465548,0.12337674051523209,0.2605501643594753,0.1,0.3333333333333333,0.1,1.0
575331,mscoco,0.028834098670631646,0.08316984944217638,0.03227559551596641,0.10452461662802011,0.0,0.0476190476190476,0.1,1.0
357578,mscoco,0.18216709420084953,0.39543834623330093,0.2832723304629326,0.6774536353239164,0.0,0.0625,0.2,0.25
201714,mscoco,0.2415505677461624,0.4030894873671442,0.14544858001172542,0.36093510599892115,0.5,1.0,0.3,1.0
76899,mscoco,0.21267908811569214,0.30343520186877504,0.2374818792566657,0.3279152543890767,0.1,0.1666666666666666,0.0,0.0175438596491228
461445,mscoco,0.2354962982237339,0.37866833363738095,0.2783609122037888,0.4593263924744904,0.2,0.3333333333333333,0.1,1.0
317431,mscoco,0.34367444813251496,0.758292544271069,0.4740710288286209,0.6479237628559045,0.9,1.0,0.9,1.0
74,drawbench,0.08740442283451558,0.23072658905045387,0.08810549788177013,0.22342392839814032,0.0,0.0128205128205128,0.0,0.0181818181818181
413172,mscoco,0.07403944097459317,0.1971800872198231,0.12056006081402301,0.3763611244558574,0.1,0.1428571428571428,0.4,0.3333333333333333
346754,mscoco,0.03791787251830101,0.12251979875272827,0.04843805599957705,0.17678196512962216,0.0,0.0038167938931297,0.0,0.0014245014245014
142349,mscoco,0.17650664187967777,0.3977992120319919,0.15810066163539888,0.3496273821972866,0.1,0.1666666666666666,0.3,0.25
495947,mscoco,0.08487095013260841,0.2593699651116073,0.15375019013881683,0.2958658024211194,0.0,0.0454545454545454,0.0,0.0416666666666666
105344,mscoco,0.21226663887500763,0.35877116570231493,0.18800661340355873,0.4130575873443618,0.2,0.25,0.5,1.0
466024,mscoco,0.18694553039968015,0.3634138639400039,0.2465168282389641,0.4439257452412493,0.7,1.0,1.0,1.0
579165,mscoco,0.05220381505787373,0.1590282301531812,0.1116930115967989,0.23876867855151254,0.1,0.2,0.0,0.0256410256410256
323868,mscoco,0.11581425219774247,0.251680875064301,0.2340758576989174,0.3965694814615719,0.1,0.1666666666666666,0.7,1.0
119947,mscoco,0.09183841086924076,0.24018064908985154,0.12103581093251706,0.2752689193130082,0.1,1.0,0.1,0.5
536201,mscoco,0.05739438831806183,0.15061293757543515,0.07503888793289662,0.17240651221751527,0.1,1.0,0.1,1.0
151432,mscoco,0.2825964897871017,0.4909606997120385,0.26357210874557496,0.4618894094293946,0.5,1.0,0.3,0.3333333333333333
50972,mscoco,0.10757009387016296,0.2923600434003014,0.1139062348753214,0.2608690168671118,0.2,1.0,0.2,0.3333333333333333
222361,mscoco,0.16962296664714813,0.30104841264840204,0.15095175355672835,0.30305358564374174,0.4,0.25,0.7,1.0
183,drawbench,0.056233379803597924,0.17194358962826323,0.03990815505385399,0.1271722111026459,0.0,0.0,0.0,0.0
356654,mscoco,0.05913027264177799,0.14451514594091877,0.0745832696557045,0.19883872653951035,0.1,1.0,0.0,0.0526315789473684
12377,mscoco,0.024196670018136503,0.09037578929917703,0.023856858164072035,0.08947164400961082,0.1,0.25,0.1,1.0
62589,mscoco,0.18149176090955735,0.4424748222191773,0.21553438901901245,0.4505477587209493,0.4,1.0,0.5,1.0
175,drawbench,0.06988917253911495,0.18286228200417778,0.08060830868780614,0.18694614292178469,0.0,0.0,0.0,0.0
97569,mscoco,0.03760740850120783,0.13424731173256946,0.038256673328578475,0.11239997755837121,0.1,0.1111111111111111,0.2,0.3333333333333333
118342,mscoco,0.2498941034078598,0.4768237604401502,0.25062104016542436,0.3968123424995704,0.5,1.0,0.7,0.5
226348,mscoco,0.061285832710564134,0.1906485547847132,0.0702916868031025,0.19975518777418685,0.1,0.5,0.1,1.0
507833,mscoco,0.010277915187180043,0.03318860172795152,0.005119935038965196,0.02650925450842103,0.1,1.0,0.1,1.0
509503,mscoco,0.1253644149750471,0.2323661859006664,0.16884399577975273,0.4322983604180401,0.4,1.0,0.3,0.5
265447,mscoco,0.15381609052419662,0.3509692626773759,0.14002619981765746,0.3083484931760524,0.6,1.0,0.6,1.0
39398,mscoco,0.24379950910806655,0.4458436880884323,0.45008217394351957,0.6375133655349943,0.1,0.5,0.2,1.0
475667,mscoco,0.2511132076382637,0.42591557793995816,0.24150995314121246,0.44859880416866366,0.3,0.3333333333333333,0.3,0.5
110829,mscoco,0.025910890055820347,0.09406173982376752,0.026070036087185146,0.09018695566431345,0.0,0.0434782608695652,0.2,1.0
423830,mscoco,0.4110920071601868,0.754151220670973,0.36392091363668444,0.6787436942010956,0.1,0.125,0.2,1.0
159567,mscoco,0.1848103418946266,0.3044578062332651,0.19998650327324868,0.40267868157995207,0.1,1.0,0.0,0.003012048192771
67422,mscoco,0.34819936007261276,0.5538454626565262,0.38645406663417814,0.6787896401932131,0.3,0.5,0.3,0.5
449210,mscoco,0.220596806704998,0.49149905358735285,0.35511896312236785,0.5700036893234576,0.1,0.2,0.4,1.0
561386,mscoco,0.08693276084959507,0.2303840416688219,0.2348678570240736,0.46836545130253426,0.2,0.2,0.2,0.25
136267,mscoco,0.2544296786189079,0.40598242320880296,0.28276761025190356,0.5004733857105292,0.8,1.0,0.6,0.5
147294,mscoco,0.15114805698394776,0.32699265851843473,0.2271054208278656,0.3686606096587169,0.1,0.2,0.2,0.5
127074,mscoco,0.08366365283727646,0.24678244053695433,0.08812918066978455,0.23687047053964821,0.3,1.0,0.6,1.0
355593,mscoco,0.060107954405248167,0.20928313703641915,0.11421644650399684,0.3011935763062475,0.0,0.0005411255411255,0.0,0.0078740157480314
82,drawbench,0.1702143967151642,0.3424884105618357,0.21305444091558456,0.39485007606421235,0.1,0.1666666666666666,0.0,0.032258064516129
97614,mscoco,0.06636322997510433,0.23963625939312264,0.12046752329915762,0.2669415802438011,0.0,0.0196078431372549,0.0,0.0555555555555555
548219,mscoco,0.15502770617604256,0.42681174421881185,0.16110286265611648,0.3838800338041388,0.4,0.5,0.4,1.0
232031,mscoco,0.02294098511338234,0.07517606498418596,0.019810883980244397,0.06890117777287348,0.1,0.5,0.0,0.0526315789473684
212047,mscoco,0.03153709750622511,0.1060765970154489,0.037216524593532085,0.1113511943101459,0.1,1.0,0.1,1.0
532520,mscoco,0.049801372922956944,0.1311116961433962,0.056670565716922285,0.16285429042694274,0.2,0.3333333333333333,0.1,0.25
202923,mscoco,0.16741603016853332,0.30569572878285217,0.22667649909853935,0.5130359324438154,0.4,0.25,0.3,0.1666666666666666
32675,mscoco,0.25008472353219985,0.5749075706549618,0.3207366332411766,0.5811175968890295,0.1,1.0,0.1,1.0
280112,mscoco,0.17506173476576806,0.4144353860155835,0.15228156112134456,0.34950734589122284,0.3,0.3333333333333333,0.2,1.0
230982,mscoco,0.053141105361282824,0.13392304575816388,0.05486141555011272,0.15641541777886772,0.1,0.5,0.0,0.0714285714285714
104340,mscoco,0.02036417128983885,0.053934209101543513,0.027166077680885792,0.10794301078014554,0.0,0.0256410256410256,0.1,1.0
444912,mscoco,0.01282348153181374,0.050130280880016545,0.026394532853737475,0.09597899388224686,0.0,0.0833333333333333,0.1,0.1666666666666666
210071,mscoco,0.05712800286710262,0.1656145115097203,0.047724321112036706,0.12277219511000807,0.9,1.0,1.0,1.0
541203,mscoco,0.06157397702336311,0.16134854966215342,0.07947837896645069,0.15820715284347647,0.1,0.1,0.2,1.0
64626,mscoco,0.07564367838203907,0.2062490236032008,0.1015529166907072,0.28293731682382955,0.1,0.1111111111111111,0.0,0.0555555555555555
224060,mscoco,0.1622987424954772,0.339251922372998,0.1324536181986332,0.31234819502085603,0.1,1.0,0.1,1.0
411028,mscoco,0.08513777684420347,0.17734635776193328,0.16018178462982177,0.37595181440059355,0.4,1.0,0.5,1.0
228712,mscoco,0.04015650097280741,0.11910395079121934,0.02938983552157879,0.11070857279255668,0.1,0.125,0.0,0.0256410256410256
170365,mscoco,0.13549373745918275,0.3689501026061975,0.11200625076889992,0.2845694358677879,0.0,0.0769230769230769,0.1,0.125
346403,mscoco,0.12247134894132614,0.3086096202609178,0.14285872913897038,0.2481893956576019,0.0,0.0163934426229508,0.2,1.0
265597,mscoco,0.5177483141422272,0.6937546809884378,0.5074104785919189,0.6217802714998185,1.0,1.0,0.9,0.5
11504,mscoco,0.07394066601991653,0.173685813782927,0.1007629930973053,0.23203817505646604,0.1,0.125,0.2,0.3333333333333333
546010,mscoco,0.04951449036598206,0.1499783006713908,0.03865259196609259,0.13679469281768955,0.1,1.0,0.1,0.5
287003,mscoco,0.2382104478776455,0.5776147828192206,0.2620651826262474,0.5114250074088859,0.1,1.0,0.3,0.5
485406,mscoco,0.14905555173754692,0.4253638778476859,0.18837034404277803,0.34404761993933375,0.0,0.0416666666666666,0.1,1.0
299051,mscoco,0.1507050532847643,0.29755041689054973,0.18750474900007247,0.454993324463289,0.3,1.0,0.5,1.0
67,drawbench,0.023108958173543213,0.060349752620467025,0.020607796986587344,0.1253173704915179,0.0,0.0,0.0,0.0
107481,mscoco,0.31808327585458757,0.5395650320122144,0.38173637390136717,0.6302278718904158,0.4,0.3333333333333333,0.5,1.0
160968,mscoco,0.21436511874198913,0.3789452968002755,0.17037338539958,0.3597402985640747,0.1,0.1428571428571428,0.1,0.3333333333333333
447983,mscoco,0.04644213803112507,0.11566019318068951,0.050475813820958136,0.14368105232908004,0.1,1.0,0.1,1.0
192651,mscoco,0.18734165728092195,0.4032619195361425,0.26099977642297745,0.5471068698676629,0.3,0.5,0.5,1.0
341856,mscoco,0.060765272751450536,0.18026048236736741,0.07662977129220963,0.224085546576056,0.3,0.5,0.2,1.0
45809,mscoco,0.12368267774581909,0.27574402268668624,0.1575742855668068,0.3439776048137311,0.6,1.0,0.6,1.0
552089,mscoco,0.06010653655976057,0.17707235802463975,0.049669258762151,0.14166282163391333,0.1,0.1111111111111111,0.1,0.1
24097,mscoco,0.07683133259415627,0.21501493852630066,0.06482377927750349,0.20962782184135556,0.1,1.0,0.1,1.0
433451,mscoco,0.17250852324068547,0.2995106311124676,0.1832925532013178,0.38782545285777364,0.0,0.0909090909090909,0.1,0.1666666666666666
547100,mscoco,0.031666664965450765,0.09299673717333908,0.01752067096531391,0.0672927498619004,0.1,1.0,0.1,1.0
485595,mscoco,0.02790424060076475,0.09057979940555413,0.046657157875597474,0.13293145882241791,0.1,0.5,0.1,1.0
266209,mscoco,0.06688292343169451,0.20620644882583314,0.08205620124936104,0.22430136768351322,0.2,0.3333333333333333,0.8,1.0
559754,mscoco,0.24168060347437859,0.5324421431144565,0.17389987744390964,0.2524971414232654,0.3,0.25,0.5,1.0
253848,mscoco,0.1196738112717867,0.2858322596711201,0.09425243437290191,0.24472180705676363,0.0,0.0434782608695652,0.1,0.1666666666666666
51487,mscoco,0.014969257172197104,0.056667139274435514,0.02295301677659154,0.06370170542062771,0.1,1.0,0.1,1.0
8725,mscoco,0.20294289998710155,0.3929097331067044,0.18939671739935876,0.39109316453987436,0.0,0.003690036900369,0.0,0.0909090909090909
115,drawbench,0.14714695736765862,0.3177278186192044,0.11426731497049332,0.3230390415528126,0.0,0.0,0.0,0.0
168833,mscoco,0.2378766007721424,0.4709817966911755,0.3193320378661156,0.5375487149608581,0.0,0.02,0.0,0.0357142857142857
248682,mscoco,0.16368257254362106,0.35656008507961084,0.21987691819667815,0.4254234772893801,0.6,0.5,0.8,1.0
488032,mscoco,0.3417465329170227,0.6729691741718046,0.5074035108089447,0.7887939113409113,0.3,1.0,0.6,1.0
24242,mscoco,0.0912907175719738,0.20325415398518404,0.19154567867517472,0.34461215811038237,0.0,0.05,0.5,1.0
150546,mscoco,0.1130069974809885,0.31186983878958413,0.13919858634471893,0.31595206690548056,0.1,0.5,0.1,1.0
67563,mscoco,0.30882832407951355,0.37839324144148406,0.30865864306688306,0.4021969968024315,0.2,1.0,0.0,0.0833333333333333
36783,mscoco,0.13579677417874336,0.4916564131009678,0.15621616169810296,0.3155029323043477,0.0,0.0040485829959514,0.1,0.1428571428571428
216015,mscoco,0.1345517836511135,0.39720100876345554,0.1708446554839611,0.4137652665925173,0.2,1.0,0.1,1.0
530904,mscoco,0.04467879477888346,0.1588041824938044,0.07190222069621086,0.17792009930429087,0.3,0.3333333333333333,0.3,1.0
15356,mscoco,0.2181340664625168,0.40608330005904636,0.2657370775938034,0.4503203631016318,0.4,0.3333333333333333,0.4,1.0
213809,mscoco,0.023048898857086896,0.08580395231956915,0.016495072375983,0.07416878318388198,0.1,1.0,0.1,1.0
407057,mscoco,0.06195096764713526,0.15340269947760715,0.059900492802262305,0.1812567048830668,0.4,1.0,0.3,1.0
229142,mscoco,0.1182450883090496,0.31787324383757903,0.1191701352596283,0.2794871802371206,0.1,0.3333333333333333,0.1,0.1428571428571428
307990,mscoco,0.225754214823246,0.36361187215142504,0.38491831421852113,0.5877031090263621,0.3,0.25,0.2,0.5
185,drawbench,0.0352197271771729,0.10890158756628883,0.020664338697679342,0.08812084397002999,0.0,0.0,0.0,0.0
318820,mscoco,0.08516549356281758,0.23044581597032757,0.09887817278504371,0.24883572873702636,0.1,1.0,0.1,1.0
575303,mscoco,0.03071872591972351,0.10096125684317318,0.03287679078057408,0.10699853940693943,0.1,1.0,0.1,1.0
578094,mscoco,0.08397728055715561,0.22390225909350842,0.11382680162787437,0.27083532746474404,0.4,1.0,0.7,1.0
54611,mscoco,0.2128662571310997,0.3135708770764815,0.3081756830215454,0.5925402301131626,0.2,0.3333333333333333,0.7,1.0
5903,mscoco,0.09077389128506183,0.3093100666844105,0.09268695823848247,0.3022589223065274,0.2,1.0,0.1,1.0
238603,mscoco,0.38592808842659,0.5258121060084178,0.5497847378253937,0.754206637375745,0.3,0.1666666666666666,0.7,1.0
113089,mscoco,0.04478627257049084,0.12464105104635577,0.07437207214534283,0.1600961618216167,0.1,1.0,0.1,1.0
381759,mscoco,0.026464341767132284,0.08504815887509697,0.042876817472279075,0.10422978911015468,0.0,0.0104166666666666,0.1,0.5
486580,mscoco,0.11585178487002849,0.30628262830068415,0.17227992042899132,0.4201732254277455,0.0,0.0434782608695652,0.2,0.25
480720,mscoco,0.3519149899482727,0.5569644482793454,0.30248901546001433,0.5434019331948333,0.6,0.3333333333333333,0.5,1.0
289140,mscoco,0.008136559650301934,0.029140810473199403,0.008278402034193277,0.03024991274878059,0.1,0.2,0.1,0.3333333333333333
91719,mscoco,0.23688640296459199,0.3759567810402976,0.374453604221344,0.5842385614756404,0.2,0.3333333333333333,0.8,1.0
8944,mscoco,0.07115132473409176,0.26614390832820173,0.07236451022326947,0.1861863927199118,0.1,0.3333333333333333,0.0,0.0833333333333333
468742,mscoco,0.1251378983259201,0.3029972999306067,0.11454196088016033,0.2639872490514308,0.3,1.0,0.3,1.0
512723,mscoco,0.2582692325115204,0.5099855737479582,0.28835455924272535,0.4284429656372386,0.5,1.0,0.8,1.0
167962,mscoco,0.21062833815813065,0.38663019556187733,0.34713571071624755,0.6277421859123905,0.2,0.1666666666666666,0.4,0.3333333333333333
132161,mscoco,0.029196235164999963,0.1086617920360166,0.03214844660833478,0.07990718194614894,0.0,0.0416666666666666,0.1,1.0
260336,mscoco,0.10488147698342801,0.29617213989781815,0.11916733831167221,0.31579954269255156,0.6,1.0,0.8,1.0
320429,mscoco,0.1487102374434471,0.2762719274465788,0.18185442239046096,0.43240552660942305,0.1,0.1,0.2,1.0
465893,mscoco,0.14104087129235268,0.2417013797770124,0.16945238634943963,0.3727965589440474,0.2,0.1666666666666666,0.5,0.3333333333333333
34183,mscoco,0.07901394776999951,0.21515597589536542,0.0545036138035357,0.1941237834903175,0.2,1.0,0.2,1.0
531404,mscoco,0.023258541710674763,0.08761688473626732,0.028573182597756385,0.11576403094642333,0.0,0.015625,0.1,0.1666666666666666
551651,mscoco,0.10668378584086895,0.2915230488735445,0.110432855412364,0.23201906298561237,0.1,0.1428571428571428,0.2,0.5
140921,mscoco,0.1677643209695816,0.37819762845064736,0.24528750032186508,0.3942338893570035,0.2,1.0,0.2,1.0
449780,mscoco,0.15389192365109922,0.31455862280751923,0.22000389248132707,0.4269104546251357,0.1,0.1666666666666666,0.0,0.0588235294117647
560326,mscoco,0.029862392321228982,0.08815129376422316,0.03585259728133679,0.10476337505302169,0.2,0.5,0.3,1.0
440813,mscoco,0.026167367678135635,0.07077605810546128,0.02912235166877508,0.10027198455878494,0.1,0.5,0.1,0.25
126,drawbench,0.1135382428765297,0.2508030907951168,0.13833020739257335,0.28732481549976635,0.0,1.321684883889983e-05,0.0,4.428305730227615e-05
44,drawbench,0.1708877168595791,0.28752632013838003,0.1768743358552456,0.3954852203824705,0.0,2.0200795911358907e-05,0.0,0.0002699784017278
174417,mscoco,0.0161493007093668,0.053703483230554204,0.021600154973566533,0.07565686475804323,0.1,1.0,0.1,0.5
423215,mscoco,0.06697617676109076,0.1718136971752368,0.12865276932716369,0.40417903104333647,0.0,0.0017094017094017,0.0,0.0588235294117647
478090,mscoco,0.10349989719688893,0.2307019556900381,0.10443316996097565,0.24011500638034725,0.0,0.0588235294117647,0.1,0.1666666666666666
83034,mscoco,0.040012551657855513,0.1670715773863084,0.08134090527892113,0.18486205304824674,0.1,1.0,0.0,0.0833333333333333
325568,mscoco,0.05553754717111588,0.15644482461636125,0.07995301596820355,0.21596142724798142,0.0,0.0010660980810234,0.0,0.0007107320540156
517603,mscoco,0.10774742998182774,0.23113704505718627,0.13434883244335652,0.4308147059203595,0.4,0.25,0.1,0.2
460287,mscoco,0.07848757915198804,0.21592980541302587,0.06544663365930319,0.21456532476630075,0.2,1.0,0.2,1.0
337546,mscoco,0.202924045920372,0.35666726162062223,0.2307068884372711,0.49381600425664024,0.1,0.1111111111111111,0.3,1.0
389491,mscoco,0.24073456600308418,0.5095288317852348,0.33323618173599245,0.6992506140321308,0.0,0.024390243902439,0.2,0.5
557451,mscoco,0.01869422416202724,0.07041387848922523,0.020411892933771013,0.05981599886189518,0.2,1.0,0.2,1.0
20414,mscoco,0.06548266466706991,0.1997423529881288,0.08095059879124164,0.22288579772037273,0.4,1.0,0.7,1.0
402603,mscoco,0.08028562963008881,0.21802352435178055,0.10334039963781834,0.24098201902589356,0.1,0.5,0.1,1.0
93116,mscoco,0.07402277998626232,0.19794668575935154,0.07223181501030922,0.2192909039076142,0.3,0.25,0.4,1.0
202143,mscoco,0.1079289060086012,0.30024558790890293,0.27121845781803133,0.4188601946057678,0.4,0.5,0.8,1.0
477526,mscoco,0.23518807590007781,0.5806625911200816,0.24238824248313903,0.5904968222014024,0.2,1.0,0.3,1.0
557388,mscoco,0.1877343736588955,0.4020461300784053,0.24937627837061882,0.5293038795911674,0.5,1.0,0.2,1.0
120254,mscoco,0.20391331762075424,0.4953337410170272,0.27340059727430344,0.5258568885831159,0.1,0.1666666666666666,0.2,0.25
188606,mscoco,0.19602009952068328,0.341528617845252,0.1970989629626274,0.4302466919769561,0.0,0.037037037037037,0.1,0.1
490336,mscoco,0.21904705762863158,0.35423828167135496,0.2975953474640846,0.49478329967265394,0.1,0.3333333333333333,0.4,0.5
82731,mscoco,0.03348129279911518,0.09924864977176381,0.05188215337693691,0.1533174445427612,0.1,0.1428571428571428,0.1,0.1
46674,mscoco,0.07993719950318337,0.20373330473432152,0.08146290928125381,0.2007001949570843,0.1,1.0,0.1,1.0
534366,mscoco,0.14118606261909009,0.40471306240695054,0.23574836775660515,0.39775916301625275,0.2,1.0,0.3,1.0
493774,mscoco,0.03336202800273895,0.09355370830149995,0.03309018574655056,0.08927779643297638,0.0,0.0833333333333333,0.2,0.5
417547,mscoco,0.062493432126939294,0.2082721756995842,0.06975306831300258,0.1745430314798831,0.0,0.0344827586206896,0.0,0.0119047619047619
63556,mscoco,0.031280852295458315,0.09194961088361135,0.04037196058779955,0.13000096725505927,0.1,0.3333333333333333,0.1,1.0
479036,mscoco,0.07557807769626379,0.23181916161376087,0.08398853056132793,0.206134784763588,0.4,1.0,0.4,1.0
515424,mscoco,0.3087843909859657,0.5378494055481461,0.4802281469106674,0.6532880718907622,0.2,0.5,0.1,0.25
320899,mscoco,0.15848219990730286,0.3488155079750796,0.2490300290286541,0.49541037562546847,0.1,0.125,0.1,0.125
353378,mscoco,0.10902372226119042,0.28461446245691474,0.107879688590765,0.20995397216311307,0.1,1.0,0.1,1.0
26517,mscoco,0.21586737856268884,0.3228642342453329,0.1946230098605156,0.4083579084144134,0.1,0.2,0.2,1.0
559912,mscoco,0.23880217522382735,0.42112865871313193,0.24792007356882095,0.435211201352052,0.4,0.2,0.5,1.0
5913,mscoco,0.16978749856352807,0.3855997045360959,0.16896471083164216,0.3799481372772344,0.0,0.0833333333333333,0.0,0.0625
390474,mscoco,0.1852421246469021,0.38211524287224974,0.18686603978276253,0.3518470590884828,0.5,0.5,0.6,1.0
235062,mscoco,0.1244914248585701,0.29550312233815634,0.09585570096969605,0.2522897090748821,0.2,0.3333333333333333,0.2,1.0
313015,mscoco,0.024610755639150737,0.07572607346730724,0.016121955728158353,0.07393565945189186,0.1,0.2,0.1,1.0
397857,mscoco,0.03190595544874668,0.10413067386798101,0.033717751316726205,0.10412502548784285,0.1,1.0,0.1,1.0
550140,mscoco,0.15972110256552696,0.2746274844624498,0.1704709179699421,0.3945580869730249,0.7,0.25,0.5,0.5
461836,mscoco,0.10735250804573297,0.21741866969849813,0.11425130926072598,0.33506956199221033,0.0,0.0666666666666666,0.0,0.0714285714285714
106,drawbench,0.14819294586777687,0.3072068199168128,0.19429497346282004,0.3435696904832815,0.0,0.02,0.1,0.1666666666666666
81779,mscoco,0.06752332709729672,0.1838522179861769,0.08984798155725002,0.223826697135631,0.1,0.5,0.1,0.25
215134,mscoco,0.3917978644371033,0.4922026067613807,0.5242233723402023,0.7819468411161971,0.1,0.3333333333333333,0.1,0.25
523309,mscoco,0.05671082735061646,0.15491995970633535,0.06916324328631163,0.23035272760242656,0.0,0.0833333333333333,0.0,0.0833333333333333
171,drawbench,0.06341131813824177,0.1712389044498522,0.05296231433749199,0.1439437669860106,0.0,0.0,0.0,0.0
380500,mscoco,0.15134985148906707,0.3143133195674241,0.17104629725217818,0.4078760154721151,0.0,0.0192307692307692,0.2,1.0
156128,mscoco,0.43909399807453153,0.8123299579484448,0.5006014943122864,0.7957792764949733,0.2,1.0,0.4,1.0
125908,mscoco,0.15118912532925605,0.32081457911923916,0.22334748432040213,0.47325054122463395,0.4,0.5,0.4,0.5
488303,mscoco,0.060316482558846474,0.17667822438085026,0.07293410208076238,0.16284034276322032,0.1,0.3333333333333333,0.0,0.0476190476190476
49725,mscoco,0.06122123096138239,0.17959603190967877,0.05776744931936264,0.1808855510023599,0.1,0.5,0.1,0.5
556363,mscoco,0.05033525172621012,0.15201208350854745,0.055656687915325166,0.16066034476349345,0.1,1.0,0.1,0.1428571428571428
279947,mscoco,0.232695584744215,0.4034930544021166,0.2487134352326393,0.4557624764105225,0.3,0.5,0.6,1.0
139083,mscoco,0.14976561814546585,0.3025405789500953,0.30648636519908906,0.6481551988659162,0.2,0.3333333333333333,0.0,0.0666666666666666
325055,mscoco,0.11308973208069802,0.27465661464850266,0.1103511929512024,0.2893506426609693,0.3,0.25,0.3,0.3333333333333333
483311,mscoco,0.6655495554208756,0.8314430328110017,0.7079426020383834,0.898297456241116,0.8,1.0,0.8,0.5
206410,mscoco,0.08096702583134174,0.2093240960318922,0.10179606825113297,0.2638587036276357,0.2,1.0,0.0,0.0212765957446808
270290,mscoco,0.03573594782501459,0.11552021400686337,0.03511221688240766,0.12004006272347165,0.3,1.0,0.3,1.0
542937,mscoco,0.12184440083801747,0.3231264759827244,0.17335108369588853,0.3532680451863147,0.2,0.25,0.1,0.2
109178,mscoco,0.10937408842146397,0.26367449394300324,0.12456337660551071,0.26765406298283284,0.9,1.0,1.0,1.0
286116,mscoco,0.04801434874534607,0.12666055475466081,0.04982367306947708,0.13900518486699007,0.2,0.1428571428571428,0.3,1.0
369557,mscoco,0.09082188829779625,0.29482806183764365,0.12496423497796058,0.301736108835931,0.2,0.5,0.5,1.0
195810,mscoco,0.10885672345757484,0.25840235201912387,0.10319505147635936,0.20190220654233598,0.1,1.0,0.1,0.5
561907,mscoco,0.022823315393179656,0.09075040865633685,0.018231325084343553,0.08741495502857506,0.0,0.03125,0.0,0.0010604453870625
100083,mscoco,0.06783839892596007,0.197123235015101,0.07637560591101647,0.2171452375232413,0.9,1.0,0.5,1.0
427113,mscoco,0.1194929476827383,0.33997276877437604,0.172308599203825,0.4089205867518561,0.3,1.0,0.5,1.0
504670,mscoco,0.05403994768857956,0.145363498227374,0.05565290302038193,0.18568455667570993,0.0,0.0384615384615384,0.0,0.04
171656,mscoco,0.05254799164831638,0.14824923976056262,0.05259895715862513,0.15624287413692073,0.1,0.1428571428571428,0.1,1.0
337011,mscoco,0.035455898847430944,0.1175748648079016,0.034506906569004056,0.09723215048763041,0.0,0.0344827586206896,0.1,0.5
452031,mscoco,0.03601993378251791,0.10179046835748047,0.04993840903043747,0.15340814067082723,0.1,1.0,0.0,0.0769230769230769
59593,mscoco,0.26807327196002007,0.5167659390756352,0.24231390953063964,0.5521791871582248,0.3,0.3333333333333333,0.2,1.0
469894,mscoco,0.05944808460772037,0.1343745072249357,0.12540412843227386,0.2915268371617093,0.1,0.25,0.6,0.5
427688,mscoco,0.3282261110842228,0.32002203193598755,0.3485295221209526,0.4422488516927441,0.5,0.2,0.9,1.0
247394,mscoco,0.18045077845454216,0.36892118571459387,0.16777310222387315,0.35586600606816726,0.2,1.0,0.2,0.5
189197,mscoco,0.18787654042243956,0.3282297709223847,0.18571550846099855,0.38329112407342353,0.0,0.024390243902439,0.0,0.0769230769230769
293218,mscoco,0.2417488768696785,0.49512360070262107,0.2495313197374344,0.5117515325527887,0.1,0.25,0.5,1.0
563257,mscoco,0.1911845900118351,0.3901918242491261,0.19487445876002313,0.4895209536388593,0.0,0.0285714285714285,0.1,0.1
188556,mscoco,0.09121667556464672,0.30221659597953043,0.19112591855227948,0.35088390268556896,0.4,1.0,0.6,0.5
544348,mscoco,0.15816945135593413,0.2811157926527535,0.1767778217792511,0.31450527898701736,0.1,1.0,0.1,1.0
492817,mscoco,0.1251204267144203,0.26566520250679376,0.11325006037950516,0.27590569972717816,0.5,1.0,0.2,0.3333333333333333
5614,mscoco,0.05246205385774374,0.12897637958793737,0.07689873911440373,0.2196658361330355,0.1,0.1666666666666666,0.6,1.0
58250,mscoco,0.0630722127854824,0.17117347261611857,0.08151959404349327,0.24767860088736995,0.0,0.0212765957446808,0.1,1.0
110348,mscoco,0.16295566745102405,0.3367573640914405,0.20848194435238837,0.5030436691309339,0.8,1.0,0.9,1.0
502179,mscoco,0.2052862774580717,0.34246993808082404,0.1934455841779709,0.4012545585033683,0.0,0.0476190476190476,0.0,0.0833333333333333
357948,mscoco,0.034693723730742934,0.13481219145037165,0.04751910977065563,0.14994219197633607,0.1,1.0,0.1,0.5
293081,mscoco,0.3435861602425575,0.47004685443256733,0.46206639856100085,0.6404428764856477,0.3,0.5,0.6,0.5
531883,mscoco,0.03871278502047062,0.11617030101466932,0.039073503389954564,0.1401912803755999,0.2,1.0,0.2,1.0
241911,mscoco,0.05584378447383642,0.1532551848977535,0.05567303039133549,0.18567698493122733,0.1,0.1428571428571428,0.1,0.125
253480,mscoco,0.29358153492212297,0.40920304830260085,0.36956736296415327,0.6371421509919213,0.0,0.0588235294117647,0.3,0.5
7,drawbench,0.40420134365558624,0.7364490314474632,0.2448950558900833,0.38015868209009623,0.0,5.006257822277847e-05,0.0,0.0001886080724254
418853,mscoco,0.052309101447463036,0.15850692971680058,0.05173693411052227,0.14351745038434882,0.1,0.3333333333333333,0.1,1.0
476341,mscoco,0.06320577748119831,0.15369314880088325,0.09550204649567604,0.23996859996738093,0.0,0.0181818181818181,0.0,0.0013351134846461
92554,mscoco,0.075812035985291,0.1517843722218273,0.07796962764114142,0.29978941661793806,0.1,0.5,0.3,1.0
186145,mscoco,0.08612169362604619,0.27211352266409383,0.10174586027860641,0.2468051799741579,0.2,0.1666666666666666,0.5,0.3333333333333333
323424,mscoco,0.12078655734658242,0.3633888747960382,0.12278949990868568,0.26884969752302085,0.0,0.0357142857142857,0.2,0.1428571428571428
92670,mscoco,0.17341698482632636,0.320008369154702,0.184221513569355,0.38757843202944126,0.2,0.5,0.2,0.5
436333,mscoco,0.07437836118042469,0.17264188395079985,0.07304020468145608,0.22183983875931673,0.0,0.0285714285714285,0.1,0.5
25748,mscoco,0.07069133184850215,0.17444893066400902,0.061983286216855046,0.1576225140751706,0.0,0.0666666666666666,0.1,1.0
437156,mscoco,0.1786635085940361,0.38599837981981167,0.23734750151634215,0.4774111967286532,0.5,1.0,1.0,1.0
40361,mscoco,0.2569607697427273,0.5308382324704276,0.3737299621105194,0.48210448649104404,0.1,0.125,0.4,0.3333333333333333
190,drawbench,0.07523874528706073,0.1771742091620909,0.07301651425659657,0.22246261212253887,0.0,0.0,0.0,0.0
477988,mscoco,0.044805850554257634,0.12989542300283638,0.04110420299693942,0.1335895642730591,0.2,1.0,0.2,1.0
108238,mscoco,0.06325711384415626,0.2146556223801341,0.11583745572715998,0.34963757355764846,0.0,0.03125,0.1,1.0
397575,mscoco,0.07121390029788018,0.17884638410180012,0.05744708515703678,0.1557872675497883,0.0,0.0192307692307692,0.1,1.0
442667,mscoco,0.14002299159765244,0.2995991692549524,0.1489378273487091,0.32864973221196614,0.0,0.0212765957446808,0.4,0.5
362839,mscoco,0.05277872625738382,0.17704054883906217,0.0619385477155447,0.19451295949713107,0.1,1.0,0.1,1.0
375004,mscoco,0.07409780211746693,0.29724573681964533,0.10235455967485904,0.3300014626083134,0.1,0.5,0.1,1.0
409949,mscoco,0.24579751044511794,0.47007696318754594,0.1948136270046234,0.3710832523784884,0.4,1.0,0.6,1.0
549532,mscoco,0.2656248062849045,0.4069492749659031,0.322684770822525,0.5008933340148192,0.5,0.3333333333333333,0.2,0.1111111111111111
434511,mscoco,0.07739065438508988,0.2585559191151978,0.12435164153575898,0.3069789739006047,0.1,1.0,0.1,1.0
33481,mscoco,0.05981335304677486,0.14903339739653526,0.060212931223213674,0.15653020128600043,0.3,1.0,0.2,1.0
306232,mscoco,0.0696050725877285,0.1819262199887166,0.08399764858186246,0.22201700373523064,0.0,0.0222222222222222,0.0,0.0769230769230769
154119,mscoco,0.07758377827703952,0.20383174089330247,0.09361420348286628,0.27534265312024725,0.4,0.3333333333333333,0.6,1.0
525467,mscoco,0.1589691773056984,0.36827585960849324,0.2941236659884453,0.4331768911841177,0.3,1.0,0.3,1.0
494360,mscoco,0.12176702655851841,0.3163133298354604,0.11147711686789989,0.3030024995404855,0.1,0.5,0.1,0.125
223574,mscoco,0.0483032239601016,0.15032027031817474,0.04174127038568258,0.13854774995709668,0.1,0.5,0.1,1.0
347113,mscoco,0.03477858249098063,0.10563569382263215,0.031926382891833784,0.12031745023893618,0.0,0.0014903129657228,0.0,0.0833333333333333
25697,mscoco,0.3682850733399391,0.46799565655814074,0.29092723652720454,0.4250098997138087,0.8,1.0,0.7,1.0
198978,mscoco,0.06812471002340317,0.19829414986261074,0.1585143007338047,0.4068742434540061,0.0,0.0666666666666666,0.3,0.25
172776,mscoco,0.23719316869974136,0.4097768259590168,0.4093338817358017,0.5163100841128079,0.2,0.25,0.7,0.25
59515,mscoco,0.02193408031016588,0.07443235855922713,0.0389182286337018,0.1432494824356719,0.0,0.0055555555555555,0.0,0.0017391304347826
35715,mscoco,0.082468082010746,0.23257663877323073,0.10031289532780648,0.2973644732541486,0.0,0.05,0.1,1.0
386777,mscoco,0.1273214254528284,0.28142694748821123,0.10534044019877911,0.27290067049786054,0.2,1.0,0.1,0.1428571428571428
527342,mscoco,0.07057967893779278,0.18036316772815394,0.07590036988258361,0.17023169504000096,0.1,0.3333333333333333,0.1,1.0
408838,mscoco,0.20475489795207977,0.4931787678063921,0.22978462725877763,0.4451461127085049,0.1,0.1666666666666666,0.0,0.02
53744,mscoco,0.02293544849380851,0.0750201303166909,0.030229783989489077,0.08958854696928156,0.1,1.0,0.8,1.0
218960,mscoco,0.15960969626903534,0.3930955230258942,0.22038336843252182,0.4475943426227917,0.2,1.0,0.3,1.0
404367,mscoco,0.3450588881969452,0.5311137454251387,0.4817255884408951,0.65951165256165,0.4,0.3333333333333333,0.5,1.0
500071,mscoco,0.029042930621653796,0.13810164255887983,0.03532564789056778,0.11452224443653025,0.0,0.009090909090909,0.1,1.0
74331,mscoco,0.2913729414343834,0.5573991933219592,0.29269870817661287,0.5995959213707504,0.2,1.0,0.1,1.0
47652,mscoco,0.09372729770839214,0.22904618587464262,0.12019738629460335,0.2488811770846623,0.0,0.0714285714285714,0.6,1.0
299154,mscoco,0.04653953164815903,0.13779491652873235,0.05348926670849323,0.13556950928465492,0.1,0.1666666666666666,0.2,0.5
499004,mscoco,0.1536934807896614,0.2768808498052563,0.12440816946327686,0.3052407106001481,0.1,0.2,0.3,0.25
13471,mscoco,0.19058595299720765,0.3768757206633853,0.18982840478420257,0.3477172532374277,0.3,1.0,0.6,1.0
280810,mscoco,0.026474532205611467,0.08749237797895193,0.08159383023157715,0.20438321672315762,0.2,0.5,0.1,0.3333333333333333
322008,mscoco,0.09999546110630035,0.24153246157260255,0.20613389164209367,0.39092878079195015,0.1,0.1428571428571428,0.0,0.0909090909090909
108871,mscoco,0.0356637679040432,0.11336536245524671,0.04590962324291468,0.14553215215092605,0.1,0.5,0.1,1.0
509626,mscoco,0.04859276283532381,0.12484880082676214,0.05811033435165882,0.19610733159046484,0.1,0.2,0.0,0.0014492753623188
105853,mscoco,0.32572397887706755,0.5884546474604688,0.2893929988145828,0.4871557451785586,0.0,0.024390243902439,0.3,1.0
478320,mscoco,0.10955717265605927,0.29517878984699625,0.09426047429442405,0.2583166834967796,0.5,1.0,0.2,1.0
517632,mscoco,0.3250619679689407,0.4924290797773061,0.316081614792347,0.4685732898101205,0.2,1.0,0.2,1.0
194105,mscoco,0.15284605622291564,0.3645892519384457,0.17624966502189637,0.4564203179059302,0.0,0.032258064516129,0.0,0.0227272727272727
323208,mscoco,0.11581562161445617,0.2949038568543793,0.12351700216531754,0.30953964293927855,0.1,0.25,0.1,0.3333333333333333
116,drawbench,0.19584025517106057,0.3562370512879486,0.18993797823786734,0.39304933453556445,0.0,0.0,0.0,0.0
246746,mscoco,0.20427828058600425,0.3256150408474294,0.36710691303014753,0.5370038701427655,0.0,0.0052356020942408,0.2,0.25
243292,mscoco,0.11286646835505962,0.24706392165770988,0.15299305841326713,0.32884622501064925,0.2,0.5,0.3,0.5
125,drawbench,0.15138156041502954,0.29025193401404553,0.17445468977093698,0.3373687109600419,0.0,0.0,0.0,0.0
392363,mscoco,0.17698170095682145,0.2862296845789813,0.20229348316788673,0.43266536504819464,0.0,0.0714285714285714,0.1,0.2
6107,mscoco,0.10091596841812134,0.22635478195701703,0.1630355216562748,0.4075044791615434,0.1,0.1666666666666666,0.3,0.5
279605,mscoco,0.07529978323727846,0.198610782796091,0.17481060996651648,0.36072349129086356,0.3,0.25,0.3,0.2
518199,mscoco,0.061116034723818304,0.17808677546920426,0.05384003072977066,0.15136504145055732,0.0,0.05,0.0,0.0909090909090909
516990,mscoco,0.3983319833874702,0.6312106197967524,0.46503080129623414,0.5592279028853113,0.7,1.0,0.8,1.0
474504,mscoco,0.11527111753821373,0.25326066751163395,0.20302894413471223,0.39558322772648297,0.0,0.0454545454545454,0.1,0.5
323788,mscoco,0.35877024233341215,0.6328655700228053,0.36149282455444337,0.5299468440304712,0.6,1.0,0.6,1.0
210136,mscoco,0.09660883359611035,0.23448983307971963,0.08969876132905483,0.21406642115555538,0.3,0.2,0.1,0.3333333333333333
450558,mscoco,0.053547009080648425,0.17736395600746732,0.06525157056748868,0.22183557876231708,0.0,0.0588235294117647,0.2,0.3333333333333333
542178,mscoco,0.09649889804422855,0.233536858676182,0.0804805465042591,0.23251455624208986,0.0,0.0076923076923076,0.0,0.0909090909090909
59525,mscoco,0.131037775054574,0.2577041800833198,0.11931445598602294,0.29171711613307666,0.0,0.0454545454545454,0.2,0.1666666666666666
50201,mscoco,0.15002765394747258,0.3255377528624433,0.13328639529645442,0.3209069632174463,0.1,1.0,0.1,1.0
311629,mscoco,0.10476896688342094,0.22422990127722778,0.1342853982001543,0.25736918910026985,0.2,1.0,0.2,1.0
151594,mscoco,0.07357996366918088,0.19507388774961296,0.08011935465037823,0.20233206932709943,0.4,0.5,0.6,1.0
305545,mscoco,0.02286127470433712,0.07638546291677938,0.032935208082199095,0.09084921969739006,0.1,1.0,0.1,1.0
162393,mscoco,0.1559655860066414,0.3713912482477971,0.22182031273841857,0.4658108381031232,0.2,1.0,0.2,1.0
297967,mscoco,0.09165613614022732,0.21827506794925194,0.18889096081256868,0.33823153934148087,0.1,0.1428571428571428,0.1,1.0
237833,mscoco,0.03505479209125042,0.12439902003931372,0.023765540216118097,0.0924146762854002,0.0,0.0181818181818181,0.0,0.0049504950495049
234274,mscoco,0.02413717107847333,0.08978784455568418,0.03898583147674799,0.11244054790626183,0.1,0.5,0.1,0.2
111742,mscoco,0.11922856085002423,0.2581050917012652,0.12241866886615753,0.254865165532661,0.5,1.0,0.4,1.0
109061,mscoco,0.14062441512942314,0.3284412401034638,0.13610083535313605,0.32511478799408916,0.1,1.0,0.1,1.0
190035,mscoco,0.14030314162373542,0.3479712661257133,0.17086448818445205,0.3646936010346976,0.2,0.25,0.1,1.0
62995,mscoco,0.060481983050704,0.1739041903495498,0.07250510640442372,0.24026531773522475,0.1,1.0,0.1,0.3333333333333333
285484,mscoco,0.04317727293819189,0.11988363817207838,0.02713118800893426,0.08577757310855344,0.0,0.0185185185185185,0.0,0.05
36850,mscoco,0.09905918687582016,0.26713596383330707,0.1350366823375225,0.3087142548849469,0.2,0.5,0.3,1.0
110324,mscoco,0.11795666851103306,0.25319609008421595,0.15319016352295875,0.2655223791108409,0.1,0.5,0.0,0.0909090909090909
388566,mscoco,0.5060010135173798,0.8820959938038118,0.4885111540555954,0.878381268483133,0.7,1.0,1.0,1.0
74466,mscoco,0.1416148290038109,0.3757711173944769,0.14964651837944984,0.32243655364600554,0.1,0.1111111111111111,0.1,1.0
358438,mscoco,0.060991658829152584,0.1978449062373595,0.05795737132430077,0.16805639128666494,0.1,0.25,0.1,0.3333333333333333
302137,mscoco,0.13133634328842164,0.3411702526412841,0.21340944319963456,0.40554504535652924,0.2,0.3333333333333333,0.4,0.25
144,drawbench,0.0434896444901824,0.14033214995639104,0.03741044271737337,0.12974600420593366,0.0,0.0,0.0,0.0
404766,mscoco,0.3176971822977066,0.6272922381699243,0.49103160500526427,0.6398826814639244,0.3,0.5,0.3,0.3333333333333333
322937,mscoco,0.34115527719259264,0.4759377173599328,0.4381567299365997,0.5630668495659604,0.4,1.0,0.9,1.0
245902,mscoco,0.05595596507191658,0.13202091732217927,0.07093091364949941,0.1653750433088067,0.0,0.0222222222222222,0.0,0.0833333333333333
27528,mscoco,0.11224263869225978,0.22647821432224613,0.11686991564929486,0.25669756946944905,0.6,1.0,0.8,1.0
254392,mscoco,0.08601085208356381,0.25383255513298825,0.09789049550890923,0.258992905599033,0.2,1.0,0.2,1.0
34827,mscoco,0.344068643450737,0.6719500222321666,0.3371397227048874,0.5249362028359356,0.9,1.0,1.0,1.0
291752,mscoco,0.5495817482471466,0.6515777712685462,0.6338194131851196,0.708823182082916,0.9,1.0,1.0,1.0
126895,mscoco,0.09453411214053631,0.24422534065474777,0.1681672878563404,0.40163732310120015,0.0,0.0833333333333333,0.3,1.0
312316,mscoco,0.1876518502831459,0.35408701444084756,0.21004762202501298,0.40775812806810346,0.0,0.0769230769230769,0.4,1.0
439657,mscoco,0.05153491720557213,0.15813526417233492,0.06657196506857872,0.1634769729194067,0.2,1.0,0.2,1.0
438446,mscoco,0.2241223894059658,0.3874401989922169,0.24469780921936035,0.47615012710971644,0.5,0.5,0.7,1.0
470932,mscoco,0.04887656681239605,0.1568802747728855,0.0645226564258337,0.1908882737778322,0.2,0.1428571428571428,0.5,0.5
500829,mscoco,0.09708022847771644,0.2554952976138941,0.11573373824357987,0.22881789616904724,0.5,1.0,0.7,0.5
53550,mscoco,0.10710842646658421,0.25447649527971783,0.11952852234244346,0.2701193933687947,0.1,1.0,0.2,1.0
395340,mscoco,0.08682350516319275,0.20311444365407003,0.09300131686031818,0.21251279342169435,0.1,0.1666666666666666,0.1,0.5
257983,mscoco,0.43293779492378237,0.6602776631245801,0.47323754131793977,0.6530666188801757,0.4,1.0,0.7,0.5
573052,mscoco,0.12028667442500592,0.308826335080365,0.12425214760005474,0.2595856452946198,0.1,0.5,0.2,0.1666666666666666
475457,mscoco,0.0722420796751976,0.1784948031536471,0.10622204169631004,0.282796361514019,0.0,0.0588235294117647,0.2,0.1428571428571428
75,drawbench,0.1639615662395954,0.2737762099366734,0.11550839170813561,0.24941332865354462,0.0,0.0833333333333333,0.1,1.0
11288,mscoco,0.20286498367786407,0.4342240472562904,0.29865149930119517,0.6316331164038613,0.0,0.0909090909090909,0.3,1.0
276852,mscoco,0.10386349745094776,0.25225947744423116,0.13072283938527107,0.2911580358634533,0.0,0.0303030303030303,0.1,1.0
557780,mscoco,0.23940204828977585,0.5026099374131977,0.21808966472744942,0.5278601480736043,0.2,1.0,0.2,1.0
363165,mscoco,0.2992105811834335,0.5665944324382545,0.34303193241357804,0.5968323570468737,0.1,0.2,0.4,1.0
541880,mscoco,0.320992523431778,0.501113831542491,0.3570296630263329,0.6211442301173822,0.7,0.5,0.7,1.0
313526,mscoco,0.021764277899637818,0.0855691131688337,0.024503045808523895,0.06994396328950565,0.1,0.5,0.2,1.0
214055,mscoco,0.23948933854699134,0.5228219602334331,0.34700051695108414,0.5266167203860949,0.0,0.0625,0.1,0.125
458675,mscoco,0.11126049868762493,0.2222249891903888,0.18579228073358536,0.4536384213341482,0.0,0.0294117647058823,0.4,0.3333333333333333
175277,mscoco,0.08281875215470791,0.25612324534017245,0.06908027902245521,0.16851356972838766,0.2,0.3333333333333333,0.5,1.0
295076,mscoco,0.1382652059197426,0.2989269421563746,0.12607137858867645,0.28330103608779106,0.4,1.0,0.5,1.0
63075,mscoco,0.415725576877594,0.547882164791361,0.5246522963047028,0.568416420743126,0.4,1.0,0.8,0.5
533159,mscoco,0.32620442286133766,0.3968929619745686,0.4747639775276184,0.630598137386886,0.6,0.25,0.8,0.5
292810,mscoco,0.0682298183441162,0.17542401782265954,0.07005480844527483,0.20747180007330945,0.1,0.2,0.1,1.0
333978,mscoco,0.38841658234596255,0.6163304769357641,0.47113181501626966,0.5888444432382035,0.6,1.0,0.8,0.5
487264,mscoco,0.15277716368436814,0.3088839533434848,0.17494633719325065,0.32402374608403023,0.1,1.0,0.4,1.0
429074,mscoco,0.10985803231596947,0.21860260484277894,0.14289611652493478,0.29276250833086626,0.2,0.3333333333333333,0.1,0.1
39789,mscoco,0.017405082937330008,0.06437530624699633,0.02254216782748699,0.07353891226966107,0.1,0.5,0.0,0.05
429353,mscoco,0.04350125994533301,0.11566250573316098,0.04971466548740864,0.13686049597579059,0.3,1.0,0.4,1.0
110683,mscoco,0.036782443150877954,0.1296891215365991,0.07152802497148514,0.17990468306920587,0.0,0.04,0.0,0.0175438596491228
4132,mscoco,0.13433751091361046,0.2521094838992765,0.15967462360858917,0.35758002352405793,0.2,0.1666666666666666,0.1,1.0
278134,mscoco,0.08958236947655678,0.2072035422288986,0.05958888716995716,0.20674316913900717,0.1,1.0,0.0,0.0034722222222222
238709,mscoco,0.051723782904446125,0.1367053850015471,0.09205360300838947,0.2262559528680262,0.1,0.1111111111111111,0.6,1.0
485300,mscoco,0.017360461875796318,0.05693108878349129,0.023866538377478718,0.06587482636062035,0.0,0.0769230769230769,0.1,0.25
296620,mscoco,0.05168157052248716,0.14827233148731372,0.06601918935775757,0.17556406016608989,0.0,0.0454545454545454,0.0,0.0142857142857142
193077,mscoco,0.03466206379234791,0.10203812540167427,0.04528275206685066,0.14667034705110762,0.0,0.05,0.2,0.5
103,drawbench,0.022012379113584758,0.07794196411066895,0.021191730070859192,0.07902600433257609,0.0,0.0,0.0,0.0
310749,mscoco,0.1806395284831524,0.3710208407965324,0.19415343478322028,0.3672430823455756,0.2,0.5,0.3,1.0
293864,mscoco,0.3370246276259422,0.615672928831749,0.4121436566114426,0.5938062554354752,0.3,0.5,0.5,1.0
493806,mscoco,0.15411537364125252,0.32916426490154477,0.16653317213058472,0.4039969907258684,0.2,1.0,0.4,0.5
39535,mscoco,0.33718917071819304,0.524593002504552,0.38726799190044403,0.5852183672309031,0.0,0.04,0.0,0.0526315789473684
481252,mscoco,0.043326012790203094,0.11219280946349666,0.07746174708008766,0.21567742920706268,0.2,1.0,0.1,0.5
522535,mscoco,0.13731058463454246,0.3073423446635285,0.19875984862446786,0.3938350222710132,0.0,0.0434782608695652,0.0,0.0476190476190476
482765,mscoco,0.34570597410202025,0.526095109760069,0.36888389885425565,0.6098865369028805,0.1,0.1666666666666666,0.0,0.0769230769230769
81954,mscoco,0.0948210272938013,0.23171509479429872,0.11231471300125122,0.27003589372043063,0.1,0.2,0.1,0.5
333124,mscoco,0.018877752730622886,0.06895377523225239,0.026423746161162852,0.09346462336417852,0.2,1.0,0.2,1.0
529258,mscoco,0.04170271102339029,0.10995999938443694,0.04198709335178137,0.14314811513762493,0.0,0.0142857142857142,0.1,0.25
2567,mscoco,0.15593789890408516,0.38173116476165214,0.26347568929195403,0.4287685488775553,0.1,1.0,0.6,0.5
53803,mscoco,0.11473878771066666,0.2894358048606433,0.1254453480243683,0.25620493445864656,0.1,0.5,0.1,0.1111111111111111
172351,mscoco,0.1570678286254406,0.33848084299615305,0.3346260622143745,0.47093215570394203,0.2,0.5,0.4,0.5
311251,mscoco,0.23114522397518159,0.43107924276246795,0.34029784947633746,0.6564286597281389,0.2,1.0,0.5,1.0
356869,mscoco,0.12172030471265316,0.23207411835267405,0.13311909921467305,0.26187931056172187,0.1,0.2,0.0,0.0068965517241379
203406,mscoco,0.6742156565189361,0.7736067951169197,0.6953127801418304,0.8795519212400729,0.9,1.0,0.9,1.0
119870,mscoco,0.18665698766708375,0.3251973655000714,0.2847974121570587,0.5649712094865657,0.1,0.1428571428571428,0.2,0.5
442125,mscoco,0.042554691713303325,0.1264342218251853,0.0644515573978424,0.1645182341787565,0.1,0.3333333333333333,0.3,1.0
530619,mscoco,0.08115997165441513,0.22666240496874446,0.09892157241702079,0.22218188338681888,0.6,1.0,0.8,1.0
73196,mscoco,0.09039654843509197,0.21836029646848995,0.09257002845406533,0.22563146045082363,0.1,0.5,0.0,0.0303030303030303
507714,mscoco,0.06263900101184845,0.24112272988260477,0.11846410222351551,0.25088217968983034,0.0,0.0072992700729927,0.0,0.0416666666666666
376144,mscoco,0.015246044751256705,0.05766330621541565,0.01650572004728019,0.05423165483186762,0.3,1.0,0.5,1.0
211063,mscoco,0.03454822804778814,0.10408526607998866,0.04737765630707145,0.20694514542270212,0.1,1.0,0.1,0.3333333333333333
436799,mscoco,0.17549574188888073,0.261732910312036,0.19370125904679297,0.365408456780605,0.1,0.3333333333333333,0.2,0.5
204256,mscoco,0.03401250801980495,0.11513858108107104,0.03834670912474394,0.14961025462239838,0.0,0.0714285714285714,0.1,1.0
314048,mscoco,0.09780003540217877,0.18531615743566163,0.15796548165380955,0.3772533080561069,0.2,1.0,0.3,1.0
447009,mscoco,0.12675572112202643,0.3211545521831835,0.14971205219626427,0.28287262047618333,0.1,0.1,0.2,1.0
455079,mscoco,0.33406963050365446,0.6293927398322419,0.4056241691112518,0.5456448963784635,0.2,1.0,0.3,0.5
157617,mscoco,0.18465255200862885,0.4336614190780462,0.26398604810237886,0.46615000004740476,0.2,0.5,0.1,0.25
546877,mscoco,0.4711454793810844,0.5716459341052599,0.5028482496738433,0.7765564343350072,0.1,0.2,0.7,1.0
41392,mscoco,0.06748379673808813,0.15411923877835065,0.0659592792391777,0.16683101828743635,0.1,1.0,0.1,1.0
556462,mscoco,0.1568804517388344,0.30957311412470884,0.21259303912520408,0.3673531855534853,0.6,0.5,0.4,1.0
80053,mscoco,0.18137637674808502,0.3942761591741199,0.5119106888771057,0.7032927946503245,0.0,0.0714285714285714,0.7,0.5
553304,mscoco,0.06338805593550205,0.16712278615576634,0.06269106529653072,0.1801890932783359,0.1,0.2,0.1,1.0
102,drawbench,0.024763380736112596,0.07943399575264111,0.03812236683443189,0.09802055646511879,0.0,0.0,0.0,0.0
463168,mscoco,0.05857284851372242,0.19079210891451223,0.0685783764347434,0.19615964857559698,0.1,0.5,0.1,0.3333333333333333
398463,mscoco,0.07877775616943836,0.17884815677791135,0.13244428634643554,0.3416682603053043,0.1,0.3333333333333333,0.5,1.0
454916,mscoco,0.10853907391428948,0.24059071978747826,0.1634104534983635,0.3197208341283194,0.0,0.0625,0.1,0.125
317022,mscoco,0.07823510505259038,0.1763512126685359,0.09731696620583534,0.2141585704542061,0.0,0.0476190476190476,0.1,0.1111111111111111
61943,mscoco,0.3060721941292286,0.5483560945787311,0.31011716946959494,0.39984553747490026,0.0,0.0099009900990099,0.0,0.0833333333333333
543521,mscoco,0.11088273711502553,0.2227370458797677,0.09002007804811,0.1967536115615212,0.1,1.0,0.1,1.0
509490,mscoco,0.03644801955670118,0.11093318145985799,0.03613371830433607,0.10373087766031454,0.0,0.0208333333333333,0.1,1.0
413970,mscoco,0.009624731470830738,0.04150760558244526,0.011226973263546824,0.03802209141197092,0.0,0.0263157894736842,0.0,0.0833333333333333
67331,mscoco,0.09822030290961266,0.2399234008593165,0.1506614714860916,0.3477413056641421,0.1,0.3333333333333333,0.1,1.0
230669,mscoco,0.18132641427218915,0.36953206293704666,0.19253822565078735,0.46307420884573036,0.3,0.25,0.1,0.1428571428571428
487266,mscoco,0.22664158493280412,0.4521677143831841,0.22921364158391952,0.44281889766597937,0.5,1.0,0.8,1.0
525024,mscoco,0.09974800311028957,0.2670870327470945,0.13198424093425273,0.29530636229135576,0.2,0.3333333333333333,0.6,1.0
14257,mscoco,0.07863170932978392,0.16847900777362212,0.10102304983884096,0.28616147756174626,0.1,1.0,0.1,0.1
478240,mscoco,0.061584684625267984,0.1695975295348729,0.07771274819970131,0.21700087144124802,0.2,0.3333333333333333,0.0,0.0344827586206896
7211,mscoco,0.016760619077831506,0.05454087807799428,0.023964943923056127,0.07968456480612944,0.3,1.0,0.2,0.3333333333333333
23250,mscoco,0.09148702677339315,0.20051660825248,0.19662903286516667,0.4148303935112362,0.1,0.1,0.5,1.0
3590,mscoco,0.45192117989063263,0.6021937628892788,0.5720451414585114,0.7335795661117667,0.7,1.0,1.0,1.0
580511,mscoco,0.2338010177016258,0.44684961506787946,0.19799469113349916,0.4404039694935068,0.2,1.0,0.7,1.0
40658,mscoco,0.044172705709934236,0.12604003439595504,0.06853199452161789,0.18141014553898552,0.1,1.0,0.1,1.0
322350,mscoco,0.1454180169850588,0.3839340338209958,0.16031379029154777,0.3234728151139878,0.2,1.0,0.1,1.0
125635,mscoco,0.2473141297698021,0.41894911459945,0.3037879683077335,0.5831208482110509,0.5,0.25,0.6,1.0
283631,mscoco,0.2614686653017998,0.4081046266996581,0.27573808282613754,0.5011559135379942,0.1,0.5,0.3,0.5
528729,mscoco,0.03430977426469326,0.10464402595366908,0.049206257052719596,0.13582377430258988,0.1,1.0,0.1,1.0
167021,mscoco,0.10682504922151566,0.22539941618450166,0.1483559302985668,0.26005943609123017,0.2,0.2,0.5,0.2
140100,mscoco,0.14005763903260232,0.22944520162621682,0.23179925605654716,0.44975993853449997,0.1,0.25,0.2,0.5
252213,mscoco,0.11982946023344994,0.2887283819061694,0.09712415039539338,0.23308477915373435,0.1,0.25,0.1,0.2
501364,mscoco,0.20738604441285133,0.4768090773918542,0.3268711268901825,0.48584532423525156,0.5,1.0,0.8,1.0
580390,mscoco,0.019684603763744236,0.08488576244872048,0.025499003101140262,0.08938738739260726,0.1,1.0,0.1,1.0
463859,mscoco,0.042573332041502,0.1415704671828534,0.055337679013609885,0.15352972015639857,0.1,1.0,0.1,1.0
391657,mscoco,0.24840661212801934,0.4803887254495727,0.27604644894599917,0.5532250272134756,0.1,0.1111111111111111,0.6,0.3333333333333333
391415,mscoco,0.042110591940581796,0.13377490873712014,0.07439150772988797,0.2271915685465043,0.0,0.0123456790123456,0.1,1.0
333099,mscoco,0.03281102972105145,0.1087687809958487,0.034974297136068346,0.09806948972608492,0.1,0.5,0.1,0.2
405574,mscoco,0.009874402871355414,0.033693397452855746,0.013011453300714492,0.04670071257557517,0.0,0.0140845070422535,0.1,1.0
575823,mscoco,0.036786234751343724,0.12150132989917295,0.0439907168969512,0.12383461310401234,0.0,0.0023923444976076,0.0,0.0222222222222222
57088,mscoco,0.12838199846446513,0.3409625617186681,0.21475027203559877,0.4613484972982729,0.1,0.1428571428571428,0.2,0.3333333333333333
226957,mscoco,0.048166857846081254,0.11928114279373349,0.031245525274425746,0.09722410778598234,0.1,1.0,0.1,0.25
184329,mscoco,0.13403650894761085,0.2828489399267419,0.1349935382604599,0.2766406056284642,0.0,0.0104166666666666,0.0,0.0043103448275862
550324,mscoco,0.5496825337409973,0.5921475604500575,0.7080980718135834,0.8356457322145537,0.6,0.25,1.0,1.0
575174,mscoco,0.18876835331320763,0.36196514139901703,0.19831058159470558,0.42825041985469114,0.1,1.0,0.3,0.25
24380,mscoco,0.23097110390663148,0.49121693607502503,0.21804042384028435,0.4190244574081702,0.4,0.3333333333333333,0.2,0.3333333333333333
506394,mscoco,0.25027509927749636,0.3777270616088777,0.2525736019015312,0.45359599615624757,0.5,0.5,0.9,1.0
195463,mscoco,0.16817019358277321,0.3240269420934822,0.16642544120550157,0.3322957076421236,0.2,1.0,0.3,1.0
308892,mscoco,0.03946713507175446,0.1162180007699372,0.06463948301970959,0.13660744115906956,0.0,0.0588235294117647,0.1,0.5
361913,mscoco,0.0801820170134306,0.1983381608936245,0.15071164518594743,0.2738915730872409,0.1,0.1111111111111111,0.1,0.3333333333333333
293532,mscoco,0.13263223990797995,0.3015660884722303,0.14426502883434295,0.31860303007676793,0.4,0.3333333333333333,0.6,1.0
338118,mscoco,0.04735163021832704,0.12536871910252032,0.04282932132482529,0.13092969689662254,0.1,1.0,0.1,1.0
521250,mscoco,0.11037757992744446,0.30991400054427276,0.17062928825616835,0.4394291299331926,0.2,0.5,0.2,0.25
85353,mscoco,0.03524367902427912,0.12650868715061564,0.024328908883035183,0.07470057177529948,0.2,1.0,0.0,0.0666666666666666
35951,mscoco,0.019584606867283583,0.06564612628966571,0.01771738803945482,0.06293757694348082,0.0,0.009090909090909,0.1,0.1666666666666666
16764,mscoco,0.13248289972543717,0.3050020405472473,0.13466121405363082,0.2917091528588228,0.0,0.0434782608695652,0.2,1.0
397427,mscoco,0.0671669028699398,0.1447757621941814,0.05394323393702507,0.17644995603433192,0.1,1.0,0.1,0.5
515561,mscoco,0.06941948495805264,0.2007074561278033,0.07719954214990139,0.24100045915413304,0.0,0.037037037037037,0.1,1.0
366829,mscoco,0.05369299296289683,0.13714957578429554,0.10254195258021355,0.2928198245479237,0.0,0.0131578947368421,0.1,0.5
432410,mscoco,0.28598431050777434,0.40800777561277396,0.4131443351507187,0.5581974302313808,0.0,0.0666666666666666,0.2,0.1428571428571428
61972,mscoco,0.039741866569966075,0.11635158873295885,0.04118050383403897,0.11603108484406888,0.1,1.0,0.1,1.0
499054,mscoco,0.11260354407131672,0.3074838484061325,0.08794598095119,0.2803496501316993,0.1,0.1,0.4,1.0
569021,mscoco,0.031869742460548876,0.09588898314160582,0.034781888499855994,0.12867905796696066,0.1,0.5,0.0,0.0909090909090909
9029,mscoco,0.19522416070103646,0.4481900186810969,0.17089827880263328,0.45039133041803936,0.3,1.0,0.4,1.0
18373,mscoco,0.38796659260988237,0.5413251740948417,0.5324787318706512,0.6783971539915541,0.7,1.0,0.9,1.0
336001,mscoco,0.07840975858271122,0.1963491081969476,0.08196857683360577,0.18962040635307087,0.2,0.25,0.4,0.3333333333333333
461475,mscoco,0.0397773377597332,0.11348037489386703,0.037900074198842046,0.11541987034440264,0.0,0.0285714285714285,0.2,0.5
388841,mscoco,0.15452241227030755,0.31640103856139734,0.1415715202689171,0.29909047796172533,0.5,0.3333333333333333,0.4,1.0
284940,mscoco,0.10863798521459103,0.2166092940565486,0.1602485254406929,0.2990246605335769,0.1,0.5,0.4,0.5
394759,mscoco,0.03263695295900106,0.10602796596003614,0.030706035904586315,0.10256140938338644,0.5,0.5,0.3,1.0
358411,mscoco,0.0822500929236412,0.210919467114358,0.1270754285156727,0.28838677305404536,0.2,0.5,0.5,1.0
284421,mscoco,0.07655820287764073,0.20780263485467332,0.09483406618237496,0.2636630292964489,0.6,1.0,0.2,0.3333333333333333
237716,mscoco,0.055043515749275684,0.18908667323378148,0.05846865326166153,0.1571312549902308,0.2,0.5,0.2,1.0
167520,mscoco,0.07173345386981964,0.19538782244400033,0.02210153304040432,0.08130840311491076,0.1,0.2,0.1,0.5
568611,mscoco,0.14812162443995475,0.2555639704846267,0.20620935782790184,0.3882715263156976,0.4,0.25,0.5,0.5
159356,mscoco,0.3341050982475281,0.6697414435649283,0.19646866023540496,0.3707068972484616,0.1,0.5,0.1,0.2
301261,mscoco,0.03386346604675054,0.11717230212150673,0.08356450591236353,0.21877824782071684,0.0,0.0625,0.0,0.037037037037037
113787,mscoco,0.05789642091840506,0.20482270612943332,0.07866979539394378,0.24739676736907007,0.1,0.125,0.1,0.1428571428571428
375809,mscoco,0.31936618536710737,0.5504454266447129,0.3000926345586777,0.4580680719496479,0.3,0.3333333333333333,0.4,0.3333333333333333
64460,mscoco,0.17671524956822396,0.45227622123387173,0.24436256140470505,0.3972153848074557,0.5,0.5,0.5,1.0
470799,mscoco,0.11474217027425766,0.23270698002365708,0.15824957937002182,0.2534035658579076,0.4,1.0,0.5,1.0
382046,mscoco,0.1231800589710474,0.2465584231530096,0.1951553549617529,0.33278717732914126,0.0,0.0625,0.5,1.0
170974,mscoco,0.13199661523103715,0.3184338842226326,0.2551034063100815,0.5823299219978166,0.0,0.0303030303030303,0.3,0.25
562160,mscoco,0.10782206282019616,0.24740289503647633,0.09599487259984016,0.22458893870194488,0.1,1.0,0.1,0.25
562248,mscoco,0.05217964611947536,0.17041263772660586,0.05900905057787895,0.20307493426017348,0.2,1.0,0.3,1.0
96638,mscoco,0.1047198936343193,0.24494382555206085,0.2926346480846405,0.5256506366731347,0.2,0.25,0.6,1.0
164234,mscoco,0.28343303203582765,0.40642209909955973,0.25784350037574766,0.4624668069645878,0.7,1.0,0.6,1.0
278962,mscoco,0.16170047149062156,0.36360977840326386,0.15112875103950502,0.3850893105090768,0.2,0.3333333333333333,0.4,1.0
553248,mscoco,0.092803256213665,0.19467274116707248,0.07543248161673546,0.22246176871457238,0.2,0.5,0.1,0.5
523371,mscoco,0.07548939250409603,0.1782234227389669,0.08372236527502537,0.23324481806960878,0.1,0.2,0.2,1.0
141283,mscoco,0.02861912492662668,0.09738679498560217,0.04345962069928646,0.13424743050651416,0.0,0.0051020408163265,0.0,0.0033003300330033
320292,mscoco,0.13557687886059283,0.3047917921452911,0.13783235475420952,0.36820005983113374,0.5,1.0,0.7,1.0
269588,mscoco,0.06141586005687714,0.17708609165004507,0.12787241339683533,0.2974683868145456,0.1,0.2,0.5,1.0
113594,mscoco,0.02745754485949874,0.10325850034338452,0.044200637564063075,0.11286813383575543,0.0,0.0011627906976744,0.0,0.0038022813688212
349622,mscoco,0.11493467167019844,0.26075140283924564,0.17290985360741615,0.36735477905869734,0.1,0.1,0.3,0.3333333333333333
215226,mscoco,0.08748050741851329,0.22877876228832975,0.08760301172733306,0.212330639145927,0.1,0.5,0.1,0.5
78371,mscoco,0.10729615464806556,0.2326090520642072,0.11969670802354812,0.2570870212078533,0.0,0.024390243902439,0.0,0.0163934426229508
451972,mscoco,0.06509000472724438,0.20734689970160305,0.10292352214455605,0.22001971925805,0.1,1.0,0.1,0.5
163,drawbench,0.04722500741481781,0.22380717637625672,0.04729704223573208,0.14562515592325292,0.0,0.0,0.0,0.0
150360,mscoco,0.04044936615973711,0.1171917476255119,0.05708128791302443,0.15919286962418647,0.0,0.0178571428571428,0.2,1.0
138567,mscoco,0.13599390164017677,0.33488179055499423,0.0975164793431759,0.2493420500785385,0.0,0.0149253731343283,0.1,1.0
383220,mscoco,0.17432274892926217,0.3360803926300129,0.12756187170743943,0.2878882716387416,0.1,1.0,0.1,1.0
557272,mscoco,0.05351441837847233,0.15760266704751505,0.06785215996205807,0.18186916488972432,0.1,0.25,0.1,0.5
17073,mscoco,0.01195093784481287,0.045761357860572664,0.015523569844663142,0.044630292982334105,0.1,1.0,0.1,1.0
441083,mscoco,0.21755162477493287,0.36491963703506497,0.23514168635010718,0.3507302759286159,0.9,0.5,0.8,0.5
109750,mscoco,0.03455426814034581,0.11747478365776234,0.06991531010717153,0.1934817051980738,0.1,0.5,0.1,1.0
20279,mscoco,0.10845583379268646,0.237021448625214,0.09360310062766075,0.19984896084448872,0.2,1.0,0.2,0.5
324845,mscoco,0.09282672479748726,0.24144272981087322,0.14949306547641755,0.3038979416567114,0.1,0.2,0.3,1.0
303520,mscoco,0.07992364596575499,0.14001373474231021,0.0589796687476337,0.14419163326126844,0.1,1.0,0.1,1.0
363136,mscoco,0.1191081427037716,0.25491036156264035,0.14626446664333342,0.31437181079937837,0.1,0.125,0.1,1.0
161622,mscoco,0.03567166235297918,0.11387264547282516,0.03598939701914787,0.1048539765554874,0.1,1.0,0.2,0.5
315242,mscoco,0.09336682911962271,0.28467433042868934,0.10794173777103425,0.2567444911569948,0.0,0.0222222222222222,0.1,1.0
418723,mscoco,0.04259114200249314,0.19884702987784608,0.06012859698385,0.13549258232279987,0.1,1.0,0.1,0.1666666666666666
65440,mscoco,0.13527737073600293,0.2946922802397247,0.16244448274374007,0.3402655780589127,0.1,0.1111111111111111,0.0,0.0016
111907,mscoco,0.11651329919695855,0.24221754962848158,0.22194406092166902,0.42115858879505863,0.2,0.3333333333333333,0.4,1.0
465140,mscoco,0.11532198153436184,0.2695284261086286,0.1086455836892128,0.26858367975336517,0.1,0.5,0.1,0.5
21083,mscoco,0.06678068209439517,0.1706200210913086,0.0987185776233673,0.273404386542128,0.1,0.1,0.1,0.2
200202,mscoco,0.07031766101717948,0.22076397372528817,0.10737885907292366,0.3105020399584205,0.3,0.3333333333333333,0.7,1.0
215320,mscoco,0.03079315908253193,0.12587317223951405,0.05566983930766582,0.1581267060343799,0.0,0.0666666666666666,0.2,0.25
28978,mscoco,0.24670007973909377,0.36497004897939717,0.2162260465323925,0.3990941712401127,0.0,0.0769230769230769,0.4,1.0
281427,mscoco,0.06739096604287624,0.17546621929571302,0.08380526788532734,0.20626909026195003,0.0,0.0161290322580645,0.2,1.0
357663,mscoco,0.1614190012216568,0.3963619134422386,0.15658115670084954,0.3919795597269187,0.1,1.0,0.1,1.0
186171,mscoco,0.1301685482263565,0.253075258591059,0.14383663833141327,0.41696305620072227,0.0,0.05,0.1,0.3333333333333333
386788,mscoco,0.04479520935565233,0.12528489200349893,0.03035027962177992,0.10114416461101744,0.1,0.5,0.0,0.0909090909090909
492363,mscoco,0.025320306699723006,0.08950486571777481,0.027341490518301724,0.0845685399039031,0.1,1.0,0.1,1.0
486547,mscoco,0.18210784234106542,0.3389653086692169,0.19010665640234947,0.3862534722913588,0.1,1.0,0.1,0.5
516570,mscoco,0.027786058839410543,0.08961559917536896,0.04557467196136713,0.14249880824441163,0.1,0.2,0.1,0.1
152662,mscoco,0.1680813618004322,0.3327422625113053,0.20182119756937028,0.3353764533521144,0.0,0.0277777777777777,0.0,0.037037037037037
415280,mscoco,0.09682566821575164,0.24017387568486318,0.10118618197739124,0.2517311549018546,0.1,1.0,0.1,1.0
397404,mscoco,0.23902547508478164,0.40008678424856714,0.31970572993159296,0.48237708095168824,0.0,0.0095238095238095,0.0,0.0526315789473684
488801,mscoco,0.3118158847093582,0.6268687633109463,0.3637055829167366,0.6409866332800774,0.7,1.0,0.8,1.0
544956,mscoco,0.02226676596328616,0.08327175523032929,0.020651593757793307,0.07999751970588649,0.1,1.0,0.1,1.0
576859,mscoco,0.21307948157191275,0.39252879108190164,0.23923827484250068,0.4684879555507507,0.1,0.2,0.0,0.0106382978723404
280370,mscoco,0.08080595843493939,0.23519548272387203,0.07666655518114567,0.188551229457844,0.1,0.1666666666666666,0.1,0.1
310853,mscoco,0.14229847937822343,0.25868960655856343,0.19022064432501792,0.3553124657432946,0.1,0.2,0.2,0.5
363527,mscoco,0.11483148895204068,0.17551085420781876,0.1327237505465746,0.2109911014531253,0.1,0.5,0.2,1.0
47548,mscoco,0.10615156590938568,0.270658246186461,0.1217823438346386,0.2953782038261303,0.2,1.0,0.2,0.5
542313,mscoco,0.10843578763306141,0.2554970939781612,0.12546768300235273,0.32237010926961635,0.2,0.3333333333333333,0.2,0.5
183386,mscoco,0.2474180929362774,0.35620222053212836,0.22596412003040314,0.3788635397992246,0.5,0.25,0.3,0.2
131101,mscoco,0.05644740704447031,0.13388506648079665,0.05274905804544687,0.15257307620868113,0.1,0.3333333333333333,0.4,1.0
130981,mscoco,0.15401193276047706,0.2721537598308985,0.21282694935798646,0.4032967974626343,0.1,0.1111111111111111,0.8,1.0
443547,mscoco,0.08881255611777306,0.22513442911225276,0.08712029866874219,0.23691284685375585,0.1,0.25,0.1,1.0
103978,mscoco,0.158941962197423,0.44110961989704167,0.23177464306354523,0.4072409496630442,0.2,0.5,0.3,1.0
7669,mscoco,0.26619504392147064,0.5193684194606173,0.33338263630867004,0.47516706399740516,0.4,1.0,0.7,1.0
111245,mscoco,0.032173797581344844,0.11575401478957269,0.03919325862079859,0.12416976827730072,0.1,1.0,0.1,1.0
326948,mscoco,0.4602495163679123,0.6795069135444484,0.40125095546245576,0.6756657542472564,0.5,1.0,0.7,1.0
486807,mscoco,0.014247197564691306,0.0594734583656992,0.022120261937379836,0.07907030570279315,0.1,1.0,0.1,0.5
303652,mscoco,0.03632982233539224,0.1263018618120486,0.06175393126904964,0.22110748994766977,0.0,0.0044843049327354,0.1,1.0
173547,mscoco,0.25037042796611786,0.4635491423081637,0.2509291633963585,0.3816946771872024,0.6,1.0,0.6,1.0
325239,mscoco,0.03125419653952122,0.10733107534025478,0.037041614018380645,0.09285638659960786,0.1,0.125,0.0,0.037037037037037
353357,mscoco,0.09099678583443165,0.23089362056920423,0.08094639368355275,0.21362933092014347,0.1,0.1111111111111111,0.0,0.0105263157894736
426429,mscoco,0.1706969164311886,0.36440586855369816,0.10410338044166564,0.2593977146625321,0.2,0.3333333333333333,0.2,0.5
261207,mscoco,0.15316874980926515,0.331335720300143,0.1611570931971073,0.3511288672984938,0.3,0.3333333333333333,0.2,0.1666666666666666
461506,mscoco,0.051752126589417455,0.15316967312617513,0.08335987739264965,0.17898001571072533,0.1,0.125,0.0,0.0909090909090909
44856,mscoco,0.08792593181133271,0.2738445093737341,0.07193791568279266,0.19884386811761187,0.2,0.3333333333333333,0.2,0.5
180817,mscoco,0.029412182699888944,0.09031885154746423,0.024652497749775647,0.08157240725730674,0.1,0.5,0.1,0.1428571428571428
390435,mscoco,0.3620232425630093,0.6491001284895148,0.4856060743331909,0.7229184575090246,0.3,1.0,0.5,1.0
49648,mscoco,0.10818711537867784,0.24381081422650003,0.14628689028322697,0.26794072598501983,0.1,0.2,0.1,1.0
172498,mscoco,0.06782234497368336,0.22425634819994447,0.16106068305671215,0.4411425462726302,0.1,1.0,0.5,1.0
67126,mscoco,0.13328581508249043,0.2130581966944838,0.1258682943880558,0.2843399825037418,0.1,0.5,0.0,0.0769230769230769
478029,mscoco,0.054487311840057374,0.1978432414786025,0.055637086369097234,0.14960533412882718,0.1,0.2,0.1,1.0
508567,mscoco,0.15572469681501389,0.3039625794319711,0.2383597582578659,0.4171727468768408,0.2,0.2,0.8,0.5
81,drawbench,0.04762863852083683,0.171915761886878,0.12109421230852604,0.23475219739574468,0.0,0.0232558139534883,0.0,0.027027027027027
109355,mscoco,0.20730215385556222,0.40289095163311894,0.20018174797296523,0.4107451988111998,0.0,0.0043668122270742,0.0,0.0333333333333333
48935,mscoco,0.3020212948322296,0.5747229399879356,0.2957581363618374,0.5350223039701781,0.2,1.0,0.3,0.25
84886,mscoco,0.09089841414242983,0.23332372482501007,0.07377930134534835,0.19156707947082385,0.0,0.05,0.4,1.0
217271,mscoco,0.12903792038559914,0.33122155915969786,0.17180694565176963,0.41978961558218386,0.1,0.5,0.2,1.0
480140,mscoco,0.01854216232895851,0.06113054220948828,0.025107806082814932,0.07806347118120237,0.0,0.0476190476190476,0.0,0.0357142857142857
327105,mscoco,0.2951397255063057,0.5197548926178432,0.45488832592964173,0.6811069992766541,0.2,1.0,0.5,0.2
55768,mscoco,0.19237435646355153,0.23394252439009716,0.35321785509586334,0.6210847985605051,0.1,0.1,0.7,1.0
129030,mscoco,0.048636706080287695,0.14773755912199157,0.052559624798595904,0.16782746294207845,0.1,1.0,0.1,1.0
565387,mscoco,0.08077313341200351,0.20153384614497552,0.1960034105926752,0.2971488333083793,0.0,0.0666666666666666,0.1,0.5
553501,mscoco,0.018660870380699635,0.06237712369288,0.015887668170034886,0.05655922712498966,0.1,0.1666666666666666,0.1,1.0
170193,mscoco,0.11047736182808876,0.2219626599068836,0.12307378854602576,0.261670605413968,0.2,1.0,0.2,1.0
199,drawbench,0.02638715077191591,0.0759277440723102,0.01671599238179624,0.05660979916657637,0.0,0.0,0.0,0.0
65162,mscoco,0.19749586898833513,0.3409841678324866,0.15412493962794543,0.34196119590016893,0.1,0.5,0.1,0.3333333333333333
334542,mscoco,0.27245086804032326,0.4154166231374642,0.28876662254333496,0.5379955951131591,0.3,0.2,0.6,1.0
185559,mscoco,0.7943610787391663,0.9028049068836068,0.8433202266693115,0.9409285634742567,0.8,1.0,1.0,1.0
134066,mscoco,0.15692666210234166,0.3063809761628657,0.1951929472386837,0.37307651379233014,0.2,0.3333333333333333,0.2,0.25
19318,mscoco,0.3226017773151398,0.5988011405690983,0.5477127701044082,0.7783741731665013,0.2,1.0,0.2,1.0
122896,mscoco,0.1734188437461853,0.32156264198238477,0.34634063988924024,0.46112101326688487,0.2,0.1666666666666666,0.0,0.0909090909090909
484175,mscoco,0.0710066482424736,0.17288663982068864,0.1538876947015524,0.37053584099345477,0.0,0.0256410256410256,0.1,0.25
550049,mscoco,0.24971327036619187,0.43082319402969504,0.36798242330551145,0.6790826118717109,0.7,1.0,0.6,1.0
558966,mscoco,0.03510252200067043,0.12045407622532504,0.04177374318242073,0.124546122728741,0.4,1.0,0.6,1.0
303177,mscoco,0.4108272522687912,0.6189646967276948,0.35245068967342374,0.48097283461208873,0.0,0.0344827586206896,0.0,0.001727115716753
300047,mscoco,0.057873427495360376,0.1542738710495628,0.08004742935299873,0.2070364518139068,0.2,1.0,0.1,0.25
281977,mscoco,0.07172472774982452,0.21632158266886076,0.0819996226578951,0.28044620667901793,0.8,1.0,1.0,1.0
100169,mscoco,0.15129668787121772,0.30867868292803763,0.2875871524214745,0.5550477796178962,0.2,0.3333333333333333,0.3,1.0
35217,mscoco,0.035305137373507024,0.1245766468202756,0.05874115973711014,0.16742072649465617,0.1,0.5,0.0,0.0049019607843137
195863,mscoco,0.4150772213935852,0.6417605075511703,0.5045419335365295,0.5612405234562327,0.3,0.3333333333333333,0.6,0.5
55753,mscoco,0.036979589331895116,0.08849275742402507,0.040420948248356584,0.1039601823615071,0.0,0.0119047619047619,0.0,0.0277777777777777
189504,mscoco,0.07961669005453587,0.19850066567886596,0.06749111786484718,0.18801929462337777,0.0,0.0175438596491228,0.1,1.0
257236,mscoco,0.07628300879150629,0.17686220042631018,0.06187241151928902,0.16888215355565,0.0,0.02,0.1,0.2
15830,mscoco,0.038167445361614226,0.11396426516736882,0.04177507050335407,0.1248395480986713,0.1,1.0,0.1,1.0
382423,mscoco,0.17967823892831802,0.3067352928568795,0.153880013525486,0.42512381998112875,0.1,1.0,0.2,1.0
182,drawbench,0.04969469923526049,0.13512046435359967,0.04077659947797656,0.12739422133235007,0.0,0.0,0.0,0.0
261431,mscoco,0.05526618491858244,0.18956514850180056,0.055901612155139446,0.19747745018119048,0.2,1.0,0.2,1.0
286021,mscoco,0.07332227230072022,0.20145754856763418,0.07028979845345021,0.1610822339393093,0.0,0.0909090909090909,0.0,0.037037037037037
179,drawbench,0.056737921014428136,0.15241388970895337,0.04646931178867817,0.12576633568646617,0.0,0.0,0.0,0.0
20145,mscoco,0.08810359686613083,0.24035791272894655,0.10083105377852916,0.2648251007970736,0.0,0.0909090909090909,0.0,0.0666666666666666
545274,mscoco,0.06570951025933028,0.23612404037533707,0.08338217306882142,0.21929546742795908,0.0,0.0526315789473684,0.2,1.0
93,drawbench,0.07215437777340412,0.21484555544334205,0.08913858439773321,0.20776084211567192,0.0,0.0003133813851457,0.0,0.0013586956521739
254726,mscoco,0.15462204590439796,0.3292864246503966,0.14191755056381225,0.2663990968628558,0.3,1.0,0.4,0.3333333333333333
182125,mscoco,0.15002121180295944,0.30050020387305526,0.27145238369703295,0.49415398641741465,0.1,0.1111111111111111,0.2,0.3333333333333333
46055,mscoco,0.05283292792737484,0.12863718973450997,0.043815266154706475,0.12858966888864157,0.0,0.027027027027027,0.1,1.0
336933,mscoco,0.12602488845586776,0.2979199119637711,0.15996340289711952,0.3064790522393502,0.0,0.0013717421124828,0.1,0.1
175597,mscoco,0.1216748185455799,0.284881317004854,0.17226610258221625,0.3504822724219984,0.1,1.0,0.0,0.0303030303030303
370157,mscoco,0.04102531783282757,0.13011369434058512,0.05196061860769987,0.16983748656912245,0.0,0.0227272727272727,0.1,0.25
361356,mscoco,0.018286824226379395,0.06662623489775298,0.028037313371896744,0.08295694733218778,0.2,1.0,0.3,1.0
452806,mscoco,0.3647384747862816,0.6350365898671215,0.5333871811628341,0.8215419217189366,0.4,0.25,0.6,0.5
136,drawbench,0.24430372938513756,0.4523026360171026,0.20307186394929885,0.368734848482714,0.0,7.48839299086416e-05,0.0,1.80446786242737e-05
191314,mscoco,0.045079803094267845,0.12637469000694387,0.04216037392616272,0.13446293346044202,0.1,0.5,0.1,1.0
26,drawbench,0.35024910271167753,0.6072110066326887,0.2785822480916977,0.5464774144494566,0.0,0.0,0.0,0.0
24414,mscoco,0.16079540103673934,0.3402124132767807,0.1584559243172407,0.31518570922584516,0.2,1.0,0.5,1.0
499634,mscoco,0.03586458377540112,0.1045122628632248,0.04176199827343226,0.11652113202413233,0.0,0.037037037037037,0.0,0.0121951219512195
13482,mscoco,0.10820642746984958,0.2520315163327602,0.08538874611258507,0.20373454515576261,0.1,1.0,0.1,1.0
267861,mscoco,0.08152666091918945,0.17505488848292503,0.11505567394196987,0.2591993039645162,0.1,0.1666666666666666,0.1,1.0
498967,mscoco,0.11268145702779293,0.22753672271957895,0.14568469524383545,0.25405292702909255,0.3,0.3333333333333333,0.2,1.0
247979,mscoco,0.010587004269473255,0.037178614010393955,0.0077914812602102755,0.03310417926614868,0.1,1.0,0.1,1.0
438196,mscoco,0.10881175324320794,0.2578005801131064,0.12324636429548264,0.26625575495401194,0.3,1.0,0.3,1.0
230700,mscoco,0.11884927712380886,0.24335730977798714,0.10589807890355588,0.19257378249176518,0.0,0.0076335877862595,0.0,0.0909090909090909
22660,mscoco,0.09404949247837066,0.2602144286282535,0.08750643134117127,0.2105242849749665,0.3,1.0,0.3,1.0
227982,mscoco,0.018372546089813112,0.059057394360290054,0.017227914277464153,0.06240155078892478,0.1,0.25,0.2,0.5
134807,mscoco,0.007813841989263891,0.035171654941262724,0.008120723627507686,0.03835867927640014,0.1,1.0,0.1,1.0
209788,mscoco,0.10187394842505455,0.21040447735257525,0.12632128447294236,0.3325396281396623,0.0,0.0263157894736842,0.0,0.02
139518,mscoco,0.07070763371884822,0.16263248066364794,0.07653976678848266,0.2089675623781756,0.0,0.0454545454545454,0.1,0.25
232625,mscoco,0.07551493626087905,0.17819592577288215,0.076156160607934,0.2349394417309828,0.0,0.0303030303030303,0.2,0.25
423875,mscoco,0.031014659069478513,0.08331763118271857,0.03768609277904034,0.10317473748712547,0.1,1.0,0.1,1.0
87878,mscoco,0.04304394572973251,0.13046164291048165,0.0554780350998044,0.16077124821679686,0.0,0.0416666666666666,0.1,0.5
55,drawbench,0.05555291585624218,0.1333955759242508,0.039317458122968676,0.11617566338814266,0.0,0.0,0.0,0.0
315273,mscoco,0.18657994791865348,0.32671495565307623,0.2601169660687447,0.47571960718987505,0.3,1.0,0.5,0.5
118968,mscoco,0.08287088759243488,0.2201348664111144,0.09807095266878604,0.19267955147928187,0.1,0.5,0.0,0.0714285714285714
426459,mscoco,0.21231446266174317,0.5040251926274218,0.1735447034239769,0.3350863661571763,0.3,0.2,0.1,0.1
310695,mscoco,0.0734587125480175,0.2731973769165586,0.09557722769677639,0.2058145614161888,0.1,1.0,0.3,1.0
266912,mscoco,0.24139485359191895,0.43539614389218595,0.2077177420258522,0.4397236074475599,0.1,0.5,0.1,1.0
70187,mscoco,0.07198044490069151,0.20237761640807397,0.11565769053995609,0.2765611008153597,0.1,0.5,0.1,1.0
75352,mscoco,0.1545789998024702,0.35440172112865764,0.21532699316740037,0.3984417239721762,0.2,0.5,0.5,0.5
485187,mscoco,0.030693710222840308,0.09546804681340454,0.03215793240815401,0.10200154260211644,0.3,0.25,0.3,1.0
446310,mscoco,0.10407431237399578,0.26087236540204184,0.21280616596341134,0.4532583721291131,0.0,0.0416666666666666,0.6,1.0
172702,mscoco,0.028165644221007823,0.0823702673871252,0.028712254483252764,0.09034086560032767,0.1,1.0,0.1,1.0
41838,mscoco,0.19090699702501296,0.4089983679283333,0.30344087481498716,0.5559731606660143,0.8,1.0,1.0,1.0
348083,mscoco,0.0275091708637774,0.08042300119017524,0.03445406006649136,0.10130924233371265,0.1,0.1111111111111111,0.1,0.2
465198,mscoco,0.17760261446237563,0.3777037378916486,0.27290958911180496,0.5075167707595674,0.0,0.0454545454545454,0.1,1.0
458123,mscoco,0.30526536852121355,0.5523242906712941,0.3205272078514099,0.46113794275508174,0.1,0.2,0.3,1.0
215558,mscoco,0.4722400903701782,0.7012875436057626,0.4270040556788445,0.7815289280487521,0.0,0.0769230769230769,0.4,1.0
201019,mscoco,0.07919786423444748,0.2098198721160009,0.1484816387295723,0.28697688613220945,0.2,0.1428571428571428,0.9,0.5
153921,mscoco,0.18284454867243766,0.36494986219497766,0.19009841084480286,0.4362140322352871,0.1,0.2,0.1,0.1428571428571428
345389,mscoco,0.007225213828496635,0.023519934401167304,0.006070678704418242,0.02864330790459304,0.1,0.1111111111111111,0.1,1.0
359066,mscoco,0.03820146080106497,0.14377718194231856,0.06138566117733717,0.16978404310686962,0.1,1.0,0.2,0.25
22102,mscoco,0.21726395785808564,0.39899019197208313,0.17510213367640973,0.39695344475794003,0.7,1.0,0.9,1.0
194419,mscoco,0.2835409328341484,0.4062224419479995,0.38298396915197375,0.5754112816262269,0.5,0.5,0.5,1.0
391053,mscoco,0.16784712299704552,0.4948381180256774,0.1258798584342003,0.3625625430985515,0.1,0.25,0.0,0.0033783783783783
20171,mscoco,0.15967593118548393,0.365219727495501,0.15442342013120652,0.3584997975567675,0.3,1.0,0.7,1.0
538001,mscoco,0.1438869109377265,0.3085873005504301,0.21219171956181526,0.4339310644400772,0.0,0.0095238095238095,0.0,0.0024570024570024
575490,mscoco,0.029209239035844804,0.10436402024668456,0.0900206096470356,0.23595815021573796,0.2,0.5,0.7,0.3333333333333333
75427,mscoco,0.18733283802866935,0.36949401831686496,0.18737134858965873,0.35620102923318375,0.1,1.0,0.1,0.5
510564,mscoco,0.0841499937698245,0.2433895758484646,0.10443631038069726,0.3034096857330931,0.0,0.0454545454545454,0.1,0.5
58117,mscoco,0.092549142614007,0.20402440528792506,0.05575174205005169,0.1968303205136893,0.1,0.5,0.1,0.1666666666666666
294416,mscoco,0.20524320676922797,0.44462319031361835,0.29403294771909716,0.5828372053150506,0.0,0.0416666666666666,0.3,1.0
525176,mscoco,0.11700381934642792,0.2878517932856509,0.14262400083243848,0.2851259873266753,0.0,0.0133333333333333,0.0,0.0588235294117647
316522,mscoco,0.03455188442021608,0.12370721435425047,0.051054411381483075,0.17822839483668085,0.1,1.0,0.1,0.2
198832,mscoco,0.1265018902719021,0.28451187447240134,0.2271688163280487,0.38072324449213407,0.0,0.0113636363636363,0.0,0.0294117647058823
378022,mscoco,0.05280289454385638,0.18231471961906506,0.06121518649160862,0.17025413399610403,0.1,0.25,0.3,1.0
306037,mscoco,0.13792595975100994,0.357835939301581,0.10143156684935092,0.3177698834587542,0.0,0.0333333333333333,0.1,1.0
51021,mscoco,0.17620013728737832,0.35163302699859456,0.227474245429039,0.4636776400960694,0.4,1.0,0.8,1.0
225392,mscoco,0.037015028297901154,0.11351670143856672,0.07691030241549016,0.2448579140662054,0.0,0.0232558139534883,0.3,0.3333333333333333
543490,mscoco,0.11414283886551857,0.267750438537853,0.12761917859315872,0.25185541887723994,0.2,1.0,0.4,0.5
305117,mscoco,0.01751145636662841,0.06283967855021078,0.02843367732129991,0.1023380089132343,0.0,0.0192307692307692,0.1,1.0
519387,mscoco,0.04056265745311975,0.10398176730604379,0.03743621539324522,0.13987570325492127,0.0,0.00177304964539,0.0,0.0192307692307692
98501,mscoco,0.09615319967269897,0.29342978937830805,0.15919413939118385,0.3581075660163353,0.1,0.1111111111111111,0.0,0.0120481927710843
249791,mscoco,0.07143092826008797,0.24901825026282198,0.07881773561239243,0.19476286695610034,0.1,0.3333333333333333,0.0,0.0147058823529411
327664,mscoco,0.16625416055321693,0.41622987188822813,0.2243926629424095,0.45038487388747656,0.1,0.25,0.2,1.0
22,drawbench,0.02944550197571516,0.09385922706408123,0.03239198420196772,0.1074128980167606,0.0,0.0,0.0,0.0
225654,mscoco,0.04634501878172159,0.14823013753076367,0.060359034314751626,0.20201776985522846,0.0,0.0384615384615384,0.1,1.0
47700,mscoco,0.17991951443254947,0.4294700818755759,0.22410744801163673,0.33903905186830324,0.3,0.5,0.2,0.2
77159,mscoco,0.10132274255156518,0.20564573128493813,0.13091114908456802,0.3080194290200336,0.1,0.1111111111111111,0.3,1.0
501773,mscoco,0.0705043587833643,0.17755632659112236,0.06397580094635487,0.16820221712475958,0.1,1.0,0.1,1.0
355137,mscoco,0.21019814386963845,0.4225139365622846,0.241875459253788,0.3993977749075173,0.1,0.2,0.4,1.0
476055,mscoco,0.15422378331422806,0.33143368363747966,0.21781301945447923,0.39979307321800467,0.1,0.1666666666666666,0.2,0.5
446898,mscoco,0.13259464651346206,0.28040686240939405,0.20059720501303674,0.3692032067180825,0.2,1.0,0.5,1.0
336645,mscoco,0.11991478018462658,0.29617309090100546,0.16791590973734855,0.37807283862740076,0.2,1.0,0.4,0.3333333333333333
57242,mscoco,0.04774628970772028,0.15276520566748086,0.04201676519587636,0.14144879340535646,0.1,0.5,0.1,1.0
137178,mscoco,0.30101796686649324,0.6126276818180268,0.3498280540108681,0.6137562884292551,0.4,0.5,0.4,1.0
113113,mscoco,0.20432732477784157,0.457287775574182,0.26625838577747346,0.58205178604539,0.6,1.0,0.5,1.0
403028,mscoco,0.18537403792142867,0.3705402987533448,0.2210263267159462,0.40487298700723034,0.1,0.1111111111111111,0.1,1.0
346795,mscoco,0.02880435870029032,0.08808017022783807,0.03387210071086884,0.11168290448364195,0.1,0.1,0.0,0.0909090909090909
145682,mscoco,0.1560582283884287,0.2619543164419553,0.12604360841214657,0.2608368960854777,0.1,0.1111111111111111,0.0,0.0163934426229508
418791,mscoco,0.03455259632319212,0.09455261743411006,0.031862966530025,0.1077101456612167,0.0,0.0833333333333333,0.1,1.0
107838,mscoco,0.22378164157271385,0.38573188572398664,0.21571249067783355,0.5431564930308822,0.2,1.0,0.5,1.0
149577,mscoco,0.11367356106638908,0.3016023032787228,0.16411875896155834,0.345202773331464,0.1,1.0,0.1,1.0
10,drawbench,0.23074943274259568,0.4985552351168063,0.2810841389000416,0.6039158818462419,0.0,0.0,0.0,0.0
544614,mscoco,0.722184830904007,0.9020214051315152,0.7415358245372772,0.8283176995660322,0.9,1.0,1.0,1.0
419150,mscoco,0.1698047064244747,0.41443436896469965,0.23950787186622619,0.6411542278986418,0.1,0.1666666666666666,0.2,1.0
496783,mscoco,0.1062632031738758,0.23144922488720082,0.12714158967137337,0.23865712662830255,0.2,1.0,0.2,1.0
195062,mscoco,0.1244454026222229,0.29245180472899457,0.1495489716529846,0.358099044190934,0.1,0.1111111111111111,0.6,1.0
183481,mscoco,0.2775539308786392,0.39885142667537,0.29751102477312086,0.44956891946068084,0.7,0.5,0.7,1.0
495288,mscoco,0.12566826194524766,0.3082840941090815,0.13685480877757072,0.31530309384690935,0.0,0.0416666666666666,0.1,1.0
162,drawbench,0.06381605938076973,0.20667341520768887,0.07938731089234352,0.18000678935926856,0.0,0.0,0.0,0.0
99321,mscoco,0.15156702771782876,0.29951296724454474,0.17589470520615577,0.3758464168138288,0.6,0.5,1.0,1.0
502637,mscoco,0.062036360055208205,0.17806330198315498,0.06678100042045117,0.22047544595183086,0.4,0.3333333333333333,0.7,1.0
136458,mscoco,0.11699004117399454,0.31909329098802136,0.13435412980616093,0.37595719692639334,0.1,0.5,0.1,0.3333333333333333
113333,mscoco,0.20994222313165664,0.36548689282291275,0.2722636565566063,0.42943050286934503,0.3,0.5,0.1,1.0
473448,mscoco,0.15294920206069945,0.30917484922651794,0.17495306581258774,0.38387574281274944,0.3,1.0,0.0,0.05
450598,mscoco,0.49622375071048735,0.7388419203223767,0.5254002928733825,0.7530738122728523,0.4,1.0,0.9,1.0
474157,mscoco,0.28296475261449816,0.5762187922923909,0.38092012107372286,0.5430728686789892,0.1,0.1111111111111111,0.2,1.0
74499,mscoco,0.03757166545838118,0.14238112303882883,0.07206845488399267,0.20436775214653044,0.1,1.0,0.2,1.0
107610,mscoco,0.4460201174020767,0.6716240114517125,0.5298786610364914,0.7622213305898948,0.4,1.0,0.6,0.5
200959,mscoco,0.19260552451014518,0.4470782334953751,0.29825412184000016,0.5662350653696925,0.3,1.0,0.7,1.0
463430,mscoco,0.0849481494165957,0.364453717438477,0.05651329271495342,0.16171774573592176,0.0,0.0123456790123456,0.0,0.0085470085470085
512509,mscoco,0.17807546854019166,0.3708080208605236,0.19876669198274613,0.39832482532121094,0.2,0.5,0.1,0.5
458921,mscoco,0.015277478005737066,0.04534776841030931,0.012575761601328849,0.04407091096322093,0.0,0.025,0.1,1.0
282667,mscoco,0.03740507233887911,0.12179911416677985,0.08278884384781122,0.16574960611907086,0.1,0.3333333333333333,0.1,0.5
448771,mscoco,0.03757769577205181,0.11448668011227683,0.04860946238040924,0.13802766150425688,0.0,0.0196078431372549,0.0,0.05
293598,mscoco,0.5442173779010773,0.7148052505078594,0.5794572561979294,0.7572808610033284,0.7,1.0,0.8,1.0
541193,mscoco,0.0185183928348124,0.07052302305101815,0.029145280085504054,0.09532886511758679,0.0,0.0666666666666666,0.0,0.0588235294117647
356569,mscoco,0.06862030141055583,0.18360744166447332,0.09621999561786651,0.24441483516544535,0.1,0.125,0.0,0.0714285714285714
334513,mscoco,0.17762586027383803,0.3401551094426275,0.2499375209212303,0.4389408783176725,0.1,0.1111111111111111,0.6,1.0
430167,mscoco,0.06125430539250374,0.21430222431159268,0.07787059806287289,0.23378716199191696,0.0,0.025,0.0,0.032258064516129
513125,mscoco,0.2736006543040276,0.5349846186366352,0.27545827329158784,0.4974877142849444,0.1,0.1428571428571428,0.2,0.3333333333333333
356257,mscoco,0.07486590147018432,0.20559433057117618,0.0865224901586771,0.22006515480628933,0.1,1.0,0.1,0.25
364010,mscoco,0.08291255347430707,0.22605723292207208,0.07380827181041241,0.19443563146884182,0.1,0.25,0.1,1.0
148542,mscoco,0.06724921427667141,0.17018792494069085,0.07111611925065517,0.2042943838080268,0.0,0.0526315789473684,0.0,0.037037037037037
82405,mscoco,0.1470056839287281,0.3436391647016356,0.15366276800632478,0.27442619529935847,0.7,1.0,0.4,1.0
70755,mscoco,0.08593804240226746,0.21738609214717847,0.10672381296753883,0.27591505983820785,0.1,0.1666666666666666,0.1,1.0
118927,mscoco,0.06851596552878618,0.159171371364943,0.05447276141494513,0.19852679629422645,0.1,1.0,0.1,0.3333333333333333
508915,mscoco,0.062343550473451616,0.1736632386100104,0.12827931866049766,0.3036376400850583,0.2,0.3333333333333333,0.1,0.2
491739,mscoco,0.27360518723726274,0.3963961717325873,0.214477027207613,0.5334883282043957,0.0,0.0147058823529411,0.1,0.3333333333333333
147546,mscoco,0.0892427759245038,0.20397897978869275,0.16431879848241807,0.31571052802070976,0.5,0.3333333333333333,0.3,0.5
262213,mscoco,0.15994366332888604,0.31440920337321066,0.21050044000148774,0.40208064252712505,0.9,0.5,0.7,1.0
415728,mscoco,0.05294420141726732,0.16312899637776548,0.055108679458498955,0.15967973399048396,0.5,1.0,0.5,1.0
506873,mscoco,0.09089874550700187,0.23626724931620108,0.11566085517406463,0.2841778615648577,0.6,1.0,0.7,1.0
538210,mscoco,0.24441175237298013,0.36337368258521313,0.347234158962965,0.4367598104880881,0.2,0.2,0.6,0.5
581127,mscoco,0.07402795627713203,0.18852766233805787,0.07648575380444526,0.22289908252179297,0.0,0.0185185185185185,0.1,0.5
110013,mscoco,0.05281047355383635,0.15573438736527973,0.042590779811143877,0.13002208876912494,0.3,1.0,0.3,1.0
502286,mscoco,0.13927249424159527,0.345244795367533,0.09831552468240261,0.27970199503746523,0.0,0.04,0.1,0.5
99425,mscoco,0.2620129123330116,0.5155730335856906,0.3987614944577217,0.5644263587698797,0.1,0.125,0.4,1.0
103042,mscoco,0.13773447498679162,0.3042689482957533,0.2097151219844818,0.3701150520560651,0.3,1.0,0.7,0.5
360440,mscoco,0.024708077125251294,0.092607311499839,0.022947920858860014,0.09218809391606111,0.1,1.0,0.1,1.0
409668,mscoco,0.3620433181524277,0.5626975728749305,0.39974660724401473,0.6058806846669669,0.9,1.0,0.9,1.0
421639,mscoco,0.030724872183054686,0.09565188505149304,0.027836744766682388,0.08680051821389889,0.0,0.0526315789473684,0.1,0.1111111111111111
277717,mscoco,0.021087284572422503,0.06369196646035145,0.024196293950080872,0.07222686532535716,0.1,1.0,0.1,1.0
113851,mscoco,0.23143545165657997,0.3571360392105386,0.13851381465792656,0.3515252923076224,0.6,0.5,0.4,1.0
380100,mscoco,0.22503777146339415,0.4217360159524503,0.3547319546341896,0.46121078711416497,0.3,1.0,0.7,1.0
68601,mscoco,0.13729188218712807,0.35199660622753143,0.1338697463274002,0.31785906339838,0.1,0.5,0.2,0.125
82229,mscoco,0.06482842937111855,0.17908233349679534,0.18404722735285758,0.35312150822408234,0.0,0.0909090909090909,0.0,0.0185185185185185
263462,mscoco,0.12668227255344391,0.31456595090846234,0.1606860376894474,0.3452379954134587,0.2,0.1666666666666666,0.4,0.5
352495,mscoco,0.030163498874753714,0.09482409347991341,0.047678210958838466,0.1513637674427098,0.5,1.0,0.6,0.5
64339,mscoco,0.027652253210544587,0.08491933889880098,0.02525093946605921,0.09625525367141881,0.1,1.0,0.1,0.3333333333333333
11156,mscoco,0.03482413319870829,0.12200554057266996,0.028468011226505042,0.10228634060098693,0.1,0.5,0.1,1.0
334872,mscoco,0.3785268425941467,0.6634572163112299,0.4258690983057022,0.566888262975772,0.3,0.3333333333333333,0.4,0.5
477820,mscoco,0.1264310099184513,0.30407983084353296,0.12699999287724495,0.3092252537177689,0.3,0.25,0.2,0.5
283884,mscoco,0.3206530690193176,0.6918721667316976,0.37959838956594466,0.6253856332308178,0.4,0.3333333333333333,0.6,0.5
418868,mscoco,0.011740083701442926,0.0608612195405969,0.018598245084285737,0.056337879516623744,0.1,0.25,0.2,1.0
350309,mscoco,0.2131967969238758,0.4174329632437752,0.22950466573238373,0.42862725447576416,0.2,0.3333333333333333,0.1,0.25
14537,mscoco,0.05415538158267737,0.18462683041689132,0.043329145014286044,0.1644934410966594,0.1,0.5,0.1,1.0
575040,mscoco,0.04217365346848965,0.1444975586450788,0.0367426848039031,0.11847385357793364,0.0,0.006578947368421,0.0,0.0018115942028985
449455,mscoco,0.13897933512926103,0.30828858850126667,0.15351423919200896,0.37663835627389397,0.9,1.0,0.6,1.0
211686,mscoco,0.15148383304476737,0.2885556380115307,0.11564973071217537,0.3068995840610536,0.1,1.0,0.1,1.0
154745,mscoco,0.16287257187068463,0.269291481856437,0.29063630290329456,0.540974670905101,0.1,0.25,0.2,0.25
152084,mscoco,0.2607003703713417,0.6308944072818687,0.20337415635585784,0.38682061722759753,0.1,0.1666666666666666,0.1,1.0
536390,mscoco,0.16165577284991742,0.3415856523305753,0.22346496805548668,0.32914569303694513,0.0,0.0666666666666666,0.3,0.3333333333333333
235906,mscoco,0.15302563905715943,0.30555764072090696,0.12751611918210984,0.2940586263380192,0.5,1.0,0.3,1.0
526126,mscoco,0.05652258172631264,0.18161868950304982,0.09734534732997417,0.2639900779213224,0.0,0.037037037037037,0.2,1.0
3711,mscoco,0.11059294156730175,0.2677902578354757,0.13484411574900151,0.2540798534761879,0.3,0.1666666666666666,0.2,1.0
275938,mscoco,0.36324355453252793,0.525336981834593,0.4828781634569168,0.599279947812052,0.5,1.0,0.9,1.0
180130,mscoco,0.5623635679483414,0.7631114969660614,0.6154483735561371,0.8006545928161334,0.5,1.0,0.7,1.0
401037,mscoco,0.1246591329574585,0.30752468522702475,0.12098033800721168,0.2787084726178463,0.0,0.0178571428571428,0.1,1.0
348816,mscoco,0.17503816373646258,0.4321334510022189,0.13209300935268403,0.38930063701067563,0.3,1.0,0.2,1.0
358300,mscoco,0.1938132405281067,0.48752354697134836,0.1672671318054199,0.37799034397503384,0.1,1.0,0.0,0.0588235294117647
226577,mscoco,0.20149474814534188,0.3978284662561426,0.2587169647216797,0.5046298857492181,0.5,0.5,0.3,0.5
425100,mscoco,0.08117747958749533,0.1860497927291779,0.100402220338583,0.25316584943616155,0.1,0.1666666666666666,0.1,0.2
11184,mscoco,0.11870136670768261,0.22173391004821638,0.13747112303972245,0.32591771573268474,0.0,0.0434782608695652,0.0,0.03125
391972,mscoco,0.05548112764954567,0.10578706751253125,0.037159614451229575,0.10915068852585484,0.1,0.5,0.0,0.0714285714285714
578072,mscoco,0.172027587890625,0.3080390885978358,0.10399724319577217,0.2706705375013074,0.2,1.0,0.1,1.0
558798,mscoco,0.06116462256759405,0.16826425825687483,0.03232872439548373,0.12548751705158145,0.1,0.25,0.0,0.0181818181818181
353559,mscoco,0.17605439014732838,0.3408100134424422,0.14052436202764512,0.3286011531844184,0.3,0.2,0.3,0.5
291117,mscoco,0.12231486663222313,0.2769405071328324,0.16514887064695358,0.43709516113043795,0.0,0.0769230769230769,0.6,1.0
372201,mscoco,0.04630258977413178,0.14018203627291057,0.08089752048254013,0.21624297152249572,0.0,0.0303030303030303,0.2,0.1666666666666666
204085,mscoco,0.1482982464134693,0.28221125067411196,0.1644765704870224,0.2996013067891201,0.6,1.0,0.6,1.0
218965,mscoco,0.08729436658322812,0.2626481302566747,0.12438631653785706,0.29367491824244984,0.2,1.0,0.2,1.0
343012,mscoco,0.018777241185307502,0.06647995962686919,0.017755618691444396,0.058148988478107816,0.1,1.0,0.1,0.25
271941,mscoco,0.05001497007906437,0.16993275584876621,0.05328133963048458,0.15603435812789304,0.1,0.1666666666666666,0.2,0.5
230141,mscoco,0.08066959492862225,0.23236431083301518,0.1284946296364069,0.3096264874822442,0.1,0.25,0.1,0.2
58232,mscoco,0.31575740575790406,0.5674857685246423,0.3173151135444641,0.4236286908084172,0.0,0.0434782608695652,0.0,0.0303030303030303
175437,mscoco,0.01651467476040125,0.05855663199253942,0.030390350427478553,0.09149188314235358,0.1,0.5,0.0,0.0175438596491228
541010,mscoco,0.2340840667486191,0.3756257222697113,0.30399059802293776,0.534294361621487,0.1,0.5,0.1,0.1666666666666666
140,drawbench,0.10409674942493438,0.22918755577987399,0.1837463341653347,0.35524819824772447,0.0,0.0,0.0,0.0
170558,mscoco,0.09721120875328779,0.2260431502620088,0.09134751074016094,0.26742761538633114,0.1,0.3333333333333333,0.2,0.3333333333333333
148267,mscoco,0.2920741394162178,0.4950914327420365,0.2800450995564461,0.4676600014664626,0.1,1.0,0.1,1.0
531896,mscoco,0.03090656651183963,0.10694549540835599,0.045404608733952044,0.13515579302866795,0.0,0.0769230769230769,0.1,1.0
153620,mscoco,0.07262522056698799,0.19320202874571912,0.07431536316871643,0.23366730983873946,0.1,0.125,0.1,0.25
450,mscoco,0.1833995535969734,0.39235032497418876,0.2824517637491226,0.5210843113290823,0.2,1.0,0.3,0.3333333333333333
186605,mscoco,0.08339562676846982,0.1847518225304857,0.09056710675358773,0.2505341022013411,0.1,1.0,0.1,0.25
188845,mscoco,0.024210944306105375,0.07761371691929846,0.056425705552101135,0.23872328562823025,0.0,0.0039682539682539,0.0,0.0333333333333333
442400,mscoco,0.04305701423436403,0.1495346945885629,0.06840911991894245,0.2420118068465957,0.0,0.0416666666666666,0.1,0.25
493416,mscoco,0.020977951772511005,0.06665062532210246,0.019095527334138752,0.07624148604702179,0.0,0.0069444444444444,0.1,0.5
239532,mscoco,0.10586668625473976,0.22026179213540742,0.1089397355914116,0.2811912767589476,0.0,0.0263157894736842,0.1,1.0
5862,mscoco,0.026392040494829416,0.09475437923039591,0.026618730649352072,0.08588156435472628,0.1,0.1428571428571428,0.3,1.0
194744,mscoco,0.21910148859024048,0.428060374504967,0.18564939349889756,0.39465802913113934,0.1,0.5,0.2,0.1428571428571428
570512,mscoco,0.028420870192348957,0.08919030708626001,0.03716863403096795,0.1122201968916339,0.0,0.0666666666666666,0.1,1.0
18191,mscoco,0.021899847127497197,0.09000407088899004,0.018261632323265074,0.05902248580975587,0.1,0.1666666666666666,0.0,0.0833333333333333
346093,mscoco,0.2916863724589348,0.48541387332270675,0.38353040516376496,0.6708189544157275,0.3,0.3333333333333333,0.3,1.0
549978,mscoco,0.18585648089647294,0.3246060020516998,0.26225062608718874,0.5266175242700385,0.0,0.0833333333333333,0.3,0.5
114468,mscoco,0.09189491458237171,0.19493786053274187,0.06704355850815773,0.2037549369414522,0.1,0.5,0.2,1.0
45490,mscoco,0.0407737473025918,0.15258131686580165,0.061182912439107895,0.1655384112981032,0.1,0.25,0.1,1.0
99701,mscoco,0.1320522889494896,0.2575548407451669,0.12241395339369773,0.26815116806528055,0.2,0.5,0.2,0.1666666666666666
228336,mscoco,0.21273047477006912,0.46049015280872746,0.30139774829149246,0.4922439977875584,0.0,0.0625,0.3,0.5
442148,mscoco,0.1516264945268631,0.2862177393841331,0.16585354283452033,0.30369304965759614,0.3,1.0,0.2,1.0
155,drawbench,0.05629758033901453,0.15295101556980492,0.03992482330650091,0.1341460221582051,0.0,4.697702823319397e-05,0.0,0.000124254473161
539287,mscoco,0.10764781571924686,0.21648904806375288,0.24533720463514327,0.5972295446175776,0.0,0.0588235294117647,0.6,1.0
151466,mscoco,0.03196729123592377,0.11412488596529986,0.0602711258456111,0.19597009726873854,0.1,1.0,0.3,0.25
329908,mscoco,0.20942028909921645,0.37910051775190184,0.23072528168559076,0.41809102426045935,0.2,0.3333333333333333,0.4,0.3333333333333333
384986,mscoco,0.09723266214132309,0.3164827584281037,0.09414173364639282,0.23665865751648485,0.0,0.0068493150684931,0.0,0.0111111111111111
444801,mscoco,0.1598245084285736,0.26803676993652065,0.19516027197241784,0.3773112517858187,0.1,0.125,0.5,0.5
223875,mscoco,0.0838464468717575,0.18991067070915144,0.0885777797549963,0.2702006590247016,0.0,0.04,0.1,1.0
84493,mscoco,0.15247258320450782,0.2891743089703798,0.13824803605675698,0.3552690209112616,0.4,1.0,0.4,1.0
484206,mscoco,0.20032707452774048,0.3783768763022204,0.19886456057429314,0.42200978776224757,0.1,0.3333333333333333,0.2,1.0
223869,mscoco,0.406476354598999,0.5509406749398075,0.37302909791469574,0.5763295373428758,0.3,0.5,0.5,1.0
13800,mscoco,0.17531886585056783,0.23705600445329553,0.2522132366895676,0.5086553675025541,0.2,0.1428571428571428,0.2,0.3333333333333333
62250,mscoco,0.0799133243970573,0.20659627311624001,0.09318916574120521,0.2579327516151788,0.1,0.5,0.2,0.3333333333333333
401092,mscoco,0.06751990485936403,0.18044295149110764,0.055930862203240395,0.1382894967017675,0.4,0.5,0.2,0.125
407626,mscoco,0.04028909606859088,0.14665756485405554,0.04666201900690794,0.12648564354605243,0.1,0.3333333333333333,0.0,0.0083333333333333
479866,mscoco,0.2023860715329647,0.475294001646075,0.2861450746655464,0.5603988537803472,0.5,1.0,0.5,0.5
579247,mscoco,0.06425344347953796,0.18170490157988792,0.0882166638970375,0.20979541652319603,0.3,1.0,0.4,1.0
432832,mscoco,0.05566282272338867,0.15523677598168886,0.049427167139947416,0.13005501208567177,0.3,0.3333333333333333,0.4,1.0
297695,mscoco,0.017393571184948088,0.05113244803315938,0.026623768080025912,0.09142204316362117,0.1,0.1,0.1,1.0
440793,mscoco,0.06121136415749788,0.19017643990417998,0.15607029423117638,0.316324073321277,0.1,1.0,0.1,1.0
484338,mscoco,0.09615567959845066,0.20702550323793045,0.12711204066872597,0.2916388708082191,0.1,0.1111111111111111,0.4,0.1428571428571428
28654,mscoco,0.1340892121195793,0.274843799701335,0.13997188359498977,0.3081216479545567,0.2,0.5,0.0,0.0227272727272727
372580,mscoco,0.09741682559251785,0.22623248327505777,0.1329042173922062,0.2792337876163901,0.0,0.0222222222222222,0.0,0.0227272727272727
53802,mscoco,0.04446532428264618,0.12409143935761745,0.04049386391416192,0.09754116839207677,0.1,1.0,0.1,1.0
72792,mscoco,0.11846175044775009,0.2988113839805776,0.12006707936525345,0.2744955564418713,0.0,0.0263157894736842,0.0,0.0333333333333333
185844,mscoco,0.2875544622540474,0.561431560720906,0.31978599429130555,0.6687756555181154,0.1,0.1666666666666666,0.3,1.0
355347,mscoco,0.16875420287251472,0.34417148307276624,0.22204578071832656,0.39605373228774426,0.3,0.2,0.3,0.5
55237,mscoco,0.08441986925899983,0.255889262465777,0.08733779229223729,0.19243004141985234,0.0,0.0344827586206896,0.0,0.0454545454545454
167910,mscoco,0.07902462929487228,0.18772722267203013,0.06093224585056305,0.15229594431010887,0.1,0.5,0.0,0.0166666666666666
398527,mscoco,0.1815846100449562,0.39052188971657315,0.1685577504336834,0.3756174780444964,0.2,1.0,0.5,1.0
484666,mscoco,0.09518893472850323,0.20370824391691175,0.0876017726957798,0.22105507470838406,0.1,0.5,0.1,1.0
399461,mscoco,0.049683593399822715,0.17010590965504388,0.06332228742539883,0.1807868926076259,0.1,0.5,0.2,1.0
71220,mscoco,0.12328041046857834,0.2536326644733959,0.15466428846120833,0.35828577180531596,0.1,0.1666666666666666,0.7,1.0
430391,mscoco,0.17839889861643315,0.28964418676088877,0.20784029625356198,0.38593969433995085,0.6,1.0,0.4,1.0
81166,mscoco,0.1799409069120884,0.34893361219982294,0.2830373704433441,0.4707769576396158,0.0,0.0769230769230769,0.2,0.5
11690,mscoco,0.12427174374461174,0.3255855972456598,0.3149757109582424,0.7017576823934618,0.3,0.5,0.6,1.0
74570,mscoco,0.16529466062784196,0.36569607954718947,0.16780548989772798,0.3277368802115922,0.7,0.5,0.7,1.0
495609,mscoco,0.12628742456436157,0.29975059956535455,0.22886049672961234,0.43649926361059277,0.1,0.125,0.1,1.0
286874,mscoco,0.0961010716855526,0.23765059526085555,0.10306938961148263,0.27677783889563573,0.1,0.3333333333333333,0.1,1.0
310562,mscoco,0.49970203042030337,0.7223906897021072,0.4801866143941879,0.6471060421390593,0.7,1.0,0.6,1.0
49946,mscoco,0.12780722454190255,0.3460161253004896,0.10659743435680866,0.26911393739016387,0.1,1.0,0.1,1.0
546114,mscoco,0.11004359647631645,0.27824057476625125,0.10594720654189586,0.28066103876117166,0.4,1.0,0.5,0.5
229052,mscoco,0.031604701094329356,0.10153379327902576,0.02794800866395235,0.0973652220631507,0.1,1.0,0.1,0.3333333333333333
218294,mscoco,0.11041353940963745,0.2897286349077437,0.15530495196580887,0.31264461191371856,0.1,1.0,0.3,1.0
262235,mscoco,0.33625451624393465,0.534224744551974,0.41673922836780547,0.6083223218737209,0.6,1.0,1.0,1.0
53229,mscoco,0.06865471918135882,0.3025070250633306,0.07222842518240213,0.1650774969773809,0.3,1.0,0.8,0.5
447209,mscoco,0.03828124068677426,0.11362076792340833,0.044234422594308855,0.1471725441364537,0.2,1.0,0.1,0.3333333333333333
166096,mscoco,0.2683193996548653,0.46630969087649365,0.27819538563489915,0.45283368120881434,0.3,0.25,0.2,0.2
70363,mscoco,0.037950139865279196,0.11276606430586526,0.061383554711937904,0.15126808014323995,0.0,0.03125,0.1,0.1111111111111111
23355,mscoco,0.05828252043575048,0.16657893659988546,0.05362563803792,0.1433106841631098,0.1,1.0,0.1,1.0
269886,mscoco,0.04438171852380037,0.12031326746422798,0.08716719560325145,0.22912227869100177,0.0,0.0185185185185185,0.2,0.125
237445,mscoco,0.04875275045633316,0.1963584157022807,0.07831848077476025,0.20760009262312284,0.0,0.0769230769230769,0.4,1.0
63835,mscoco,0.27681273967027664,0.4169981105034317,0.29692698568105697,0.4546567955310049,0.5,1.0,0.9,1.0
272255,mscoco,0.4085407257080078,0.4336812649602961,0.4873067378997803,0.7110392242435344,0.5,0.3333333333333333,0.3,1.0
373414,mscoco,0.10462653022259474,0.2740103464114321,0.12835598811507226,0.2341222653130566,0.1,0.1111111111111111,0.5,1.0
466827,mscoco,0.22979540824890138,0.4488434430744852,0.2861575439572334,0.49646273453343076,0.4,1.0,0.7,0.5
506026,mscoco,0.024125986266881227,0.08581805738635802,0.035133677255362275,0.09435316149641994,0.1,0.25,0.1,1.0
262145,mscoco,0.06761137060821057,0.22783608309316794,0.22327658236026765,0.4094558055108813,0.1,1.0,0.4,1.0
40210,mscoco,0.07617891505360604,0.22372970079518442,0.08252125419676304,0.22479601675122446,0.1,1.0,0.1,0.3333333333333333
281652,mscoco,0.0408655134961009,0.12869234577588756,0.03648845162242651,0.11866666774429922,0.2,1.0,0.2,1.0
280808,mscoco,0.19947270900011063,0.4633519682861446,0.20386538580060004,0.46422797951942985,0.0,0.05,0.2,0.1666666666666666
244549,mscoco,0.28732762634754183,0.48491875516907706,0.2941522434353828,0.4471452682036514,0.1,0.25,0.2,1.0
179504,mscoco,0.022968022525310515,0.06915570841869913,0.02174243815243244,0.07807421283018633,0.0,0.0769230769230769,0.1,0.1428571428571428
177353,mscoco,0.0623616024851799,0.17943355501975783,0.05793806090950966,0.1672316111326621,0.1,1.0,0.1,1.0
298830,mscoco,0.17782128006219863,0.4291485823250143,0.20360448211431503,0.4013074012386275,0.1,1.0,0.3,0.5
126182,mscoco,0.12841284312307835,0.30383836376078555,0.19450031816959382,0.4167625648762775,0.0,0.0208333333333333,0.1,0.125
112904,mscoco,0.19825627729296685,0.36416988834733083,0.21885416880249978,0.5396550132437113,0.0,0.0555555555555555,0.1,0.1666666666666666
211080,mscoco,0.061560626514256,0.1616727133199067,0.09199716039001941,0.23534601994734192,0.0,0.027027027027027,0.5,1.0
526729,mscoco,0.3661061257123947,0.5300798883002501,0.36816873252391813,0.4863363408928723,0.2,0.25,0.1,0.1666666666666666
474180,mscoco,0.07129954732954502,0.19289381505408584,0.0852394238114357,0.22674932160082725,0.1,0.5,0.1,1.0
466083,mscoco,0.12076976634562016,0.2779218118977539,0.1632744509726763,0.3134151709226633,0.0,0.05,0.0,0.0285714285714285
154,drawbench,0.08541490286588668,0.23271613268394106,0.08691727295517922,0.2626541762552725,0.0,0.0,0.0,0.0
183805,mscoco,0.1245239306241274,0.3552119829165619,0.12093615755438805,0.28378281020920765,0.1,0.1,0.0,0.0263157894736842
185571,mscoco,0.04323066789656878,0.12859450766073505,0.03673499468713999,0.11136665283135325,0.1,0.5,0.1,1.0
27471,mscoco,0.3169477492570877,0.6109027730523284,0.40990826636552813,0.5509743909119311,0.3,1.0,0.2,0.5
21504,mscoco,0.06212489679455757,0.18151530434414972,0.094292176887393,0.249794693500178,0.1,1.0,0.1,0.1111111111111111
422676,mscoco,0.11501901745796203,0.36122380997339665,0.133360093832016,0.320051384262359,0.1,1.0,0.1,0.5
452930,mscoco,0.059323808364570144,0.19403826543509692,0.0831626035273075,0.1664878093451087,0.0,0.0625,0.2,0.3333333333333333
473500,mscoco,0.06040544770658016,0.1815923116177861,0.06853885482996702,0.18202704173166634,0.1,0.5,0.1,0.1428571428571428
32708,mscoco,0.0833986222743988,0.22491850721198328,0.12417045645415783,0.25531048946773116,0.2,0.1666666666666666,0.4,1.0
578255,mscoco,0.1505676180124283,0.4338946658866171,0.2786854550242424,0.4127125368069125,0.1,0.3333333333333333,0.1,1.0
249792,mscoco,0.032678693532943726,0.1290171619818605,0.03416851088404656,0.13192699401779298,0.1,1.0,0.1,1.0
188795,mscoco,0.27304524555802345,0.4178715237616804,0.2707004278898239,0.429476922176347,0.3,1.0,0.5,0.3333333333333333
299205,mscoco,0.05346738714724779,0.15956144594474542,0.038584333192557094,0.12152145771376528,0.1,1.0,0.2,1.0
404406,mscoco,0.049774115718901155,0.18544002367603482,0.055705896392464635,0.16665962168092047,0.1,1.0,0.1,1.0
145690,mscoco,0.1386250302195549,0.45346719429334575,0.1452115036547184,0.3325094193581404,0.0,0.0277777777777777,0.1,1.0
400332,mscoco,0.2316641889512539,0.3751757302091217,0.21559131667017936,0.4530790551288088,0.2,0.25,0.2,1.0
202810,mscoco,0.13229637518525122,0.29985131493349965,0.1672497160732746,0.4131705181704716,0.2,0.2,0.1,0.125
52,drawbench,0.0643971674144268,0.14039825854127783,0.056655339896678925,0.15779849681110614,0.0,0.0,0.0,0.0
225700,mscoco,0.3256306163966656,0.5193080814978448,0.40728178471326826,0.7026110007755769,0.1,0.1428571428571428,0.2,0.25
273106,mscoco,0.09686773084104061,0.2584796130762246,0.13041172698140144,0.33478658256746247,0.0,0.0263157894736842,0.0,0.0588235294117647
394840,mscoco,0.04167524725198746,0.11696139704960412,0.046076161228120326,0.12252385339718483,0.1,1.0,0.2,1.0
323810,mscoco,0.2702708296477795,0.5600351381882385,0.260985267162323,0.5592935884202366,0.5,1.0,0.5,1.0
174892,mscoco,0.10382894054055214,0.2761269741569681,0.10167148523032665,0.20686882968064574,0.4,0.1428571428571428,0.2,0.1666666666666666
365507,mscoco,0.28048207610845566,0.4138907227435515,0.2893227279186249,0.49696020149786824,0.4,0.25,0.7,1.0
531963,mscoco,0.08089420730248094,0.20895018768845527,0.10021345801651478,0.27748473287377007,0.0,0.0555555555555555,0.1,0.1428571428571428
214127,mscoco,0.14459930546581745,0.40638492169492685,0.15199688486754895,0.29803320588845866,0.2,0.3333333333333333,0.2,0.1111111111111111
230991,mscoco,0.12061048001050949,0.2559765544877622,0.14138166308403016,0.3522422347403374,0.1,1.0,0.6,1.0
552962,mscoco,0.21738737747073172,0.4473652993734869,0.2553698495030403,0.4327244994015316,0.1,1.0,0.1,0.1111111111111111
534565,mscoco,0.20287421643733977,0.3726595901570146,0.2328346699476242,0.4382993353748378,0.8,1.0,0.7,1.0
423647,mscoco,0.09925049096345902,0.20313183580985159,0.11679196134209632,0.2880544635259418,0.2,0.1666666666666666,0.3,0.5
48,drawbench,0.045010571368038654,0.1366022331498236,0.05151262320578098,0.13607883371482943,0.0,0.0,0.0,0.0
50480,mscoco,0.0519894840195775,0.14334233031829835,0.0733078058809042,0.16362403756675617,0.0,0.0089285714285714,0.1,0.125
138768,mscoco,0.09138888642191886,0.23057157763024427,0.11552977785468102,0.2766071788516185,0.2,0.5,0.1,0.25
480482,mscoco,0.0689006071537733,0.21785795184820933,0.0903936956077814,0.22141693721717698,0.1,0.5,0.1,0.5
150024,mscoco,0.05817085718736052,0.1530163170218983,0.05919220745563507,0.1876863504824663,0.2,0.5,0.2,1.0
94793,mscoco,0.03719750158488751,0.1158378085238061,0.06964256390929222,0.17749052091013032,0.0,0.04,0.2,1.0
378313,mscoco,0.02282724417746067,0.08934358932477816,0.03533030822873116,0.10667727688688436,0.0,0.0021231422505307,0.1,1.0
504921,mscoco,0.6423349887132644,0.8628497340983671,0.6564304858446122,0.8474034643182371,1.0,1.0,1.0,1.0
292116,mscoco,0.07220424935221673,0.20486140624872268,0.1968674138188362,0.35422611556967526,0.0,0.0084033613445378,0.1,1.0
109012,mscoco,0.23241097182035447,0.44796911789050897,0.2533012107014656,0.39874168545067734,0.4,1.0,0.8,0.5
504657,mscoco,0.27699982821941377,0.4057177937275683,0.46201599538326266,0.6441135507398671,0.2,0.1428571428571428,0.9,1.0
72850,mscoco,0.20214945450425148,0.37443264360909295,0.22521962150931357,0.3467572229943953,0.0,0.0434782608695652,0.4,1.0
273316,mscoco,0.1436312362551689,0.34397044384174047,0.21977942436933517,0.4439279162294585,0.3,1.0,0.3,1.0
354261,mscoco,0.017746918229386212,0.06654039638406614,0.025579273328185083,0.07965025657726163,0.0,0.0909090909090909,0.0,0.0833333333333333
54437,mscoco,0.2595649093389511,0.4790348795582277,0.22131482213735582,0.381269474143545,0.5,1.0,0.1,0.1666666666666666
249251,mscoco,0.12587307244539261,0.2476189116585501,0.16382003277540208,0.3430283868637991,0.2,0.5,0.1,0.5
99747,mscoco,0.05357230566442013,0.1537619532705075,0.056114470958709715,0.15063905861894358,0.6,0.5,0.6,1.0
23976,mscoco,0.11654622554779052,0.2418406450461114,0.10536344796419143,0.24507987842395915,0.1,0.3333333333333333,0.3,0.2
295295,mscoco,0.4094001829624176,0.6280309466009152,0.428295710682869,0.6167337389818639,0.3,0.25,0.4,0.3333333333333333
32712,mscoco,0.2832611784338951,0.38780606220847136,0.3838007733225822,0.511652323079167,0.0,0.0625,0.1,0.125
4616,mscoco,0.05006509106606245,0.14070326713102332,0.05738407429307699,0.1503811679972499,0.1,0.5,0.1,1.0
529096,mscoco,0.05994355641305447,0.18242542160241057,0.06221051663160324,0.17592638478012032,0.1,1.0,0.2,1.0
537349,mscoco,0.037141142692416904,0.12944874195144673,0.042347630206495526,0.12557846105219647,0.0,0.0625,0.0,0.0434782608695652
367853,mscoco,0.17228304520249366,0.3585323404200684,0.1996045306324959,0.36794750160001344,0.2,1.0,0.5,1.0
323231,mscoco,0.0586490374058485,0.15806689807965837,0.06713368715718389,0.1804931273246867,0.0,0.003076923076923,0.1,0.125
385317,mscoco,0.3380854964256287,0.5762302754814737,0.3290302366018295,0.4657032464003041,0.3,0.3333333333333333,0.1,1.0
284192,mscoco,0.03210822287946939,0.10519966574339057,0.04398247003555298,0.1182772177078043,0.1,1.0,0.1,1.0
384790,mscoco,0.25942486971616746,0.4412881908952798,0.2527289867401123,0.5749343106655241,0.0,0.0769230769230769,0.0,0.0384615384615384
237758,mscoco,0.2286782257258892,0.507800917991187,0.20007764920592308,0.3408356394327189,0.4,1.0,0.5,0.25
201134,mscoco,0.022740506986156105,0.09982379473116144,0.03848600117489696,0.09784824760983457,0.1,1.0,0.1,0.5
33,drawbench,0.15481659919023513,0.33789338965580445,0.14861037507653235,0.3266491847427098,0.0,0.0,0.0,0.0
220118,mscoco,0.21300561279058455,0.37874057168354175,0.21334282755851747,0.42175479203687366,0.0,0.0169491525423728,0.1,1.0
182118,mscoco,0.015173590136691928,0.052446364542019556,0.01889114687219262,0.053992338508190525,0.0,0.0076923076923076,0.1,1.0
101569,mscoco,0.22132384777069092,0.4592675863567824,0.2751529887318611,0.40665906580510125,0.2,1.0,0.3,0.5
111754,mscoco,0.3462252371013165,0.39476936675396823,0.5097946494817733,0.6652972389243421,0.2,0.2,0.8,1.0
209920,mscoco,0.06392885372042656,0.1799813459332435,0.07530405260622501,0.2244300301491008,0.0,0.0333333333333333,0.1,0.1666666666666666
534426,mscoco,0.14648135527968406,0.42609629409398514,0.1628326214849949,0.30698992323860014,0.1,0.125,0.4,0.5
165298,mscoco,0.06649030186235905,0.1740205927349224,0.13128920011222361,0.31845596068080045,0.1,0.1666666666666666,0.0,0.0833333333333333
289007,mscoco,0.057645824179053305,0.21591522340973618,0.03893785253167152,0.13257955115954184,0.0,0.0625,0.1,1.0
11796,mscoco,0.08103872425854206,0.18705011493471133,0.08119378387928008,0.19739352569627103,0.1,0.5,0.1,1.0
537135,mscoco,0.07648985385894776,0.1889342331482594,0.12181672416627407,0.3275415115960096,0.1,0.5,0.2,1.0
120977,mscoco,0.06972664929926395,0.17646031614835678,0.05330319330096245,0.16498275047274072,0.1,0.5,0.1,0.25
259103,mscoco,0.11366290934383869,0.2710424800177252,0.08513582460582256,0.2112646998914562,0.0,0.0357142857142857,0.1,0.5
49073,mscoco,0.2638523668050766,0.461257528050134,0.27511229664087294,0.40510490707752106,0.0,0.00074294205052,0.0,0.0049261083743842
387855,mscoco,0.03459253907203674,0.12663618802176033,0.042514243815094235,0.11414970037638364,0.0,0.0050251256281407,0.1,0.5
252549,mscoco,0.1471972219645977,0.33339689795536975,0.13042599707841873,0.3386891908638448,0.1,0.25,0.1,0.5
506232,mscoco,0.18159124180674552,0.5000470941878364,0.21053607165813445,0.48148136087744353,0.1,1.0,0.4,1.0
178876,mscoco,0.2908641293644905,0.5218048037822455,0.2740318402647972,0.38809706599603294,0.1,0.1,0.1,1.0
98709,mscoco,0.050577893294394015,0.13912278627623537,0.0719918292015791,0.17915759504453652,0.2,0.3333333333333333,0.5,1.0
83328,mscoco,0.049930399283766747,0.17871762953503198,0.13919992819428445,0.3401364568656579,0.1,0.1,0.2,1.0
467180,mscoco,0.037261742167174816,0.12122124361445147,0.07183809131383896,0.20043809999673165,0.2,1.0,0.0,0.0833333333333333
362244,mscoco,0.147151867300272,0.36903687606792196,0.14657270163297653,0.2889876486490662,0.3,1.0,0.1,0.1428571428571428
382182,mscoco,0.21806077659130096,0.3934516758753445,0.23511455506086348,0.4484793803799032,0.2,0.3333333333333333,0.3,1.0
79545,mscoco,0.2019584558904171,0.35057767715739985,0.269689479470253,0.6217909139383171,0.0,0.0909090909090909,0.2,0.1666666666666666
516233,mscoco,0.009330247738398611,0.032927572169746025,0.012070934986695647,0.04241192419865102,0.1,0.3333333333333333,0.1,1.0
544127,mscoco,0.10362313650548458,0.23953935041773158,0.1053528744727373,0.24119363147167971,0.1,0.5,0.1,0.1428571428571428
97734,mscoco,0.05457413289695978,0.13520081975810355,0.045576549135148525,0.12988588107109256,0.2,0.5,0.4,1.0
29752,mscoco,0.10782940164208413,0.2585303694032409,0.17553549706935884,0.35238893946731276,0.1,0.5,0.1,1.0
412491,mscoco,0.018290634639561175,0.06973683524972847,0.0265404365491122,0.0801983151520809,0.1,0.3333333333333333,0.0,0.0526315789473684
111,drawbench,0.03609829302877188,0.12613967231719678,0.05265684071928263,0.17458517489099806,0.1,0.3333333333333333,0.0,0.0052910052910052
354929,mscoco,0.053922568634152415,0.1379917789756232,0.052905801124870776,0.17567978958325373,0.1,0.25,0.1,1.0
558242,mscoco,0.19369561299681665,0.3973314703450455,0.2158810466527939,0.4032111002114825,0.0,0.0416666666666666,0.1,0.25
462129,mscoco,0.054924596287310126,0.14181622943630698,0.05902944188565016,0.15102024234863118,0.0,0.0065359477124183,0.0,0.0555555555555555
462925,mscoco,0.24673616290092468,0.49138117568028317,0.30975457429885866,0.566480247335079,0.3,0.5,0.3,1.0
45343,mscoco,0.050898703094571826,0.145072478579734,0.07592301201075316,0.17302903499973785,0.1,1.0,0.1,1.0
538299,mscoco,0.1391711089760065,0.3721140137600875,0.13388233855366707,0.2789793110605523,0.1,1.0,0.2,0.2
245002,mscoco,0.3276639088988304,0.5475957056217321,0.4328745096921921,0.5700889120920187,0.6,0.3333333333333333,0.9,1.0
259414,mscoco,0.03741700742393732,0.12534239265394534,0.027570726908743383,0.0847472998513484,0.0,0.0131578947368421,0.0,0.0147058823529411
130314,mscoco,0.04322491306811571,0.16193223191198722,0.05558306686580181,0.18567231795703756,0.1,1.0,0.1,1.0
544120,mscoco,0.1540509033948183,0.35935576437495803,0.060058004781603815,0.2588988633328163,0.0,0.0062111801242236,0.0,0.04
196510,mscoco,0.11947590634226798,0.30871846899556055,0.16620967760682107,0.32150073596531986,0.0,0.0172413793103448,0.0,0.0333333333333333
226197,mscoco,0.12938255593180656,0.2902271818197984,0.25061299204826354,0.4090467879994786,0.0,0.05,0.2,0.2
500568,mscoco,0.10306810103356838,0.24611033850613484,0.09164379127323627,0.28814961205910034,0.1,0.125,0.1,1.0
351149,mscoco,0.10191006511449814,0.2695383179494543,0.11048226729035378,0.2851131663114726,0.0,0.0416666666666666,0.0,0.0769230769230769
298600,mscoco,0.021389414044097065,0.05644000386199845,0.030650785751640798,0.10690438043777686,0.0,0.024390243902439,0.3,1.0
434027,mscoco,0.2514951959252357,0.445441825023252,0.2223004713654518,0.3855443254642257,0.0,0.037037037037037,0.2,1.0
116851,mscoco,0.06540245469659567,0.1816474838263837,0.06762276627123356,0.215443127650151,0.4,1.0,0.5,1.0
364567,mscoco,0.24823929816484452,0.5088575900759351,0.5042795956134796,0.6795758937200281,0.2,0.3333333333333333,0.6,1.0
363957,mscoco,0.07037840224802494,0.2720110565188861,0.06971349902451038,0.1695514179760286,0.8,1.0,0.9,1.0
568974,mscoco,0.022876255214214325,0.08017015930698324,0.03397678527981043,0.10140256114558736,0.0,0.0059523809523809,0.1,1.0
223739,mscoco,0.02117428360506892,0.07736787780901132,0.02261485978960991,0.07128456099571293,0.0,0.0588235294117647,0.0,0.0833333333333333
59171,mscoco,0.5119814202189445,0.7774451666026382,0.6386144995689392,0.7851068302605668,0.7,1.0,0.9,1.0
521218,mscoco,0.14454398229718207,0.4073005422954072,0.19146916568279265,0.3549153741643697,0.4,1.0,0.8,1.0
367329,mscoco,0.1162017524242401,0.2907826243367461,0.16794928535819054,0.4015122647629578,0.1,0.25,0.4,1.0
352061,mscoco,0.08833112604916096,0.22067441630245455,0.10650611706078053,0.24194837130269273,0.2,0.125,0.2,1.0
484636,mscoco,0.20091916471719742,0.3988617856871929,0.21974401772022248,0.30387432752465093,0.1,0.1428571428571428,0.1,1.0
264461,mscoco,0.13270690329372883,0.279541336035423,0.23597079366445542,0.4755938660924632,0.0,0.0085470085470085,0.0,0.0384615384615384
148165,mscoco,0.019076672848314047,0.07963210537034981,0.04164330153726041,0.1644048726082901,0.1,1.0,0.0,0.024390243902439
429593,mscoco,0.05047479765489697,0.1134149463331021,0.047191899921745065,0.14083814746575948,0.1,0.5,0.1,1.0
15757,mscoco,0.20396635457873344,0.4113957404429426,0.2678561173379421,0.5330298686374341,0.0,0.0153846153846153,0.1,0.1111111111111111
37032,mscoco,0.07467463649809361,0.19018143660602724,0.22236597090959548,0.37673857948974987,0.0,0.0769230769230769,0.9,1.0
99515,mscoco,0.11128445826470852,0.2897902782567828,0.13779519833624362,0.35884197541478835,0.0,0.0022573363431151,0.0,0.0769230769230769
501624,mscoco,0.30447414219379426,0.545077776312599,0.3246921733021736,0.456769496143746,0.7,1.0,0.8,1.0
91780,mscoco,0.07339510321617126,0.1918415013796042,0.06813502851873636,0.17980466997604588,0.1,0.5,0.1,0.5
473195,mscoco,0.074291155859828,0.15245721044132513,0.06767694614827632,0.16422067515421648,0.0,0.0010111223458038,0.0,0.0059171597633136
200241,mscoco,0.05265689920634031,0.13937099202142464,0.06205958072096109,0.1630347792388597,0.1,1.0,0.1,1.0
20966,mscoco,0.14433414861559868,0.3136233867369557,0.12015241011977196,0.28240205379426303,0.4,0.25,0.5,1.0
477005,mscoco,0.1685297019779682,0.2743257393011939,0.13996054977178574,0.299406993239871,0.4,0.5,0.6,1.0
568281,mscoco,0.03921626368537545,0.1144621128277088,0.07170269601047038,0.21266914569697085,0.1,0.25,0.1,0.1428571428571428
289075,mscoco,0.06407213546335697,0.1823625564437462,0.09953154884278774,0.23905097730139774,0.1,1.0,0.1,1.0
315211,mscoco,0.02252922300249338,0.06592122118995787,0.021861021872609854,0.06323480360556531,0.1,1.0,0.1,1.0
370763,mscoco,0.044917622953653334,0.1410526938769589,0.06077170893549919,0.17522178730745405,0.1,1.0,0.4,1.0
245337,mscoco,0.1156153365969658,0.29727667141962727,0.1895299255847931,0.31814684464032084,0.3,1.0,0.2,0.5
359085,mscoco,0.05011748615652323,0.16184448675989538,0.06038335710763931,0.15879266129711528,0.1,1.0,0.1,1.0
151956,mscoco,0.047589879296720025,0.12169112815293798,0.04015703033655882,0.11364452121141373,0.2,0.3333333333333333,0.2,1.0
442666,mscoco,0.08873053342103958,0.3424423588518398,0.10516003295779228,0.23610596239161846,0.0,0.0833333333333333,0.1,0.1111111111111111
139214,mscoco,0.12502520009875298,0.3028840947035204,0.16727569103240966,0.39680598856313515,0.2,0.1666666666666666,0.2,0.5
112586,mscoco,0.08313492462038993,0.2322985994165252,0.1209746789187193,0.3008536889221542,0.6,1.0,0.3,1.0
277080,mscoco,0.4112112335860729,0.6973811451466038,0.4443336308002472,0.6557447484412358,0.5,0.5,0.4,0.5
497261,mscoco,0.04830162543803453,0.1455398807371277,0.06868597082793712,0.17090354713569994,0.0,0.032258064516129,0.0,0.024390243902439
421314,mscoco,0.23482351526618003,0.30423183585223573,0.23704125061631204,0.39995905703152346,0.3,0.1428571428571428,0.1,1.0
9288,mscoco,0.1867983065545559,0.4593362480030687,0.20045867413282395,0.44903330829989097,0.7,1.0,0.6,1.0
249587,mscoco,0.09628166444599628,0.22241566935130677,0.16411951258778573,0.32989647997632326,0.2,0.5,0.3,0.25
169179,mscoco,0.17696457207202912,0.3340133029418711,0.26696906238794327,0.40576036395885706,0.2,0.1111111111111111,0.4,0.2
446521,mscoco,0.05315149780362845,0.14294193084093096,0.04667290709912777,0.1569457095288265,0.0,0.0109890109890109,0.0,0.05
203098,mscoco,0.023788828030228616,0.07989432373652242,0.021724601835012437,0.09303407556202406,0.6,1.0,1.0,1.0
83102,mscoco,0.1437325432896614,0.360024789824908,0.12601000368595122,0.30170768237255446,0.1,0.1428571428571428,0.0,0.0909090909090909
105,drawbench,0.033337025251239535,0.08073885243060155,0.07775551453232765,0.23854202476764558,0.0,0.0175438596491228,0.0,0.0769230769230769
254989,mscoco,0.06421863231807948,0.16177254439751682,0.10017406307160855,0.28334348799453163,0.3,0.25,0.4,1.0
474528,mscoco,0.04606534820050001,0.12300581034303833,0.051305861584842204,0.1497561297382866,0.1,0.125,0.1,0.25
523546,mscoco,0.03737627398222685,0.11137345878384035,0.03503553606569767,0.10895335149364302,0.1,1.0,0.1,1.0
371256,mscoco,0.06607381291687489,0.17121287200120455,0.044804349541664124,0.14865838296233147,0.2,1.0,0.1,0.25
444453,mscoco,0.046631851512938735,0.1405408688779716,0.0484576316550374,0.14448697650463702,0.1,1.0,0.1,1.0
127515,mscoco,0.1574203260242939,0.34340488664920144,0.15032806172966956,0.31969850798180327,0.0,0.015625,0.0,0.0909090909090909
15667,mscoco,0.27609443217515944,0.5278219447724755,0.3394017621874809,0.5878655854662571,0.5,0.5,0.8,1.0
525851,mscoco,0.0828178446739912,0.21476149871454842,0.06970192529261113,0.17971914375260056,0.7,1.0,0.4,1.0
63777,mscoco,0.09931582361459732,0.2321905861322878,0.10670554414391517,0.26156287029466807,0.1,1.0,0.1,0.125
247422,mscoco,0.114459821395576,0.22799229032608176,0.09342487044632435,0.24064357607479184,0.2,0.5,0.1,1.0
227724,mscoco,0.054244067333638665,0.13775575042322524,0.04836544264107943,0.1299023826328866,0.0,0.0344827586206896,0.1,0.1428571428571428
419828,mscoco,0.03375630918890238,0.14795941005795454,0.047300877049565315,0.1597804371427205,0.1,1.0,0.1,1.0
123166,mscoco,0.07768404483795166,0.17445432567053415,0.12788428254425527,0.2829056302954188,0.0,0.0285714285714285,0.1,0.5
146236,mscoco,0.016676824749447407,0.044406684308534033,0.01854768577031791,0.07008592516664493,0.1,0.1111111111111111,0.1,0.25
264406,mscoco,0.11524809375405312,0.2671456190600381,0.11895333901047707,0.28666503781249775,0.2,0.5,0.2,1.0
311709,mscoco,0.07859519459307193,0.17500839908999552,0.1113767821341753,0.31996610145164006,0.1,1.0,0.5,1.0
54086,mscoco,0.11542544402182102,0.2555406953879255,0.09443181157112121,0.34845498800483,0.0,0.015625,0.0,0.0042918454935622
124729,mscoco,0.20022836327552795,0.46480820825243335,0.23227584064006807,0.4919064774456868,0.9,1.0,0.8,1.0
521334,mscoco,0.05296980943530798,0.18260922455911222,0.08982152454555034,0.17706029462190545,0.1,0.25,0.1,0.5
400309,mscoco,0.019754695147275923,0.07024470531808621,0.04257748853415251,0.14527712636022205,0.0,0.0625,0.1,1.0
385601,mscoco,0.07135025933384895,0.1945027550051465,0.10556030794978141,0.2658609110423203,0.4,0.5,0.5,1.0
39978,mscoco,0.13662291541695595,0.30887925193572496,0.13140902519226075,0.32679490551865176,0.3,0.25,0.3,1.0
444949,mscoco,0.09362843334674835,0.2237368425424236,0.1434920012950897,0.45061973440339387,0.1,0.3333333333333333,0.1,0.2
428178,mscoco,0.11971303671598435,0.2727840152829998,0.11711691245436669,0.3047906354215401,0.0,0.0069930069930069,0.0,0.0131578947368421
120416,mscoco,0.4229154124855995,0.5773739561256872,0.4060375109314919,0.6117256948007392,0.6,1.0,0.8,1.0
52281,mscoco,0.14673416763544084,0.26653704800051586,0.20482686907052994,0.4610287754189837,0.1,0.125,0.2,0.3333333333333333
187592,mscoco,0.06999395675957203,0.18969191645570166,0.08238504044711589,0.28200564471843953,0.2,0.25,0.3,1.0
98478,mscoco,0.009851175639778376,0.03655257310708198,0.010202871728688478,0.035338567331741295,0.1,0.1428571428571428,0.1,1.0
471599,mscoco,0.09459648504853249,0.22095138415060922,0.10556139275431634,0.26591388793943577,0.1,0.1666666666666666,0.2,1.0
136232,mscoco,0.08475095517933369,0.23297964281406694,0.12105874065309763,0.24107089757699407,0.0,0.0555555555555555,0.0,0.0833333333333333
270740,mscoco,0.23405632972717286,0.3794802238480954,0.3104331836104393,0.5087093816639321,0.1,1.0,0.5,0.3333333333333333
310536,mscoco,0.2062063880264759,0.46866063157438115,0.2960617244243622,0.5337276875620116,0.2,1.0,0.4,0.5
469515,mscoco,0.012524850014597178,0.04842774687059508,0.02043472994118929,0.06643134929838093,0.0,0.0032051282051282,0.1,0.3333333333333333
251252,mscoco,0.150655921921134,0.2729596094778456,0.16881246939301492,0.42883363669659097,0.2,0.2,0.4,1.0
560646,mscoco,0.09477162510156631,0.23180216987897007,0.11708565428853035,0.2715699158134402,0.6,1.0,1.0,1.0
36029,mscoco,0.13203774020075798,0.2756079457903569,0.15061680674552919,0.3373187633723833,0.1,0.5,0.1,1.0
302216,mscoco,0.27652572914958,0.4901990335643075,0.3620325341820717,0.6337930283717449,0.1,0.3333333333333333,0.3,1.0
178156,mscoco,0.12348128706216813,0.28011085641427735,0.10109021477401256,0.26426914267452056,0.0,0.0022573363431151,0.0,0.0135135135135135
535604,mscoco,0.13851170614361763,0.33561301360285917,0.12010675370693207,0.25971264380172104,0.6,1.0,0.3,0.5
462577,mscoco,0.20337984710931778,0.35689002954347065,0.22911618426442146,0.40129354311496956,0.0,0.0666666666666666,0.4,0.5
360585,mscoco,0.31088490411639214,0.45046288645949645,0.30950096994638443,0.48091248067635256,0.4,0.25,0.6,0.5
336764,mscoco,0.10913321934640408,0.28978110580082017,0.1111680030822754,0.24187281767537414,0.0,0.0128205128205128,0.1,0.1111111111111111
277237,mscoco,0.058933814987540245,0.16665484870765607,0.05987871214747429,0.16651419731453868,0.1,0.1666666666666666,0.2,0.5
11326,mscoco,0.08126709572970867,0.2013436843775966,0.10033384263515473,0.23340267128989525,0.1,0.5,0.1,1.0
243443,mscoco,0.05409037824720144,0.16316268980315732,0.07378272376954556,0.2327225626566766,0.2,0.1666666666666666,0.3,0.25
97724,mscoco,0.18802225291728974,0.4532003633193445,0.3548292636871338,0.5260946486770293,0.0,0.0555555555555555,0.3,0.5
248753,mscoco,0.05486889695748687,0.15168999093280106,0.053750655800104144,0.14082132410760126,0.0,0.0277777777777777,0.0,0.0095238095238095
331676,mscoco,0.07681844141334296,0.20960951468262842,0.21521174162626266,0.4957965455702692,0.0,0.0217391304347826,0.1,1.0
169500,mscoco,0.056803033128380774,0.21346280757365652,0.09418167807161808,0.2518021086296307,0.1,0.125,0.2,1.0
475035,mscoco,0.18420359920710325,0.3976884739304301,0.17674070931971073,0.34460385131159055,0.2,0.1428571428571428,0.3,0.3333333333333333
383923,mscoco,0.24996242821216583,0.39379220618846433,0.24175432696938515,0.4146969460752612,0.4,0.2,0.4,1.0
330229,mscoco,0.1116457473486662,0.28633653448781926,0.13540293648838997,0.2598416534061716,0.0,0.0476190476190476,0.3,1.0
259421,mscoco,0.16580448113381863,0.37852203049966304,0.17830075994133948,0.3630362578909354,0.1,1.0,0.1,0.2
453558,mscoco,0.060861341282725336,0.1916611620371818,0.06129195615649223,0.17633875140949715,0.1,0.1428571428571428,0.1,1.0
47632,mscoco,0.03878528196364641,0.10749737990521348,0.03410069681704044,0.11313557052754986,0.0,0.0909090909090909,0.1,0.5
556406,mscoco,0.12035743147134781,0.267912711415762,0.1716264307498932,0.3679182431046422,0.4,1.0,0.4,0.3333333333333333
205563,mscoco,0.23616406247019767,0.3379091386942776,0.2252042070031166,0.5189339776161959,0.5,0.25,0.2,1.0
358287,mscoco,0.16100791841745377,0.3041351805596212,0.15624138489365577,0.2881443112747608,0.1,0.1428571428571428,0.3,0.5
172727,mscoco,0.17736340686678886,0.33414992209075534,0.1857827425003052,0.35875069827317124,0.1,1.0,0.1,1.0
274148,mscoco,0.1105936374515295,0.30314471232034407,0.14581991359591484,0.34512348991287894,0.0,0.0147058823529411,0.2,0.125
395957,mscoco,0.06269801557064056,0.16840448735858263,0.06586128026247025,0.19158668037481524,0.0,0.0555555555555555,0.2,0.5
27656,mscoco,0.17637361735105514,0.2988857830890427,0.23869136571884156,0.4224969016302901,0.5,1.0,0.9,1.0
535663,mscoco,0.21540813222527505,0.38214399589350495,0.2247237205505371,0.4559275667833287,0.3,0.3333333333333333,0.3,0.3333333333333333
59012,mscoco,0.08271926064044237,0.2227331488645066,0.13398444801568984,0.2908889683657542,0.1,0.5,0.1,1.0
338732,mscoco,0.05510903764516115,0.1834147762090183,0.04672233536839485,0.17931338936953917,0.1,1.0,0.1,1.0
34800,mscoco,0.08335583172738552,0.18243704990399112,0.13372641950845718,0.32058124697911927,0.0,0.027027027027027,0.3,0.5
78290,mscoco,0.17073727697134017,0.36170390047877155,0.29899712204933165,0.5303229629555655,0.0,0.0028328611898017,0.1,0.1428571428571428
34235,mscoco,0.11742975935339928,0.2396565031907612,0.1467192567884922,0.3197861756936959,0.0,0.0344827586206896,0.1,0.5
149993,mscoco,0.28937812000513075,0.4326438106726233,0.3238581880927086,0.49768160914333137,0.1,0.1666666666666666,0.2,1.0
92,drawbench,0.11506744623184204,0.249922850340937,0.13062589690089227,0.27286490864615887,0.0,0.0769230769230769,0.0,0.0019920318725099
289739,mscoco,0.028619936667382717,0.09760561304202713,0.03262141644954682,0.09326626942082494,0.1,0.1,0.0,0.0217391304347826
11,drawbench,0.2502021864056587,0.5490971392882124,0.2206235110759735,0.42539206572652954,0.0,1.886863655232273e-05,0.0,1.9478748685184465e-05
394681,mscoco,0.03724078191444278,0.10742089100050918,0.041027875943109395,0.11266001143631435,0.1,0.3333333333333333,0.1,0.1428571428571428
404984,mscoco,0.0740792203694582,0.23104807057198712,0.08293605670332908,0.1969417166530132,0.0,0.003831417624521,0.0,0.0095238095238095
95777,mscoco,0.11897113211452962,0.315426533711547,0.17743391841650008,0.4004273099013111,0.2,0.5,0.2,0.25
516158,mscoco,0.09732066988945007,0.284257920798985,0.12875531148165464,0.3503814332561412,0.0,0.015625,0.1,0.25
223569,mscoco,0.20273387357592582,0.3286829725728206,0.38038340508937835,0.5651404793540306,0.1,1.0,0.3,1.0
107782,mscoco,0.10912029929459095,0.2892885261723636,0.12812597453594207,0.3012280460581589,0.1,0.25,0.4,0.5
98881,mscoco,0.01329288692213595,0.05145529379176072,0.016701166285201907,0.05417603585648702,0.1,1.0,0.1,1.0
94045,mscoco,0.2073337733745575,0.3512096669228493,0.28790189474821093,0.4452623437260388,0.3,0.3333333333333333,1.0,1.0
498015,mscoco,0.03300913032144308,0.105297208691118,0.038779128715395926,0.10816202277342542,0.1,1.0,0.0,0.0526315789473684
451172,mscoco,0.041165111027657984,0.12073567366458604,0.048237885162234304,0.15805730937806453,0.1,0.3333333333333333,0.1,1.0
535211,mscoco,0.021280987095087765,0.0691075594343094,0.022759123984724284,0.08692728215307366,0.1,0.25,0.1,0.5
18476,mscoco,0.03860705774277449,0.13339745334772418,0.047985220514237883,0.14540805794452452,0.1,1.0,0.1,1.0
275930,mscoco,0.04101222977042198,0.11028472259390756,0.061740940622985366,0.16416585626471908,0.0,0.0833333333333333,0.1,1.0
507434,mscoco,0.04783498905599117,0.14417550512916122,0.03696186365559697,0.12333249676548531,0.1,0.25,0.0,0.0020366598778004
29122,mscoco,0.06785345543175936,0.17525257725531068,0.07470631748437881,0.2391293240737978,0.0,0.0769230769230769,0.1,1.0
116204,mscoco,0.11823274195194244,0.24285343196985174,0.14419000521302222,0.2721927955287311,0.4,1.0,0.4,0.5
274815,mscoco,0.1328474272042513,0.3103817247220405,0.17105700373649596,0.38995007195930237,0.2,0.25,0.1,0.3333333333333333
507215,mscoco,0.1014288455247879,0.20885406384955876,0.1224872212857008,0.3445549261729141,0.4,0.25,0.2,0.5
559658,mscoco,0.10852055922150612,0.2648926632132253,0.17094842717051506,0.34107158487998485,0.4,0.3333333333333333,0.5,0.5
344157,mscoco,0.766181594133377,0.8944212929174451,0.8395399987697602,0.9383844318680427,1.0,1.0,1.0,1.0
327768,mscoco,0.07215309087187052,0.1703401679823356,0.05421615857630968,0.17073194835504937,0.2,1.0,0.2,1.0
35424,mscoco,0.07629294246435166,0.21247896798754604,0.15107160471379757,0.2704566623575908,0.2,1.0,0.5,1.0
412698,mscoco,0.03789188452064991,0.1283326503904542,0.03922653701156378,0.12564685325095612,0.2,1.0,0.1,1.0
502588,mscoco,0.19632092490792274,0.3990594728098111,0.17113332226872444,0.43605730122964625,0.5,0.3333333333333333,0.5,1.0
515527,mscoco,0.048625699058175084,0.16044378805203358,0.06125779114663601,0.18332365402744052,0.1,1.0,0.1,1.0
382958,mscoco,0.0826183520257473,0.19701362042537277,0.06654911413788796,0.2191833055960288,0.0,0.0666666666666666,0.1,0.5
166975,mscoco,0.06300175227224827,0.1522698352815774,0.07115195021033287,0.18993567723664223,0.1,0.5,0.1,0.125
397640,mscoco,0.15454039424657823,0.3466373384358994,0.2117071270942688,0.36307612035951026,0.1,0.25,0.1,0.1666666666666666
462880,mscoco,0.08852967265993357,0.17848281306579805,0.0493802160024643,0.1338178534152538,0.1,1.0,0.1,1.0
104808,mscoco,0.05960318632423878,0.14064900249117013,0.043529199343174695,0.1315504345706031,0.1,0.25,0.0,0.05
30235,mscoco,0.21452183425426483,0.4123238691750601,0.3542842954397202,0.5348142151765861,0.3,0.25,0.7,0.5
513219,mscoco,0.03814913835376501,0.10000476169772031,0.0318383265286684,0.11364461631710396,0.1,0.25,0.2,1.0
63,drawbench,0.03298048917204142,0.17295338722658485,0.044217430800199506,0.13975325250696377,0.0,0.0,0.0,0.0
245771,mscoco,0.040550713799893855,0.11708586446737705,0.06496105659753085,0.16773743698797886,0.4,0.5,0.4,1.0
1375,mscoco,0.3100306436419487,0.43945714066300484,0.4207093209028244,0.6088787396124046,0.4,0.5,0.3,0.1666666666666666
167479,mscoco,0.07092448100447654,0.18061168605471367,0.08390661887824535,0.2211854271773363,0.0,0.0232558139534883,0.3,1.0
124874,mscoco,0.06432686559855938,0.23856620188201838,0.03196093793958425,0.10311366675073487,0.1,0.3333333333333333,0.0,0.0056497175141242
506901,mscoco,0.07020996063947678,0.20679771426223023,0.09514021687209606,0.2560182431326681,0.3,0.2,0.5,1.0
519754,mscoco,0.0638268755748868,0.23977392665794733,0.08657226897776127,0.27069875139468497,0.1,1.0,0.1,1.0
336457,mscoco,0.10821285396814347,0.2832708437768955,0.15892347693443298,0.36298400150048626,0.0,0.0526315789473684,0.4,0.25
290974,mscoco,0.028860614635050297,0.07283465785119318,0.022278632409870623,0.07277748438960441,0.1,1.0,0.1,0.3333333333333333
18918,mscoco,0.32978838980197905,0.5602321492043086,0.30044137090444567,0.4262838627318275,1.0,1.0,0.7,0.3333333333333333
153140,mscoco,0.17534708529710769,0.29747140638879005,0.30885874629020693,0.5178310052512701,0.0,0.0769230769230769,0.3,1.0
83481,mscoco,0.01625741794705391,0.06276684624886533,0.015391513286158443,0.05175126554283009,0.2,0.5,0.2,1.0
204473,mscoco,0.03511465899646282,0.1122689562005503,0.035820414498448375,0.13751353180887899,0.0,0.0526315789473684,0.0,0.0476190476190476
419074,mscoco,0.13656134121119975,0.32326126750496764,0.19161153584718704,0.3413009783525911,0.0,0.0357142857142857,0.1,0.125
261235,mscoco,0.03287314791232347,0.09206989443856639,0.0527223126962781,0.14204804003003763,0.0,0.0909090909090909,0.1,1.0
338971,mscoco,0.030098051019012927,0.09750201169734593,0.05115509927272797,0.14574607053664293,0.1,0.1,0.1,0.3333333333333333
223183,mscoco,0.368891953676939,0.45790707667681013,0.4305241785943508,0.7171758457837211,0.9,1.0,0.7,1.0
450711,mscoco,0.0763314675539732,0.19228931633032156,0.06757913921028376,0.2578797059674719,0.1,0.5,0.1,1.0
490187,mscoco,0.17889725044369698,0.4643822279525731,0.18520513847470282,0.43845031828120157,0.1,0.5,0.1,0.3333333333333333
564602,mscoco,0.060379742085933684,0.16046027819263037,0.11397387459874153,0.2693118992419284,0.0,0.0188679245283018,0.4,0.5
452201,mscoco,0.03213517377153039,0.11967390630778586,0.03474187552928924,0.1191636158778482,0.0,0.05,0.2,1.0
443334,mscoco,0.18190817162394524,0.30474016178776264,0.27234607487916945,0.5258488689284796,0.3,0.2,0.3,1.0
18075,mscoco,0.2945406034588814,0.4872306412783491,0.4777851849794388,0.681568517275158,0.4,0.3333333333333333,1.0,1.0
50,drawbench,0.06350777838379144,0.17053124322604088,0.07265449985861779,0.1850792282532631,0.0,0.0,0.0,0.0
86,drawbench,0.08249289132654666,0.21557648573466268,0.11169671826064587,0.29441194069124454,0.1,0.125,0.0,0.0555555555555555
171808,mscoco,0.1326831430196762,0.3201593007402186,0.14966279715299607,0.32964223493031897,0.2,0.1428571428571428,0.5,1.0
572487,mscoco,0.04398824367672205,0.14033693924634766,0.06666974443942308,0.2097456185027279,0.0,0.037037037037037,0.2,0.1666666666666666
566765,mscoco,0.09246093891561032,0.2438631328439735,0.09137923568487168,0.19671394695616443,0.1,1.0,0.2,0.5
163514,mscoco,0.10080895125865937,0.18913182759110975,0.15163507759571077,0.30798327369193734,0.1,1.0,0.1,1.0
311128,mscoco,0.1976502075791359,0.3984530749350448,0.21627584844827652,0.4805464665528644,1.0,1.0,0.9,1.0
520858,mscoco,0.11437943801283837,0.258658499571196,0.20849012732505798,0.44082898757944755,0.0,0.0833333333333333,0.5,0.3333333333333333
271051,mscoco,0.031089802272617817,0.10501810706194717,0.03426277358084917,0.09372237840475173,0.1,0.5,0.1,1.0
532933,mscoco,0.09304306805133819,0.230271948855344,0.12077889889478684,0.2606808525952499,0.0,0.0434782608695652,0.1,1.0
475974,mscoco,0.08394319415092469,0.25895479793269494,0.10381746739149093,0.26534572383825017,0.1,0.3333333333333333,0.0,0.0217391304347826
206731,mscoco,0.05213823784142733,0.16152136864943567,0.051835840381681916,0.1502424420220639,0.1,0.5,0.1,0.3333333333333333
450212,mscoco,0.1147782824933529,0.2834887038621241,0.11170513033866883,0.25248960083136524,0.1,1.0,0.1,0.3333333333333333
188478,mscoco,0.27227506041526794,0.43850067015774086,0.29909287989139555,0.46934381004986747,0.4,1.0,0.2,1.0
463944,mscoco,0.01686836490407586,0.0527110508390362,0.024263020558282732,0.0796987944405087,0.1,0.1,0.0,0.0294117647058823
521657,mscoco,0.2834426015615463,0.4130063518767504,0.2677795015275478,0.417318062680373,0.2,1.0,0.1,1.0
310511,mscoco,0.05109315849840641,0.12902410988715451,0.08902487922459841,0.19062869148052614,0.1,0.3333333333333333,0.1,1.0
24859,mscoco,0.1354726053774357,0.36197105546521796,0.2913703605532646,0.4939797014690427,0.1,0.1,0.2,1.0
402662,mscoco,0.09854548424482346,0.3043085706200181,0.12543032690882683,0.3246241998614479,0.2,0.25,0.4,1.0
109791,mscoco,0.1489203579723835,0.29661694684777135,0.19838543087244034,0.3533542789578865,0.2,0.3333333333333333,0.3,1.0
62,drawbench,0.19067139253020288,0.30468400146118363,0.19174945950508118,0.4105607435683575,0.0,0.0025839793281653,0.0,0.0023809523809523
298190,mscoco,0.059859870746731755,0.15889542286503747,0.062559918127954,0.17288306334116296,0.1,0.125,0.3,1.0
86065,mscoco,0.3598972447216511,0.6292771677716663,0.58670734167099,0.7267017123271948,0.4,0.5,0.4,0.25
127726,mscoco,0.0640009680762887,0.19712139335003767,0.05690277051180601,0.20120130511127834,0.2,1.0,0.1,1.0
572825,mscoco,0.06687046661972999,0.20033688227985708,0.11178616024553775,0.2586013751441145,0.4,0.5,0.7,1.0
246009,mscoco,0.15164677053689957,0.35092527183936983,0.15719637498259545,0.2865586424576534,0.5,1.0,0.7,1.0
517906,mscoco,0.06332038026303052,0.18858439625135778,0.09957865104079247,0.2252704345806797,0.0,0.0909090909090909,0.1,0.1666666666666666
265256,mscoco,0.07322118021547794,0.1756536253925551,0.05600700080394745,0.1645557835724005,0.0,0.0833333333333333,0.2,1.0
373038,mscoco,0.036310481000691654,0.12870860014156224,0.03710402138531208,0.12815302999458109,0.0,0.0909090909090909,0.1,1.0
53720,mscoco,0.18768477514386178,0.3077325353637166,0.20669229626655578,0.37616763366303707,0.4,0.5,0.8,0.3333333333333333
514116,mscoco,0.04867934565991163,0.15650572592162418,0.0730356965214014,0.2100235645788371,0.0,0.0625,0.3,0.5
395396,mscoco,0.4502970814704895,0.7739073600247918,0.5205412089824677,0.7434231521418333,0.5,1.0,0.8,1.0
118851,mscoco,0.13652842938899995,0.291597343595506,0.15146951004862785,0.31820409423625556,0.4,1.0,0.6,1.0
198625,mscoco,0.31677389740943906,0.5449628836190145,0.3848093688488007,0.6588219511230792,0.0,0.0333333333333333,0.2,0.2
53,drawbench,0.08804652225226164,0.1672920641341796,0.07402546592056751,0.1917726043555898,0.0,0.0,0.0,0.0
99,drawbench,0.016182646166998892,0.05813811887839087,0.009137976076453924,0.035207666073272255,0.0,0.0,0.0,0.0
132656,mscoco,0.3460116878151894,0.5150928120521923,0.3286158308386803,0.5389134721871117,0.2,0.3333333333333333,0.2,0.5
213276,mscoco,0.027814182126894592,0.08460181419057361,0.03608121201395988,0.10228332439606964,0.1,1.0,0.1,1.0
123974,mscoco,0.1377049244940281,0.3786014106541479,0.1414327174425125,0.29812327826186363,0.5,1.0,0.6,0.5
131,drawbench,0.12165859453380108,0.3467954548857951,0.113475351780653,0.3092109252763287,0.0,0.0,0.0,0.0
435096,mscoco,0.017827671580016614,0.07863166833990237,0.02103028232231736,0.09015345282404212,0.1,1.0,0.1,1.0
509764,mscoco,0.033276804350316526,0.10099305017462554,0.04991166181862354,0.10286380085109231,0.1,0.5,0.0,0.0454545454545454
204273,mscoco,0.24610593616962434,0.3538693792884641,0.2113106667995453,0.39384850171824837,0.1,0.2,0.1,0.125
299768,mscoco,0.1947500765323639,0.3908877154005567,0.3177360385656357,0.5467232575773476,0.0,0.003012048192771,0.3,0.25
135369,mscoco,0.39835398495197294,0.5842723759437445,0.4145060986280441,0.6632850197857363,0.8,1.0,0.6,1.0
508053,mscoco,0.1510462701320648,0.32250843264650525,0.27698752135038374,0.4755870676784897,0.1,0.2,0.2,0.5
475413,mscoco,0.06613935884088278,0.21942835477067604,0.18517487421631812,0.4158463946663203,0.0,0.0434782608695652,0.0,0.027027027027027
44328,mscoco,0.05154336299747229,0.16914441948262723,0.060879673808813095,0.16087664886201875,0.1,1.0,0.1,0.3333333333333333
127743,mscoco,0.13180170357227325,0.3300355616925388,0.10278613902628422,0.29791288379888403,0.2,1.0,0.2,1.0
316842,mscoco,0.15122539103031157,0.27797932617290544,0.10342027992010117,0.29155544735457234,0.0,0.0769230769230769,0.2,0.5
131075,mscoco,0.019423056021332742,0.06267605841823568,0.02974247084930539,0.0944747408688215,0.0,0.0059171597633136,0.2,1.0
323812,mscoco,0.12411855906248093,0.2849973195806721,0.12239767462015153,0.2571178264803156,0.4,1.0,0.6,1.0
354212,mscoco,0.33549476936459544,0.4337194771392361,0.46315336376428606,0.8497635199379077,0.3,1.0,0.7,1.0
33645,mscoco,0.051578232832252977,0.1648643802547398,0.06157881170511246,0.18620108343377456,0.1,0.5,0.1,0.25
285529,mscoco,0.17436911687254905,0.32632133197329166,0.17303881719708442,0.3152616234741559,0.6,0.5,0.7,1.0
52669,mscoco,0.0943240337073803,0.23664430677900886,0.12056169584393502,0.2836625832593292,0.0,0.0416666666666666,0.2,0.5
47328,mscoco,0.2537562340497971,0.6125923213165909,0.286692413687706,0.524687881683835,0.4,0.5,0.3,0.3333333333333333
256513,mscoco,0.06083733532577753,0.17767547333096567,0.14422229155898095,0.4130029323416087,0.0,0.0833333333333333,0.3,0.5
561196,mscoco,0.02487222943454981,0.07131427328922424,0.0325345154851675,0.08903003119244748,0.1,1.0,0.1,1.0
411261,mscoco,0.04669109722599387,0.15897965112008808,0.06017761807888746,0.18460227291640557,0.1,1.0,0.1,1.0
578056,mscoco,0.02681991821154952,0.0993954088358135,0.03812204152345657,0.11654397706155137,0.1,0.3333333333333333,0.1,1.0
110926,mscoco,0.10143286660313607,0.23619113060550495,0.14630881771445275,0.303664445525028,0.0,0.0204081632653061,0.1,1.0
290175,mscoco,0.10446537099778652,0.22237146974955113,0.1140493843704462,0.32089736489860105,0.4,0.2,0.6,1.0
295589,mscoco,0.07801486477255822,0.24519047122692605,0.09850154146552086,0.26667279020371065,0.0,0.0028735632183908,0.0,0.0025316455696202
442478,mscoco,0.05093895792961121,0.16620809431694522,0.0913874089717865,0.22138073301819933,0.0,0.0108695652173913,0.0,0.0153846153846153
267598,mscoco,0.22963407412171363,0.4667773721578565,0.29713585525751113,0.5074768643594574,0.3,1.0,0.4,1.0
386424,mscoco,0.09336070492863655,0.1852612597709455,0.10075163878500462,0.2786942483875873,0.2,0.3333333333333333,0.1,0.1666666666666666
10727,mscoco,0.11115461885929108,0.26231377264781564,0.15879607163369655,0.43563696296773763,0.0,0.0454545454545454,0.1,0.1
7452,mscoco,0.23437645733356477,0.3426688430497816,0.349403940141201,0.47573981312910496,0.2,0.1666666666666666,0.5,0.5
322560,mscoco,0.05415134280920029,0.14378988107989465,0.07305096425116062,0.2287741562803996,0.3,0.25,0.4,1.0
185849,mscoco,0.06011052262037993,0.14804060808873407,0.0655425664037466,0.203032941525806,0.1,0.1666666666666666,0.0,0.0067567567567567
459827,mscoco,0.03208514340221882,0.10044281529136874,0.04985566958785057,0.15249784078078402,0.0,0.0769230769230769,0.3,0.5
415840,mscoco,0.08900848180055618,0.2872272770469184,0.06581282615661621,0.19800308054745344,0.0,0.0303030303030303,0.0,0.0057471264367816
206274,mscoco,0.08735101744532585,0.2194898933608862,0.0753969520330429,0.21092757756550365,0.1,1.0,0.2,1.0
239888,mscoco,0.13098161071538925,0.3163126096700125,0.1656934030354023,0.3385720244226109,0.1,0.3333333333333333,0.6,0.5
120,drawbench,0.09039890952408314,0.22244257394824477,0.11087257340550423,0.24953879916378208,0.0,0.0,0.0,0.0
309169,mscoco,0.07870577722787857,0.1717136708336216,0.1215282678604126,0.2709016355889108,0.0,0.04,0.2,0.5
112996,mscoco,0.06477742828428745,0.21242707598586402,0.06705048717558384,0.2132150895448903,0.1,1.0,0.1,1.0
459343,mscoco,0.29302194267511367,0.5281106190105629,0.30479155480861664,0.5568612315703054,0.4,1.0,0.7,1.0
471488,mscoco,0.1368201319128275,0.2610836626139351,0.11160381324589252,0.24404962517384166,0.0,0.0024213075060532,0.0,0.025
252919,mscoco,0.21177403926849364,0.3671038380175832,0.22022733241319656,0.42090080924143297,0.3,1.0,0.4,0.5
7945,mscoco,0.0533553222194314,0.1436358638765372,0.06247036475688219,0.2483353594409134,0.0,0.0625,0.1,1.0
162215,mscoco,0.13836164772510529,0.3128125607812989,0.1413242444396019,0.2729106739043032,0.4,0.5,0.6,1.0
193889,mscoco,0.021732403244823218,0.07903719686795084,0.03472742978483438,0.10168660719516891,0.0,0.0070422535211267,0.1,1.0
46,drawbench,0.051346538588404655,0.14474828719203603,0.056218194961547854,0.14171259768479974,0.0,0.0,0.0,0.0
30,drawbench,0.11622483506798745,0.3071941262601144,0.1423251934349537,0.2823181974006842,0.0,0.0,0.0,0.0
386864,mscoco,0.03948097731918097,0.12849772529221767,0.04251254377886653,0.18096941850976148,0.1,0.25,0.2,0.25
232287,mscoco,0.028505731467157604,0.08938889004403767,0.03144176229834557,0.10237238155684074,0.0,0.0204081632653061,0.1,0.5
241027,mscoco,0.2945514351129532,0.5678017499920085,0.23245794773101808,0.4050447184005098,0.6,0.3333333333333333,0.3,0.1666666666666666
213795,mscoco,0.06710953637957573,0.22708027114616858,0.10794790796935558,0.23016673836476387,0.1,0.25,0.2,0.25
12059,mscoco,0.061876529827713966,0.19189702825752775,0.06761488169431687,0.21002636941686534,0.1,1.0,0.1,1.0
162753,mscoco,0.2065503593534231,0.487914479926142,0.25822126418352126,0.5579594439967209,0.2,1.0,0.0,0.0555555555555555
425458,mscoco,0.03563635367900133,0.11407971144711368,0.07327296063303948,0.1873792355864863,0.2,0.5,0.4,0.3333333333333333
368956,mscoco,0.13216606564819813,0.23143138644721922,0.08483776785433292,0.2034050813035454,0.1,0.1,0.0,0.0526315789473684
496410,mscoco,0.03991455342620611,0.11248355100793545,0.04258646015077829,0.15636055432534787,0.1,0.1111111111111111,0.2,0.5
532612,mscoco,0.07642944417893886,0.22238713031135807,0.06821328513324261,0.18425072799519893,0.1,1.0,0.0,0.0625
230837,mscoco,0.10261757262051105,0.23863357919661868,0.1438087895512581,0.29261572932649305,0.0,0.0196078431372549,0.0,0.0769230769230769
460882,mscoco,0.38708372712135314,0.6532948973238852,0.39983141273260114,0.5430084953174794,0.4,0.5,0.3,0.5
485852,mscoco,0.048078345321118834,0.1406541317200543,0.10316802747547626,0.19574600777888748,0.1,0.3333333333333333,0.0,0.0416666666666666
72342,mscoco,0.13085609599947928,0.24947692391626464,0.13951287046074867,0.3422755207858762,0.2,1.0,0.1,0.2
81017,mscoco,0.20712653920054436,0.3367472423736918,0.2285378471016884,0.4017075706028139,0.0,0.0909090909090909,0.1,0.125
401828,mscoco,0.03739224700257182,0.11448681272659952,0.053367290273308755,0.1834833936694419,0.2,0.1666666666666666,0.2,1.0
554138,mscoco,0.16053921356797218,0.2731378126097812,0.35913277566432955,0.5254877940631522,0.0,0.0666666666666666,0.1,0.1111111111111111
321742,mscoco,0.2632724791765213,0.3965921167101109,0.2718396469950676,0.48108346291640236,0.4,1.0,0.7,1.0
574384,mscoco,0.19223523736000062,0.35007338657681586,0.16896139606833457,0.3870682969359574,0.0,0.002020202020202,0.0,0.0014306151645207
446557,mscoco,0.08576150760054588,0.2394314699261695,0.08424010761082172,0.2095310517200879,0.1,0.1428571428571428,0.0,0.05
253498,mscoco,0.12233898006379604,0.24973065882306766,0.14833934232592583,0.45567080174217744,0.1,0.3333333333333333,0.4,0.25
448251,mscoco,0.07444063983857632,0.1801798836071043,0.06985196806490421,0.17401771028063448,0.1,0.5,0.0,0.0188679245283018
116622,mscoco,0.3930327624082565,0.5623378364753041,0.3752498686313629,0.7498208463179183,0.3,1.0,0.3,0.3333333333333333
486899,mscoco,0.11916199512779713,0.2241383150839922,0.11264632493257523,0.2772518978293614,0.2,1.0,0.0,0.0178571428571428
59295,mscoco,0.0980360072106123,0.2585068713453816,0.11975816786289215,0.3606206007228421,0.1,1.0,0.1,0.2
289012,mscoco,0.0752695694565773,0.17941702683657407,0.06874347236007453,0.21268508383991236,0.1,0.2,0.1,1.0
435902,mscoco,0.2718913435935974,0.4337820546390598,0.33614825159311296,0.4515341841814964,0.2,0.25,0.6,1.0
480518,mscoco,0.1288451474159956,0.29392508392304917,0.11190746538341045,0.3394036206814597,0.5,0.5,0.4,1.0
39272,mscoco,0.1471216656267643,0.2831425432239881,0.13850494734942914,0.3152313311362255,0.1,0.5,0.1,1.0
558579,mscoco,0.04299905886873603,0.162410989741784,0.04589335266500712,0.12104807798723698,0.2,1.0,0.2,0.2
143348,mscoco,0.23429661095142365,0.39326366331599966,0.3041656747460365,0.5163257621389545,0.1,1.0,0.4,0.2
16961,mscoco,0.04513980280607939,0.13641810905461166,0.04600921459496021,0.14160669223764297,0.1,0.5,0.1,0.1428571428571428
489939,mscoco,0.052564460411667825,0.17091310670312962,0.09771184995770454,0.2594179910891047,0.0,0.0116279069767441,0.1,0.3333333333333333
185281,mscoco,0.1274328326806426,0.46336240574713045,0.12486069947481156,0.4693628213656758,0.2,1.0,0.2,1.0
500622,mscoco,0.030525660328567027,0.08693754732886122,0.029078173637390136,0.09002925137886444,0.1,1.0,0.1,0.5
220772,mscoco,0.11654489524662495,0.24208535934410996,0.08361558467149735,0.26044812095398967,0.0,0.0060240963855421,0.0,0.0068965517241379
550400,mscoco,0.09381783157587051,0.23232665527526034,0.09321264550089836,0.24351739475823578,0.2,1.0,0.2,1.0
378906,mscoco,0.08869744911789894,0.18908538698912425,0.060112029686570166,0.19572666844666473,0.0,0.0769230769230769,0.1,1.0
542111,mscoco,0.20983495861291884,0.48245277441330126,0.32984017580747604,0.4951475528452474,0.1,0.1,0.0,0.0666666666666666
3217,mscoco,0.2476813957095146,0.550940447195174,0.2858603298664093,0.4419475064720277,0.4,1.0,0.4,0.5
96625,mscoco,0.0361629543825984,0.12272835676295242,0.06724897138774395,0.1892194202797257,0.1,0.5,0.4,1.0
60328,mscoco,0.19535491988062859,0.3818331674723202,0.3301868125796318,0.5246916016248426,0.1,0.1666666666666666,0.3,0.1666666666666666
402287,mscoco,0.04908448904752731,0.17284336459718605,0.0562269801273942,0.17599021108702684,0.3,1.0,0.4,0.25
517909,mscoco,0.035841636918485166,0.09716760277577849,0.04037169236689806,0.14382254367326075,0.1,0.5,0.0,0.0285714285714285
113233,mscoco,0.04149956004694104,0.10854453603133703,0.07845341674983501,0.19445185873349438,0.0,0.0072463768115942,0.1,1.0
77181,mscoco,0.054591535963118075,0.15304147670817858,0.07719498537480832,0.19186955000897812,0.1,0.5,0.0,0.0024752475247524
371243,mscoco,0.12896378263831138,0.2823671962038264,0.23953551650047303,0.523623105204294,0.0,0.0666666666666666,0.8,1.0
146656,mscoco,0.0993862770497799,0.23647437798525603,0.13525326885282993,0.2617120411536385,0.1,0.2,0.0,0.0666666666666666
430688,mscoco,0.016244096774607898,0.05204088589630342,0.014401025045663119,0.05866314201819113,0.1,0.25,0.1,1.0
143449,mscoco,0.08307881727814674,0.22234679776340907,0.11244533136487007,0.2933497951648541,0.5,1.0,0.3,1.0
57433,mscoco,0.22422420158982276,0.40876962544342976,0.2686164855957031,0.5079697446393282,0.1,0.2,0.0,0.0769230769230769
298736,mscoco,0.0881511464715004,0.23387700992705251,0.13268139585852623,0.28577378362781125,0.1,1.0,0.4,1.0
406550,mscoco,0.23416202738881112,0.43742950642854134,0.1845453627407551,0.3712097455798603,0.1,0.1428571428571428,0.0,0.037037037037037
561903,mscoco,0.051847050338983534,0.17124673167256155,0.059286609292030334,0.17646415806628277,0.0,0.0476190476190476,0.1,1.0
227699,mscoco,0.33118564933538436,0.6826014078052925,0.34696456640958784,0.6604605040397399,0.4,1.0,0.4,0.5
59821,mscoco,0.0638342835009098,0.18581937164962514,0.08320643659681082,0.2187920309128865,0.0,0.0083333333333333,0.0,0.04
265612,mscoco,0.07410316560417414,0.203922296648715,0.058715954050421716,0.19866590972688214,0.3,1.0,0.2,1.0
24591,mscoco,0.09201570078730584,0.24730203695299766,0.16575754806399345,0.3522480043257513,0.0,0.0714285714285714,0.3,0.5
71,drawbench,0.18570278212428093,0.2903852534538544,0.15688508599996567,0.36855225976451644,0.0,0.000432525951557,0.0,0.0008771929824561
35,drawbench,0.3046305261552334,0.5886901859446314,0.34793761074543,0.5597805922036948,0.0,0.0454545454545454,0.0,0.0133333333333333
317833,mscoco,0.09020311534404754,0.20920800375556065,0.18169402219355107,0.3982874374560284,0.1,0.25,0.0,0.0454545454545454
544583,mscoco,0.24621861353516578,0.44643277872456255,0.45473951697349546,0.5994509301903824,0.0,0.0666666666666666,0.7,0.5
514544,mscoco,0.15786416679620743,0.2758146364032973,0.13663329556584358,0.32201117234339016,0.5,1.0,0.4,1.0
160199,mscoco,0.08617039695382119,0.20574177200678043,0.1200566329061985,0.290649973726908,0.1,0.125,0.3,0.5
156445,mscoco,0.18543388992547988,0.4631221981536113,0.24537988305091857,0.3819884279858477,0.2,1.0,0.4,1.0
46686,mscoco,0.1422819748520851,0.3224867336244766,0.10586160495877266,0.2276975735050853,0.2,1.0,0.2,0.3333333333333333
563457,mscoco,0.04642105177044868,0.13623034700852066,0.051961972191929814,0.14325234798951583,0.2,0.5,0.2,1.0
520848,mscoco,0.12667033933103083,0.30151025637824685,0.13166766464710236,0.2694376002563849,0.4,1.0,0.5,0.25
433992,mscoco,0.10634402558207512,0.2314231056064845,0.1143140286207199,0.30288698088797694,0.0,0.0031746031746031,0.1,0.1666666666666666
415464,mscoco,0.08244178853929043,0.2375012695138096,0.08350144885480404,0.22344431321334857,0.0,0.0136986301369863,0.0,0.0045871559633027
62543,mscoco,0.24590250551700593,0.35232381422656683,0.2781098112463951,0.4835355744926784,0.3,0.2,0.7,0.5
123175,mscoco,0.2014480710029602,0.4638684926632628,0.18729108050465584,0.40200213138496727,0.4,1.0,0.3,1.0
65383,mscoco,0.5239432774484157,0.7614435139360255,0.5668213635683059,0.7653570347221984,0.3,0.5,1.0,1.0
544001,mscoco,0.12802628986537457,0.2864549560532804,0.21486780941486358,0.4349995731417752,0.4,1.0,0.2,0.1428571428571428
41104,mscoco,0.3396242201328278,0.5904123197242359,0.3727765142917633,0.5887785439020478,0.5,1.0,0.5,1.0
355193,mscoco,0.6302166938781738,0.7685560727338016,0.6937063217163086,0.8751423030985652,1.0,1.0,1.0,1.0
500940,mscoco,0.013830854604020715,0.04499732002141888,0.014874913357198238,0.05858220119410259,0.1,1.0,0.1,0.5
429142,mscoco,0.038478587940335277,0.11031600796557592,0.06131353992968798,0.1891851368388567,0.0,0.01,0.1,1.0
125252,mscoco,0.06806107573211193,0.1794821387018407,0.06877229809761047,0.16824012269114005,0.2,0.5,0.2,0.5
14683,mscoco,0.272951328009367,0.5765920802149755,0.33606033176183703,0.46767371691518855,0.2,1.0,0.3,1.0
109,drawbench,0.05857021901756525,0.13297856755877002,0.07640425600111485,0.22528714463659363,0.1,0.1428571428571428,0.0,0.0135135135135135
391662,mscoco,0.06308346949517726,0.18050802071327013,0.06937434785068035,0.1902373636365199,0.1,0.25,0.4,0.5
409131,mscoco,0.13143028765916825,0.25284968403304087,0.18826425075531006,0.3791550392270031,0.2,0.5,0.4,1.0
478880,mscoco,0.27138167843222616,0.5243165296188724,0.2708980172872543,0.4500774559515841,0.0,0.05,0.2,0.5
230972,mscoco,0.07080752961337566,0.18181693314410458,0.10064042620360851,0.24940928923644334,0.1,1.0,0.1,0.3333333333333333
233093,mscoco,0.018622435349971055,0.0612639446276206,0.019736184179782866,0.06465808701699904,0.0,0.0064102564102564,0.0,0.0023364485981308
143,drawbench,0.013278985535725952,0.046851426525291284,0.011971203703433275,0.0494701797294334,0.0,0.0,0.0,0.0
59918,mscoco,0.3120999798178673,0.505417598828849,0.3709035187959671,0.6078933569140429,0.2,1.0,0.7,1.0
575958,mscoco,0.08192794509232044,0.21150154460481727,0.07889816518872976,0.19753013170865327,0.0,0.0101010101010101,0.1,0.5
381160,mscoco,0.43332561329007147,0.7880777094640603,0.26770143806934354,0.4643234696791552,0.0,0.0714285714285714,0.1,0.5
229067,mscoco,0.33131112456321715,0.41378910274932995,0.4165985882282257,0.6009723353988932,0.6,0.3333333333333333,0.6,1.0
412780,mscoco,0.09424024783074855,0.24705393527654343,0.15357721820473672,0.27305902942704596,0.0,0.0476190476190476,0.2,0.1428571428571428
515655,mscoco,0.06543842740356923,0.1776350384413635,0.05492888856679201,0.16586880932458611,0.0,0.0526315789473684,0.1,0.25
385037,mscoco,0.27193680331110953,0.4947120758385824,0.29645896703004837,0.46926064370066434,0.6,1.0,0.6,0.5
30281,mscoco,0.3382134437561035,0.597223186467294,0.3801948010921478,0.5887883331502497,0.4,0.3333333333333333,0.5,0.3333333333333333
85472,mscoco,0.35258654952049256,0.6175807902650228,0.4250182330608368,0.6791735810277536,0.8,1.0,0.9,1.0
262146,mscoco,0.11282138489186763,0.24603202445073769,0.21796086430549622,0.419412788970665,0.0,0.0833333333333333,0.5,1.0
85155,mscoco,0.2653535701334476,0.5455939034214192,0.26166578084230424,0.5357359342799253,0.4,1.0,0.3,0.5
406250,mscoco,0.2930665485560894,0.5161095739022253,0.3039341300725937,0.6497298040651469,0.3,1.0,0.5,0.5
172143,mscoco,0.015006362367421389,0.05903545342061167,0.029406206170096993,0.10614284500772962,0.0,0.0625,0.1,0.5
455667,mscoco,0.23796365559101104,0.4358164837495511,0.25122129172086716,0.47302574397939945,0.3,0.2,0.6,1.0
169006,mscoco,0.1717279553413391,0.3128784001103279,0.17507861107587813,0.47536683795407053,0.2,0.5,0.4,0.5
173109,mscoco,0.05264298347756267,0.16944334896348331,0.0703751266002655,0.1856191115431292,0.1,1.0,0.2,1.0
192322,mscoco,0.18265073746442795,0.39034381633056275,0.18547966293990611,0.3763462931644169,0.9,1.0,0.8,1.0
222266,mscoco,0.1258397616446018,0.27680448826511633,0.12376450784504414,0.26484984393700506,0.3,1.0,0.3,1.0
325806,mscoco,0.2743749149143696,0.5221097875671084,0.2846741661429405,0.5500210547356844,0.2,1.0,0.5,0.3333333333333333
449537,mscoco,0.14981117397546767,0.34563556681609287,0.2501038983464241,0.4701621854376146,0.0,0.00625,0.0,0.0555555555555555
145284,mscoco,0.1042424976825714,0.22105880413461554,0.1275673933327198,0.3552286633078019,0.1,0.5,0.0,0.0909090909090909
465058,mscoco,0.2803201124072075,0.5412937940913054,0.4813661158084869,0.6946894790457855,0.3,0.5,0.9,1.0
165893,mscoco,0.03825465478003025,0.14893188616146813,0.06939656995236873,0.2119909632985224,0.1,1.0,0.1,1.0
537157,mscoco,0.1314913123846054,0.2831512112369096,0.1389328770339489,0.3641098852495533,0.0,0.0909090909090909,0.1,1.0
426323,mscoco,0.012321477523073554,0.050100496376557134,0.01632034438662231,0.054144065166817315,0.1,1.0,0.1,1.0
92280,mscoco,0.1355906154960394,0.3249596702808518,0.12933735363185406,0.2998943703035397,0.2,1.0,0.4,1.0
319118,mscoco,0.12519341595470906,0.36430046544710093,0.17890564277768134,0.37574576156022593,0.3,1.0,0.5,0.5
234713,mscoco,0.16987800374627113,0.3082023176657977,0.16508742421865463,0.3037792049037262,0.9,1.0,1.0,1.0
379165,mscoco,0.18612435609102249,0.32673019854755,0.17170869186520576,0.39657065745676273,0.1,0.125,0.3,1.0
26551,mscoco,0.06220409534871578,0.1565615003767644,0.05724357794970274,0.19366067418601057,0.0,0.0303030303030303,0.3,1.0
280242,mscoco,0.1381768047809601,0.2622169230883252,0.15891028046607972,0.3243316095402819,0.2,0.2,0.1,0.1111111111111111
260307,mscoco,0.04659957215189934,0.15642252406906043,0.07329096850007773,0.17359122693634077,0.0,0.0070422535211267,0.0,0.0526315789473684
433168,mscoco,0.10877220854163169,0.22265509300794986,0.0907447423785925,0.2479986306582372,0.3,1.0,0.3,1.0
319043,mscoco,0.11206404343247414,0.24310910321401957,0.147063197940588,0.2938377966738187,0.1,0.25,0.3,0.25
381994,mscoco,0.05585481468588114,0.1861705720897703,0.07283655665814877,0.16630982304398623,0.0,0.0151515151515151,0.1,0.25
206044,mscoco,0.17462687343358993,0.41982530737322854,0.19544216021895408,0.4461167411974535,0.1,1.0,0.1,1.0
211312,mscoco,0.03640734581276774,0.10522800486508913,0.04941160548478365,0.13614556204676834,0.0,0.0188679245283018,0.1,1.0
42196,mscoco,0.1469987377524376,0.26028854523413697,0.16632630079984664,0.3196228985212743,0.0,0.0833333333333333,0.6,1.0
497096,mscoco,0.10210120975971222,0.26635596982026594,0.19596010446548462,0.4275161002165433,0.1,0.1666666666666666,0.4,0.2
81,mscoco,0.328448548913002,0.5234495210945066,0.32088355273008345,0.5538119949514629,0.0,0.0119047619047619,0.0,0.0256410256410256
486123,mscoco,0.07232406400144101,0.2251286091720978,0.05635089501738548,0.16894658673691448,0.0,0.0476190476190476,0.1,0.125
322,mscoco,0.040207378752529624,0.1255900508233506,0.05514725223183632,0.1693398154755944,0.1,0.1666666666666666,0.1,0.125
493294,mscoco,0.17823446467518805,0.37651394939995236,0.20095740370452403,0.43679892666224984,0.0,0.005,0.2,0.1428571428571428
187090,mscoco,0.17312929034233093,0.31368945447871427,0.30285107493400576,0.5402397680610683,0.6,0.25,0.8,1.0
372902,mscoco,0.03267355002462864,0.1188895560000034,0.03906065057963133,0.1336641759009881,0.1,1.0,0.1,1.0
293979,mscoco,0.2739649310708046,0.47215794149225815,0.30897416919469833,0.42159562894606056,0.3,1.0,0.3,0.5
417090,mscoco,0.01782940560951829,0.0684461701936165,0.02356790443882346,0.07333391712468096,0.0,0.0109890109890109,0.1,1.0
422172,mscoco,0.03965046275407076,0.13689522735014095,0.03916132766753435,0.1466427480605522,0.1,0.5,0.1,1.0
280988,mscoco,0.035983786731958387,0.11891520480807327,0.04615070261061192,0.13440361179156549,0.1,0.25,0.1,1.0
227558,mscoco,0.09780600965023041,0.24001274672029924,0.10796000771224498,0.3308035281185109,0.6,0.5,0.9,1.0
348006,mscoco,0.03531331773847342,0.13297543547418025,0.04256951231509447,0.12869423736385505,0.1,0.25,0.1,1.0
166716,mscoco,0.04878102708607912,0.14672929123387699,0.11242162175476551,0.23240534213556535,0.0,0.0625,0.0,0.0138888888888888
124018,mscoco,0.3468166798353195,0.5657607351932823,0.4384485185146332,0.7322376031714714,0.4,1.0,0.7,1.0
373792,mscoco,0.09637393057346344,0.32726270234658683,0.13707588464021683,0.29168028072630425,0.5,1.0,0.7,0.5
334364,mscoco,0.03307261359877885,0.10940763344928785,0.04575395272113383,0.16216836858251177,0.1,0.2,0.1,1.0
196473,mscoco,0.05232107937335968,0.1448987980140421,0.05952862501144409,0.16719886202922843,0.7,1.0,0.6,1.0
361866,mscoco,0.10743275471031666,0.20360220093534387,0.08595408275723457,0.2313968462223828,0.1,0.1,0.4,0.5
468932,mscoco,0.06359102595597506,0.21370601742144582,0.06965219974517822,0.2500894364924093,0.1,0.1428571428571428,0.1,0.5
447354,mscoco,0.22876749262213708,0.4966571365977529,0.18110062405467034,0.4305896242739506,0.3,1.0,0.2,1.0
85846,mscoco,0.09275278560817242,0.24910786584790223,0.11236920282244682,0.2259188669479456,0.1,1.0,0.0,0.0035971223021582
173631,mscoco,0.08602267913520337,0.2214872195524108,0.0869497835636139,0.2132652726025729,0.1,1.0,0.3,1.0
266805,mscoco,0.07760790400207043,0.17735179671987378,0.1425507865846157,0.3320212536638151,0.0,0.0256410256410256,0.3,1.0
299662,mscoco,0.1566125139594078,0.3515135185875773,0.18661820329725742,0.30163884009658615,0.0,0.0666666666666666,0.0,0.0068027210884353
569520,mscoco,0.0406449556350708,0.10433273899069265,0.05820298306643963,0.14392401866326499,0.1,0.125,0.2,1.0
193,drawbench,0.05844622440636158,0.1709931637020979,0.06461543552577495,0.17845541397201437,0.0,0.0,0.0,0.0
205356,mscoco,0.07239782307296991,0.15785463677117553,0.08470513187348842,0.21357059730747807,0.0,0.0555555555555555,0.1,0.1666666666666666
119,drawbench,0.10535892210900784,0.25741602479305303,0.06353697208687663,0.16464795393072704,0.0,0.0,0.0,0.0
394814,mscoco,0.06811190210282803,0.2425099124763847,0.07531022988259792,0.20908841656102403,0.0,0.0384615384615384,0.2,0.25
204940,mscoco,0.21510285139083862,0.3129135849699365,0.2760465756058693,0.4281714568412967,0.2,0.3333333333333333,0.3,1.0
167740,mscoco,0.38440415561199187,0.7025846442297589,0.44301445186138155,0.5278935576631341,0.0,0.0769230769230769,0.1,0.2
544590,mscoco,0.20544770509004592,0.42301589908822607,0.1610723055899143,0.44775118350129534,0.5,0.5,0.4,1.0
344974,mscoco,0.17740864530205727,0.36535167802955243,0.1498570151627064,0.3447861565384552,0.1,1.0,0.1,0.3333333333333333
440434,mscoco,0.024674842972308396,0.10264515472388588,0.04590593744069338,0.13413755293085114,0.1,1.0,0.1,0.1666666666666666
30752,mscoco,0.13518925458192826,0.362717954866961,0.14009756818413735,0.3240946718880874,0.4,1.0,0.6,1.0
288975,mscoco,0.133766620606184,0.32288953893457567,0.15679940953850746,0.3504793738945364,0.0,0.0114942528735632,0.1,0.2
45966,mscoco,0.008718944364227354,0.024558010608376663,0.012348101194947957,0.046907646741978185,0.1,1.0,0.0,0.037037037037037
136042,mscoco,0.021524904388934375,0.07103641759619268,0.02978553231805563,0.10569733395163712,0.1,0.25,0.1,0.1428571428571428
369514,mscoco,0.1620239794254303,0.31107011137344565,0.19297960177063941,0.3463670503442555,0.1,1.0,0.0,0.0666666666666666
483525,mscoco,0.19188496693968773,0.39148757951491603,0.20475930571556092,0.3517305325412782,0.2,0.1666666666666666,0.3,1.0
280347,mscoco,0.13476792871952056,0.23921284567453743,0.13092946112155915,0.2983442322304828,0.3,1.0,0.5,1.0
411343,mscoco,0.2217663809657097,0.35642698054388355,0.28870194107294084,0.47285042987280024,0.3,0.1428571428571428,0.8,0.5
567803,mscoco,0.5644383549690246,0.7040977963888797,0.6528970837593079,0.7897207497768925,0.2,0.3333333333333333,0.3,1.0
217458,mscoco,0.008087801048532128,0.03345504979567597,0.012374788243323564,0.046368910974975544,0.1,0.1666666666666666,0.1,1.0
166430,mscoco,0.060441280528903005,0.1584517555762436,0.06139906570315361,0.16655265951403592,0.1,0.3333333333333333,0.0,0.0666666666666666
556597,mscoco,0.18752432912588118,0.3933101324711842,0.2462703727185726,0.4027486545072215,0.0,0.0434782608695652,0.3,0.25
365556,mscoco,0.5971147418022156,0.8368014917006473,0.6100591599941254,0.7523442348611047,0.3,1.0,0.3,0.5
20987,mscoco,0.05939125195145607,0.1949165017488135,0.08823781572282315,0.2400760027310664,0.0,0.0263157894736842,0.1,1.0
162031,mscoco,0.03914008252322674,0.13920801432832117,0.04163489285856485,0.13344950761591443,0.2,1.0,0.2,1.0
485955,mscoco,0.012310642842203378,0.05366239171331141,0.01506968168541789,0.07746869565564471,0.1,0.3333333333333333,0.1,1.0
202307,mscoco,0.28384445458650587,0.4232787675958026,0.3238200441002846,0.5961939824409436,0.5,0.5,0.9,1.0
502126,mscoco,0.046606373973190784,0.14470703411490296,0.09873300939798355,0.30514996331955785,0.0,0.0666666666666666,0.1,0.1
10130,mscoco,0.014867915399372577,0.06209285101460052,0.01933309049345553,0.06739430186163235,0.1,1.0,0.1,1.0
33489,mscoco,0.029044242203235628,0.07596481377388063,0.03317818380892277,0.08134432459251117,0.1,0.5,0.1,0.2
167152,mscoco,0.20856287851929664,0.37471907547197647,0.19105030745267867,0.4083385092491038,0.0,0.0294117647058823,0.0,0.0188679245283018
554207,mscoco,0.08755632787942887,0.19161816627895917,0.10673331096768379,0.30295638264367525,0.1,1.0,0.2,0.3333333333333333
162827,mscoco,0.2207339107990265,0.44552088638157633,0.27943296507000925,0.529115869773924,0.1,1.0,0.3,1.0
329217,mscoco,0.07299144435673952,0.20896761058743776,0.07337626172229647,0.1545141342106532,0.1,1.0,0.1,1.0
187194,mscoco,0.07157856244593859,0.19188412522387405,0.06996848899871111,0.19617942435360994,0.1,0.5,0.2,1.0
374357,mscoco,0.1626063235104084,0.3822341053177795,0.19727446660399436,0.3976181724158859,0.5,1.0,0.9,1.0
240976,mscoco,0.07748128995299339,0.20399281231413696,0.09463304542005062,0.25446721636728414,0.1,0.3333333333333333,0.0,0.0666666666666666
558171,mscoco,0.13249691464006902,0.36623023822878287,0.1914199821650982,0.3768315564787102,0.0,0.0068965517241379,0.0,0.0625
126714,mscoco,0.024023729469627143,0.08395730871988077,0.041580168344080445,0.14178882233247408,0.0,0.0006361323155216,0.1,0.2
132652,mscoco,0.26442146450281145,0.4832133092716167,0.40081638693809507,0.5873888832762061,0.7,1.0,0.8,1.0
87272,mscoco,0.03640802558511495,0.14766618804270934,0.050435207597911355,0.1740899249393432,0.1,1.0,0.2,1.0
18973,mscoco,0.048388047702610494,0.1344936869233496,0.07317745424807072,0.17201566677494465,0.2,1.0,0.0,0.0833333333333333
214261,mscoco,0.13432271629571915,0.3481307609155963,0.13420359343290328,0.33966365197298515,0.3,1.0,0.3,1.0
44136,mscoco,0.02074555801227689,0.07527932967677366,0.022621504589915277,0.07291889640997118,0.1,0.1,0.0,0.0769230769230769
204020,mscoco,0.008067283243872226,0.028147837702787025,0.007716749864630401,0.028196355174613,0.0,0.0088495575221238,0.1,0.3333333333333333
226848,mscoco,0.2502446502447128,0.3855716308304768,0.23066524416208267,0.4026218967158375,0.3,0.1666666666666666,0.7,1.0
303570,mscoco,0.12518418282270433,0.24848854904355894,0.14528382793068886,0.2799720162675954,0.1,0.1111111111111111,0.0,0.0909090909090909
399983,mscoco,0.1740251038223505,0.29224366684333497,0.24509164988994597,0.5893543712935,0.1,0.125,0.3,1.0
168843,mscoco,0.07054618280380964,0.20008589048751438,0.07852061465382576,0.2075227796938048,0.2,1.0,0.2,1.0
369074,mscoco,0.36145285815000533,0.4766447235721358,0.22613853141665458,0.4452084319764815,0.1,1.0,0.2,1.0
364487,mscoco,0.0803263958543539,0.22202386431517177,0.08733189292252064,0.20424713265701477,0.0,0.0085470085470085,0.0,0.0051282051282051
232546,mscoco,0.08266213499009609,0.26515463506165976,0.06981784775853157,0.18159552792493486,0.1,0.5,0.0,0.0052910052910052
159,drawbench,0.023244126792997123,0.08092574189819603,0.027157160080969335,0.07944858827540904,0.0,9.588095420725627e-06,0.0,1.7944300890037325e-05
329336,mscoco,0.07322336211800576,0.2214541160750281,0.06880263667553663,0.1715602267529468,0.0,0.0476190476190476,0.0,0.0769230769230769
229481,mscoco,0.06860692463815213,0.2138541625841453,0.11402113810181617,0.3005550833573073,0.0,0.04,0.2,0.25
528575,mscoco,0.1503878954797983,0.3069343008080755,0.11032328046858311,0.22213346640956158,0.1,1.0,0.1,1.0
3694,mscoco,0.1411809019744396,0.2718998286303578,0.2392471879720688,0.5727567564646491,0.0,0.0909090909090909,0.4,1.0
417016,mscoco,0.16660658568143843,0.302093299790884,0.29565912336111067,0.4978079980905904,0.1,0.1666666666666666,0.2,0.1666666666666666
251418,mscoco,0.04491888917982578,0.13285712627241283,0.05415636319667101,0.13837747251416585,0.0,0.0476190476190476,0.0,0.0263157894736842
547866,mscoco,0.15996532142162323,0.3464596812630843,0.17167747467756272,0.39144727884519964,0.3,0.5,0.4,0.5
166998,mscoco,0.15747758969664574,0.30692454344923714,0.24890605509281158,0.46265434224775204,0.4,0.3333333333333333,0.6,1.0
570864,mscoco,0.06461753696203232,0.16862776156741324,0.040866279043257236,0.12568694442004918,0.6,1.0,0.4,0.5
462445,mscoco,0.04866311941295862,0.17041127690957528,0.042470739036798474,0.16625856282184723,0.1,1.0,0.1,1.0
300661,mscoco,0.032277562469244,0.0864885511351076,0.035534522868692874,0.10921580442708852,0.1,0.1666666666666666,0.1,1.0
169502,mscoco,0.18059075102210045,0.3362869302202527,0.12350246608257294,0.2725042627868082,0.1,0.2,0.1,1.0
66144,mscoco,0.07456097397953272,0.20384510778896886,0.08899063132703304,0.19089899937313962,0.1,0.1,0.1,1.0
269843,mscoco,0.07253218349069357,0.22127234506257082,0.0876759234815836,0.20314255723494676,0.1,0.25,0.1,1.0
54938,mscoco,0.09574860408902168,0.23190172121625274,0.08762073293328285,0.23075967519119675,0.0,0.0175438596491228,0.0,0.04
27390,mscoco,0.07189001552760602,0.18644527532706456,0.08828542605042458,0.24713303067542913,0.1,0.1666666666666666,0.1,0.3333333333333333
521978,mscoco,0.19784342870116234,0.4782351496162791,0.21659535989165307,0.599107251050897,0.1,1.0,0.1,0.5
429433,mscoco,0.07169278440997004,0.16476746482791654,0.07450197376310826,0.20106178934869773,0.1,0.25,0.0,0.0093457943925233
134,drawbench,0.11072409525513649,0.23774061749016695,0.09175963699817657,0.23522383120432602,0.0,2.6367136001687492e-05,0.0,0.0021231422505307
378621,mscoco,0.04708850868046284,0.1383039883481606,0.07531198300421238,0.2017925211149698,0.1,0.1111111111111111,0.0,0.0476190476190476
222948,mscoco,0.06979570090770722,0.20305284978076038,0.08488244377076626,0.23426106066725666,0.0,0.0056497175141242,0.1,0.3333333333333333
77,drawbench,0.09657447189092636,0.2769458776233397,0.09619070887565613,0.25978233838403875,0.0,0.0095238095238095,0.0,0.0084033613445378
124903,mscoco,0.33668228685855867,0.4047129479613875,0.4629213035106659,0.6971699466229839,0.1,0.3333333333333333,0.8,1.0
359375,mscoco,0.04008075725287199,0.12257313957902342,0.050484244525432584,0.11773371098688999,0.1,0.5,0.1,0.5
244760,mscoco,0.09958399944007397,0.22315662241395415,0.12413185238838195,0.2756061594843967,0.7,1.0,0.8,1.0
83097,mscoco,0.04017496332526207,0.13010620285686675,0.038344813697040084,0.13481890679563843,0.3,0.2,0.3,0.3333333333333333
337264,mscoco,0.021361376135610045,0.07872768498025788,0.03333361735567451,0.10470519540531853,0.1,1.0,0.1,1.0
145921,mscoco,0.20273353308439254,0.3588018253809672,0.22963412702083588,0.48283547036629926,0.2,0.2,0.0,0.0833333333333333
422155,mscoco,0.10558465290814638,0.3536729103579143,0.07502706348896027,0.18999143042988323,0.5,1.0,0.8,1.0
451969,mscoco,0.07768719252198934,0.16343967830278994,0.10421390309929848,0.2455281369688007,0.1,0.1666666666666666,0.1,0.2
484344,mscoco,0.06077739987522364,0.1758327028084415,0.08053916282951831,0.2426200192938893,0.2,0.25,0.3,0.3333333333333333
488952,mscoco,0.2297003835439682,0.44617223555366936,0.25435961186885836,0.3186341187956536,0.1,0.1666666666666666,0.1,1.0
67163,mscoco,0.077504114061594,0.2234616645454355,0.06676517985761166,0.19619311573604364,0.1,1.0,0.1,0.3333333333333333
521068,mscoco,0.05277811419218779,0.18295455533269908,0.06255710907280446,0.17042894146319792,0.1,0.1,0.0,0.0119047619047619
424340,mscoco,0.027206524088978768,0.07241112249880385,0.029007475450634958,0.08853118212587054,0.1,0.2,0.0,0.0769230769230769
364491,mscoco,0.17705101370811463,0.35907766892104603,0.18726616203784943,0.3808631652080767,0.2,1.0,0.0,0.0909090909090909
556901,mscoco,0.22041736394166947,0.40863715344840046,0.178440597653389,0.42630252114846207,0.2,0.5,0.0,0.0526315789473684
420826,mscoco,0.3147296905517578,0.5477624234427808,0.33527265191078187,0.5978031927815741,0.2,1.0,0.2,0.3333333333333333
283213,mscoco,0.12209965959191323,0.2663067899436672,0.21314772963523865,0.44835891485314466,0.0,0.0833333333333333,0.2,0.2
214363,mscoco,0.023819901514798403,0.06727528363312922,0.03193533755838871,0.11784275135737418,0.1,0.25,0.1,1.0
165350,mscoco,0.16376701667904853,0.4292497543623522,0.25260851383209226,0.49659579650371105,0.0,0.0909090909090909,0.2,1.0
79806,mscoco,0.0635140234604478,0.1712435294293834,0.07093408834189177,0.19358713177814735,0.0,0.0833333333333333,0.1,0.125
279175,mscoco,0.05620044674724341,0.16981948156612742,0.05042775850743055,0.1386346178220483,0.3,0.5,0.4,1.0
200423,mscoco,0.09023801907896996,0.19267603422121035,0.17728782594203948,0.3496660559232548,0.1,0.1111111111111111,0.2,0.1111111111111111
11041,mscoco,0.2650572508573532,0.511016806838782,0.45529925525188447,0.6163121363822617,0.7,1.0,0.7,0.3333333333333333
61377,mscoco,0.013735204190015792,0.04362405195981624,0.017983568273484705,0.057890926918072495,0.1,0.1,0.1,0.5
499094,mscoco,0.3501569122076035,0.4933797886330532,0.39307827651500704,0.5594131128334129,0.0,0.0476190476190476,0.3,0.25
65,drawbench,0.04420823324471712,0.1408427852216237,0.02522815577685833,0.07954426708398388,0.0,0.0,0.0,0.0
20542,mscoco,0.16015848964452745,0.3291225261030485,0.1945692002773285,0.3390666925491295,0.2,0.3333333333333333,0.2,1.0
295472,mscoco,0.12844849675893782,0.2862751627820383,0.20150932893157006,0.389264529711847,0.2,0.3333333333333333,0.7,1.0
4471,mscoco,0.09125531427562236,0.27581621159416014,0.04876656793057919,0.1490445133380771,0.3,0.5,0.2,0.25
518816,mscoco,0.009764483501203357,0.031519321477196015,0.012992033758200705,0.04507169149680717,0.1,1.0,0.1,0.3333333333333333
267700,mscoco,0.13403938636183738,0.31252744724703285,0.23554077968001366,0.40090935818322676,0.8,1.0,0.5,1.0
436696,mscoco,0.09673054181039334,0.2808827108291278,0.10697855651378632,0.2671329891049306,0.0,0.0833333333333333,0.2,0.5
477351,mscoco,0.03937786975875497,0.12138069202349107,0.0312695499509573,0.10628616814442338,0.2,1.0,0.2,1.0
84084,mscoco,0.08750631809234619,0.21874254646518923,0.1296004131436348,0.2387306707553343,0.1,1.0,0.4,0.5
492314,mscoco,0.21730360984802247,0.45830399077828254,0.39702782332897185,0.5228529071198931,0.1,0.125,0.2,0.3333333333333333
13882,mscoco,0.045588737912476064,0.12712566968724004,0.029316158220171928,0.1081909901957285,0.1,1.0,0.1,1.0
125700,mscoco,0.025083988159894943,0.08778597027550454,0.07191454339772463,0.1683688157170471,0.2,0.5,0.1,1.0
370103,mscoco,0.367529621720314,0.5828776991982187,0.3736612260341644,0.583978616260707,0.3,1.0,0.0,0.0909090909090909
94,drawbench,0.0507914150133729,0.14885780226251172,0.059103944897651674,0.16883488746937997,0.0,0.0769230769230769,0.0,0.0048543689320388
137273,mscoco,0.21322494447231294,0.40629531017840353,0.23744396194815637,0.4647969300320932,0.1,0.5,0.1,1.0
106935,mscoco,0.06852995250374079,0.21894837046858606,0.13066782504320146,0.29635720634864204,0.1,0.1111111111111111,0.1,0.125
797,mscoco,0.267267732322216,0.5139952437921264,0.3256190598011017,0.555747426183545,0.5,0.5,0.6,1.0
107362,mscoco,0.06375565268099308,0.15691159510337865,0.10357987135648727,0.25405505776125487,0.1,0.125,0.3,1.0
81128,mscoco,0.03420252352952957,0.09050241652052704,0.03027338245883584,0.11068767439988354,0.1,0.5,0.1,1.0
442554,mscoco,0.055388984829187395,0.14161222576309512,0.041967741958796975,0.1313848818725032,0.1,1.0,0.1,1.0
19413,mscoco,0.12045304700732232,0.2897001087348401,0.10739867985248566,0.3077267672625954,0.0,0.008,0.0,0.0033444816053511
7583,mscoco,0.07026550136506557,0.1623738861566785,0.08617651015520096,0.2050766739707858,0.0,0.0909090909090909,0.4,1.0
464634,mscoco,0.04374181758612394,0.11101081040298906,0.04070416698232293,0.13802004239323368,0.1,0.5,0.2,1.0
257788,mscoco,0.21763085350394248,0.4489382419124161,0.15255844742059707,0.4951996798884736,0.4,1.0,0.3,0.5
385438,mscoco,0.06566325388848782,0.16284796561226433,0.06318291798233985,0.16356040917125028,0.0,0.04,0.0,0.0833333333333333
275432,mscoco,0.05586104672402144,0.14795547531135458,0.08450876288115979,0.19427699168603946,0.0,0.0232558139534883,0.1,1.0
490582,mscoco,0.09120946377515793,0.3031160871574155,0.13011152613908053,0.3327094541246182,0.1,0.5,0.1,1.0
399880,mscoco,0.09041465520858764,0.2590096214781074,0.10586615689098836,0.2840467716177895,0.2,1.0,0.2,1.0
256903,mscoco,0.23770538493990898,0.3430499615191549,0.3188322722911835,0.5285315626502955,0.0,0.0476190476190476,0.6,0.3333333333333333
2349,mscoco,0.14743200093507766,0.3536032515103075,0.15380024835467337,0.2972011996947822,0.1,0.5,0.1,1.0
70735,mscoco,0.2307568833231926,0.44464852176429187,0.23180533200502396,0.4391006416276991,0.4,0.3333333333333333,0.5,1.0
73634,mscoco,0.04095502700656652,0.11202554730896859,0.05321969334036112,0.16325968996024987,0.4,1.0,0.5,1.0
495131,mscoco,0.016088953195139765,0.056544134022519,0.01609559669159353,0.05665982039045706,0.0,0.0217391304347826,0.1,0.1
548953,mscoco,0.07627070173621178,0.1982143590657699,0.08856975547969341,0.19972399567072022,0.0,0.0119047619047619,0.0,0.0227272727272727
517780,mscoco,0.09615123309195042,0.2640840907376612,0.09072858393192292,0.2654586728880809,0.1,1.0,0.1,1.0
314616,mscoco,0.04667441975325346,0.13410607778031758,0.04235512837767601,0.14576739112730736,0.0,0.0909090909090909,0.1,1.0
51070,mscoco,0.0181319453753531,0.05495530683770373,0.03591479230672121,0.1259110268879015,0.0,0.0048076923076923,0.1,0.5
61761,mscoco,0.0690588379278779,0.23579740552871614,0.08628002908080816,0.23767121363148846,0.3,1.0,0.5,1.0
228657,mscoco,0.16762365475296975,0.32970942799937913,0.31563037931919097,0.4721361668892309,0.1,0.1428571428571428,0.6,0.3333333333333333
328732,mscoco,0.2684176579117775,0.40004010845066656,0.29477195888757707,0.6376421893335888,0.3,0.25,0.3,1.0
152108,mscoco,0.22855457812547683,0.39856441133397147,0.3460929423570633,0.5663928786033147,0.4,1.0,0.7,0.5
309192,mscoco,0.17953262254595756,0.40245530377194566,0.1948011890053749,0.37860212561995915,0.3,1.0,0.2,0.25
28085,mscoco,0.012724237935617565,0.053955298154679025,0.014028920140117408,0.05561411723323291,0.1,1.0,0.1,1.0
392717,mscoco,0.06863139010965824,0.18467294647198412,0.05257328785955906,0.15115136071281884,0.0,0.003731343283582,0.1,1.0
373648,mscoco,0.29319848120212555,0.6294940757812093,0.27908058315515516,0.5315775817922679,0.2,0.5,0.2,0.5
186201,mscoco,0.14230241887271405,0.28903764656309267,0.14203318506479262,0.36383264713797364,0.3,1.0,0.1,0.25
556248,mscoco,0.4021289646625519,0.527689910169324,0.4633236229419708,0.6235408472471223,0.3,0.5,0.1,0.3333333333333333
30631,mscoco,0.04213932305574417,0.11712613987498278,0.05603556130081415,0.1687761294361368,0.0,0.0012165450121654,0.1,0.25
109838,mscoco,0.13539340831339358,0.22988507920430923,0.12666240893304348,0.2651237342041703,0.1,1.0,0.4,0.2
97686,mscoco,0.11759966462850571,0.22822764758757463,0.11432726904749871,0.25404625473614373,0.1,1.0,0.1,0.1
22559,mscoco,0.0356503589078784,0.14128338851926137,0.04689259445294738,0.15647679001673728,0.1,1.0,0.1,1.0
163474,mscoco,0.10345148853957653,0.27854248417902067,0.1297367237508297,0.3181938429853092,0.0,0.0069930069930069,0.0,0.05
23489,mscoco,0.22883318774402142,0.4723456105272739,0.19959094226360322,0.3801437897142616,0.6,1.0,0.8,1.0
460417,mscoco,0.0571541452780366,0.14074830007935188,0.053602585755288604,0.14409503979739127,0.0,0.0103092783505154,0.1,1.0
143120,mscoco,0.07989035435020923,0.18766282331921805,0.04584204982966185,0.12416952013095407,0.1,0.3333333333333333,0.2,0.5
549649,mscoco,0.051847783476114274,0.15593750884374208,0.032391201332211496,0.15323380827709748,0.1,0.5,0.1,1.0
62132,mscoco,0.024800859857350588,0.07708380191728763,0.033605653792619705,0.08847634808607936,0.1,0.5,0.1,1.0
371157,mscoco,0.05704839825630188,0.20964650879177196,0.03898289343342185,0.14070517385716425,0.0,0.04,0.1,0.1
376009,mscoco,0.02328840969130397,0.0748950896957574,0.03575879735872149,0.11898443927712476,0.1,1.0,0.0,0.0357142857142857
41997,mscoco,0.5584889233112336,0.6501559411281732,0.5424841433763504,0.7517310535494519,0.9,1.0,1.0,1.0
305338,mscoco,0.041322977468371394,0.10784899061004494,0.037864623963832854,0.14767036616815588,0.5,0.5,0.2,1.0
151922,mscoco,0.0302528265863657,0.10018888511238415,0.03375234268605709,0.10875087438824974,0.1,0.1428571428571428,0.3,1.0
169683,mscoco,0.11484024971723557,0.24834585438443288,0.13684038072824478,0.27812196442335935,0.5,1.0,0.7,1.0
504216,mscoco,0.0184488280210644,0.049457396689121656,0.00826800863724202,0.028400570363494,0.1,1.0,0.1,0.5
42215,mscoco,0.4520901471376419,0.6687286616065097,0.3685375012457371,0.5955170920064178,0.5,1.0,0.5,1.0
285607,mscoco,0.2622359037399292,0.4781211135685226,0.3116853639483452,0.5229001660700289,0.0,0.0666666666666666,0.0,0.0192307692307692
345562,mscoco,0.03019215688109398,0.09086417369418824,0.027312886901199818,0.0776769687836207,0.1,0.2,0.1,0.1
155160,mscoco,0.0822445385158062,0.21447934558775827,0.10888131149113178,0.2259635664730364,0.1,1.0,0.1,1.0
576944,mscoco,0.06304528918117284,0.1805579893538732,0.10858949963003398,0.2791656163495581,0.1,0.3333333333333333,0.3,1.0
488360,mscoco,0.02265261709690094,0.07133816771137266,0.03412496382370591,0.10224723767369986,0.1,0.1428571428571428,0.1,0.3333333333333333
20641,mscoco,0.3632973335683346,0.690328661829164,0.3159005269408226,0.5034476010647745,0.2,1.0,0.2,1.0
83268,mscoco,0.13689866103231907,0.24862642697156864,0.0870587520301342,0.2635884143135218,0.1,1.0,0.0,0.037037037037037
203618,mscoco,0.04949140697717667,0.13188271002544463,0.08590793386101722,0.20994844328311785,0.1,0.125,0.1,1.0
301870,mscoco,0.27967007756233214,0.4779011338572892,0.37713295593857765,0.6426038568971332,0.5,1.0,0.6,1.0
424788,mscoco,0.1442890226840973,0.2377006363669774,0.17629263028502465,0.37794140458154046,0.1,1.0,0.5,1.0
292170,mscoco,0.0663233209401369,0.17688141693917317,0.15383435003459453,0.33829613377425427,0.1,0.1111111111111111,0.3,0.5
502823,mscoco,0.19137072786688805,0.4293714156789992,0.20298297330737114,0.3718895818668515,0.2,1.0,0.4,1.0
40531,mscoco,0.1824696533381939,0.35392798847314877,0.16311739161610603,0.313811511819074,0.6,0.3333333333333333,0.8,0.5
162020,mscoco,0.06821977570652962,0.16647950602168535,0.04921576250344515,0.15010233316890229,0.1,0.25,0.1,0.3333333333333333
84853,mscoco,0.13243834301829338,0.30292783954024566,0.1106075331568718,0.24004004436714635,0.5,0.5,0.7,1.0
139839,mscoco,0.062217365205287936,0.195334797555233,0.06903335601091384,0.19090361774549686,0.1,0.125,0.1,0.1666666666666666
163296,mscoco,0.2885840132832527,0.5275918339976294,0.34467855393886565,0.6457563662331354,0.5,0.3333333333333333,0.4,1.0
268644,mscoco,0.21559825390577317,0.5424242565159667,0.2410444438457489,0.44437169650885705,0.7,1.0,0.9,1.0
69283,mscoco,0.010963660571724177,0.048329430464610405,0.01311257747001946,0.05087832386641335,0.0,0.0169491525423728,0.1,1.0
59610,mscoco,0.3601387023925781,0.6215067769094345,0.3739720150828362,0.6385546856842531,0.5,1.0,0.7,1.0
471834,mscoco,0.12986791804432868,0.30505700714480527,0.15061070993542672,0.31926011621824263,0.2,0.3333333333333333,0.7,0.5
15197,mscoco,0.13318365179002284,0.22591445494371398,0.13534538261592388,0.2514978531339699,0.4,0.5,0.6,0.5
343908,mscoco,0.052337295934557916,0.13696600211382243,0.07761175744235516,0.160527524250246,0.0,0.0093457943925233,0.0,0.0208333333333333
451375,mscoco,0.018690432794392108,0.07181278992712585,0.016867664456367493,0.06753446785405874,0.1,0.3333333333333333,0.1,0.5
440027,mscoco,0.09457438997924328,0.2325454160150448,0.11887107491493225,0.24181667291708858,0.2,0.25,0.5,0.5
377777,mscoco,0.06613090559840203,0.14541087667550165,0.06320518888533115,0.2450365709537468,0.0,0.0060240963855421,0.3,1.0
130240,mscoco,0.3044281557202339,0.5227667497654983,0.3999470755457878,0.5364958879629917,0.4,0.25,0.8,0.5
121618,mscoco,0.044138708151876926,0.1277200638529145,0.04317520018666983,0.11781860495745068,0.3,0.5,0.3,0.5
273245,mscoco,0.11290320698171855,0.2796059636474284,0.14033303633332253,0.2638252868379712,0.1,0.2,0.0,0.0714285714285714
187978,mscoco,0.04512239461764693,0.1427151350220039,0.05836324235424399,0.1657404726885705,0.1,0.25,0.1,1.0
395933,mscoco,0.07953200452029704,0.2321764763630445,0.07360573075711727,0.20898111097330244,0.1,0.5,0.1,1.0
247184,mscoco,0.1185999147593975,0.28584799725865434,0.15178951472043992,0.28363868219903066,0.1,0.2,0.4,0.5
198397,mscoco,0.17588117644190787,0.2879375139551102,0.20941667929291724,0.43667454898895075,0.1,0.125,0.4,1.0
266207,mscoco,0.5188926726579666,0.7354024431958898,0.5729293942451477,0.7700608362172681,0.7,1.0,1.0,1.0
324816,mscoco,0.14960083737969398,0.35073336073949146,0.19858164861798286,0.33555877744305773,0.1,0.1111111111111111,0.1,0.25
539311,mscoco,0.08173372149467469,0.2022474182656626,0.08049607910215854,0.18865594798596494,0.1,1.0,0.2,1.0
34,drawbench,0.11562595255672932,0.2689335557504203,0.11745997071266175,0.28491117392462245,0.0,0.0,0.0,0.0
214413,mscoco,0.10272117257118225,0.2454974129515481,0.0740441657602787,0.18758821670736417,0.0,0.0526315789473684,0.1,1.0
521574,mscoco,0.06456618960946799,0.18357377095636002,0.036317214649170634,0.10281875561582814,0.0,0.0007710100231303,0.0,0.0185185185185185
317112,mscoco,0.042934059910476205,0.12072418072134206,0.041933600790798664,0.1350654497718948,0.1,1.0,0.1,0.1111111111111111
552295,mscoco,0.20176293551921845,0.4731379747775879,0.1486174240708351,0.43632841457461374,0.0,0.037037037037037,0.1,0.25
579787,mscoco,0.3062541216611862,0.6114292070820011,0.29132249653339387,0.5761360953374155,0.3,1.0,0.5,1.0
384422,mscoco,0.06561043877154589,0.15552318215575753,0.10120326522737741,0.21980801286695134,0.1,1.0,0.0,0.0434782608695652
531725,mscoco,0.4796161264181137,0.6979799417435106,0.5215684086084366,0.8141695850332981,0.4,0.5,0.7,1.0
491943,mscoco,0.038520628865808246,0.0995473188618451,0.0500280762091279,0.13187130366550107,0.1,0.5,0.1,1.0
56605,mscoco,0.13612234145402907,0.2605706220355603,0.10479795932769775,0.24896693545055484,0.1,0.5,0.4,1.0
444272,mscoco,0.01083678686991334,0.04440768803646232,0.014106271509081125,0.060935850970727644,0.0,0.0217391304347826,0.1,0.3333333333333333
220948,mscoco,0.14458526596426963,0.3553364536808962,0.1741614170372486,0.32234965936600973,0.1,0.1428571428571428,0.8,1.0
265176,mscoco,0.08592960555106402,0.21313696666077298,0.10288294367492198,0.21799446120491983,0.3,1.0,0.3,1.0
186,drawbench,0.10315014570951461,0.25843236437618866,0.14563493691384793,0.3057154333348475,0.0,0.0,0.0,0.0
275835,mscoco,0.10155718363821506,0.27470916055970723,0.09106631390750408,0.2616276849125286,0.2,0.5,0.2,0.1666666666666666
386036,mscoco,0.07770355641841889,0.18009558343369983,0.09247372522950173,0.21431369388306487,0.3,0.5,0.3,0.3333333333333333
165638,mscoco,0.11548817977309227,0.26231153298718823,0.16849381104111671,0.3859519598505841,0.1,0.1428571428571428,0.1,0.1666666666666666
388353,mscoco,0.051248139888048175,0.16429561280022523,0.06626470498740673,0.18992801696681932,0.1,0.125,0.2,1.0
4624,mscoco,0.3038735270500183,0.45776216589789254,0.2665536552667618,0.44871960290063484,0.4,1.0,0.6,1.0
206871,mscoco,0.3828800618648529,0.43636281453582276,0.4537606507539749,0.6964545024136971,0.3,0.3333333333333333,0.4,1.0
516805,mscoco,0.10738922841846943,0.3074721957251114,0.13189263679087163,0.32547793634841965,0.1,1.0,0.1,1.0
531798,mscoco,0.3250013366341591,0.4727461878974161,0.4276158720254898,0.5880854677320693,0.4,0.5,0.5,1.0
89095,mscoco,0.10280618704855442,0.19916855394645916,0.14072453379631042,0.3020774390223274,0.1,0.1666666666666666,0.1,0.1666666666666666
18078,mscoco,0.12245142385363579,0.3209359741952902,0.11598078534007072,0.31788736715424687,0.7,0.5,0.6,1.0
136900,mscoco,0.21613856181502342,0.41112197175587634,0.1876294992864132,0.3373784657165429,0.2,0.125,0.5,0.5
16,drawbench,0.043216237984597686,0.11333113269572305,0.05663606058806181,0.14067184595286356,0.0,0.0,0.0,0.0
350724,mscoco,0.07847249656915664,0.2322050984795792,0.12921667322516442,0.2707555809549269,0.1,0.25,0.1,0.3333333333333333
477195,mscoco,0.044929508585482836,0.14437891670296704,0.037402313016355035,0.10842657787655861,0.6,1.0,0.5,1.0
55059,mscoco,0.07513228021562099,0.23723537828712227,0.11303365901112557,0.2623057157205358,0.1,1.0,0.1,1.0
28214,mscoco,0.03217987758107484,0.11180575357427815,0.030552323535084726,0.1016201714840378,0.2,1.0,0.2,1.0
192812,mscoco,0.050854277797043324,0.15158864086114848,0.06931009124964475,0.15873928975487445,0.1,0.5,0.1,1.0
162717,mscoco,0.023426598776131867,0.06899986939959182,0.0275608591735363,0.10521624557176094,0.1,0.25,0.1,1.0
547136,mscoco,0.16901566199958323,0.3437205003466897,0.2119490910321474,0.3741353114849364,0.1,0.125,0.1,0.1
408182,mscoco,0.06591677470132709,0.1548731601664666,0.0958541626110673,0.2149649246864211,0.1,0.1666666666666666,0.1,0.2
360536,mscoco,0.05629165712743998,0.16222533259927055,0.05697781313210726,0.16594395749475332,0.1,1.0,0.1,1.0
485564,mscoco,0.1133237261325121,0.24467151655342864,0.22009474113583566,0.33683665818041064,0.3,0.3333333333333333,0.3,0.1666666666666666
360695,mscoco,0.45798748955130575,0.5623635561681257,0.5856572717428208,0.6605532565336129,0.4,0.25,0.6,0.5
514483,mscoco,0.06414965968579053,0.19504679814442819,0.09193743355572223,0.21386057865831842,0.1,0.25,0.2,1.0
409918,mscoco,0.06073906756937504,0.1718495311113608,0.07876868434250354,0.21333906756709362,0.1,0.5,0.1,1.0
34333,mscoco,0.019198665767908095,0.05045485660506054,0.01277620457112789,0.04860976914517876,0.1,1.0,0.1,0.5
156915,mscoco,0.09908118546009063,0.21753899894194878,0.10861925594508648,0.29450218998961686,0.1,0.125,0.1,1.0
16520,mscoco,0.25253616869449613,0.5457254825398412,0.21167028844356536,0.42827194014209585,0.1,1.0,0.1,0.5
308441,mscoco,0.2177225425839424,0.38419062292266,0.3311814874410629,0.6442185389697093,0.4,1.0,0.7,1.0
246146,mscoco,0.18044486343860627,0.35341570616210455,0.23762681260704993,0.5110474178499341,0.1,0.125,0.4,1.0
525342,mscoco,0.052893789298832414,0.20968105919979546,0.03684086892753839,0.10804912061906699,0.0,0.0217391304347826,0.1,0.3333333333333333
293306,mscoco,0.08121279180049897,0.3046296237127222,0.10249711163341998,0.2718792570893077,0.0,0.0769230769230769,0.0,0.0050761421319796
163431,mscoco,0.07229562681168318,0.17474190108600088,0.07768313474953174,0.23568561822934256,0.3,0.5,0.2,0.1666666666666666
41265,mscoco,0.16413080021739007,0.3320336735559209,0.13022164329886438,0.31931125683311795,0.1,1.0,0.0,0.0833333333333333
184610,mscoco,0.0343166365288198,0.11718221540935314,0.04369752258062363,0.14231493358270772,0.1,1.0,0.1,0.25
545673,mscoco,0.08530379980802535,0.22109939628262718,0.07447892948985099,0.1952015218990659,0.5,0.5,0.3,0.5
187757,mscoco,0.18134827241301538,0.29434645390350106,0.19215094484388828,0.47754258355687257,0.2,0.2,0.6,0.5
492065,mscoco,0.0519643628038466,0.17536504908935233,0.07568407356739044,0.22084410640295538,0.0,0.0277777777777777,0.2,0.25
352248,mscoco,0.09064857065677642,0.22604273002548958,0.08812948763370514,0.22467892449889276,0.3,1.0,0.3,1.0
360173,mscoco,0.07457918673753738,0.17151422530666818,0.12232793867588043,0.26035309235665827,0.2,0.2,0.5,0.5
443913,mscoco,0.050882769655436276,0.1387080338710047,0.07536744866520166,0.19079324389917948,0.0,0.0476190476190476,0.1,0.1428571428571428
475301,mscoco,0.08544055223464966,0.197244299614376,0.11289068683981895,0.29660643002209575,0.1,0.5,0.3,1.0
196,drawbench,0.06044047549366951,0.16721532673899422,0.05876664742827416,0.17070059971512072,0.0,0.0,0.0,0.0
66192,mscoco,0.10326216630637645,0.24383832390777826,0.18846349082887173,0.4017273821353192,0.1,0.2,0.2,0.2
158950,mscoco,0.08794335499405861,0.36606074887740064,0.13496422842144967,0.28078546989599334,0.2,0.5,0.3,1.0
536278,mscoco,0.4118694379925728,0.6871491850543243,0.33178347796201707,0.41979719048596786,0.9,1.0,0.7,0.5
232417,mscoco,0.14276641625910996,0.33813174792031153,0.18064644951373338,0.2371756786534082,0.0,0.0454545454545454,0.0,0.0072992700729927
395013,mscoco,0.05401431079953909,0.150368763194679,0.06644180081784726,0.2228521552984652,0.3,1.0,0.3,0.5
113839,mscoco,0.24755281135439872,0.4555764317950189,0.24582652524113655,0.5249822099840812,0.6,1.0,0.5,0.5
103512,mscoco,0.08033218495547771,0.17311140174313713,0.10604648739099502,0.2138716250537706,0.0,0.0038022813688212,0.0,0.0094339622641509
47597,mscoco,0.14478974938392639,0.36280615974652014,0.15120250806212426,0.36929943520652403,0.2,1.0,0.1,0.2
197427,mscoco,0.22564920857548715,0.4822667221765406,0.21823547407984734,0.542653207313129,0.7,1.0,0.4,0.3333333333333333
416604,mscoco,0.0327260322868824,0.10089464841865103,0.025165176764130593,0.09721104670280703,0.1,1.0,0.1,1.0
513733,mscoco,0.23780499994754792,0.4255148614881764,0.2573161140084267,0.5198367449550181,0.8,1.0,0.8,1.0
182373,mscoco,0.13716734535992145,0.314990288517307,0.2573075145483017,0.4965485349392614,0.1,0.5,0.8,1.0
561919,mscoco,0.26872955560684203,0.44009469390172534,0.286521539837122,0.6290911107399942,0.2,0.1111111111111111,0.7,1.0
221165,mscoco,0.10612165816128254,0.2558547653200458,0.12678676843643188,0.3068940469128969,0.0,0.0833333333333333,0.0,0.0133333333333333
13,drawbench,0.3321754068136215,0.5170212977848707,0.3558389976620674,0.5025588399079061,0.0,0.003690036900369,0.0,0.0178571428571428
490057,mscoco,0.1335817463696003,0.36749733171823407,0.17049478814005853,0.3881879559050971,0.1,1.0,0.4,1.0
561957,mscoco,0.29539755657315253,0.48709667508893467,0.3171809405088425,0.5676890792963597,0.3,0.5,1.0,1.0
451772,mscoco,0.5732325844466686,0.7881664996894197,0.6348531067371368,0.8427698815289395,0.8,1.0,0.9,1.0
247223,mscoco,0.14549145922064782,0.38027533118731316,0.1386842079460621,0.310256960186384,0.2,1.0,0.2,0.5
532253,mscoco,0.0060517170000821355,0.022007859518844947,0.005811511492356658,0.026602294716503723,0.1,1.0,0.1,1.0
178,drawbench,0.009948156983591616,0.03340279775551745,0.005481189535930753,0.024512142961057252,0.0,0.0,0.0,0.0
15621,mscoco,0.24226017892360688,0.42520709450367783,0.2674670398235321,0.46044814537041623,0.1,0.1,0.5,1.0
161634,mscoco,0.09200851731002331,0.2103304719038342,0.09281609617173672,0.23014381668829087,0.1,0.1,0.1,0.2
33555,mscoco,0.14891371876001358,0.3309352065879349,0.25325440987944603,0.4329732336814534,0.1,0.5,0.2,1.0
59,drawbench,0.10727704875171185,0.26297987475417295,0.11996236555278302,0.3154211533224997,0.0,0.0,0.0,0.0
17869,mscoco,0.05938885919749737,0.18530166929030167,0.08375016301870346,0.2474438235078903,0.0,0.0909090909090909,0.3,0.3333333333333333
378790,mscoco,0.016561540262773632,0.0639915246503524,0.02152152042835951,0.06718515511317269,0.1,0.2,0.2,1.0
248876,mscoco,0.14932343177497387,0.2779223080897439,0.15574272982776166,0.364996092025722,0.0,0.0294117647058823,0.2,1.0
398130,mscoco,0.05034101214259863,0.17682333413318177,0.05876927077770233,0.17724692898811953,0.1,0.5,0.1,0.5
124236,mscoco,0.05520236250013113,0.1435437027938904,0.04574234932661057,0.13931641667139424,0.1,0.1666666666666666,0.1,0.25
441382,mscoco,0.12012428902089596,0.25935747842492857,0.104020594060421,0.26024605039493753,0.2,0.3333333333333333,0.1,1.0
444670,mscoco,0.10148348212242127,0.3197051171362689,0.12133934646844864,0.2665385264578675,0.0,0.03125,0.1,1.0
482665,mscoco,0.20281855389475822,0.3986387294297873,0.11827694699168205,0.45658537647789443,0.1,0.5,0.1,1.0
170766,mscoco,0.06176897268742323,0.15867582337270048,0.08762068971991539,0.21043510886043026,0.1,1.0,0.1,0.5
156904,mscoco,0.07811623197048903,0.18281402957152174,0.07320008967071771,0.1930550454122854,0.2,0.5,0.1,0.3333333333333333
313156,mscoco,0.31777295619249346,0.5475210944173551,0.3329241156578064,0.6766412399147527,0.2,0.1428571428571428,0.2,1.0
129176,mscoco,0.3762239083647728,0.5423240737033372,0.5022146493196488,0.7077276782391848,0.4,0.5,0.6,0.5
295558,mscoco,0.23778042644262315,0.345265172945921,0.21720479652285576,0.388577608552127,0.0,0.0333333333333333,0.2,1.0
246358,mscoco,0.11069640815258026,0.3228982681213361,0.13845737837255,0.261153511257109,0.5,1.0,0.6,1.0
281052,mscoco,0.15502735190093517,0.2608649721113541,0.15723964497447013,0.28784035234461014,0.1,0.5,0.3,1.0
324165,mscoco,0.03219932522624731,0.11613456808503511,0.05489089898765087,0.1845434297147427,0.1,1.0,0.1,1.0
536900,mscoco,0.08035426214337349,0.21357693984381348,0.09532112441956997,0.18443568721623171,0.5,0.5,0.7,1.0
579341,mscoco,0.15477428622543812,0.3731086260161339,0.2117326118052006,0.481321720731413,0.5,1.0,0.6,0.5
149679,mscoco,0.010618970543146134,0.05439015273626083,0.021833201590925454,0.07264803811482201,0.0,0.0909090909090909,0.1,0.25
283840,mscoco,0.040333707630634305,0.12903356532739196,0.030996880028396845,0.11222901561066624,0.1,1.0,0.2,0.25
361351,mscoco,0.06022632960230112,0.16966576721412438,0.08690561354160309,0.18930692172961824,0.2,1.0,0.1,0.3333333333333333
415239,mscoco,0.17106524258852004,0.3609747588862169,0.24546372443437575,0.3656893024779908,0.3,0.3333333333333333,0.6,0.3333333333333333
99073,mscoco,0.15965697169303894,0.32014473023022855,0.15541206002235414,0.389567742406314,0.3,0.5,0.4,0.3333333333333333
369653,mscoco,0.1099865909665823,0.25861676112621806,0.14812467247247696,0.33698371531730864,0.2,1.0,0.1,0.125
72583,mscoco,0.018016271572560073,0.054621747266908334,0.017315577995032073,0.05594661041829411,0.1,1.0,0.1,1.0
565326,mscoco,0.09996337704360485,0.22531607911706947,0.06859274841845035,0.20569739937895498,0.0,0.0714285714285714,0.1,0.5
264660,mscoco,0.04340907093137503,0.1384718179365603,0.0409356540068984,0.1461578572087863,0.1,1.0,0.1,1.0
236552,mscoco,0.10803431272506714,0.26618125203925846,0.14510762467980384,0.3310646942375687,0.2,1.0,0.3,1.0
522491,mscoco,0.07388806138187647,0.18040971981958892,0.09179340600967408,0.23356088409263145,0.0,0.0769230769230769,0.0,0.0095238095238095
84757,mscoco,0.034054574486799535,0.12265866218941804,0.034163348563015464,0.11811628534430609,0.0,0.0096153846153846,0.1,0.1666666666666666
40957,mscoco,0.06768240109086036,0.21100202494026304,0.06275274120271206,0.19323922095422608,0.1,1.0,0.1,0.5
95679,mscoco,0.025559751503169536,0.10323950574146429,0.03141093645244837,0.10635512329868872,0.2,1.0,0.2,1.0
265279,mscoco,0.20864234492182732,0.3327281631505216,0.19098484814167022,0.38012731747433864,0.4,1.0,0.3,0.5
245938,mscoco,0.04927155487239361,0.17767916201705924,0.055108314380049706,0.15984539425759758,0.2,1.0,0.1,1.0
522639,mscoco,0.05709453150629997,0.1588274725203826,0.0844749491661787,0.23271063096895084,0.0,0.03125,0.1,0.25
225345,mscoco,0.043252634909003974,0.15164580688709933,0.04381792675703764,0.13642597381025387,0.1,0.5,0.1,1.0
24104,mscoco,0.27645538598299024,0.37769534273180017,0.33558440059423444,0.532777116108086,0.4,0.1666666666666666,0.8,1.0
317331,mscoco,0.16751985773444175,0.3008253885571178,0.308996906876564,0.6356913528146472,0.5,1.0,0.3,0.3333333333333333
