caption_id,source,pred_clip_p10,pred_clip_rr,pred_blip2_p10,pred_blip2_rr,true_clip_p10,true_clip_rr,true_blip2_p10,true_blip2_rr
261342,mscoco,0.11404265016317368,0.2562633727959306,0.12339899092912673,0.2777079424684842,0.0,0.0192307692307692,0.0,0.04
203177,mscoco,0.009856230160221458,0.0409633497955029,0.02206792738288641,0.06264345457849382,0.1,1.0,0.1,1.0
239082,mscoco,0.1689320906996727,0.3146162950228274,0.2418174237012863,0.4829747080045049,0.2,0.1666666666666666,0.4,1.0
166557,mscoco,0.4772794172167778,0.7711587895979267,0.555905070900917,0.616551971725044,0.7,1.0,0.7,1.0
70,drawbench,0.01885226883459836,0.07977185035092352,0.01643561525270343,0.04940526405833154,0.0,0.0,0.0,0.0
27585,mscoco,0.1496836304664612,0.27200812171335814,0.1393034890294075,0.2913144814485616,0.0,0.0833333333333333,0.4,0.25
44960,mscoco,0.4251639872789383,0.5534303926633974,0.48480398654937745,0.683367245342681,0.2,1.0,0.5,1.0
559685,mscoco,0.18211243376135827,0.44638711304302325,0.179149729013443,0.43745346275695307,0.2,0.3333333333333333,0.1,0.5
577169,mscoco,0.10256718210875988,0.23653377760044977,0.10777471959590912,0.280555157127828,0.2,0.25,0.4,1.0
276964,mscoco,0.032771896291524175,0.10607505636460661,0.03734615743160248,0.12011139266086934,0.1,1.0,0.1,0.5
480770,mscoco,0.04300263505429029,0.10807581695493655,0.04455939009785652,0.19496886704538569,0.3,0.5,0.3,1.0
56821,mscoco,0.0897290363907814,0.20395769276686254,0.11609060652554035,0.2656073893145842,0.1,0.2,0.1,0.25
298353,mscoco,0.030853377748280765,0.0884295588851865,0.030275982851162554,0.07241661443553406,0.0,0.0204081632653061,0.1,0.125
58492,mscoco,0.11659117788076401,0.2739792787407734,0.1129892285913229,0.268158337601826,0.1,1.0,0.1,0.1428571428571428
530479,mscoco,0.08926448561251163,0.22943664551745915,0.08937368504703044,0.21253260081838432,0.0,0.05,0.0,0.0555555555555555
318426,mscoco,0.12299630492925644,0.25061132708005684,0.16835782453417777,0.26286456363762173,0.3,0.3333333333333333,0.5,0.5
386890,mscoco,0.21907220035791397,0.5153393825646262,0.2457120046019554,0.3693807473302262,0.0,0.0909090909090909,0.1,1.0
23309,mscoco,0.030491748917847873,0.12980534592519932,0.030798947904258966,0.1017419147209657,0.1,1.0,0.2,1.0
101270,mscoco,0.17809774577617646,0.2622461582859664,0.23588353842496873,0.3673960210053776,0.0,0.0769230769230769,0.1,0.25
170809,mscoco,0.01781174400821328,0.06186866795534448,0.02726932680234313,0.08368149880942796,0.1,1.0,0.1,0.1
20150,mscoco,0.10619823783636093,0.31178633815172146,0.1512232355773449,0.2801714375952454,0.1,0.1428571428571428,0.1,0.2
142942,mscoco,0.18131057396531106,0.362851473138081,0.19146881848573685,0.5083715231908368,0.2,0.125,0.2,1.0
63306,mscoco,0.10146429017186165,0.26309867028489864,0.17602310329675674,0.3575136777501892,0.1,0.1,0.2,1.0
561151,mscoco,0.22789843305945395,0.35272041099718204,0.2360452778637409,0.32396680531472016,0.0,0.0172413793103448,0.1,0.1
377619,mscoco,0.1579237014055252,0.321348203228955,0.19331423863768576,0.3138802714623991,0.1,1.0,0.1,1.0
390068,mscoco,0.2911817505955696,0.5002740352415032,0.27615603655576704,0.49267092053195094,0.5,1.0,0.4,1.0
246004,mscoco,0.06029257103800774,0.1576582764579365,0.06957879904657602,0.2335180570647037,0.1,1.0,0.1,0.1
324789,mscoco,0.010687929461710155,0.034181485461742454,0.021973299444653094,0.08452337048617667,0.1,0.125,0.1,1.0
301541,mscoco,0.19263595528900623,0.3370660108083978,0.32008024454116824,0.5264856673247384,0.0,0.0526315789473684,0.2,0.25
233617,mscoco,0.14809139519929887,0.3598857202555903,0.14927446395158767,0.4547866232698561,0.1,0.3333333333333333,0.1,1.0
108452,mscoco,0.05536144971847534,0.172446611241379,0.07997845076024532,0.19889915853015,0.1,1.0,0.1,1.0
333049,mscoco,0.12016909793019295,0.32752072567251705,0.1865506574511528,0.33874226888792563,0.2,0.125,0.3,1.0
144796,mscoco,0.1068365890532732,0.2171795383936798,0.11641623489558697,0.22255981336641378,0.1,0.3333333333333333,0.0,0.0303030303030303
488514,mscoco,0.0919589962810278,0.23253712383001526,0.1207436129450798,0.2556855627831172,0.1,1.0,0.1,0.125
47294,mscoco,0.1372366167604923,0.30818649470913595,0.1747255489230156,0.32774164905664743,0.1,0.2,0.3,1.0
306173,mscoco,0.11127293184399605,0.2666795021219754,0.0965423308312893,0.2352367588490125,0.1,1.0,0.1,0.5
253470,mscoco,0.024454733543097972,0.08070650716668189,0.02633745726197958,0.07654514017908332,0.0,0.0909090909090909,0.1,0.5
190700,mscoco,0.025865222699940203,0.09558645880661892,0.039476855844259265,0.12762414193633534,0.1,1.0,0.1,0.5
84089,mscoco,0.14280073046684266,0.36952794372216274,0.1179615531116724,0.19766471100787106,0.0,0.0178571428571428,0.0,0.0031347962382445
175954,mscoco,0.1767847090959549,0.2937750441573406,0.3101271003484726,0.5019141099890327,0.2,1.0,0.5,0.2
158223,mscoco,0.11562523096799851,0.2575633272092865,0.15140239410102369,0.4638742178840566,0.5,1.0,0.7,1.0
448607,mscoco,0.4372990146279335,0.7423488922797071,0.5294147282838821,0.8761796386990247,0.4,0.5,0.3,0.5
248862,mscoco,0.14378275014460087,0.318820469798488,0.1818626631051302,0.3518499750748252,0.1,0.5,0.1,1.0
227526,mscoco,0.08331048786640168,0.16260796656661858,0.06086771078407764,0.155018638406032,0.0,0.0037593984962406,0.0,0.0022988505747126
549409,mscoco,0.027344617154449226,0.09363741280899701,0.027500973269343375,0.08891296518584978,0.1,0.3333333333333333,0.1,0.3333333333333333
123214,mscoco,0.12282946594059467,0.2795725988071663,0.09049215130507945,0.26872507741813706,0.3,0.25,0.1,0.3333333333333333
494957,mscoco,0.14218592867255211,0.26862851431752227,0.14843194149434566,0.290751094245553,0.1,1.0,0.1,1.0
284176,mscoco,0.06902079209685326,0.2315702750172445,0.09766021855175495,0.21870659734781575,0.2,0.25,0.5,1.0
25430,mscoco,0.19963184148073196,0.42635995917392433,0.24123934283852577,0.3146198998374346,0.4,0.25,0.4,1.0
52746,mscoco,0.09759589191526175,0.19939171948784684,0.10318414568901062,0.2271576103200731,0.4,1.0,0.4,1.0
118598,mscoco,0.2074253261089325,0.37067703191131096,0.17647473961114885,0.3529625791329961,0.3,1.0,0.3,0.5
42622,mscoco,0.21805282607674598,0.36574478677270356,0.39997704327106476,0.5931156233833671,0.1,0.1111111111111111,0.6,1.0
128275,mscoco,0.11411447562277317,0.22505620475880328,0.1522239066660404,0.31115079989896743,0.1,0.3333333333333333,0.4,1.0
402255,mscoco,0.020537595776841045,0.07392278089918894,0.02705592690035701,0.0686470833862809,0.0,0.0285714285714285,0.1,0.25
24935,mscoco,0.12820743024349213,0.3255657058035698,0.17075748927891254,0.2970483764494083,0.1,0.5,0.1,1.0
39502,mscoco,0.04806014206260443,0.13203200260745024,0.06373608782887459,0.23996457836886936,0.0,0.0123456790123456,0.1,0.5
370391,mscoco,0.07749725393950939,0.22601698684301313,0.13656924292445183,0.28895306073843585,0.0,0.0138888888888888,0.3,0.3333333333333333
170700,mscoco,0.04203022066503763,0.13582849626311694,0.08746313275769353,0.2202039105110169,0.0,0.0212765957446808,0.1,1.0
438910,mscoco,0.17066831439733504,0.2912515418854729,0.16567406989634037,0.3183811175343132,0.1,0.25,0.3,1.0
160,drawbench,0.014776749582961202,0.05061914034653226,0.032197654340416194,0.11440397511788065,0.0,0.0,0.0,0.0
291526,mscoco,0.03259650086984038,0.09615624507888199,0.04219444179907441,0.1423654830043002,0.1,1.0,0.1,0.5
379596,mscoco,0.06696937717497349,0.20882638829239478,0.06273097302764655,0.18292834264483576,0.1,1.0,0.0,0.0769230769230769
12,drawbench,0.191172955930233,0.3433751566075613,0.19813820868730544,0.3789335774763828,0.0,0.0,0.0,0.0
241148,mscoco,0.0755780078470707,0.16977333363627098,0.06415215749293565,0.14464662321170582,0.1,0.1428571428571428,0.2,1.0
319991,mscoco,0.15896108373999596,0.26159451724083055,0.10427904538810254,0.22833194438109017,0.1,0.5,0.1,1.0
310688,mscoco,0.027836126275360584,0.0907950555012678,0.030162838008254766,0.0986458962513674,0.1,1.0,0.1,1.0
243283,mscoco,0.19152204543352128,0.4146600165600145,0.21114588305354118,0.34141197781486987,0.9,0.5,1.0,1.0
149,drawbench,0.038845877163112164,0.12518493723052554,0.03366502774879336,0.12471505232345825,0.0,0.0,0.0,0.0
558426,mscoco,0.11934636048972606,0.2962115030168223,0.1396658606827259,0.34224111074628366,0.2,0.3333333333333333,0.5,1.0
394214,mscoco,0.14171170629560947,0.29171095120379353,0.17707834169268608,0.329890497228754,0.0,0.05,0.1,1.0
297699,mscoco,0.09782126732170582,0.26723183718661375,0.1365264542400837,0.2810468516727567,0.1,0.125,0.1,0.125
146972,mscoco,0.03245662827976048,0.12226118430919697,0.09505659341812134,0.20904115579818794,0.2,0.5,0.0,0.0909090909090909
401783,mscoco,0.5918322622776031,0.6504271640791552,0.5500384047627449,0.7664643581697005,0.8,0.5,0.9,1.0
182245,mscoco,0.15384600088000297,0.37422178890413593,0.25207433849573135,0.4873735767282792,0.0,0.0256410256410256,0.2,1.0
126018,mscoco,0.24311971366405488,0.404681620749513,0.24238596111536026,0.5409929541165163,0.7,1.0,0.4,1.0
290549,mscoco,0.05599202439188957,0.18192772707079816,0.055769516620785,0.17189786096524715,0.1,0.3333333333333333,0.1,1.0
399946,mscoco,0.08314091600477695,0.19335083601414124,0.11028771586716175,0.23719147592471104,0.1,0.5,0.1,1.0
8,drawbench,0.3204363599419594,0.40965075134805196,0.33151145577430724,0.32678725261515584,0.0,0.0001043296817944,0.0,6.345580303318739e-05
211678,mscoco,0.07552739307284355,0.18361190640357689,0.07673239819705487,0.19372411149107302,0.3,0.5,0.4,0.5
421539,mscoco,0.01093504742020741,0.03575236031700225,0.012835450773127376,0.04744443996669673,0.1,1.0,0.2,0.3333333333333333
264358,mscoco,0.06751966048032046,0.1799179641621965,0.07969686724245548,0.22583490800460773,0.1,0.5,0.1,1.0
430848,mscoco,0.12509653009474278,0.28780941103407215,0.11583135407418013,0.23955828880944402,0.2,1.0,0.2,0.5
133251,mscoco,0.29295036643743516,0.5954230760807584,0.30385798364877703,0.5232383689554494,0.5,0.5,0.2,0.1666666666666666
568560,mscoco,0.13596254363656043,0.29281408379529295,0.13630717098712922,0.34410005757821377,0.2,0.3333333333333333,0.0,0.0526315789473684
405612,mscoco,0.08969794623553753,0.20814711924911364,0.12167717330157757,0.2635935140857684,0.1,1.0,0.1,0.5
20794,mscoco,0.08877302929759026,0.21621244697346267,0.16846883893013,0.3106505434181727,0.1,0.1428571428571428,0.1,0.5
6,drawbench,0.618991619348526,0.7441727425303309,0.4521112680435181,0.7026275271311003,0.0,0.0011750881316098,0.0,0.0129870129870129
225306,mscoco,0.1902299366891384,0.3950622917758979,0.22631498128175737,0.4876131895844452,0.0,0.0833333333333333,0.1,1.0
103603,mscoco,0.19148467779159545,0.2753622983857857,0.24474629908800125,0.3992283215652176,0.6,0.3333333333333333,0.4,1.0
395,mscoco,0.022495978651568292,0.10244265490637156,0.03282326506450772,0.09855294004076293,0.2,1.0,0.1,0.25
80067,mscoco,0.050077277794480325,0.13376741546848603,0.046648239530622956,0.16647241762742845,0.1,0.1428571428571428,0.1,1.0
490619,mscoco,0.08584095239639282,0.21002746455310928,0.09306839630007743,0.2407755961925017,0.0,0.0066666666666666,0.0,0.0109890109890109
167126,mscoco,0.1589275101199746,0.3636827369509567,0.2169274590909481,0.45038863416220976,0.4,1.0,0.1,1.0
442961,mscoco,0.20205138623714447,0.3572350594359868,0.2058834455907345,0.3607852159700203,0.1,0.5,0.5,0.5
260111,mscoco,0.12152807936072349,0.3429042405187898,0.09958315268158913,0.24605486529262274,0.0,0.0555555555555555,0.0,0.0161290322580645
68005,mscoco,0.05503736585378647,0.18567454287223809,0.06341379098594188,0.19169756769413726,0.1,1.0,0.1,1.0
73541,mscoco,0.1764151558279991,0.27721354657763236,0.25007554441690444,0.5342949987574329,0.2,0.5,0.0,0.0833333333333333
316190,mscoco,0.09719664491713047,0.22320406845932608,0.09509309716522693,0.26542302658552064,0.1,1.0,0.1,0.1428571428571428
519552,mscoco,0.046612493600696324,0.14536434663705616,0.03560774754732847,0.11405404755057788,0.1,0.3333333333333333,0.1,0.5
365419,mscoco,0.2995892383158207,0.4801264293165443,0.3564972519874573,0.6288159713781394,0.1,0.2,0.2,0.5
55050,mscoco,0.06941310577094555,0.18781371234629118,0.07616801001131535,0.2122830968133093,0.1,1.0,0.1,1.0
150,drawbench,0.03138958951458335,0.0911147847641075,0.053559889737516644,0.12645485557652988,0.0,0.0,0.0,0.0
122,drawbench,0.11640208438038827,0.2557146427245331,0.10054316446185112,0.3671582937852564,0.0,0.000125786163522,0.0,4.940955580809328e-05
403464,mscoco,0.32480368539690974,0.6324182815105147,0.25119478702545167,0.47194908688016485,0.2,1.0,0.1,0.25
256809,mscoco,0.20382600277662277,0.39722042092921267,0.27349943667650223,0.48858539574172066,0.0,0.0434782608695652,0.6,0.5
481098,mscoco,0.09616740755736827,0.2233372318481325,0.12572616562247277,0.21736141773511186,0.0,0.0060240963855421,0.0,0.0909090909090909
163289,mscoco,0.09914736188948155,0.20479497086390872,0.0947873793542385,0.2689529605130697,0.0,0.0025839793281653,0.0,0.0476190476190476
383175,mscoco,0.2033176116645336,0.35292363454223596,0.23884518444538116,0.46554476003021805,0.3,0.3333333333333333,0.2,0.3333333333333333
71346,mscoco,0.17474645972251893,0.3196532240852515,0.2265274167060852,0.38171678812969784,0.0,0.0161290322580645,0.1,0.5
15569,mscoco,0.09858466982841492,0.23468383810558524,0.18830574601888656,0.3834086819471635,0.1,0.125,0.3,0.25
314949,mscoco,0.1407829411327839,0.26828504012140875,0.13136002160608767,0.3189450393737645,0.1,1.0,0.1,1.0
424018,mscoco,0.08183760046958924,0.2492050975809634,0.09110492467880249,0.2572082159189785,0.3,0.3333333333333333,0.2,1.0
465153,mscoco,0.03923603016883135,0.1257525520381126,0.05351885706186295,0.1523499021781721,0.2,1.0,0.2,1.0
10540,mscoco,0.05807644948363304,0.19600925656085078,0.07558617293834687,0.2193024256139213,0.0,0.0294117647058823,0.0,0.0024509803921568
524401,mscoco,0.0486173733137548,0.12045791720770915,0.10823700316250325,0.24793468410421754,0.1,0.1111111111111111,0.4,0.5
277498,mscoco,0.130880768597126,0.2371711994154006,0.19645296037197113,0.43347899825687786,0.0,0.0196078431372549,0.1,0.1
393583,mscoco,0.019879702711477876,0.06956808710006622,0.025709694903343915,0.09180905552848109,0.2,0.25,0.2,1.0
151339,mscoco,0.2112075001001358,0.3385689447559786,0.2214576117694378,0.41549744157899154,0.3,1.0,0.2,0.3333333333333333
300509,mscoco,0.08367524296045303,0.22540392000015932,0.12809533439576626,0.26875186540427776,0.1,0.5,0.0,0.0833333333333333
389145,mscoco,0.02363745141774416,0.07906734235232539,0.02493486097082496,0.08467440928562614,0.1,1.0,0.1,1.0
537667,mscoco,0.07688574586063623,0.158260339896017,0.03740923311561346,0.123046559121949,0.1,0.5,0.1,1.0
352143,mscoco,0.039734785724431274,0.10171982776419909,0.029313249792903662,0.0957202519269811,0.1,1.0,0.2,0.5
148,drawbench,0.29281393587589266,0.5789505705597937,0.13019928708672523,0.2780912135075271,0.0,0.0,0.0,0.0
355826,mscoco,0.11867289356887341,0.34049651704393424,0.11074116304516793,0.3567811271160875,0.2,1.0,0.1,1.0
251937,mscoco,0.17060646414756775,0.2963717419063216,0.26030421257019043,0.42796741709811426,0.3,1.0,0.3,1.0
135397,mscoco,0.09553165752440691,0.26382919217369466,0.11592923775315285,0.31386218311155256,0.1,1.0,0.1,1.0
394658,mscoco,0.10127377212047577,0.2631769073286326,0.08550358228385449,0.24785820796525826,0.1,0.3333333333333333,0.1,1.0
485709,mscoco,0.14061018601059913,0.4253937189083447,0.07782917972654105,0.15471610826220256,0.2,1.0,0.1,0.1428571428571428
504167,mscoco,0.22717455476522447,0.43692048045153026,0.2587346062064171,0.5274855415025402,0.1,1.0,0.0,0.0263157894736842
230644,mscoco,0.07298807501792907,0.15626838977077354,0.0719197727739811,0.18260609552949786,0.1,0.1,0.2,0.3333333333333333
83510,mscoco,0.09728712365031242,0.21043469412468163,0.10797359235584736,0.2480032498671685,0.1,0.1428571428571428,0.0,0.02
401650,mscoco,0.0315263285767287,0.11617740957596309,0.048477512784302235,0.11524519903749994,0.1,0.125,0.1,0.2
136411,mscoco,0.12209638468921184,0.24022596224722575,0.11709496527910232,0.31384551719064846,0.0,0.037037037037037,0.1,0.1666666666666666
176120,mscoco,0.10406223945319652,0.2740378823042179,0.07700019665062427,0.20531353122385784,0.2,0.1111111111111111,0.3,0.25
348134,mscoco,0.04712773016653955,0.1308987887409722,0.07835578359663486,0.22970344338209123,0.3,0.5,0.1,1.0
193398,mscoco,0.04142535142600536,0.14019904097431357,0.03962364345788956,0.1160244540111415,0.0,0.0833333333333333,0.1,1.0
540774,mscoco,0.3238619193434715,0.5654696953565517,0.47814429402351377,0.613345780452146,0.6,1.0,0.9,1.0
113211,mscoco,0.08174032531678677,0.21082987575765325,0.06881671622395516,0.20820575815606063,0.1,0.1111111111111111,0.2,1.0
406749,mscoco,0.04672667067497969,0.14369954197194032,0.04483465123921633,0.15152471762983055,0.2,1.0,0.2,1.0
280551,mscoco,0.03584692347794771,0.10480408424260515,0.04976588971912861,0.15361542915009094,0.1,0.3333333333333333,0.1,1.0
441358,mscoco,0.09397569000720978,0.2545566755179851,0.14515114203095436,0.34374175894088776,0.2,0.2,0.1,0.5
561314,mscoco,0.10554360970854759,0.286775746641141,0.19187443032860757,0.33300851051292574,0.0,0.0454545454545454,0.6,1.0
130749,mscoco,0.06872002147138119,0.2057014601837095,0.08113227523863316,0.2197727953382963,0.0,0.0769230769230769,0.1,0.3333333333333333
25907,mscoco,0.06551303919404745,0.18820564441636897,0.05686661880463362,0.17499050415745082,0.1,1.0,0.1,1.0
364157,mscoco,0.04391788579523563,0.12470778036008068,0.03618356361985207,0.11047395658876895,0.3,1.0,0.3,0.3333333333333333
327529,mscoco,0.021046368265524508,0.0772492463713225,0.0462932831607759,0.1823851551554477,0.1,1.0,0.1,0.3333333333333333
214087,mscoco,0.10871155634522438,0.24877940341518404,0.059982321597635745,0.22548273533786073,0.1,0.25,0.1,1.0
253763,mscoco,0.23329299986362456,0.3223211128072169,0.3189216271042824,0.34547337820581486,0.1,1.0,0.1,1.0
298065,mscoco,0.0357236236333847,0.1064059035008157,0.03756672739982605,0.11246003209539351,0.1,1.0,0.1,1.0
305803,mscoco,0.19386942982673644,0.398322045074597,0.1967892363667488,0.36648609799271353,0.0,0.0151515151515151,0.0,0.0454545454545454
173,drawbench,0.04640694484114647,0.15669832950866971,0.15458690151572227,0.2916967091501733,0.0,0.0,0.0,0.0
458339,mscoco,0.07951242439448833,0.21681982254793836,0.07465049512684345,0.1902322883552341,0.0,0.0833333333333333,0.1,0.5
428326,mscoco,0.0512674855068326,0.12325130096529807,0.06609765626490116,0.17428290610605,0.0,0.0181818181818181,0.0,0.0103092783505154
530201,mscoco,0.11989959850907325,0.2925756140042532,0.12081278711557389,0.293419922586599,0.1,1.0,0.1,1.0
59039,mscoco,0.12495440468192101,0.3769249550811428,0.16344189569354056,0.31444210730298766,0.3,1.0,0.7,0.5
333738,mscoco,0.36574951410293577,0.5255707517809844,0.33025236874818803,0.481262832566144,0.6,0.5,1.0,1.0
132081,mscoco,0.05362128857523203,0.14327469680390678,0.05803154911845922,0.1476105768421379,0.1,0.25,0.1,0.5
26573,mscoco,0.4266360864043236,0.7683122211959214,0.3951383173465729,0.7406089287067061,0.3,1.0,0.4,0.3333333333333333
115893,mscoco,0.20462627112865447,0.5242239651646959,0.16253526359796525,0.42509146445619966,0.2,1.0,0.4,1.0
49542,mscoco,0.38062321245670316,0.6404261586687462,0.5249829977750778,0.821081790793169,0.5,0.25,0.5,0.5
212864,mscoco,0.030989321414381266,0.12069226924538995,0.04026798959821463,0.10034725639535846,0.0,0.0454545454545454,0.0,0.0075187969924812
32967,mscoco,0.11303294412791728,0.3685970926797884,0.14785150922834872,0.32241174539115647,0.0,0.0015037593984962,0.2,0.2
98642,mscoco,0.019589572492986918,0.06931207298127133,0.032459680642932656,0.11396981418868272,0.1,0.3333333333333333,0.1,1.0
183719,mscoco,0.2329009011387825,0.4934303086811175,0.26845933943986894,0.42890947228448983,0.0,0.0060240963855421,0.0,0.006060606060606
401307,mscoco,0.2085467427968979,0.42170673258670427,0.21223758831620215,0.48308484693623205,0.2,1.0,0.3,1.0
467612,mscoco,0.30184454321861265,0.45717361810695845,0.3433512389659882,0.5210395435956463,0.6,0.5,0.4,0.3333333333333333
36034,mscoco,0.05073438063263893,0.14530286687118138,0.04356926698237658,0.12344610699055229,0.2,1.0,0.1,0.2
216378,mscoco,0.09669782873243093,0.18540615449525047,0.11287093069404364,0.1949195352436334,0.1,0.5,0.1,1.0
360441,mscoco,0.07617893777787685,0.20855075880832533,0.07346155159175397,0.15592486813109616,0.1,0.1666666666666666,0.1,0.1428571428571428
75057,mscoco,0.1449928253889084,0.43382127598736697,0.306102828681469,0.41546513458954154,0.3,1.0,0.6,1.0
53870,mscoco,0.12465920187532901,0.2926603903899902,0.14250277653336524,0.3517590042252162,0.1,0.1428571428571428,0.0,0.0161290322580645
253323,mscoco,0.1262658465653658,0.412602982372119,0.09497850202023983,0.19973063555699055,0.2,0.1666666666666666,0.3,0.5
433270,mscoco,0.19100699424743653,0.39589920011890806,0.22969314008951186,0.40772750513476985,0.2,0.125,0.3,1.0
176758,mscoco,0.1262396153062582,0.23593215513637783,0.24336989372968673,0.5077395332183327,0.1,0.2,0.2,1.0
420396,mscoco,0.05274051837623119,0.13333455381224363,0.06133597493171692,0.22978120560132667,0.1,0.1428571428571428,0.1,1.0
365792,mscoco,0.20946958139538766,0.4228545863286498,0.2208586845546961,0.483521115734353,0.3,0.5,0.3,1.0
564382,mscoco,0.03565003657713532,0.12910590997794827,0.026041414868086577,0.08557067271341977,0.1,0.5,0.1,1.0
180667,mscoco,0.06476425640285015,0.15656889465340884,0.07268328592181206,0.2178844368616504,0.1,1.0,0.0,0.0020242914979757
154399,mscoco,0.06884619854390621,0.15519302884026326,0.1392664298415184,0.2812111196641392,0.1,0.2,0.0,0.0833333333333333
576537,mscoco,0.13552205339074136,0.28995468049190665,0.1936379462480545,0.4788394035926742,0.2,1.0,0.4,1.0
18194,mscoco,0.045469371043145655,0.17026130540228424,0.122623410820961,0.3131030889325798,0.1,0.1666666666666666,0.2,0.5
278243,mscoco,0.0680897817015648,0.18436092766728585,0.06674916036427021,0.16189000405189924,0.1,0.5,0.1,0.5
253728,mscoco,0.09039930198341609,0.19137201019365416,0.1293670952320099,0.24249513890055377,0.1,1.0,0.1,1.0
306229,mscoco,0.2919395387172699,0.4117689860938839,0.3444803088903427,0.5144671622536796,0.6,1.0,0.8,1.0
413277,mscoco,0.2086617447435856,0.4554661008196482,0.19678054004907608,0.4336309069128907,0.1,0.1428571428571428,0.5,1.0
86951,mscoco,0.08846656158566475,0.217521599532444,0.10469423756003379,0.19560172948583182,0.5,1.0,0.8,1.0
489942,mscoco,0.04312826804816723,0.1659025682188374,0.04872572775930166,0.17181032329676504,0.1,1.0,0.1,1.0
199141,mscoco,0.21888240575790405,0.4144695854298178,0.16763968877494334,0.4001983919788838,0.4,0.5,0.5,0.5
170336,mscoco,0.12323255501687527,0.27154129792525233,0.1540705867111683,0.24509166649201747,0.1,0.3333333333333333,0.2,0.2
89549,mscoco,0.11821997463703156,0.28442765963961925,0.14321078211069108,0.34233788656951925,0.0,0.0909090909090909,0.1,1.0
372246,mscoco,0.05642426749691367,0.18059987570491537,0.06364360619336366,0.21786708682022318,0.1,1.0,0.1,1.0
535563,mscoco,0.05099815297871828,0.12305386102256156,0.08348360527306795,0.15792573503326335,0.1,1.0,0.1,1.0
228222,mscoco,0.12631019800901414,0.24865187426704585,0.11850612685084343,0.2795208803061788,0.4,0.5,0.6,1.0
195353,mscoco,0.21127743721008302,0.29033571815032566,0.25617879554629325,0.6736678788790548,0.4,0.3333333333333333,0.5,1.0
58624,mscoco,0.1594138231128454,0.32029317240730604,0.18804277256131172,0.4892011021478252,0.1,0.5,0.1,1.0
268900,mscoco,0.11504769455641509,0.2256543582852205,0.1385480873286724,0.25484634766996206,0.1,0.125,0.1,0.25
161019,mscoco,0.336157488822937,0.5980267097583672,0.351185642182827,0.5538072016095088,0.2,0.3333333333333333,0.4,1.0
379035,mscoco,0.09044532105326653,0.24950950434038885,0.13198296576738358,0.27503565401838637,0.0,0.0123456790123456,0.2,0.25
172276,mscoco,0.24830648973584174,0.5998460405589638,0.253215928375721,0.48096839993616786,0.1,0.1428571428571428,0.1,0.1111111111111111
271120,mscoco,0.1422151230275631,0.29258854711835525,0.1405872881412506,0.3345775956198341,0.0,0.0555555555555555,0.1,0.1111111111111111
180445,mscoco,0.02889933278784156,0.0872345304194372,0.028440737165510654,0.08881794624864135,0.2,1.0,0.2,1.0
284362,mscoco,0.08197384886443615,0.20750898932133585,0.12088095173239707,0.277678504060771,0.0,0.0384615384615384,0.1,1.0
466656,mscoco,0.13066598922014236,0.32949880947850735,0.13094900995492936,0.27335598928003313,0.5,1.0,0.5,1.0
271360,mscoco,0.030437369318678974,0.11417319936513626,0.031935677491128446,0.11283099953687335,0.1,1.0,0.0,0.0001578033769922
429290,mscoco,0.13955872990190982,0.2894806010655166,0.3015145644545555,0.431042499974172,0.0,0.0238095238095238,0.0,0.0769230769230769
464649,mscoco,0.509919011592865,0.7431013437317122,0.23965605571866036,0.3736298129070476,0.0,0.0666666666666666,0.0,0.02
118260,mscoco,0.10565679017454385,0.20222813671549605,0.0895193237811327,0.27612195567576586,0.0,0.0263157894736842,0.0,0.0120481927710843
337062,mscoco,0.13007989581674337,0.2675609724231357,0.26405281126499175,0.32046029073009724,0.0,0.0625,0.4,0.5
249049,mscoco,0.20211948305368424,0.3873861040791281,0.1514833688735962,0.34879700359124777,0.2,0.3333333333333333,0.1,1.0
497542,mscoco,0.05637329034507275,0.21580638594251,0.08977355621755123,0.21854491861358163,0.0,0.0123456790123456,0.1,0.5
400940,mscoco,0.14728359505534172,0.2979744392676511,0.13746402338147162,0.3016394858189013,0.1,0.3333333333333333,0.1,0.5
254753,mscoco,0.11996797621250152,0.24178900681286397,0.14935334995388985,0.3235373233348574,0.1,0.2,0.1,1.0
550157,mscoco,0.19635069221258164,0.37874529997852036,0.2078968971967697,0.44521685485132423,0.4,1.0,0.5,1.0
113905,mscoco,0.04742683293297887,0.1335262556357567,0.05167875941842794,0.17200294012666645,0.1,0.2,0.3,1.0
471881,mscoco,0.07793226204812527,0.16832137185940516,0.043563146516680716,0.14842412773208294,0.1,1.0,0.1,1.0
524187,mscoco,0.15010412484407426,0.3226480869049074,0.1897732436656952,0.43093872531603733,0.1,0.1111111111111111,0.4,1.0
354409,mscoco,0.04077573558315635,0.12045190333885868,0.030299954768270253,0.09335000415730714,0.1,1.0,0.1,1.0
36713,mscoco,0.09342173188924789,0.29676779893356786,0.1285576544702053,0.30259922110198884,0.1,1.0,0.1,0.5
421005,mscoco,0.15927600637078285,0.27659645431047014,0.19294188246130944,0.3736746046421374,0.2,0.25,0.2,1.0
504639,mscoco,0.11089682579040527,0.26988807246915353,0.11302236765623093,0.28279138292275313,0.7,1.0,0.8,1.0
356660,mscoco,0.24936818778514863,0.45167438531446047,0.3139278545975685,0.5695775250468242,0.1,0.1111111111111111,0.2,0.2
1792,mscoco,0.4371028795838356,0.7266742306239017,0.504479268193245,0.6048912079966017,0.7,1.0,1.0,1.0
30409,mscoco,0.07414734363555908,0.18937639604727202,0.13882228322327136,0.3128723418251336,0.0,0.0142857142857142,0.1,1.0
254060,mscoco,0.12009927444159985,0.33422817970817736,0.17279848009347915,0.4120975385313712,0.1,0.1111111111111111,0.3,1.0
169340,mscoco,0.07282843329012394,0.23778382882706792,0.10892628878355026,0.21626683536339888,0.1,0.3333333333333333,0.1,1.0
42513,mscoco,0.05969921182841063,0.16934605366916716,0.0761888150125742,0.2023963355613341,0.1,1.0,0.2,0.1428571428571428
402887,mscoco,0.4044740363955498,0.40285359925750414,0.2664196200668812,0.557490656382615,0.1,0.3333333333333333,0.1,0.5
96435,mscoco,0.030923924315720795,0.09089414976530355,0.02747481074184179,0.08831800969432847,0.1,1.0,0.1,1.0
441541,mscoco,0.046543178521096705,0.156260406668312,0.07513244338333606,0.17828124770040793,0.0,0.0833333333333333,0.0,0.0333333333333333
51663,mscoco,0.12583453059196473,0.33019131022430614,0.18573617786169053,0.3778446329206945,0.1,0.1111111111111111,0.1,0.2
474271,mscoco,0.05696339420974254,0.20730947055953597,0.07144160605967045,0.2032778155660491,0.1,1.0,0.1,1.0
72702,mscoco,0.1696571134030819,0.3062427690871809,0.21374747157096863,0.35577454664015806,0.1,1.0,0.1,1.0
182793,mscoco,0.3380909480154514,0.6548293828890707,0.42567584216594695,0.6610315406287234,0.0,0.0113636363636363,0.0,0.0434782608695652
21795,mscoco,0.1862434923648834,0.31419137790269464,0.1263562671840191,0.28770117454982364,0.1,1.0,0.1,1.0
566672,mscoco,0.15749865770339966,0.3533839756150149,0.18164138868451118,0.41520338876084517,0.2,0.25,0.5,1.0
2664,mscoco,0.06235006581991911,0.16148047241150756,0.08621048368513584,0.2164747243152965,0.0,0.0625,0.0,0.0476190476190476
333241,mscoco,0.05139574073255062,0.17432218287625134,0.05178786814212799,0.1629903361666526,0.1,1.0,0.1,0.3333333333333333
353402,mscoco,0.06570946797728539,0.1587542354235918,0.094361237809062,0.24661256078184224,0.0,0.0285714285714285,0.1,0.5
18252,mscoco,0.24478680714964868,0.44891678117425876,0.22032752856612206,0.34315056487780393,0.6,1.0,1.0,1.0
387352,mscoco,0.06222157627344131,0.15906783719972833,0.14445508271455765,0.2938936722465224,0.1,0.5,0.3,0.5
198085,mscoco,0.6247093379497528,0.794255571838406,0.4477443635463715,0.6571276910365337,0.1,0.1428571428571428,0.1,0.5
246625,mscoco,0.44278002381324766,0.5736806284890251,0.4272205695509911,0.5331155999422912,0.5,0.3333333333333333,0.7,1.0
420045,mscoco,0.20923033058643342,0.46016337694721066,0.23556741327047348,0.4960584557140939,0.0,0.0303030303030303,0.0,0.0714285714285714
398225,mscoco,0.11195812076330185,0.2613471957138197,0.14665006399154662,0.34051816034751775,0.1,0.3333333333333333,0.0,0.0909090909090909
132964,mscoco,0.11202442944049835,0.25915805419067955,0.16615193709731102,0.3952358124075941,0.6,1.0,0.9,1.0
344632,mscoco,0.006051770830526948,0.02203358483126636,0.006911848997697234,0.021677770799768247,0.0,0.0285714285714285,0.0,0.0434782608695652
508045,mscoco,0.11343014165759087,0.328975894627243,0.12523510679602623,0.3579599383102921,0.3,1.0,0.2,1.0
236936,mscoco,0.020916802855208517,0.06958082102334745,0.02239429224282503,0.07379847985814326,0.0,0.0526315789473684,0.1,1.0
110330,mscoco,0.05638698050752282,0.1267737796588657,0.06282173432409763,0.1977170218748196,0.1,0.5,0.1,0.2
19292,mscoco,0.24558640271425247,0.3000136734562213,0.40395539402961733,0.6807118205485017,0.4,0.2,0.4,1.0
19,drawbench,0.0390288271009922,0.12519490531437297,0.03220770861953497,0.0880137545572633,0.0,0.0,0.0,0.0
345294,mscoco,0.14424945935606956,0.3120716841727654,0.14090124443173407,0.26708749384367875,0.1,0.125,0.2,1.0
250424,mscoco,0.0711077529937029,0.23644071592100918,0.06097333543002605,0.16594120280160243,0.0,0.0136986301369863,0.1,1.0
50583,mscoco,0.05657566376030445,0.16444830677091213,0.047866355441510675,0.1632410867965397,0.2,0.5,0.2,0.5
230879,mscoco,0.15411915481090546,0.2534660209263492,0.21259093806147575,0.4540043633435459,0.0,0.04,0.0,0.0833333333333333
168609,mscoco,0.045328012108802794,0.12545877965265861,0.055941429920494556,0.17642382312120633,0.0,0.0121951219512195,0.1,1.0
175923,mscoco,0.07071834709495306,0.16073482265167838,0.08830899596214295,0.20517171531405276,0.3,0.3333333333333333,0.3,0.2
530248,mscoco,0.14785687029361724,0.3334643483145428,0.15088841691613197,0.3428039382882744,0.2,1.0,0.0,0.0294117647058823
421009,mscoco,0.10743862837553024,0.2555949132206126,0.1621236175298691,0.3070410743166927,0.0,0.0666666666666666,0.1,0.5
450974,mscoco,0.11161363609135151,0.283735350999107,0.16873794049024582,0.3257229669430288,0.1,0.125,0.2,1.0
34922,mscoco,0.17649007588624954,0.38251042937587104,0.11218402069061995,0.1764555217364112,0.0,0.0625,0.2,0.5
134454,mscoco,0.12686597630381585,0.37093136271889265,0.20443604812026023,0.40080424290890293,0.3,1.0,0.3,0.5
91960,mscoco,0.07767986319959164,0.20343412800080926,0.06898653209209442,0.22158084445312243,0.0,0.03125,0.0,0.0238095238095238
570203,mscoco,0.2385824641212821,0.30954553899792436,0.16828648000955582,0.4324327732366974,0.1,0.125,0.5,1.0
46506,mscoco,0.012900907639414072,0.04449090803586721,0.016410706541500987,0.050807606400951284,0.0,0.0285714285714285,0.1,0.1428571428571428
460202,mscoco,0.07966954335570335,0.1880009469145925,0.07916724383831024,0.19529321236489167,0.3,1.0,0.3,0.5
358566,mscoco,0.13892784491181373,0.3151045771644623,0.1876714661717415,0.3699651973293266,0.2,0.5,0.6,0.3333333333333333
205206,mscoco,0.07176122665405274,0.24264274446332126,0.10697373487055302,0.23334824669042917,0.1,0.5,0.0,0.01
342273,mscoco,0.027207661978900434,0.11128774232169353,0.03860434535890818,0.17030156422374923,0.1,0.3333333333333333,0.1,0.1428571428571428
550466,mscoco,0.09128550104796887,0.23617232293305596,0.16744996532797812,0.33598997126731917,0.3,1.0,0.5,1.0
303281,mscoco,0.7192207872867584,0.8443984486784072,0.7223202466964722,0.8275410115486049,0.8,1.0,0.9,1.0
464787,mscoco,0.012354019563645124,0.04668273397570352,0.01349150068126619,0.04789343585625572,0.0,0.0625,0.1,0.5
382210,mscoco,0.14044025987386705,0.323622407900169,0.23257668167352677,0.5287558555083347,0.0,0.0078740157480314,0.0,0.0217391304347826
78413,mscoco,0.0987017009407282,0.2580552948889348,0.1174552185460925,0.2707348507765617,0.1,1.0,0.1,0.5
241530,mscoco,0.06293464470654726,0.12962827285527836,0.09893714599311351,0.2450704225151583,0.0,0.0185185185185185,0.0,0.0666666666666666
165419,mscoco,0.45100006014108657,0.6762093598947652,0.4598911464214325,0.6596904377218951,0.4,1.0,0.8,1.0
152776,mscoco,0.05626191422343254,0.19255340779082894,0.07503560371696949,0.21250137204449113,0.1,1.0,0.1,1.0
103320,mscoco,0.17808562591671945,0.3880455568718454,0.22939064726233482,0.3947300342943884,0.1,0.25,0.0,0.0714285714285714
391011,mscoco,0.3110465869307518,0.42092130812822054,0.3765337631106377,0.7360761739989322,0.6,1.0,1.0,1.0
36281,mscoco,0.06076615769416094,0.16137377936704767,0.07571835592389106,0.18288337549888684,0.1,1.0,0.1,1.0
485016,mscoco,0.036293520126491785,0.1091223337628313,0.11357280323281885,0.3451268506282406,0.0,0.0112359550561797,0.0,0.0833333333333333
524392,mscoco,0.4287972584366798,0.6166694085956083,0.4993258029222488,0.770611958921698,1.0,1.0,0.9,1.0
299123,mscoco,0.19589583426713944,0.3981419049509498,0.2094684883952141,0.4024666135584656,0.4,1.0,0.6,0.5
211905,mscoco,0.027914721611887218,0.0711800351236753,0.016886564157903194,0.05115975760655558,0.1,1.0,0.1,1.0
231381,mscoco,0.2137119822204113,0.4756204910330823,0.24535086005926132,0.4765756140600766,0.3,0.5,0.5,1.0
433896,mscoco,0.03314111903309822,0.1259572820500381,0.03326946524903178,0.12239549359031016,0.1,1.0,0.1,1.0
284259,mscoco,0.07754289880394935,0.19550986280318558,0.09082137886434793,0.22290187940076425,0.2,1.0,0.1,1.0
540283,mscoco,0.27512922435998916,0.5707331475295794,0.3306377798318863,0.5823220544566019,0.2,1.0,0.0,0.0769230769230769
425010,mscoco,0.10532134659588337,0.22148510148436967,0.06723475567996502,0.18641256355992067,0.2,1.0,0.4,1.0
170525,mscoco,0.4544469892978668,0.5546637299304309,0.4563642919063568,0.6160772594189,0.0,0.0434782608695652,0.2,0.125
432216,mscoco,0.15420623272657394,0.31903540709163103,0.20242585763335227,0.4034486177023822,0.1,0.2,0.1,0.3333333333333333
142402,mscoco,0.024194235121831296,0.08591432475355758,0.030744331888854504,0.13905744838201806,0.1,1.0,0.1,0.125
90820,mscoco,0.11591871865093709,0.30338697455679814,0.08341861367225648,0.2939429083430505,0.0,0.04,0.0,0.0833333333333333
208961,mscoco,0.03729627076536417,0.15073182103588195,0.04395676050335169,0.160491011707535,0.1,1.0,0.1,1.0
140623,mscoco,0.0888641569763422,0.23752926691382925,0.1073778260499239,0.23428636706997916,0.3,1.0,0.3,0.3333333333333333
312015,mscoco,0.10390772596001625,0.2619279993386932,0.10160705782473087,0.2635745957713869,0.3,0.5,0.2,0.3333333333333333
388399,mscoco,0.30925908088684084,0.6087637696955681,0.27409020960330965,0.5266241923280331,0.2,0.3333333333333333,0.1,0.25
126659,mscoco,0.08842788226902484,0.23891238416576863,0.14123999141156673,0.3084484248366695,0.2,0.2,0.4,0.25
234990,mscoco,0.09005465880036354,0.2069375846059877,0.11151514984667302,0.23568281215044085,0.0,0.04,0.2,0.1111111111111111
212445,mscoco,0.3442751854658127,0.6275147144092149,0.4785949900746346,0.830802755249007,0.9,1.0,1.0,1.0
540885,mscoco,0.2651500590145588,0.444085936162347,0.375897142291069,0.600134462849786,0.3,1.0,0.5,1.0
276417,mscoco,0.20296783074736596,0.4497014330883078,0.2809571251273155,0.4462191499645522,0.1,0.2,0.2,0.1111111111111111
46173,mscoco,0.07912143841385841,0.20579942664200412,0.15081626288592814,0.23988089163085233,0.1,0.3333333333333333,0.0,0.0188679245283018
53641,mscoco,0.07955764625221491,0.22075067942002688,0.06971672493964434,0.16227038193402682,0.2,0.5,0.2,0.1666666666666666
367332,mscoco,0.30728583186864855,0.5977029441331815,0.3313595071434975,0.520811550282051,0.3,1.0,0.6,1.0
527134,mscoco,0.13698715791106225,0.2760102306510647,0.18358704522252084,0.31761009651556965,0.1,0.3333333333333333,0.1,0.1666666666666666
263970,mscoco,0.05081274509429932,0.16299019542491477,0.10579509399831295,0.23955989879018072,0.0,0.006060606060606,0.1,1.0
485696,mscoco,0.0150006630923599,0.04785509182975891,0.02338120397180319,0.061055217144865406,0.1,1.0,0.1,1.0
118870,mscoco,0.020068298699334262,0.07295114110595184,0.020242996606975795,0.07410113783797073,0.0,0.0909090909090909,0.1,0.5
11332,mscoco,0.18965283036231995,0.4270259491072036,0.21594137847423553,0.3863191389167028,0.0,0.0625,0.5,1.0
365523,mscoco,0.03303664773702621,0.13314218329273644,0.04264228381216526,0.15109353949172247,0.1,0.3333333333333333,0.1,1.0
479035,mscoco,0.026436857413500547,0.09103284157068493,0.024165917281061412,0.08360900049519521,0.1,0.1428571428571428,0.0,0.0294117647058823
416098,mscoco,0.08508595637977123,0.3447692646638149,0.13650558330118656,0.28523608934770783,0.1,0.5,0.5,1.0
13284,mscoco,0.03174944128841162,0.07956554370066025,0.018483089003711938,0.056979681516968333,0.1,1.0,0.1,1.0
110435,mscoco,0.05483527546748519,0.13647834229979233,0.0637278001755476,0.1611301633750936,0.1,1.0,0.1,1.0
116694,mscoco,0.11680897623300553,0.2736070700807017,0.19561310186982156,0.4960405251730871,0.1,0.3333333333333333,0.0,0.037037037037037
244410,mscoco,0.21767080426216126,0.41107545718224986,0.4009446442127228,0.6423820517144256,0.3,1.0,1.0,1.0
428992,mscoco,0.033368025347590445,0.09960096698493233,0.03404557211324573,0.105117279040655,0.2,1.0,0.6,1.0
337902,mscoco,0.1361255593597889,0.28383614275755026,0.12272065319120884,0.2630135498567939,0.8,1.0,0.9,1.0
546074,mscoco,0.060577818937599656,0.1759834525045304,0.08051757030189037,0.23099599650681135,0.0,0.04,0.1,1.0
70033,mscoco,0.029795667342841625,0.0934629953616947,0.024942130967974662,0.07898976868193781,0.6,1.0,0.6,1.0
149268,mscoco,0.12456856481730938,0.24463986062944468,0.1289422668516636,0.2656276014373658,0.0,0.0476190476190476,0.3,0.3333333333333333
431370,mscoco,0.14750753603875638,0.2738588994581804,0.396770366281271,0.60513785378116,0.1,0.125,0.2,0.3333333333333333
254387,mscoco,0.04655960034579039,0.12084282804666457,0.048876883648335936,0.13336977516860898,0.2,0.1428571428571428,0.5,0.3333333333333333
177349,mscoco,0.027584482822567223,0.08515596180055034,0.025923917163163425,0.09308315745313762,0.1,0.3333333333333333,0.1,0.1666666666666666
287186,mscoco,0.17135925814509392,0.3640141208341775,0.23807168751955032,0.39956614263961615,0.0,0.0769230769230769,0.1,0.125
328284,mscoco,0.2096819221973419,0.3275574454205536,0.25213012248277666,0.4835718983968634,0.1,0.25,0.1,1.0
50409,mscoco,0.028069433011114597,0.12157992498433401,0.05012951008975506,0.1498312090929935,0.0,0.032258064516129,0.1,0.1111111111111111
399183,mscoco,0.10687417909502983,0.25793845275163824,0.22983430251479148,0.335642544251973,0.1,0.1111111111111111,0.6,0.5
76589,mscoco,0.06144006447866559,0.18874862978561682,0.0691681370139122,0.18695887001945402,0.2,1.0,0.3,1.0
534965,mscoco,0.15183080583810807,0.5079384324180458,0.08260228708386422,0.2045084737975691,0.1,0.25,0.0,0.0833333333333333
295759,mscoco,0.04366258103400469,0.13253060284254425,0.03868745369836688,0.11176844675615862,0.0,0.0037735849056603,0.0,0.0526315789473684
131725,mscoco,0.0852978564798832,0.21283084443188027,0.0836381308734417,0.19501537996131788,0.0,0.0588235294117647,0.1,1.0
214123,mscoco,0.11639685854315758,0.2696941427674952,0.11531680040061473,0.26780056472058733,0.1,1.0,0.0,0.0625
433075,mscoco,0.041813669726252556,0.13937215263981223,0.04680957887321711,0.12730998289411757,0.1,1.0,0.1,0.1666666666666666
21260,mscoco,0.08588936626911163,0.15402185464314774,0.07516645602881908,0.21404319886741993,0.0,0.0098039215686274,0.1,0.2
312870,mscoco,0.21226222403347492,0.3932927393626062,0.21806851848959924,0.4528665218708519,0.0,0.0476190476190476,0.1,0.25
6824,mscoco,0.30398391261696817,0.577481690121467,0.3912035197019577,0.5469973280194448,0.7,0.25,0.8,1.0
368014,mscoco,0.12066939249634742,0.2635712425272472,0.15718457829207183,0.2729543206676434,0.3,0.3333333333333333,0.3,1.0
227772,mscoco,0.03765767989680171,0.12829552579024014,0.06301684267818927,0.15614700207999607,0.1,0.1666666666666666,0.3,0.25
276671,mscoco,0.32011268138885496,0.6159138044923749,0.40239389389753344,0.7723854586587392,0.2,0.3333333333333333,0.6,0.5
74894,mscoco,0.22248673141002656,0.41867204205293634,0.24553544521331788,0.4835197835041888,0.3,1.0,0.5,1.0
395170,mscoco,0.10749219506978988,0.24715414859022017,0.11003577820956707,0.2955760765376716,0.4,0.5,0.6,1.0
362521,mscoco,0.1466410331428051,0.30343116001767645,0.1847424700856209,0.3535812256714847,0.0,0.02,0.1,0.2
543838,mscoco,0.005713357450440526,0.019676267795623533,0.005087675480172038,0.02143720005425967,0.1,1.0,0.1,0.3333333333333333
385580,mscoco,0.0382383328396827,0.14620318731529955,0.06788903418928385,0.17595551545020965,0.0,0.0153846153846153,0.0,0.0714285714285714
448131,mscoco,0.10283063016831875,0.3371332776683714,0.1626828506588936,0.36951625781941083,0.1,0.2,0.6,1.0
33702,mscoco,0.3133976303040981,0.6022376166115238,0.4347106978297234,0.6790842158459905,0.0,0.0555555555555555,0.0,0.0769230769230769
109522,mscoco,0.16145248413085939,0.3193770136894783,0.25539842173457145,0.38634100254589826,0.0,0.0416666666666666,0.0,0.0256410256410256
268444,mscoco,0.1167733296751976,0.30697074250873774,0.138590819016099,0.43506732891131594,0.2,0.5,0.3,1.0
526105,mscoco,0.09909703023731709,0.22266857746476898,0.11135639995336533,0.38478279347100414,0.0,0.0714285714285714,0.0,0.0833333333333333
538709,mscoco,0.07381592206656933,0.1998742345232499,0.08205697573721409,0.2426172607924629,0.1,0.1666666666666666,0.2,0.5
455856,mscoco,0.016543104546144605,0.05110457855690245,0.022213130630552767,0.05345191224684121,0.1,0.5,0.1,0.5
246878,mscoco,0.1425598908215761,0.25907826185153693,0.2061761014163494,0.4848964543803595,0.0,0.0142857142857142,0.4,0.5
361472,mscoco,0.05116857308894396,0.15001758200245244,0.06026649177074432,0.20455314693329937,0.0,0.0384615384615384,0.1,1.0
422240,mscoco,0.04169229008257389,0.10505491623083792,0.04415206369012594,0.11272022663372627,0.1,1.0,0.1,1.0
233073,mscoco,0.05842590648680925,0.17444842807725883,0.05277192797511816,0.15256919761582569,0.1,0.3333333333333333,0.1,1.0
340621,mscoco,0.2039228782057762,0.4072931632975546,0.24193596094846725,0.4623707753922041,0.4,1.0,0.6,1.0
422804,mscoco,0.008426310296636074,0.021577670725180027,0.007443099934607744,0.030902982277049344,0.1,0.1666666666666666,0.1,1.0
440762,mscoco,0.24928570538759232,0.4975638740307791,0.3014862135052681,0.433425335851845,0.1,0.125,0.1,0.1
165907,mscoco,0.19493890479207038,0.40220276269587896,0.15577104836702346,0.3692892032484983,0.4,0.5,0.6,1.0
540006,mscoco,0.01631097630597651,0.06129008205727833,0.012614922830834985,0.056029769137230644,0.1,0.1111111111111111,0.1,1.0
300267,mscoco,0.10677961446344852,0.21359365254299653,0.09441682174801827,0.25115641850331943,0.5,0.5,0.3,1.0
413852,mscoco,0.21144738383591175,0.31471853702762254,0.32164319008588793,0.5508673429577625,0.4,0.25,0.7,1.0
360975,mscoco,0.13629710748791696,0.284418369074987,0.13365772776305676,0.2815309800623631,0.4,0.25,0.3,1.0
211909,mscoco,0.16539105921983718,0.36821405648344896,0.2097672328352928,0.46899386623740263,0.6,1.0,0.8,1.0
66389,mscoco,0.06638243962079286,0.18954806916868927,0.10444822385907174,0.22502285067023242,0.0,0.0030395136778115,0.0,0.0025575447570332
13285,mscoco,0.030619153380393983,0.10893231447607897,0.037847317010164264,0.1468315423739127,0.0,0.009009009009009,0.0,0.0026178010471204
573922,mscoco,0.2806693971157074,0.4294767418211257,0.31596027314662933,0.6414840626284759,0.1,0.125,0.4,1.0
62619,mscoco,0.14620850831270218,0.27437235729845155,0.3001839302480221,0.4515274070850644,0.1,0.1,0.1,1.0
168563,mscoco,0.13374277986586094,0.3322847513796954,0.15167700871825218,0.379249636003393,0.2,0.25,0.2,0.5
178504,mscoco,0.06959466226398944,0.2109170133799406,0.15278263799846173,0.2743742650724418,0.0,0.0909090909090909,0.1,1.0
176174,mscoco,0.09589902125298977,0.25339167051689665,0.11199344396591186,0.24529118589987317,0.1,0.1666666666666666,0.1,0.5
60903,mscoco,0.07333790604025126,0.1874409493791174,0.10624973811209201,0.2767911614829862,0.1,0.1111111111111111,0.2,1.0
80554,mscoco,0.10468313619494438,0.2717400432347019,0.21018834337592124,0.4051259429969901,0.0,0.0714285714285714,0.2,0.3333333333333333
494852,mscoco,0.13550834059715272,0.3165699236416157,0.16943248510360717,0.32307214752035146,0.4,1.0,0.3,1.0
272832,mscoco,0.05151161197572947,0.1277760095972746,0.08103634472936391,0.21534057205153165,0.1,0.3333333333333333,0.1,1.0
497002,mscoco,0.038434181548655036,0.1441560061131194,0.04257921022363007,0.12535084847057215,0.1,0.5,0.0,0.0526315789473684
473918,mscoco,0.04033930581063032,0.13252047331008734,0.04394933441653848,0.16455084172916903,0.0,0.0454545454545454,0.1,0.5
78681,mscoco,0.1028559697791934,0.2959586469142047,0.10459165088832378,0.33187799085732644,0.5,1.0,0.5,1.0
261323,mscoco,0.08176757358014583,0.2292142858088322,0.09171417094767094,0.2562072034390349,0.0,0.0476190476190476,0.1,1.0
489482,mscoco,0.14449627920985222,0.2972431271625455,0.14555547311902045,0.33195795401296313,0.0,0.0909090909090909,0.1,0.5
513966,mscoco,0.05458088088780642,0.1743407350127724,0.15242817662656308,0.3005276056042075,0.1,0.2,0.0,0.04
326202,mscoco,0.11083190254867077,0.27647796941385494,0.11040488742291928,0.3280980324729103,0.3,1.0,0.3,1.0
394159,mscoco,0.3307871639728546,0.5776037893834406,0.32906258702278135,0.5845718572424937,0.1,0.3333333333333333,0.2,0.3333333333333333
392320,mscoco,0.20420637698844074,0.3353735722801299,0.19835793003439903,0.5837130906109549,0.7,1.0,0.6,1.0
428301,mscoco,0.18972638323903085,0.3689899166694071,0.18079773262143134,0.3850565846179759,0.3,1.0,0.3,1.0
304217,mscoco,0.07291548065841198,0.22170844200135048,0.06495289467275142,0.1702631713413625,0.0,0.0217391304347826,0.0,0.0133333333333333
332131,mscoco,0.30064198970794676,0.4632850207803988,0.4038249671459198,0.5096136962576853,0.6,1.0,0.7,1.0
316336,mscoco,0.08505158163607121,0.1871974507486167,0.1269619632512331,0.28958484644106935,0.1,0.3333333333333333,0.1,1.0
575331,mscoco,0.051894334331154826,0.15299094143985562,0.06236203387379646,0.1707388721330264,0.0,0.0476190476190476,0.1,1.0
357578,mscoco,0.2125334121286869,0.3539487914272571,0.38368395864963534,0.7756417264240982,0.0,0.0625,0.2,0.25
201714,mscoco,0.33169102370738984,0.501289381959145,0.21566294319927692,0.5318751703557563,0.5,1.0,0.3,1.0
76899,mscoco,0.17587798051536083,0.311096954234403,0.1307092435657978,0.25054926302690506,0.1,0.1666666666666666,0.0,0.0175438596491228
461445,mscoco,0.26501288414001467,0.38169025808523255,0.2953818738460541,0.4484830543308757,0.2,0.3333333333333333,0.1,1.0
317431,mscoco,0.3818252332508564,0.7643103100829005,0.48457498401403426,0.7895323190803293,0.9,1.0,0.9,1.0
74,drawbench,0.10572833828628063,0.24687075570809522,0.10048606805503368,0.3339547468048295,0.0,0.0128205128205128,0.0,0.0181818181818181
413172,mscoco,0.09135881811380386,0.24028303050626862,0.12479899488389493,0.41492268466470256,0.1,0.1428571428571428,0.4,0.3333333333333333
346754,mscoco,0.05500476323068142,0.15688498273120058,0.06892269663512707,0.19290917811272215,0.0,0.0038167938931297,0.0,0.0014245014245014
142349,mscoco,0.2714050650596619,0.4859992662883551,0.21778139770030974,0.45295782244462834,0.1,0.1666666666666666,0.3,0.25
495947,mscoco,0.10395417883992195,0.2627679700738456,0.11793196238577366,0.3471238619278393,0.0,0.0454545454545454,0.0,0.0416666666666666
105344,mscoco,0.2422167733311653,0.39641418310054816,0.26198607236146926,0.5320816914342894,0.2,0.25,0.5,1.0
466024,mscoco,0.2894685626029968,0.502180137095648,0.36552769839763644,0.5509164020725504,0.7,1.0,1.0,1.0
579165,mscoco,0.05351352859288454,0.17469932452761067,0.09480320662260056,0.2439196723515474,0.1,0.2,0.0,0.0256410256410256
323868,mscoco,0.10088028013706207,0.2524891580321838,0.2667095199227333,0.46722599598384684,0.1,0.1666666666666666,0.7,1.0
119947,mscoco,0.09058091510087252,0.22262572108120565,0.123710523173213,0.27151723646344883,0.1,1.0,0.1,0.5
536201,mscoco,0.032177779078483584,0.09660561909295312,0.041238563135266304,0.11733708183437593,0.1,1.0,0.1,1.0
151432,mscoco,0.25673946887254717,0.4102385163968839,0.27675521075725557,0.47174612815020284,0.5,1.0,0.3,0.3333333333333333
50972,mscoco,0.13197415694594383,0.37662342386802233,0.13918059915304185,0.28029124450663495,0.2,1.0,0.2,0.3333333333333333
222361,mscoco,0.15497369319200516,0.27570208201188123,0.14626478552818298,0.2937341988559328,0.4,0.25,0.7,1.0
183,drawbench,0.0477213229984045,0.13773707975604327,0.028512048488482832,0.07810998692425593,0.0,0.0,0.0,0.0
356654,mscoco,0.08377808481454849,0.19258709766319132,0.10405593030154706,0.23898637119548688,0.1,1.0,0.0,0.0526315789473684
12377,mscoco,0.0221124978736043,0.0852538602665392,0.021558028645813465,0.07001516447849003,0.1,0.25,0.1,1.0
62589,mscoco,0.23433419317007065,0.5054558680061486,0.18767990693449974,0.49874718138163276,0.4,1.0,0.5,1.0
175,drawbench,0.04958391766995192,0.1241800492127646,0.06861638016998768,0.14337250282483247,0.0,0.0,0.0,0.0
97569,mscoco,0.025258878991007806,0.07516948305236656,0.027091024722903968,0.09813757708785377,0.1,0.1111111111111111,0.2,0.3333333333333333
118342,mscoco,0.23209723830223083,0.4413776733757619,0.2126060500741005,0.34930850700452865,0.5,1.0,0.7,0.5
226348,mscoco,0.13364903330802919,0.33780384484514936,0.15824876576662064,0.3191322083575426,0.1,0.5,0.1,1.0
507833,mscoco,0.015086411265656352,0.04360113520961044,0.009149255882948636,0.03593492041710522,0.1,1.0,0.1,1.0
509503,mscoco,0.10021870881319046,0.19542343102908222,0.06988432202488185,0.21541705041843204,0.4,1.0,0.3,0.5
265447,mscoco,0.12649473026394845,0.30795899733496723,0.13858985602855683,0.2606439870408126,0.6,1.0,0.6,1.0
39398,mscoco,0.29961341470479963,0.4541495190477572,0.5096442520618438,0.7215132545360061,0.1,0.5,0.2,1.0
475667,mscoco,0.24497636184096336,0.4295598123560598,0.16536675505340098,0.3819559255775336,0.3,0.3333333333333333,0.3,0.5
110829,mscoco,0.06586393639445305,0.1635034960930764,0.05741201359778643,0.17418000915439244,0.0,0.0434782608695652,0.2,1.0
423830,mscoco,0.21787203662097454,0.6463398568421604,0.1714940533041954,0.44226169172349183,0.1,0.125,0.2,1.0
159567,mscoco,0.1638058081269264,0.22210951296002382,0.15159307606518269,0.348615398489614,0.1,1.0,0.0,0.003012048192771
67422,mscoco,0.23376396298408508,0.3868857878992059,0.2641472458839417,0.5267759769448124,0.3,0.5,0.3,0.5
449210,mscoco,0.2480581894516945,0.5796930711402122,0.32837116718292236,0.5651651237624495,0.1,0.2,0.4,1.0
561386,mscoco,0.060186608042567966,0.1686672777289285,0.188956218957901,0.38418996590213694,0.2,0.2,0.2,0.25
136267,mscoco,0.232475908100605,0.39558133979056853,0.2738345429301262,0.5502114466961862,0.8,1.0,0.6,0.5
147294,mscoco,0.14101574271917344,0.26937291030539007,0.2231274049729109,0.3120657931123274,0.1,0.2,0.2,0.5
127074,mscoco,0.24454433470964432,0.4874605829501511,0.26879860609769823,0.4248926258387341,0.3,1.0,0.6,1.0
355593,mscoco,0.07132028434425593,0.18370460373417768,0.07758089825510979,0.27942867247279024,0.0,0.0005411255411255,0.0,0.0078740157480314
82,drawbench,0.11357183456420898,0.268315020716599,0.21413132771849633,0.3899888096255864,0.1,0.1666666666666666,0.0,0.032258064516129
97614,mscoco,0.10503367464989424,0.351600071031599,0.1833704151213169,0.3701755575422785,0.0,0.0196078431372549,0.0,0.0555555555555555
548219,mscoco,0.18573953062295914,0.44801018262111597,0.15844767540693283,0.44582543188223556,0.4,0.5,0.4,1.0
232031,mscoco,0.029352635703980924,0.09769980154730618,0.03170530181378126,0.09941360094362724,0.1,0.5,0.0,0.0526315789473684
212047,mscoco,0.04626057837158441,0.1341942852113301,0.05090052466839552,0.1485992944820731,0.1,1.0,0.1,1.0
532520,mscoco,0.023777425475418567,0.07476436521533279,0.026586129143834115,0.08076580031204433,0.2,0.3333333333333333,0.1,0.25
202923,mscoco,0.17824930604547262,0.31552124900142503,0.2371257171034813,0.516608218631559,0.4,0.25,0.3,0.1666666666666666
32675,mscoco,0.1821056231856346,0.4809503563802278,0.19547115713357927,0.4649795193587104,0.1,1.0,0.1,1.0
280112,mscoco,0.27466940581798555,0.5580549100752474,0.26757443100214007,0.47732105148583714,0.3,0.3333333333333333,0.2,1.0
230982,mscoco,0.03984273038804531,0.12954136824122023,0.05467802919447422,0.14591553590022785,0.1,0.5,0.0,0.0714285714285714
104340,mscoco,0.018745399662293494,0.054992356402674046,0.03402614612132311,0.11064561749531161,0.0,0.0256410256410256,0.1,1.0
444912,mscoco,0.018668132461607458,0.0765258027340982,0.03615766176953912,0.16564861330871777,0.0,0.0833333333333333,0.1,0.1666666666666666
210071,mscoco,0.15413366742432116,0.32241613321959306,0.15011836178600788,0.25558718886381326,0.9,1.0,1.0,1.0
541203,mscoco,0.08274665921926498,0.1812195182467714,0.11986488830298185,0.23996499188165885,0.1,0.1,0.2,1.0
64626,mscoco,0.10867985934019089,0.27011516349966147,0.1926310822367668,0.46917379011547794,0.1,0.1111111111111111,0.0,0.0555555555555555
224060,mscoco,0.19962858632206917,0.3512523866333391,0.1206355519592762,0.3124875689959652,0.1,1.0,0.1,1.0
411028,mscoco,0.11568431034684182,0.24153727561357052,0.22431729584932328,0.51407913339581,0.4,1.0,0.5,1.0
228712,mscoco,0.030634994991123675,0.12251992263423446,0.026261625811457634,0.09044706342732334,0.1,0.125,0.0,0.0256410256410256
170365,mscoco,0.17252191826701163,0.3843082298519027,0.1641956515610218,0.35944258881050595,0.0,0.0769230769230769,0.1,0.125
346403,mscoco,0.2807768493890762,0.46505941011158675,0.3691128045320511,0.5044514403802589,0.0,0.0163934426229508,0.2,1.0
265597,mscoco,0.390028315782547,0.573223175695587,0.3769991621375084,0.49141218678972315,1.0,1.0,0.9,0.5
11504,mscoco,0.057399491965770724,0.14306756339931884,0.08728479035198689,0.2244213237783595,0.1,0.125,0.2,0.3333333333333333
546010,mscoco,0.04933690372854471,0.17111737383830355,0.04372455277480185,0.16258994124363735,0.1,1.0,0.1,0.5
287003,mscoco,0.22802374362945557,0.5794526864096562,0.2768243789672852,0.46261835272126794,0.1,1.0,0.3,0.5
485406,mscoco,0.05353729445487261,0.21471965014421354,0.1092343132942915,0.22282614729768524,0.0,0.0416666666666666,0.1,1.0
299051,mscoco,0.10096517764031887,0.19807309977984824,0.14642434567213058,0.35337297113846355,0.3,1.0,0.5,1.0
67,drawbench,0.019983830768615006,0.05967130046319095,0.0321385899791494,0.15081523866730287,0.0,0.0,0.0,0.0
107481,mscoco,0.2945637345314026,0.4819281524646573,0.3833270132541656,0.6532232572927511,0.4,0.3333333333333333,0.5,1.0
160968,mscoco,0.2997231066226959,0.45349649793115854,0.2321720950305462,0.3900240389043635,0.1,0.1428571428571428,0.1,0.3333333333333333
447983,mscoco,0.08044607266783714,0.16848412608984595,0.15558551847934723,0.24551706047322008,0.1,1.0,0.1,1.0
192651,mscoco,0.11554563343524933,0.31263809762660816,0.17768561691045762,0.3590743348783163,0.3,0.5,0.5,1.0
341856,mscoco,0.052783853374421597,0.18456973260994897,0.0672424217686057,0.16455276977165537,0.3,0.5,0.2,1.0
45809,mscoco,0.11535725183784962,0.27710732909901015,0.1275082379579544,0.303927384831007,0.6,1.0,0.6,1.0
552089,mscoco,0.07572782635688782,0.24017837531730504,0.06262599593028426,0.1600582961110796,0.1,0.1111111111111111,0.1,0.1
24097,mscoco,0.09426927641034126,0.24915666118294547,0.07533238399773837,0.21843295456611736,0.1,1.0,0.1,1.0
433451,mscoco,0.14453083220869303,0.25621745177360433,0.15612648613750935,0.28729098812091913,0.0,0.0909090909090909,0.1,0.1666666666666666
547100,mscoco,0.07185860984027385,0.1531502503627957,0.04803238846361637,0.1320510581775144,0.1,1.0,0.1,1.0
485595,mscoco,0.04363618828356266,0.12439876979638326,0.055091531574726106,0.1741196464286569,0.1,0.5,0.1,1.0
266209,mscoco,0.11614617183804513,0.26833945390740394,0.1287645325064659,0.26297323435749875,0.2,0.3333333333333333,0.8,1.0
559754,mscoco,0.04435977889224887,0.1467258193512726,0.03576048775576055,0.08529373058727482,0.3,0.25,0.5,1.0
253848,mscoco,0.1317932724952698,0.26694589339484803,0.10630559846758843,0.26754283424107045,0.0,0.0434782608695652,0.1,0.1666666666666666
51487,mscoco,0.027167250961065294,0.10363312813774546,0.03152668727561832,0.10910508190688747,0.1,1.0,0.1,1.0
8725,mscoco,0.19118014350533485,0.347622813075507,0.1926647827029228,0.3990647458036799,0.0,0.003690036900369,0.0,0.0909090909090909
115,drawbench,0.10466988012194633,0.2720299477831188,0.09440564177930355,0.24159905106591506,0.0,0.0,0.0,0.0
168833,mscoco,0.16658532246947289,0.4145669914997295,0.2448359876871109,0.37019610801246955,0.0,0.02,0.0,0.0357142857142857
248682,mscoco,0.2851115081459284,0.4293752710119925,0.3109291344881058,0.46728407043374826,0.6,0.5,0.8,1.0
488032,mscoco,0.2386161655187607,0.5391028719386879,0.3960429966449738,0.5996159431824133,0.3,1.0,0.6,1.0
24242,mscoco,0.05820761825889349,0.149028336074642,0.13716874569654464,0.3071345710829818,0.0,0.05,0.5,1.0
150546,mscoco,0.08193695098161698,0.26933073025367044,0.08205630667507649,0.22365347434801128,0.1,0.5,0.1,1.0
67563,mscoco,0.37189880907535555,0.47532776219212214,0.3455148354172707,0.49488093645397246,0.2,1.0,0.0,0.0833333333333333
36783,mscoco,0.3272058740258217,0.7108729594910606,0.3335679844021797,0.5340715782700887,0.0,0.0040485829959514,0.1,0.1428571428571428
216015,mscoco,0.12915881238877774,0.3181092525465222,0.129764836281538,0.3355851325214859,0.2,1.0,0.1,1.0
530904,mscoco,0.06611569467931985,0.20984591704647781,0.06312671601772309,0.17808497558839514,0.3,0.3333333333333333,0.3,1.0
15356,mscoco,0.17831730023026465,0.34729293090597274,0.1724415399134159,0.4031153976244618,0.4,0.3333333333333333,0.4,1.0
213809,mscoco,0.04050683174282312,0.14185496627789057,0.03334469646215439,0.13509923352622297,0.1,1.0,0.1,1.0
407057,mscoco,0.021711083129048347,0.07199798544015723,0.022219301806762813,0.09116248419664294,0.4,1.0,0.3,1.0
229142,mscoco,0.1447961263358593,0.34088673439873407,0.18404213413596154,0.43603203640199767,0.1,0.3333333333333333,0.1,0.1428571428571428
307990,mscoco,0.17593079581856727,0.30046832818177294,0.3077616930007935,0.4509345295970635,0.3,0.25,0.2,0.5
185,drawbench,0.048806005623191595,0.16508084015706,0.04318322506733239,0.14078307529716044,0.0,0.0,0.0,0.0
318820,mscoco,0.12023272216320038,0.3102376395015298,0.11251017637550831,0.3047775735650516,0.1,1.0,0.1,1.0
575303,mscoco,0.033142344653606416,0.12342607653728062,0.03533234838396311,0.13007436350719678,0.1,1.0,0.1,1.0
578094,mscoco,0.056359623186290266,0.1530903020009695,0.05943202190101147,0.1640751899479144,0.4,1.0,0.7,1.0
54611,mscoco,0.09401097558438778,0.18382581744759272,0.13778262212872505,0.33007962242570854,0.2,0.3333333333333333,0.7,1.0
5903,mscoco,0.08276286236941814,0.281136688834538,0.0828209739178419,0.2739546375412318,0.2,1.0,0.1,1.0
238603,mscoco,0.2829797603189945,0.40464259472552816,0.4045730248093605,0.6867635014420179,0.3,0.1666666666666666,0.7,1.0
113089,mscoco,0.05574286766350269,0.17291740929004795,0.10161418952047825,0.22927715976280993,0.1,1.0,0.1,1.0
381759,mscoco,0.025311320228502153,0.08772553765677227,0.03721581222489476,0.09942303797650558,0.0,0.0104166666666666,0.1,0.5
486580,mscoco,0.18481579869985582,0.40736748519212124,0.2559932589530945,0.5201323022804885,0.0,0.0434782608695652,0.2,0.25
480720,mscoco,0.31518259942531585,0.48453132565761653,0.380746003985405,0.5649194798916507,0.6,0.3333333333333333,0.5,1.0
289140,mscoco,0.022791462019085884,0.06687049940612193,0.023969632387161256,0.06825993747788701,0.1,0.2,0.1,0.3333333333333333
91719,mscoco,0.22924215942621232,0.33577187808757314,0.3533474639058113,0.5974206590952895,0.2,0.3333333333333333,0.8,1.0
8944,mscoco,0.10929962657392026,0.2930030620757481,0.09945201165974141,0.21310143220599437,0.1,0.3333333333333333,0.0,0.0833333333333333
468742,mscoco,0.1035657662898302,0.2199672638445807,0.1320628672838211,0.2373874496042861,0.3,1.0,0.3,1.0
512723,mscoco,0.33956735730171206,0.5773233246812061,0.3447282284498215,0.44726638307947564,0.5,1.0,0.8,1.0
167962,mscoco,0.23836948573589326,0.36688440392912164,0.39454915225505827,0.5958362949310435,0.2,0.1666666666666666,0.4,0.3333333333333333
132161,mscoco,0.08545982223004103,0.19427407372391817,0.09093450419604779,0.23030519742520777,0.0,0.0416666666666666,0.1,1.0
260336,mscoco,0.11219981908798218,0.28664863815953884,0.12583793103694915,0.25681937316721026,0.6,1.0,0.8,1.0
320429,mscoco,0.17960928194224834,0.3311421289569462,0.23689804077148438,0.4408040731374097,0.1,0.1,0.2,1.0
465893,mscoco,0.12740955650806426,0.25141062072209086,0.18386140316724778,0.41648971675434265,0.2,0.1666666666666666,0.5,0.3333333333333333
34183,mscoco,0.06398103516548873,0.187938435545583,0.052761527709662914,0.19905750626540622,0.2,1.0,0.2,1.0
531404,mscoco,0.010679591586813331,0.041058425508980506,0.009545706305652856,0.03405692377472133,0.0,0.015625,0.1,0.1666666666666666
551651,mscoco,0.12449968084692956,0.30330069548027555,0.14207782596349716,0.29821214274688046,0.1,0.1428571428571428,0.2,0.5
140921,mscoco,0.23486688882112502,0.5201651930380268,0.40369492322206496,0.566066712020452,0.2,1.0,0.2,1.0
449780,mscoco,0.2207125671207905,0.3462024899061272,0.26756907999515533,0.5187038133574445,0.1,0.1666666666666666,0.0,0.0588235294117647
560326,mscoco,0.10202358067035674,0.2333471515432481,0.1002075295895338,0.24675455482384737,0.2,0.5,0.3,1.0
440813,mscoco,0.029432987608015538,0.09047011956167049,0.03260828331112862,0.13207756675723814,0.1,0.5,0.1,0.25
126,drawbench,0.18046210408210756,0.36390138992353266,0.17408763021230697,0.36252618783214724,0.0,1.321684883889983e-05,0.0,4.428305730227615e-05
44,drawbench,0.2160290390253067,0.2976836134133268,0.22173043489456176,0.42180142316584585,0.0,2.0200795911358907e-05,0.0,0.0002699784017278
174417,mscoco,0.029758764291182162,0.09025448836988614,0.039413290284574035,0.12423251421788156,0.1,1.0,0.1,0.5
423215,mscoco,0.08375842496752739,0.2090384276713885,0.1649595767259598,0.38692163278009944,0.0,0.0017094017094017,0.0,0.0588235294117647
478090,mscoco,0.19207218289375305,0.3716421020078121,0.15240995660424234,0.3249524195656826,0.0,0.0588235294117647,0.1,0.1666666666666666
83034,mscoco,0.028849675320088863,0.11751373273648326,0.059133410826325415,0.17571438077837365,0.1,1.0,0.0,0.0833333333333333
325568,mscoco,0.10192902758717537,0.24884225914212196,0.17734045162796974,0.33781288896902434,0.0,0.0010660980810234,0.0,0.0007107320540156
517603,mscoco,0.15393945425748826,0.3358971839061033,0.20654459521174431,0.5760908306404152,0.4,0.25,0.1,0.2
460287,mscoco,0.13463938236236572,0.29604661493954204,0.13216297328472137,0.22996060301474427,0.2,1.0,0.2,1.0
337546,mscoco,0.1538240671157837,0.2859471512417395,0.23287217766046525,0.4234036354347874,0.1,0.1111111111111111,0.3,1.0
389491,mscoco,0.31429604068398476,0.5088217744618715,0.35781394094228747,0.6544347821846425,0.0,0.024390243902439,0.2,0.5
557451,mscoco,0.05625504869967699,0.20108082073278763,0.04897087682038546,0.13911596564663617,0.2,1.0,0.2,1.0
20414,mscoco,0.1039698425680399,0.24987656789113014,0.11627707406878471,0.24130772466601028,0.4,1.0,0.7,1.0
402603,mscoco,0.09232757426798344,0.25644876638023084,0.1052711095660925,0.2554527088484625,0.1,0.5,0.1,1.0
93116,mscoco,0.06491398457437754,0.19282602457202824,0.0726976029574871,0.1887517975900382,0.3,0.25,0.4,1.0
202143,mscoco,0.0797329694032669,0.2466552017165503,0.21366338208317756,0.45058791649970525,0.4,0.5,0.8,1.0
477526,mscoco,0.2557250000536442,0.49276591094879263,0.27804393619298934,0.5124321751942836,0.2,1.0,0.3,1.0
557388,mscoco,0.2078188553452492,0.39090481930093873,0.19630381986498832,0.4355681139471022,0.5,1.0,0.2,1.0
120254,mscoco,0.1417353168129921,0.3700312567081724,0.1738692156970501,0.38000850675585734,0.1,0.1666666666666666,0.2,0.25
188606,mscoco,0.17085299603641033,0.3475837367790507,0.15044132843613625,0.4271316907506758,0.0,0.037037037037037,0.1,0.1
490336,mscoco,0.13991680070757867,0.2687372334796238,0.19306201562285424,0.34192564798613256,0.1,0.3333333333333333,0.4,0.5
82731,mscoco,0.04950174130499363,0.1477740117378208,0.05415211077779532,0.1358824200252256,0.1,0.1428571428571428,0.1,0.1
46674,mscoco,0.04625635016709566,0.13423398082191543,0.058804163709282875,0.13619423350085438,0.1,1.0,0.1,1.0
534366,mscoco,0.09541776441037655,0.3092439953722471,0.15971456542611123,0.29306945361196407,0.2,1.0,0.3,1.0
493774,mscoco,0.019311807956546544,0.07434259480167542,0.02252023443579674,0.06766452337986768,0.0,0.0833333333333333,0.2,0.5
417547,mscoco,0.05411053840070963,0.15003477650027547,0.0747209781780839,0.2134996757150973,0.0,0.0344827586206896,0.0,0.0119047619047619
63556,mscoco,0.03165435018017888,0.09097597201049724,0.04310217518359423,0.12546200229015206,0.1,0.3333333333333333,0.1,1.0
479036,mscoco,0.11235092729330062,0.31218094384962564,0.12990850061178208,0.3251371338476479,0.4,1.0,0.4,1.0
515424,mscoco,0.12408191114664077,0.30603614248581346,0.2531090430915356,0.4523549590701835,0.2,0.5,0.1,0.25
320899,mscoco,0.04877917189151049,0.1577463196514983,0.10366775766015053,0.2867630516824983,0.1,0.125,0.1,0.125
353378,mscoco,0.05593283623456955,0.16541789580519206,0.05265124272555113,0.14623916280403085,0.1,1.0,0.1,1.0
26517,mscoco,0.18952363058924676,0.33068289252109656,0.25617417618632315,0.42370905637821554,0.1,0.2,0.2,1.0
559912,mscoco,0.19903632625937462,0.35840774062529707,0.20156713724136352,0.3898789625731492,0.4,0.2,0.5,1.0
5913,mscoco,0.1520715393126011,0.2775520211218445,0.14246754348278046,0.34382578170355205,0.0,0.0833333333333333,0.0,0.0625
390474,mscoco,0.1673172827810049,0.36423930049026654,0.17249183356761932,0.3603258062409279,0.5,0.5,0.6,1.0
235062,mscoco,0.1330596350133419,0.2876706625449756,0.12746136784553527,0.313373790902041,0.2,0.3333333333333333,0.2,1.0
313015,mscoco,0.01729357410222292,0.06368680911698096,0.01679980824701488,0.058174465870228016,0.1,0.2,0.1,1.0
397857,mscoco,0.033114518690854314,0.1454102303620156,0.03931125719100237,0.15855750301221008,0.1,1.0,0.1,1.0
550140,mscoco,0.14704547449946404,0.28957376302511983,0.1430968265980482,0.3358379929449442,0.7,0.25,0.5,0.5
461836,mscoco,0.2424393255263567,0.3011869492628126,0.2628625392913818,0.45527353513662094,0.0,0.0666666666666666,0.0,0.0714285714285714
106,drawbench,0.07901233062148094,0.2620575524671703,0.16947957947850228,0.31647911328087114,0.0,0.02,0.1,0.1666666666666666
81779,mscoco,0.0997164037078619,0.23506768671923933,0.12763123773038387,0.3473796780936542,0.1,0.5,0.1,0.25
215134,mscoco,0.4365678921341896,0.4820524068516061,0.5609091758728028,0.7148233701102302,0.1,0.3333333333333333,0.1,0.25
523309,mscoco,0.025745210144668816,0.08971565700674804,0.033302913047373296,0.15922745772711283,0.0,0.0833333333333333,0.0,0.0833333333333333
171,drawbench,0.042313076183199884,0.12308314207337373,0.0589735796675086,0.15868528736105214,0.0,0.0,0.0,0.0
380500,mscoco,0.21586696058511734,0.40129145623973456,0.21428146064281464,0.5528418850083554,0.0,0.0192307692307692,0.2,1.0
156128,mscoco,0.3349117748439312,0.8229164545477297,0.34039057940244677,0.6103796125185451,0.2,1.0,0.4,1.0
125908,mscoco,0.11095430068671704,0.25308242697839045,0.22038444876670837,0.4041416668922942,0.4,0.5,0.4,0.5
488303,mscoco,0.06186215542256832,0.18308114719385984,0.06331765707582235,0.1398568136673292,0.1,0.3333333333333333,0.0,0.0476190476190476
49725,mscoco,0.1516837604343891,0.35733098267973273,0.16227249354124068,0.4159629773932803,0.1,0.5,0.1,0.5
556363,mscoco,0.05406195316463709,0.17162499925578992,0.04581507947295904,0.14238385186191233,0.1,1.0,0.1,0.1428571428571428
279947,mscoco,0.13559354469180107,0.29160215471288414,0.1606752209365368,0.3569904560212129,0.3,0.5,0.6,1.0
139083,mscoco,0.17730951216071844,0.33285427674259205,0.26522799879312514,0.652909500218285,0.2,0.3333333333333333,0.0,0.0666666666666666
325055,mscoco,0.08982385657727718,0.22819339864291746,0.08548565488308668,0.18066919738291026,0.3,0.25,0.3,0.3333333333333333
483311,mscoco,0.6357652515172958,0.8273948748886855,0.7055216073989868,0.9019138332627579,0.8,1.0,0.8,0.5
206410,mscoco,0.08438593354076147,0.2225626211221509,0.11341887451708317,0.24092108890221872,0.2,1.0,0.0,0.0212765957446808
270290,mscoco,0.04021291779354215,0.14967127847930028,0.03990051439031959,0.10843505851539496,0.3,1.0,0.3,1.0
542937,mscoco,0.05360094830393791,0.1808777893626527,0.06489742361009121,0.17064863709967132,0.2,0.25,0.1,0.2
109178,mscoco,0.04172016400843859,0.1415415127192828,0.05341381775215268,0.1438789737726924,0.9,1.0,1.0,1.0
286116,mscoco,0.04488889258354902,0.12447862073612206,0.041495412774384025,0.12040445987847205,0.2,0.1428571428571428,0.3,1.0
369557,mscoco,0.15226086005568504,0.3410612751209883,0.18889127373695375,0.4248238192678367,0.2,0.5,0.5,1.0
195810,mscoco,0.16122143249958754,0.33217769045279083,0.14882616885006428,0.25943256167436707,0.1,1.0,0.1,0.5
561907,mscoco,0.050002061482518914,0.15207792870895467,0.03749284083023667,0.13874913308774126,0.0,0.03125,0.0,0.0010604453870625
100083,mscoco,0.06254269387573004,0.19959808240480612,0.06453871168196201,0.18435864848955608,0.9,1.0,0.5,1.0
427113,mscoco,0.07563167735934258,0.25098838145247493,0.12342733107507228,0.30638890141534575,0.3,1.0,0.5,1.0
504670,mscoco,0.09144549146294594,0.21750577198565654,0.07311121337115764,0.19174694549653779,0.0,0.0384615384615384,0.0,0.04
171656,mscoco,0.07477755583822727,0.24204398560436574,0.09616989009082318,0.2613199338516199,0.1,0.1428571428571428,0.1,1.0
337011,mscoco,0.03359587648883462,0.11595273693729694,0.0241240244358778,0.09656632132103857,0.0,0.0344827586206896,0.1,0.5
452031,mscoco,0.03799149133265019,0.10424503750792005,0.05523611418902874,0.16032097101326476,0.1,1.0,0.0,0.0769230769230769
59593,mscoco,0.1528319414705038,0.3422729569025585,0.19495111666619777,0.555138890562559,0.3,0.3333333333333333,0.2,1.0
469894,mscoco,0.13666894100606441,0.2732626284103041,0.23194836527109147,0.4346035334684436,0.1,0.25,0.6,0.5
427688,mscoco,0.2858442135155201,0.2628951404364334,0.3168662551790476,0.5102902538248014,0.5,0.2,0.9,1.0
247394,mscoco,0.15986557006835939,0.3332121404212887,0.13556015342473984,0.2509142938422234,0.2,1.0,0.2,0.5
189197,mscoco,0.15634948313236235,0.30405271801183426,0.13446852453053,0.30727782906367557,0.0,0.024390243902439,0.0,0.0769230769230769
293218,mscoco,0.17829843387007713,0.32268534839821467,0.20296380296349525,0.545531911544133,0.1,0.25,0.5,1.0
563257,mscoco,0.20813044384121895,0.3891853189869452,0.22267955988645555,0.47226445350467416,0.0,0.0285714285714285,0.1,0.1
188556,mscoco,0.08372201453894376,0.2349721868364995,0.11272668428719043,0.2912373630894933,0.4,1.0,0.6,0.5
544348,mscoco,0.10000933781266212,0.2735685569916152,0.10578040778636932,0.2586447038726589,0.1,1.0,0.1,1.0
492817,mscoco,0.1346391260623932,0.27798041438344817,0.11967019699513912,0.2858526112516616,0.5,1.0,0.2,0.3333333333333333
5614,mscoco,0.05397082315757871,0.11093029268020277,0.08378086984157562,0.19712255130727355,0.1,0.1666666666666666,0.6,1.0
58250,mscoco,0.054176421649754045,0.17142541776202794,0.08242431562393904,0.3356453279157412,0.0,0.0212765957446808,0.1,1.0
110348,mscoco,0.15119084045290948,0.3266423959327179,0.2062317982316017,0.511263724148143,0.8,1.0,0.9,1.0
502179,mscoco,0.17058696001768112,0.26506387969838097,0.2432070791721344,0.4702374030679716,0.0,0.0476190476190476,0.0,0.0833333333333333
357948,mscoco,0.034303176961839196,0.13192805253745377,0.036726245563477276,0.1318279430400214,0.1,1.0,0.1,0.5
293081,mscoco,0.26685311272740364,0.37680752432887216,0.40924204513430595,0.7013381064502242,0.3,0.5,0.6,0.5
531883,mscoco,0.09519830755889416,0.2826578635536652,0.0929590828716755,0.26368329066928115,0.2,1.0,0.2,1.0
241911,mscoco,0.06282890997827054,0.16170435357094423,0.07971343770623207,0.2179599085254974,0.1,0.1428571428571428,0.1,0.125
253480,mscoco,0.17690836936235427,0.2743336445007138,0.21878368481993676,0.5399279114902598,0.0,0.0588235294117647,0.3,0.5
7,drawbench,0.33983059227466583,0.7229086039559665,0.31375429928302767,0.4681743186744468,0.0,5.006257822277847e-05,0.0,0.0001886080724254
418853,mscoco,0.09804373756051063,0.22931855216115668,0.11027823835611343,0.2575623481807475,0.1,0.3333333333333333,0.1,1.0
476341,mscoco,0.11624195575714111,0.25726568949719936,0.1821432627737522,0.3381450820969787,0.0,0.0181818181818181,0.0,0.0013351134846461
92554,mscoco,0.04873435012996197,0.1130807913965584,0.04480209443718195,0.19552805278769042,0.1,0.5,0.3,1.0
186145,mscoco,0.22312167808413505,0.5146682090487287,0.26221899390220643,0.519581497300064,0.2,0.1666666666666666,0.5,0.3333333333333333
323424,mscoco,0.04978757314383984,0.151914627136271,0.07875402458012104,0.18842091833011662,0.0,0.0357142857142857,0.2,0.1428571428571428
92670,mscoco,0.09938887320458889,0.22876779317754564,0.09642224125564099,0.2600635810232174,0.2,0.5,0.2,0.5
436333,mscoco,0.07493100594729185,0.15521734033159393,0.07134685534983873,0.22227720298101777,0.0,0.0285714285714285,0.1,0.5
25748,mscoco,0.10551422275602818,0.22025861416582432,0.08405202683061361,0.20207350002632452,0.0,0.0666666666666666,0.1,1.0
437156,mscoco,0.14447345100343228,0.38752475017699606,0.1968921221792698,0.4064311109398449,0.5,1.0,1.0,1.0
40361,mscoco,0.1884043550118804,0.4303822503973581,0.2873880833387375,0.4236496573896426,0.1,0.125,0.4,0.3333333333333333
190,drawbench,0.04074106924235821,0.11799224077037529,0.07803086750209332,0.21606467509003047,0.0,0.0,0.0,0.0
477988,mscoco,0.060550613701343535,0.1657045705795353,0.06399135813117027,0.1780392760473457,0.2,1.0,0.2,1.0
108238,mscoco,0.10425157155841588,0.27619580416386685,0.13794810585677625,0.4762348697067478,0.0,0.03125,0.1,1.0
397575,mscoco,0.10614402815699578,0.2328513979559226,0.1213257759809494,0.2677320718014415,0.0,0.0192307692307692,0.1,1.0
442667,mscoco,0.11899474896490574,0.2609743602168034,0.1554023042321205,0.3469853757263775,0.0,0.0212765957446808,0.4,0.5
362839,mscoco,0.03990124752745032,0.1315049964463312,0.03741394355893135,0.13602318361072824,0.1,1.0,0.1,1.0
375004,mscoco,0.10036867931485176,0.25085062972598754,0.1458902083337307,0.3170090460678127,0.1,0.5,0.1,1.0
409949,mscoco,0.38629469871520994,0.6993329500415675,0.3760743960738182,0.511522565818978,0.4,1.0,0.6,1.0
549532,mscoco,0.2371281534433365,0.3720563055831289,0.24505235627293587,0.36269725330696495,0.5,0.3333333333333333,0.2,0.1111111111111111
434511,mscoco,0.08877754993736744,0.3057584971216857,0.1330415543168783,0.3281332295188066,0.1,1.0,0.1,1.0
33481,mscoco,0.05295544629916549,0.12014023997847041,0.07558534312993288,0.15035746895919697,0.3,1.0,0.2,1.0
306232,mscoco,0.11299374401569366,0.2943403418087603,0.12493604309856891,0.35359913602731674,0.0,0.0222222222222222,0.0,0.0769230769230769
154119,mscoco,0.11562806852161885,0.25900106162907455,0.15416160076856614,0.3803259005895787,0.4,0.3333333333333333,0.6,1.0
525467,mscoco,0.14646387994289398,0.42425570285655256,0.23992570787668227,0.3646281833249255,0.3,1.0,0.3,1.0
494360,mscoco,0.16931534856557845,0.3784791273303963,0.12829650864005088,0.347717367606408,0.1,0.5,0.1,0.125
223574,mscoco,0.036330945510417226,0.09261314098829364,0.031805569771677256,0.09789796834518684,0.1,0.5,0.1,1.0
347113,mscoco,0.10094213783740998,0.2343078193054414,0.08648805916309357,0.22621702145353456,0.0,0.0014903129657228,0.0,0.0833333333333333
25697,mscoco,0.30056632310152054,0.4546387176428642,0.3220856711268425,0.4640076416663818,0.8,1.0,0.7,1.0
198978,mscoco,0.07008351814001798,0.2102889947227566,0.17195704877376555,0.3829165940715859,0.0,0.0666666666666666,0.3,0.25
172776,mscoco,0.15865434631705283,0.31578525739209085,0.32443473786115645,0.4214552006417203,0.2,0.25,0.7,0.25
59515,mscoco,0.03441499518230558,0.09858130244030194,0.08156891204416752,0.28032319257925964,0.0,0.0055555555555555,0.0,0.0017391304347826
35715,mscoco,0.06896312646567822,0.1890324728527671,0.06741132251918316,0.1994423986476335,0.0,0.05,0.1,1.0
386777,mscoco,0.10916579850018024,0.2948122160830857,0.06737580448389054,0.20723958665880374,0.2,1.0,0.1,0.1428571428571428
527342,mscoco,0.1311080178245902,0.2477203703996552,0.13833859860897063,0.26312415580405046,0.1,0.3333333333333333,0.1,1.0
408838,mscoco,0.2567408375442028,0.5483359523112716,0.33766774386167525,0.5573575340402709,0.1,0.1666666666666666,0.0,0.02
53744,mscoco,0.03459692066535354,0.10897052864785974,0.058786997199058534,0.17355449052020422,0.1,1.0,0.8,1.0
218960,mscoco,0.18689456358551979,0.38933381989653404,0.22630359530448912,0.4059794663510274,0.2,1.0,0.3,1.0
404367,mscoco,0.19759370908141136,0.36905915366332287,0.35613408535718916,0.565633889372142,0.4,0.3333333333333333,0.5,1.0
500071,mscoco,0.026942844316363335,0.09859381344961972,0.027083308808505534,0.08043783106412455,0.0,0.009090909090909,0.1,1.0
74331,mscoco,0.3323153555393219,0.5190170362690121,0.34210074245929717,0.5557659898828403,0.2,1.0,0.1,1.0
47652,mscoco,0.196762253344059,0.34783960829570804,0.23556533753871917,0.44939781481520763,0.0,0.0714285714285714,0.6,1.0
299154,mscoco,0.047200327180325984,0.1579963242464853,0.06109579149633646,0.14193372384039665,0.1,0.1666666666666666,0.2,0.5
499004,mscoco,0.15786048527806998,0.3274058320304936,0.12619519978761673,0.3073873450181127,0.1,0.2,0.3,0.25
13471,mscoco,0.16035924330353737,0.36649536725547915,0.14833940118551253,0.32522324433099825,0.3,1.0,0.6,1.0
280810,mscoco,0.0842270977795124,0.19688740209864303,0.13745118342339993,0.33560860254354347,0.2,0.5,0.1,0.3333333333333333
322008,mscoco,0.06276528928428889,0.18507770738198281,0.1706400878727436,0.3606350182071776,0.1,0.1428571428571428,0.0,0.0909090909090909
108871,mscoco,0.09370477534830571,0.21379368362003756,0.11937418691813946,0.2774636550394135,0.1,0.5,0.1,1.0
509626,mscoco,0.055410993099212644,0.17305687277784076,0.07115227244794368,0.21542250046192768,0.1,0.2,0.0,0.0014492753623188
105853,mscoco,0.186146030575037,0.3644229289525599,0.14721972718834878,0.3351634617727801,0.0,0.024390243902439,0.3,1.0
478320,mscoco,0.12830615565180778,0.3775939410652406,0.13214121162891387,0.31613417523133924,0.5,1.0,0.2,1.0
517632,mscoco,0.1903557851910591,0.380857389475047,0.1775567002594471,0.38989201537790313,0.2,1.0,0.2,1.0
194105,mscoco,0.0904704850167036,0.2252226146493112,0.10989859402179718,0.3323408402696538,0.0,0.032258064516129,0.0,0.0227272727272727
323208,mscoco,0.10229897610843182,0.2518831160203582,0.09828538112342358,0.3028281000553425,0.1,0.25,0.1,0.3333333333333333
116,drawbench,0.19432648718357087,0.32246902814035944,0.19128418564796448,0.526978316240321,0.0,0.0,0.0,0.0
246746,mscoco,0.1318763166666031,0.25621729175839014,0.26469688639044764,0.37455429214119906,0.0,0.0052356020942408,0.2,0.25
243292,mscoco,0.061009467020630835,0.15330366413247964,0.10269957743585109,0.2200844463763657,0.2,0.5,0.3,0.5
125,drawbench,0.2513686239719391,0.43599834301806345,0.2699233412742615,0.4594537456442081,0.0,0.0,0.0,0.0
392363,mscoco,0.20297850742936135,0.2810463125702209,0.2649580478668213,0.49278310870955677,0.0,0.0714285714285714,0.1,0.2
6107,mscoco,0.11745468080043793,0.24676606698057757,0.18729749023914338,0.39064873042556353,0.1,0.1666666666666666,0.3,0.5
279605,mscoco,0.08694681189954281,0.22313475245961092,0.19127876535058022,0.35209322021489764,0.3,0.25,0.3,0.2
518199,mscoco,0.0706071563065052,0.20562861346962477,0.0897801760584116,0.22642089863539142,0.0,0.05,0.0,0.0909090909090909
516990,mscoco,0.47277059555053713,0.6512942771097722,0.47941347062587736,0.6321071280016786,0.7,1.0,0.8,1.0
474504,mscoco,0.15575944036245346,0.3300475890340511,0.26426087617874144,0.5659308527224833,0.0,0.0454545454545454,0.1,0.5
323788,mscoco,0.3446320787072182,0.5881066524806347,0.3410833403468132,0.3838234048522902,0.6,1.0,0.6,1.0
210136,mscoco,0.19295597597956657,0.37760274824042217,0.1754528172314167,0.38350095161196995,0.3,0.2,0.1,0.3333333333333333
450558,mscoco,0.07593438923358917,0.21905680708682496,0.08359998986124992,0.228242617108753,0.0,0.0588235294117647,0.2,0.3333333333333333
542178,mscoco,0.05330029055476189,0.14231650847402294,0.061630232632160185,0.19457249258912246,0.0,0.0076923076923076,0.0,0.0909090909090909
59525,mscoco,0.14694209173321723,0.26733046045663195,0.17867466807365417,0.3723036751324205,0.0,0.0454545454545454,0.2,0.1666666666666666
50201,mscoco,0.12014962807297706,0.22078942827934697,0.07175798453390599,0.20738236064986557,0.1,1.0,0.1,1.0
311629,mscoco,0.06812313012778759,0.19437508144635804,0.08549292050302029,0.2040485658973311,0.2,1.0,0.2,1.0
151594,mscoco,0.08032765127718448,0.22304095649341643,0.08909629303961993,0.18560927481264183,0.4,0.5,0.6,1.0
305545,mscoco,0.015037337644025683,0.05713098857830811,0.01918699564412236,0.06533669049749544,0.1,1.0,0.1,1.0
162393,mscoco,0.20093711465597153,0.4579581356247314,0.26311851292848587,0.552494419695168,0.2,1.0,0.2,1.0
297967,mscoco,0.06415803916752338,0.17676342737297213,0.14770535863935946,0.31719695917580626,0.1,0.1428571428571428,0.1,1.0
237833,mscoco,0.02291673547588289,0.07534072293383878,0.01688546915538609,0.0548162560131882,0.0,0.0181818181818181,0.0,0.0049504950495049
234274,mscoco,0.038524053804576394,0.1321951895602855,0.04756579138338566,0.1426120219229346,0.1,0.5,0.1,0.2
111742,mscoco,0.17220898419618608,0.31765343301333754,0.18588776364922524,0.3351911728985196,0.5,1.0,0.4,1.0
109061,mscoco,0.2262358009815216,0.4214622484847255,0.17647664994001389,0.4293359579439681,0.1,1.0,0.1,1.0
190035,mscoco,0.11032723635435104,0.30205043211667176,0.09661498703062535,0.2636767990700872,0.2,0.25,0.1,1.0
62995,mscoco,0.038909864611923695,0.13406561558578803,0.04748112633824349,0.205384818412676,0.1,1.0,0.1,0.3333333333333333
285484,mscoco,0.0743397694081068,0.19277543244309114,0.058780829049646856,0.1726594815798766,0.0,0.0185185185185185,0.0,0.05
36850,mscoco,0.11339742206037044,0.27952309212005233,0.15493051931262017,0.296283047807935,0.2,0.5,0.3,1.0
110324,mscoco,0.16467261239886283,0.2706987922029392,0.20339131951332093,0.30299673079230444,0.1,0.5,0.0,0.0909090909090909
388566,mscoco,0.3225363366305828,0.7980076549782583,0.3121509216725826,0.69974842284743,0.7,1.0,1.0,1.0
74466,mscoco,0.1294008858501911,0.2508807345206668,0.10661604553461075,0.39083749055377576,0.1,0.1111111111111111,0.1,1.0
358438,mscoco,0.16190887093544007,0.39373951581091376,0.11905659772455693,0.23324704242052863,0.1,0.25,0.1,0.3333333333333333
302137,mscoco,0.17212877422571182,0.36987634720182405,0.24318503886461257,0.44458238245959,0.2,0.3333333333333333,0.4,0.25
144,drawbench,0.06199055723845959,0.17679591074625461,0.05362091511487961,0.1610132497940435,0.0,0.0,0.0,0.0
404766,mscoco,0.33441189378499986,0.706122765780507,0.4712284028530121,0.7235231728779442,0.3,0.5,0.3,0.3333333333333333
322937,mscoco,0.2958673655986786,0.4674871669810688,0.40858871042728423,0.5529893964620388,0.4,1.0,0.9,1.0
245902,mscoco,0.09117149151861667,0.19261850096620003,0.11819343529641628,0.28761249916595555,0.0,0.0222222222222222,0.0,0.0833333333333333
27528,mscoco,0.06061754431575537,0.12594488908657797,0.06408849069848657,0.130840071439725,0.6,1.0,0.8,1.0
254392,mscoco,0.04389943089336157,0.13223195703399085,0.04030863791704178,0.13124614180207286,0.2,1.0,0.2,1.0
34827,mscoco,0.3014149621129036,0.5991880328326132,0.3986361622810364,0.5458112317559944,0.9,1.0,1.0,1.0
291752,mscoco,0.5545902669429779,0.6333771137109023,0.6377706617116928,0.6621113736860664,0.9,1.0,1.0,1.0
126895,mscoco,0.07521243374794721,0.17806312639800254,0.10866176374256611,0.28463594640132206,0.0,0.0833333333333333,0.3,1.0
312316,mscoco,0.18884146511554717,0.3112787126058802,0.25357604324817656,0.5415582310045619,0.0,0.0769230769230769,0.4,1.0
439657,mscoco,0.03758384138345718,0.12032457028519496,0.05423846673220396,0.12687447272115873,0.2,1.0,0.2,1.0
438446,mscoco,0.1770256908610463,0.5048679250813151,0.19771900177001953,0.492677462343087,0.5,0.5,0.7,1.0
470932,mscoco,0.05285131186246872,0.1453673472860218,0.06907091513276101,0.197458359173967,0.2,0.1428571428571428,0.5,0.5
500829,mscoco,0.04700721818953753,0.15123094480836707,0.05031499322503805,0.14225238965563108,0.5,1.0,0.7,0.5
53550,mscoco,0.13447739444673062,0.3722014132481295,0.24565464854240418,0.396818195821484,0.1,1.0,0.2,1.0
395340,mscoco,0.15423867031931876,0.3422847448042096,0.11026647202670574,0.22019845464976368,0.1,0.1666666666666666,0.1,0.5
257983,mscoco,0.4199078604578972,0.6408403098306554,0.47472590804100034,0.6712171075150503,0.4,1.0,0.7,0.5
573052,mscoco,0.0665693337097764,0.18476841007068479,0.07943520732223988,0.18565657352886938,0.1,0.5,0.2,0.1666666666666666
475457,mscoco,0.05732666552066803,0.16237962865755992,0.09964212551712989,0.2707613751077249,0.0,0.0588235294117647,0.2,0.1428571428571428
75,drawbench,0.22482151985168458,0.34030624407549387,0.1920379802584648,0.3118794508098204,0.0,0.0833333333333333,0.1,1.0
11288,mscoco,0.2004287824034691,0.40243865127610046,0.256142395734787,0.5666989369837485,0.0,0.0909090909090909,0.3,1.0
276852,mscoco,0.2414523109793663,0.4898659465871599,0.286067958176136,0.5282792696122645,0.0,0.0303030303030303,0.1,1.0
557780,mscoco,0.14810643941164017,0.34053618179161255,0.16471090391278267,0.3263161756062947,0.2,1.0,0.2,1.0
363165,mscoco,0.1762925811111927,0.34051504213776546,0.18507363870739937,0.45744778422510907,0.1,0.2,0.4,1.0
541880,mscoco,0.2977180451154709,0.39104636641850543,0.31038320660591123,0.5531061524247686,0.7,0.5,0.7,1.0
313526,mscoco,0.05997183173894882,0.17880892263995857,0.05859281960874796,0.2272854517081171,0.1,0.5,0.2,1.0
214055,mscoco,0.1833076111972332,0.3832415325546924,0.2960879199206829,0.4976669307800361,0.0,0.0625,0.1,0.125
458675,mscoco,0.05106600522994995,0.11993705913312598,0.09528127126395702,0.2981707017249562,0.0,0.0294117647058823,0.4,0.3333333333333333
175277,mscoco,0.07189373392611742,0.18325381133871516,0.05971721988171339,0.20987466912634176,0.2,0.3333333333333333,0.5,1.0
295076,mscoco,0.11272740587592125,0.24999231794680168,0.10284946039319039,0.2935293747602433,0.4,1.0,0.5,1.0
63075,mscoco,0.35715320110321047,0.5253620722785003,0.4858358077704906,0.5364855672435404,0.4,1.0,0.8,0.5
533159,mscoco,0.30698980018496513,0.3734991313761781,0.4645750313997269,0.6464855695120604,0.6,0.25,0.8,0.5
292810,mscoco,0.06239246306940913,0.1690388320221624,0.07477111713960767,0.27067354037550284,0.1,0.2,0.1,1.0
333978,mscoco,0.3996747151017189,0.6421669184583924,0.48714005947113037,0.5895844236262141,0.6,1.0,0.8,0.5
487264,mscoco,0.15889740437269212,0.40924119988351043,0.18971187844872475,0.4194094952954091,0.1,1.0,0.4,1.0
429074,mscoco,0.10102965533733368,0.22033071623611344,0.18346552401781083,0.39558628272713764,0.2,0.3333333333333333,0.1,0.1
39789,mscoco,0.02066306658089161,0.07452152051265881,0.02899544667452574,0.08435436865689497,0.1,0.5,0.0,0.05
429353,mscoco,0.06569203175604343,0.15237738931551234,0.07423102427273989,0.19753022641536128,0.3,1.0,0.4,1.0
110683,mscoco,0.024517364613711835,0.09098308690252817,0.04739826899021864,0.15050809969097012,0.0,0.04,0.0,0.0175438596491228
4132,mscoco,0.07526028454303742,0.2255619423737829,0.10002687089145183,0.2545553112008141,0.2,0.1666666666666666,0.1,1.0
278134,mscoco,0.1340625576674938,0.3135092707369945,0.13614194318652154,0.3225784387622777,0.1,1.0,0.0,0.0034722222222222
238709,mscoco,0.038683217763900754,0.0930197303655822,0.08111275359988213,0.18372281454316808,0.1,0.1111111111111111,0.6,1.0
485300,mscoco,0.006461816653609276,0.021551966333457143,0.012261292978655547,0.029407036641169667,0.0,0.0769230769230769,0.1,0.25
296620,mscoco,0.03212682213634253,0.11443419482414621,0.03945119231939316,0.10662293141637451,0.0,0.0454545454545454,0.0,0.0142857142857142
193077,mscoco,0.03547889683395624,0.12462530599010152,0.03312105052173138,0.11570387366311602,0.0,0.05,0.2,0.5
103,drawbench,0.024791391845792533,0.06839935297280483,0.01109264730475843,0.057041965912080585,0.0,0.0,0.0,0.0
310749,mscoco,0.17518237605690956,0.36789377410515484,0.22843419760465622,0.3791222370596731,0.2,0.5,0.3,1.0
293864,mscoco,0.3336625829339027,0.5926719324104113,0.46547056138515475,0.5963485838275938,0.3,0.5,0.5,1.0
493806,mscoco,0.23876964598894118,0.5021919108586508,0.23169094771146775,0.4963073423186131,0.2,1.0,0.4,0.5
39535,mscoco,0.21245909184217454,0.37212220438154303,0.23554157018661498,0.44342255251316615,0.0,0.04,0.0,0.0526315789473684
481252,mscoco,0.05055156722664833,0.144137990650563,0.12749922163784505,0.29728492162668485,0.2,1.0,0.1,0.5
522535,mscoco,0.12538433820009232,0.3097130736295274,0.23256446197628974,0.4370894575153584,0.0,0.0434782608695652,0.0,0.0476190476190476
482765,mscoco,0.21094056740403175,0.40223321500825826,0.1975545257329941,0.5153104800845103,0.1,0.1666666666666666,0.0,0.0769230769230769
81954,mscoco,0.0743511389940977,0.17944217937104381,0.09856906197965146,0.21305805546452067,0.1,0.2,0.1,0.5
333124,mscoco,0.05519892517477274,0.1532658530429132,0.06502474648877979,0.1767090173348005,0.2,1.0,0.2,1.0
529258,mscoco,0.06880693510174751,0.1942910451706965,0.05863779978826642,0.16255314133184823,0.0,0.0142857142857142,0.1,0.25
2567,mscoco,0.10709181874990463,0.24754855589466385,0.1991545919328928,0.3503418120703407,0.1,1.0,0.6,0.5
53803,mscoco,0.10830970481038094,0.2700409147813262,0.09615605361759663,0.20991388764749552,0.1,0.5,0.1,0.1111111111111111
172351,mscoco,0.16380907520651816,0.3848040044619832,0.28383457511663435,0.39770261691741965,0.2,0.5,0.4,0.5
311251,mscoco,0.3795038044452667,0.6161151604395402,0.513358598947525,0.8376033783604154,0.2,1.0,0.5,1.0
356869,mscoco,0.1933439627289772,0.34065652172164124,0.2585899569094181,0.3383710500013081,0.1,0.2,0.0,0.0068965517241379
203406,mscoco,0.5660344049334526,0.5412233030837958,0.5989901795983315,0.8731358352140066,0.9,1.0,0.9,1.0
119870,mscoco,0.12560884952545165,0.23398298423652214,0.21682278737425803,0.4014379895537518,0.1,0.1428571428571428,0.2,0.5
442125,mscoco,0.04805356971919537,0.1255461079414801,0.07310798484832048,0.17905028932798392,0.1,0.3333333333333333,0.3,1.0
530619,mscoco,0.1211866032332182,0.3661082966197956,0.12198897823691368,0.2637700716937993,0.6,1.0,0.8,1.0
73196,mscoco,0.07950229179114103,0.2088077189069441,0.0838969361037016,0.1959283182824597,0.1,0.5,0.0,0.0303030303030303
507714,mscoco,0.07396924570202827,0.2573194480380627,0.1522177491337061,0.34455434780538846,0.0,0.0072992700729927,0.0,0.0416666666666666
376144,mscoco,0.01372628842946142,0.041061497935033976,0.012655661581084133,0.03728514681256577,0.3,1.0,0.5,1.0
211063,mscoco,0.10129369990900158,0.2918425734380393,0.11666472107172013,0.307658196219518,0.1,1.0,0.1,0.3333333333333333
436799,mscoco,0.07710380703210831,0.19633882552659596,0.08533126302063465,0.20814613626516976,0.1,0.3333333333333333,0.2,0.5
204256,mscoco,0.06262091230601072,0.18057469034352602,0.06801277389749885,0.20829780485675808,0.0,0.0714285714285714,0.1,1.0
314048,mscoco,0.07435315754264593,0.13826488871684398,0.12549104988574983,0.2643781963417295,0.2,1.0,0.3,1.0
447009,mscoco,0.07818239219486714,0.1936571546069768,0.07117948532104493,0.19998541299408096,0.1,0.1,0.2,1.0
455079,mscoco,0.2950920447707176,0.5357376399151901,0.3276587098836899,0.508288345217231,0.2,1.0,0.3,0.5
157617,mscoco,0.17910915985703468,0.41860950663167246,0.25912564992904663,0.47533819965488294,0.2,0.5,0.1,0.25
546877,mscoco,0.33187083527445793,0.4057564453178405,0.42991581931710243,0.7022272567399993,0.1,0.2,0.7,1.0
41392,mscoco,0.08426982387900353,0.19972583480156825,0.10092182382941246,0.21844872114399627,0.1,1.0,0.1,1.0
556462,mscoco,0.11930599510669708,0.2937874004711422,0.18508364409208297,0.3236137314114632,0.6,0.5,0.4,1.0
80053,mscoco,0.13775913529098033,0.2893637675473388,0.3101322680711746,0.570117149503486,0.0,0.0714285714285714,0.7,0.5
553304,mscoco,0.16721322983503342,0.34502354031006005,0.18137873336672783,0.48559750546910335,0.1,0.2,0.1,1.0
102,drawbench,0.03791235759854317,0.10144554398037085,0.07401514276862145,0.16604828712700148,0.0,0.0,0.0,0.0
463168,mscoco,0.03389405943453312,0.11804725618820414,0.04356532637029886,0.13709800524484747,0.1,0.5,0.1,0.3333333333333333
398463,mscoco,0.062062137946486476,0.15940636919865392,0.10247993543744087,0.2719256429735488,0.1,0.3333333333333333,0.5,1.0
454916,mscoco,0.1089707300066948,0.24152658704941585,0.1358292620629072,0.24516329340713697,0.0,0.0625,0.1,0.125
317022,mscoco,0.09671811610460282,0.21722183677650864,0.10512074492871762,0.22748490177159694,0.0,0.0476190476190476,0.1,0.1111111111111111
61943,mscoco,0.35403428226709366,0.6556747304276126,0.33099994733929633,0.43985640344676075,0.0,0.0099009900990099,0.0,0.0833333333333333
543521,mscoco,0.14498449973762034,0.29987662615763944,0.10968372784554958,0.27036354885207503,0.1,1.0,0.1,1.0
509490,mscoco,0.07007284834980965,0.1663412430302035,0.08805976435542107,0.21582731870461896,0.0,0.0208333333333333,0.1,1.0
413970,mscoco,0.026099753566086292,0.08558171648874346,0.02921287463977933,0.10136667973129597,0.0,0.0263157894736842,0.0,0.0833333333333333
67331,mscoco,0.05794968977570534,0.1865215080773825,0.11876274943351746,0.34160483193067387,0.1,0.3333333333333333,0.1,1.0
230669,mscoco,0.1916497241705656,0.4979424428905916,0.2746429968625307,0.6810784885191682,0.3,0.25,0.1,0.1428571428571428
487266,mscoco,0.255128388106823,0.44226506050321823,0.2271154135465622,0.3521839595395233,0.5,1.0,0.8,1.0
525024,mscoco,0.21994514763355255,0.46615426597413917,0.22759634107351304,0.3664073487513016,0.2,0.3333333333333333,0.6,1.0
14257,mscoco,0.08905483093112707,0.2082177432373885,0.11763260066509247,0.27071332022231764,0.1,1.0,0.1,0.1
478240,mscoco,0.08786887396126986,0.197112076021583,0.13011479526758193,0.3122762540236001,0.2,0.3333333333333333,0.0,0.0344827586206896
7211,mscoco,0.008022865816019475,0.02588300790128629,0.009188950853422284,0.027208640643383297,0.3,1.0,0.2,0.3333333333333333
23250,mscoco,0.1795833356678486,0.24557646333342936,0.2637597553431988,0.48127643318458946,0.1,0.1,0.5,1.0
3590,mscoco,0.4168209403753281,0.636219458950261,0.4662549704313278,0.6129619779090169,0.7,1.0,1.0,1.0
580511,mscoco,0.20057387202978133,0.3870804437221955,0.2036206066608429,0.41074340922646685,0.2,1.0,0.7,1.0
40658,mscoco,0.052432695776224135,0.12800731054632253,0.06298369020223618,0.16873845916909894,0.1,1.0,0.1,1.0
322350,mscoco,0.1055768134072423,0.2052875322586682,0.15947457626461983,0.3265466209647253,0.2,1.0,0.1,1.0
125635,mscoco,0.2799962356686592,0.39584057896411434,0.30963124334812164,0.6184489342746251,0.5,0.25,0.6,1.0
283631,mscoco,0.15423082336783409,0.3373884730831564,0.18426898270845413,0.40045135174337604,0.1,0.5,0.3,0.5
528729,mscoco,0.015268690092489124,0.059710192813188206,0.03046072870492935,0.08323323325511514,0.1,1.0,0.1,1.0
167021,mscoco,0.140465671941638,0.32230793300758176,0.14833129346370696,0.3465879309302517,0.2,0.2,0.5,0.2
140100,mscoco,0.10407457351684571,0.19522788988115902,0.19975039586424828,0.3345673550938336,0.1,0.25,0.2,0.5
252213,mscoco,0.1091334406286478,0.284971833362171,0.08047172762453556,0.21182705861332363,0.1,0.25,0.1,0.2
501364,mscoco,0.20711035504937172,0.4517611548528898,0.3604996234178543,0.56807523471839,0.5,1.0,0.8,1.0
580390,mscoco,0.04257646622136235,0.152381269007311,0.04145955648273229,0.14604080050987298,0.1,1.0,0.1,1.0
463859,mscoco,0.055691198259592053,0.1620547495312979,0.037050677463412285,0.13113402031891885,0.1,1.0,0.1,1.0
391657,mscoco,0.24930088073015214,0.5246836018334601,0.27420228272676467,0.5272189600193913,0.1,0.1111111111111111,0.6,0.3333333333333333
391415,mscoco,0.041628902032971385,0.12254505663951774,0.049884944967925546,0.1284548093081852,0.0,0.0123456790123456,0.1,1.0
333099,mscoco,0.029306273348629473,0.1077007374700219,0.04145914223045111,0.1128127179005819,0.1,0.5,0.1,0.2
405574,mscoco,0.018582684686407447,0.06540341077117226,0.02946894345805049,0.08968904419602083,0.0,0.0140845070422535,0.1,1.0
575823,mscoco,0.07252578921616078,0.18116624740016846,0.08012758605182171,0.23300314841415454,0.0,0.0023923444976076,0.0,0.0222222222222222
57088,mscoco,0.19945948272943498,0.4539326330400098,0.34567817598581313,0.6420874119672815,0.1,0.1428571428571428,0.2,0.3333333333333333
226957,mscoco,0.08151976447552442,0.16554115120388965,0.05601201374083757,0.1441399990904661,0.1,1.0,0.1,0.25
184329,mscoco,0.0996084414422512,0.20380620157077117,0.11561145633459091,0.2570193579284143,0.0,0.0104166666666666,0.0,0.0043103448275862
550324,mscoco,0.3925932735204697,0.4126164846638501,0.5362864881753922,0.7064387220404109,0.6,0.25,1.0,1.0
575174,mscoco,0.21723667085170745,0.3697573801482209,0.20962655395269394,0.44792231169029495,0.1,1.0,0.3,0.25
24380,mscoco,0.25585134625434874,0.5287804785702416,0.22194262705743312,0.5111203848635338,0.4,0.3333333333333333,0.2,0.3333333333333333
506394,mscoco,0.15999070331454276,0.3401982063235047,0.1511133186519146,0.31616847827023786,0.5,0.5,0.9,1.0
195463,mscoco,0.1034571710973978,0.20841265793654642,0.08574705496430397,0.2012469357564474,0.2,1.0,0.3,1.0
308892,mscoco,0.11220184843987227,0.2901934619681566,0.14697369411587716,0.3139721074818099,0.0,0.0588235294117647,0.1,0.5
361913,mscoco,0.07578852735459804,0.18835830138110884,0.11391125731170178,0.2245241703100625,0.1,0.1111111111111111,0.1,0.3333333333333333
293532,mscoco,0.13391577526926995,0.27043806239980367,0.16924643367528916,0.3784644995046023,0.4,0.3333333333333333,0.6,1.0
338118,mscoco,0.08488233434036374,0.21749201612402855,0.08582099489867687,0.26083252778472366,0.1,1.0,0.1,1.0
521250,mscoco,0.11633834335952997,0.24021876683375787,0.1434294033795595,0.43345308938527016,0.2,0.5,0.2,0.25
85353,mscoco,0.02028253087773919,0.060980708057005714,0.018569774739444257,0.06945471139429227,0.2,1.0,0.0,0.0666666666666666
35951,mscoco,0.024981957394629717,0.07576046431212738,0.02273397659882903,0.08182942163858167,0.0,0.009090909090909,0.1,0.1666666666666666
16764,mscoco,0.09469607323408127,0.23011792503793171,0.13471134901046752,0.31661909790784093,0.0,0.0434782608695652,0.2,1.0
397427,mscoco,0.062214700505137444,0.18148754840783024,0.08357218205928803,0.23556838244767953,0.1,1.0,0.1,0.5
515561,mscoco,0.06340849064290524,0.17762218670283295,0.09590137246996164,0.24231922509023704,0.0,0.037037037037037,0.1,1.0
366829,mscoco,0.04819219075143337,0.1326473201638047,0.07310656569898129,0.20819374241528638,0.0,0.0131578947368421,0.1,0.5
432410,mscoco,0.20289434120059013,0.41613172974831125,0.29664780050516126,0.47537830105826595,0.0,0.0666666666666666,0.2,0.1428571428571428
61972,mscoco,0.03402434634044767,0.13358248970817346,0.04913045074790716,0.14948748314848964,0.1,1.0,0.1,1.0
499054,mscoco,0.08665585331618786,0.2585123197413632,0.059558546915650365,0.1896939532761893,0.1,0.1,0.4,1.0
569021,mscoco,0.02381751099601388,0.07312344310217589,0.03452692814171314,0.11834814115187062,0.1,0.5,0.0,0.0909090909090909
9029,mscoco,0.10715496502816677,0.27106350155599745,0.12343534827232361,0.2925679056027832,0.3,1.0,0.4,1.0
18373,mscoco,0.2399551808834076,0.4027033953340602,0.3945735841989517,0.5944018522168447,0.7,1.0,0.9,1.0
336001,mscoco,0.0978209726512432,0.21250360621005407,0.09682103432714939,0.20963971995545905,0.2,0.25,0.4,0.3333333333333333
461475,mscoco,0.04780465997755527,0.1554716577468047,0.047186195012182,0.12386622666716182,0.0,0.0285714285714285,0.2,0.5
388841,mscoco,0.12875565141439438,0.36833592928557257,0.14598913937807084,0.3275723609413864,0.5,0.3333333333333333,0.4,1.0
284940,mscoco,0.12259652949869633,0.21668130050802192,0.1525910332798958,0.29486579730565043,0.1,0.5,0.4,0.5
394759,mscoco,0.10436749160289764,0.2725148068990835,0.10605622231960296,0.33804788137725345,0.5,0.5,0.3,1.0
358411,mscoco,0.03261542869731784,0.11947960559478897,0.07158370427787304,0.17348709516275762,0.2,0.5,0.5,1.0
284421,mscoco,0.21033270806074142,0.3943054461989735,0.20301861688494682,0.4852390907139933,0.6,1.0,0.2,0.3333333333333333
237716,mscoco,0.0525988157838583,0.19358440500066817,0.05793250426650047,0.17492929623821205,0.2,0.5,0.2,1.0
167520,mscoco,0.03815917354077101,0.11135438985349248,0.010812794300727546,0.05039255826338786,0.1,0.2,0.1,0.5
568611,mscoco,0.1415548574179411,0.2468642060377783,0.15893941521644592,0.34265444624340236,0.4,0.25,0.5,0.5
159356,mscoco,0.3251188136637211,0.6155311903899431,0.18646092228591443,0.4359099588742779,0.1,0.5,0.1,0.2
301261,mscoco,0.08758338391780854,0.21387181861260546,0.21203137934207916,0.3026982711372048,0.0,0.0625,0.0,0.037037037037037
113787,mscoco,0.05736340209841728,0.18744770084985302,0.09218426570296287,0.23318237641958053,0.1,0.125,0.1,0.1428571428571428
375809,mscoco,0.16052935123443604,0.3413202472674929,0.15952716544270515,0.2703962752313572,0.3,0.3333333333333333,0.4,0.3333333333333333
64460,mscoco,0.291002282127738,0.5617858963823322,0.2629042737185955,0.45688092684059006,0.5,0.5,0.5,1.0
470799,mscoco,0.11419889107346534,0.23871853088151332,0.15362943410873414,0.2520384974882604,0.4,1.0,0.5,1.0
382046,mscoco,0.14484124407172203,0.2681618624517914,0.20664346739649772,0.3790467117052844,0.0,0.0625,0.5,1.0
170974,mscoco,0.17042233049869537,0.37774373347218804,0.3196653380990028,0.5241846037227643,0.0,0.0303030303030303,0.3,0.25
562160,mscoco,0.08081176616251469,0.21006301065315694,0.1085969254374504,0.262579500719331,0.1,1.0,0.1,0.25
562248,mscoco,0.11166989505290985,0.3871624648121861,0.11780324950814247,0.25863057403609263,0.2,1.0,0.3,1.0
96638,mscoco,0.16557099297642708,0.3219881930757946,0.38921602070331573,0.5950703356086952,0.2,0.25,0.6,1.0
164234,mscoco,0.28294395208358764,0.3332557902090953,0.17650442346930503,0.32695202050109085,0.7,1.0,0.6,1.0
278962,mscoco,0.09830400682985782,0.27941351913101303,0.09446111023426056,0.29822307087646754,0.2,0.3333333333333333,0.4,1.0
553248,mscoco,0.06529053244739771,0.17949953964486176,0.07019648179411889,0.20109863297768046,0.2,0.5,0.1,0.5
523371,mscoco,0.11771560795605182,0.27963317366848234,0.1267708033323288,0.3711792681633484,0.1,0.2,0.2,1.0
141283,mscoco,0.03523190338164568,0.1138228804872579,0.04822574052959681,0.14499057250811154,0.0,0.0051020408163265,0.0,0.0033003300330033
320292,mscoco,0.2951922819018364,0.6052502787444729,0.2822146326303482,0.5060167980903598,0.5,1.0,0.7,1.0
269588,mscoco,0.08981858156621456,0.20027875926800803,0.1366638347506523,0.281148299759004,0.1,0.2,0.5,1.0
113594,mscoco,0.04711994845420122,0.1665977302799818,0.05936277955770493,0.1622368976172005,0.0,0.0011627906976744,0.0,0.0038022813688212
349622,mscoco,0.1202830731868744,0.24442283875575585,0.15930555611848832,0.3212294405353044,0.1,0.1,0.3,0.3333333333333333
215226,mscoco,0.08850322477519512,0.200559937276793,0.078607177734375,0.17891048720170483,0.1,0.5,0.1,0.5
78371,mscoco,0.04238153239712119,0.14259698339907853,0.06014753263443708,0.17761700071068465,0.0,0.024390243902439,0.0,0.0163934426229508
451972,mscoco,0.07674027681350708,0.23949777570982841,0.09467507395893335,0.2030847514767244,0.1,1.0,0.1,0.5
163,drawbench,0.036640648543834684,0.15213316469888544,0.05299795623868704,0.14445481031779045,0.0,0.0,0.0,0.0
150360,mscoco,0.06319106817245483,0.16510081903667487,0.0912868669256568,0.22719670274436268,0.0,0.0178571428571428,0.2,1.0
138567,mscoco,0.10643408745527268,0.2645181685155235,0.09969844967126847,0.22099469933708163,0.0,0.0149253731343283,0.1,1.0
383220,mscoco,0.14707862697541713,0.3311593417558401,0.11364858224987984,0.3157981945241677,0.1,1.0,0.1,1.0
557272,mscoco,0.05111619085073471,0.15009936937639418,0.041731853131204845,0.134220449815817,0.1,0.25,0.1,0.5
17073,mscoco,0.020117104100063444,0.08064446027056292,0.025257101422175764,0.07658962543467657,0.1,1.0,0.1,1.0
441083,mscoco,0.23565296605229377,0.3292512452746169,0.18432301729917527,0.28235815916250817,0.9,0.5,0.8,0.5
109750,mscoco,0.08129803426563739,0.2093773322131867,0.1402934707701206,0.34459535660150564,0.1,0.5,0.1,1.0
20279,mscoco,0.12155857533216477,0.2655008780052161,0.08227776810526848,0.18512059592229904,0.2,1.0,0.2,0.5
324845,mscoco,0.09543482735753059,0.23949213172120057,0.14409411326050758,0.28750569222077693,0.1,0.2,0.3,1.0
303520,mscoco,0.0788563011214137,0.1438201472949273,0.07182617094367742,0.1784853354166169,0.1,1.0,0.1,1.0
363136,mscoco,0.16993292346596717,0.3035632123443912,0.20913024097681046,0.3334142560473855,0.1,0.125,0.1,1.0
161622,mscoco,0.05180148389190435,0.17789507956111245,0.0616809792816639,0.15777754073532377,0.1,1.0,0.2,0.5
315242,mscoco,0.13913264852017165,0.42419275070855006,0.15278509333729745,0.33856841797111026,0.0,0.0222222222222222,0.1,1.0
418723,mscoco,0.03896978851407766,0.15223344803994776,0.05653781443834305,0.15315985433718113,0.1,1.0,0.1,0.1666666666666666
65440,mscoco,0.13895560689270497,0.30031921486222607,0.14905228689312935,0.34411443242226225,0.1,0.1111111111111111,0.0,0.0016
111907,mscoco,0.08082791641354561,0.18749582874556606,0.12319069728255272,0.3345150251695161,0.2,0.3333333333333333,0.4,1.0
465140,mscoco,0.07181547805666924,0.181135076253117,0.08032761476933956,0.18895784118165146,0.1,0.5,0.1,0.5
21083,mscoco,0.11264033354818821,0.18817643309562335,0.1721789374947548,0.37952108600601575,0.1,0.1,0.1,0.2
200202,mscoco,0.08180385082960129,0.26289881451562636,0.11096558533608913,0.3016839713795286,0.3,0.3333333333333333,0.7,1.0
215320,mscoco,0.03304926473647356,0.11740933334408041,0.049070191010832785,0.15008201764032936,0.0,0.0666666666666666,0.2,0.25
28978,mscoco,0.1842085760086775,0.29760449857187043,0.13414031602442264,0.2856951002080473,0.0,0.0769230769230769,0.4,1.0
281427,mscoco,0.05508151110261679,0.16307397379894745,0.10734012983739376,0.23002523005161327,0.0,0.0161290322580645,0.2,1.0
357663,mscoco,0.12401864752173423,0.34354978128893965,0.09993581995368003,0.3219901164550016,0.1,1.0,0.1,1.0
186171,mscoco,0.17904064133763314,0.3427998451541713,0.12951148636639118,0.4383918046057382,0.0,0.05,0.1,0.3333333333333333
386788,mscoco,0.13174571394920348,0.2627178610860851,0.09394416660070419,0.2626248977148462,0.1,0.5,0.0,0.0909090909090909
492363,mscoco,0.04947375748306513,0.12669715996917136,0.07428541872650385,0.19684639141328344,0.1,1.0,0.1,1.0
486547,mscoco,0.47915890216827395,0.6308255487657327,0.4710819244384766,0.5512477958775315,0.1,1.0,0.1,0.5
516570,mscoco,0.03588513191789389,0.11846808234325772,0.04928379915654659,0.14047498978675171,0.1,0.2,0.1,0.1
152662,mscoco,0.08234004247933627,0.20263758771436402,0.1333353716880083,0.27557688232136335,0.0,0.0277777777777777,0.0,0.037037037037037
415280,mscoco,0.05786571986973286,0.1633111143347297,0.07994725052267312,0.19546856954429487,0.1,1.0,0.1,1.0
397404,mscoco,0.10108724348247052,0.22826868360972868,0.19752921257168055,0.3822479392759273,0.0,0.0095238095238095,0.0,0.0526315789473684
488801,mscoco,0.4103192150592804,0.7330803945498804,0.4416660353541374,0.7303704325567925,0.7,1.0,0.8,1.0
544956,mscoco,0.011051243962720036,0.041543251682153504,0.011758345831185579,0.04651978387983958,0.1,1.0,0.1,1.0
576859,mscoco,0.10519205257296563,0.24279182284452322,0.15518275573849677,0.38411703351500004,0.1,0.2,0.0,0.0106382978723404
280370,mscoco,0.09113617837429047,0.23726403825731843,0.07928333729505539,0.19936585331249496,0.1,0.1666666666666666,0.1,0.1
310853,mscoco,0.07764990776777267,0.1627009786159628,0.09651063568890095,0.2053133394768664,0.1,0.2,0.2,0.5
363527,mscoco,0.16808659452944993,0.2601876576266985,0.19414690658450126,0.3301290533363572,0.1,0.5,0.2,1.0
47548,mscoco,0.10865735709667206,0.2775362217158674,0.11298413649201393,0.27541782953785005,0.2,1.0,0.2,0.5
542313,mscoco,0.16508257910609245,0.3407967635970181,0.20896817184984684,0.3772511370051482,0.2,0.3333333333333333,0.2,0.5
183386,mscoco,0.20761457458138466,0.3375254452534052,0.21069471687078475,0.38426714387704175,0.5,0.25,0.3,0.2
131101,mscoco,0.03423199150711298,0.11362811758642229,0.05793816335499287,0.17360189525865316,0.1,0.3333333333333333,0.4,1.0
130981,mscoco,0.17545688822865485,0.34697495242671045,0.2548142194747925,0.4932004391346426,0.1,0.1111111111111111,0.8,1.0
443547,mscoco,0.05108925234526396,0.1419622452048789,0.04097155891358852,0.14185634459161137,0.1,0.25,0.1,1.0
103978,mscoco,0.2029524564743042,0.42150869015573134,0.3025056138634682,0.5546081676573282,0.2,0.5,0.3,1.0
7669,mscoco,0.23113555312156678,0.393346851027521,0.25074773877859113,0.3920423118775085,0.4,1.0,0.7,1.0
111245,mscoco,0.02814390482380986,0.08600092718685101,0.036044083442538975,0.09960779052664663,0.1,1.0,0.1,1.0
326948,mscoco,0.44970879554748533,0.7382630044565633,0.3044832728803158,0.684937904221813,0.5,1.0,0.7,1.0
486807,mscoco,0.013001710688695312,0.05579514274970722,0.020550833269953727,0.06733886557227418,0.1,1.0,0.1,0.5
303652,mscoco,0.04221877073869109,0.11792066831937068,0.07878986820578575,0.23628898028484488,0.0,0.0044843049327354,0.1,1.0
173547,mscoco,0.09602706246078015,0.18998535971647612,0.08874194249510765,0.21762577431436436,0.6,1.0,0.6,1.0
325239,mscoco,0.036435449682176116,0.11250166893286238,0.06852837409824133,0.1418088829810498,0.1,0.125,0.0,0.037037037037037
353357,mscoco,0.03889802899211645,0.11820699097489995,0.03589318254962563,0.09232150774668721,0.1,0.1111111111111111,0.0,0.0105263157894736
426429,mscoco,0.08639978729188443,0.23146667009306274,0.051525205560028556,0.12623472809515493,0.2,0.3333333333333333,0.2,0.5
261207,mscoco,0.21133390218019485,0.37439723005416625,0.16605627089738845,0.3234373157449334,0.3,0.3333333333333333,0.2,0.1666666666666666
461506,mscoco,0.056525226682424545,0.18267819560953233,0.09044934175908566,0.2230818634352961,0.1,0.125,0.0,0.0909090909090909
44856,mscoco,0.11349627673625946,0.27198159873923583,0.10378695800900459,0.2985539475251554,0.2,0.3333333333333333,0.2,0.5
180817,mscoco,0.052016867278143766,0.14883092626794822,0.03429282065480947,0.09345055908088637,0.1,0.5,0.1,0.1428571428571428
390435,mscoco,0.46802432388067244,0.8056639416881257,0.548264417052269,0.7728236745607179,0.3,1.0,0.5,1.0
49648,mscoco,0.2693492591381073,0.5035579336778181,0.38186664432287215,0.5286188472830818,0.1,0.2,0.1,1.0
172498,mscoco,0.05906280614435673,0.16311193687902406,0.1110899206250906,0.20800636756179866,0.1,1.0,0.5,1.0
67126,mscoco,0.11617694962769747,0.20684473350330276,0.1518260881304741,0.32689563024768725,0.1,0.5,0.0,0.0769230769230769
478029,mscoco,0.2603283539414406,0.5455733851021086,0.23563385754823685,0.33905252570100036,0.1,0.2,0.1,1.0
508567,mscoco,0.1042501475661993,0.22115965592890008,0.1461080864071846,0.33643529912749504,0.2,0.2,0.8,0.5
81,drawbench,0.07491737566888332,0.23413362841938967,0.21493105515837668,0.3331397095970465,0.0,0.0232558139534883,0.0,0.027027027027027
109355,mscoco,0.1499340061098337,0.343939949939311,0.21006761491298676,0.38251745326113923,0.0,0.0043668122270742,0.0,0.0333333333333333
48935,mscoco,0.20917851179838182,0.39206103036422313,0.22504119277000428,0.40364279979429746,0.2,1.0,0.3,0.25
84886,mscoco,0.07711798176169396,0.21976671513526425,0.09802316837012767,0.2305074001675487,0.0,0.05,0.4,1.0
217271,mscoco,0.19206644371151924,0.42337289479088086,0.2337937079370022,0.5611617310770014,0.1,0.5,0.2,1.0
480140,mscoco,0.007457336597144604,0.026352150730245046,0.011171162570826709,0.042563955585014274,0.0,0.0476190476190476,0.0,0.0357142857142857
327105,mscoco,0.22638649120926857,0.44147953925928113,0.36039708703756335,0.5390150973289916,0.2,1.0,0.5,0.2
55768,mscoco,0.18024665042757987,0.26220146047939885,0.34199137091636655,0.5858000953991791,0.1,0.1,0.7,1.0
129030,mscoco,0.023915946995839477,0.09523658388343276,0.03229188369587064,0.11023871902014722,0.1,1.0,0.1,1.0
565387,mscoco,0.15694414004683493,0.28166797315639097,0.22696749716997147,0.3547706066925755,0.0,0.0666666666666666,0.1,0.5
553501,mscoco,0.02547894362360239,0.0760757418092801,0.028275064658373594,0.07872067955552428,0.1,0.1666666666666666,0.1,1.0
170193,mscoco,0.1240728285163641,0.21530342480983472,0.16726002395153045,0.3081265760531545,0.2,1.0,0.2,1.0
199,drawbench,0.027092876238748433,0.06714736263048966,0.027319232327863575,0.08560873949958449,0.0,0.0,0.0,0.0
65162,mscoco,0.12445895709097385,0.26559771736211063,0.0969898160547018,0.26368996256292493,0.1,0.5,0.1,0.3333333333333333
334542,mscoco,0.42610081732273103,0.5768272396385998,0.3462973594665527,0.5598411442304325,0.3,0.2,0.6,1.0
185559,mscoco,0.71335289478302,0.8002804948871713,0.7871398806571961,0.9214468508230815,0.8,1.0,1.0,1.0
134066,mscoco,0.3388828203082085,0.4430314024136324,0.4152678489685059,0.6856637581065882,0.2,0.3333333333333333,0.2,0.25
19318,mscoco,0.2849212020635605,0.5991454552161514,0.40033847838640213,0.6885516339874989,0.2,1.0,0.2,1.0
122896,mscoco,0.12963443547487258,0.25257147344846353,0.25666357576847076,0.37366573583781887,0.2,0.1666666666666666,0.0,0.0909090909090909
484175,mscoco,0.08223813995718957,0.18475948588781332,0.12444751374423504,0.2697982688293031,0.0,0.0256410256410256,0.1,0.25
550049,mscoco,0.22863060086965561,0.47432425960287045,0.28982182294130326,0.553304282831539,0.7,1.0,0.6,1.0
558966,mscoco,0.049793468043208125,0.1864083057099984,0.08333430662751198,0.196058518062293,0.4,1.0,0.6,1.0
303177,mscoco,0.353291018307209,0.5405147120137159,0.3143624499440193,0.48885388637553134,0.0,0.0344827586206896,0.0,0.001727115716753
300047,mscoco,0.04352127704769373,0.1257858340474455,0.06359300632029771,0.17990400718197042,0.2,1.0,0.1,0.25
281977,mscoco,0.0789249673485756,0.20184880623299287,0.12865943796932697,0.3349493950064236,0.8,1.0,1.0,1.0
100169,mscoco,0.08961468935012817,0.19532225028514927,0.22583130970597268,0.46879863573201375,0.2,0.3333333333333333,0.3,1.0
35217,mscoco,0.03649283181875944,0.12236078886456553,0.0735020574182272,0.20215172264821255,0.1,0.5,0.0,0.0049019607843137
195863,mscoco,0.22100122831761837,0.43129810045946165,0.3034221105277538,0.38420076285170496,0.3,0.3333333333333333,0.6,0.5
55753,mscoco,0.021386373741552233,0.06290998404156366,0.02771103698760271,0.07468035456919324,0.0,0.0119047619047619,0.0,0.0277777777777777
189504,mscoco,0.03664063001051545,0.12178484418928971,0.029603678919374942,0.10085577623609852,0.0,0.0175438596491228,0.1,1.0
257236,mscoco,0.058487333450466396,0.1383667798231135,0.05110437050461769,0.13546611737137057,0.0,0.02,0.1,0.2
15830,mscoco,0.05159166157245636,0.17566891292128825,0.0744488224387169,0.22479488695319097,0.1,1.0,0.1,1.0
382423,mscoco,0.14413354098796843,0.26608233062587466,0.13433803170919417,0.3596264853217993,0.1,1.0,0.2,1.0
182,drawbench,0.02403583121486008,0.08376410187719048,0.01718486500903964,0.06378353191661229,0.0,0.0,0.0,0.0
261431,mscoco,0.026028451276943088,0.09392198924126091,0.02599531258456409,0.10347558697969311,0.2,1.0,0.2,1.0
286021,mscoco,0.12025104258209467,0.3343531866921653,0.10982475988566875,0.24359009486389935,0.0,0.0909090909090909,0.0,0.037037037037037
179,drawbench,0.05120299439877272,0.1269309447099795,0.030326026771217585,0.08505790987341867,0.0,0.0,0.0,0.0
20145,mscoco,0.08698196802288294,0.2078547562555139,0.12629783451557158,0.3149779580837431,0.0,0.0909090909090909,0.0,0.0666666666666666
545274,mscoco,0.07640638798475266,0.24720696506008855,0.10046195089817048,0.25073985226609735,0.0,0.0526315789473684,0.2,1.0
93,drawbench,0.08756716921925545,0.3291343834590767,0.11393659412860871,0.32269760720033025,0.0,0.0003133813851457,0.0,0.0013586956521739
254726,mscoco,0.11263682506978512,0.2415789142942306,0.12109433598816395,0.23222864300453663,0.3,1.0,0.4,0.3333333333333333
182125,mscoco,0.17032205313444138,0.34557891069577035,0.2675023004412651,0.454958706546076,0.1,0.1111111111111111,0.2,0.3333333333333333
46055,mscoco,0.055665797740221026,0.16006934071198933,0.04212528103962541,0.1309215485745486,0.0,0.027027027027027,0.1,1.0
336933,mscoco,0.09181822128593922,0.21201184438157658,0.11791121810674668,0.2579094771746817,0.0,0.0013717421124828,0.1,0.1
175597,mscoco,0.09842095971107483,0.27272865804121893,0.1836531788110733,0.30351183283118177,0.1,1.0,0.0,0.0303030303030303
370157,mscoco,0.027250285260379314,0.09735247865741292,0.03680792115628719,0.11348870717678972,0.0,0.0227272727272727,0.1,0.25
361356,mscoco,0.03183865491300821,0.11183161406284972,0.049631688930094245,0.12344584773365636,0.2,1.0,0.3,1.0
452806,mscoco,0.4208938151597977,0.5692663366902229,0.5407266259193421,0.821375667024489,0.4,0.25,0.6,0.5
136,drawbench,0.08272309629246592,0.2215727966397968,0.07789562419056892,0.24371489147963002,0.0,7.48839299086416e-05,0.0,1.80446786242737e-05
191314,mscoco,0.04512293422594667,0.13482628671518637,0.051072825118899344,0.17401206344025025,0.1,0.5,0.1,1.0
26,drawbench,0.22945179790258408,0.4534687148961283,0.18361029550433158,0.3245683881397276,0.0,0.0,0.0,0.0
24414,mscoco,0.1901755854487419,0.3877430496488672,0.1661991760134697,0.33264325532113354,0.2,1.0,0.5,1.0
499634,mscoco,0.033102620765566824,0.10165045378906305,0.04110144190490246,0.125990008353981,0.0,0.037037037037037,0.0,0.0121951219512195
13482,mscoco,0.1312973391264677,0.28318087892814126,0.09506410732865334,0.24980103153631592,0.1,1.0,0.1,1.0
267861,mscoco,0.09158548954874277,0.20273959855209017,0.12795902378857135,0.3070465086808558,0.1,0.1666666666666666,0.1,1.0
498967,mscoco,0.09635609164834022,0.23557908946415823,0.14437372013926505,0.29883984429079374,0.3,0.3333333333333333,0.2,1.0
247979,mscoco,0.006697924574837089,0.025296867586692834,0.005024221981875599,0.023432086260769282,0.1,1.0,0.1,1.0
438196,mscoco,0.07952486425638199,0.2207054035767961,0.11585676483809948,0.2312728672187524,0.3,1.0,0.3,1.0
230700,mscoco,0.28372554779052733,0.5637320808446608,0.27382748425006864,0.39576983370923935,0.0,0.0076335877862595,0.0,0.0909090909090909
22660,mscoco,0.06987452730536461,0.1928225018234143,0.04558667186647654,0.15303984574818405,0.3,1.0,0.3,1.0
227982,mscoco,0.04576327092945576,0.14929429063353197,0.03656093766912818,0.10530579804225211,0.1,0.25,0.2,0.5
134807,mscoco,0.012001806311309338,0.04778784367199239,0.0154745785985142,0.05284155738965666,0.1,1.0,0.1,1.0
209788,mscoco,0.057259480468928814,0.13814446520166554,0.10558287501335144,0.28945027189730327,0.0,0.0263157894736842,0.0,0.02
139518,mscoco,0.11671687178313732,0.21649450665935602,0.11739630550146103,0.3111690192872054,0.0,0.0454545454545454,0.1,0.25
232625,mscoco,0.09255529828369617,0.21402295443830005,0.1012815609574318,0.3021589436663335,0.0,0.0303030303030303,0.2,0.25
423875,mscoco,0.01874310616403818,0.05807167007733113,0.02813554583117366,0.08619681559321928,0.1,1.0,0.1,1.0
87878,mscoco,0.15159801356494426,0.29723190893112084,0.13486637622117997,0.3302992732370598,0.0,0.0416666666666666,0.1,0.5
55,drawbench,0.10464302841573954,0.17815667134771343,0.040156935900449754,0.1459337472563974,0.0,0.0,0.0,0.0
315273,mscoco,0.18196895867586135,0.3177041730050802,0.2644206315279007,0.46847664631963964,0.3,1.0,0.5,0.5
118968,mscoco,0.07841353341937066,0.21200602975133875,0.09124162010848522,0.18709553764569303,0.1,0.5,0.0,0.0714285714285714
426459,mscoco,0.2299848936498165,0.4846436553788239,0.19981477037072182,0.4002876710729399,0.3,0.2,0.1,0.1
310695,mscoco,0.06783548332750797,0.2332243426152969,0.057346995919942856,0.144612289577229,0.1,1.0,0.3,1.0
266912,mscoco,0.2562842696905136,0.42022746134525746,0.23596238680183887,0.4764722678183609,0.1,0.5,0.1,1.0
70187,mscoco,0.08696919828653335,0.23266902598243622,0.13026678748428822,0.3087516562164713,0.1,0.5,0.1,1.0
75352,mscoco,0.25033904016017916,0.507217409534809,0.3363978400826454,0.4271255316690132,0.2,0.5,0.5,0.5
485187,mscoco,0.05345764309167862,0.14774327950361973,0.04875144846737385,0.1429134883472875,0.3,0.25,0.3,1.0
446310,mscoco,0.15758710131049156,0.29925667404096984,0.25476226285099984,0.46215913981242895,0.0,0.0416666666666666,0.6,1.0
172702,mscoco,0.033063820004463194,0.0849615782104138,0.039331999700516464,0.09210010876024129,0.1,1.0,0.1,1.0
41838,mscoco,0.2592913758009672,0.5939332067582962,0.35950336009263995,0.6130508776968097,0.8,1.0,1.0,1.0
348083,mscoco,0.02795077534392476,0.07877776756329322,0.032265455648303035,0.13126818673975238,0.1,0.1111111111111111,0.1,0.2
465198,mscoco,0.12725323885679246,0.31639535896434545,0.23882589116692543,0.5033472745293166,0.0,0.0454545454545454,0.1,1.0
458123,mscoco,0.2199868656694889,0.43973462807818364,0.22743613123893738,0.42776877258546736,0.1,0.2,0.3,1.0
215558,mscoco,0.2148003600537777,0.4775151916887234,0.19616108685731887,0.49335902147106053,0.0,0.0769230769230769,0.4,1.0
201019,mscoco,0.16675789207220076,0.32480557786241593,0.3096671439707279,0.40576890555584094,0.2,0.1428571428571428,0.9,0.5
153921,mscoco,0.15809977762401103,0.3475393004654323,0.1959380067884922,0.43727427411228653,0.1,0.2,0.1,0.1428571428571428
345389,mscoco,0.00817499365657568,0.02953580294962003,0.007674894842784852,0.029830936278646313,0.1,0.1111111111111111,0.1,1.0
359066,mscoco,0.038750568963587285,0.14407347437468546,0.06462295241653919,0.19563250893332698,0.1,1.0,0.2,0.25
22102,mscoco,0.07727026864886284,0.21569662824685729,0.12096481584012508,0.32673742927971905,0.7,1.0,0.9,1.0
194419,mscoco,0.19637528732419013,0.3250039813976396,0.22162327021360398,0.4095614653782508,0.5,0.5,0.5,1.0
391053,mscoco,0.11981777735054493,0.3738697766463723,0.12020329684019089,0.2850940270442702,0.1,0.25,0.0,0.0033783783783783
20171,mscoco,0.17477480992674826,0.41245833982852265,0.1643744856119156,0.3304471137457244,0.3,1.0,0.7,1.0
538001,mscoco,0.23386333584785463,0.4115369341160278,0.33069738894701006,0.45472111414690036,0.0,0.0095238095238095,0.0,0.0024570024570024
575490,mscoco,0.03198252646252513,0.09983295856778863,0.0637475362047553,0.17853974140263262,0.2,0.5,0.7,0.3333333333333333
75427,mscoco,0.09584316983819008,0.21979857577388778,0.11050963550806045,0.2386548214053367,0.1,1.0,0.1,0.5
510564,mscoco,0.09592291973531246,0.20377436418781392,0.11780981943011284,0.42911185020013615,0.0,0.0454545454545454,0.1,0.5
58117,mscoco,0.17534683160483838,0.2710025114584188,0.11489573381841182,0.3211970442322482,0.1,0.5,0.1,0.1666666666666666
294416,mscoco,0.13236773256212472,0.34350786799171884,0.23642589375376702,0.5860647966262696,0.0,0.0416666666666666,0.3,1.0
525176,mscoco,0.14645848348736762,0.3138943105125584,0.1631944440305233,0.3509312993533441,0.0,0.0133333333333333,0.0,0.0588235294117647
316522,mscoco,0.026765658403746784,0.12303170838080286,0.058903708832804116,0.16206705387852466,0.1,1.0,0.1,0.2
198832,mscoco,0.1146342933177948,0.27293421372574717,0.20772514939308168,0.40422095658358825,0.0,0.0113636363636363,0.0,0.0294117647058823
378022,mscoco,0.053263609297573566,0.15413744094561124,0.06611354239284992,0.17918534216474422,0.1,0.25,0.3,1.0
306037,mscoco,0.10676362570375204,0.24544517186235734,0.09494627406820655,0.3163288313158596,0.0,0.0333333333333333,0.1,1.0
51021,mscoco,0.1427732862532139,0.3142955467468593,0.1975143037736416,0.39538937531701557,0.4,1.0,0.8,1.0
225392,mscoco,0.04618539689108729,0.11512681093506077,0.09540882296860217,0.26818938202787485,0.0,0.0232558139534883,0.3,0.3333333333333333
543490,mscoco,0.07526524625718593,0.17311295139074767,0.08803197853267193,0.18832015348890258,0.2,1.0,0.4,0.5
305117,mscoco,0.03308048546314239,0.11247804562760205,0.04236994367092848,0.1447650359411575,0.0,0.0192307692307692,0.1,1.0
519387,mscoco,0.031849130522459745,0.09654585456466531,0.021784709207713603,0.07165214026947347,0.0,0.00177304964539,0.0,0.0192307692307692
98501,mscoco,0.14468736462295056,0.35486651948168696,0.21041185334324836,0.4057452754348102,0.1,0.1111111111111111,0.0,0.0120481927710843
249791,mscoco,0.08565575629472733,0.2890816593556626,0.09237714670598507,0.20743316137958007,0.1,0.3333333333333333,0.0,0.0147058823529411
327664,mscoco,0.15895276218652726,0.33513031609041133,0.24618031531572343,0.46753759706617093,0.1,0.25,0.2,1.0
22,drawbench,0.011773455562070012,0.043744136000602424,0.01773996576666832,0.059773937538314746,0.0,0.0,0.0,0.0
225654,mscoco,0.07677993141114711,0.18697247117717794,0.0847707822918892,0.28834791814041555,0.0,0.0384615384615384,0.1,1.0
47700,mscoco,0.21869442164897918,0.5106796119906563,0.23284099251031876,0.38098692747801244,0.3,0.5,0.2,0.2
77159,mscoco,0.09885409995913505,0.2395121803395856,0.1315063051879406,0.3160386753271949,0.1,0.1111111111111111,0.3,1.0
501773,mscoco,0.10350026860833168,0.2396549788612596,0.10058647543191909,0.24445839229647134,0.1,1.0,0.1,1.0
355137,mscoco,0.22228442281484603,0.4323596587720728,0.26386988162994385,0.4977403188787688,0.1,0.2,0.4,1.0
476055,mscoco,0.10655389614403248,0.23022146647737926,0.14576104283332825,0.31301245625392743,0.1,0.1666666666666666,0.2,0.5
446898,mscoco,0.08383275233209134,0.2176521240551306,0.14163460060954094,0.32714147074002575,0.2,1.0,0.5,1.0
336645,mscoco,0.1820957615971565,0.3819379448617,0.2411767140030861,0.4496116607605077,0.2,1.0,0.4,0.3333333333333333
57242,mscoco,0.0769080076366663,0.2238005925023786,0.0804055467247963,0.252859912416946,0.1,0.5,0.1,1.0
137178,mscoco,0.25834178924560547,0.5069904211426846,0.3151469126343727,0.6218947950195514,0.4,0.5,0.4,1.0
113113,mscoco,0.11542992144823075,0.31051282614852205,0.22539267763495446,0.5579634870134953,0.6,1.0,0.5,1.0
403028,mscoco,0.2857559144496918,0.40229210921821884,0.31273656487464907,0.5189999254168727,0.1,0.1111111111111111,0.1,1.0
346795,mscoco,0.03865693083498627,0.10742382666713791,0.03199185449630022,0.09808683516079329,0.1,0.1,0.0,0.0909090909090909
145682,mscoco,0.20833476185798644,0.32796214160257203,0.1444994080811739,0.2664449944828482,0.1,0.1111111111111111,0.0,0.0163934426229508
418791,mscoco,0.038159737922251226,0.12731169477986845,0.04897092171013355,0.13919641113359751,0.0,0.0833333333333333,0.1,1.0
107838,mscoco,0.1910155475139618,0.36750435444204055,0.2242313116788864,0.5364084176940038,0.2,1.0,0.5,1.0
149577,mscoco,0.2053493730723858,0.4726570445592843,0.31727095916867254,0.4978520510145839,0.1,1.0,0.1,1.0
10,drawbench,0.11550217121839523,0.26621378600095724,0.14734438806772232,0.3737165026239397,0.0,0.0,0.0,0.0
544614,mscoco,0.5674962639808655,0.8053997025592837,0.6261926561594009,0.8334205916291992,0.9,1.0,1.0,1.0
419150,mscoco,0.15057295598089696,0.32518676244834177,0.2403768878430128,0.7691676637626382,0.1,0.1666666666666666,0.2,1.0
496783,mscoco,0.060198106709867714,0.1651354513409609,0.1011424858123064,0.20782686132670605,0.2,1.0,0.2,1.0
195062,mscoco,0.24595532417297364,0.4293606680665083,0.24222758412361145,0.4337018296135163,0.1,0.1111111111111111,0.6,1.0
183481,mscoco,0.19194443933665753,0.32102673003348253,0.24810729026794434,0.3916844839970069,0.7,0.5,0.7,1.0
495288,mscoco,0.1104588344693184,0.2992131049801125,0.12719221599400043,0.28948540571783854,0.0,0.0416666666666666,0.1,1.0
162,drawbench,0.06692701131105423,0.1735743030116788,0.1266401756554842,0.33297879222618115,0.0,0.0,0.0,0.0
99321,mscoco,0.07568173706531525,0.2133798157153995,0.08488091826438904,0.2212898983792679,0.6,0.5,1.0,1.0
502637,mscoco,0.09325116015970707,0.20750307569086596,0.09096119552850723,0.22664009183804099,0.4,0.3333333333333333,0.7,1.0
136458,mscoco,0.10506285801529884,0.3118282805025019,0.13279269114136696,0.37047879756959284,0.1,0.5,0.1,0.3333333333333333
113333,mscoco,0.14077186211943626,0.30847832610946063,0.1624427042901516,0.34294507979100636,0.3,0.5,0.1,1.0
473448,mscoco,0.1015910565853119,0.25477010765038255,0.11150588542222976,0.24828000183502244,0.3,1.0,0.0,0.05
450598,mscoco,0.44843199104070663,0.7238110935640704,0.4560288518667221,0.697389693138451,0.4,1.0,0.9,1.0
474157,mscoco,0.22539869397878648,0.38557439701384144,0.39923362135887147,0.6576236359543305,0.1,0.1111111111111111,0.2,1.0
74499,mscoco,0.06721732001751661,0.17118137618193588,0.08818974103778601,0.2215870790009495,0.1,1.0,0.2,1.0
107610,mscoco,0.49818403124809263,0.7299480562956999,0.6147797286510468,0.8425283423607409,0.4,1.0,0.6,0.5
200959,mscoco,0.24087617471814154,0.5105134780786089,0.32673264294862747,0.6265395528410015,0.3,1.0,0.7,1.0
463430,mscoco,0.1756490759551525,0.5777418703902218,0.10783675387501716,0.2576918786136042,0.0,0.0123456790123456,0.0,0.0085470085470085
512509,mscoco,0.07311915941536426,0.20073978355646657,0.1146095111966133,0.2516731706372467,0.2,0.5,0.1,0.5
458921,mscoco,0.04179242681711912,0.10735019288373213,0.045018750801682474,0.13512608927778377,0.0,0.025,0.1,1.0
282667,mscoco,0.058113419078290464,0.19429444895969067,0.09527061246335507,0.22983744250832627,0.1,0.3333333333333333,0.1,0.5
448771,mscoco,0.027623845217749476,0.08495064385001523,0.043831344693899155,0.1376873265246953,0.0,0.0196078431372549,0.0,0.05
293598,mscoco,0.5990336239337921,0.7484841208221475,0.6568879187107086,0.8185983453556769,0.7,1.0,0.8,1.0
541193,mscoco,0.07187508456408978,0.21044971502326354,0.10233520790934562,0.28832624946544816,0.0,0.0666666666666666,0.0,0.0588235294117647
356569,mscoco,0.07583313230425119,0.19664730763679364,0.12186116185039282,0.24956438216766183,0.1,0.125,0.0,0.0714285714285714
334513,mscoco,0.19644030183553696,0.334651336422693,0.2911453366279602,0.5078847475905205,0.1,0.1111111111111111,0.6,1.0
430167,mscoco,0.09314069338142872,0.25944682843852923,0.11101229414343834,0.3193704544973717,0.0,0.025,0.0,0.032258064516129
513125,mscoco,0.2584999486804008,0.412316518565404,0.2797942489385605,0.5182754669282121,0.1,0.1428571428571428,0.2,0.3333333333333333
356257,mscoco,0.04762500207871199,0.13696873742307475,0.08339603506028652,0.22840163607629965,0.1,1.0,0.1,0.25
364010,mscoco,0.09630758538842202,0.22519782551587497,0.09588581323623657,0.22892293250455192,0.1,0.25,0.1,1.0
148542,mscoco,0.13394278921186925,0.3043764802897267,0.13466110043227672,0.35021573688646623,0.0,0.0526315789473684,0.0,0.037037037037037
82405,mscoco,0.12169012278318406,0.3673876629285686,0.1080259069800377,0.3216687459162535,0.7,1.0,0.4,1.0
70755,mscoco,0.08464466966688633,0.21335416844177726,0.09620431438088417,0.22621103139266996,0.1,0.1666666666666666,0.1,1.0
118927,mscoco,0.12968916036188602,0.270704479875804,0.1172013022005558,0.3686416375266738,0.1,1.0,0.1,0.3333333333333333
508915,mscoco,0.027589628752321006,0.09579760015051052,0.06578370835632086,0.1838698311329466,0.2,0.3333333333333333,0.1,0.2
491739,mscoco,0.2924699679017067,0.450563940940393,0.25127009078860285,0.6385552460344759,0.0,0.0147058823529411,0.1,0.3333333333333333
147546,mscoco,0.14934563376009463,0.3028886742550692,0.27590492740273476,0.3934154538686095,0.5,0.3333333333333333,0.3,0.5
262213,mscoco,0.17102068327367306,0.3423020911093408,0.2448295310139656,0.3945053597158853,0.9,0.5,0.7,1.0
415728,mscoco,0.06668885555118323,0.17501323418047524,0.051541087217628956,0.1686899280884425,0.5,1.0,0.5,1.0
506873,mscoco,0.174218363314867,0.34207708026927874,0.18538573160767555,0.46883679670963524,0.6,1.0,0.7,1.0
538210,mscoco,0.154452895373106,0.25920771814953464,0.25710547491908076,0.3950570723777026,0.2,0.2,0.6,0.5
581127,mscoco,0.07531330585479737,0.18387021841925683,0.0923030886799097,0.2533047679197378,0.0,0.0185185185185185,0.1,0.5
110013,mscoco,0.0977994181215763,0.2241348890255257,0.06486637387424707,0.1686542665048865,0.3,1.0,0.3,1.0
502286,mscoco,0.11271819174289703,0.32059334157469666,0.11469901762902737,0.2803305897205425,0.0,0.04,0.1,0.5
99425,mscoco,0.21589476242661476,0.43030992304221366,0.3673160061240196,0.5304170080525313,0.1,0.125,0.4,1.0
103042,mscoco,0.1607057861983776,0.35055610077757654,0.24624922573566438,0.4555735768370443,0.3,1.0,0.7,0.5
360440,mscoco,0.03744885958731174,0.1236661366042675,0.03598893517628312,0.11189630630689844,0.1,1.0,0.1,1.0
409668,mscoco,0.28149827271699907,0.548027808082274,0.2842360302805901,0.5044802737094862,0.9,1.0,0.9,1.0
421639,mscoco,0.021198830101639032,0.08269749088146154,0.032549844682216646,0.10509120174451542,0.0,0.0526315789473684,0.1,0.1111111111111111
277717,mscoco,0.03617431297898292,0.09640693521812778,0.03239807058125734,0.0996354789247967,0.1,1.0,0.1,1.0
113851,mscoco,0.07628066837787628,0.200250970970568,0.05623556617647409,0.1711374399584764,0.6,0.5,0.4,1.0
380100,mscoco,0.2553209260106087,0.38136427634399406,0.3920133724808693,0.4870783808378484,0.3,1.0,0.7,1.0
68601,mscoco,0.16505313105881214,0.3910266946772028,0.15707974657416343,0.5053835162559047,0.1,0.5,0.2,0.125
82229,mscoco,0.15784740820527077,0.29452464615368673,0.32385275065898894,0.5752110934652376,0.0,0.0909090909090909,0.0,0.0185185185185185
263462,mscoco,0.09460777472704648,0.26579712534428446,0.12494733035564423,0.30145093895271213,0.2,0.1666666666666666,0.4,0.5
352495,mscoco,0.05071594249457121,0.13066262957892494,0.08183305785059929,0.22273471610127243,0.5,1.0,0.6,0.5
64339,mscoco,0.11887124180793762,0.25615910802286546,0.10597943998873234,0.24952289447071427,0.1,1.0,0.1,0.3333333333333333
11156,mscoco,0.03743042536079884,0.11099777425550511,0.01630881866440177,0.061371762047172845,0.1,0.5,0.1,1.0
334872,mscoco,0.373179492354393,0.669518775806941,0.4085458815097809,0.6753065481844557,0.3,0.3333333333333333,0.4,0.5
477820,mscoco,0.1689503937959671,0.3807726103945414,0.20369346886873246,0.37303911953858027,0.3,0.25,0.2,0.5
283884,mscoco,0.19897799901664256,0.47144907699952654,0.31426212638616563,0.48521849229636616,0.4,0.3333333333333333,0.6,0.5
418868,mscoco,0.03323612455278635,0.11396675591916242,0.07422841377556325,0.1905828125485179,0.1,0.25,0.2,1.0
350309,mscoco,0.20945530384778976,0.4280257306487423,0.19599241390824318,0.31295112574894635,0.2,0.3333333333333333,0.1,0.25
14537,mscoco,0.050441429018974304,0.15527605034045008,0.03924925276078284,0.15131510621428518,0.1,0.5,0.1,1.0
575040,mscoco,0.08801500964909792,0.2622467063377902,0.06287523694336414,0.14616435587488755,0.0,0.006578947368421,0.0,0.0018115942028985
449455,mscoco,0.16733243986964225,0.3857331582205549,0.1814274601638317,0.4010282243393419,0.9,1.0,0.6,1.0
211686,mscoco,0.16473712176084518,0.29856446089871047,0.13658671267330647,0.31429424879567197,0.1,1.0,0.1,1.0
154745,mscoco,0.29544929787516594,0.3785472042007379,0.48651905059814454,0.7333391883905389,0.1,0.25,0.2,0.25
152084,mscoco,0.20144902169704437,0.47804980536379105,0.18381228633224964,0.34346990239667646,0.1,0.1666666666666666,0.1,1.0
536390,mscoco,0.19317247942090035,0.3493532059413575,0.16656304001808167,0.3255283664107835,0.0,0.0666666666666666,0.3,0.3333333333333333
235906,mscoco,0.08933284617960453,0.20579265393740073,0.0837677426636219,0.18846663373782904,0.5,1.0,0.3,1.0
526126,mscoco,0.07659409083425998,0.19043164084513148,0.10679391622543336,0.3005796960817936,0.0,0.037037037037037,0.2,1.0
3711,mscoco,0.1104025475680828,0.23140353536264546,0.11580752171576023,0.22062373918767897,0.3,0.1666666666666666,0.2,1.0
275938,mscoco,0.292764026671648,0.5093969012016347,0.352114237844944,0.5088796702671269,0.5,1.0,0.9,1.0
180130,mscoco,0.4409539893269539,0.6706096576176832,0.5782506316900253,0.7865722404551436,0.5,1.0,0.7,1.0
401037,mscoco,0.07386878617107868,0.19947781548245447,0.07906133253127337,0.1626169311661908,0.0,0.0178571428571428,0.1,1.0
348816,mscoco,0.130188312754035,0.32000112080016563,0.12516532763838767,0.4323745649663255,0.3,1.0,0.2,1.0
358300,mscoco,0.28678369224071504,0.7157450514250391,0.20716560631990433,0.4321240044720712,0.1,1.0,0.0,0.0588235294117647
226577,mscoco,0.26963471323251725,0.34275509235912227,0.279429217427969,0.6152948608361365,0.5,0.5,0.3,0.5
425100,mscoco,0.09664535522460938,0.2014947538570771,0.124982950091362,0.2580867253857801,0.1,0.1666666666666666,0.1,0.2
11184,mscoco,0.04881615750491619,0.1262110231708891,0.06668983902782202,0.1754232876295857,0.0,0.0434782608695652,0.0,0.03125
391972,mscoco,0.03997346311807633,0.1046570273068771,0.035368368960916996,0.10218534635716145,0.1,0.5,0.0,0.0714285714285714
578072,mscoco,0.1501725770533085,0.2829969175871919,0.10193731598556041,0.2601706675317373,0.2,1.0,0.1,1.0
558798,mscoco,0.09739751853048802,0.21241906108094094,0.059835007414221764,0.20731620973959194,0.1,0.25,0.0,0.0181818181818181
353559,mscoco,0.0901721378788352,0.1790424390604302,0.07403439413756133,0.23654137621420324,0.3,0.2,0.3,0.5
291117,mscoco,0.1900019586086273,0.3801047172604496,0.21910917311906813,0.47574930420984585,0.0,0.0769230769230769,0.6,1.0
372201,mscoco,0.06429829727858305,0.1682433572835595,0.13808119669556618,0.2877455372749304,0.0,0.0303030303030303,0.2,0.1666666666666666
204085,mscoco,0.09399392772465945,0.19728581179143806,0.09075186643749475,0.20204350368410734,0.6,1.0,0.6,1.0
218965,mscoco,0.13819830268621444,0.33351210306747,0.1811850517988205,0.3462009562517855,0.2,1.0,0.2,1.0
343012,mscoco,0.017530464008450507,0.05779943630446417,0.020880618132650852,0.06003747821538842,0.1,1.0,0.1,0.25
271941,mscoco,0.09823974408209324,0.2519222399065848,0.08784269876778125,0.24415171693030366,0.1,0.1666666666666666,0.2,0.5
230141,mscoco,0.13853779733181,0.2991837811117608,0.19003383331000806,0.43295943293499406,0.1,0.25,0.1,0.2
58232,mscoco,0.2919472396373749,0.5225485937968284,0.3358872324228287,0.336327136448654,0.0,0.0434782608695652,0.0,0.0303030303030303
175437,mscoco,0.04961652066558599,0.1262452960462535,0.08364281170070172,0.23991959500496526,0.1,0.5,0.0,0.0175438596491228
541010,mscoco,0.3657556802034378,0.42885991817126484,0.4917338460683823,0.7098541673298957,0.1,0.5,0.1,0.1666666666666666
140,drawbench,0.08191406037658452,0.21130878677007406,0.19255150184035302,0.43105873692537006,0.0,0.0,0.0,0.0
170558,mscoco,0.10449317488819361,0.2723894123091802,0.10262727849185467,0.2813395415083359,0.1,0.3333333333333333,0.2,0.3333333333333333
148267,mscoco,0.38385467082262037,0.7238672294129859,0.4316220760345459,0.725885395135961,0.1,1.0,0.1,1.0
531896,mscoco,0.03175226710736752,0.10971522240895291,0.053712247870862484,0.1606417252427309,0.0,0.0769230769230769,0.1,1.0
153620,mscoco,0.08037289343774319,0.18038839690819441,0.08482945878058672,0.20021012892835058,0.1,0.125,0.1,0.25
450,mscoco,0.22895758002996444,0.40716164769556984,0.3196786671876907,0.572487676123526,0.2,1.0,0.3,0.3333333333333333
186605,mscoco,0.11120064109563828,0.23994280222981615,0.12301472425460816,0.24237759478523993,0.1,1.0,0.1,0.25
188845,mscoco,0.06859629284590482,0.18344213978153626,0.21248360276222228,0.4514245160232749,0.0,0.0039682539682539,0.0,0.0333333333333333
442400,mscoco,0.017169811273925008,0.07738147335869121,0.02957116444595158,0.12902803575216493,0.0,0.0416666666666666,0.1,0.25
493416,mscoco,0.04706481760367751,0.15152017140022778,0.061569762881845236,0.188638538196878,0.0,0.0069444444444444,0.1,0.5
239532,mscoco,0.18783755376935005,0.362167840342968,0.1782378152012825,0.4501478561172947,0.0,0.0263157894736842,0.1,1.0
5862,mscoco,0.05066240429878235,0.13996667741213023,0.053282898291945456,0.15997056007375615,0.1,0.1428571428571428,0.3,1.0
194744,mscoco,0.17960812970995904,0.3822350253655393,0.1894708901643753,0.4042461709704554,0.1,0.5,0.2,0.1428571428571428
570512,mscoco,0.028136748168617488,0.0942122441428248,0.02667187787592411,0.07562932647629426,0.0,0.0666666666666666,0.1,1.0
18191,mscoco,0.025530143221840263,0.1045157507999629,0.02567902160808444,0.07788273264648367,0.1,0.1666666666666666,0.0,0.0833333333333333
346093,mscoco,0.19884757995605468,0.3691326350129086,0.25225553959608077,0.5212365268253518,0.3,0.3333333333333333,0.3,1.0
549978,mscoco,0.15496750473976134,0.2799916932246513,0.2035135358572006,0.41159760606840695,0.0,0.0833333333333333,0.3,0.5
114468,mscoco,0.11686203703284263,0.22902373154285738,0.09756276234984398,0.25339299229375156,0.1,0.5,0.2,1.0
45490,mscoco,0.0539295868948102,0.17631664303238806,0.06497052852064371,0.1795048101619352,0.1,0.25,0.1,1.0
99701,mscoco,0.14543590992689132,0.26990380899506594,0.11997494995594024,0.2614178017905482,0.2,0.5,0.2,0.1666666666666666
228336,mscoco,0.17425948157906532,0.41381201658481404,0.2440589189529419,0.44697956845649894,0.0,0.0625,0.3,0.5
442148,mscoco,0.13343599047511817,0.28973756632063585,0.1438727356493473,0.27719923244310485,0.3,1.0,0.2,1.0
155,drawbench,0.048091519810259345,0.13851202190296913,0.034523732773959634,0.11640594487002728,0.0,4.697702823319397e-05,0.0,0.000124254473161
539287,mscoco,0.11052536591887474,0.2178702382545562,0.2740377143025398,0.5910750666294576,0.0,0.0588235294117647,0.6,1.0
151466,mscoco,0.03933659251779318,0.13684680062639756,0.11464582122862339,0.32674589377592744,0.1,1.0,0.3,0.25
329908,mscoco,0.19674529805779456,0.4264452681984262,0.20707513839006425,0.4397500525155454,0.2,0.3333333333333333,0.4,0.3333333333333333
384986,mscoco,0.0831136241555214,0.23304636006860965,0.10373733043670655,0.24290972008639863,0.0,0.0068493150684931,0.0,0.0111111111111111
444801,mscoco,0.12108099237084388,0.24072007573134016,0.18466631919145585,0.3313689872001018,0.1,0.125,0.5,0.5
223875,mscoco,0.07551766894757747,0.1628216877063529,0.09057309497147799,0.22540250438296142,0.0,0.04,0.1,1.0
84493,mscoco,0.08794479258358479,0.19379516540242112,0.08804543055593968,0.24719661991076483,0.4,1.0,0.4,1.0
484206,mscoco,0.19542592018842697,0.31051264636725506,0.1605022180825472,0.3377391909062698,0.1,0.3333333333333333,0.2,1.0
223869,mscoco,0.11406131461262703,0.26473135534302256,0.13702659532427788,0.25612536405690134,0.3,0.5,0.5,1.0
13800,mscoco,0.14276137053966523,0.2102646740428287,0.18519978374242782,0.3710927706884378,0.2,0.1428571428571428,0.2,0.3333333333333333
62250,mscoco,0.05163582824170589,0.15073470804364125,0.07932993955910206,0.19365016522270842,0.1,0.5,0.2,0.3333333333333333
401092,mscoco,0.07737367004156112,0.18623566732992058,0.07800608947873115,0.2248739418972905,0.4,0.5,0.2,0.125
407626,mscoco,0.06592373363673687,0.19698826471250638,0.07566098868846893,0.18051729318757853,0.1,0.3333333333333333,0.0,0.0083333333333333
479866,mscoco,0.13086239583790302,0.39426067697758227,0.21166054382920266,0.5335807468245434,0.5,1.0,0.5,0.5
579247,mscoco,0.0721629410982132,0.22190832867551816,0.0841391485184431,0.21420706456222388,0.3,1.0,0.4,1.0
432832,mscoco,0.03370898263528943,0.09744417785721267,0.03391958028078079,0.10299085549322334,0.3,0.3333333333333333,0.4,1.0
297695,mscoco,0.024801019951701163,0.06925325329981295,0.032976902462542056,0.10926839821772312,0.1,0.1,0.1,1.0
440793,mscoco,0.1310783714056015,0.31465946517056725,0.3145043089985847,0.5636042502641704,0.1,1.0,0.1,1.0
484338,mscoco,0.12573568634688853,0.2702140983575742,0.15967851728200913,0.36942991310705064,0.1,0.1111111111111111,0.4,0.1428571428571428
28654,mscoco,0.18796251714229584,0.3156622156515718,0.21562978029251098,0.3399872483040534,0.2,0.5,0.0,0.0227272727272727
372580,mscoco,0.028931852895766497,0.09757484993207019,0.05437331087887287,0.15827254416427178,0.0,0.0222222222222222,0.0,0.0227272727272727
53802,mscoco,0.08881188556551933,0.19774776157543378,0.07087126839905977,0.1672670929250987,0.1,1.0,0.1,1.0
72792,mscoco,0.16574415266513826,0.4337858778602316,0.24677817448973655,0.43031766906826074,0.0,0.0263157894736842,0.0,0.0333333333333333
185844,mscoco,0.1408471565693617,0.2620322125205296,0.17616053894162179,0.33626718512627035,0.1,0.1666666666666666,0.3,1.0
355347,mscoco,0.2165745608508587,0.3613093197459769,0.3434430658817291,0.5246550663298389,0.3,0.2,0.3,0.5
55237,mscoco,0.06264876369386911,0.21341481849484878,0.0630252655595541,0.1452561728678376,0.0,0.0344827586206896,0.0,0.0454545454545454
167910,mscoco,0.08064851704984903,0.19273921172277084,0.09495537951588631,0.2148872659098686,0.1,0.5,0.0,0.0166666666666666
398527,mscoco,0.2621611565351486,0.5124523987398506,0.2534884521737695,0.5164367678417442,0.2,1.0,0.5,1.0
484666,mscoco,0.07967514470219612,0.193204112277189,0.10023054257035255,0.3078486451786321,0.1,0.5,0.1,1.0
399461,mscoco,0.1290447127074003,0.2818121780982524,0.09057539403438568,0.2523593440052527,0.1,0.5,0.2,1.0
71220,mscoco,0.13327822908759118,0.2501844303322217,0.20103497058153152,0.4721461005148581,0.1,0.1666666666666666,0.7,1.0
430391,mscoco,0.1769215129315853,0.33834165561632246,0.20392382144927979,0.4522947019980683,0.6,1.0,0.4,1.0
81166,mscoco,0.11632634326815605,0.27663661756649527,0.20285700708627702,0.3962977043425219,0.0,0.0769230769230769,0.2,0.5
11690,mscoco,0.10542406626045704,0.20115352748066231,0.1583532366901636,0.43622185958025905,0.3,0.5,0.6,1.0
74570,mscoco,0.12664724253118037,0.30306273942058415,0.14133754298090934,0.2918637669142845,0.7,0.5,0.7,1.0
495609,mscoco,0.14415390007197856,0.375969083812441,0.20881729274988176,0.39761602375581645,0.1,0.125,0.1,1.0
286874,mscoco,0.11436276845633983,0.25875831267753446,0.13082721158862115,0.2677840695332697,0.1,0.3333333333333333,0.1,1.0
310562,mscoco,0.4219852268695831,0.5855330958133351,0.3535825438797474,0.54213527513509,0.7,1.0,0.6,1.0
49946,mscoco,0.13231874108314515,0.30991607682863354,0.1345602098852396,0.32436632380085295,0.1,1.0,0.1,1.0
546114,mscoco,0.10592924468219281,0.3351042246623774,0.12969045266509055,0.28195175328558136,0.4,1.0,0.5,0.5
229052,mscoco,0.017841323837637903,0.06762603049227658,0.018687834218144416,0.06559726691301092,0.1,1.0,0.1,0.3333333333333333
218294,mscoco,0.09555166661739349,0.2950676144385094,0.13237422034144403,0.30089261829026437,0.1,1.0,0.3,1.0
262235,mscoco,0.2533256396651268,0.4512458239960177,0.30786180049180983,0.4569812710118268,0.6,1.0,1.0,1.0
53229,mscoco,0.03541595535352826,0.16399140842893178,0.05675908150151372,0.13338677693425255,0.3,1.0,0.8,0.5
447209,mscoco,0.05906811747699976,0.1563862644755882,0.06896166540682316,0.21519788119885017,0.2,1.0,0.1,0.3333333333333333
166096,mscoco,0.2682019382715225,0.39698572582656605,0.2757206991314888,0.39231717746741157,0.3,0.25,0.2,0.2
70363,mscoco,0.03418084057047963,0.0996700456781385,0.06218806486576796,0.13635781865552835,0.0,0.03125,0.1,0.1111111111111111
23355,mscoco,0.051301677152514456,0.16284681361527306,0.05983135625720024,0.1774504062357896,0.1,1.0,0.1,1.0
269886,mscoco,0.04292645342648029,0.1445282387286378,0.06232714261859655,0.1618293384847782,0.0,0.0185185185185185,0.2,0.125
237445,mscoco,0.026649780943989752,0.12019539204132268,0.04063408561050892,0.11873580655505347,0.0,0.0769230769230769,0.4,1.0
63835,mscoco,0.30035826116800307,0.3987798069606787,0.2704321540892124,0.3787499960498595,0.5,1.0,0.9,1.0
272255,mscoco,0.26675315797328947,0.3627368463375194,0.33855789974331857,0.6209750466750869,0.5,0.3333333333333333,0.3,1.0
373414,mscoco,0.1101508418098092,0.2937027898072229,0.13411081060767174,0.29997305325774315,0.1,0.1111111111111111,0.5,1.0
466827,mscoco,0.19730635955929757,0.4008070246952374,0.2541287988424301,0.44078148558329755,0.4,1.0,0.7,0.5
506026,mscoco,0.01949121421203017,0.061593859609838646,0.023842607159167528,0.06603420419896291,0.1,0.25,0.1,1.0
262145,mscoco,0.07052100626751781,0.22726355964341605,0.2772249847650528,0.43041884546939185,0.1,1.0,0.4,1.0
40210,mscoco,0.12591725140810012,0.2788826955664611,0.14594074562191964,0.31428999218219433,0.1,1.0,0.1,0.3333333333333333
281652,mscoco,0.06036409754306078,0.17530598207382034,0.037598167173564435,0.1260534924556258,0.2,1.0,0.2,1.0
280808,mscoco,0.26704590767621994,0.44111791689810803,0.276749812066555,0.4599404512562893,0.0,0.05,0.2,0.1666666666666666
244549,mscoco,0.267513208091259,0.40671904693199734,0.2860073626041412,0.5123613315069048,0.1,0.25,0.2,1.0
179504,mscoco,0.02643757835030556,0.08355107941008418,0.025765861943364145,0.08961736964373115,0.0,0.0769230769230769,0.1,0.1428571428571428
177353,mscoco,0.04484378732740879,0.1375331200358196,0.045211720280349255,0.12273209578563994,0.1,1.0,0.1,1.0
298830,mscoco,0.23882734328508376,0.4991631712521468,0.28455204963684083,0.48525307910337134,0.1,1.0,0.3,0.5
126182,mscoco,0.05719003938138485,0.155592879600818,0.07156552206724882,0.24686549318380827,0.0,0.0208333333333333,0.1,0.125
112904,mscoco,0.07483192682266235,0.19871180327280397,0.12171877138316631,0.31305653918926346,0.0,0.0555555555555555,0.1,0.1666666666666666
211080,mscoco,0.08247133325785398,0.20548839375214326,0.13408091813325881,0.2812917881879334,0.0,0.027027027027027,0.5,1.0
526729,mscoco,0.3292370572686195,0.46399945347608285,0.33048184812068937,0.5248946738160951,0.2,0.25,0.1,0.1666666666666666
474180,mscoco,0.1084923293441534,0.21351444719390664,0.10561136864125728,0.21698005959426844,0.1,0.5,0.1,1.0
466083,mscoco,0.10134325884282588,0.22601107739032184,0.13622205704450607,0.3002264973846514,0.0,0.05,0.0,0.0285714285714285
154,drawbench,0.020184053992852568,0.10653216564653034,0.01690792329609394,0.07103209320100642,0.0,0.0,0.0,0.0
183805,mscoco,0.10470170229673385,0.263161618391002,0.10199981816112995,0.3032402154308418,0.1,0.1,0.0,0.0263157894736842
185571,mscoco,0.05121983177959919,0.17858283189586954,0.06148454137146473,0.16729940173079985,0.1,0.5,0.1,1.0
27471,mscoco,0.22187131121754647,0.4626422712983263,0.3267752677202225,0.44207430216142557,0.3,1.0,0.2,0.5
21504,mscoco,0.05739938411861658,0.173768449879518,0.07096175588667393,0.20889088581389273,0.1,1.0,0.1,0.1111111111111111
422676,mscoco,0.10889319330453873,0.3146295288769713,0.13664238937199116,0.27919702244892985,0.1,1.0,0.1,0.5
452930,mscoco,0.10884389225393534,0.27260760267612655,0.12131995484232902,0.22217823672210774,0.0,0.0625,0.2,0.3333333333333333
473500,mscoco,0.1873922601342201,0.3890541426067332,0.21602530255913735,0.4828148268764016,0.1,0.5,0.1,0.1428571428571428
32708,mscoco,0.1029596185311675,0.23519229498586883,0.13995423559099435,0.410336284878083,0.2,0.1666666666666666,0.4,1.0
578255,mscoco,0.1349628519266844,0.3932382434039325,0.20530426353216172,0.34412344123702,0.1,0.3333333333333333,0.1,1.0
249792,mscoco,0.026009235065430403,0.10377963180788644,0.02555255782790482,0.10528167967503063,0.1,1.0,0.1,1.0
188795,mscoco,0.3297817423939705,0.47209428991870134,0.2493356615304947,0.4859878988942208,0.3,1.0,0.5,0.3333333333333333
299205,mscoco,0.033333906438201666,0.10955173265414421,0.01819155290722847,0.0607806032055003,0.1,1.0,0.2,1.0
404406,mscoco,0.05745633542537689,0.16629502665155946,0.07027789074927568,0.1729795229490189,0.1,1.0,0.1,1.0
145690,mscoco,0.11996285244822502,0.4701361778141051,0.17303205281496048,0.31730090856900434,0.0,0.0277777777777777,0.1,1.0
400332,mscoco,0.17953093349933624,0.36060538429969735,0.21059489548206328,0.4802632686972712,0.2,0.25,0.2,1.0
202810,mscoco,0.11952087804675102,0.27947883165239473,0.1507626660168171,0.3254355858475085,0.2,0.2,0.1,0.125
52,drawbench,0.06792159732431173,0.1537289597782428,0.06786673553287983,0.18021711469214466,0.0,0.0,0.0,0.0
225700,mscoco,0.27615591883659363,0.49675982069458524,0.33894223570823667,0.6080663569259152,0.1,0.1428571428571428,0.2,0.25
273106,mscoco,0.13528843894600867,0.3004110570517638,0.16826842427253724,0.34337824383957144,0.0,0.0263157894736842,0.0,0.0588235294117647
394840,mscoco,0.08990660030394793,0.26892199270434874,0.09141073673963547,0.2699841510252969,0.1,1.0,0.2,1.0
323810,mscoco,0.25539325922727585,0.526165542181474,0.2534579738974571,0.5039769635394744,0.5,1.0,0.5,1.0
174892,mscoco,0.1582326740026474,0.3141690873809671,0.13992336839437486,0.3180124801302318,0.4,0.1428571428571428,0.2,0.1666666666666666
365507,mscoco,0.25062142983078955,0.3722078083445994,0.22296412661671638,0.4672508753655304,0.4,0.25,0.7,1.0
531963,mscoco,0.053522659465670586,0.15476212202752043,0.0809671439230442,0.2391857659613862,0.0,0.0555555555555555,0.1,0.1428571428571428
214127,mscoco,0.17331316769123079,0.39926590342373974,0.23849478662014006,0.46064215939425224,0.2,0.3333333333333333,0.2,0.1111111111111111
230991,mscoco,0.16535431146621704,0.3184454463693898,0.18206198513507843,0.4354716778548757,0.1,1.0,0.6,1.0
552962,mscoco,0.23476480692625046,0.4453771996547122,0.2388855166733265,0.3759681802809436,0.1,1.0,0.1,0.1111111111111111
534565,mscoco,0.2323651969432831,0.4237093115834419,0.2612700119614601,0.4961548091008399,0.8,1.0,0.7,1.0
423647,mscoco,0.10001088660210371,0.22556659902048262,0.11013452969491482,0.2873273463122828,0.2,0.1666666666666666,0.3,0.5
48,drawbench,0.05778428167104721,0.15834368641667812,0.06700385231524705,0.1631137722312642,0.0,0.0,0.0,0.0
50480,mscoco,0.05585745181888342,0.15747967300666468,0.0803193723782897,0.16670384183781484,0.0,0.0089285714285714,0.1,0.125
138768,mscoco,0.13083395659923552,0.34999848531719957,0.14221240878105162,0.33041348154971345,0.2,0.5,0.1,0.25
480482,mscoco,0.06770421490073204,0.18432223891886435,0.08437458723783493,0.256529147368548,0.1,0.5,0.1,0.5
150024,mscoco,0.059276296943426135,0.1883622295751935,0.07008355818688869,0.21525058399327518,0.2,0.5,0.2,1.0
94793,mscoco,0.06733945831656456,0.19011091549116862,0.12664215750992297,0.26630834122405705,0.0,0.04,0.2,1.0
378313,mscoco,0.031308976002037525,0.1030548657149456,0.04773123431950808,0.13160173896143804,0.0,0.0021231422505307,0.1,1.0
504921,mscoco,0.6389414370059967,0.8353770942098524,0.6178724050521851,0.8607447775388241,1.0,1.0,1.0,1.0
292116,mscoco,0.0866501934826374,0.23079530198176845,0.2046591557562351,0.42834865980073483,0.0,0.0084033613445378,0.1,1.0
109012,mscoco,0.22991704940795898,0.49603696531279423,0.2324708990752697,0.4069866290527943,0.4,1.0,0.8,0.5
504657,mscoco,0.23923521339893342,0.38047355659474635,0.4322563007473946,0.6971454889893857,0.2,0.1428571428571428,0.9,1.0
72850,mscoco,0.13751676678657532,0.338552557367036,0.16677776388823987,0.25563260764449236,0.0,0.0434782608695652,0.4,1.0
273316,mscoco,0.18032840117812157,0.4370262186344103,0.2669489175081253,0.5376181228931097,0.3,1.0,0.3,1.0
354261,mscoco,0.036391578055918215,0.11460432726202054,0.04517753645777702,0.13345628797837267,0.0,0.0909090909090909,0.0,0.0833333333333333
54437,mscoco,0.33689671009778976,0.5520899780853591,0.32599721699953077,0.4855074602031,0.5,1.0,0.1,0.1666666666666666
249251,mscoco,0.17362324744462967,0.31203104653060254,0.18649290278553962,0.305052759385126,0.2,0.5,0.1,0.5
99747,mscoco,0.04608381427824497,0.1332263862626144,0.053613404743373394,0.14058108643006426,0.6,0.5,0.6,1.0
23976,mscoco,0.21966308504343032,0.3905146498682937,0.1808450348675251,0.341370969561827,0.1,0.3333333333333333,0.3,0.2
295295,mscoco,0.3114137016236782,0.5680270593888351,0.37509414851665496,0.5004955468692597,0.3,0.25,0.4,0.3333333333333333
32712,mscoco,0.223868028819561,0.29497233562923997,0.3397393196821213,0.4794403064262897,0.0,0.0625,0.1,0.125
4616,mscoco,0.05875551849603653,0.19112917665189103,0.08812286965548992,0.20986912294095378,0.1,0.5,0.1,1.0
529096,mscoco,0.11534238085150719,0.28240364013720287,0.11511209085583687,0.2685032051200028,0.1,1.0,0.2,1.0
537349,mscoco,0.044731449149549005,0.13627911668781445,0.04618861433118582,0.1397653116338642,0.0,0.0625,0.0,0.0434782608695652
367853,mscoco,0.2097310245037079,0.40410857622108753,0.25119905918836594,0.42548997838825636,0.2,1.0,0.5,1.0
323231,mscoco,0.10663006380200386,0.19894972255247304,0.11214727908372879,0.21376080950255025,0.0,0.003076923076923,0.1,0.125
385317,mscoco,0.23895815685391425,0.45081568074381906,0.22328493967652321,0.2779734791157021,0.3,0.3333333333333333,0.1,1.0
284192,mscoco,0.10441166311502456,0.28177390235275573,0.1416057415306568,0.3184095563319477,0.1,1.0,0.1,1.0
384790,mscoco,0.2448129452764988,0.45100689120768617,0.2484581798315048,0.5910543051614269,0.0,0.0769230769230769,0.0,0.0384615384615384
237758,mscoco,0.16716243661940097,0.4300632161787362,0.17281127125024795,0.3531918069921842,0.4,1.0,0.5,0.25
201134,mscoco,0.058428023010492325,0.24120107223350734,0.07623922377824784,0.2138067634010557,0.1,1.0,0.1,0.5
33,drawbench,0.07604452520608902,0.25804634976612906,0.10116094090044499,0.24233158603355393,0.0,0.0,0.0,0.0
220118,mscoco,0.2242177650332451,0.35490355776610927,0.21648234724998475,0.4352569620424151,0.0,0.0169491525423728,0.1,1.0
182118,mscoco,0.04452614914625883,0.14747263548971257,0.040171682741492985,0.12913905230887365,0.0,0.0076923076923076,0.1,1.0
101569,mscoco,0.11676739566028119,0.3018403012482381,0.1482525035738945,0.2792896583089849,0.2,1.0,0.3,0.5
111754,mscoco,0.34137424975633623,0.3789000808200965,0.4047294944524765,0.5393250732453081,0.2,0.2,0.8,1.0
209920,mscoco,0.0832057312130928,0.201735911010432,0.09090086221694946,0.2605909777776446,0.0,0.0333333333333333,0.1,0.1666666666666666
534426,mscoco,0.11579462923109532,0.32126057002698233,0.1118080835789442,0.25559283003797867,0.1,0.125,0.4,0.5
165298,mscoco,0.057382652536034584,0.1752812104365285,0.09325055293738842,0.22700055981269535,0.1,0.1666666666666666,0.0,0.0833333333333333
289007,mscoco,0.0787087282165885,0.21857881524537365,0.08217338621616363,0.23723250370930954,0.0,0.0625,0.1,1.0
11796,mscoco,0.13419175557792187,0.2273811206339948,0.14508794918656348,0.2962406667315329,0.1,0.5,0.1,1.0
537135,mscoco,0.15596480816602706,0.4097827860188365,0.12484912499785424,0.3341769253477852,0.1,0.5,0.2,1.0
120977,mscoco,0.06628830507397651,0.16719983069540117,0.05580406058579683,0.18074587102384299,0.1,0.5,0.1,0.25
259103,mscoco,0.11275424528867006,0.21304162360601922,0.05654529258608818,0.1678199285303193,0.0,0.0357142857142857,0.1,0.5
49073,mscoco,0.33162728846073153,0.5327293342745607,0.3720774710178375,0.5657021222732397,0.0,0.00074294205052,0.0,0.0049261083743842
387855,mscoco,0.03864464028738439,0.13791733144569154,0.04716610554605723,0.14562080963068388,0.0,0.0050251256281407,0.1,0.5
252549,mscoco,0.09031346701085567,0.23659489932452024,0.1044158510863781,0.28781330955387996,0.1,0.25,0.1,0.5
506232,mscoco,0.24829346910119057,0.5296610973039105,0.25483196377754214,0.46235902634238507,0.1,1.0,0.4,1.0
178876,mscoco,0.3986712068319321,0.6511527027120819,0.33107410818338395,0.43661390088217683,0.1,0.1,0.1,1.0
98709,mscoco,0.0848979152739048,0.22176867797583882,0.10432973653078079,0.2393240959980714,0.2,0.3333333333333333,0.5,1.0
83328,mscoco,0.16897402778267862,0.4333897411841457,0.29020289741456506,0.6243104330463332,0.1,0.1,0.2,1.0
467180,mscoco,0.020089283026754855,0.06449777659277056,0.06238017417490482,0.15756468368788568,0.2,1.0,0.0,0.0833333333333333
362244,mscoco,0.1949317365884781,0.3399211715952411,0.20623234361410142,0.407097830674141,0.3,1.0,0.1,0.1428571428571428
382182,mscoco,0.1649714358150959,0.29553517287577274,0.22568264529109,0.450591923580245,0.2,0.3333333333333333,0.3,1.0
79545,mscoco,0.1624674502760172,0.3244654373571857,0.21914147660136224,0.5264266222314735,0.0,0.0909090909090909,0.2,0.1666666666666666
516233,mscoco,0.02032734570093453,0.05881618386886968,0.01891341060400009,0.0705066286243747,0.1,0.3333333333333333,0.1,1.0
544127,mscoco,0.1508246399462223,0.35458871503130596,0.17106045074760914,0.31458199725334,0.1,0.5,0.1,0.1428571428571428
97734,mscoco,0.06331870928406716,0.16666657810822785,0.0798698391765356,0.19793319190186312,0.2,0.5,0.4,1.0
29752,mscoco,0.06652823453769088,0.1292999763318167,0.10618453621864318,0.2371356674236255,0.1,0.5,0.1,1.0
412491,mscoco,0.035113506205379966,0.11374251209869492,0.0531280267983675,0.17390731327753522,0.1,0.3333333333333333,0.0,0.0526315789473684
111,drawbench,0.0498263718560338,0.1639173327196479,0.0754597146064043,0.17528734510845678,0.1,0.3333333333333333,0.0,0.0052910052910052
354929,mscoco,0.04633242767304182,0.13238364671203232,0.06511237546801567,0.1458804037446813,0.1,0.25,0.1,1.0
558242,mscoco,0.12384918704628944,0.2676997793328514,0.14778018593788148,0.2932736757256785,0.0,0.0416666666666666,0.1,0.25
462129,mscoco,0.04247550694271922,0.09759861440514614,0.049962076172232625,0.14652675959906947,0.0,0.0065359477124183,0.0,0.0555555555555555
462925,mscoco,0.1539016678929329,0.38332438515129375,0.2126624420285225,0.49914808825443896,0.3,0.5,0.3,1.0
45343,mscoco,0.05618807263672352,0.12220045843612214,0.04509928720071912,0.12880130884237292,0.1,1.0,0.1,1.0
538299,mscoco,0.13868271857500075,0.3539504724903322,0.13080270439386368,0.27187132774719047,0.1,1.0,0.2,0.2
245002,mscoco,0.2504101894795895,0.3411697850905062,0.391306471824646,0.5385356476643228,0.6,0.3333333333333333,0.9,1.0
259414,mscoco,0.06319439839571714,0.18174277613489256,0.05786652565002441,0.19115518945726212,0.0,0.0131578947368421,0.0,0.0147058823529411
130314,mscoco,0.04250654634088278,0.13071628260710935,0.049195035733282565,0.14309904466190207,0.1,1.0,0.1,1.0
544120,mscoco,0.12934320531785487,0.33610416063895515,0.07505907379090786,0.20880815434210573,0.0,0.0062111801242236,0.0,0.04
196510,mscoco,0.09653685856610536,0.3128343188868175,0.12908750791102647,0.29735668589240294,0.0,0.0172413793103448,0.0,0.0333333333333333
226197,mscoco,0.08101808838546276,0.1991419975863514,0.1565987154841423,0.31568960475924573,0.0,0.05,0.2,0.2
500568,mscoco,0.05169292725622654,0.16118265535728182,0.05505007803440094,0.17289288270847797,0.1,0.125,0.1,1.0
351149,mscoco,0.12080199606716632,0.34683032785028484,0.11836611591279507,0.306329090234373,0.0,0.0416666666666666,0.0,0.0769230769230769
298600,mscoco,0.04094309667125344,0.10383956096062749,0.05647620819509029,0.17936578824299743,0.0,0.024390243902439,0.3,1.0
434027,mscoco,0.28289652764797213,0.550103274199746,0.2758293397724628,0.3924059497211465,0.0,0.037037037037037,0.2,1.0
116851,mscoco,0.09961187392473221,0.2342871953626321,0.11036531291902066,0.344469260578841,0.4,1.0,0.5,1.0
364567,mscoco,0.24427577927708627,0.6064103450076029,0.44223389625549314,0.6108137527228595,0.2,0.3333333333333333,0.6,1.0
363957,mscoco,0.11199322566390038,0.2633803345525508,0.08793014101684093,0.25526921753517917,0.8,1.0,0.9,1.0
568974,mscoco,0.020129171758890153,0.07232642644328478,0.026870703650638463,0.0748748760385526,0.0,0.0059523809523809,0.1,1.0
223739,mscoco,0.03555760709568858,0.1255617332456951,0.05632765255868435,0.14589385406172672,0.0,0.0588235294117647,0.0,0.0833333333333333
59171,mscoco,0.49456841200590135,0.7580334138849801,0.6246602416038514,0.8385844060309285,0.7,1.0,0.9,1.0
521218,mscoco,0.11360390596091748,0.24478842475518156,0.14095208123326303,0.2796323199122897,0.4,1.0,0.8,1.0
367329,mscoco,0.11391079947352409,0.26005139582596054,0.14777456894516944,0.34151969660874215,0.1,0.25,0.4,1.0
352061,mscoco,0.10141546688973904,0.24378141096469175,0.12053991481661797,0.2496549940523927,0.2,0.125,0.2,1.0
484636,mscoco,0.20476252734661102,0.3204004527478487,0.2548049621284008,0.349765024803122,0.1,0.1428571428571428,0.1,1.0
264461,mscoco,0.06146680060774088,0.17584030595382388,0.13390833213925363,0.32727137710917453,0.0,0.0085470085470085,0.0,0.0384615384615384
148165,mscoco,0.027036058669909834,0.11028587290757426,0.033874535281211135,0.13186858431504073,0.1,1.0,0.0,0.024390243902439
429593,mscoco,0.055726637691259386,0.14153920162005948,0.0504904143512249,0.1497294817341376,0.1,0.5,0.1,1.0
15757,mscoco,0.27916915267705916,0.5045974107921113,0.32318234294652937,0.6760430876961089,0.0,0.0153846153846153,0.1,0.1111111111111111
37032,mscoco,0.06593215651810169,0.19742487401774572,0.17745439410209657,0.3583632207354952,0.0,0.0769230769230769,0.9,1.0
99515,mscoco,0.08067773021757603,0.21685468005512157,0.11237356662750245,0.296308096397149,0.0,0.0022573363431151,0.0,0.0769230769230769
501624,mscoco,0.18959046453237532,0.32953668683860304,0.21359130144119262,0.46419832248469983,0.7,1.0,0.8,1.0
91780,mscoco,0.2283163219690323,0.44194482421585296,0.21731095090508462,0.41367523587796706,0.1,0.5,0.1,0.5
473195,mscoco,0.07468260377645493,0.18795453091193579,0.07992410268634557,0.18781759527909014,0.0,0.0010111223458038,0.0,0.0059171597633136
200241,mscoco,0.058612709119915965,0.1619089505391634,0.05663525611162186,0.1770719628117632,0.1,1.0,0.1,1.0
20966,mscoco,0.12896193489432334,0.2939944798583217,0.11084826365113258,0.3818849459941972,0.4,0.25,0.5,1.0
477005,mscoco,0.21462769582867622,0.3863091027754996,0.17056968957185745,0.30132023514449663,0.4,0.5,0.6,1.0
568281,mscoco,0.032159363944083454,0.10372885499289473,0.06429925756528973,0.2432060967148658,0.1,0.25,0.1,0.1428571428571428
289075,mscoco,0.0658155307173729,0.18652899990893518,0.1144790917634964,0.23614789384784132,0.1,1.0,0.1,1.0
315211,mscoco,0.02324755461886525,0.07150679434649482,0.039629378076642754,0.09091887934363087,0.1,1.0,0.1,1.0
370763,mscoco,0.10983588546514511,0.31617534625949256,0.15046666264533998,0.3310802407683148,0.1,1.0,0.4,1.0
245337,mscoco,0.08213062603026629,0.2568156253866294,0.11724414303898811,0.23459345685754557,0.3,1.0,0.2,0.5
359085,mscoco,0.07932255696505308,0.2520227168023954,0.10628600046038628,0.24057214958347517,0.1,1.0,0.1,1.0
151956,mscoco,0.02924453653395176,0.09508013371602612,0.035886240750551225,0.09123307551830707,0.2,0.3333333333333333,0.2,1.0
442666,mscoco,0.06721712797880172,0.2718874494794811,0.07615129426121711,0.16529449927067996,0.0,0.0833333333333333,0.1,0.1111111111111111
139214,mscoco,0.15260877460241318,0.31434841122302287,0.20973344817757605,0.35719441823899933,0.2,0.1666666666666666,0.2,0.5
112586,mscoco,0.16418597288429737,0.3449072047119282,0.13125318586826323,0.2826912211953439,0.6,1.0,0.3,1.0
277080,mscoco,0.3398130625486374,0.7159330396268032,0.3515287309885025,0.5897213452693083,0.5,0.5,0.4,0.5
497261,mscoco,0.06363871358335019,0.1768902261952411,0.10977868735790253,0.2770051905739704,0.0,0.032258064516129,0.0,0.024390243902439
421314,mscoco,0.14403036236763,0.22119312972907132,0.21619033962488174,0.3270731548754317,0.3,0.1428571428571428,0.1,1.0
9288,mscoco,0.17250505983829498,0.3998784576217099,0.1828698955476284,0.4944743275318749,0.7,1.0,0.6,1.0
249587,mscoco,0.1087630357593298,0.24403698831876483,0.1842476546764374,0.39846271171459513,0.2,0.5,0.3,0.25
169179,mscoco,0.1797851838171482,0.30723312415745285,0.24662961959838867,0.4065723459691112,0.2,0.1111111111111111,0.4,0.2
446521,mscoco,0.06468766443431377,0.16909583970055939,0.08487904909998178,0.24671811612967687,0.0,0.0109890109890109,0.0,0.05
203098,mscoco,0.022318429313600063,0.07675338902328835,0.02685424443334341,0.0937079926667021,0.6,1.0,1.0,1.0
83102,mscoco,0.07311747521162033,0.24432828445686222,0.09770587794482707,0.25638464067394573,0.1,0.1428571428571428,0.0,0.0909090909090909
105,drawbench,0.2888702630996704,0.4413073126755391,0.41729533672332764,0.5384603509500279,0.0,0.0175438596491228,0.0,0.0769230769230769
254989,mscoco,0.06448926627635956,0.1808185077752471,0.11899899467825889,0.2862871174519753,0.3,0.25,0.4,1.0
474528,mscoco,0.0724017009139061,0.18827413093141462,0.06451013442128897,0.19082792276921398,0.1,0.125,0.1,0.25
523546,mscoco,0.05242084451019764,0.17722314708491904,0.08028454110026359,0.20196252288502953,0.1,1.0,0.1,1.0
371256,mscoco,0.08985055163502693,0.17972774746833195,0.06342263370752335,0.19237580037682553,0.2,1.0,0.1,0.25
444453,mscoco,0.021824213908985257,0.0776208771641081,0.02120643313974142,0.080351899881288,0.1,1.0,0.1,1.0
127515,mscoco,0.12028033584356308,0.27576334217465215,0.11772669628262519,0.2896300597667637,0.0,0.015625,0.0,0.0909090909090909
15667,mscoco,0.20936903804540635,0.33870795104031703,0.319609797000885,0.4772946911404235,0.5,0.5,0.8,1.0
525851,mscoco,0.06104225805029273,0.1972536640911253,0.05466398261487484,0.19097697412137857,0.7,1.0,0.4,1.0
63777,mscoco,0.0782524460926652,0.19492488360138216,0.10901765450835228,0.25985258805667283,0.1,1.0,0.1,0.125
247422,mscoco,0.10067191356793045,0.26486105770448143,0.0676982805132866,0.18769967352012323,0.2,0.5,0.1,1.0
227724,mscoco,0.06201443476602435,0.16175123595186616,0.04469010327011347,0.11484544250237606,0.0,0.0344827586206896,0.1,0.1428571428571428
419828,mscoco,0.024692984577268363,0.07850720338868937,0.025239178072661163,0.07392926691894595,0.1,1.0,0.1,1.0
123166,mscoco,0.14962862133979798,0.2730766965104219,0.1794649787247181,0.3431474499324555,0.0,0.0285714285714285,0.1,0.5
146236,mscoco,0.0345283642411232,0.09543930941509876,0.035007777996361254,0.10893543768054859,0.1,0.1111111111111111,0.1,0.25
264406,mscoco,0.15341437384486198,0.38634650055241093,0.11682270094752312,0.3249981990582372,0.2,0.5,0.2,1.0
311709,mscoco,0.11604130901396274,0.2213906085786751,0.11358337290585041,0.2785549799157931,0.1,1.0,0.5,1.0
54086,mscoco,0.15234733000397682,0.298501704046366,0.1264955973252654,0.33391711272299934,0.0,0.015625,0.0,0.0042918454935622
124729,mscoco,0.17644211575388907,0.3571063500265384,0.16201042979955674,0.42740214357252765,0.9,1.0,0.8,1.0
521334,mscoco,0.08136340379714965,0.2366093558251847,0.10668559409677983,0.20815704155278494,0.1,0.25,0.1,0.5
400309,mscoco,0.029657325334846975,0.09965205968921874,0.03658702746033669,0.12444807600503073,0.0,0.0625,0.1,1.0
385601,mscoco,0.14950554966926574,0.27444087524467037,0.18684802912175655,0.30744808109459176,0.4,0.5,0.5,1.0
39978,mscoco,0.22290793880820275,0.4725910155464513,0.16916830390691756,0.3161055248103721,0.3,0.25,0.3,1.0
444949,mscoco,0.1638666495680809,0.37414490064228895,0.2531085483729839,0.6600271690698966,0.1,0.3333333333333333,0.1,0.2
428178,mscoco,0.11077721528708935,0.3059699914854588,0.11316838338971139,0.30666216902491483,0.0,0.0069930069930069,0.0,0.0131578947368421
120416,mscoco,0.2910700522363186,0.46249432779732574,0.26622786894440653,0.4477919064881887,0.6,1.0,0.8,1.0
52281,mscoco,0.17875982075929642,0.30421786595601974,0.2674100622534752,0.4480334263470792,0.1,0.125,0.2,0.3333333333333333
187592,mscoco,0.08741106912493705,0.24571282252281118,0.10083095878362655,0.34127961049039,0.2,0.25,0.3,1.0
98478,mscoco,0.017192805372178554,0.06109531872270092,0.01940060006454587,0.07329531704650045,0.1,0.1428571428571428,0.1,1.0
471599,mscoco,0.21082113683223724,0.40845766201162853,0.1890150561928749,0.302463578454452,0.1,0.1666666666666666,0.2,1.0
136232,mscoco,0.06757875885814428,0.16516128553884823,0.1058085948228836,0.18814230163310167,0.0,0.0555555555555555,0.0,0.0833333333333333
270740,mscoco,0.18263898734003306,0.38333053917337,0.32624296098947525,0.48078315237403635,0.1,1.0,0.5,0.3333333333333333
310536,mscoco,0.3555204138159752,0.5761971483421869,0.5339893788099289,0.819128571980319,0.2,1.0,0.4,0.5
469515,mscoco,0.022432984970510005,0.08026760378392854,0.03782528275623918,0.11304873752051478,0.0,0.0032051282051282,0.1,0.3333333333333333
251252,mscoco,0.17433502227067948,0.34486868954589167,0.23877952322363855,0.5837954337016529,0.2,0.2,0.4,1.0
560646,mscoco,0.12770495638251306,0.2790629795919533,0.15635299906134606,0.35078327200524156,0.6,1.0,1.0,1.0
36029,mscoco,0.07026257403194905,0.18986705258205575,0.07410526294261217,0.24165278535271673,0.1,0.5,0.1,1.0
302216,mscoco,0.18945198655128478,0.3524897432577668,0.30251958295702935,0.6259168584006441,0.1,0.3333333333333333,0.3,1.0
178156,mscoco,0.1095353677868843,0.2597574772659229,0.09685105681419373,0.21032874427317466,0.0,0.0022573363431151,0.0,0.0135135135135135
535604,mscoco,0.14659352600574493,0.2963202884018478,0.13141088262200357,0.2632513191400402,0.6,1.0,0.3,0.5
462577,mscoco,0.20410680547356605,0.36632468546158786,0.22422379329800607,0.3556898064794149,0.0,0.0666666666666666,0.4,0.5
360585,mscoco,0.2207359414547682,0.3373781269950989,0.2855586212128401,0.46376922063971315,0.4,0.25,0.6,0.5
336764,mscoco,0.045015727542340754,0.14692958386361818,0.04108592085540295,0.11240971692310076,0.0,0.0128205128205128,0.1,0.1111111111111111
277237,mscoco,0.04005989655852318,0.13406385483799765,0.042933120764791964,0.10908629771286642,0.1,0.1666666666666666,0.2,0.5
11326,mscoco,0.10877202600240707,0.26828239131827736,0.13684468492865562,0.38404534065034107,0.1,0.5,0.1,1.0
243443,mscoco,0.07076594159007073,0.19774443854737664,0.07197206504642964,0.22508585571443163,0.2,0.1666666666666666,0.3,0.25
97724,mscoco,0.08388496302068234,0.2748283079557109,0.14495329260826112,0.3008159810574808,0.0,0.0555555555555555,0.3,0.5
248753,mscoco,0.0454145529307425,0.1351016077876924,0.048612119350582364,0.17847910760111046,0.0,0.0277777777777777,0.0,0.0095238095238095
331676,mscoco,0.19351861178874968,0.3804766970564593,0.37920642644166946,0.8156986797879959,0.0,0.0217391304347826,0.1,1.0
169500,mscoco,0.06731051877140999,0.23027837126047007,0.09689784310758114,0.26496613563106547,0.1,0.125,0.2,1.0
475035,mscoco,0.1570396466180682,0.4488367928989247,0.13791598081588746,0.30526066338607444,0.2,0.1428571428571428,0.3,0.3333333333333333
383923,mscoco,0.1830836869776249,0.3266689527892099,0.2242635227739811,0.3828894182896375,0.4,0.2,0.4,1.0
330229,mscoco,0.07432249523699283,0.21646913043680777,0.141686250641942,0.2754731638046626,0.0,0.0476190476190476,0.3,1.0
259421,mscoco,0.15857816636562347,0.3767463959527148,0.17310732826590539,0.4631530406498444,0.1,1.0,0.1,0.2
453558,mscoco,0.11083149164915085,0.29877571676007253,0.10251087248325348,0.2860920428575232,0.1,0.1428571428571428,0.1,1.0
47632,mscoco,0.046291228383779526,0.11483060897792606,0.03438640460371971,0.11324702258583332,0.0,0.0909090909090909,0.1,0.5
556406,mscoco,0.18269839212298394,0.3629548646882607,0.23566414564847946,0.415600826567187,0.4,1.0,0.4,0.3333333333333333
205563,mscoco,0.16549278646707535,0.29306288742154524,0.15925287902355195,0.3360632492291246,0.5,0.25,0.2,1.0
358287,mscoco,0.09740943815559149,0.22505400823612717,0.06464787591248751,0.19729423913768437,0.1,0.1428571428571428,0.3,0.5
172727,mscoco,0.13060256615281104,0.31686111188694044,0.1398667313158512,0.3401668540384777,0.1,1.0,0.1,1.0
274148,mscoco,0.09272320419549943,0.2743453992131928,0.13004358261823654,0.36540814587576664,0.0,0.0147058823529411,0.2,0.125
395957,mscoco,0.0468531196936965,0.12575964958900038,0.04391593430191278,0.1379096583740374,0.0,0.0555555555555555,0.2,0.5
27656,mscoco,0.19254538640379906,0.27177748411757274,0.3413006141781807,0.6250152892309815,0.5,1.0,0.9,1.0
535663,mscoco,0.20664057396352292,0.31430252250553437,0.23649876415729523,0.4241885050075567,0.3,0.3333333333333333,0.3,0.3333333333333333
59012,mscoco,0.0945738535374403,0.25173564891481054,0.14764171242713928,0.3359109150518233,0.1,0.5,0.1,1.0
338732,mscoco,0.052956531010568145,0.13860248914916506,0.05086254309862852,0.14149399964599854,0.1,1.0,0.1,1.0
34800,mscoco,0.07115060761570931,0.15280234775427728,0.10433731824159623,0.2828991035778042,0.0,0.027027027027027,0.3,0.5
78290,mscoco,0.1429896868765354,0.2788313714227998,0.2787919744849205,0.4571500672285263,0.0,0.0028328611898017,0.1,0.1428571428571428
34235,mscoco,0.15329439528286457,0.28218447992604667,0.17344408556818963,0.2899485787374156,0.0,0.0344827586206896,0.1,0.5
149993,mscoco,0.0982302874326706,0.2161936996718549,0.10299143940210342,0.25924881121985804,0.1,0.1666666666666666,0.2,1.0
92,drawbench,0.13666947036981583,0.24721345906002626,0.16100406870245934,0.303244481658739,0.0,0.0769230769230769,0.0,0.0019920318725099
289739,mscoco,0.05824652500450611,0.1801378478556945,0.06280269250273704,0.1693143579644958,0.1,0.1,0.0,0.0217391304347826
11,drawbench,0.193410050496459,0.4962363474751285,0.17912981510162354,0.36645583610430116,0.0,1.886863655232273e-05,0.0,1.9478748685184465e-05
394681,mscoco,0.042805579770356414,0.12308982442660996,0.04941863208077848,0.12669400595294347,0.1,0.3333333333333333,0.1,0.1428571428571428
404984,mscoco,0.10841445364058018,0.274337663224819,0.1106884978711605,0.25199697534795074,0.0,0.003831417624521,0.0,0.0095238095238095
95777,mscoco,0.09461705200374126,0.2653516835890679,0.1535755328834057,0.3105202635830096,0.2,0.5,0.2,0.25
516158,mscoco,0.0272914778906852,0.09982606000887798,0.04341350719332695,0.14727743788222064,0.0,0.015625,0.1,0.25
223569,mscoco,0.15306860208511353,0.267545964859522,0.3318130001425743,0.5666106842549606,0.1,1.0,0.3,1.0
107782,mscoco,0.06403910145163536,0.18681984164048837,0.07047445476055145,0.17329487497511095,0.1,0.25,0.4,0.5
98881,mscoco,0.007589481421746314,0.026355638796010772,0.012157985707744956,0.03415615884443011,0.1,1.0,0.1,1.0
94045,mscoco,0.21143096089363098,0.36988000284827355,0.2884901657700539,0.4096553794838313,0.3,0.3333333333333333,1.0,1.0
498015,mscoco,0.01681003561243415,0.06169047632603139,0.018786389986053108,0.06181135009945995,0.1,1.0,0.0,0.0526315789473684
451172,mscoco,0.07546448297798633,0.21429182690086615,0.07002071067690849,0.24334449194582955,0.1,0.3333333333333333,0.1,1.0
535211,mscoco,0.031988353654742244,0.11950553739282833,0.04365183394402265,0.13177619684610029,0.1,0.25,0.1,0.5
18476,mscoco,0.026091179298236965,0.08204189346508015,0.031470469757914545,0.09124076699522504,0.1,1.0,0.1,1.0
275930,mscoco,0.055360888876020906,0.15055978950547536,0.07958462052047252,0.21519460421971962,0.0,0.0833333333333333,0.1,1.0
507434,mscoco,0.050758422212675215,0.1290321180582943,0.02192907575517893,0.07953371794886177,0.1,0.25,0.0,0.0020366598778004
29122,mscoco,0.07400391399860382,0.17856680065626554,0.08946619257330894,0.24501136769496448,0.0,0.0769230769230769,0.1,1.0
116204,mscoco,0.11858169510960578,0.2464386615062751,0.16979504749178886,0.2799914553285567,0.4,1.0,0.4,0.5
274815,mscoco,0.09907072074711323,0.263339758139829,0.15346380546689034,0.3405327734663117,0.2,0.25,0.1,0.3333333333333333
507215,mscoco,0.06400435268878937,0.17574661494674915,0.08119189646095037,0.27322471111123836,0.4,0.25,0.2,0.5
559658,mscoco,0.1349545456469059,0.3437719422620185,0.1610957644879818,0.3519216570143865,0.4,0.3333333333333333,0.5,0.5
344157,mscoco,0.8260583996772766,0.8927122573741102,0.8714563608169555,0.9455326894272098,1.0,1.0,1.0,1.0
327768,mscoco,0.11326949670910835,0.23197628852874327,0.06930121853947639,0.2170080678726673,0.2,1.0,0.2,1.0
35424,mscoco,0.11896407157182694,0.2678777778033363,0.18547164127230645,0.3299819819757928,0.2,1.0,0.5,1.0
412698,mscoco,0.21780794039368628,0.46632512125568754,0.2294863909482956,0.4473525287354772,0.2,1.0,0.1,1.0
502588,mscoco,0.11327250078320503,0.2729662310445689,0.0947190884500742,0.23487673086411293,0.5,0.3333333333333333,0.5,1.0
515527,mscoco,0.03998764213174581,0.15355685146191814,0.05901207979768515,0.21749892545476762,0.1,1.0,0.1,1.0
382958,mscoco,0.12335778549313545,0.2291054077099258,0.12132143378257751,0.2828970242144167,0.0,0.0666666666666666,0.1,0.5
166975,mscoco,0.05062936022877693,0.11041846762926477,0.047229619976133105,0.12733170143193054,0.1,0.5,0.1,0.125
397640,mscoco,0.234130297601223,0.4380830009986807,0.3001175239682198,0.5045087653046658,0.1,0.25,0.1,0.1666666666666666
462880,mscoco,0.05014120489358902,0.1345477545337245,0.045882894471287725,0.13055363507964315,0.1,1.0,0.1,1.0
104808,mscoco,0.08282281458377838,0.1935283508731274,0.07574748955667018,0.177488619349316,0.1,0.25,0.0,0.05
30235,mscoco,0.27322367429733274,0.4127039396886305,0.39021957218647,0.5366498054240062,0.3,0.25,0.7,0.5
513219,mscoco,0.039251604955643414,0.09058152797959015,0.04221409857273102,0.15025361084508543,0.1,0.25,0.2,1.0
63,drawbench,0.033035033755004405,0.16459776736688297,0.029551411513239145,0.09765625323028392,0.0,0.0,0.0,0.0
245771,mscoco,0.11106045544147491,0.262053613808101,0.11168744787573814,0.2869252392966027,0.4,0.5,0.4,1.0
1375,mscoco,0.2229321628808975,0.3833496464084921,0.36635254621505736,0.593109443116031,0.4,0.5,0.3,0.1666666666666666
167479,mscoco,0.07578232362866402,0.18889227652193907,0.09199651330709457,0.23559336978222847,0.0,0.0232558139534883,0.3,1.0
124874,mscoco,0.048954167775809763,0.17582649773372805,0.04070778330788016,0.1089427897210904,0.1,0.3333333333333333,0.0,0.0056497175141242
506901,mscoco,0.08595409039407968,0.26368810075285165,0.08760963659733534,0.25042202056126,0.3,0.2,0.5,1.0
519754,mscoco,0.08381942436099052,0.24528873319288869,0.10564339719712734,0.2607455817969137,0.1,1.0,0.1,1.0
336457,mscoco,0.05730399377644062,0.17739553282311477,0.10797498896718025,0.2383828464796594,0.0,0.0526315789473684,0.4,0.25
290974,mscoco,0.03303565932437778,0.07488269539415206,0.03222969686612487,0.10504897425315718,0.1,1.0,0.1,0.3333333333333333
18918,mscoco,0.18464471250772477,0.3728749287410918,0.18420311510562898,0.34896197082416375,1.0,1.0,0.7,0.3333333333333333
153140,mscoco,0.0788095735013485,0.17395302802413765,0.12872554883360862,0.25280556080286354,0.0,0.0769230769230769,0.3,1.0
83481,mscoco,0.030205825343728065,0.09789742391537229,0.03400151198729873,0.09876130462740274,0.2,0.5,0.2,1.0
204473,mscoco,0.02810477148741484,0.09326380823493795,0.028469041315838696,0.0895258078556162,0.0,0.0526315789473684,0.0,0.0476190476190476
419074,mscoco,0.22525504976511002,0.3783088237721346,0.30412620678544044,0.5459653151326406,0.0,0.0357142857142857,0.1,0.125
261235,mscoco,0.058408296294510366,0.13801671613444397,0.15629303641617298,0.3392779301618277,0.0,0.0909090909090909,0.1,1.0
338971,mscoco,0.047873967327177525,0.18070271325078924,0.06571975722908974,0.15805717510035855,0.1,0.1,0.1,0.3333333333333333
223183,mscoco,0.3764394298195839,0.559897353408759,0.4698305144906044,0.7820443513181968,0.9,1.0,0.7,1.0
450711,mscoco,0.07025104425847531,0.20392279898425694,0.0646264849230647,0.20710359332728723,0.1,0.5,0.1,1.0
490187,mscoco,0.32220652103424074,0.5855100685575465,0.3078058212995529,0.5127385025619878,0.1,0.5,0.1,0.3333333333333333
564602,mscoco,0.09447221532464027,0.22666968895094258,0.172587788105011,0.380229943233571,0.0,0.0188679245283018,0.4,0.5
452201,mscoco,0.08596068946644664,0.22171213966106554,0.06955626495182514,0.1849503111659384,0.0,0.05,0.2,1.0
443334,mscoco,0.24143287241458894,0.36880306072635505,0.32345500588417053,0.46388002416264434,0.3,0.2,0.3,1.0
18075,mscoco,0.26736778020858765,0.5169868485754116,0.43858669996261596,0.5674599935834564,0.4,0.3333333333333333,1.0,1.0
50,drawbench,0.06923354025930166,0.15378282363319712,0.06494358591735364,0.17364284411819908,0.0,0.0,0.0,0.0
86,drawbench,0.0993796069175005,0.22133297225756945,0.11636498123407364,0.3274180241086253,0.1,0.125,0.0,0.0555555555555555
171808,mscoco,0.16205063611268997,0.38501203820822105,0.1681338891386986,0.3306021572315885,0.2,0.1428571428571428,0.5,1.0
572487,mscoco,0.04665687959641218,0.1379185753981252,0.08163415379822254,0.22599672887147404,0.0,0.037037037037037,0.2,0.1666666666666666
566765,mscoco,0.08991283904761076,0.24723321287900382,0.11598232053220273,0.2680251078389717,0.1,1.0,0.2,0.5
163514,mscoco,0.11846915706992149,0.2858715744976038,0.1368330992758274,0.2710044588852053,0.1,1.0,0.1,1.0
311128,mscoco,0.10909421220421792,0.30691127753231406,0.11546945087611675,0.3525119495595781,1.0,1.0,0.9,1.0
520858,mscoco,0.1817358247935772,0.3522275073303833,0.3302548661828041,0.5461172172517408,0.0,0.0833333333333333,0.5,0.3333333333333333
271051,mscoco,0.042130065336823466,0.12729266412929002,0.05932766627520323,0.12040520136489022,0.1,0.5,0.1,1.0
532933,mscoco,0.13229104764759542,0.24600153301845676,0.12781685069203377,0.32027492298162086,0.0,0.0434782608695652,0.1,1.0
475974,mscoco,0.18431741669774054,0.41636307708040365,0.24881020933389664,0.5553742342568947,0.1,0.3333333333333333,0.0,0.0217391304347826
206731,mscoco,0.04556085951626301,0.1515976514777314,0.04258262887597084,0.14542149735379237,0.1,0.5,0.1,0.3333333333333333
450212,mscoco,0.15462446473538877,0.36119513063621717,0.14961688667535783,0.3781128145881133,0.1,1.0,0.1,0.3333333333333333
188478,mscoco,0.14754943624138833,0.27813230958841545,0.17882073745131494,0.29247585443043056,0.4,1.0,0.2,1.0
463944,mscoco,0.026628395169973375,0.08042043366920099,0.032165988348424435,0.09627600537238042,0.1,0.1,0.0,0.0294117647058823
521657,mscoco,0.19533962458372117,0.3316684278284834,0.19161788299679755,0.3912680710275079,0.2,1.0,0.1,1.0
310511,mscoco,0.03659045333042741,0.10500132733668745,0.09752529077231883,0.2382744465778905,0.1,0.3333333333333333,0.1,1.0
24859,mscoco,0.07744969129562378,0.20838929711495024,0.1836908146739006,0.3297100091054383,0.1,0.1,0.2,1.0
402662,mscoco,0.04385212026536465,0.1440379006290741,0.048932846449315545,0.14788647057818977,0.2,0.25,0.4,1.0
109791,mscoco,0.12692269086837768,0.3129383280603535,0.2173193797469139,0.4568488705467596,0.2,0.3333333333333333,0.3,1.0
62,drawbench,0.16753023490309715,0.3099838973287989,0.16638900488615035,0.4797260585872102,0.0,0.0025839793281653,0.0,0.0023809523809523
298190,mscoco,0.08978403573855757,0.2521093708762093,0.14206391349434852,0.22700801285933725,0.1,0.125,0.3,1.0
86065,mscoco,0.31362635269761086,0.632937553647101,0.533535572886467,0.6065685799501059,0.4,0.5,0.4,0.25
127726,mscoco,0.03231943491846323,0.10408060909599356,0.04765058476477861,0.12385539313937147,0.2,1.0,0.1,1.0
572825,mscoco,0.13134039007127285,0.36906254614230993,0.19879606515169143,0.3986023326840685,0.4,0.5,0.7,1.0
246009,mscoco,0.24467217102646827,0.521675742145164,0.24414163827896118,0.36114979587743473,0.5,1.0,0.7,1.0
517906,mscoco,0.07049500793218613,0.1864487142034397,0.09836252275854349,0.2249605884359931,0.0,0.0909090909090909,0.1,0.1666666666666666
265256,mscoco,0.09497218281030655,0.2577179791822609,0.09835184998810291,0.18629303164428207,0.0,0.0833333333333333,0.2,1.0
373038,mscoco,0.04516939502209425,0.15819032028149732,0.052107039466500284,0.15500891203464712,0.0,0.0909090909090909,0.1,1.0
53720,mscoco,0.19273913875222207,0.2790988951272863,0.2031555578112602,0.34850353027074504,0.4,0.5,0.8,0.3333333333333333
514116,mscoco,0.07151124514639377,0.17703345943959767,0.10969037935137749,0.34684822201743964,0.0,0.0625,0.3,0.5
395396,mscoco,0.44114994406700136,0.8514001120980191,0.43821688294410704,0.6817267701414084,0.5,1.0,0.8,1.0
118851,mscoco,0.26074484139680865,0.4293515090765076,0.26541227400302886,0.46396526564362894,0.4,1.0,0.6,1.0
198625,mscoco,0.2955937638878822,0.5393593123955686,0.31463856548070906,0.6138509764470831,0.0,0.0333333333333333,0.2,0.2
53,drawbench,0.0725765647366643,0.164149254326298,0.07558687962591648,0.19580328685425558,0.0,0.0,0.0,0.0
99,drawbench,0.02241716436110437,0.08109130472164551,0.01328575164079666,0.046131495013045205,0.0,0.0,0.0,0.0
132656,mscoco,0.43737807869911194,0.661317507006849,0.3241378054022789,0.4763619351803483,0.2,0.3333333333333333,0.2,0.5
213276,mscoco,0.012707099644467234,0.03969469221627829,0.013408182095736266,0.04661587481020017,0.1,1.0,0.1,1.0
123974,mscoco,0.11309202946722507,0.29304829599370497,0.17799896597862244,0.374045002805119,0.5,1.0,0.6,0.5
131,drawbench,0.12028617542237044,0.27289687386178124,0.19598783329129219,0.34758271653951,0.0,0.0,0.0,0.0
435096,mscoco,0.026500174915418027,0.09708890885405043,0.031330078933387996,0.10191853874553243,0.1,1.0,0.1,1.0
509764,mscoco,0.05219336468726397,0.1346521465662614,0.06911757230991497,0.1460449859469153,0.1,0.5,0.0,0.0454545454545454
204273,mscoco,0.1752234734594822,0.29975381042404614,0.13122337348759175,0.24851703675600162,0.1,0.2,0.1,0.125
299768,mscoco,0.2793561518192291,0.5971200601668719,0.44216354191303253,0.6026100373279007,0.0,0.003012048192771,0.3,0.25
135369,mscoco,0.32170631289482116,0.5344040140326121,0.24932441115379333,0.6124415215826288,0.8,1.0,0.6,1.0
508053,mscoco,0.11250305250287056,0.27259199847476684,0.2241563156247139,0.44235723665071497,0.1,0.2,0.2,0.5
475413,mscoco,0.09143437445163727,0.25127011177084435,0.2764979239553213,0.6423594712017682,0.0,0.0434782608695652,0.0,0.027027027027027
44328,mscoco,0.045487903617322446,0.13712691994438464,0.05227552521973848,0.13978181021903258,0.1,1.0,0.1,0.3333333333333333
127743,mscoco,0.10119799561798573,0.26447834791215213,0.07380985915660858,0.24964430808378255,0.2,1.0,0.2,1.0
316842,mscoco,0.12661557607352733,0.3253372795435127,0.13067652694880963,0.3393282203756372,0.0,0.0769230769230769,0.2,0.5
131075,mscoco,0.06564809717237949,0.15434469788593833,0.07736777607351542,0.1760120395275139,0.0,0.0059171597633136,0.2,1.0
323812,mscoco,0.10648159794509411,0.2611694250336026,0.11108986549079418,0.2722517265435722,0.4,1.0,0.6,1.0
354212,mscoco,0.2492942363023758,0.38590501310929226,0.3417416550219059,0.7040747604752933,0.3,1.0,0.7,1.0
33645,mscoco,0.042449895106256005,0.12789244191690788,0.0457198292016983,0.12645515385800285,0.1,0.5,0.1,0.25
285529,mscoco,0.18071893230080605,0.35617054325817193,0.2128764919936657,0.4147520619431389,0.6,0.5,0.7,1.0
52669,mscoco,0.08981895372271538,0.23281634710390722,0.13572173044085503,0.27864158105564696,0.0,0.0416666666666666,0.2,0.5
47328,mscoco,0.1984851136803627,0.48020169766622267,0.2081558920443058,0.4969600470054163,0.4,0.5,0.3,0.3333333333333333
256513,mscoco,0.06747735850512981,0.19199451958931862,0.14633757397532463,0.3591165446328229,0.0,0.0833333333333333,0.3,0.5
561196,mscoco,0.03847259245812893,0.12173744012477503,0.04075357709079981,0.12580345871518994,0.1,1.0,0.1,1.0
411261,mscoco,0.07716135606169701,0.23175742802210722,0.09489172101020812,0.23314649231616152,0.1,1.0,0.1,1.0
578056,mscoco,0.014138298528268933,0.05483180270438392,0.018907433096319436,0.059150162993762787,0.1,0.3333333333333333,0.1,1.0
110926,mscoco,0.1471235655248165,0.29334259227399545,0.19793882817029954,0.3876677497665476,0.0,0.0204081632653061,0.1,1.0
290175,mscoco,0.028490079287439584,0.0874936438254459,0.03421691115945578,0.12737802702635273,0.4,0.2,0.6,1.0
295589,mscoco,0.07137594558298588,0.1819652903285577,0.08941917717456818,0.2571689643963423,0.0,0.0028735632183908,0.0,0.0025316455696202
442478,mscoco,0.13544154316186904,0.3147176317139427,0.20218250453472136,0.36376761971778304,0.0,0.0108695652173913,0.0,0.0153846153846153
267598,mscoco,0.194811674952507,0.46235481487161517,0.27082550078630446,0.6162753701703605,0.3,1.0,0.4,1.0
386424,mscoco,0.1138556532561779,0.21838482879172358,0.08399516325443983,0.17804993209692016,0.2,0.3333333333333333,0.1,0.1666666666666666
10727,mscoco,0.14906670115888118,0.2940524112281916,0.1580811358988285,0.4010581538555146,0.0,0.0454545454545454,0.1,0.1
7452,mscoco,0.28670418411493304,0.3875737807127328,0.38157781958580017,0.5216306021464726,0.2,0.1666666666666666,0.5,0.5
322560,mscoco,0.041191958263516425,0.12455577064089357,0.050220416765660046,0.13899988939558003,0.3,0.25,0.4,1.0
185849,mscoco,0.06665020119398832,0.1345591891233356,0.07305304007604718,0.25675401594760056,0.1,0.1666666666666666,0.0,0.0067567567567567
459827,mscoco,0.03539193104952574,0.11863686413564814,0.058729030191898346,0.1916504492880732,0.0,0.0769230769230769,0.3,0.5
415840,mscoco,0.07273616492748261,0.18645067096637646,0.05588573850691318,0.16025708837581576,0.0,0.0303030303030303,0.0,0.0057471264367816
206274,mscoco,0.0863705400377512,0.24283353172899125,0.07768897134810686,0.24451124111110553,0.1,1.0,0.2,1.0
239888,mscoco,0.32666427344083787,0.5894656678588802,0.3269066780805588,0.4800165052609258,0.1,0.3333333333333333,0.6,0.5
120,drawbench,0.07160495277494192,0.20032867904808277,0.11661070138216019,0.25888156246276167,0.0,0.0,0.0,0.0
309169,mscoco,0.06534552369266748,0.16148836126114471,0.15780642554163932,0.3531791619413635,0.0,0.04,0.2,0.5
112996,mscoco,0.10755372270941735,0.32584715133650055,0.11247068606317043,0.31849605950995313,0.1,1.0,0.1,1.0
459343,mscoco,0.18636830747127534,0.440910223635429,0.21415308341383935,0.49388762629077404,0.4,1.0,0.7,1.0
471488,mscoco,0.1709013819694519,0.2852008498094125,0.13494925275444986,0.29894325133183525,0.0,0.0024213075060532,0.0,0.025
252919,mscoco,0.2285013660788536,0.3864131515291074,0.26180357336997984,0.4740466115713076,0.3,1.0,0.4,0.5
7945,mscoco,0.06575113870203494,0.16114327580673815,0.07689815610647202,0.23103123538171394,0.0,0.0625,0.1,1.0
162215,mscoco,0.26045486330986023,0.42569336183773454,0.22616841197013854,0.3954894380498241,0.4,0.5,0.6,1.0
193889,mscoco,0.05324882008135319,0.14738467763324958,0.13554710969328881,0.3196698111756909,0.0,0.0070422535211267,0.1,1.0
46,drawbench,0.06268162354826927,0.1657061363180798,0.06432603672146797,0.17395001248823672,0.0,0.0,0.0,0.0
30,drawbench,0.07831855770200491,0.2550585542179166,0.08300296030938625,0.23676616476581908,0.0,0.0,0.0,0.0
386864,mscoco,0.05263625839725137,0.217540274816497,0.051463714335113764,0.20841906190656417,0.1,0.25,0.2,0.25
232287,mscoco,0.04029679968953133,0.12673484600784907,0.046972351521253584,0.1469970720639932,0.0,0.0204081632653061,0.1,0.5
241027,mscoco,0.3709578409790993,0.5486874567226874,0.3412721186876297,0.3941071733241286,0.6,0.3333333333333333,0.3,0.1666666666666666
213795,mscoco,0.12290617153048515,0.3385659126005713,0.18120027258992194,0.275732302696243,0.1,0.25,0.2,0.25
12059,mscoco,0.07150125121697784,0.19124459605193206,0.050854092463850975,0.20279159089230797,0.1,1.0,0.1,1.0
162753,mscoco,0.15452735386788846,0.4547666161037474,0.14027959927916528,0.3239455841840163,0.2,1.0,0.0,0.0555555555555555
425458,mscoco,0.035699289105832574,0.14382455864280638,0.06035504061728716,0.15801202792858204,0.2,0.5,0.4,0.3333333333333333
368956,mscoco,0.213492239266634,0.35607616513855406,0.1776612214744091,0.3940022826347969,0.1,0.1,0.0,0.0526315789473684
496410,mscoco,0.07857936769723892,0.23974800704520002,0.08327078297734261,0.24523388343445185,0.1,0.1111111111111111,0.2,0.5
532612,mscoco,0.1002499733120203,0.26017098077500245,0.10005002841353416,0.2779689959076329,0.1,1.0,0.0,0.0625
230837,mscoco,0.1888675235211849,0.347673318859498,0.22047523111104966,0.460910394241542,0.0,0.0196078431372549,0.0,0.0769230769230769
460882,mscoco,0.317244528979063,0.5870577741481682,0.3294954180717468,0.4577489291478886,0.4,0.5,0.3,0.5
485852,mscoco,0.03200635155662894,0.10348022788219274,0.07482971996068954,0.15748399130614632,0.1,0.3333333333333333,0.0,0.0416666666666666
72342,mscoco,0.2871369063854218,0.3927749157806403,0.2765511706471443,0.5120590390518869,0.2,1.0,0.1,0.2
81017,mscoco,0.14987884536385537,0.2919150756593941,0.16385985612869264,0.3169739446448612,0.0,0.0909090909090909,0.1,0.125
401828,mscoco,0.05812588576227427,0.14457993061433522,0.0761662634089589,0.2616954544856707,0.2,0.1666666666666666,0.2,1.0
554138,mscoco,0.10224721282720566,0.25211562217014294,0.22841952964663506,0.40029558656850545,0.0,0.0666666666666666,0.1,0.1111111111111111
321742,mscoco,0.25728965178132057,0.35500362634661464,0.16480928137898446,0.38050599016779324,0.4,1.0,0.7,1.0
574384,mscoco,0.2240892954170704,0.42108886226865305,0.23235611170530318,0.45883685168746907,0.0,0.002020202020202,0.0,0.0014306151645207
446557,mscoco,0.08949175830930471,0.23405169012172014,0.09279542267322541,0.27733117936150065,0.1,0.1428571428571428,0.0,0.05
253498,mscoco,0.09743690676987171,0.20061826702199922,0.14988203905522823,0.4811561532501786,0.1,0.3333333333333333,0.4,0.25
448251,mscoco,0.07960306964814663,0.18287180004135786,0.08721810169517993,0.21185388948900852,0.1,0.5,0.0,0.0188679245283018
116622,mscoco,0.4754779577255249,0.6296966953572649,0.509893125295639,0.8023790914934893,0.3,1.0,0.3,0.3333333333333333
486899,mscoco,0.14329188726842404,0.28518462458331917,0.1518472671508789,0.3437285420610913,0.2,1.0,0.0,0.0178571428571428
59295,mscoco,0.11790797039866448,0.2907468796033537,0.11114587485790253,0.3137331123210783,0.1,1.0,0.1,0.2
289012,mscoco,0.08251903243362904,0.23239498021865915,0.09383140169084073,0.22973445758085764,0.1,0.2,0.1,1.0
435902,mscoco,0.18931292816996576,0.3227283071395869,0.24660589694976806,0.41117068375197857,0.2,0.25,0.6,1.0
480518,mscoco,0.0865363541059196,0.2667403039189578,0.074695701058954,0.2243367891427271,0.5,0.5,0.4,1.0
39272,mscoco,0.1521677479147911,0.364086181898682,0.12892881482839585,0.37920693417872553,0.1,0.5,0.1,1.0
558579,mscoco,0.058819958753883836,0.19217288544244845,0.0672890704125166,0.1870865871131884,0.2,1.0,0.2,0.2
143348,mscoco,0.18896949738264085,0.3390105480791701,0.261586631834507,0.44025536642442825,0.1,1.0,0.4,0.2
16961,mscoco,0.04389629345387221,0.11550380483430421,0.03688878491520882,0.11122160241813038,0.1,0.5,0.1,0.1428571428571428
489939,mscoco,0.08429436013102531,0.24949202687780858,0.12726534977555276,0.3143106829895273,0.0,0.0116279069767441,0.1,0.3333333333333333
185281,mscoco,0.11373175345361233,0.3335131463941778,0.1352114874869585,0.345339406347276,0.2,1.0,0.2,1.0
500622,mscoco,0.037296213954687116,0.09266661212888001,0.04605521988123655,0.10906791678650798,0.1,1.0,0.1,0.5
220772,mscoco,0.20101316943764685,0.4229084962122576,0.1622462287545204,0.35560407909268354,0.0,0.0060240963855421,0.0,0.0068965517241379
550400,mscoco,0.0966864388436079,0.1977743582823331,0.08452088609337807,0.19842927750420866,0.2,1.0,0.2,1.0
378906,mscoco,0.16267637349665165,0.2530002733855071,0.16346514374017715,0.3711006272840019,0.0,0.0769230769230769,0.1,1.0
542111,mscoco,0.15311145633459092,0.4205689314780342,0.2521081447601318,0.412108687552317,0.1,0.1,0.0,0.0666666666666666
3217,mscoco,0.23986667916178703,0.5401627011506455,0.3110211730003357,0.43774467900253367,0.4,1.0,0.4,0.5
96625,mscoco,0.06172003448009491,0.18024844403950552,0.1290050305426121,0.26976589910695803,0.1,0.5,0.4,1.0
60328,mscoco,0.2879310503602028,0.4908540885790035,0.4171207040548325,0.5949606756464266,0.1,0.1666666666666666,0.3,0.1666666666666666
402287,mscoco,0.0522247638553381,0.15845515665856552,0.05816427301615477,0.20595406694440566,0.3,1.0,0.4,0.25
517909,mscoco,0.05844128299504518,0.14535914781213188,0.07151789050549269,0.22876533029052318,0.1,0.5,0.0,0.0285714285714285
113233,mscoco,0.11330304630100727,0.21856578695927828,0.19377222210168837,0.3368660097082803,0.0,0.0072463768115942,0.1,1.0
77181,mscoco,0.04436480272561312,0.13396524079228045,0.07803869284689427,0.2052052414412233,0.1,0.5,0.0,0.0024752475247524
371243,mscoco,0.14717478975653647,0.32608635569847794,0.24651863425970078,0.4718021088848094,0.0,0.0666666666666666,0.8,1.0
146656,mscoco,0.10534604638814926,0.2476063548773736,0.12489000670611858,0.24744857906078024,0.1,0.2,0.0,0.0666666666666666
430688,mscoco,0.04568534409627319,0.10532546782372772,0.03746308265253902,0.10940260664014777,0.1,0.25,0.1,1.0
143449,mscoco,0.09091180078685283,0.2271490785991061,0.1324476920068264,0.3658479073061842,0.5,1.0,0.3,1.0
57433,mscoco,0.20154653191566468,0.3061504834022972,0.2832541897892952,0.5212087491879883,0.1,0.2,0.0,0.0769230769230769
298736,mscoco,0.04698834791779518,0.1323898468233862,0.06865530554205179,0.21716428596064344,0.1,1.0,0.4,1.0
406550,mscoco,0.19583271890878678,0.35057949343671224,0.16387133821845054,0.29975153734654775,0.1,0.1428571428571428,0.0,0.037037037037037
561903,mscoco,0.07049955800175667,0.18803435108538435,0.07565856538712978,0.2073277239005273,0.0,0.0476190476190476,0.1,1.0
227699,mscoco,0.3434253826737404,0.7318781602833702,0.3541275843977928,0.6422114844487427,0.4,1.0,0.4,0.5
59821,mscoco,0.10656223446130753,0.30904571880624715,0.15205112472176552,0.292799968413376,0.0,0.0083333333333333,0.0,0.04
265612,mscoco,0.057243344560265544,0.18572837954090624,0.06635025050491095,0.19068920674253395,0.3,1.0,0.2,1.0
24591,mscoco,0.08558546043932438,0.21594130834175657,0.17042598985135554,0.3991616483888798,0.0,0.0714285714285714,0.3,0.5
71,drawbench,0.11005266606807709,0.19214247223824774,0.10343221183866262,0.27133762517115073,0.0,0.000432525951557,0.0,0.0008771929824561
35,drawbench,0.3231756180524826,0.5273670833269068,0.36564934104681013,0.5664582049100346,0.0,0.0454545454545454,0.0,0.0133333333333333
317833,mscoco,0.08203885033726692,0.1862891334925372,0.13147101029753686,0.2746403350822748,0.1,0.25,0.0,0.0454545454545454
544583,mscoco,0.12929347082972525,0.24697217497401835,0.30228918641805647,0.4782307990413954,0.0,0.0666666666666666,0.7,0.5
514544,mscoco,0.05352865867316723,0.14402831138128525,0.04789938647300005,0.13921375733772226,0.5,1.0,0.4,1.0
160199,mscoco,0.07177213355898857,0.2201166027698541,0.12767754569649697,0.2958532376596449,0.1,0.125,0.3,0.5
156445,mscoco,0.19365801624953746,0.5330399545865628,0.21282946392893792,0.35716148292131195,0.2,1.0,0.4,1.0
46686,mscoco,0.08041514158248901,0.20433367803958233,0.0665051981806755,0.16695945867150505,0.2,1.0,0.2,0.3333333333333333
563457,mscoco,0.07357037253677845,0.22137542615488026,0.07363312784582376,0.19033261277562494,0.2,0.5,0.2,1.0
520848,mscoco,0.1440613605082035,0.3128405705274403,0.16180095747113227,0.34922984500501236,0.4,1.0,0.5,0.25
433992,mscoco,0.08583869226276875,0.18656951905131486,0.1119548350572586,0.28842792663254035,0.0,0.0031746031746031,0.1,0.1666666666666666
415464,mscoco,0.0801165409386158,0.20688421626925413,0.048403092101216315,0.1785453373660577,0.0,0.0136986301369863,0.0,0.0045871559633027
62543,mscoco,0.15200179815292358,0.2670106830530988,0.24831731766462325,0.47796130240822077,0.3,0.2,0.7,0.5
123175,mscoco,0.2953632354736328,0.5588574135342078,0.2763819769024849,0.5028682357844874,0.4,1.0,0.3,1.0
65383,mscoco,0.3540093220770359,0.6515029083187716,0.5624887347221375,0.6696679607243524,0.3,0.5,1.0,1.0
544001,mscoco,0.09616102576255799,0.23452239024510396,0.14940546303987504,0.28700063343464555,0.4,1.0,0.2,0.1428571428571428
41104,mscoco,0.26024484932422637,0.4511358493976084,0.24039828926324844,0.4296975325728699,0.5,1.0,0.5,1.0
355193,mscoco,0.7396694242954254,0.830282582227941,0.7804997682571411,0.8881821133481442,1.0,1.0,1.0,1.0
500940,mscoco,0.008960187761113047,0.036821396558940726,0.013504051556810736,0.053234221258680436,0.1,1.0,0.1,0.5
429142,mscoco,0.044955421891063455,0.1431488681090758,0.050080271810293196,0.19346686805812296,0.0,0.01,0.1,1.0
125252,mscoco,0.03338638991117478,0.1265737631128097,0.039024034328758714,0.11237782883460737,0.2,0.5,0.2,0.5
14683,mscoco,0.16300978288054466,0.3879825801417839,0.21417585760354996,0.37667972317409404,0.2,1.0,0.3,1.0
109,drawbench,0.08471182491630316,0.16408937657129102,0.09307664949446917,0.25530245403503626,0.1,0.1428571428571428,0.0,0.0135135135135135
391662,mscoco,0.03820824082940817,0.1406051961454214,0.04395187329500914,0.13525909391979415,0.1,0.25,0.4,0.5
409131,mscoco,0.06755540724843741,0.15824189033012487,0.10731822550296784,0.2750971302495053,0.2,0.5,0.4,1.0
478880,mscoco,0.33914262652397154,0.4963512445039009,0.3702950231730938,0.5376420730532006,0.0,0.05,0.2,0.5
230972,mscoco,0.05516003277152777,0.18234503380266598,0.09043745175004006,0.24520709638056007,0.1,1.0,0.1,0.3333333333333333
233093,mscoco,0.019576942338608204,0.05423603488982256,0.018305700924247503,0.06781561241179007,0.0,0.0064102564102564,0.0,0.0023364485981308
143,drawbench,0.029144992772489785,0.07388331435965038,0.02009256142191589,0.08894932402889362,0.0,0.0,0.0,0.0
59918,mscoco,0.1455278627574444,0.3554501223657942,0.21530998051166533,0.48841238488139904,0.2,1.0,0.7,1.0
575958,mscoco,0.12764921709895133,0.29713511958616523,0.10422836132347583,0.25543263626566576,0.0,0.0101010101010101,0.1,0.5
381160,mscoco,0.5516463547945023,0.7300690054118683,0.2809576131403446,0.4325123460069507,0.0,0.0714285714285714,0.1,0.5
229067,mscoco,0.2676777862012386,0.4144666437023823,0.3665442124009132,0.5245452634924864,0.6,0.3333333333333333,0.6,1.0
412780,mscoco,0.04808241259306669,0.16999674289071467,0.10287599675357342,0.2040733985615989,0.0,0.0476190476190476,0.2,0.1428571428571428
515655,mscoco,0.08209057115018367,0.1944733812937063,0.07487308345735073,0.21038065640485135,0.0,0.0526315789473684,0.1,0.25
385037,mscoco,0.15132451802492142,0.37419846602770906,0.19573669582605363,0.34066897547992075,0.6,1.0,0.6,0.5
30281,mscoco,0.21727294325828553,0.5577948514108865,0.31067419350147246,0.5145607176954339,0.4,0.3333333333333333,0.5,0.3333333333333333
85472,mscoco,0.42153186202049253,0.5772694498633314,0.502071887254715,0.8469866764121758,0.8,1.0,0.9,1.0
262146,mscoco,0.10587640665471554,0.23153707704829218,0.2015696369111538,0.42259018639397217,0.0,0.0833333333333333,0.5,1.0
85155,mscoco,0.27285433784127233,0.5533764625369123,0.2411726415157318,0.48246158188685945,0.4,1.0,0.3,0.5
406250,mscoco,0.27682007998228075,0.5301334526680566,0.3345745772123337,0.6115211433241519,0.3,1.0,0.5,0.5
172143,mscoco,0.05640638433396816,0.13279410509438558,0.08288540011271835,0.2255761797789429,0.0,0.0625,0.1,0.5
455667,mscoco,0.26758627593517303,0.4641816336842645,0.29243491142988204,0.5193566051796423,0.3,0.2,0.6,1.0
169006,mscoco,0.21021946519613266,0.3155001788529608,0.23256896585226058,0.5775709331070732,0.2,0.5,0.4,0.5
173109,mscoco,0.04225967619568109,0.16167649535136516,0.07445755805820227,0.19998368480669343,0.1,1.0,0.2,1.0
192322,mscoco,0.28246073573827746,0.49600727185295546,0.2975163646042347,0.5139523559528816,0.9,1.0,0.8,1.0
222266,mscoco,0.13239833042025567,0.3587458499272462,0.13431410901248456,0.3295443957896476,0.3,1.0,0.3,1.0
325806,mscoco,0.21787087768316268,0.4588859167313171,0.2344354622066021,0.5343574706504649,0.2,1.0,0.5,0.3333333333333333
449537,mscoco,0.18786311745643616,0.437611928119665,0.2272183172404766,0.4239760762570623,0.0,0.00625,0.0,0.0555555555555555
145284,mscoco,0.12892235927283763,0.2795450516642993,0.13988181203603745,0.37600399841068793,0.1,0.5,0.0,0.0909090909090909
465058,mscoco,0.23380773067474364,0.4990504740607676,0.45581282377243043,0.6691828502296031,0.3,0.5,0.9,1.0
165893,mscoco,0.03586726114153862,0.11516141511695005,0.06492987796664237,0.16936272003580582,0.1,1.0,0.1,1.0
537157,mscoco,0.13113967515528202,0.2914081232327363,0.13825989738106728,0.4052793365696192,0.0,0.0909090909090909,0.1,1.0
426323,mscoco,0.037576080206781624,0.1344624996290455,0.05376861020922661,0.15485965658037373,0.1,1.0,0.1,1.0
92280,mscoco,0.1751101605594158,0.30630455907010296,0.15656263157725334,0.300303766121711,0.2,1.0,0.4,1.0
319118,mscoco,0.2669095993041992,0.6356157062302148,0.2313103199005127,0.4031583090702732,0.3,1.0,0.5,0.5
234713,mscoco,0.20357153825461866,0.4225180462621698,0.20699244886636733,0.37769081284459316,0.9,1.0,1.0,1.0
379165,mscoco,0.1350245364010334,0.2699506889586426,0.16022644452750684,0.3519354137967052,0.1,0.125,0.3,1.0
26551,mscoco,0.08962890058755875,0.22730906112105304,0.12242740616202355,0.35842016420819334,0.0,0.0303030303030303,0.3,1.0
280242,mscoco,0.06345870681107044,0.17831218331796414,0.11018784120678901,0.23631703082531227,0.2,0.2,0.1,0.1111111111111111
260307,mscoco,0.05022655315697193,0.1986215833894565,0.08257991261780262,0.1814138929118769,0.0,0.0070422535211267,0.0,0.0526315789473684
433168,mscoco,0.18354215659201145,0.3919090261302415,0.21815737895667553,0.4144282645084851,0.3,1.0,0.3,1.0
319043,mscoco,0.11535319983959198,0.2490857165240408,0.15012534484267234,0.24385754555022232,0.1,0.25,0.3,0.25
381994,mscoco,0.06529758591204882,0.28903265106497084,0.10146302916109562,0.18350760064317942,0.0,0.0151515151515151,0.1,0.25
206044,mscoco,0.1227734200656414,0.29685728848789383,0.10664365366101265,0.2867656107940285,0.1,1.0,0.1,1.0
211312,mscoco,0.06350600849837065,0.16846615499463166,0.09569481946527958,0.20950481989503655,0.0,0.0188679245283018,0.1,1.0
42196,mscoco,0.1391253549605608,0.29587776993426473,0.1747162774205208,0.3595429561320405,0.0,0.0833333333333333,0.6,1.0
497096,mscoco,0.07378219366073609,0.2057669475949321,0.16888440549373626,0.3456532461128158,0.1,0.1666666666666666,0.4,0.2
81,mscoco,0.3896848425269127,0.5689120172739602,0.4847419664263725,0.6956170621641663,0.0,0.0119047619047619,0.0,0.0256410256410256
486123,mscoco,0.06752430275082588,0.20223828715653863,0.059142435900866985,0.15791673638535805,0.0,0.0476190476190476,0.1,0.125
322,mscoco,0.05614673551172018,0.13813634762644522,0.08002745546400547,0.22961122156107022,0.1,0.1666666666666666,0.1,0.125
493294,mscoco,0.2577650174498558,0.4986249680366927,0.24408413991332054,0.41741396856036567,0.0,0.005,0.2,0.1428571428571428
187090,mscoco,0.13304858170449735,0.22135687146266833,0.21609828621149063,0.4340661516303539,0.6,0.25,0.8,1.0
372902,mscoco,0.06477109435945749,0.23001526090952681,0.11778514534235,0.3449264585392565,0.1,1.0,0.1,1.0
293979,mscoco,0.19041568264365197,0.38393528803649535,0.25011158734560013,0.33972813525269574,0.3,1.0,0.3,0.5
417090,mscoco,0.05606971122324467,0.18635721556325968,0.07647181898355485,0.19944298482118097,0.0,0.0109890109890109,0.1,1.0
422172,mscoco,0.02955302856862545,0.1063735318491037,0.03289148136973381,0.12583053716003298,0.1,0.5,0.1,1.0
280988,mscoco,0.06799696292728186,0.18318851199578698,0.054230544716119766,0.18616876307929564,0.1,0.25,0.1,1.0
227558,mscoco,0.06870811209082603,0.21556967132007568,0.06573490425944328,0.18624885196975777,0.6,0.5,0.9,1.0
348006,mscoco,0.0385229816660285,0.11599184027667939,0.04142052419483662,0.16224039945952065,0.1,0.25,0.1,1.0
166716,mscoco,0.09083322733640671,0.2231689449502935,0.20266518890857696,0.323489392726295,0.0,0.0625,0.0,0.0138888888888888
124018,mscoco,0.3049237489700317,0.5367702479672852,0.4324836596846581,0.6620558443208158,0.4,1.0,0.7,1.0
373792,mscoco,0.17166208252310752,0.41445706762240886,0.26384803354740144,0.4417351601289542,0.5,1.0,0.7,0.5
334364,mscoco,0.055472764931619165,0.13765877576081129,0.1025253426283598,0.2897626801983413,0.1,0.2,0.1,1.0
196473,mscoco,0.03992076478898525,0.10864781769988727,0.049769135378301146,0.1525010181979333,0.7,1.0,0.6,1.0
361866,mscoco,0.23203553184866904,0.3216660542613788,0.16498516052961348,0.3541700500146394,0.1,0.1,0.4,0.5
468932,mscoco,0.0774719288572669,0.250596258640835,0.06555808894336224,0.22698145276928672,0.1,0.1428571428571428,0.1,0.5
447354,mscoco,0.2855807900428772,0.5161838253678517,0.3168862283229828,0.642502326589698,0.3,1.0,0.2,1.0
85846,mscoco,0.11781215146183968,0.2854310551316654,0.11452054530382157,0.2665616769128518,0.1,1.0,0.0,0.0035971223021582
173631,mscoco,0.06668012123554945,0.16425593739335587,0.07187079414725303,0.21947640472151753,0.1,1.0,0.3,1.0
266805,mscoco,0.10429507195949554,0.1945066392412533,0.12168646529316902,0.32514636888366066,0.0,0.0256410256410256,0.3,1.0
299662,mscoco,0.07432765401899814,0.24869232652407197,0.08486096672713757,0.18448194481159835,0.0,0.0666666666666666,0.0,0.0068027210884353
569520,mscoco,0.05769005008041859,0.19225405068272827,0.08673626966774464,0.1847379383134649,0.1,0.125,0.2,1.0
193,drawbench,0.04486666694283485,0.11465204796735906,0.04806225597858429,0.1533151812086579,0.0,0.0,0.0,0.0
205356,mscoco,0.050875545293092725,0.12449291582363017,0.07720323279500008,0.21069267333598224,0.0,0.0555555555555555,0.1,0.1666666666666666
119,drawbench,0.03912527784705162,0.12798063589578007,0.035106791835278275,0.1202260398085665,0.0,0.0,0.0,0.0
394814,mscoco,0.05844511203467846,0.17313754145225155,0.10058203674852847,0.2806477183239435,0.0,0.0384615384615384,0.2,0.25
204940,mscoco,0.1691608212888241,0.2833316155773616,0.24551438689231872,0.41133122051462007,0.2,0.3333333333333333,0.3,1.0
167740,mscoco,0.3244558349251747,0.6079255925428403,0.3339241959154606,0.6175453212214019,0.0,0.0769230769230769,0.1,0.2
544590,mscoco,0.2691522791981697,0.5932485956420773,0.2199256181716919,0.4698353035274896,0.5,0.5,0.4,1.0
344974,mscoco,0.1348008207976818,0.31201333551139915,0.13599508628249168,0.34082501894992046,0.1,1.0,0.1,0.3333333333333333
440434,mscoco,0.016533956723287703,0.060282618927953974,0.021866747224703432,0.0801867048385502,0.1,1.0,0.1,0.1666666666666666
30752,mscoco,0.14568788781762124,0.30642495759477567,0.13614979460835458,0.2932708104766613,0.4,1.0,0.6,1.0
288975,mscoco,0.06335816197097302,0.1788564399848147,0.082817736081779,0.24363721339624148,0.0,0.0114942528735632,0.1,0.2
45966,mscoco,0.012255658686626703,0.02733987334260604,0.013997499144170433,0.05919695890983728,0.1,1.0,0.0,0.037037037037037
136042,mscoco,0.02373963943682611,0.0868803789635376,0.02337527321651578,0.08598183728988151,0.1,0.25,0.1,0.1428571428571428
369514,mscoco,0.27426366657018664,0.4470745191997835,0.27879423648118973,0.421951432996783,0.1,1.0,0.0,0.0666666666666666
483525,mscoco,0.12445956915616989,0.35948606884481893,0.1413296278566122,0.23885441822816306,0.2,0.1666666666666666,0.3,1.0
280347,mscoco,0.12357305698096752,0.3174771479134931,0.0972150880843401,0.294694888348572,0.3,1.0,0.5,1.0
411343,mscoco,0.20118260607123375,0.3288705296814237,0.2634312197566032,0.4828525898867897,0.3,0.1428571428571428,0.8,0.5
567803,mscoco,0.6367386102676391,0.7871800744691927,0.6633153706789017,0.6904801678546553,0.2,0.3333333333333333,0.3,1.0
217458,mscoco,0.014260505512356757,0.051467197552240954,0.020697638858109713,0.08148921603585235,0.1,0.1666666666666666,0.1,1.0
166430,mscoco,0.06069928472861648,0.17082744786614526,0.07445686794817448,0.18904107978694384,0.1,0.3333333333333333,0.0,0.0666666666666666
556597,mscoco,0.14723265320062637,0.3172031456386499,0.17943234443664552,0.2901255515146488,0.0,0.0434782608695652,0.3,0.25
365556,mscoco,0.5857800677418709,0.7341319452834096,0.6014971792697906,0.843828976113544,0.3,1.0,0.3,0.5
20987,mscoco,0.11676475815474988,0.2883982968312276,0.1747889041900635,0.3254082398104895,0.0,0.0263157894736842,0.1,1.0
162031,mscoco,0.03637670073658228,0.11698650090489093,0.03232441507279873,0.1153142614177774,0.2,1.0,0.2,1.0
485955,mscoco,0.014291322091594338,0.0661242186916248,0.02558673485182226,0.09058272825434578,0.1,0.3333333333333333,0.1,1.0
202307,mscoco,0.1637503258883953,0.2837500685964257,0.18976227268576623,0.44058055257464496,0.5,0.5,0.9,1.0
502126,mscoco,0.05967397466301918,0.16312870229959728,0.09501855242997408,0.29473691160974586,0.0,0.0666666666666666,0.1,0.1
10130,mscoco,0.05012552919797599,0.12377109741846308,0.022509228345006703,0.0852698117189097,0.1,1.0,0.1,1.0
33489,mscoco,0.026095947343856098,0.08922543685155143,0.026647154428064822,0.07731943838172324,0.1,0.5,0.1,0.2
167152,mscoco,0.3560617476701736,0.5264936494571156,0.27672774642705916,0.5672289868899549,0.0,0.0294117647058823,0.0,0.0188679245283018
554207,mscoco,0.07343780919909478,0.16972523604458478,0.15653266683220862,0.3608664592081411,0.1,1.0,0.2,0.3333333333333333
162827,mscoco,0.21481340378522873,0.461399381408605,0.27199995443224906,0.5234866471787943,0.1,1.0,0.3,1.0
329217,mscoco,0.037072348222136495,0.1215111234459212,0.03691123053431511,0.1103875864961066,0.1,1.0,0.1,1.0
187194,mscoco,0.10944549441337585,0.23818464203919773,0.08392808362841606,0.20195257944218892,0.1,0.5,0.2,1.0
374357,mscoco,0.09958480633795261,0.25256067733431975,0.15118584148585795,0.2648208422890796,0.5,1.0,0.9,1.0
240976,mscoco,0.07769641056656837,0.20294252522600725,0.06435049623250962,0.18350049619042905,0.1,0.3333333333333333,0.0,0.0666666666666666
558171,mscoco,0.12784438766539097,0.3935518772305995,0.19756968468427658,0.4012477972973989,0.0,0.0068965517241379,0.0,0.0625
126714,mscoco,0.0295674123801291,0.09716853744674639,0.06418692637234927,0.2060269445405068,0.0,0.0006361323155216,0.1,0.2
132652,mscoco,0.24504364989697933,0.5289901550729277,0.35686230286955833,0.5177306881676967,0.7,1.0,0.8,1.0
87272,mscoco,0.055155078694224355,0.24836105911855297,0.09972498267889023,0.3240362138928103,0.1,1.0,0.2,1.0
18973,mscoco,0.06935255620628596,0.1786277014808408,0.08350261710584164,0.19169036286366598,0.2,1.0,0.0,0.0833333333333333
214261,mscoco,0.19517054334282874,0.4292119124026114,0.18287419751286507,0.32826428905511945,0.3,1.0,0.3,1.0
44136,mscoco,0.03782278597354889,0.11336888193588746,0.04267546692863107,0.13981719063062065,0.1,0.1,0.0,0.0769230769230769
204020,mscoco,0.0073285275138914585,0.028683843408154254,0.011654974846169352,0.03695991150198441,0.0,0.0088495575221238,0.1,0.3333333333333333
226848,mscoco,0.15878209322690964,0.3182006382311474,0.16112621501088142,0.37172512350113834,0.3,0.1666666666666666,0.7,1.0
303570,mscoco,0.21601368337869645,0.3352183561566976,0.1819162793457508,0.32715219083495045,0.1,0.1111111111111111,0.0,0.0909090909090909
399983,mscoco,0.16388273239135742,0.2533724793984057,0.27088290452957153,0.5695962915563221,0.1,0.125,0.3,1.0
168843,mscoco,0.08932914808392525,0.23749978541571162,0.11834748722612858,0.25903839718958044,0.2,1.0,0.2,1.0
369074,mscoco,0.24380790665745736,0.45493715632753173,0.1915872722864151,0.4689103511182442,0.1,1.0,0.2,1.0
364487,mscoco,0.08812475316226483,0.2229779613867318,0.12452280633151531,0.2998193918629502,0.0,0.0085470085470085,0.0,0.0051282051282051
232546,mscoco,0.06235866881906986,0.20483277450186144,0.09603833071887494,0.20633721424799092,0.1,0.5,0.0,0.0052910052910052
159,drawbench,0.00863515872042626,0.034407192071284454,0.018523893877863885,0.0671495152222242,0.0,9.588095420725627e-06,0.0,1.7944300890037325e-05
329336,mscoco,0.10908717587590218,0.2680850518811133,0.21963430643081666,0.4050233467096317,0.0,0.0476190476190476,0.0,0.0769230769230769
229481,mscoco,0.06127156894654036,0.18257434988079335,0.10995635837316513,0.2620102119866571,0.0,0.04,0.2,0.25
528575,mscoco,0.24703423604369162,0.3964078986517932,0.15160937793552876,0.29130885264435036,0.1,1.0,0.1,1.0
3694,mscoco,0.0940629206597805,0.21931790125991668,0.15880707353353501,0.44197052996300107,0.0,0.0909090909090909,0.4,1.0
417016,mscoco,0.2581381812691689,0.3617778184718501,0.41633876264095304,0.656992244079504,0.1,0.1666666666666666,0.2,0.1666666666666666
251418,mscoco,0.039838319458067414,0.13987712921347387,0.05437732376158237,0.16204054447857882,0.0,0.0476190476190476,0.0,0.0263157894736842
547866,mscoco,0.2179017998278141,0.36919517264247403,0.21660348474979402,0.4837758042246446,0.3,0.5,0.4,0.5
166998,mscoco,0.14481114111840726,0.24110772158643437,0.24012282937765123,0.4056359722328123,0.4,0.3333333333333333,0.6,1.0
570864,mscoco,0.024180802516639233,0.09074862134932839,0.017905754037201405,0.07635083721861327,0.6,1.0,0.4,0.5
462445,mscoco,0.07661239858716726,0.24178572240228163,0.08848106563091278,0.2688291496110714,0.1,1.0,0.1,1.0
300661,mscoco,0.0341011059936136,0.09184712790981962,0.049239519611001016,0.12095250295928425,0.1,0.1666666666666666,0.1,1.0
169502,mscoco,0.20896242260932923,0.3909842592491474,0.1313135638833046,0.318304569532079,0.1,0.2,0.1,1.0
66144,mscoco,0.0702013049274683,0.1696582962582257,0.13728619143366813,0.3102239335160332,0.1,0.1,0.1,1.0
269843,mscoco,0.044859458692371845,0.1641351160755405,0.05103295762091875,0.11927415889667109,0.1,0.25,0.1,1.0
54938,mscoco,0.08562513776123523,0.23238591032714948,0.09441237393766641,0.2628202476411539,0.0,0.0175438596491228,0.0,0.04
27390,mscoco,0.1806009016931057,0.2912281186336539,0.19286201298236846,0.3460788583660456,0.1,0.1666666666666666,0.1,0.3333333333333333
521978,mscoco,0.22509319111704826,0.4126660393997401,0.21653275191783905,0.5224218808390491,0.1,1.0,0.1,0.5
429433,mscoco,0.1324576862156391,0.22768343723040355,0.1387954767793417,0.4529955756957982,0.1,0.25,0.0,0.0093457943925233
134,drawbench,0.08029028717428446,0.20896046876474345,0.09659958668053151,0.2142493579481437,0.0,2.6367136001687492e-05,0.0,0.0021231422505307
378621,mscoco,0.04140586787834764,0.13878572360153654,0.0688534714281559,0.18391920958239175,0.1,0.1111111111111111,0.0,0.0476190476190476
222948,mscoco,0.06699831560254096,0.18286857667668516,0.08831031508743763,0.21934962864217894,0.0,0.0056497175141242,0.1,0.3333333333333333
77,drawbench,0.07149249259382487,0.23065327497795993,0.06005426067858934,0.19907703085078057,0.0,0.0095238095238095,0.0,0.0084033613445378
124903,mscoco,0.29373922049999235,0.3654612692285149,0.2687132567167282,0.41607606564405103,0.1,0.3333333333333333,0.8,1.0
359375,mscoco,0.05473561435937881,0.16166146069258644,0.0729814488440752,0.19579468839502526,0.1,0.5,0.1,0.5
244760,mscoco,0.08567055948078632,0.18885514834719921,0.08267674315720797,0.18479066699787172,0.7,1.0,0.8,1.0
83097,mscoco,0.05250666681677103,0.13747980216812325,0.039789116196334365,0.11720361023475646,0.3,0.2,0.3,0.3333333333333333
337264,mscoco,0.03622926753014326,0.15531989596285853,0.04894598033279181,0.17409310969400052,0.1,1.0,0.1,1.0
145921,mscoco,0.2913048803806305,0.5553314739338089,0.367644838988781,0.6402231495948378,0.2,0.2,0.0,0.0833333333333333
422155,mscoco,0.09646280743181705,0.33768111111572013,0.10006536953151227,0.33153407302181975,0.5,1.0,0.8,1.0
451969,mscoco,0.06679552495479583,0.15216228116797922,0.08501337990164756,0.19009261683148998,0.1,0.1666666666666666,0.1,0.2
484344,mscoco,0.08233294188976288,0.2232166303620993,0.11288008540868759,0.304863351841297,0.2,0.25,0.3,0.3333333333333333
488952,mscoco,0.12057983838021755,0.26717364285153344,0.13934688717126847,0.27658224424112327,0.1,0.1666666666666666,0.1,1.0
67163,mscoco,0.10642505940049887,0.20677856442637313,0.11612424999475479,0.32242481076725155,0.1,1.0,0.1,0.3333333333333333
521068,mscoco,0.06718790493905544,0.17372667577205866,0.06459021009504795,0.16370175984438198,0.1,0.1,0.0,0.0119047619047619
424340,mscoco,0.03044539224356413,0.08480457019034941,0.04854341521859169,0.1486123437913607,0.1,0.2,0.0,0.0769230769230769
364491,mscoco,0.08232804760336876,0.20948783202614618,0.0855760246515274,0.22423983776309012,0.2,1.0,0.0,0.0909090909090909
556901,mscoco,0.28034175038337705,0.47275272071533986,0.26942063570022584,0.5570266230561944,0.2,0.5,0.0,0.0526315789473684
420826,mscoco,0.28477686941623687,0.55404514955694,0.309678615629673,0.4652363826669534,0.2,1.0,0.2,0.3333333333333333
283213,mscoco,0.11121499687433242,0.2697098463854898,0.16913089156150818,0.3512212945089092,0.0,0.0833333333333333,0.2,0.2
214363,mscoco,0.014793182257562876,0.05199533895126765,0.028334304597228764,0.08932620656518953,0.1,0.25,0.1,1.0
165350,mscoco,0.2379099979996681,0.48450530950249926,0.2998893275856972,0.543608707556282,0.0,0.0909090909090909,0.2,1.0
79806,mscoco,0.13503181636333467,0.28355929051328255,0.11476652696728706,0.26543299113305935,0.0,0.0833333333333333,0.1,0.125
279175,mscoco,0.0674354113638401,0.1479643544092307,0.051815726794302464,0.18416058279226255,0.3,0.5,0.4,1.0
200423,mscoco,0.09025410953909159,0.17400966815914776,0.15510700792074203,0.30658933134732563,0.1,0.1111111111111111,0.2,0.1111111111111111
11041,mscoco,0.3986451715230942,0.5833071461574678,0.6274940937757492,0.8376747497553672,0.7,1.0,0.7,0.3333333333333333
61377,mscoco,0.04073941567912698,0.12393300131112256,0.04228836372494697,0.15097691929479454,0.1,0.1,0.1,0.5
499094,mscoco,0.26197282075881956,0.396009391742926,0.34689514636993407,0.5326662689212409,0.0,0.0476190476190476,0.3,0.25
65,drawbench,0.05997927989810705,0.20058920981277034,0.03676448669284582,0.09842531045393205,0.0,0.0,0.0,0.0
20542,mscoco,0.19365309327840804,0.3584996455144722,0.21921898573637008,0.3844278656839109,0.2,0.3333333333333333,0.2,1.0
295472,mscoco,0.11322213560342789,0.2803019203535933,0.14020443744957448,0.33957454462461745,0.2,0.3333333333333333,0.7,1.0
4471,mscoco,0.19819765761494637,0.3404190181493614,0.13168192692101002,0.28789658261772444,0.3,0.5,0.2,0.25
518816,mscoco,0.0114051828160882,0.043105322768988284,0.015701276762411,0.05919007370294348,0.1,1.0,0.1,0.3333333333333333
267700,mscoco,0.23248904794454575,0.5432486836781457,0.3671128198504448,0.5010741995460845,0.8,1.0,0.5,1.0
436696,mscoco,0.09501941874623299,0.3002293647047741,0.1127625934779644,0.32794765809933807,0.0,0.0833333333333333,0.2,0.5
477351,mscoco,0.03158658277243376,0.093048570129004,0.02605816666036844,0.08051328647380371,0.2,1.0,0.2,1.0
84084,mscoco,0.15831075981259346,0.35773065012488964,0.22094274759292604,0.36985956179877616,0.1,1.0,0.4,0.5
492314,mscoco,0.23689600080251694,0.44974454243223955,0.4402027875185013,0.6415198678334009,0.1,0.125,0.2,0.3333333333333333
13882,mscoco,0.06654208060353994,0.16179321236126964,0.0357249578461051,0.1413911006326478,0.1,1.0,0.1,1.0
125700,mscoco,0.04745972864329815,0.1666748053363713,0.09488023333251476,0.2028356375107878,0.2,0.5,0.1,1.0
370103,mscoco,0.2753577843308449,0.5076246158505773,0.2779241852462292,0.43058945865813825,0.3,1.0,0.0,0.0909090909090909
94,drawbench,0.05457259751856327,0.150128467181166,0.04566195365041494,0.1362941347136343,0.0,0.0769230769230769,0.0,0.0048543689320388
137273,mscoco,0.15608834251761436,0.37002701260320975,0.20434170141816138,0.48621037434151976,0.1,0.5,0.1,1.0
106935,mscoco,0.10640152767300606,0.29097859023290873,0.18582031801342963,0.36274203064940164,0.1,0.1111111111111111,0.1,0.125
797,mscoco,0.18678078278899193,0.4501866843733511,0.23582105189561844,0.4126839760038242,0.5,0.5,0.6,1.0
107362,mscoco,0.03391683595255017,0.0954404668222357,0.05490009281784296,0.19968286756612416,0.1,0.125,0.3,1.0
81128,mscoco,0.022514768550172447,0.06081979349097362,0.01830469546839595,0.07333047400667804,0.1,0.5,0.1,1.0
442554,mscoco,0.05087511632591486,0.1999832098818814,0.049790866672992706,0.20763957914127681,0.1,1.0,0.1,1.0
19413,mscoco,0.15657995790243148,0.3502955457778705,0.152834752202034,0.3087772986159173,0.0,0.008,0.0,0.0033444816053511
7583,mscoco,0.05388105157762766,0.1392441567958045,0.10347323026508093,0.2346622134290417,0.0,0.0909090909090909,0.4,1.0
464634,mscoco,0.03035776540637016,0.07765557335187594,0.02915485352277756,0.09278057671321077,0.1,0.5,0.2,1.0
257788,mscoco,0.22271628715097905,0.5383205779587156,0.16814680472016336,0.5361108880019949,0.4,1.0,0.3,0.5
385438,mscoco,0.0893732275813818,0.231595359302054,0.11120862737298012,0.2299420732357476,0.0,0.04,0.0,0.0833333333333333
275432,mscoco,0.10234752986580134,0.23282810846395238,0.1954830251634121,0.34208570949906514,0.0,0.0232558139534883,0.1,1.0
490582,mscoco,0.041197103541344406,0.16463829008230987,0.08616927079856396,0.19986733538092594,0.1,0.5,0.1,1.0
399880,mscoco,0.045055612176656726,0.14113368632300038,0.055286473408341405,0.16918674020236765,0.2,1.0,0.2,1.0
256903,mscoco,0.14866845309734344,0.2972837487453034,0.23124367743730545,0.45227034747809974,0.0,0.0476190476190476,0.6,0.3333333333333333
2349,mscoco,0.06954059265553951,0.20740538099934736,0.0822650071233511,0.1824431349197586,0.1,0.5,0.1,1.0
70735,mscoco,0.14905367121100427,0.3037691821897441,0.16099872291088105,0.31916595238945816,0.4,0.3333333333333333,0.5,1.0
73634,mscoco,0.05403190441429615,0.17208620121077187,0.07244860790669919,0.1925264335506845,0.4,1.0,0.5,1.0
495131,mscoco,0.06984141413122416,0.16775528516946048,0.07397764641791582,0.17934188310317953,0.0,0.0217391304347826,0.1,0.1
548953,mscoco,0.10048442892730236,0.26078393448500536,0.16414462625980378,0.32820786717904804,0.0,0.0119047619047619,0.0,0.0227272727272727
517780,mscoco,0.0766659390181303,0.22527970594529428,0.09177627377212047,0.24482508140431633,0.1,1.0,0.1,1.0
314616,mscoco,0.17279305160045624,0.3180920165359843,0.17654624059796334,0.3317735169031204,0.0,0.0909090909090909,0.1,1.0
51070,mscoco,0.0363785732537508,0.11657595209880905,0.07833615094423294,0.2326824246756522,0.0,0.0048076923076923,0.1,0.5
61761,mscoco,0.08501669913530349,0.22084970843194132,0.08928941600024701,0.2243737755067577,0.3,1.0,0.5,1.0
228657,mscoco,0.19081485718488694,0.3779391747730134,0.3409620985388756,0.5528956903737363,0.1,0.1428571428571428,0.6,0.3333333333333333
328732,mscoco,0.21481485590338706,0.3578489092849771,0.27449249774217604,0.5598262082761107,0.3,0.25,0.3,1.0
152108,mscoco,0.23406662791967392,0.3212226720027078,0.302792190015316,0.4868845361746106,0.4,1.0,0.7,0.5
309192,mscoco,0.22127797827124596,0.42784155458431805,0.16901132129132748,0.30555402975496615,0.3,1.0,0.2,0.25
28085,mscoco,0.010360301658511161,0.04168811952492341,0.008550616179127246,0.03550312190834711,0.1,1.0,0.1,1.0
392717,mscoco,0.08968761824071407,0.20810015170983517,0.062373749911785126,0.15869068133411526,0.0,0.003731343283582,0.1,1.0
373648,mscoco,0.1908676579594612,0.47300171386298434,0.19802075996994972,0.4350910363720537,0.2,0.5,0.2,0.5
186201,mscoco,0.11310354955494403,0.280950693774719,0.14713116958737374,0.31633821894170605,0.3,1.0,0.1,0.25
556248,mscoco,0.05828811544924974,0.14845927747047827,0.09750315081328154,0.22892538488084735,0.3,0.5,0.1,0.3333333333333333
30631,mscoco,0.036624505277723075,0.10861962636536311,0.05491285175085068,0.16393944456533643,0.0,0.0012165450121654,0.1,0.25
109838,mscoco,0.17504751421511172,0.31499062439279224,0.13095071762800217,0.29527398277774386,0.1,1.0,0.4,0.2
97686,mscoco,0.09666867405176163,0.22255064336341532,0.0928211584687233,0.2289121273337071,0.1,1.0,0.1,0.1
22559,mscoco,0.05849961955100298,0.1893494506881986,0.06957071255892515,0.20407511859059918,0.1,1.0,0.1,1.0
163474,mscoco,0.2723980568349361,0.550310630969306,0.22075858935713769,0.4996263491752262,0.0,0.0069930069930069,0.0,0.05
23489,mscoco,0.2341493174433708,0.39352881777816,0.25964718461036684,0.46260467880164685,0.6,1.0,0.8,1.0
460417,mscoco,0.10919321179389954,0.22791174971278635,0.11391708925366402,0.3509955070128336,0.0,0.0103092783505154,0.1,1.0
143120,mscoco,0.13068918101489543,0.24258289783433573,0.12774939388036727,0.27124076403595265,0.1,0.3333333333333333,0.2,0.5
549649,mscoco,0.06290748436003923,0.15394042657568072,0.03535487875342369,0.10644944380971892,0.1,0.5,0.1,1.0
62132,mscoco,0.039473151322454214,0.19357058508128525,0.05068485978990793,0.17454618447316816,0.1,0.5,0.1,1.0
371157,mscoco,0.053819566033780575,0.17022448152898764,0.03037096429616213,0.11239592196967017,0.0,0.04,0.1,0.1
376009,mscoco,0.027921994123607873,0.11058348096723324,0.05160262025892735,0.13746309365007314,0.1,1.0,0.0,0.0357142857142857
41997,mscoco,0.6887086182832718,0.7153787878753592,0.6206465780735015,0.7531988266167867,0.9,1.0,1.0,1.0
305338,mscoco,0.03304167091846466,0.11493043930933175,0.027931025438010692,0.10362003273798717,0.5,0.5,0.2,1.0
151922,mscoco,0.0785488210618496,0.24645471032709973,0.09539944231510163,0.26372105497141357,0.1,0.1428571428571428,0.3,1.0
169683,mscoco,0.15839953646063804,0.2761926632332531,0.1779481902718544,0.33012999260407117,0.5,1.0,0.7,1.0
504216,mscoco,0.020457242522388695,0.059788550024397036,0.010866602510213852,0.043825722106808844,0.1,1.0,0.1,0.5
42215,mscoco,0.3156091675162315,0.5378513180200165,0.22360168099403382,0.4736732754552576,0.5,1.0,0.5,1.0
285607,mscoco,0.3582829624414444,0.5413462778630193,0.4219259962439537,0.6357069319202507,0.0,0.0666666666666666,0.0,0.0192307692307692
345562,mscoco,0.04092081030830741,0.12740962281611085,0.039699403662234546,0.11073251513005555,0.1,0.2,0.1,0.1
155160,mscoco,0.08235996104776859,0.19308475361683117,0.09139818735420704,0.2231325996278531,0.1,1.0,0.1,1.0
576944,mscoco,0.05861489996314049,0.15096011344772467,0.10272459872066975,0.25125114852719677,0.1,0.3333333333333333,0.3,1.0
488360,mscoco,0.024956358934286983,0.06725128035580226,0.027000854501966386,0.07966525462197029,0.1,0.1428571428571428,0.1,0.3333333333333333
20641,mscoco,0.16351434513926505,0.33795405091121333,0.13050417974591255,0.3686121137183412,0.2,1.0,0.2,1.0
83268,mscoco,0.19279040656983853,0.32383998255920055,0.15288969539105893,0.35367554109976346,0.1,1.0,0.0,0.037037037037037
203618,mscoco,0.17779465168714523,0.25412120681548933,0.2602920696139336,0.5139262017915143,0.1,0.125,0.1,1.0
301870,mscoco,0.3069558873772621,0.5588604033108993,0.40655752569437026,0.6168280826630629,0.5,1.0,0.6,1.0
424788,mscoco,0.09789288174360991,0.1742763677069745,0.09506866801530123,0.2112037950839944,0.1,1.0,0.5,1.0
292170,mscoco,0.09027187824249268,0.20407780154292582,0.19796493500471116,0.40135685683419975,0.1,0.1111111111111111,0.3,0.5
502823,mscoco,0.13121538646519185,0.4140878374738584,0.1016812302172184,0.22653086334683753,0.2,1.0,0.4,1.0
40531,mscoco,0.15168870203197002,0.31550160271485844,0.16120908372104167,0.3258898679639415,0.6,0.3333333333333333,0.8,0.5
162020,mscoco,0.150068873539567,0.24112604746377683,0.09612670131027698,0.2740318070248178,0.1,0.25,0.1,0.3333333333333333
84853,mscoco,0.24712067395448684,0.5193415366069983,0.24530045688152313,0.37117633078428136,0.5,0.5,0.7,1.0
139839,mscoco,0.07696121167391538,0.1863445086785556,0.08024374917149543,0.27235399797076243,0.1,0.125,0.1,0.1666666666666666
163296,mscoco,0.7436846673488617,0.8704812180578193,0.7504267394542694,0.8936043077277274,0.5,0.3333333333333333,0.4,1.0
268644,mscoco,0.18024371787905694,0.4053716683450968,0.2111768864095211,0.3631407056352687,0.7,1.0,0.9,1.0
69283,mscoco,0.014951772475615143,0.06828617333447248,0.021126741357147694,0.0717566432194722,0.0,0.0169491525423728,0.1,1.0
59610,mscoco,0.3172390669584274,0.5031260090593849,0.2972714379429817,0.5377339755776878,0.5,1.0,0.7,1.0
471834,mscoco,0.08939490579068661,0.1952442607935203,0.1182774093002081,0.24670920916972552,0.2,0.3333333333333333,0.7,0.5
15197,mscoco,0.12780710943043233,0.21542498170256288,0.15190316513180732,0.3348301462609965,0.4,0.5,0.6,0.5
343908,mscoco,0.03397896969690919,0.10248782269232819,0.04866062831133604,0.11079802707294056,0.0,0.0093457943925233,0.0,0.0208333333333333
451375,mscoco,0.03553433110937476,0.12708746849711694,0.01891246917657554,0.08627799015514219,0.1,0.3333333333333333,0.1,0.5
440027,mscoco,0.09327085092663764,0.23785070127979027,0.11547205001115798,0.226095206644144,0.2,0.25,0.5,0.5
377777,mscoco,0.03816679585725069,0.11168373157891352,0.04823595322668552,0.1736230183101492,0.0,0.0060240963855421,0.3,1.0
130240,mscoco,0.17115851864218712,0.30737644081538706,0.2716902017593384,0.47266991202940906,0.4,0.25,0.8,0.5
121618,mscoco,0.0652135718613863,0.1644494937294521,0.07970311231911183,0.186522824352513,0.3,0.5,0.3,0.5
273245,mscoco,0.05137830525636673,0.184432909939848,0.06029552407562733,0.1667972965219296,0.1,0.2,0.0,0.0714285714285714
187978,mscoco,0.039885555114597085,0.11064747394730962,0.04924862962216139,0.12494772780380402,0.1,0.25,0.1,1.0
395933,mscoco,0.08171799294650554,0.2072756694073328,0.08485586941242218,0.24047542408469405,0.1,0.5,0.1,1.0
247184,mscoco,0.10238216146826744,0.24147823705679955,0.0966969333589077,0.23464871485010017,0.1,0.2,0.4,0.5
198397,mscoco,0.13226048313081265,0.23373663955230406,0.16264306269586087,0.3294111848001481,0.1,0.125,0.4,1.0
266207,mscoco,0.46548169255256655,0.6358152666031687,0.4845711201429367,0.7069037032373077,0.7,1.0,1.0,1.0
324816,mscoco,0.11572602465748787,0.3068405428175351,0.14167264066636562,0.3517116522932719,0.1,0.1111111111111111,0.1,0.25
539311,mscoco,0.06770004294812679,0.19375328891734586,0.09606573209166527,0.25336055875153984,0.1,1.0,0.2,1.0
34,drawbench,0.10329381413757802,0.2319101769868058,0.1123590312898159,0.29603779418750875,0.0,0.0,0.0,0.0
214413,mscoco,0.09002283923327922,0.19883252027499398,0.09751153364777565,0.2354474163502418,0.0,0.0526315789473684,0.1,1.0
521574,mscoco,0.0615966291166842,0.2008864810599075,0.04122544508427382,0.15618053191008868,0.0,0.0007710100231303,0.0,0.0185185185185185
317112,mscoco,0.03873175829648971,0.12218695728442429,0.037480346579104665,0.12049538633861684,0.1,1.0,0.1,0.1111111111111111
552295,mscoco,0.12745034731924534,0.30115498812926195,0.12509782649576665,0.36494362786254647,0.0,0.037037037037037,0.1,0.25
579787,mscoco,0.3471171647310257,0.7107766113651649,0.32628928273916247,0.5839222623286056,0.3,1.0,0.5,1.0
384422,mscoco,0.03339899051934481,0.10663530398557357,0.0716157726943493,0.1922786493102578,0.1,1.0,0.0,0.0434782608695652
531725,mscoco,0.2915546879172325,0.4885934127632124,0.3423029273748398,0.7219499516392143,0.4,0.5,0.7,1.0
491943,mscoco,0.05530650205910206,0.14251985493464442,0.07774594388902187,0.16920324725363872,0.1,0.5,0.1,1.0
56605,mscoco,0.18162781670689582,0.31238506013146855,0.13838070407509803,0.2575244868082906,0.1,0.5,0.4,1.0
444272,mscoco,0.030823589023202657,0.09802148641235083,0.026865647360682487,0.09795678176622523,0.0,0.0217391304347826,0.1,0.3333333333333333
220948,mscoco,0.05852318443357944,0.1849672481991146,0.06382285282015801,0.16475600425252265,0.1,0.1428571428571428,0.8,1.0
265176,mscoco,0.07161497715860606,0.16080759586101487,0.07320480309426784,0.16505950974623484,0.3,1.0,0.3,1.0
186,drawbench,0.10515416041016579,0.3159697969756775,0.20050081685185434,0.47368042778891234,0.0,0.0,0.0,0.0
275835,mscoco,0.07844470273703337,0.21187680926372107,0.09058487396687269,0.21225300133937178,0.2,0.5,0.2,0.1666666666666666
386036,mscoco,0.08679980076849461,0.21087363770874595,0.08890140354633332,0.19627301408879533,0.3,0.5,0.3,0.3333333333333333
165638,mscoco,0.13715528845787048,0.2563737401853278,0.16883984096348287,0.413183539478343,0.1,0.1428571428571428,0.1,0.1666666666666666
388353,mscoco,0.1137496680021286,0.2557557969469337,0.14409950524568557,0.3265363179116782,0.1,0.125,0.2,1.0
4624,mscoco,0.3852131024003029,0.6111255140741643,0.3756204664707184,0.5479336952794303,0.4,1.0,0.6,1.0
206871,mscoco,0.2986720647662878,0.3878613732323532,0.3419129341840744,0.5967692369490777,0.3,0.3333333333333333,0.4,1.0
516805,mscoco,0.06339313592761756,0.18322827460565314,0.069034006819129,0.1904644046758082,0.1,1.0,0.1,1.0
531798,mscoco,0.16337867602705955,0.31297909925787865,0.25071299970149996,0.3913822864251216,0.4,0.5,0.5,1.0
89095,mscoco,0.2344007596373558,0.39419858927845464,0.24881415218114852,0.5268818617101985,0.1,0.1666666666666666,0.1,0.1666666666666666
18078,mscoco,0.07509168423712254,0.22019485959174273,0.07724737524986267,0.1929735744008343,0.7,0.5,0.6,1.0
136900,mscoco,0.5025912344455719,0.6283458972621352,0.4674465134739876,0.45773563697685815,0.2,0.125,0.5,0.5
16,drawbench,0.02819775016978383,0.07903167540194832,0.03258107118308544,0.09490775045552005,0.0,0.0,0.0,0.0
350724,mscoco,0.11904718875885009,0.3632387799220574,0.18947919458150864,0.3988229635150165,0.1,0.25,0.1,0.3333333333333333
477195,mscoco,0.04510144498199224,0.129622387945042,0.04539018794894219,0.13372895459524803,0.6,1.0,0.5,1.0
55059,mscoco,0.08624594341963529,0.2807018828065043,0.0997920896857977,0.29300372870554514,0.1,1.0,0.1,1.0
28214,mscoco,0.032656101137399675,0.128791628090705,0.053985296189785,0.15052157598919297,0.2,1.0,0.2,1.0
192812,mscoco,0.11799392029643059,0.23145018115864874,0.12529713325202466,0.23254326351503682,0.1,0.5,0.1,1.0
162717,mscoco,0.0483479043468833,0.14076525492003444,0.05514204166829586,0.15490100498561726,0.1,0.25,0.1,1.0
547136,mscoco,0.1192916363477707,0.23553184784902848,0.1512456487864256,0.3223366755580463,0.1,0.125,0.1,0.1
408182,mscoco,0.1571412742137909,0.2617454228855855,0.12992296516895294,0.3158194983786512,0.1,0.1666666666666666,0.1,0.2
360536,mscoco,0.07620499916374683,0.1971786439242457,0.07579034846276045,0.1899734600726572,0.1,1.0,0.1,1.0
485564,mscoco,0.16879319846630098,0.2820953858851458,0.2940870404243469,0.5070687770711287,0.3,0.3333333333333333,0.3,0.1666666666666666
360695,mscoco,0.42477526515722275,0.5058605430733889,0.5539413556456566,0.6554365246977384,0.4,0.25,0.6,0.5
514483,mscoco,0.0806751899421215,0.2583256921081393,0.10452412590384483,0.2174811038290022,0.1,0.25,0.2,1.0
409918,mscoco,0.05155230602249503,0.16508513928033852,0.06639858223497867,0.2037016080576366,0.1,0.5,0.1,1.0
34333,mscoco,0.01305502150207758,0.042462978556174515,0.016546564362943172,0.060186751545497415,0.1,1.0,0.1,0.5
156915,mscoco,0.12973801530897616,0.2380965898885514,0.10084751658141614,0.3099575518226364,0.1,0.125,0.1,1.0
16520,mscoco,0.34134052097797396,0.5610973144304204,0.2391983300447464,0.574580383230241,0.1,1.0,0.1,0.5
308441,mscoco,0.2558310657739639,0.46400943299826075,0.3862063854932785,0.6043588591108401,0.4,1.0,0.7,1.0
246146,mscoco,0.1824382722377777,0.40467840945313976,0.24840134382247925,0.4621303795066777,0.1,0.125,0.4,1.0
525342,mscoco,0.05111199337989092,0.17351011433713043,0.06391647756099701,0.1499707486421745,0.0,0.0217391304347826,0.1,0.3333333333333333
293306,mscoco,0.16169667690992356,0.3913779102916261,0.17881189659237862,0.37850351273713434,0.0,0.0769230769230769,0.0,0.0050761421319796
163431,mscoco,0.0714328195899725,0.17767387838206583,0.08522202000021935,0.34143775127696685,0.3,0.5,0.2,0.1666666666666666
41265,mscoco,0.23377264961600303,0.4771053936007179,0.2889644667506218,0.5050633923513408,0.1,1.0,0.0,0.0833333333333333
184610,mscoco,0.058799965493381026,0.18058996358857246,0.06288026664406061,0.18884835629575533,0.1,1.0,0.1,0.25
545673,mscoco,0.09672862142324448,0.25780116381748147,0.087612384557724,0.2616151592804952,0.5,0.5,0.3,0.5
187757,mscoco,0.15786039605736732,0.2659483630956579,0.2340940408408642,0.4992465931744156,0.2,0.2,0.6,0.5
492065,mscoco,0.0660908181220293,0.18574190634163606,0.10924986302852631,0.2760711899289115,0.0,0.0277777777777777,0.2,0.25
352248,mscoco,0.10078701786696911,0.22817666067267023,0.08602829724550247,0.21843354937114945,0.3,1.0,0.3,1.0
360173,mscoco,0.20355779081583023,0.35873298454917707,0.30163940489292146,0.49541009663842356,0.2,0.2,0.5,0.5
443913,mscoco,0.04578704722225666,0.12338715284728219,0.06328193638473749,0.178940537451801,0.0,0.0476190476190476,0.1,0.1428571428571428
475301,mscoco,0.16928761973977088,0.34616921805521883,0.2571933180093765,0.4944095710983736,0.1,0.5,0.3,1.0
196,drawbench,0.020577510958537458,0.058894288198174265,0.03318174043670297,0.11369093636422993,0.0,0.0,0.0,0.0
66192,mscoco,0.08608069606125354,0.1775905752421249,0.17385788522660733,0.3268654054858653,0.1,0.2,0.2,0.2
158950,mscoco,0.06893166787922382,0.21998654928494718,0.13548115119338036,0.30513078674956773,0.2,0.5,0.3,1.0
536278,mscoco,0.48947440683841703,0.6631135924553129,0.36100087091326716,0.43362264112004967,0.9,1.0,0.7,0.5
232417,mscoco,0.13842301070690155,0.35310685197796826,0.20777779519557954,0.34891932118796093,0.0,0.0454545454545454,0.0,0.0072992700729927
395013,mscoco,0.037801777198910716,0.10053854705436144,0.04714279472827911,0.17476817535125028,0.3,1.0,0.3,0.5
113839,mscoco,0.23135797828435897,0.4082955146843629,0.24467146024107933,0.5026751493406477,0.6,1.0,0.5,0.5
103512,mscoco,0.1226875614374876,0.23509431301028466,0.19647032991051674,0.3320769170718327,0.0,0.0038022813688212,0.0,0.0094339622641509
47597,mscoco,0.1363765351474285,0.31821931578650253,0.1492973454296589,0.3543661776366566,0.2,1.0,0.1,0.2
197427,mscoco,0.2513976238667965,0.5271348523263327,0.22640780210494996,0.39198630716102784,0.7,1.0,0.4,0.3333333333333333
416604,mscoco,0.05830025225877762,0.16175407986440338,0.0497975405305624,0.15793732112473483,0.1,1.0,0.1,1.0
513733,mscoco,0.13727286048233509,0.2727998474521811,0.1356309875845909,0.34232246278212314,0.8,1.0,0.8,1.0
182373,mscoco,0.13793651908636093,0.3032998371917098,0.30163819491863253,0.5179754595579918,0.1,0.5,0.8,1.0
561919,mscoco,0.2174835380166769,0.497716391753382,0.30977845191955566,0.7397359805955731,0.2,0.1111111111111111,0.7,1.0
221165,mscoco,0.1300881065428257,0.2688516090178358,0.147691947221756,0.28040075058751657,0.0,0.0833333333333333,0.0,0.0133333333333333
13,drawbench,0.24833464324474336,0.3961088070077505,0.3465026423335075,0.46747849721014006,0.0,0.003690036900369,0.0,0.0178571428571428
490057,mscoco,0.16720134392380714,0.4243114875196158,0.30569510757923124,0.5632637868427752,0.1,1.0,0.4,1.0
561957,mscoco,0.34554590880870817,0.6011412380238363,0.4257894143462181,0.6548215939358863,0.3,0.5,1.0,1.0
451772,mscoco,0.6078761048614979,0.8329402192175842,0.6796412229537964,0.851353681431763,0.8,1.0,0.9,1.0
247223,mscoco,0.13168682493269443,0.302605985930087,0.13297266885638237,0.35512711721332746,0.2,1.0,0.2,0.5
532253,mscoco,0.011081984313204885,0.046729030044020195,0.008960731094703078,0.04740278752263701,0.1,1.0,0.1,1.0
178,drawbench,0.0100195198552683,0.03555567761826988,0.005338269216008484,0.020875438080448245,0.0,0.0,0.0,0.0
15621,mscoco,0.19981110095977783,0.34687396935044507,0.2328110635280609,0.42224840674686115,0.1,0.1,0.5,1.0
161634,mscoco,0.18425873219966887,0.3579270193375737,0.1696416288614273,0.31917669321388936,0.1,0.1,0.1,0.2
33555,mscoco,0.20266547948122024,0.36707538457137184,0.28482539057731626,0.5199846480539901,0.1,0.5,0.2,1.0
59,drawbench,0.09279726706445217,0.21282706557999057,0.11421084739267826,0.2665910742048791,0.0,0.0,0.0,0.0
17869,mscoco,0.20458777509629728,0.43964746048393333,0.2486910879611969,0.46580308021188804,0.0,0.0909090909090909,0.3,0.3333333333333333
378790,mscoco,0.023476663138717414,0.08633048876781126,0.04876455869525671,0.12552796639157535,0.1,0.2,0.2,1.0
248876,mscoco,0.2321320280432701,0.43110172321678275,0.24774525910615922,0.4218520144108977,0.0,0.0294117647058823,0.2,1.0
398130,mscoco,0.0705035101622343,0.22741995607621968,0.06792519614100456,0.25863080801643745,0.1,0.5,0.1,0.5
124236,mscoco,0.039567119628191,0.10982502220980982,0.035787199065089224,0.11169240065884434,0.1,0.1666666666666666,0.1,0.25
441382,mscoco,0.09730637073516846,0.20740930187873216,0.11911115869879722,0.27092821902403674,0.2,0.3333333333333333,0.1,1.0
444670,mscoco,0.11459505930542946,0.38427954911338463,0.1069699939340353,0.2296013410181004,0.0,0.03125,0.1,1.0
482665,mscoco,0.15620824843645095,0.33662769797609743,0.12800372652709485,0.44012882480493093,0.1,0.5,0.1,1.0
170766,mscoco,0.09111671298742294,0.23342559576730362,0.12407858222723007,0.2630438718312622,0.1,1.0,0.1,0.5
156904,mscoco,0.09273047083988786,0.2096078672282206,0.06295407032594084,0.20578651492465377,0.2,0.5,0.1,0.3333333333333333
313156,mscoco,0.2691367831081152,0.44335941336065005,0.2539266601204872,0.49646557008922326,0.2,0.1428571428571428,0.2,1.0
129176,mscoco,0.39494734853506086,0.6101543105242048,0.5019148051738739,0.5969574833477264,0.4,0.5,0.6,0.5
295558,mscoco,0.22764135152101517,0.35595964549227876,0.262392084300518,0.4517900751524122,0.0,0.0333333333333333,0.2,1.0
246358,mscoco,0.11787437945604325,0.29645334223073333,0.1280030533671379,0.30039288935407965,0.5,1.0,0.6,1.0
281052,mscoco,0.16147628352046012,0.27960662641793516,0.1614420548081398,0.29288570639899664,0.1,0.5,0.3,1.0
324165,mscoco,0.05233826041221619,0.20670218993036546,0.09172276854515075,0.30197661168268397,0.1,1.0,0.1,1.0
536900,mscoco,0.129532066360116,0.22579805726596558,0.14627588167786598,0.2574585332374737,0.5,0.5,0.7,1.0
579341,mscoco,0.11350810155272484,0.2997383271120401,0.2029979258775711,0.42766405987992984,0.5,1.0,0.6,0.5
149679,mscoco,0.011144896259065718,0.05616526325749528,0.010490237316116691,0.049741514173901255,0.0,0.0909090909090909,0.1,0.25
283840,mscoco,0.03181434888392687,0.11096632354301278,0.03584961388260126,0.14359973742124138,0.1,1.0,0.2,0.25
361351,mscoco,0.09162047505378723,0.2517885644763379,0.13217481300234796,0.25937872223967834,0.2,1.0,0.1,0.3333333333333333
415239,mscoco,0.18718223944306372,0.3446338871923813,0.24540734589099883,0.43309296137090036,0.3,0.3333333333333333,0.6,0.3333333333333333
99073,mscoco,0.10824051573872566,0.2305304477965026,0.11608923897147179,0.25971151212137233,0.3,0.5,0.4,0.3333333333333333
369653,mscoco,0.22221023291349412,0.5171282542024449,0.286345337331295,0.5075807976753353,0.2,1.0,0.1,0.125
72583,mscoco,0.0205632833763957,0.06420345628835124,0.01676012515090406,0.05717388597346432,0.1,1.0,0.1,1.0
565326,mscoco,0.10114316344261169,0.22518613043593497,0.08540901727974415,0.22934508235869516,0.0,0.0714285714285714,0.1,0.5
264660,mscoco,0.0354606025852263,0.14031124584217766,0.037890377920120955,0.15690788976403727,0.1,1.0,0.1,1.0
236552,mscoco,0.14771341644227504,0.35850138405254545,0.1876227393746376,0.40999764637806735,0.2,1.0,0.3,1.0
522491,mscoco,0.08016247376799583,0.23474743501984874,0.11922149248421192,0.27543554396034164,0.0,0.0769230769230769,0.0,0.0095238095238095
84757,mscoco,0.0405163949355483,0.1387383472413052,0.04849588014185428,0.1555352385202764,0.0,0.0096153846153846,0.1,0.1666666666666666
40957,mscoco,0.08141271974891424,0.2511305038764264,0.09863491617143154,0.24393088302051033,0.1,1.0,0.1,0.5
95679,mscoco,0.0402326094917953,0.15039003867710715,0.04793161265552044,0.14597033422286912,0.2,1.0,0.2,1.0
265279,mscoco,0.22804171293973924,0.42605209161215096,0.2295394241809845,0.45015699134800957,0.4,1.0,0.3,0.5
245938,mscoco,0.07662669569253922,0.23962257939759124,0.0775548830628395,0.2355391579972815,0.2,1.0,0.1,1.0
522639,mscoco,0.14725496023893356,0.29851374574508205,0.2751461133360863,0.4836423667543149,0.0,0.03125,0.1,0.25
225345,mscoco,0.023300120048224925,0.09147198763831761,0.030565689131617547,0.09866100689117852,0.1,0.5,0.1,1.0
24104,mscoco,0.1410290040075779,0.27288331204513827,0.21372932940721512,0.42063568614974595,0.4,0.1666666666666666,0.8,1.0
317331,mscoco,0.13452141731977463,0.304212563706015,0.29989248290658,0.7255242878727595,0.5,1.0,0.3,0.3333333333333333
