caption_id,source,pred_clip_p10,pred_clip_rr,pred_blip2_p10,pred_blip2_rr,true_clip_p10,true_clip_rr,true_blip2_p10,true_blip2_rr
261342,mscoco,0.1239113301038742,0.31944050180998024,0.11870480328798294,0.2469364406071204,0.0,0.0192307692307692,0.0,0.04
203177,mscoco,0.00951876222388819,0.045895250764147494,0.011586618865840137,0.04928591569433299,0.1,1.0,0.1,1.0
239082,mscoco,0.32247161865234375,0.5641492532203459,0.3583041653037071,0.6070608565055049,0.2,0.1666666666666666,0.4,1.0
166557,mscoco,0.5465716898441315,0.8422928480168907,0.6387993663549423,0.7285556293030043,0.7,1.0,0.7,1.0
70,drawbench,0.00503263077698648,0.026925976303196587,0.002225030562840402,0.01037446689186373,0.0,0.0,0.0,0.0
27585,mscoco,0.13601354137063026,0.2920301106809947,0.19680344685912132,0.46572136251357427,0.0,0.0833333333333333,0.4,0.25
44960,mscoco,0.3541447579860687,0.5119862750686685,0.42476372718811034,0.6197568911828883,0.2,1.0,0.5,1.0
559685,mscoco,0.24292069338262082,0.4826868453059199,0.23593923076987267,0.6645636727102777,0.2,0.3333333333333333,0.1,0.5
577169,mscoco,0.07054541241377592,0.15722870028352603,0.0775567339733243,0.30822210742709805,0.2,0.25,0.4,1.0
276964,mscoco,0.045743155665695666,0.1543679639856961,0.04750250410288572,0.14432111015709587,0.1,1.0,0.1,0.5
480770,mscoco,0.18860543593764306,0.3663564650693084,0.17810583095997573,0.6388326815829055,0.3,0.5,0.3,1.0
56821,mscoco,0.06266700252890586,0.14500078960542592,0.05307889869436622,0.1758760940131437,0.1,0.2,0.1,0.25
298353,mscoco,0.03243136149831116,0.08804033425493824,0.02104427106678486,0.057249025943431425,0.0,0.0204081632653061,0.1,0.125
58492,mscoco,0.10465732589364052,0.27139679706381953,0.10835437402129174,0.27697150900049733,0.1,1.0,0.1,0.1428571428571428
530479,mscoco,0.10601188987493515,0.2312080090144459,0.12527979761362076,0.29525423623375724,0.0,0.05,0.0,0.0555555555555555
318426,mscoco,0.11627527438104153,0.25886312674244616,0.13595664650201797,0.30150905546514456,0.3,0.3333333333333333,0.5,0.5
386890,mscoco,0.1044066570699215,0.2457759831789246,0.048149063251912594,0.2205641814026742,0.0,0.0909090909090909,0.1,1.0
23309,mscoco,0.06475703790783882,0.225625265911787,0.07447512373328209,0.26293183767692746,0.1,1.0,0.2,1.0
101270,mscoco,0.25365870371460914,0.2960871136536609,0.2993061080574989,0.4701795320366414,0.0,0.0769230769230769,0.1,0.25
170809,mscoco,0.009632726153358816,0.03951037937395257,0.0089234818238765,0.0251478894970191,0.1,1.0,0.1,0.1
20150,mscoco,0.1411319512873888,0.39795460951421247,0.14939213190227746,0.35965697377565675,0.1,0.1428571428571428,0.1,0.2
142942,mscoco,0.3103937223553658,0.6114459539094049,0.3364544749259949,0.6570631158510567,0.2,0.125,0.2,1.0
63306,mscoco,0.12236139737069607,0.2814064631164242,0.22138276398181916,0.3803744342120046,0.1,0.1,0.2,1.0
561151,mscoco,0.31534902155399325,0.5212647715780256,0.3372377634048462,0.48300323665990946,0.0,0.0172413793103448,0.1,0.1
377619,mscoco,0.11191929019987583,0.36098819863579545,0.10423538237810134,0.3181837254002779,0.1,1.0,0.1,1.0
390068,mscoco,0.23955768793821336,0.5954629331580578,0.19661404117941855,0.5929399190757041,0.5,1.0,0.4,1.0
246004,mscoco,0.01900373031385243,0.086474443741522,0.016289872117340565,0.05012005646930988,0.1,1.0,0.1,0.1
324789,mscoco,0.009288402827223763,0.0349571218620331,0.017802911065518855,0.07002370156149197,0.1,0.125,0.1,1.0
301541,mscoco,0.22155088223516942,0.35369982521874443,0.30571008548140527,0.5788696280990571,0.0,0.0526315789473684,0.2,0.25
233617,mscoco,0.15945574957877398,0.3683993929435412,0.1424497889354825,0.574154009365252,0.1,0.3333333333333333,0.1,1.0
108452,mscoco,0.1026764528825879,0.3596658843925279,0.11602622903883457,0.36997495188003204,0.1,1.0,0.1,1.0
333049,mscoco,0.1730308923870325,0.3672942035928966,0.23158901929855347,0.3464244280273729,0.2,0.125,0.3,1.0
144796,mscoco,0.08261154964566231,0.18923685146096741,0.07629089932888747,0.17325661034219683,0.1,0.3333333333333333,0.0,0.0303030303030303
488514,mscoco,0.05636224802583456,0.19829863415942725,0.07444920539855956,0.2297158699165444,0.1,1.0,0.1,0.125
47294,mscoco,0.1668640159070492,0.29995955199758734,0.2508895430713892,0.39674148683731647,0.1,0.2,0.3,1.0
306173,mscoco,0.04601598996669054,0.15584358763550307,0.03862228905782104,0.15535556400623426,0.1,1.0,0.1,0.5
253470,mscoco,0.01689243211876601,0.05819653932374821,0.021516835456714033,0.07127382187010313,0.0,0.0909090909090909,0.1,0.5
190700,mscoco,0.03516342267394066,0.12540625288206664,0.044173430930823085,0.1669055876530754,0.1,1.0,0.1,0.5
84089,mscoco,0.22203828096389772,0.42754344303053327,0.148854760825634,0.22432468097455996,0.0,0.0178571428571428,0.0,0.0031347962382445
175954,mscoco,0.15535206943750382,0.2711989226605413,0.3313747480511665,0.6031958489689099,0.2,1.0,0.5,0.2
158223,mscoco,0.14533442836254834,0.37781115115608943,0.1756616160273552,0.43186493587927727,0.5,1.0,0.7,1.0
448607,mscoco,0.37188296765089035,0.6690941704186832,0.5023052111268044,0.8267523622958743,0.4,0.5,0.3,0.5
248862,mscoco,0.07357817851006984,0.23317957680016752,0.0816833283752203,0.25194539746193934,0.1,0.5,0.1,1.0
227526,mscoco,0.10241694450378418,0.1864930933600709,0.0641813175752759,0.15843115640374264,0.0,0.0037593984962406,0.0,0.0022988505747126
549409,mscoco,0.030879718717187643,0.10974834105175212,0.026568628987297414,0.08781408672931228,0.1,0.3333333333333333,0.1,0.3333333333333333
123214,mscoco,0.5801297545433044,0.8256823246333822,0.4966842010617256,0.5733301698915635,0.3,0.25,0.1,0.3333333333333333
494957,mscoco,0.1616939499974251,0.3552375604274974,0.14836553633213043,0.35915856219403547,0.1,1.0,0.1,1.0
284176,mscoco,0.08273024410009384,0.23929931377502295,0.1631758376955986,0.30182108828766324,0.2,0.25,0.5,1.0
25430,mscoco,0.3323474958539009,0.5528035393107317,0.37772266268730165,0.4137683738886226,0.4,0.25,0.4,1.0
52746,mscoco,0.05562904644757509,0.16915302421752842,0.06713289283216,0.17037249346531397,0.4,1.0,0.4,1.0
118598,mscoco,0.21028773859143257,0.4324282412063556,0.21245191469788552,0.38754876494734747,0.3,1.0,0.3,0.5
42622,mscoco,0.2268676243722439,0.36582469818819957,0.34277437180280684,0.5628730255971438,0.1,0.1111111111111111,0.6,1.0
128275,mscoco,0.08704367633908987,0.2325962716383572,0.1362715907394886,0.390340343579915,0.1,0.3333333333333333,0.4,1.0
402255,mscoco,0.022414263058453798,0.07854955490201242,0.020816140179522335,0.05903840804062986,0.0,0.0285714285714285,0.1,0.25
24935,mscoco,0.09491507671773433,0.2883996590554673,0.08889815732836723,0.27085712297596487,0.1,0.5,0.1,1.0
39502,mscoco,0.01698795009870082,0.06074602531241074,0.018649844452738762,0.07104936886716602,0.0,0.0123456790123456,0.1,0.5
370391,mscoco,0.07509441785514355,0.20960124838995356,0.202925343811512,0.3697528855782714,0.0,0.0138888888888888,0.3,0.3333333333333333
170700,mscoco,0.027951304567977786,0.06475421161925277,0.103369983099401,0.32365637673943487,0.0,0.0212765957446808,0.1,1.0
438910,mscoco,0.1874808169901371,0.37885344611833155,0.2353759765625,0.40648789773640426,0.1,0.25,0.3,1.0
160,drawbench,0.01334424912929535,0.04659031635484079,0.005022033583372831,0.02165124032901294,0.0,0.0,0.0,0.0
291526,mscoco,0.0199506972101517,0.07992087638577329,0.017988643771968783,0.07224316701108219,0.1,1.0,0.1,0.5
379596,mscoco,0.07101307967677713,0.2665813401693776,0.09531902354210615,0.28535534549273817,0.1,1.0,0.0,0.0769230769230769
12,drawbench,0.1670420952141285,0.3244051005996435,0.13669711388647557,0.26403924606633283,0.0,0.0,0.0,0.0
241148,mscoco,0.06422210168093442,0.14479591557025362,0.047765675187110904,0.1761666693286199,0.1,0.1428571428571428,0.2,1.0
319991,mscoco,0.09484543390572071,0.21359029298914484,0.06198997860774398,0.2178015027355437,0.1,0.5,0.1,1.0
310688,mscoco,0.03132714619860053,0.11761227432816729,0.026178081007674336,0.10499259914335163,0.1,1.0,0.1,1.0
243283,mscoco,0.19373393282294274,0.3290392019476,0.23096681386232376,0.460744351472005,0.9,0.5,1.0,1.0
149,drawbench,0.03494336353614926,0.16029490282064252,0.03756400775164366,0.14099085898717437,0.0,0.0,0.0,0.0
558426,mscoco,0.18253136426210403,0.405781097851321,0.2225515514612198,0.4860172681311957,0.2,0.3333333333333333,0.5,1.0
394214,mscoco,0.1254823211580515,0.272838055911681,0.1757424421608448,0.3401005715150182,0.0,0.05,0.1,1.0
297699,mscoco,0.06623192131519318,0.19433912441035206,0.09930407926440239,0.2665663686169842,0.1,0.125,0.1,0.125
146972,mscoco,0.02749915365129709,0.10549255338591904,0.03678875546902418,0.1131757770833648,0.2,0.5,0.0,0.0909090909090909
401783,mscoco,0.7077899515628815,0.7638670699367305,0.594179680943489,0.7681318843457055,0.8,0.5,0.9,1.0
182245,mscoco,0.14506342094391583,0.36399092600003624,0.2595662884414196,0.5589142512963106,0.0,0.0256410256410256,0.2,1.0
126018,mscoco,0.24704710803925992,0.4720069260783974,0.22503692619502544,0.5674078778000499,0.7,1.0,0.4,1.0
290549,mscoco,0.04312680745497346,0.15853486792463647,0.048113368451595306,0.19114618577827264,0.1,0.3333333333333333,0.1,1.0
399946,mscoco,0.05465032998472452,0.15074046734399224,0.0682906350120902,0.20663986264221498,0.1,0.5,0.1,1.0
8,drawbench,0.31459810882806777,0.5098914281439171,0.2533156529068947,0.35494390927093017,0.0,0.0001043296817944,0.0,6.345580303318739e-05
211678,mscoco,0.11506897397339344,0.250418129312714,0.09552291482686996,0.2347564981855221,0.3,0.5,0.4,0.5
421539,mscoco,0.00976749809924513,0.03085253044985106,0.011378043913282454,0.04350230605543224,0.1,1.0,0.2,0.3333333333333333
264358,mscoco,0.03546034428291023,0.10132275521456975,0.031169335031881927,0.14266661579093146,0.1,0.5,0.1,1.0
430848,mscoco,0.1305422943085432,0.442083570112756,0.15202225223183632,0.35101350192548153,0.2,1.0,0.2,0.5
133251,mscoco,0.24689142405986786,0.5365637652542901,0.21679071635007857,0.4570774775599468,0.5,0.5,0.2,0.1666666666666666
568560,mscoco,0.14635303393006324,0.2934543085332956,0.16322578862309456,0.38641337948800136,0.2,0.3333333333333333,0.0,0.0526315789473684
405612,mscoco,0.1476420469582081,0.2727384219100319,0.11375969238579273,0.3222296891369882,0.1,1.0,0.1,0.5
20794,mscoco,0.09346303828060627,0.22519651283809486,0.18103325441479684,0.36813018847682555,0.1,0.1428571428571428,0.1,0.5
6,drawbench,0.5743137031793595,0.7078372243281431,0.31407601460814477,0.4317698449113055,0.0,0.0011750881316098,0.0,0.0129870129870129
225306,mscoco,0.13183038271963596,0.335757938320986,0.1753122739493847,0.44827544665417424,0.0,0.0833333333333333,0.1,1.0
103603,mscoco,0.2180354155600071,0.34407628982412264,0.291196645796299,0.47288564253590526,0.6,0.3333333333333333,0.4,1.0
395,mscoco,0.04540252508595586,0.17642276520566824,0.06298596039414406,0.1760014032457709,0.2,1.0,0.1,0.25
80067,mscoco,0.02170919100753963,0.06370868906225363,0.02154077556915581,0.10563386280238976,0.1,0.1428571428571428,0.1,1.0
490619,mscoco,0.14030211232602596,0.3040536021851101,0.12275578556582331,0.2558012094161568,0.0,0.0066666666666666,0.0,0.0109890109890109
167126,mscoco,0.15615146830677987,0.4371157604465439,0.2174877904355526,0.5035664471479049,0.4,1.0,0.1,1.0
442961,mscoco,0.1864919349551201,0.41090077597955255,0.2036936491727829,0.3584165528748148,0.1,0.5,0.5,0.5
260111,mscoco,0.12995640411973,0.35221369174611855,0.07972399964928627,0.20579906426644207,0.0,0.0555555555555555,0.0,0.0161290322580645
68005,mscoco,0.0463641706854105,0.16135366904845821,0.0609601566568017,0.17485684366126245,0.1,1.0,0.1,1.0
73541,mscoco,0.21478529646992683,0.3471323069701885,0.26119417548179624,0.6319260164461297,0.2,0.5,0.0,0.0833333333333333
316190,mscoco,0.07726512812077999,0.1740866092553059,0.09037286713719368,0.2798245049853318,0.1,1.0,0.1,0.1428571428571428
519552,mscoco,0.03217788189649582,0.12622135464271741,0.02184421378187835,0.08765250425767422,0.1,0.3333333333333333,0.1,0.5
365419,mscoco,0.2706198338419199,0.44950489548986716,0.28852688893675804,0.595001328431677,0.1,0.2,0.2,0.5
55050,mscoco,0.09428435266017914,0.37926457518762635,0.10248975679278374,0.37526625192290936,0.1,1.0,0.1,1.0
150,drawbench,0.06690613841637968,0.14812361759010517,0.04724468607455492,0.1503742479761484,0.0,0.0,0.0,0.0
122,drawbench,0.0456897770985961,0.12212509527579953,0.051117253676056865,0.2613564030524928,0.0,0.000125786163522,0.0,4.940955580809328e-05
403464,mscoco,0.18830598890781403,0.37958224476940183,0.22614365331828595,0.44774196698140584,0.2,1.0,0.1,0.25
256809,mscoco,0.2697265386581421,0.45664522495670967,0.3101313516497612,0.5820225659597229,0.0,0.0434782608695652,0.6,0.5
481098,mscoco,0.07043655402958393,0.1824281916417147,0.13835493810474872,0.23640183187551378,0.0,0.0060240963855421,0.0,0.0909090909090909
163289,mscoco,0.14027627259492875,0.26924408316531734,0.18552874848246576,0.434104374157744,0.0,0.0025839793281653,0.0,0.0476190476190476
383175,mscoco,0.24973807036876677,0.394415161628127,0.31468573659658433,0.6276256562353455,0.3,0.3333333333333333,0.2,0.3333333333333333
71346,mscoco,0.16342615112662315,0.311906341007203,0.2304536744952202,0.3460376865982685,0.0,0.0161290322580645,0.1,0.5
15569,mscoco,0.09133604690432548,0.24492488316787925,0.17968218997120858,0.42512308669485416,0.1,0.125,0.3,0.25
314949,mscoco,0.033092592190951106,0.13689858737110658,0.052673961780965325,0.19192192695791438,0.1,1.0,0.1,1.0
424018,mscoco,0.09838030226528645,0.335376926852582,0.11191359162330627,0.32742902675243885,0.3,0.3333333333333333,0.2,1.0
465153,mscoco,0.029625295475125313,0.12170729313532962,0.03387870248407125,0.12356678565785133,0.2,1.0,0.2,1.0
10540,mscoco,0.06653964258730412,0.18528915228276702,0.09044826291501522,0.22280638371249042,0.0,0.0294117647058823,0.0,0.0024509803921568
524401,mscoco,0.06802429351955652,0.16713277562805384,0.13876117616891862,0.3210835601110532,0.1,0.1111111111111111,0.4,0.5
277498,mscoco,0.09639066010713578,0.19607898365160986,0.16791240870952606,0.34573798707748316,0.0,0.0196078431372549,0.1,0.1
393583,mscoco,0.052858080714941025,0.16227191176834235,0.050763061828911306,0.1864555904901578,0.2,0.25,0.2,1.0
151339,mscoco,0.24353766143321992,0.5254149044972478,0.19504356421530247,0.49728973705964424,0.3,1.0,0.2,0.3333333333333333
300509,mscoco,0.06492713056504726,0.1574882738945474,0.06885246764868498,0.1786333455706718,0.1,0.5,0.0,0.0833333333333333
389145,mscoco,0.054165411926805976,0.17920109618434427,0.046155821066349745,0.17350110072116515,0.1,1.0,0.1,1.0
537667,mscoco,0.07079368010163307,0.16585467975238155,0.03727692812681198,0.17323951359236323,0.1,0.5,0.1,1.0
352143,mscoco,0.0728438712656498,0.1900820089600018,0.060756003484129906,0.16365349603247703,0.1,1.0,0.2,0.5
148,drawbench,0.07251400463283061,0.22639290802991793,0.02867059176787734,0.11301923273531998,0.0,0.0,0.0,0.0
355826,mscoco,0.12671081349253654,0.4414755726244587,0.12664671894162893,0.4579966717044473,0.2,1.0,0.1,1.0
251937,mscoco,0.24698345959186555,0.42570598128422094,0.34343793243169785,0.5210012935131607,0.3,1.0,0.3,1.0
135397,mscoco,0.02536885985173285,0.1207437355522929,0.02903677839785814,0.13659532652230522,0.1,1.0,0.1,1.0
394658,mscoco,0.11954795420169831,0.3004129014691193,0.0918783400207758,0.3100902480647391,0.1,0.3333333333333333,0.1,1.0
485709,mscoco,0.26571306884288787,0.655776345745846,0.11213048063218593,0.23483182770277766,0.2,1.0,0.1,0.1428571428571428
504167,mscoco,0.19293836131691933,0.4037311158986863,0.16637097746133805,0.34007884520002285,0.1,1.0,0.0,0.0263157894736842
230644,mscoco,0.08750480422750115,0.16366821004038692,0.10621315315365791,0.2417238081549122,0.1,0.1,0.2,0.3333333333333333
83510,mscoco,0.0721876535564661,0.2003885900311665,0.10231295377016067,0.3242128333211816,0.1,0.1428571428571428,0.0,0.02
401650,mscoco,0.02689576882403344,0.06153355629382223,0.031085849227383732,0.07074709746563262,0.1,0.125,0.1,0.2
136411,mscoco,0.35666334703564645,0.4401813889347112,0.37239690497517586,0.7517584826252435,0.0,0.037037037037037,0.1,0.1666666666666666
176120,mscoco,0.14674903228878974,0.39554811340098905,0.12258840799331665,0.2781582682395686,0.2,0.1111111111111111,0.3,0.25
348134,mscoco,0.049299830570816994,0.13917172655547524,0.07127149347215891,0.24269883208954648,0.3,0.5,0.1,1.0
193398,mscoco,0.06386938858777284,0.16904015979721615,0.054231084696948526,0.19381903045221577,0.0,0.0833333333333333,0.1,1.0
540774,mscoco,0.1926989398896694,0.32459986782213435,0.36321945264935496,0.6700459937372497,0.6,1.0,0.9,1.0
113211,mscoco,0.06881994120776654,0.22463364552635362,0.060315620712935926,0.20132813605797553,0.1,0.1111111111111111,0.2,1.0
406749,mscoco,0.06353741027414798,0.1760175521293579,0.061731187626719475,0.17500787332867582,0.2,1.0,0.2,1.0
280551,mscoco,0.030145012494176626,0.09082734358705459,0.03693196843378246,0.12737424717189022,0.1,0.3333333333333333,0.1,1.0
441358,mscoco,0.06669537238776684,0.20296344224113064,0.11043480895459652,0.2771983662993822,0.2,0.2,0.1,0.5
561314,mscoco,0.15557180419564248,0.3100745671234747,0.29896379113197324,0.499606258903793,0.0,0.0454545454545454,0.6,1.0
130749,mscoco,0.07297776034101844,0.22788613488917603,0.09206215254962444,0.24200002465256662,0.0,0.0769230769230769,0.1,0.3333333333333333
25907,mscoco,0.037631911039352414,0.15518069030196777,0.0322478698566556,0.12389847633338925,0.1,1.0,0.1,1.0
364157,mscoco,0.024874153640121223,0.09752100549484713,0.03401121380738914,0.12391492541756488,0.3,1.0,0.3,0.3333333333333333
327529,mscoco,0.060233244020491836,0.2326501078213951,0.11949496008455754,0.32743916767755743,0.1,1.0,0.1,0.3333333333333333
214087,mscoco,0.07039869390428066,0.2121615505992487,0.047269557043910025,0.2048224718751207,0.1,0.25,0.1,1.0
253763,mscoco,0.11975140571594238,0.28499046857889543,0.14893412217497826,0.2885804743319294,0.1,1.0,0.1,1.0
298065,mscoco,0.0928148714825511,0.3824367736521037,0.0834255892317742,0.37306549338075706,0.1,1.0,0.1,1.0
305803,mscoco,0.23799141198396684,0.4384626740232037,0.24935497120022773,0.41031032690301317,0.0,0.0151515151515151,0.0,0.0454545454545454
173,drawbench,0.016899759555235504,0.050759217732980956,0.05334570072591305,0.13782841546192673,0.0,0.0,0.0,0.0
458339,mscoco,0.17363959029316903,0.4309657666775216,0.16001538932323456,0.3208077429829668,0.0,0.0833333333333333,0.1,0.5
428326,mscoco,0.08112990073859691,0.17393769610042534,0.07519522085785865,0.17873746103483037,0.0,0.0181818181818181,0.0,0.0103092783505154
530201,mscoco,0.22618983164429665,0.5536489415188063,0.20965107828378676,0.5461733924737853,0.1,1.0,0.1,1.0
59039,mscoco,0.3108898300677538,0.6500468737458186,0.39324518740177156,0.5417134378728007,0.3,1.0,0.7,0.5
333738,mscoco,0.3287569858133793,0.5344961541732743,0.30432321727275846,0.5189517678131453,0.6,0.5,1.0,1.0
132081,mscoco,0.03714318536221981,0.1383386739560438,0.04827287215739488,0.14265574082190016,0.1,0.25,0.1,0.5
26573,mscoco,0.3030633248388767,0.6376793110479917,0.23441158831119538,0.47456466966156813,0.3,1.0,0.4,0.3333333333333333
115893,mscoco,0.3436899699270725,0.7409940900951691,0.2507155828177929,0.4626560676227856,0.2,1.0,0.4,1.0
49542,mscoco,0.2857319891452789,0.5403550568927189,0.4248037651181221,0.7498703836271476,0.5,0.25,0.5,0.5
212864,mscoco,0.03615597174502909,0.1301207692362453,0.03865476530045271,0.10283613390143724,0.0,0.0454545454545454,0.0,0.0075187969924812
32967,mscoco,0.0744874905794859,0.280254971942907,0.09987760446965695,0.2824883963724115,0.0,0.0015037593984962,0.2,0.2
98642,mscoco,0.00583460348425433,0.022183354109457987,0.009428206831216812,0.032751064633120684,0.1,0.3333333333333333,0.1,1.0
183719,mscoco,0.1184232547879219,0.3245228482406764,0.15131125301122667,0.3808155883506655,0.0,0.0060240963855421,0.0,0.006060606060606
401307,mscoco,0.25592427253723143,0.6168044826985988,0.3051355145871639,0.6457184938160794,0.2,1.0,0.3,1.0
467612,mscoco,0.36169197857379914,0.44274522656097076,0.38139140903949736,0.5746382971552546,0.6,0.5,0.4,0.3333333333333333
36034,mscoco,0.08555812165141105,0.25314016158000485,0.0747701970860362,0.20202822724454844,0.2,1.0,0.1,0.2
216378,mscoco,0.15217198729515075,0.2637321301601293,0.17014421951025724,0.3040396446761664,0.1,0.5,0.1,1.0
360441,mscoco,0.11448948122560978,0.30821576771002157,0.08197173476219177,0.2027226187886234,0.1,0.1666666666666666,0.1,0.1428571428571428
75057,mscoco,0.19304609149694443,0.620593162956464,0.4186169445514679,0.6415315107004134,0.3,1.0,0.6,1.0
53870,mscoco,0.06953759863972664,0.18308018346842883,0.07149834223091603,0.17970059134184047,0.1,0.1428571428571428,0.0,0.0161290322580645
253323,mscoco,0.08347248621284961,0.3165335233598665,0.07993286885321141,0.19496782855562458,0.2,0.1666666666666666,0.3,0.5
433270,mscoco,0.16356447637081145,0.3260802004301338,0.17924241498112678,0.36453117364840587,0.2,0.125,0.3,1.0
176758,mscoco,0.12990574073046446,0.2703829593748402,0.17481894940137863,0.42723212620280304,0.1,0.2,0.2,1.0
420396,mscoco,0.017395033687353133,0.061639673572727476,0.028135756496340036,0.125457833307814,0.1,0.1428571428571428,0.1,1.0
365792,mscoco,0.2947075255215168,0.5794092321147537,0.28558118380606173,0.6915045641588491,0.3,0.5,0.3,1.0
564382,mscoco,0.0324244006536901,0.13103399737466093,0.029857370629906656,0.1326312929861754,0.1,0.5,0.1,1.0
180667,mscoco,0.046584938652813435,0.13449386033948701,0.052077943459153175,0.17037428292468002,0.1,1.0,0.0,0.0020242914979757
154399,mscoco,0.16779441740363837,0.2586471443808875,0.13970861360430717,0.30144809134610007,0.1,0.2,0.0,0.0833333333333333
576537,mscoco,0.09908277541399002,0.2676836403608328,0.2146311417222023,0.479004798332536,0.2,1.0,0.4,1.0
18194,mscoco,0.05197296794503927,0.1814069435618546,0.11123633980751038,0.32378388551411935,0.1,0.1666666666666666,0.2,0.5
278243,mscoco,0.07514571137726307,0.21977790520488902,0.0636766042560339,0.18296403547845025,0.1,0.5,0.1,0.5
253728,mscoco,0.08534006644040346,0.24255566262508374,0.1158679099753499,0.2658679633788468,0.1,1.0,0.1,1.0
306229,mscoco,0.36467361748218535,0.5285660606108301,0.45310730338096616,0.6621364865478324,0.6,1.0,0.8,1.0
413277,mscoco,0.29577035158872605,0.5511049990024848,0.35542051643133166,0.6202730756617033,0.1,0.1428571428571428,0.5,1.0
86951,mscoco,0.12370011247694493,0.29545517843469515,0.12552935257554054,0.24379694741318278,0.5,1.0,0.8,1.0
489942,mscoco,0.059376870095729825,0.26284283235903166,0.07521032467484474,0.27339075120849327,0.1,1.0,0.1,1.0
199141,mscoco,0.2650602586567402,0.5651387244482269,0.2844728618860245,0.5572599417559727,0.4,0.5,0.5,0.5
170336,mscoco,0.1940464198589325,0.3899081045583762,0.20024397000670432,0.3862130236158156,0.1,0.3333333333333333,0.2,0.2
89549,mscoco,0.08163552097976208,0.23407858901961848,0.1399938851594925,0.43511111473740244,0.0,0.0909090909090909,0.1,1.0
372246,mscoco,0.0446547640953213,0.2021880167949054,0.044445648603141305,0.2084252565269956,0.1,1.0,0.1,1.0
535563,mscoco,0.044035821594297885,0.16922307991533314,0.06738041155040264,0.1981261594419976,0.1,1.0,0.1,1.0
228222,mscoco,0.14371785447001456,0.2993244720997702,0.1714974246919155,0.33951659098131554,0.4,0.5,0.6,1.0
195353,mscoco,0.16915067117661237,0.3239256332622043,0.2215136967599392,0.6334466813378454,0.4,0.3333333333333333,0.5,1.0
58624,mscoco,0.07030650335364044,0.2243636582814269,0.08019736194983125,0.3527235927123814,0.1,0.5,0.1,1.0
268900,mscoco,0.06796845402568578,0.21250281909113372,0.07632240299135447,0.1520578052598362,0.1,0.125,0.1,0.25
161019,mscoco,0.2739009238779545,0.5455254059979928,0.2650748312473297,0.5390356369770363,0.2,0.3333333333333333,0.4,1.0
379035,mscoco,0.13592249136418105,0.334723715095888,0.17240642607212067,0.375826747050627,0.0,0.0123456790123456,0.2,0.25
172276,mscoco,0.256135218590498,0.6384407625839209,0.26994857788085935,0.5703903868737816,0.1,0.1428571428571428,0.1,0.1111111111111111
271120,mscoco,0.08681481275707484,0.23212193368060263,0.10583299547433853,0.27752296552797684,0.0,0.0555555555555555,0.1,0.1111111111111111
180445,mscoco,0.026192960143089295,0.11391730937272192,0.02324068583548069,0.11371671882162158,0.2,1.0,0.2,1.0
284362,mscoco,0.13459861576557158,0.27818777723674654,0.15333085060119628,0.32367775698064993,0.0,0.0384615384615384,0.1,1.0
466656,mscoco,0.11037630438804627,0.2596663230224575,0.09724423810839652,0.24724695233725294,0.5,1.0,0.5,1.0
271360,mscoco,0.0421037676744163,0.15461461289182535,0.04980829721316695,0.2222840915149592,0.1,1.0,0.0,0.0001578033769922
429290,mscoco,0.14430033713579177,0.3245828638419594,0.2763373389840126,0.35598448560609286,0.0,0.0238095238095238,0.0,0.0769230769230769
464649,mscoco,0.3467897854745388,0.6970300232445533,0.2402499880641699,0.4206461313209156,0.0,0.0666666666666666,0.0,0.02
118260,mscoco,0.13444586023688315,0.284171627672206,0.13808002397418023,0.3759356874598864,0.0,0.0263157894736842,0.0,0.0120481927710843
337062,mscoco,0.07637957856059074,0.17298914718647923,0.16072774976491927,0.2467175639647566,0.0,0.0625,0.4,0.5
249049,mscoco,0.1132105566561222,0.26823652623030714,0.10266744308173656,0.3414578671847632,0.2,0.3333333333333333,0.1,1.0
497542,mscoco,0.018629660923033954,0.07011838830172956,0.04003788847476244,0.15667628273466144,0.0,0.0123456790123456,0.1,0.5
400940,mscoco,0.19470732286572456,0.3905295375578559,0.181950581073761,0.4651595330450664,0.1,0.3333333333333333,0.1,0.5
254753,mscoco,0.059143892303109166,0.15518647020840975,0.07722529638558626,0.2741532425145534,0.1,0.2,0.1,1.0
550157,mscoco,0.17768495231866838,0.36565604806097857,0.1833072442561388,0.4219412956831946,0.4,1.0,0.5,1.0
113905,mscoco,0.2740040268748999,0.42648208927702086,0.304896305501461,0.5947191681326804,0.1,0.2,0.3,1.0
471881,mscoco,0.06843917556107044,0.2951931300635059,0.05387952467426658,0.28838950586075085,0.1,1.0,0.1,1.0
524187,mscoco,0.2672112576663494,0.5024476267509793,0.33142214715480806,0.6329533369317677,0.1,0.1111111111111111,0.4,1.0
354409,mscoco,0.05763607323169708,0.25868883407999527,0.06262152493000031,0.2788931344733992,0.1,1.0,0.1,1.0
36713,mscoco,0.12033571600914002,0.2971613254056035,0.1379472568631172,0.266660799843536,0.1,1.0,0.1,0.5
421005,mscoco,0.17355947718024253,0.3369448546918199,0.18372551202774048,0.41695939986314146,0.2,0.25,0.2,1.0
504639,mscoco,0.24832608550786972,0.49441592313820826,0.29305643439292905,0.4965576080958557,0.7,1.0,0.8,1.0
356660,mscoco,0.17174303904175758,0.3689101695403202,0.2397251769900322,0.46414024774666807,0.1,0.1111111111111111,0.2,0.2
1792,mscoco,0.5509802967309951,0.7574602264360595,0.6424088925123215,0.7685436054185464,0.7,1.0,1.0,1.0
30409,mscoco,0.08330350890755653,0.23045792442811153,0.19136761575937272,0.43738178691872365,0.0,0.0142857142857142,0.1,1.0
254060,mscoco,0.12207089550793171,0.29289415047942413,0.21210659965872763,0.47503635013039885,0.1,0.1111111111111111,0.3,1.0
169340,mscoco,0.0666280730161816,0.19310704742542295,0.11553623899817467,0.31076880603885904,0.1,0.3333333333333333,0.1,1.0
42513,mscoco,0.04627245599403977,0.1610659833325892,0.07593255937099457,0.1994518209643599,0.1,1.0,0.2,0.1428571428571428
402887,mscoco,0.40427362620830537,0.48371492529721277,0.25813874043524265,0.6986848472050431,0.1,0.3333333333333333,0.1,0.5
96435,mscoco,0.03726149359717965,0.15975206571368786,0.02226861494127661,0.13782308365455373,0.1,1.0,0.1,1.0
441541,mscoco,0.05072083249688149,0.16380799288551362,0.06098786126822233,0.165639401164391,0.0,0.0833333333333333,0.0,0.0333333333333333
51663,mscoco,0.06672757901251317,0.18609711904854465,0.0980125442147255,0.2517192796596188,0.1,0.1111111111111111,0.1,0.2
474271,mscoco,0.08727079294621945,0.25696139117868755,0.08065692149102688,0.20997134398203732,0.1,1.0,0.1,1.0
72702,mscoco,0.10120564550161362,0.2793593977544176,0.16169193685054778,0.33750488991187183,0.1,1.0,0.1,1.0
182793,mscoco,0.33588643446564675,0.691835357684138,0.3858679622411728,0.5830415167475841,0.0,0.0113636363636363,0.0,0.0434782608695652
21795,mscoco,0.16000072546303273,0.3742205920974385,0.11125325225293636,0.3489229583451442,0.1,1.0,0.1,1.0
566672,mscoco,0.18487559556961058,0.39450804430577724,0.2050867609679699,0.441229179378184,0.2,0.25,0.5,1.0
2664,mscoco,0.048079411312937734,0.15604227019028918,0.04629209749400616,0.16062107399362413,0.0,0.0625,0.0,0.0476190476190476
333241,mscoco,0.02671527974307537,0.16048142186822129,0.028597096260637046,0.10715818566489188,0.1,1.0,0.1,0.3333333333333333
353402,mscoco,0.09924025312066079,0.22650661261638003,0.13135068416595458,0.34708014564838136,0.0,0.0285714285714285,0.1,0.5
18252,mscoco,0.19072745889425277,0.37029616079305205,0.23635111078619958,0.3578205049215367,0.6,1.0,1.0,1.0
387352,mscoco,0.08111449666321277,0.19839448430644524,0.14722829684615135,0.311427894739519,0.1,0.5,0.3,0.5
198085,mscoco,0.36511018723249433,0.5574387641394489,0.2622675523161888,0.4496061057681494,0.1,0.1428571428571428,0.1,0.5
246625,mscoco,0.3391544342041016,0.525213759243591,0.33147754818201064,0.5223213151136132,0.5,0.3333333333333333,0.7,1.0
420045,mscoco,0.23160294815897942,0.4917115507341204,0.23266650941222905,0.4926204291564006,0.0,0.0303030303030303,0.0,0.0714285714285714
398225,mscoco,0.06263316310942173,0.18004575550853227,0.07759395651519299,0.2064733814758219,0.1,0.3333333333333333,0.0,0.0909090909090909
132964,mscoco,0.2714528158307076,0.519737269141198,0.3225002586841583,0.5966768244267964,0.6,1.0,0.9,1.0
344632,mscoco,0.002087617747019976,0.007093081173437887,0.002893529343418777,0.010407935976605411,0.0,0.0285714285714285,0.0,0.0434782608695652
508045,mscoco,0.15199390202760696,0.4124118555629423,0.16221853867173194,0.42669225777230213,0.3,1.0,0.2,1.0
236936,mscoco,0.03624338246881962,0.11348047177945514,0.03532682592049241,0.13700774994985127,0.0,0.0526315789473684,0.1,1.0
110330,mscoco,0.03940276009961963,0.12705035863212724,0.03948847129940987,0.12185122276191501,0.1,0.5,0.1,0.2
19292,mscoco,0.3258042141795158,0.3401620743569455,0.47015830874443054,0.62901608194109,0.4,0.2,0.4,1.0
19,drawbench,0.021956439735367893,0.07672184212751665,0.013184099830687046,0.040050198328279975,0.0,0.0,0.0,0.0
345294,mscoco,0.20972821936011316,0.36911257539197995,0.1628950759768486,0.41183728631118655,0.1,0.125,0.2,1.0
250424,mscoco,0.017492777109146117,0.09084498547152768,0.016901414119638504,0.0554380739706726,0.0,0.0136986301369863,0.1,1.0
50583,mscoco,0.03769242819398642,0.1892033340370178,0.030569173861294985,0.1094956896454612,0.2,0.5,0.2,0.5
230879,mscoco,0.12939132153987884,0.24604543740179013,0.15952788665890694,0.4219807677204787,0.0,0.04,0.0,0.0833333333333333
168609,mscoco,0.03757958002388477,0.10744663317879212,0.050943446718156336,0.2084983518546166,0.0,0.0121951219512195,0.1,1.0
175923,mscoco,0.05631208587437868,0.14623256105833426,0.06756484359502793,0.1768855769617824,0.3,0.3333333333333333,0.3,0.2
530248,mscoco,0.06473923698067666,0.23539644502263363,0.08130417875945568,0.20749307898090422,0.2,1.0,0.0,0.0294117647058823
421009,mscoco,0.10218605548143386,0.24630308485622487,0.16497639641165734,0.3224491809154106,0.0,0.0666666666666666,0.1,0.5
450974,mscoco,0.09427615627646446,0.25047221865842173,0.1496538333594799,0.4021844091107551,0.1,0.125,0.2,1.0
34922,mscoco,0.055634414218366145,0.17423896406426442,0.04286345178261399,0.08409013628697694,0.0,0.0625,0.2,0.5
134454,mscoco,0.20222672037780284,0.5360242960678709,0.27426197826862336,0.511504085523848,0.3,1.0,0.3,0.5
91960,mscoco,0.07696673423051834,0.22435519276258087,0.06727694626897573,0.2964053564936995,0.0,0.03125,0.0,0.0238095238095238
570203,mscoco,0.12757818903774024,0.21646569891716835,0.1282583326101303,0.3677672292789386,0.1,0.125,0.5,1.0
46506,mscoco,0.03199827331118286,0.0828413933090473,0.029176841769367457,0.07336893376873724,0.0,0.0285714285714285,0.1,0.1428571428571428
460202,mscoco,0.10319353640079498,0.25051572159910984,0.08438610304147005,0.19205819138376323,0.3,1.0,0.3,0.5
358566,mscoco,0.09874082878232002,0.22534391615088267,0.12153325602412224,0.2883915347293934,0.2,0.5,0.6,0.3333333333333333
205206,mscoco,0.061083712801337245,0.2314738225760219,0.05801714062690735,0.16344477888898667,0.1,0.5,0.0,0.01
342273,mscoco,0.08056209161877632,0.27080725512940745,0.13001336641609668,0.258925045214861,0.1,0.3333333333333333,0.1,0.1428571428571428
550466,mscoco,0.10760303288698196,0.26391544522028976,0.21014067009091378,0.3825550216014821,0.3,1.0,0.5,1.0
303281,mscoco,0.5697466403245925,0.8025375527689362,0.5947591543197632,0.771008948266176,0.8,1.0,0.9,1.0
464787,mscoco,0.021207577735185622,0.07004221556595984,0.027174355275928975,0.09980860372356086,0.0,0.0625,0.1,0.5
382210,mscoco,0.17178527750074862,0.31025962182291095,0.24951176419854165,0.4978750373162723,0.0,0.0078740157480314,0.0,0.0217391304347826
78413,mscoco,0.05454925876110792,0.19730819653093482,0.04871904533356428,0.14306691442353456,0.1,1.0,0.1,0.5
241530,mscoco,0.06398684065788984,0.13629798253703235,0.08907666318118572,0.2840004885901458,0.0,0.0185185185185185,0.0,0.0666666666666666
165419,mscoco,0.4479422509670258,0.6827408106061692,0.4457680583000183,0.7146161556616182,0.4,1.0,0.8,1.0
152776,mscoco,0.039697834849357606,0.19025823737341627,0.05668280627578497,0.2169677394125008,0.1,1.0,0.1,1.0
103320,mscoco,0.2343298114836216,0.45140353157933916,0.2791013099253178,0.49327481106749493,0.1,0.25,0.0,0.0714285714285714
391011,mscoco,0.2909899912774563,0.46081989251583305,0.41581948548555375,0.760830779597045,0.6,1.0,1.0,1.0
36281,mscoco,0.01973267109133303,0.10400229164528653,0.02817516657523811,0.12063119023587278,0.1,1.0,0.1,1.0
485016,mscoco,0.05089253075420856,0.15048931729921192,0.1281665598973632,0.4609940174040493,0.0,0.0112359550561797,0.0,0.0833333333333333
524392,mscoco,0.4048863470554352,0.6154427797810951,0.4157886773347855,0.6565321585909331,1.0,1.0,0.9,1.0
299123,mscoco,0.17640130706131457,0.3262572690908441,0.13406384475529193,0.32816552017551065,0.4,1.0,0.6,0.5
211905,mscoco,0.017568867094814776,0.0724239274734672,0.013116899179294705,0.06360182512909365,0.1,1.0,0.1,1.0
231381,mscoco,0.2787489630281925,0.5671837489907874,0.3418086975812912,0.6569252851585932,0.3,0.5,0.5,1.0
433896,mscoco,0.033242193330079314,0.1758992459792189,0.030481929192319512,0.16764794951816392,0.1,1.0,0.1,1.0
284259,mscoco,0.07852630764245987,0.19666531840372825,0.09181383159011602,0.20814299347066575,0.2,1.0,0.1,1.0
540283,mscoco,0.2255340412259102,0.47906826997730717,0.16267912536859513,0.30353888864873657,0.2,1.0,0.0,0.0769230769230769
425010,mscoco,0.19416941069066523,0.39794193164989705,0.10186655558645726,0.3357574957946342,0.2,1.0,0.4,1.0
170525,mscoco,0.33024794310331346,0.494503641260634,0.3512984484434128,0.5409000407196924,0.0,0.0434782608695652,0.2,0.125
432216,mscoco,0.04866908770054579,0.1382979643057546,0.08786106370389461,0.24943597013821958,0.1,0.2,0.1,0.3333333333333333
142402,mscoco,0.03187497537583113,0.12763604828798614,0.036687441542744635,0.14726974313042812,0.1,1.0,0.1,0.125
90820,mscoco,0.18062834870070218,0.5658698296133959,0.1120646808296442,0.4327205324664684,0.0,0.04,0.0,0.0833333333333333
208961,mscoco,0.03178241173736751,0.1529027953537083,0.021756534231826663,0.1460556228111638,0.1,1.0,0.1,1.0
140623,mscoco,0.1533114455640316,0.36800108337963705,0.1994492456316948,0.32269649986763105,0.3,1.0,0.3,0.3333333333333333
312015,mscoco,0.19648344293236733,0.3652331086161545,0.15611227340996264,0.4427112100305417,0.3,0.5,0.2,0.3333333333333333
388399,mscoco,0.16516695208847523,0.43654277515058865,0.14600840173661708,0.36570178479287824,0.2,0.3333333333333333,0.1,0.25
126659,mscoco,0.11700648069381714,0.30892207894922086,0.2048001319169998,0.4173491397323055,0.2,0.2,0.4,0.25
234990,mscoco,0.09816277734935283,0.24982553405678343,0.1063319280743599,0.22797275365396794,0.0,0.04,0.2,0.1111111111111111
212445,mscoco,0.3407593615353107,0.612336542188604,0.4570005118846893,0.8219399779051155,0.9,1.0,1.0,1.0
540885,mscoco,0.259298450499773,0.44101986447954195,0.3327315479516983,0.5724771104163785,0.3,1.0,0.5,1.0
276417,mscoco,0.3348474852740765,0.6370382391267638,0.4260459363460541,0.5824980649430054,0.1,0.2,0.2,0.1111111111111111
46173,mscoco,0.05950203500688076,0.17524483610895364,0.10010243505239487,0.20480863028375373,0.1,0.3333333333333333,0.0,0.0188679245283018
53641,mscoco,0.13595422357320786,0.3307133705867698,0.12072268798947335,0.2877046581559553,0.2,0.5,0.2,0.1666666666666666
367332,mscoco,0.34529128074646,0.7234614288160974,0.3917447179555893,0.5345170223946226,0.3,1.0,0.6,1.0
527134,mscoco,0.06726829223334789,0.18409712340246406,0.0924978319555521,0.217946012795351,0.1,0.3333333333333333,0.1,0.1666666666666666
263970,mscoco,0.03214976750314236,0.10900658181026429,0.059013045579195025,0.16663498106922497,0.0,0.006060606060606,0.1,1.0
485696,mscoco,0.07282073572278022,0.22336009326363432,0.08641612716019154,0.2509039742502601,0.1,1.0,0.1,1.0
118870,mscoco,0.029869078565388917,0.13029171762422864,0.017607241123914718,0.07506152643159471,0.0,0.0909090909090909,0.1,0.5
11332,mscoco,0.2510489832609892,0.6127360640725916,0.21075647473335266,0.3912922448684929,0.0,0.0625,0.5,1.0
365523,mscoco,0.1096143189817667,0.3214709508171197,0.07295651882886886,0.2989163270672576,0.1,0.3333333333333333,0.1,1.0
479035,mscoco,0.055008086003363134,0.14729816861910214,0.07372101247310639,0.2080943278463734,0.1,0.1428571428571428,0.0,0.0294117647058823
416098,mscoco,0.11681678146123886,0.4450744516044411,0.10383200906217098,0.37144304204199746,0.1,0.5,0.5,1.0
13284,mscoco,0.014424309926107525,0.07597122647073169,0.01407777083804831,0.06671991428387014,0.1,1.0,0.1,1.0
110435,mscoco,0.022808897495269775,0.09603579883497801,0.01946466623339802,0.0954834583962469,0.1,1.0,0.1,1.0
116694,mscoco,0.1733298510313034,0.44317403351797136,0.2544273030012846,0.5215308949695086,0.1,0.3333333333333333,0.0,0.037037037037037
244410,mscoco,0.15428249686956405,0.3798706190808519,0.2660444490611553,0.4857534114433928,0.3,1.0,1.0,1.0
428992,mscoco,0.019943701522424816,0.08002626005714351,0.023461185721680523,0.09011417628073738,0.2,1.0,0.6,1.0
337902,mscoco,0.1591230660676956,0.3021636617482309,0.1327606476843357,0.2821018631093146,0.8,1.0,0.9,1.0
546074,mscoco,0.02921309294179082,0.09652632920781863,0.04903552271425724,0.1555967947295879,0.0,0.04,0.1,1.0
70033,mscoco,0.022378935618326067,0.10518375293975503,0.01828940277919173,0.07310415122754803,0.6,1.0,0.6,1.0
149268,mscoco,0.27087730914354324,0.3886225729132249,0.21590824127197267,0.34297078034774925,0.0,0.0476190476190476,0.3,0.3333333333333333
431370,mscoco,0.08396305553615094,0.2031172810441845,0.3081988587975502,0.5485110184843016,0.1,0.125,0.2,0.3333333333333333
254387,mscoco,0.04725716002285481,0.11706763551782819,0.05436741337180138,0.13861767424528237,0.2,0.1428571428571428,0.5,0.3333333333333333
177349,mscoco,0.039502478251233694,0.1613208564057647,0.03130387640558183,0.12685829820474745,0.1,0.3333333333333333,0.1,0.1666666666666666
287186,mscoco,0.16460937447845936,0.38492176260998484,0.2484034575521946,0.3556514900675389,0.0,0.0769230769230769,0.1,0.125
328284,mscoco,0.3261167578399181,0.3784346455030262,0.3356258526444435,0.720684011409362,0.1,0.25,0.1,1.0
50409,mscoco,0.04367396868765354,0.1565316060680837,0.08230972848832607,0.2079505368674982,0.0,0.032258064516129,0.1,0.1111111111111111
399183,mscoco,0.12062688246369362,0.2881447092177061,0.26284409761428834,0.4205692692351002,0.1,0.1111111111111111,0.6,0.5
76589,mscoco,0.07793357148766518,0.24389460704763324,0.08199480604380369,0.1788897890188852,0.2,1.0,0.3,1.0
534965,mscoco,0.22195588797330856,0.48086311876234616,0.17648959010839463,0.3747635884372028,0.1,0.25,0.0,0.0833333333333333
295759,mscoco,0.11427334547042847,0.27891191831893,0.09148221462965012,0.21597200001004022,0.0,0.0037735849056603,0.0,0.0526315789473684
131725,mscoco,0.010477916058152913,0.039038233999574956,0.014137330651283263,0.04864129886145497,0.0,0.0588235294117647,0.1,1.0
214123,mscoco,0.11056381277740002,0.32265555220827685,0.10047826804220676,0.26579340156221076,0.1,1.0,0.0,0.0625
433075,mscoco,0.07844396475702524,0.3146942944823922,0.09243218973279,0.22080558708845824,0.1,1.0,0.1,0.1666666666666666
21260,mscoco,0.05492296516895294,0.11766861636727215,0.04906441848725081,0.11532092375867331,0.0,0.0098039215686274,0.1,0.2
312870,mscoco,0.1608194850385189,0.34961800937811566,0.13782762531191112,0.3890396359831653,0.0,0.0476190476190476,0.1,0.25
6824,mscoco,0.367370069026947,0.5502016579490514,0.41077845096588134,0.5398358727877814,0.7,0.25,0.8,1.0
368014,mscoco,0.22913230955600739,0.4331636324786045,0.2774868194013834,0.41894712987048327,0.3,0.3333333333333333,0.3,1.0
227772,mscoco,0.07116514807567001,0.22436711397905978,0.11103782877326011,0.2782671395594996,0.1,0.1666666666666666,0.3,0.25
276671,mscoco,0.35273744314908984,0.6740837010053384,0.47886224687099455,0.8330932387621797,0.2,0.3333333333333333,0.6,0.5
74894,mscoco,0.2160489797592163,0.4628594495524007,0.20317095518112183,0.4250257356965395,0.3,1.0,0.5,1.0
395170,mscoco,0.1796708457171917,0.382591113275688,0.1464336819946766,0.31534016492894096,0.4,0.5,0.6,1.0
362521,mscoco,0.14598889127373696,0.3098530318145052,0.1477770574390888,0.2733008594709335,0.0,0.02,0.1,0.2
543838,mscoco,0.021486372407525777,0.07634800502623781,0.021530386107042433,0.06631230329250448,0.1,1.0,0.1,0.3333333333333333
385580,mscoco,0.0157023842446506,0.08825499174246304,0.03576151803135872,0.09709254043880335,0.0,0.0153846153846153,0.0,0.0714285714285714
448131,mscoco,0.11439559645950795,0.3317171853160073,0.1473433941602707,0.3211121022204094,0.1,0.2,0.6,1.0
33702,mscoco,0.17495266646146773,0.45057435417334607,0.2989713534712791,0.3696647803997638,0.0,0.0555555555555555,0.0,0.0769230769230769
109522,mscoco,0.2246146470308304,0.3545556326773475,0.24807704761624336,0.4534376072580302,0.0,0.0416666666666666,0.0,0.0256410256410256
268444,mscoco,0.08486992977559567,0.24142988092684273,0.14613994024693966,0.3424194661783133,0.2,0.5,0.3,1.0
526105,mscoco,0.10069457273930311,0.23895912766685784,0.1336688943207264,0.410202850559117,0.0,0.0714285714285714,0.0,0.0833333333333333
538709,mscoco,0.06521746087819338,0.2177689040296121,0.07846955507993698,0.2456473500120669,0.1,0.1666666666666666,0.2,0.5
455856,mscoco,0.015451234672218562,0.05496994622574731,0.02037091422826052,0.0615775466813475,0.1,0.5,0.1,0.5
246878,mscoco,0.1659129723906517,0.2898637986248427,0.2872693851590157,0.5610319300314687,0.0,0.0142857142857142,0.4,0.5
361472,mscoco,0.04584133876487613,0.1410925751209265,0.0586942570284009,0.20478239109234825,0.0,0.0384615384615384,0.1,1.0
422240,mscoco,0.0484584666788578,0.1516888778833949,0.0391240943223238,0.14786474976073755,0.1,1.0,0.1,1.0
233073,mscoco,0.07697458900511264,0.22446304472131245,0.06720287576317788,0.1787632475944441,0.1,0.3333333333333333,0.1,1.0
340621,mscoco,0.14512149170041083,0.3222783566263764,0.1278230268508196,0.33451234947088637,0.4,1.0,0.6,1.0
422804,mscoco,0.0068978515220806,0.01994247850294337,0.007284373324364424,0.03778234656876289,0.1,0.1666666666666666,0.1,1.0
440762,mscoco,0.17903436943888665,0.41288632827171584,0.19798799231648445,0.4043803068228251,0.1,0.125,0.1,0.1
165907,mscoco,0.16029833629727364,0.37812439795304426,0.18712738454341887,0.412063769032279,0.4,0.5,0.6,1.0
540006,mscoco,0.012110954779200257,0.039645919186802964,0.014061730867251755,0.05567813190626029,0.1,0.1111111111111111,0.1,1.0
300267,mscoco,0.11233004331588745,0.2561938590469256,0.11166452057659626,0.306272035663344,0.5,0.5,0.3,1.0
413852,mscoco,0.3458266079425812,0.4023304614514815,0.4612123042345047,0.6866932957782137,0.4,0.25,0.7,1.0
360975,mscoco,0.31393551379442214,0.5366663631180854,0.24159758165478706,0.4968706418688268,0.4,0.25,0.3,1.0
211909,mscoco,0.2603652685880661,0.61997748643919,0.3674465730786324,0.5841846143967367,0.6,1.0,0.8,1.0
66389,mscoco,0.14580617882311345,0.3561648242294141,0.16054643020033837,0.365112408379218,0.0,0.0030395136778115,0.0,0.0025575447570332
13285,mscoco,0.07752449102699757,0.23031211691225897,0.08201864585280419,0.2500634158061077,0.0,0.009009009009009,0.0,0.0026178010471204
573922,mscoco,0.14295075908303262,0.34887269295609435,0.21647626645863055,0.4391578982263213,0.1,0.125,0.4,1.0
62619,mscoco,0.06661482360213995,0.1478745841007404,0.09594447985291481,0.33636662291941216,0.1,0.1,0.1,1.0
168563,mscoco,0.1434747938066721,0.27973822595135756,0.16500348560512065,0.39983927817637477,0.2,0.25,0.2,0.5
178504,mscoco,0.02921214550733566,0.08913329959888797,0.1080203615128994,0.30948096081426274,0.0,0.0909090909090909,0.1,1.0
176174,mscoco,0.1174897588789463,0.28347732611924203,0.16098316088318826,0.3167056553638541,0.1,0.1666666666666666,0.1,0.5
60903,mscoco,0.15589906126260758,0.35449089566314723,0.22865053862333298,0.46058204397692215,0.1,0.1111111111111111,0.2,1.0
80554,mscoco,0.09985042102634907,0.29068445862780845,0.13692272901535035,0.2929159785144598,0.0,0.0714285714285714,0.2,0.3333333333333333
494852,mscoco,0.10307874996215105,0.26135586979170417,0.13895253390073775,0.35991861049095253,0.4,1.0,0.3,1.0
272832,mscoco,0.046757543832063674,0.12377077594901631,0.05557399708777666,0.20819112480619123,0.1,0.3333333333333333,0.1,1.0
497002,mscoco,0.042315858276560904,0.12678864390727973,0.037214407697319984,0.0987084994085244,0.1,0.5,0.0,0.0526315789473684
473918,mscoco,0.03193623758852482,0.10924163430595923,0.04686464690603316,0.14434085695033594,0.0,0.0454545454545454,0.1,0.5
78681,mscoco,0.2437263611704111,0.4247715707267179,0.22781595252454281,0.4791795596787971,0.5,1.0,0.5,1.0
261323,mscoco,0.09755324125289917,0.2592713746453101,0.09981300681829453,0.2566229841646277,0.0,0.0476190476190476,0.1,1.0
489482,mscoco,0.07539052059873938,0.2039230027623112,0.09416868984699249,0.19194867852963657,0.0,0.0909090909090909,0.1,0.5
513966,mscoco,0.040400358662009236,0.14019405298067428,0.07682767976075411,0.22636954661993097,0.1,0.2,0.0,0.04
326202,mscoco,0.21729324832558633,0.47705844768656125,0.22011746503412724,0.5607423455735766,0.3,1.0,0.3,1.0
394159,mscoco,0.22071016430854798,0.477731542694841,0.28905239403247834,0.4923673905089227,0.1,0.3333333333333333,0.2,0.3333333333333333
392320,mscoco,0.3173838935792446,0.4617035824311387,0.32852462902665136,0.7688076787995987,0.7,1.0,0.6,1.0
428301,mscoco,0.33211892694234846,0.5987466324178823,0.2931300297379494,0.5399166249132028,0.3,1.0,0.3,1.0
304217,mscoco,0.1176622562110424,0.33484567763628287,0.09484442546963692,0.2857531995947256,0.0,0.0217391304347826,0.0,0.0133333333333333
332131,mscoco,0.2495087780058384,0.4314009850026955,0.3818531334400177,0.5068236509346121,0.6,1.0,0.7,1.0
316336,mscoco,0.09553796853870153,0.22752471244298528,0.13362182155251504,0.31527218924831696,0.1,0.3333333333333333,0.1,1.0
575331,mscoco,0.0778838362544775,0.2011286811525894,0.06676729023456573,0.18706625434325108,0.0,0.0476190476190476,0.1,1.0
357578,mscoco,0.17067069485783576,0.4043235507704627,0.34427246302366254,0.6806941741254533,0.0,0.0625,0.2,0.25
201714,mscoco,0.2941406175494194,0.46994349558385573,0.17280637994408607,0.49476571884796117,0.5,1.0,0.3,1.0
76899,mscoco,0.2788932390511036,0.44846024527092637,0.20738204382359982,0.3420961844620521,0.1,0.1666666666666666,0.0,0.0175438596491228
461445,mscoco,0.3396316275000572,0.549392578877312,0.3205546230077744,0.5381514696404562,0.2,0.3333333333333333,0.1,1.0
317431,mscoco,0.44669567197561266,0.8191554422872063,0.4987053334712982,0.7949221399169221,0.9,1.0,0.9,1.0
74,drawbench,0.07039874345064163,0.17887727268890072,0.06037259250879288,0.2697465515082474,0.0,0.0128205128205128,0.0,0.0181818181818181
413172,mscoco,0.06841171160340309,0.21012816712604082,0.10725028812885284,0.28258847678346194,0.1,0.1428571428571428,0.4,0.3333333333333333
346754,mscoco,0.03180899899452925,0.0980001841396594,0.02803586991503835,0.09857445453549415,0.0,0.0038167938931297,0.0,0.0014245014245014
142349,mscoco,0.18171533644199372,0.3897912621545981,0.1841883197426796,0.3246152047148427,0.1,0.1666666666666666,0.3,0.25
495947,mscoco,0.11840673852711917,0.33937689330842796,0.11288216784596443,0.2910914111080872,0.0,0.0454545454545454,0.0,0.0416666666666666
105344,mscoco,0.1837978608906269,0.3832831221462312,0.17388375997543334,0.44035472072379456,0.2,0.25,0.5,1.0
466024,mscoco,0.27778986319899557,0.5100221297765488,0.34336142987012863,0.5766787752971909,0.7,1.0,1.0,1.0
579165,mscoco,0.0737910458818078,0.21547377315492525,0.12602290622889994,0.32304557595907674,0.1,0.2,0.0,0.0256410256410256
323868,mscoco,0.10912128426134586,0.2448595385294542,0.3668745502829552,0.6412756911313007,0.1,0.1666666666666666,0.7,1.0
119947,mscoco,0.13751696459949017,0.3255342268489573,0.18108438178896905,0.38224690662622807,0.1,1.0,0.1,0.5
536201,mscoco,0.08492641858756542,0.27461858761745994,0.0678297657519579,0.25640486264950557,0.1,1.0,0.1,1.0
151432,mscoco,0.3837361797690392,0.5290177526631503,0.39305832535028457,0.5735995354814873,0.5,1.0,0.3,0.3333333333333333
50972,mscoco,0.18493820019066334,0.7145109153534615,0.1635790228843689,0.3064831306271019,0.2,1.0,0.2,0.3333333333333333
222361,mscoco,0.12385180145502091,0.23805204924864626,0.13066231049597263,0.28302470875459157,0.4,0.25,0.7,1.0
183,drawbench,0.030689713917672633,0.07839675411122168,0.02955056056380272,0.094746376908059,0.0,0.0,0.0,0.0
356654,mscoco,0.03302043406292796,0.1131126619332817,0.0405741523951292,0.11615987380163349,0.1,1.0,0.0,0.0526315789473684
12377,mscoco,0.013116691494360566,0.061448143596546344,0.0164642920717597,0.055492479132037975,0.1,0.25,0.1,1.0
62589,mscoco,0.2467821143567562,0.5129302257327675,0.25001339688897134,0.5170323371415233,0.4,1.0,0.5,1.0
175,drawbench,0.03775486592203379,0.14998863834735632,0.031890737591311336,0.08166101986445647,0.0,0.0,0.0,0.0
97569,mscoco,0.024483752343803643,0.08195381227822152,0.03099821973592043,0.09761250953172602,0.1,0.1111111111111111,0.2,0.3333333333333333
118342,mscoco,0.3167766898870468,0.5932564974829435,0.35601781904697416,0.5015579597435399,0.5,1.0,0.7,0.5
226348,mscoco,0.07727243639528751,0.20676995147721994,0.0728028155863285,0.2814345512043552,0.1,0.5,0.1,1.0
507833,mscoco,0.01011314606294036,0.038928694076051304,0.0055535878869704906,0.03300624309835236,0.1,1.0,0.1,1.0
509503,mscoco,0.21225590780377387,0.298383172392699,0.1278421264141798,0.3674766003181184,0.4,1.0,0.3,0.5
265447,mscoco,0.19451821893453597,0.45660691717595203,0.1895314447581768,0.37505300124758884,0.6,1.0,0.6,1.0
39398,mscoco,0.2684032391756773,0.48662099607149834,0.4659861832857132,0.6976094867393093,0.1,0.5,0.2,1.0
475667,mscoco,0.21385460942983628,0.4415549472655802,0.2150139629840851,0.39983642430196725,0.3,0.3333333333333333,0.3,0.5
110829,mscoco,0.044692687410861257,0.18124320872676702,0.03635740606114268,0.11772380679278086,0.0,0.0434782608695652,0.2,1.0
423830,mscoco,0.34295559376478196,0.6589506691285356,0.22785461209714414,0.6481417861658483,0.1,0.125,0.2,1.0
159567,mscoco,0.10745651237666606,0.29400135835116226,0.10416016392409802,0.29361862205529,0.1,1.0,0.0,0.003012048192771
67422,mscoco,0.2883911579847336,0.4144653273404032,0.3441035822033882,0.6618452241136008,0.3,0.5,0.3,0.5
449210,mscoco,0.25301158279180525,0.5348741396336321,0.3238718628883362,0.5997812664349574,0.1,0.2,0.4,1.0
561386,mscoco,0.12195977047085763,0.28427603788583644,0.3227257117629051,0.5051155731849353,0.2,0.2,0.2,0.25
136267,mscoco,0.26771442741155627,0.4232697719875639,0.25632019639015197,0.48862597616141923,0.8,1.0,0.6,0.5
147294,mscoco,0.07458203993737697,0.1756060426476748,0.11143530253320932,0.19975079167643878,0.1,0.2,0.2,0.5
127074,mscoco,0.13825016617774963,0.33734892635631375,0.1515212580561638,0.4007832560822124,0.3,1.0,0.6,1.0
355593,mscoco,0.09636407233774662,0.3389388810296381,0.13871523290872573,0.35500153233399556,0.0,0.0005411255411255,0.0,0.0078740157480314
82,drawbench,0.12254078723490239,0.346386915885019,0.18570717796683311,0.5462674982599371,0.1,0.1666666666666666,0.0,0.032258064516129
97614,mscoco,0.1214959055185318,0.3082920266562129,0.2478814959526062,0.5626441824608119,0.0,0.0196078431372549,0.0,0.0555555555555555
548219,mscoco,0.1391459871083498,0.3994830425664872,0.1292432900518179,0.4963786844474644,0.4,0.5,0.4,1.0
232031,mscoco,0.05845534959807992,0.1894911767317451,0.05768210291862488,0.14369351935361308,0.1,0.5,0.0,0.0526315789473684
212047,mscoco,0.04288338758051395,0.15516983868962805,0.051319913379848,0.17463602881197668,0.1,1.0,0.1,1.0
532520,mscoco,0.04764717230573297,0.14150354501954138,0.05677142441272735,0.1456722172126229,0.2,0.3333333333333333,0.1,0.25
202923,mscoco,0.18310128338634968,0.33720153383834633,0.28479975908994676,0.6263780875412682,0.4,0.25,0.3,0.1666666666666666
32675,mscoco,0.17333910576999187,0.5888060541205424,0.19773655273020269,0.5863656585099077,0.1,1.0,0.1,1.0
280112,mscoco,0.34230792224407197,0.657456249844638,0.3232483506202698,0.5687047829667827,0.3,0.3333333333333333,0.2,1.0
230982,mscoco,0.05677073765546083,0.1860452929800601,0.05714223980903625,0.16405981151719995,0.1,0.5,0.0,0.0714285714285714
104340,mscoco,0.014962300844490527,0.04962784880304968,0.014422380924224853,0.05604555729258077,0.0,0.0256410256410256,0.1,1.0
444912,mscoco,0.014499370520934463,0.05157416875123609,0.020010588318109514,0.090891470480662,0.0,0.0833333333333333,0.1,0.1666666666666666
210071,mscoco,0.089984062127769,0.20565407683852507,0.07549217194318772,0.19770217799937972,0.9,1.0,1.0,1.0
541203,mscoco,0.09421627335250378,0.2980488001384675,0.09025355991907417,0.21162976780106438,0.1,0.1,0.2,1.0
64626,mscoco,0.1039597176015377,0.27367524536346066,0.12611546516418456,0.3736164170820725,0.1,0.1111111111111111,0.0,0.0555555555555555
224060,mscoco,0.1583573490381241,0.3785640482232535,0.09537898413836957,0.32455631364995224,0.1,1.0,0.1,1.0
411028,mscoco,0.13340986296534538,0.283835121682542,0.24216290861368178,0.5193994973855582,0.4,1.0,0.5,1.0
228712,mscoco,0.052897049486637114,0.16288991178278028,0.0387503657490015,0.12864115793346734,0.1,0.125,0.0,0.0256410256410256
170365,mscoco,0.1450669415295124,0.38140444625617853,0.12873897701501846,0.37495288839985397,0.0,0.0769230769230769,0.1,0.125
346403,mscoco,0.10857571400702,0.2714869366827205,0.1684189334511757,0.5085272007099946,0.0,0.0163934426229508,0.2,1.0
265597,mscoco,0.5443966805934906,0.7363261084493207,0.5582609325647354,0.6194877604567965,1.0,1.0,0.9,0.5
11504,mscoco,0.12071940917521715,0.20482479911100282,0.13726984448730944,0.3458467875229791,0.1,0.125,0.2,0.3333333333333333
546010,mscoco,0.04989672768861055,0.2247862161515354,0.04044124674983322,0.17005357546427308,0.1,1.0,0.1,0.5
287003,mscoco,0.1785305395722389,0.5797855863541743,0.19082823172211646,0.4205735292688136,0.1,1.0,0.3,0.5
485406,mscoco,0.18825568556785582,0.5636893545870311,0.2497181061655283,0.43082642605810156,0.0,0.0416666666666666,0.1,1.0
299051,mscoco,0.14450381584465505,0.2444483795983887,0.21270204074680804,0.47223936012610523,0.3,1.0,0.5,1.0
67,drawbench,0.005669805442448705,0.022782231767716713,0.0023997323878575116,0.010984746226380794,0.0,0.0,0.0,0.0
107481,mscoco,0.30421190410852433,0.5185396972806355,0.43696333169937135,0.6689651389192185,0.4,0.3333333333333333,0.5,1.0
160968,mscoco,0.3085947327315807,0.49715185207095014,0.21578486263751984,0.3792855543735689,0.1,0.1428571428571428,0.1,0.3333333333333333
447983,mscoco,0.04730402445420623,0.24225266671767218,0.07091907896101475,0.2762556467088467,0.1,1.0,0.1,1.0
192651,mscoco,0.13895445168018342,0.3496909492464282,0.21138535663485528,0.4494728433076978,0.3,0.5,0.5,1.0
341856,mscoco,0.09336203765124082,0.32462743781563325,0.12389098894782365,0.321608907944691,0.3,0.5,0.2,1.0
45809,mscoco,0.21013793237507344,0.4846614722294908,0.21076590493321418,0.43690205470110294,0.6,1.0,0.6,1.0
552089,mscoco,0.09891828428953886,0.3396994150025401,0.07123575881123542,0.15576744064766868,0.1,0.1111111111111111,0.1,0.1
24097,mscoco,0.0723902533762157,0.35938157371638585,0.0601911642588675,0.3349514919859413,0.1,1.0,0.1,1.0
433451,mscoco,0.23713185768574477,0.4129665710358611,0.2386062815785408,0.4969131792277316,0.0,0.0909090909090909,0.1,0.1666666666666666
547100,mscoco,0.06635602540336549,0.46348892114673856,0.06646415051072836,0.46204124354491527,0.1,1.0,0.1,1.0
485595,mscoco,0.02642330564558506,0.10682719312382946,0.044491814076900484,0.15756976864799627,0.1,0.5,0.1,1.0
266209,mscoco,0.09394691176712514,0.2232494101732696,0.10188211910426617,0.25915485338376004,0.2,0.3333333333333333,0.8,1.0
559754,mscoco,0.15591815263032913,0.3945199338106122,0.1139476627111435,0.26964093553707036,0.3,0.25,0.5,1.0
253848,mscoco,0.07572473604232073,0.23160430968816262,0.085947185754776,0.19804673538558923,0.0,0.0434782608695652,0.1,0.1666666666666666
51487,mscoco,0.020344164920970798,0.0880926381274321,0.023553232429549098,0.09157602390378308,0.1,1.0,0.1,1.0
8725,mscoco,0.24463629759848118,0.4654457521878131,0.19569938406348228,0.4350648917340647,0.0,0.003690036900369,0.0,0.0909090909090909
115,drawbench,0.13794636428356172,0.36220717020809406,0.13561426997184753,0.3393513521940093,0.0,0.0,0.0,0.0
168833,mscoco,0.23508545532822608,0.434953586476763,0.3355277881026268,0.5256004862429927,0.0,0.02,0.0,0.0357142857142857
248682,mscoco,0.24890414029359817,0.440166221947037,0.3010996550321579,0.5061826064176534,0.6,0.5,0.8,1.0
488032,mscoco,0.28030913770198823,0.6017394373877948,0.40332324206829073,0.6035332070244207,0.3,1.0,0.6,1.0
24242,mscoco,0.08849993981420994,0.20860330134877322,0.18746084347367287,0.3760948225788374,0.0,0.05,0.5,1.0
150546,mscoco,0.05925943590700626,0.20051135993597302,0.05788446310907602,0.183435492510956,0.1,0.5,0.1,1.0
67563,mscoco,0.35789418667554856,0.44749814294926343,0.264463447034359,0.4299702849270117,0.2,1.0,0.0,0.0833333333333333
36783,mscoco,0.21642145812511443,0.5674001578905566,0.22137380838394166,0.4163101253262172,0.0,0.0040485829959514,0.1,0.1428571428571428
216015,mscoco,0.17525568716228007,0.426886355730057,0.1651364393532276,0.4245574791372368,0.2,1.0,0.1,1.0
530904,mscoco,0.07641314193606377,0.22544294951633773,0.0916833870112896,0.2966891211122485,0.3,0.3333333333333333,0.3,1.0
15356,mscoco,0.10830121412873268,0.27832962687290785,0.10988958925008774,0.29353545423301336,0.4,0.3333333333333333,0.4,1.0
213809,mscoco,0.033936201594769955,0.1567790727133401,0.03796236906200647,0.16666530356780426,0.1,1.0,0.1,1.0
407057,mscoco,0.047525542136281726,0.14287678955631158,0.04120259564369917,0.12512856893882843,0.4,1.0,0.3,1.0
229142,mscoco,0.08433203920722007,0.21575263768085953,0.12109136786311865,0.34617576228319324,0.1,0.3333333333333333,0.1,0.1428571428571428
307990,mscoco,0.19123639687895774,0.31414670883519635,0.36353095918893813,0.5837862877581237,0.3,0.25,0.2,0.5
185,drawbench,0.04679688308387995,0.12552016351119452,0.03185973707586527,0.08798846450725932,0.0,0.0,0.0,0.0
318820,mscoco,0.1115045215934515,0.4479693782203814,0.10962171945720911,0.44114646893265247,0.1,1.0,0.1,1.0
575303,mscoco,0.07233601361513138,0.4290163252587263,0.07716369610279798,0.42962197275843556,0.1,1.0,0.1,1.0
578094,mscoco,0.03781207520514727,0.12138982116059151,0.05152706243097782,0.1500196347291731,0.4,1.0,0.7,1.0
54611,mscoco,0.1963510788977146,0.2866246024023257,0.35212526470422745,0.5388544708527909,0.2,0.3333333333333333,0.7,1.0
5903,mscoco,0.08885017773136497,0.36708219227454214,0.11509946882724761,0.37222420562842284,0.2,1.0,0.1,1.0
238603,mscoco,0.5058882117271424,0.632074679264497,0.5874027341604233,0.8301014574386776,0.3,0.1666666666666666,0.7,1.0
113089,mscoco,0.05576273091137409,0.21264934718754644,0.086369838565588,0.23817700503412506,0.1,1.0,0.1,1.0
381759,mscoco,0.03174833776429296,0.10909594791497698,0.034144355542957784,0.10811949432271316,0.0,0.0104166666666666,0.1,0.5
486580,mscoco,0.3193202532827854,0.5670929341978973,0.395075224339962,0.5980546391299214,0.0,0.0434782608695652,0.2,0.25
480720,mscoco,0.249790458381176,0.48074099698201067,0.20912725627422332,0.41533903661683647,0.6,0.3333333333333333,0.5,1.0
289140,mscoco,0.031953239999711516,0.08277908315899599,0.03658625176176429,0.09972487464939407,0.1,0.2,0.1,0.3333333333333333
91719,mscoco,0.23734599649906157,0.3633377368943389,0.4392932116985321,0.5721493965557737,0.2,0.3333333333333333,0.8,1.0
8944,mscoco,0.06898124851286411,0.16697378918163047,0.07381942411884665,0.20642834187135828,0.1,0.3333333333333333,0.0,0.0833333333333333
468742,mscoco,0.07357110865414143,0.18745930934929947,0.087537132948637,0.1951369914136013,0.3,1.0,0.3,1.0
512723,mscoco,0.2681937485933304,0.5364469238202003,0.3064299836754799,0.428115120061551,0.5,1.0,0.8,1.0
167962,mscoco,0.2531341269612312,0.43743230473397915,0.4115126997232437,0.6521008114662621,0.2,0.1666666666666666,0.4,0.3333333333333333
132161,mscoco,0.046246716286987066,0.13530435564882853,0.03869661092758179,0.11304331062128717,0.0,0.0416666666666666,0.1,1.0
260336,mscoco,0.1398942932486534,0.341921495621321,0.14060260392725468,0.2992544874977415,0.6,1.0,0.8,1.0
320429,mscoco,0.16543191038072108,0.29400543605162227,0.20251742005348206,0.5266988832551502,0.1,0.1,0.2,1.0
465893,mscoco,0.14587738625705243,0.3013098165454574,0.24725448936223984,0.44739754440865054,0.2,0.1666666666666666,0.5,0.3333333333333333
34183,mscoco,0.11942914966493845,0.4323325400996734,0.08736893348395824,0.40623746668095606,0.2,1.0,0.2,1.0
531404,mscoco,0.01947004641406238,0.08438934158577416,0.027316100243479014,0.09931768358892855,0.0,0.015625,0.1,0.1666666666666666
551651,mscoco,0.09733822345733642,0.2659355490144102,0.1155679129064083,0.2481569372901122,0.1,0.1428571428571428,0.2,0.5
140921,mscoco,0.21106840893626214,0.5926185443956727,0.24332948103547097,0.5998056389666452,0.2,1.0,0.2,1.0
449780,mscoco,0.18250082172453402,0.3207394889068322,0.202152568846941,0.5213472141248059,0.1,0.1666666666666666,0.0,0.0588235294117647
560326,mscoco,0.07870399318635464,0.18754368536325647,0.12200135365128517,0.3469480470997333,0.2,0.5,0.3,1.0
440813,mscoco,0.02816647128202021,0.07887900006793962,0.025693730963394047,0.09320414180921019,0.1,0.5,0.1,0.25
126,drawbench,0.1209648858755827,0.26289140046536535,0.11869817972183228,0.30984598361741317,0.0,1.321684883889983e-05,0.0,4.428305730227615e-05
44,drawbench,0.2777094691991806,0.39088109862668247,0.2903159767389297,0.5099136290878924,0.0,2.0200795911358907e-05,0.0,0.0002699784017278
174417,mscoco,0.03531234608963132,0.12969712271905856,0.035002215299755335,0.11817044824879747,0.1,1.0,0.1,0.5
423215,mscoco,0.05678397212177515,0.13801140208486312,0.09212883710861205,0.2393842219323291,0.0,0.0017094017094017,0.0,0.0588235294117647
478090,mscoco,0.12448811270296574,0.24665021024768594,0.1215572863817215,0.260320340087742,0.0,0.0588235294117647,0.1,0.1666666666666666
83034,mscoco,0.028560614306479694,0.14697159663172565,0.030827979370951653,0.11052749037075091,0.1,1.0,0.0,0.0833333333333333
325568,mscoco,0.10964305251836777,0.28799768358396655,0.18590519353747367,0.31618471806931664,0.0,0.0010660980810234,0.0,0.0007107320540156
517603,mscoco,0.09676686525344849,0.22641353824609764,0.10043316558003426,0.29188816929023575,0.4,0.25,0.1,0.2
460287,mscoco,0.0343042534776032,0.15096370254613184,0.03188172676600516,0.12839332576921333,0.2,1.0,0.2,1.0
337546,mscoco,0.163548531383276,0.33119886793012887,0.23417716920375825,0.4541831615173681,0.1,0.1111111111111111,0.3,1.0
389491,mscoco,0.27121090069413184,0.542521138182875,0.3070650100708008,0.6021833432640495,0.0,0.024390243902439,0.2,0.5
557451,mscoco,0.030784325767308475,0.15072232168409255,0.03407080587930977,0.10158617242410403,0.2,1.0,0.2,1.0
20414,mscoco,0.10888710375875235,0.330582164256458,0.13544641248881817,0.3536757639145567,0.4,1.0,0.7,1.0
402603,mscoco,0.08118788320571184,0.26176690957125764,0.07331294603645802,0.19347246904858884,0.1,0.5,0.1,1.0
93116,mscoco,0.08144631590694189,0.21041274977304705,0.08037740867584944,0.21508435499227152,0.3,0.25,0.4,1.0
202143,mscoco,0.1301712840795517,0.353268135343935,0.31138460487127306,0.5191512244175781,0.4,0.5,0.8,1.0
477526,mscoco,0.21732821986079215,0.4768379168568537,0.20935595855116845,0.4600324246961715,0.2,1.0,0.3,1.0
557388,mscoco,0.259341199696064,0.49071452575854346,0.2783402904868126,0.5276485130224269,0.5,1.0,0.2,1.0
120254,mscoco,0.08125700745731593,0.2866490008401168,0.10681295208632946,0.287293625759308,0.1,0.1666666666666666,0.2,0.25
188606,mscoco,0.2527311835438013,0.5527115217259361,0.23596816696226597,0.5201678773206038,0.0,0.037037037037037,0.1,0.1
490336,mscoco,0.34411251693964007,0.41879917618136386,0.42021111249923704,0.6754857898486806,0.1,0.3333333333333333,0.4,0.5
82731,mscoco,0.09019091129302978,0.21318566987336726,0.0796035185456276,0.16912624440710863,0.1,0.1428571428571428,0.1,0.1
46674,mscoco,0.05095797292888164,0.1887561395039813,0.04938037302345037,0.18724554213908084,0.1,1.0,0.1,1.0
534366,mscoco,0.13576502557843922,0.4696937604988559,0.20822843722999096,0.40170725166629234,0.2,1.0,0.3,1.0
493774,mscoco,0.03724716119468212,0.12222555428380275,0.03945914003998041,0.1197680464751566,0.0,0.0833333333333333,0.2,0.5
417547,mscoco,0.1458163671195507,0.38314532459956724,0.17301039025187492,0.3708634614113591,0.0,0.0344827586206896,0.0,0.0119047619047619
63556,mscoco,0.026816860679537056,0.1051790419455503,0.03534234184771776,0.10747311015897999,0.1,0.3333333333333333,0.1,1.0
479036,mscoco,0.10724475532770157,0.503303999446812,0.09370148121379315,0.2986590750558463,0.4,1.0,0.4,1.0
515424,mscoco,0.2870189011096954,0.6281809909892428,0.4657346308231354,0.6997188835351841,0.2,0.5,0.1,0.25
320899,mscoco,0.09618480000644922,0.22733807125069364,0.19366991892457008,0.38948875651652143,0.1,0.125,0.1,0.125
353378,mscoco,0.0674055190756917,0.24408970074408887,0.06303364131599665,0.22051518459761527,0.1,1.0,0.1,1.0
26517,mscoco,0.2572005659341812,0.38853439309280197,0.30027655735611913,0.5479941293105921,0.1,0.2,0.2,1.0
559912,mscoco,0.1828668501228094,0.28091047158911475,0.2143327921628952,0.40640318664807723,0.4,0.2,0.5,1.0
5913,mscoco,0.34555019438266754,0.6096576531629774,0.2435280464589596,0.5451359052316441,0.0,0.0833333333333333,0.0,0.0625
390474,mscoco,0.19074869714677334,0.3954140290824593,0.20940679796040057,0.4468677863379279,0.5,0.5,0.6,1.0
235062,mscoco,0.10089843347668648,0.2550856260380987,0.06594451069831848,0.2779772705971042,0.2,0.3333333333333333,0.2,1.0
313015,mscoco,0.01373375840485096,0.05119589320597328,0.014858185919001699,0.06291091539260298,0.1,0.2,0.1,1.0
397857,mscoco,0.045185383222997186,0.2531489595964632,0.055647076293826106,0.2663638518705746,0.1,1.0,0.1,1.0
550140,mscoco,0.2260318860411644,0.39991175549079144,0.2155967079102993,0.39826851115048095,0.7,0.25,0.5,0.5
461836,mscoco,0.15199097171425818,0.25152736655242874,0.1786518856883049,0.4009885963377538,0.0,0.0666666666666666,0.0,0.0714285714285714
106,drawbench,0.05108886817470193,0.1683155928986984,0.07871448993682861,0.17712587120640114,0.0,0.02,0.1,0.1666666666666666
81779,mscoco,0.09876228719949723,0.22927901728829594,0.12336570350453258,0.2737190010054007,0.1,0.5,0.1,0.25
215134,mscoco,0.2957378849387169,0.4434573044177412,0.42725054621696473,0.5685203885489146,0.1,0.3333333333333333,0.1,0.25
523309,mscoco,0.03260069391690194,0.09486904313372466,0.019229731149971487,0.08432568495710792,0.0,0.0833333333333333,0.0,0.0833333333333333
171,drawbench,0.030148348212242125,0.088144389467081,0.030526059912517667,0.13185079646324308,0.0,0.0,0.0,0.0
380500,mscoco,0.20883791521191597,0.38598673392663824,0.20016413778066636,0.5947185315858265,0.0,0.0192307692307692,0.2,1.0
156128,mscoco,0.29742719046771526,0.7956724251842286,0.3535338558256626,0.7059127752777133,0.2,1.0,0.4,1.0
125908,mscoco,0.19832356795668601,0.4229904828362286,0.23826386891305446,0.47372601226117034,0.4,0.5,0.4,0.5
488303,mscoco,0.037609325349330903,0.1753774064291693,0.07123778825625778,0.14071548287433316,0.1,0.3333333333333333,0.0,0.0476190476190476
49725,mscoco,0.1294598586857319,0.34136280149490394,0.11803500466048718,0.289290365369959,0.1,0.5,0.1,0.5
556363,mscoco,0.07011907324194908,0.2091942275228897,0.052378839999437335,0.16389657915647218,0.1,1.0,0.1,0.1428571428571428
279947,mscoco,0.13927142955362798,0.263994153509556,0.14540487453341483,0.30984633491942304,0.3,0.5,0.6,1.0
139083,mscoco,0.22929750047624112,0.4236815296233731,0.3123097665607929,0.6841831775732811,0.2,0.3333333333333333,0.0,0.0666666666666666
325055,mscoco,0.12376936413347721,0.29746751264767163,0.12107403017580509,0.2400279155511137,0.3,0.25,0.3,0.3333333333333333
483311,mscoco,0.7096431016921997,0.8443400335128524,0.7307365953922271,0.8727610833710409,0.8,1.0,0.8,0.5
206410,mscoco,0.0887211136519909,0.22365046025682583,0.10097431689500809,0.2630793596982639,0.2,1.0,0.0,0.0212765957446808
270290,mscoco,0.052788051031529906,0.17795712025477012,0.050295723136514425,0.22945067413710904,0.3,1.0,0.3,1.0
542937,mscoco,0.14081808663904666,0.4425760950044794,0.13879747241735457,0.3061050780589617,0.2,0.25,0.1,0.2
109178,mscoco,0.1526184106245637,0.4219356577395436,0.1674357306212187,0.39811834239688415,0.9,1.0,1.0,1.0
286116,mscoco,0.06222741957753897,0.16281709935916425,0.05692024677991867,0.17587339991350548,0.2,0.1428571428571428,0.3,1.0
369557,mscoco,0.15020285099744796,0.4098327141591658,0.19240959361195564,0.47132822516136685,0.2,0.5,0.5,1.0
195810,mscoco,0.2247915856540203,0.5288552124845611,0.15671526938676833,0.32808113417391727,0.1,1.0,0.1,0.5
561907,mscoco,0.042641491070389746,0.23788747403889882,0.039382274309173224,0.15034506051675275,0.0,0.03125,0.0,0.0010604453870625
100083,mscoco,0.11099318284541368,0.2352801617596513,0.10018266998231411,0.259473691968169,0.9,1.0,0.5,1.0
427113,mscoco,0.20536202359944583,0.5492363558642659,0.299390409886837,0.594539696248966,0.3,1.0,0.5,1.0
504670,mscoco,0.07680359296500683,0.245423292233724,0.087847070209682,0.1812654241014487,0.0,0.0384615384615384,0.0,0.04
171656,mscoco,0.032833315711468455,0.08980328282045086,0.024705049372278153,0.09995787138368964,0.1,0.1428571428571428,0.1,1.0
337011,mscoco,0.027021534088999034,0.08738877333653522,0.016831926675513385,0.06413437739417054,0.0,0.0344827586206896,0.1,0.5
452031,mscoco,0.022370841773226856,0.09009662660451846,0.04199715619906783,0.12865647051393603,0.1,1.0,0.0,0.0769230769230769
59593,mscoco,0.2909195065498352,0.49472481158621684,0.2933018557727337,0.6982106788043243,0.3,0.3333333333333333,0.2,1.0
469894,mscoco,0.06323987990617752,0.14398542192766645,0.11745519898831844,0.27851636383151235,0.1,0.25,0.6,0.5
427688,mscoco,0.3838116742670536,0.32823185073389644,0.41101734563708303,0.6195685972991655,0.5,0.2,0.9,1.0
247394,mscoco,0.2745415776968002,0.47312900073780617,0.16178424935787916,0.32597816299313376,0.2,1.0,0.2,0.5
189197,mscoco,0.19156424142420292,0.3698630350919912,0.13105974793434144,0.35177902797927846,0.0,0.024390243902439,0.0,0.0769230769230769
293218,mscoco,0.19633394852280617,0.39688907926355144,0.19671059623360634,0.5598304417260971,0.1,0.25,0.5,1.0
563257,mscoco,0.29916078597307205,0.5391888621552359,0.2795684188604355,0.572989842337914,0.0,0.0285714285714285,0.1,0.1
188556,mscoco,0.0747728256508708,0.243410556898318,0.09906384088099003,0.33508636280273146,0.4,1.0,0.6,0.5
544348,mscoco,0.1398885004222393,0.3957219639571668,0.10403973758220672,0.35509065641933907,0.1,1.0,0.1,1.0
492817,mscoco,0.22392595708370208,0.4138025367634248,0.19712398275732995,0.32291410572689205,0.5,1.0,0.2,0.3333333333333333
5614,mscoco,0.08279902618378401,0.1669283654074481,0.15593683645129203,0.34471916595580643,0.1,0.1666666666666666,0.6,1.0
58250,mscoco,0.06258089710026979,0.2051365084710952,0.07051381021738053,0.324004300149722,0.0,0.0212765957446808,0.1,1.0
110348,mscoco,0.1684558155015111,0.3885469757801746,0.183161299303174,0.4462815154422318,0.8,1.0,0.9,1.0
502179,mscoco,0.1625152960419655,0.241899067597262,0.194453264772892,0.34326457661346094,0.0,0.0476190476190476,0.0,0.0833333333333333
357948,mscoco,0.05652866780292243,0.3945885570873991,0.04865077612921596,0.22566479626016872,0.1,1.0,0.1,0.5
293081,mscoco,0.3164279580116272,0.41484736211324236,0.4780062556266785,0.767570837159278,0.3,0.5,0.6,0.5
531883,mscoco,0.04735637521371246,0.18636591704825012,0.06175888143479824,0.21962777494983562,0.2,1.0,0.2,1.0
241911,mscoco,0.0829089054837823,0.22429528101302212,0.1361346434801817,0.3429694274831139,0.1,0.1428571428571428,0.1,0.125
253480,mscoco,0.2925944566726685,0.4756965319707664,0.37435528784990313,0.7574911530457673,0.0,0.0588235294117647,0.3,0.5
7,drawbench,0.42411615774035455,0.8207561154249602,0.2125809870660305,0.3549371818953469,0.0,5.006257822277847e-05,0.0,0.0001886080724254
418853,mscoco,0.02401087461039424,0.08796411222438216,0.026101678609848022,0.10072776218275416,0.1,0.3333333333333333,0.1,1.0
476341,mscoco,0.11612031981348991,0.2486430512072705,0.15764492005109787,0.3143959084369078,0.0,0.0181818181818181,0.0,0.0013351134846461
92554,mscoco,0.13339584767818452,0.2354346395845578,0.12403142228722572,0.42236334915373974,0.1,0.5,0.3,1.0
186145,mscoco,0.2704198256134987,0.7080663951480473,0.3227964550256729,0.6077408679518094,0.2,0.1666666666666666,0.5,0.3333333333333333
323424,mscoco,0.07790479138493538,0.23106518931116643,0.12981183528900148,0.28778749634058953,0.0,0.0357142857142857,0.2,0.1428571428571428
92670,mscoco,0.19220344349741936,0.3666673388416732,0.16208498254418374,0.4480341232930366,0.2,0.5,0.2,0.5
436333,mscoco,0.24260967429727315,0.4396026063790708,0.23983522318303585,0.4495273208818222,0.0,0.0285714285714285,0.1,0.5
25748,mscoco,0.0999135583639145,0.21113705069236213,0.1197437509894371,0.319344683050117,0.0,0.0666666666666666,0.1,1.0
437156,mscoco,0.15155157037079334,0.38384571015146995,0.2142563059926033,0.5421667939273463,0.5,1.0,1.0,1.0
40361,mscoco,0.24197687581181526,0.5426825566689691,0.3504462316632271,0.4379883694026711,0.1,0.125,0.4,0.3333333333333333
190,drawbench,0.02084821192547679,0.06667723615226812,0.021154206106439234,0.09644179985329866,0.0,0.0,0.0,0.0
477988,mscoco,0.1455521110445261,0.4395515169431666,0.12623485531657935,0.45234088101945974,0.2,1.0,0.2,1.0
108238,mscoco,0.09775695707648993,0.24072199224474022,0.17178711220622062,0.6379326021517374,0.0,0.03125,0.1,1.0
397575,mscoco,0.12312009781599045,0.3066966669085271,0.10573161095380783,0.31460096170921925,0.0,0.0192307692307692,0.1,1.0
442667,mscoco,0.11486769840121269,0.28253309463337034,0.20187973082065583,0.3704886034903921,0.0,0.0212765957446808,0.4,0.5
362839,mscoco,0.02624589470215142,0.11448548683445427,0.029962962865829466,0.1270864645270904,0.1,1.0,0.1,1.0
375004,mscoco,0.09344120416790247,0.221852607022539,0.09745250036939979,0.2775481236399937,0.1,0.5,0.1,1.0
409949,mscoco,0.3526075169444084,0.6530591297067165,0.3677153140306473,0.5599825952601367,0.4,1.0,0.6,1.0
549532,mscoco,0.48397341668605803,0.575266544573676,0.5208124816417694,0.6412666522897934,0.5,0.3333333333333333,0.2,0.1111111111111111
434511,mscoco,0.08688844349235296,0.45506315099038536,0.14202931821346282,0.5077484665879222,0.1,1.0,0.1,1.0
33481,mscoco,0.03114781747572124,0.10064164324622304,0.040596612729132175,0.1228344173057397,0.3,1.0,0.2,1.0
306232,mscoco,0.10241492912173271,0.2669239905724059,0.09733873158693314,0.2577489305845894,0.0,0.0222222222222222,0.0,0.0769230769230769
154119,mscoco,0.09630970768630505,0.22662543082169234,0.13478451780974865,0.38449623261392174,0.4,0.3333333333333333,0.6,1.0
525467,mscoco,0.1218106247484684,0.3547064619812668,0.19886828437447548,0.3084739031331469,0.3,1.0,0.3,1.0
494360,mscoco,0.1291596930474043,0.3677051871122141,0.08319404143840074,0.22624867530804105,0.1,0.5,0.1,0.125
223574,mscoco,0.05422215666621923,0.13729337904978917,0.07920844778418541,0.18657764811815208,0.1,0.5,0.1,1.0
347113,mscoco,0.09817821644246578,0.2668509155242952,0.08739332295954227,0.21321970290382056,0.0,0.0014903129657228,0.0,0.0833333333333333
25697,mscoco,0.3484986811876297,0.5240168779997804,0.35132644772529603,0.5078225692390214,0.8,1.0,0.7,1.0
198978,mscoco,0.05530588794499636,0.1744880661893427,0.1261663619428873,0.3289417883453281,0.0,0.0666666666666666,0.3,0.25
172776,mscoco,0.20853763446211815,0.35246697671291227,0.38538915365934373,0.4956440835443082,0.2,0.25,0.7,0.25
59515,mscoco,0.031058561988174915,0.10207392185409528,0.09664721488952636,0.4236609923676309,0.0,0.0055555555555555,0.0,0.0017391304347826
35715,mscoco,0.06465252004563808,0.20698055330892212,0.05455950610339642,0.16248942052804025,0.0,0.05,0.1,1.0
386777,mscoco,0.11564594367519021,0.39922211853238015,0.06536653451621532,0.20197522938168824,0.2,1.0,0.1,0.1428571428571428
527342,mscoco,0.07678993353620171,0.19552099165430886,0.08093990227207541,0.23313026766554698,0.1,0.3333333333333333,0.1,1.0
408838,mscoco,0.29982313569635155,0.6753005721847781,0.3235841695219278,0.5342495540430424,0.1,0.1666666666666666,0.0,0.02
53744,mscoco,0.022132270876318215,0.10381971187537917,0.05431095063686371,0.17079595401016456,0.1,1.0,0.8,1.0
218960,mscoco,0.1533331610262394,0.4553715947730571,0.16868611425161362,0.44147327368249245,0.2,1.0,0.3,1.0
404367,mscoco,0.322847680747509,0.493490517505525,0.4618771880865097,0.6110009781501777,0.4,0.3333333333333333,0.5,1.0
500071,mscoco,0.015445964224636555,0.061325502194145017,0.022203630208969115,0.09073924533505699,0.0,0.009090909090909,0.1,1.0
74331,mscoco,0.21530352979898454,0.5342198346675902,0.21334605365991594,0.5557242198768443,0.2,1.0,0.1,1.0
47652,mscoco,0.0920289248228073,0.22297837750080118,0.11463943757116794,0.23564823137147603,0.0,0.0714285714285714,0.6,1.0
299154,mscoco,0.04250114858150482,0.14324234257520962,0.04798088800162077,0.1327210773487024,0.1,0.1666666666666666,0.2,0.5
499004,mscoco,0.1848108008503914,0.5139959933223339,0.16202142871916295,0.44372786502799844,0.1,0.2,0.3,0.25
13471,mscoco,0.1752104964107275,0.4077680501784043,0.2101682908833027,0.42156034680786003,0.3,1.0,0.6,1.0
280810,mscoco,0.05648708436638117,0.16231318251233937,0.08078030683100224,0.22255247076006182,0.2,0.5,0.1,0.3333333333333333
322008,mscoco,0.047777939774096015,0.16466438803500213,0.11558915637433528,0.27375025572543515,0.1,0.1428571428571428,0.0,0.0909090909090909
108871,mscoco,0.06662397850304842,0.19908185285637728,0.06986255701631308,0.26985703435952396,0.1,0.5,0.1,1.0
509626,mscoco,0.11827197037637234,0.3097407728629503,0.10044456413015723,0.24065942603734572,0.1,0.2,0.0,0.0014492753623188
105853,mscoco,0.25030618980526925,0.5248093101659689,0.2278461255133152,0.5043382818631138,0.0,0.024390243902439,0.3,1.0
478320,mscoco,0.11676375940442085,0.30043305852149943,0.11045611500740052,0.28102458985449746,0.5,1.0,0.2,1.0
517632,mscoco,0.24270427227020264,0.7286160589680137,0.22639089077711105,0.7468977377936943,0.2,1.0,0.2,1.0
194105,mscoco,0.16100991889834404,0.3459947411474532,0.15078877434134483,0.33190012009332837,0.0,0.032258064516129,0.0,0.0227272727272727
323208,mscoco,0.16331768557429313,0.377914600510656,0.1612467911094427,0.37613614537979095,0.1,0.25,0.1,0.3333333333333333
116,drawbench,0.3272230505943298,0.4542495990927621,0.3058917760848999,0.6742518720540378,0.0,0.0,0.0,0.0
246746,mscoco,0.1410524807870388,0.30457757824994564,0.22931901216506959,0.38295585891655753,0.0,0.0052356020942408,0.2,0.25
243292,mscoco,0.10437170900404454,0.25129213896926544,0.1688940219581127,0.3462177604828377,0.2,0.5,0.3,0.5
125,drawbench,0.18480993583798408,0.3197900422788632,0.16408727392554284,0.3480230897635964,0.0,0.0,0.0,0.0
392363,mscoco,0.16788213811814784,0.2655157831627168,0.21831419840455055,0.48780385088157213,0.0,0.0714285714285714,0.1,0.2
6107,mscoco,0.1448918029665947,0.2755923759371214,0.2057153031229973,0.38133033523652643,0.1,0.1666666666666666,0.3,0.5
279605,mscoco,0.07409377992153168,0.1938687759545708,0.18326359651982785,0.3818684675666346,0.3,0.25,0.3,0.2
518199,mscoco,0.042409003246575594,0.1730206046125627,0.02996613597497344,0.10712756284550037,0.0,0.05,0.0,0.0909090909090909
516990,mscoco,0.47369870394468305,0.638412521644941,0.5457150131464005,0.6725810254246173,0.7,1.0,0.8,1.0
474504,mscoco,0.14524796232581139,0.30163084782388927,0.2668974980711937,0.4953053757826737,0.0,0.0454545454545454,0.1,0.5
323788,mscoco,0.37969607263803484,0.7214079142542602,0.4117122657597065,0.4521113296835056,0.6,1.0,0.6,1.0
210136,mscoco,0.2970981940627098,0.5055812504780683,0.262851245701313,0.5115750849088838,0.3,0.2,0.1,0.3333333333333333
450558,mscoco,0.0683616328984499,0.2226101993106064,0.08558937460184098,0.2486034130544789,0.0,0.0588235294117647,0.2,0.3333333333333333
542178,mscoco,0.04530589040368795,0.1336404227343366,0.0484735453967005,0.14467779731735267,0.0,0.0076923076923076,0.0,0.0909090909090909
59525,mscoco,0.15672677829861642,0.29862855148844164,0.16515156030654907,0.3815488730104341,0.0,0.0454545454545454,0.2,0.1666666666666666
50201,mscoco,0.19000412672758102,0.42066045442314787,0.10902400203049183,0.40091038378045035,0.1,1.0,0.1,1.0
311629,mscoco,0.19690556675195695,0.3869356787084689,0.24441105499863625,0.4493380225889497,0.2,1.0,0.2,1.0
151594,mscoco,0.1066505329683423,0.2499646085536758,0.14738909378647805,0.28348664675777935,0.4,0.5,0.6,1.0
305545,mscoco,0.02556379744783044,0.15855887398070417,0.03160794470459223,0.16739242595455997,0.1,1.0,0.1,1.0
162393,mscoco,0.2182117760181427,0.5665751292963565,0.2898770049214363,0.6303111635679014,0.2,1.0,0.2,1.0
297967,mscoco,0.11076047308743,0.23982681516991738,0.15897761881351472,0.4312437398531707,0.1,0.1428571428571428,0.1,1.0
237833,mscoco,0.025972995441406965,0.0914890827145345,0.02124899737536907,0.06843865524975942,0.0,0.0181818181818181,0.0,0.0049504950495049
234274,mscoco,0.03769742473959923,0.12059833805635697,0.03382824948057532,0.11121677767880472,0.1,0.5,0.1,0.2
111742,mscoco,0.13016188945621252,0.2867816728938351,0.13577225469052792,0.29520954083003953,0.5,1.0,0.4,1.0
109061,mscoco,0.2106953479349613,0.5431182402108178,0.18565490655601025,0.5039079975329664,0.1,1.0,0.1,1.0
190035,mscoco,0.18926567137241362,0.36322993413937443,0.20441892072558404,0.4977129121660004,0.2,0.25,0.1,1.0
62995,mscoco,0.029460073821246623,0.1239098336312626,0.03141651377081871,0.10821485816369944,0.1,1.0,0.1,0.3333333333333333
285484,mscoco,0.08399767614901066,0.19849596103071243,0.06348592173308135,0.19789437642385801,0.0,0.0185185185185185,0.0,0.05
36850,mscoco,0.14974344074726104,0.3274329167469091,0.18201483339071273,0.34688914546388283,0.2,0.5,0.3,1.0
110324,mscoco,0.12861652970314025,0.268228849825671,0.11288601420819759,0.29248066522266025,0.1,0.5,0.0,0.0909090909090909
388566,mscoco,0.31258648484945295,0.7626168742022131,0.2829618126153946,0.6719488739641231,0.7,1.0,1.0,1.0
74466,mscoco,0.1062230035662651,0.2246971893334703,0.08856483455747366,0.4650195576107605,0.1,0.1111111111111111,0.1,1.0
358438,mscoco,0.12472606934607029,0.40952621956035457,0.11205351911485195,0.1953869271440831,0.1,0.25,0.1,0.3333333333333333
302137,mscoco,0.19092918559908867,0.3822195688968654,0.2504628196358681,0.5179857698228657,0.2,0.3333333333333333,0.4,0.25
144,drawbench,0.06821616813540458,0.20095277460762803,0.039545553550124166,0.11403454565806444,0.0,0.0,0.0,0.0
404766,mscoco,0.39965547770261767,0.705482314212709,0.5276994541287422,0.7794756240499453,0.3,0.5,0.3,0.3333333333333333
322937,mscoco,0.29762088805437087,0.44661592778843767,0.40299390256404877,0.5355446540133275,0.4,1.0,0.9,1.0
245902,mscoco,0.06385062504559755,0.15870656400392522,0.09867216683924199,0.21655844887012055,0.0,0.0222222222222222,0.0,0.0833333333333333
27528,mscoco,0.16180955562740565,0.2704024746904351,0.18621006682515145,0.2913924467184842,0.6,1.0,0.8,1.0
254392,mscoco,0.08187411613762378,0.2931485461790329,0.07868970576673746,0.2930663127901797,0.2,1.0,0.2,1.0
34827,mscoco,0.42866852283477785,0.7708458210039186,0.46867907643318174,0.6271600477363062,0.9,1.0,1.0,1.0
291752,mscoco,0.5716030433773994,0.6795654597960271,0.658134126663208,0.7642099241466388,0.9,1.0,1.0,1.0
126895,mscoco,0.09568734876811505,0.22026789819143547,0.17495571598410606,0.40302589717389065,0.0,0.0833333333333333,0.3,1.0
312316,mscoco,0.12220392972230912,0.30359274602149267,0.20874851942062378,0.5885104459679584,0.0,0.0769230769230769,0.4,1.0
439657,mscoco,0.09997053630650043,0.2953620714180654,0.1491525799036026,0.32217953623583845,0.2,1.0,0.2,1.0
438446,mscoco,0.20827030390501022,0.4837094999372482,0.25848827678710223,0.5626223253181136,0.5,0.5,0.7,1.0
470932,mscoco,0.05449187913909555,0.1572242220903773,0.05428803348913789,0.1387935835535355,0.2,0.1428571428571428,0.5,0.5
500829,mscoco,0.05014763660728931,0.16323185180323385,0.048914038389921186,0.13594610249444494,0.5,1.0,0.7,0.5
53550,mscoco,0.07690433952957391,0.2737274791375974,0.08976165149360896,0.2714007588734784,0.1,1.0,0.2,1.0
395340,mscoco,0.14489070139825344,0.3707415500898679,0.13563356995582582,0.29402416184317315,0.1,0.1666666666666666,0.1,0.5
257983,mscoco,0.572482806444168,0.7503347884356071,0.6485991597175598,0.761091611032469,0.4,1.0,0.7,0.5
573052,mscoco,0.0861425030976534,0.2677221632745982,0.0661007328890264,0.18243553814904634,0.1,0.5,0.2,0.1666666666666666
475457,mscoco,0.06642629392445087,0.18418446484447892,0.08797106817364693,0.2443031164027769,0.0,0.0588235294117647,0.2,0.1428571428571428
75,drawbench,0.14126560725271703,0.2844343761748002,0.18821833059191703,0.38483027572883416,0.0,0.0833333333333333,0.1,1.0
11288,mscoco,0.2984696164727211,0.5168017438254373,0.36901754438877105,0.6813936956986759,0.0,0.0909090909090909,0.3,1.0
276852,mscoco,0.09683891236782075,0.25200220457276573,0.11455010175704956,0.35752859683587124,0.0,0.0303030303030303,0.1,1.0
557780,mscoco,0.1699382483959198,0.48405548376523877,0.1529691729694605,0.4937170497992543,0.2,1.0,0.2,1.0
363165,mscoco,0.1476205214858055,0.27160818658453106,0.1697078550234437,0.5002100549140415,0.1,0.2,0.4,1.0
541880,mscoco,0.4629836231470108,0.5782767605133744,0.45318312644958497,0.7450715002863585,0.7,0.5,0.7,1.0
313526,mscoco,0.03586631016805768,0.15943235483933568,0.03402863327646628,0.16197270427206586,0.1,0.5,0.2,1.0
214055,mscoco,0.1796717517077923,0.3581964677873207,0.3004283636808395,0.5023178390000198,0.0,0.0625,0.1,0.125
458675,mscoco,0.0968060914427042,0.19188303286314565,0.20079701393842697,0.5039141087000613,0.0,0.0294117647058823,0.4,0.3333333333333333
175277,mscoco,0.03690717071294784,0.09834468734305941,0.05402976721525192,0.1779898226173269,0.2,0.3333333333333333,0.5,1.0
295076,mscoco,0.24735861215740443,0.4592973772290826,0.2560184821486473,0.4753118989034028,0.4,1.0,0.5,1.0
63075,mscoco,0.4399398162961006,0.6576565436280687,0.5849930413067341,0.7032409884660261,0.4,1.0,0.8,0.5
533159,mscoco,0.252583509683609,0.3699840756760978,0.4155041515827179,0.595836726288267,0.6,0.25,0.8,0.5
292810,mscoco,0.11562235727906227,0.27808398381967736,0.1436810689046979,0.3505863362321681,0.1,0.2,0.1,1.0
333978,mscoco,0.4103551723062992,0.6341237914414888,0.5139352917671204,0.5580431203444435,0.6,1.0,0.8,0.5
487264,mscoco,0.2770711317658424,0.525858666956183,0.3027007892727852,0.5148132392312235,0.1,1.0,0.4,1.0
429074,mscoco,0.1236665416508913,0.27545503132591653,0.21503516435623168,0.40931457651013137,0.2,0.3333333333333333,0.1,0.1
39789,mscoco,0.018994209310039877,0.08121615573100623,0.018427452398464085,0.056818554611829726,0.1,0.5,0.0,0.05
429353,mscoco,0.06656959932297468,0.14717153249246673,0.05596340792253614,0.1736853430368222,0.3,1.0,0.4,1.0
110683,mscoco,0.07466765101999044,0.2235191025537115,0.11923325210809707,0.3219048926625957,0.0,0.04,0.0,0.0175438596491228
4132,mscoco,0.1430029794573784,0.33201061327381753,0.14547887742519378,0.34759312243578844,0.2,0.1666666666666666,0.1,1.0
278134,mscoco,0.06258387845009565,0.2637994883319512,0.06152147799730301,0.13579753131418712,0.1,1.0,0.0,0.0034722222222222
238709,mscoco,0.061500540981069204,0.13366715453638092,0.1266397289931774,0.2992022161026777,0.1,0.1111111111111111,0.6,1.0
485300,mscoco,0.008898445963859558,0.03318813969842267,0.010703785973601044,0.026244627387687684,0.0,0.0769230769230769,0.1,0.25
296620,mscoco,0.05476274499669671,0.22995957664817912,0.027664665039628743,0.0883758918550492,0.0,0.0454545454545454,0.0,0.0142857142857142
193077,mscoco,0.02257643062621355,0.09504954014762176,0.022522162087261675,0.08270987460831956,0.0,0.05,0.2,0.5
103,drawbench,0.005343868059571833,0.016723606522488155,0.005021948466310278,0.02701186027645111,0.0,0.0,0.0,0.0
310749,mscoco,0.18590906709432603,0.33287071309606875,0.20816484540700914,0.46630228213002245,0.2,0.5,0.3,1.0
293864,mscoco,0.3166200384497643,0.5966936829611267,0.4519791930913925,0.5761749410625358,0.3,0.5,0.5,1.0
493806,mscoco,0.22720650359988212,0.4684201333554721,0.22337410673499108,0.5296603466600173,0.2,1.0,0.4,0.5
39535,mscoco,0.21235228329896927,0.3642780062484692,0.22510697990655898,0.4420257801985488,0.0,0.04,0.0,0.0526315789473684
481252,mscoco,0.10500560514628887,0.21174269486544567,0.14838701486587524,0.30839324155526854,0.2,1.0,0.1,0.5
522535,mscoco,0.14954186864197255,0.33141830495017083,0.26498894244432447,0.48514481546283417,0.0,0.0434782608695652,0.0,0.0476190476190476
482765,mscoco,0.2888377010822296,0.5025949949765608,0.24343150332570077,0.6583867687293758,0.1,0.1666666666666666,0.0,0.0769230769230769
81954,mscoco,0.05849427618086338,0.13876796759710364,0.07905364306643606,0.22069023625371834,0.1,0.2,0.1,0.5
333124,mscoco,0.07536096507683396,0.3458634492447159,0.08740114318206907,0.3002254283555668,0.2,1.0,0.2,1.0
529258,mscoco,0.0749600000679493,0.19714164231799625,0.057024727948009966,0.13379864611793496,0.0,0.0142857142857142,0.1,0.25
2567,mscoco,0.17005402464419603,0.45783592466756207,0.3435197979211807,0.5270550034621759,0.1,1.0,0.6,0.5
53803,mscoco,0.08325834944844246,0.23793849211248452,0.06182647552341223,0.16329342511737083,0.1,0.5,0.1,0.1111111111111111
172351,mscoco,0.15069226138293743,0.3641952172393668,0.2898674666881561,0.38513287216523245,0.2,0.5,0.4,0.5
311251,mscoco,0.32788956314325335,0.5740821855069803,0.4291309893131256,0.7306438405799652,0.2,1.0,0.5,1.0
356869,mscoco,0.08688226230442524,0.21160644238267062,0.18484623432159425,0.284302614212099,0.1,0.2,0.0,0.0068965517241379
203406,mscoco,0.6201850503683091,0.6743160239353799,0.669344112277031,0.9081515290248087,0.9,1.0,0.9,1.0
119870,mscoco,0.2678522914648056,0.3926278947865219,0.3686557412147522,0.588520767946962,0.1,0.1428571428571428,0.2,0.5
442125,mscoco,0.06003380492329598,0.15111844678610978,0.06553796017542482,0.16227108421400727,0.1,0.3333333333333333,0.3,1.0
530619,mscoco,0.17721501514315605,0.44991236181762295,0.20268629491329193,0.3883404661014107,0.6,1.0,0.8,1.0
73196,mscoco,0.14542958699166775,0.32085989285262967,0.10036580376327038,0.23250154547967222,0.1,0.5,0.0,0.0303030303030303
507714,mscoco,0.06392299383878708,0.22997475935256437,0.1185852725058794,0.27943379893485676,0.0,0.0072992700729927,0.0,0.0416666666666666
376144,mscoco,0.013096579676494002,0.056354732080836335,0.0211368172429502,0.06397425869142921,0.3,1.0,0.5,1.0
211063,mscoco,0.03528199084103108,0.16630014986088826,0.05428474508225918,0.15504829370243806,0.1,1.0,0.1,0.3333333333333333
436799,mscoco,0.11747994124889374,0.2335190344959664,0.12490868959575892,0.305903829143552,0.1,0.3333333333333333,0.2,0.5
204256,mscoco,0.043786924611777064,0.1407898167114426,0.03941469653509557,0.1403033927544165,0.0,0.0714285714285714,0.1,1.0
314048,mscoco,0.0748835664242506,0.16214436326102238,0.10293686110526323,0.23930007529787378,0.2,1.0,0.3,1.0
447009,mscoco,0.15307715125381946,0.28665303539957293,0.12197150215506554,0.3605058904655931,0.1,0.1,0.2,1.0
455079,mscoco,0.3611453965306282,0.7334478476292958,0.3972310870885849,0.5113090566949472,0.2,1.0,0.3,0.5
157617,mscoco,0.15441994965076447,0.39082108882381217,0.23931993395090104,0.4258653374423093,0.2,0.5,0.1,0.25
546877,mscoco,0.44320095181465147,0.5329683842833614,0.5125190615653992,0.749944950583601,0.1,0.2,0.7,1.0
41392,mscoco,0.03288068557158112,0.10054295281642911,0.04439331814646721,0.11426275002297018,0.1,1.0,0.1,1.0
556462,mscoco,0.13846968226134776,0.2971578009072795,0.178013813495636,0.32136219891359596,0.6,0.5,0.4,1.0
80053,mscoco,0.10295829735696316,0.2714395637028754,0.2850128099322319,0.46832182431569025,0.0,0.0714285714285714,0.7,0.5
553304,mscoco,0.08549788892269135,0.25322679706545753,0.09332945048809052,0.275568950842215,0.1,0.2,0.1,1.0
102,drawbench,0.0373337022960186,0.1237372530711559,0.06527729351073504,0.13806880445674852,0.0,0.0,0.0,0.0
463168,mscoco,0.08652259055525065,0.23517206580100075,0.07809418663382531,0.2358689618188092,0.1,0.5,0.1,0.3333333333333333
398463,mscoco,0.10250723548233509,0.2226403168979669,0.15659577772021294,0.44690855141756386,0.1,0.3333333333333333,0.5,1.0
454916,mscoco,0.15464296229183674,0.3030010362397775,0.20371144860982895,0.2947111565743744,0.0,0.0625,0.1,0.125
317022,mscoco,0.07777133882045746,0.2193046823619956,0.08270955607295036,0.2150358609588654,0.0,0.0476190476190476,0.1,0.1111111111111111
61943,mscoco,0.3010681949555874,0.6030876572984389,0.24215657413005828,0.3325563465996805,0.0,0.0099009900990099,0.0,0.0833333333333333
543521,mscoco,0.12163401655852794,0.2821499329430532,0.07989201098680496,0.22167785460100756,0.1,1.0,0.1,1.0
509490,mscoco,0.026190698659047485,0.07596628119909205,0.03380145137198269,0.10117968187865853,0.0,0.0208333333333333,0.1,1.0
413970,mscoco,0.0037720133317634464,0.014946657664022906,0.005133858299814165,0.017938625730942365,0.0,0.0263157894736842,0.0,0.0833333333333333
67331,mscoco,0.0861890654079616,0.25679539633398357,0.17878535836935044,0.6399760347693784,0.1,0.3333333333333333,0.1,1.0
230669,mscoco,0.20882274098694326,0.4877171134440399,0.2813631184399128,0.6913833169511704,0.3,0.25,0.1,0.1428571428571428
487266,mscoco,0.1794351190328598,0.4051357092710061,0.1852215200662613,0.42073908282759576,0.5,1.0,0.8,1.0
525024,mscoco,0.13340745121240616,0.29929971648678827,0.11880128607153892,0.24949785231004495,0.2,0.3333333333333333,0.6,1.0
14257,mscoco,0.03308830317109823,0.10580075605305951,0.062302490789443256,0.1826270822097075,0.1,1.0,0.1,0.1
478240,mscoco,0.11600780300796032,0.26666508819125934,0.10832590833306313,0.24045575184139598,0.2,0.3333333333333333,0.0,0.0344827586206896
7211,mscoco,0.014922858867794275,0.06479101102448483,0.010827977547887713,0.038216294893117723,0.3,1.0,0.2,0.3333333333333333
23250,mscoco,0.19842945784330368,0.2604852087449415,0.2941769041121006,0.5630679497360327,0.1,0.1,0.5,1.0
3590,mscoco,0.4086979001760483,0.6605917044720023,0.5110730558633805,0.6486599451014495,0.7,1.0,1.0,1.0
580511,mscoco,0.2702337563037872,0.5644058177825716,0.3686218708753586,0.5858367077891858,0.2,1.0,0.7,1.0
40658,mscoco,0.07353993225842714,0.35947390908362603,0.11754408404231072,0.4246454402639089,0.1,1.0,0.1,1.0
322350,mscoco,0.13286580704152584,0.2621968568198635,0.1607873372733593,0.3214384246223836,0.2,1.0,0.1,1.0
125635,mscoco,0.3164135828614235,0.5353064610219144,0.33325669169425964,0.6620734379064127,0.5,0.25,0.6,1.0
283631,mscoco,0.12204785123467446,0.3108183172876379,0.12713528536260127,0.31459802251017266,0.1,0.5,0.3,0.5
528729,mscoco,0.025462310202419756,0.12835519155195327,0.0457905444316566,0.16637946462565567,0.1,1.0,0.1,1.0
167021,mscoco,0.16566074900329114,0.38236299746582997,0.23171696960926055,0.42136809205656706,0.2,0.2,0.5,0.2
140100,mscoco,0.16483436059206724,0.2277066252271003,0.31792158633470535,0.5129413663742902,0.1,0.25,0.2,0.5
252213,mscoco,0.10423569083213806,0.2653743561309774,0.06646133735775947,0.19854105528850371,0.1,0.25,0.1,0.2
501364,mscoco,0.21429394111037253,0.49891481832784124,0.3450113356113434,0.5002385228940027,0.5,1.0,0.8,1.0
580390,mscoco,0.02822271562181413,0.12567501293173397,0.03223571376875043,0.12761123791377552,0.1,1.0,0.1,1.0
463859,mscoco,0.06986524043604732,0.27268999084412326,0.06119986725971103,0.2461850467008051,0.1,1.0,0.1,1.0
391657,mscoco,0.22299085557460785,0.4906585614217752,0.2678675025701523,0.4789952431710013,0.1,0.1111111111111111,0.6,0.3333333333333333
391415,mscoco,0.04719754476100206,0.12938141801257844,0.05767314452677965,0.18811765091463864,0.0,0.0123456790123456,0.1,1.0
333099,mscoco,0.03148928731679916,0.09873320765174697,0.04231600910425186,0.12778221091500094,0.1,0.5,0.1,0.2
405574,mscoco,0.006267656153067946,0.021910529245600843,0.01237588447984308,0.05835602980321402,0.0,0.0140845070422535,0.1,1.0
575823,mscoco,0.042496095225214955,0.12406677345719845,0.04958203788846731,0.16433169774260242,0.0,0.0023923444976076,0.0,0.0222222222222222
57088,mscoco,0.22867597527801992,0.49499456413211934,0.27580931782722473,0.5106973623345213,0.1,0.1428571428571428,0.2,0.3333333333333333
226957,mscoco,0.0682859156280756,0.15410327514692967,0.044250259175896645,0.1259317860093816,0.1,1.0,0.1,0.25
184329,mscoco,0.23359625339508056,0.4685348356475825,0.19557629376649857,0.37171909496740285,0.0,0.0104166666666666,0.0,0.0043103448275862
550324,mscoco,0.43192484229803085,0.39349282732349505,0.6122836768627167,0.748393606316191,0.6,0.25,1.0,1.0
575174,mscoco,0.2426886610686779,0.468498126745976,0.2225099563598633,0.43243823443450624,0.1,1.0,0.3,0.25
24380,mscoco,0.15114513486623765,0.38576477971321416,0.14243081770837307,0.31804082159501484,0.4,0.3333333333333333,0.2,0.3333333333333333
506394,mscoco,0.24426415003836155,0.37871208307471815,0.2369709111750126,0.3838737428773781,0.5,0.5,0.9,1.0
195463,mscoco,0.2328108109533787,0.5142419525817931,0.2662713825702667,0.5231351972524132,0.2,1.0,0.3,1.0
308892,mscoco,0.04694817145355046,0.16498004202735647,0.05094275902956724,0.1581403119587083,0.0,0.0588235294117647,0.1,0.5
361913,mscoco,0.10754774138331413,0.21051674057882044,0.16034209579229355,0.27175541706256173,0.1,0.1111111111111111,0.1,0.3333333333333333
293532,mscoco,0.12229839041829109,0.2786453086117867,0.13018644601106644,0.31961478837803164,0.4,0.3333333333333333,0.6,1.0
338118,mscoco,0.048568120272830126,0.18445724134062602,0.04873189851641655,0.20686537096176566,0.1,1.0,0.1,1.0
521250,mscoco,0.12894058804959058,0.3264388363359343,0.18995142094790934,0.47155739389747847,0.2,0.5,0.2,0.25
85353,mscoco,0.03838643999770284,0.17039073899624194,0.011114194593392312,0.04128294028570193,0.2,1.0,0.0,0.0666666666666666
35951,mscoco,0.012235445412807166,0.035504877678201555,0.019147822633385658,0.07703232593799016,0.0,0.009090909090909,0.1,0.1666666666666666
16764,mscoco,0.05996271315962076,0.15762055812265505,0.10027090087532997,0.25375714849955056,0.0,0.0434782608695652,0.2,1.0
397427,mscoco,0.10543373422697186,0.33764479754747906,0.09530785121023655,0.2710958544835297,0.1,1.0,0.1,0.5
515561,mscoco,0.0433698832988739,0.1180306972457465,0.062130944430828096,0.19036474502110934,0.0,0.037037037037037,0.1,1.0
366829,mscoco,0.06350122559815645,0.18470597481188913,0.07738936003297567,0.23586653519327286,0.0,0.0131578947368421,0.1,0.5
432410,mscoco,0.41026186347007754,0.5875728073123193,0.5476103633642196,0.6042624327856952,0.0,0.0666666666666666,0.2,0.1428571428571428
61972,mscoco,0.03532897084951401,0.13896105949237597,0.036664980743080375,0.13338711120250618,0.1,1.0,0.1,1.0
499054,mscoco,0.1422216948121786,0.3094710519404427,0.10601999163627625,0.33532038829129807,0.1,0.1,0.4,1.0
569021,mscoco,0.02403472885489464,0.07606558534079239,0.02587572271004319,0.10056975363175125,0.1,0.5,0.0,0.0909090909090909
9029,mscoco,0.10796517580747604,0.41237228317675384,0.14871034808456898,0.4249445235400425,0.3,1.0,0.4,1.0
18373,mscoco,0.39288565069437026,0.6072375793668361,0.5435461059212685,0.7112747125252763,0.7,1.0,0.9,1.0
336001,mscoco,0.11128188688308001,0.3780361937620038,0.1228678934276104,0.34778178406391513,0.2,0.25,0.4,0.3333333333333333
461475,mscoco,0.03953370153903961,0.11561126048791918,0.026258362177759408,0.07774526384465451,0.0,0.0285714285714285,0.2,0.5
388841,mscoco,0.18198100291192532,0.44271696424849316,0.21528373584151267,0.46532797880018384,0.5,0.3333333333333333,0.4,1.0
284940,mscoco,0.09407892189919949,0.20855336289767742,0.145642426609993,0.27719461462199046,0.1,0.5,0.4,0.5
394759,mscoco,0.12463439553976059,0.2531912402311274,0.08888320215046405,0.21592610594575828,0.5,0.5,0.3,1.0
358411,mscoco,0.05122268963605166,0.19346003236514603,0.08040114771574736,0.20294271439682043,0.2,0.5,0.5,1.0
284421,mscoco,0.11832626610994339,0.23057408370843072,0.1096723087131977,0.2983406471107918,0.6,1.0,0.2,0.3333333333333333
237716,mscoco,0.0879635600373149,0.2975735152384525,0.07885077372193336,0.23228116042821217,0.2,0.5,0.2,1.0
167520,mscoco,0.039447738137096164,0.12036932105041177,0.015042949121561833,0.061138019672857695,0.1,0.2,0.1,0.5
568611,mscoco,0.14712880551815033,0.2947354135801693,0.15873341336846353,0.41802541541839067,0.4,0.25,0.5,0.5
159356,mscoco,0.32636761367321016,0.48626269194737004,0.28482744842767715,0.5087910674814322,0.1,0.5,0.1,0.2
301261,mscoco,0.03802719563245773,0.13751594022646432,0.09940541107207537,0.3088627727474901,0.0,0.0625,0.0,0.037037037037037
113787,mscoco,0.04029534365981817,0.13646602215266898,0.03771268893033266,0.12628500881144972,0.1,0.125,0.1,0.1428571428571428
375809,mscoco,0.39161590933799745,0.5940629042003928,0.3540483593940735,0.43169156898339633,0.3,0.3333333333333333,0.4,0.3333333333333333
64460,mscoco,0.17767181042581798,0.4409787173308554,0.20307101607322692,0.4215376936136197,0.5,0.5,0.5,1.0
470799,mscoco,0.1703774318099022,0.3317713441433049,0.136549723893404,0.3122455482598789,0.4,1.0,0.5,1.0
382046,mscoco,0.12024217993021011,0.2660607485323092,0.22890757471323014,0.43089376396100976,0.0,0.0625,0.5,1.0
170974,mscoco,0.14152561575174333,0.3713654353454003,0.23106591999530793,0.4489173882488934,0.0,0.0303030303030303,0.3,0.25
562160,mscoco,0.14480855278670787,0.4520072920361475,0.09381396635435521,0.21834579682349403,0.1,1.0,0.1,0.25
562248,mscoco,0.15805551260709763,0.5148769288928833,0.1809374053031206,0.4084405181216706,0.2,1.0,0.3,1.0
96638,mscoco,0.11176559217274189,0.2371308374418248,0.3055808961391449,0.5066078035164516,0.2,0.25,0.6,1.0
164234,mscoco,0.3720233142375946,0.47599561027289194,0.30177548825740813,0.571537142261825,0.7,1.0,0.6,1.0
278962,mscoco,0.11321587134152651,0.33001857685723734,0.08140530493110418,0.23560749616192714,0.2,0.3333333333333333,0.4,1.0
553248,mscoco,0.05708072613924742,0.16298040484271648,0.04798301961272955,0.1475334871715753,0.2,0.5,0.1,0.5
523371,mscoco,0.07092531491070986,0.18941894210096494,0.09329646732658148,0.2746703990061675,0.1,0.2,0.2,1.0
141283,mscoco,0.0579810481518507,0.1793031838871096,0.08901523724198342,0.23809069836915847,0.0,0.0051020408163265,0.0,0.0033003300330033
320292,mscoco,0.2664642587304115,0.49961504462180567,0.20524051114916803,0.5157804819553037,0.5,1.0,0.7,1.0
269588,mscoco,0.06834540013223886,0.1559708680571842,0.12728193923830985,0.2542858606865206,0.1,0.2,0.5,1.0
113594,mscoco,0.05693975519388914,0.1818738674003414,0.0639567457139492,0.1617556670856819,0.0,0.0011627906976744,0.0,0.0038022813688212
349622,mscoco,0.15931903794407845,0.2845319829538332,0.2030053112655878,0.36535895054060863,0.1,0.1,0.3,0.3333333333333333
215226,mscoco,0.128642924875021,0.30046594491262457,0.12064108997583389,0.28079548662681936,0.1,0.5,0.1,0.5
78371,mscoco,0.04577134670689702,0.14736008893357078,0.059487086907029155,0.21633140838006967,0.0,0.024390243902439,0.0,0.0163934426229508
451972,mscoco,0.07039892999455333,0.3348431084849123,0.07464470714330673,0.21095094011899537,0.1,1.0,0.1,0.5
163,drawbench,0.022550745587795972,0.09375845230804099,0.02062753338832408,0.069521980873627,0.0,0.0,0.0,0.0
150360,mscoco,0.051658525317907336,0.15003688698103465,0.05810320945456624,0.16243767724384756,0.0,0.0178571428571428,0.2,1.0
138567,mscoco,0.03839462092146277,0.16258951449422382,0.05619396697729826,0.1546564239932567,0.0,0.0149253731343283,0.1,1.0
383220,mscoco,0.050486663728952406,0.20631140724649283,0.06251317113637925,0.21116245104368783,0.1,1.0,0.1,1.0
557272,mscoco,0.052009407244622705,0.15221718189975275,0.046784661896526816,0.15377288490271626,0.1,0.25,0.1,0.5
17073,mscoco,0.010542216268368066,0.05803676559632006,0.01301384603139013,0.06254365911860982,0.1,1.0,0.1,1.0
441083,mscoco,0.17535350397229194,0.30429300676174453,0.1649511270225048,0.30784679660059705,0.9,0.5,0.8,0.5
109750,mscoco,0.08038571663200855,0.22622100728811537,0.13375337794423103,0.3684419806128997,0.1,0.5,0.1,1.0
20279,mscoco,0.08416110400576145,0.2511263524691795,0.057952779647894206,0.17383168568405039,0.2,1.0,0.2,0.5
324845,mscoco,0.08235363774001599,0.2324552296718535,0.10939034782350063,0.2553831099230043,0.1,0.2,0.3,1.0
303520,mscoco,0.06610472202301025,0.15218042516235858,0.04043911611661315,0.12352042561246643,0.1,1.0,0.1,1.0
363136,mscoco,0.13806517161428927,0.2768308631765963,0.1319671433418989,0.35291536049077704,0.1,0.125,0.1,1.0
161622,mscoco,0.09038328789174557,0.26766142842383955,0.09443212002515793,0.22671774712987355,0.1,1.0,0.2,0.5
315242,mscoco,0.1328336626291275,0.4825649852594951,0.12645139768719674,0.30050211563315754,0.0,0.0222222222222222,0.1,1.0
418723,mscoco,0.053143902029842136,0.21294420081271112,0.055087014101445675,0.12007877031203146,0.1,1.0,0.1,0.1666666666666666
65440,mscoco,0.22575327157974243,0.45474581228579064,0.16862082332372666,0.4354491223896383,0.1,0.1111111111111111,0.0,0.0016
111907,mscoco,0.13482098802924156,0.23637492408824406,0.17820111140608788,0.49567797226173366,0.2,0.3333333333333333,0.4,1.0
465140,mscoco,0.13469609767198562,0.32233696632382647,0.13268203102052212,0.3191871398635491,0.1,0.5,0.1,0.5
21083,mscoco,0.05644840579479933,0.12942333422634297,0.0947777546942234,0.2829967267277072,0.1,0.1,0.1,0.2
200202,mscoco,0.11019981242716312,0.3047125584326605,0.20745711158961058,0.526294073950683,0.3,0.3333333333333333,0.7,1.0
215320,mscoco,0.034346261713653806,0.12829734075249263,0.06511287447065114,0.19607280826320908,0.0,0.0666666666666666,0.2,0.25
28978,mscoco,0.18886852040886878,0.38338899590963166,0.2045991376042366,0.4425513905373644,0.0,0.0769230769230769,0.4,1.0
281427,mscoco,0.04450406972318888,0.13919812740647197,0.08325748331844807,0.18456050569691893,0.0,0.0161290322580645,0.2,1.0
357663,mscoco,0.08583752736449242,0.2509845808020517,0.05939078405499458,0.23295438875544275,0.1,1.0,0.1,1.0
186171,mscoco,0.26053832545876504,0.45874086221330984,0.24385614544153214,0.5840732945853737,0.0,0.05,0.1,0.3333333333333333
386788,mscoco,0.19541381895542145,0.4285797613087369,0.13453218415379525,0.352384280296346,0.1,0.5,0.0,0.0909090909090909
492363,mscoco,0.04213452013209462,0.15706986260611028,0.036865010298788546,0.12905148317054604,0.1,1.0,0.1,1.0
486547,mscoco,0.45822312459349634,0.684754735295655,0.391263547539711,0.5433524102193522,0.1,1.0,0.1,0.5
516570,mscoco,0.03991550337523222,0.13186845448306625,0.06300553530454636,0.19055003401329118,0.1,0.2,0.1,0.1
152662,mscoco,0.10349836479872465,0.2812896962156337,0.19871495235711337,0.38510606922242163,0.0,0.0277777777777777,0.0,0.037037037037037
415280,mscoco,0.10666907653212547,0.4485228170420366,0.11518629752099514,0.4487356839555924,0.1,1.0,0.1,1.0
397404,mscoco,0.07954550310969352,0.17914802915401215,0.10886269249022007,0.2629174124951509,0.0,0.0095238095238095,0.0,0.0526315789473684
488801,mscoco,0.3760717064142227,0.7481318297067873,0.4115683361887932,0.722508287451842,0.7,1.0,0.8,1.0
544956,mscoco,0.022216815990395843,0.11675306818447027,0.01859014902729541,0.11150325145266511,0.1,1.0,0.1,1.0
576859,mscoco,0.14376398772001267,0.3388482787628242,0.17707321047782898,0.4499331270010637,0.1,0.2,0.0,0.0106382978723404
280370,mscoco,0.10000310614705085,0.23809792201807453,0.10458374693989754,0.25833073929066697,0.1,0.1666666666666666,0.1,0.1
310853,mscoco,0.21253686994314194,0.33643037209558097,0.24558333531022072,0.3936688356133682,0.1,0.2,0.2,0.5
363527,mscoco,0.09811375942081213,0.1943191109745726,0.10070223212242127,0.20268895302314233,0.1,0.5,0.2,1.0
47548,mscoco,0.3038096264004707,0.6030251954792,0.35291400402784345,0.5114822169499116,0.2,1.0,0.2,0.5
542313,mscoco,0.10172730349004269,0.25995744683012706,0.19212510921061038,0.39112078525664035,0.2,0.3333333333333333,0.2,0.5
183386,mscoco,0.3104362949728966,0.5028027917928134,0.34297518283128736,0.4505150071609587,0.5,0.25,0.3,0.2
131101,mscoco,0.088426330126822,0.26114921701808536,0.08220913894474506,0.24917620035838003,0.1,0.3333333333333333,0.4,1.0
130981,mscoco,0.09766308479011059,0.2577655303702357,0.16702841138467192,0.3823461913246957,0.1,0.1111111111111111,0.8,1.0
443547,mscoco,0.10299196541309356,0.23569583899159752,0.08767123408615589,0.27509719996449006,0.1,0.25,0.1,1.0
103978,mscoco,0.30589185655117035,0.5889769458307124,0.4091768890619278,0.5795541964297168,0.2,0.5,0.3,1.0
7669,mscoco,0.22859550416469573,0.49819325918599544,0.2906124860048294,0.47804012734479856,0.4,1.0,0.7,1.0
111245,mscoco,0.03198258969932795,0.12089669341370297,0.031087476573884488,0.13442928751384095,0.1,1.0,0.1,1.0
326948,mscoco,0.4664765790104866,0.7384761623796562,0.38510104119777677,0.7369017827791616,0.5,1.0,0.7,1.0
486807,mscoco,0.010723703564144671,0.04225802150910931,0.012816256360383704,0.04010360595922413,0.1,1.0,0.1,0.5
303652,mscoco,0.03642352712340653,0.13015900106143646,0.0529885979834944,0.14087775812718242,0.0,0.0044843049327354,0.1,1.0
173547,mscoco,0.19861513376235962,0.3909864980989417,0.21415677517652512,0.3740494564260001,0.6,1.0,0.6,1.0
325239,mscoco,0.013402948481962084,0.046394224638981525,0.020791926281526686,0.05117021393567364,0.1,0.125,0.0,0.037037037037037
353357,mscoco,0.07297211531549692,0.22700741540152983,0.0479352543130517,0.16249931320988248,0.1,0.1111111111111111,0.0,0.0105263157894736
426429,mscoco,0.12403983175754547,0.25459600202992544,0.07278599338606,0.19110314616199342,0.2,0.3333333333333333,0.2,0.5
261207,mscoco,0.14556303955614566,0.4055718329728955,0.1342657022178173,0.4563431674686985,0.3,0.3333333333333333,0.2,0.1666666666666666
461506,mscoco,0.036928326822817326,0.1200579033709977,0.06995234154164791,0.19037913306104778,0.1,0.125,0.0,0.0909090909090909
44856,mscoco,0.19060096964240075,0.38340860810939237,0.17924948856234552,0.5028514748803583,0.2,0.3333333333333333,0.2,0.5
180817,mscoco,0.02876078422414139,0.10126357103255847,0.014945723256096244,0.04579350575967641,0.1,0.5,0.1,0.1428571428571428
390435,mscoco,0.37442143112421034,0.7661680426630819,0.45150989592075347,0.7001659003573361,0.3,1.0,0.5,1.0
49648,mscoco,0.13772077187895776,0.25061546925958367,0.2201945811510086,0.340106751713087,0.1,0.2,0.1,1.0
172498,mscoco,0.042584109120070934,0.12346352998296452,0.07297699172049761,0.18792155319760487,0.1,1.0,0.5,1.0
67126,mscoco,0.1080906916409731,0.19281723858735755,0.1150410883128643,0.2877809251140632,0.1,0.5,0.0,0.0769230769230769
478029,mscoco,0.10979827493429184,0.3927652403073596,0.09155804701149464,0.24906765959463426,0.1,0.2,0.1,1.0
508567,mscoco,0.11385305598378181,0.25221818086667974,0.17997259348630906,0.3751079936267579,0.2,0.2,0.8,0.5
81,drawbench,0.06030485183000565,0.19683334659954024,0.11758108288049698,0.23990226053790192,0.0,0.0232558139534883,0.0,0.027027027027027
109355,mscoco,0.13505900353193284,0.31400729159083374,0.17943833991885186,0.38474727207045034,0.0,0.0043668122270742,0.0,0.0333333333333333
48935,mscoco,0.42365557253360747,0.6544892164015192,0.39160848706960677,0.5566632549195727,0.2,1.0,0.3,0.25
84886,mscoco,0.06827858276665211,0.1668307245573832,0.08405659534037113,0.22820871394139125,0.0,0.05,0.4,1.0
217271,mscoco,0.08890039380639791,0.29125731877874367,0.12073691748082638,0.292684322343958,0.1,0.5,0.2,1.0
480140,mscoco,0.008701234078034758,0.0331630974062083,0.00924478555098176,0.03324500900227434,0.0,0.0476190476190476,0.0,0.0357142857142857
327105,mscoco,0.2326476201415062,0.47874037915361295,0.37871463894844054,0.5691203185111181,0.2,1.0,0.5,0.2
55768,mscoco,0.16049443632364274,0.2688785539239406,0.32954196333885194,0.6066976432296112,0.1,0.1,0.7,1.0
129030,mscoco,0.034301887871697544,0.17998691791134375,0.04530678456649184,0.19633704827092857,0.1,1.0,0.1,1.0
565387,mscoco,0.10433310307562352,0.2359208552334907,0.1661714669317007,0.39512379929185143,0.0,0.0666666666666666,0.1,0.5
553501,mscoco,0.017275209538638592,0.05725234694004601,0.01681838291697204,0.05091505868545217,0.1,0.1666666666666666,0.1,1.0
170193,mscoco,0.13651144579052926,0.3961915909538121,0.1367149654775858,0.3872985680870991,0.2,1.0,0.2,1.0
199,drawbench,0.012185989832505583,0.031341046991634584,0.004316187463700771,0.01428873014227086,0.0,0.0,0.0,0.0
65162,mscoco,0.17919314019382,0.28569420025809483,0.13979110457003116,0.38207580153485493,0.1,0.5,0.1,0.3333333333333333
334542,mscoco,0.4878327578306198,0.64736545424162,0.46717765778303144,0.7402616537296539,0.3,0.2,0.6,1.0
185559,mscoco,0.7752765238285064,0.8556706740385734,0.7980105161666871,0.9221295091439786,0.8,1.0,1.0,1.0
134066,mscoco,0.27978618666529653,0.42535893726774443,0.36197966039180757,0.5493738068100674,0.2,0.3333333333333333,0.2,0.25
19318,mscoco,0.2377063050866127,0.5543653721796439,0.4288384854793549,0.7023453519677342,0.2,1.0,0.2,1.0
122896,mscoco,0.21178613603115082,0.37949779189492855,0.357668936252594,0.48616722151872865,0.2,0.1666666666666666,0.0,0.0909090909090909
484175,mscoco,0.06347097419202327,0.17421148824397775,0.09080523476004601,0.25904716791597165,0.0,0.0256410256410256,0.1,0.25
550049,mscoco,0.2673883236944675,0.49486671130688187,0.32519795149564745,0.676532797023512,0.7,1.0,0.6,1.0
558966,mscoco,0.04745998689904809,0.20847299902944294,0.06305849365890026,0.1936430982912173,0.4,1.0,0.6,1.0
303177,mscoco,0.23864965811371802,0.47908558038979865,0.16165269762277604,0.352116394497632,0.0,0.0344827586206896,0.0,0.001727115716753
300047,mscoco,0.03614050969481468,0.11795732706231492,0.04434498827904463,0.14204228809475386,0.2,1.0,0.1,0.25
281977,mscoco,0.06889869887381792,0.22727812009360282,0.09087027199566364,0.2860332408947224,0.8,1.0,1.0,1.0
100169,mscoco,0.12400928251445294,0.2663010083417129,0.297099794447422,0.5994897876281309,0.2,0.3333333333333333,0.3,1.0
35217,mscoco,0.03438078062608838,0.11877439236459753,0.05343942064791918,0.15000706673442,0.1,0.5,0.0,0.0049019607843137
195863,mscoco,0.5149565726518631,0.7254266760849831,0.6176858007907867,0.735740368686048,0.3,0.3333333333333333,0.6,0.5
55753,mscoco,0.01299330482725054,0.05636490048852007,0.00902038108324632,0.029188930362537436,0.0,0.0119047619047619,0.0,0.0277777777777777
189504,mscoco,0.07799357045441865,0.22523573579043168,0.04717228217050433,0.15676814837607686,0.0,0.0175438596491228,0.1,1.0
257236,mscoco,0.07260431358590722,0.17885920960425114,0.09580013612285257,0.19735045536802437,0.0,0.02,0.1,0.2
15830,mscoco,0.0615257260389626,0.42846151294050944,0.06644463986158371,0.4257634751728368,0.1,1.0,0.1,1.0
382423,mscoco,0.10969734657555819,0.37437894800821053,0.09675349136814475,0.23778891438051833,0.1,1.0,0.2,1.0
182,drawbench,0.03126099556684494,0.09760961944290684,0.029091901332139968,0.07996788431315142,0.0,0.0,0.0,0.0
261431,mscoco,0.029668792290613054,0.13248463679095926,0.03289861464872956,0.14759494351462146,0.2,1.0,0.2,1.0
286021,mscoco,0.09759853333234787,0.2653636048998274,0.12052025981247425,0.256793973238437,0.0,0.0909090909090909,0.0,0.037037037037037
179,drawbench,0.05007505379617214,0.1524863657959766,0.059316178504377606,0.1835440245506278,0.0,0.0,0.0,0.0
20145,mscoco,0.0885625610128045,0.20582440307451286,0.12227410301566125,0.3261829564438241,0.0,0.0909090909090909,0.0,0.0666666666666666
545274,mscoco,0.09083206988871098,0.2870246414601187,0.10038762576878071,0.2646049189607892,0.0,0.0526315789473684,0.2,1.0
93,drawbench,0.02912666155025363,0.11551415777461095,0.048032073117792604,0.14566139283981175,0.0,0.0003133813851457,0.0,0.0013586956521739
254726,mscoco,0.15126994885504247,0.29309046027862673,0.14498289823532104,0.26956378423934246,0.3,1.0,0.4,0.3333333333333333
182125,mscoco,0.20729513242840766,0.3802375554632538,0.2879154831171036,0.5028422438685098,0.1,0.1111111111111111,0.2,0.3333333333333333
46055,mscoco,0.0812042210251093,0.17001617427888913,0.052069864608347415,0.19072190097207978,0.0,0.027027027027027,0.1,1.0
336933,mscoco,0.12280163988471031,0.24196818792534264,0.1570458546280861,0.3729353078029884,0.0,0.0013717421124828,0.1,0.1
175597,mscoco,0.08146472778171301,0.2032557655048768,0.16954637747257947,0.3175616973228072,0.1,1.0,0.0,0.0303030303030303
370157,mscoco,0.025553669780492783,0.08274202550153925,0.028971663489937783,0.09021822848664626,0.0,0.0227272727272727,0.1,0.25
361356,mscoco,0.02170947485137731,0.07924591149007394,0.014707809779793024,0.06130576372448296,0.2,1.0,0.3,1.0
452806,mscoco,0.33718464374542234,0.45825705463174676,0.43384775668382647,0.6913847601117907,0.4,0.25,0.6,0.5
136,drawbench,0.06667873356491327,0.222067900291448,0.017984985001385213,0.07446892876941,0.0,7.48839299086416e-05,0.0,1.80446786242737e-05
191314,mscoco,0.04720098655670881,0.1488689680153681,0.0481063786894083,0.17525393527779037,0.1,0.5,0.1,1.0
26,drawbench,0.3677223242819309,0.6015118172688708,0.23722541630268096,0.42073217468312984,0.0,0.0,0.0,0.0
24414,mscoco,0.22421697080135344,0.5080974206951642,0.1836009740829468,0.48499609946842437,0.2,1.0,0.5,1.0
499634,mscoco,0.03379124365746975,0.10647798136952809,0.04070415496826172,0.11788101284737569,0.0,0.037037037037037,0.0,0.0121951219512195
13482,mscoco,0.10568337514996529,0.36572527127284865,0.07138978354632855,0.2807960368646343,0.1,1.0,0.1,1.0
267861,mscoco,0.15212036315351724,0.2968344381310063,0.19614314809441566,0.49968912791867504,0.1,0.1666666666666666,0.1,1.0
498967,mscoco,0.11751067712903022,0.2694629953979623,0.20438667982816697,0.4114313533296111,0.3,0.3333333333333333,0.2,1.0
247979,mscoco,0.0029953489603940396,0.01477907992108379,0.003240053149056621,0.014255857495625517,0.1,1.0,0.1,1.0
438196,mscoco,0.13147202506661415,0.3904709854466426,0.15244832672178746,0.25572333937230635,0.3,1.0,0.3,1.0
230700,mscoco,0.14904074408113957,0.4019682787579902,0.12154931873083115,0.24344490633906227,0.0,0.0076335877862595,0.0,0.0909090909090909
22660,mscoco,0.10668554529547691,0.42629918040280984,0.10959428092464804,0.3287324260261318,0.3,1.0,0.3,1.0
227982,mscoco,0.0322945861145854,0.09007378212609769,0.029454091377556325,0.08375106761997296,0.1,0.25,0.2,0.5
134807,mscoco,0.012970056617632508,0.0543978405366927,0.012545130332000554,0.050042122343119166,0.1,1.0,0.1,1.0
209788,mscoco,0.0753167886286974,0.19020322872788656,0.1691106975078583,0.32322787971599365,0.0,0.0263157894736842,0.0,0.02
139518,mscoco,0.10917699225246906,0.2814505553399759,0.11040751561522484,0.2877351209069029,0.0,0.0454545454545454,0.1,0.25
232625,mscoco,0.12219242751598358,0.24850511760805802,0.132315731048584,0.3679311336165275,0.0,0.0303030303030303,0.2,0.25
423875,mscoco,0.015883495192974807,0.054179316425863884,0.012860874785110355,0.05046732636489889,0.1,1.0,0.1,1.0
87878,mscoco,0.11830183491110802,0.24785290136310126,0.13997081760317087,0.3460743682260956,0.0,0.0416666666666666,0.1,0.5
55,drawbench,0.027692329417914153,0.08575705069622246,0.014445536863058805,0.049616470412765165,0.0,0.0,0.0,0.0
315273,mscoco,0.20035417079925538,0.3337732014359276,0.27989802062511443,0.6216352308539026,0.3,1.0,0.5,0.5
118968,mscoco,0.09415573179721833,0.24501520147051825,0.09848359487950802,0.22405226527134084,0.1,0.5,0.0,0.0714285714285714
426459,mscoco,0.20721349492669106,0.39831514845245725,0.15775812715291976,0.27772560876724783,0.3,0.2,0.1,0.1
310695,mscoco,0.09707186128944159,0.32440487637095655,0.10448946021497249,0.2255938481634532,0.1,1.0,0.3,1.0
266912,mscoco,0.37067561149597167,0.5171431691366866,0.32926911413669585,0.7754325213222207,0.1,0.5,0.1,1.0
70187,mscoco,0.08821740783751011,0.234729660272326,0.1245492896065116,0.37356877438821295,0.1,0.5,0.1,1.0
75352,mscoco,0.21458866745233535,0.42651857280470223,0.31764095723629,0.489698796722762,0.2,0.5,0.5,0.5
485187,mscoco,0.04890602454543114,0.15459439570157033,0.044907348603010176,0.1640818079542753,0.3,0.25,0.3,1.0
446310,mscoco,0.21586940437555313,0.429049448114501,0.31001572608947753,0.562297465917293,0.0,0.0416666666666666,0.6,1.0
172702,mscoco,0.08033092468976974,0.2943634486822295,0.09153915494680405,0.2762721539519886,0.1,1.0,0.1,1.0
41838,mscoco,0.15429986231029033,0.4420989757848845,0.23503809422254562,0.4774490010141842,0.8,1.0,1.0,1.0
348083,mscoco,0.03625121805816889,0.09382729904381885,0.04423237908631563,0.17082802787140272,0.1,0.1111111111111111,0.1,0.2
465198,mscoco,0.14644847586750984,0.35190226243752504,0.25181459784507754,0.4807187792396896,0.0,0.0454545454545454,0.1,1.0
458123,mscoco,0.3111411765217781,0.5403830134681747,0.2722745701670647,0.36333680106496097,0.1,0.2,0.3,1.0
215558,mscoco,0.5478081166744232,0.7896767279354564,0.5416017711162567,0.8548051444269232,0.0,0.0769230769230769,0.4,1.0
201019,mscoco,0.09461872614920139,0.21962135957403078,0.1988694354891777,0.305762142995238,0.2,0.1428571428571428,0.9,0.5
153921,mscoco,0.13289607241749762,0.3676718082226538,0.25684103071689607,0.44712272128955916,0.1,0.2,0.1,0.1428571428571428
345389,mscoco,0.005159084335900843,0.01381193376104903,0.003434343251865357,0.02191675641916077,0.1,0.1111111111111111,0.1,1.0
359066,mscoco,0.04339292009826749,0.16128743743234397,0.05458663115277886,0.18028824154558465,0.1,1.0,0.2,0.25
22102,mscoco,0.14140355102717878,0.3115665401488471,0.20682779625058173,0.4401378770340104,0.7,1.0,0.9,1.0
194419,mscoco,0.22293684855103493,0.38650837659542053,0.23424846380949021,0.4554247798948909,0.5,0.5,0.5,1.0
391053,mscoco,0.1162757158279419,0.3095350311636464,0.10769947860389947,0.2581482541991491,0.1,0.25,0.0,0.0033783783783783
20171,mscoco,0.13193565048277378,0.32369079313843974,0.1259589187800884,0.2879282209637548,0.3,1.0,0.7,1.0
538001,mscoco,0.10606459975242614,0.22037336001518235,0.16968639753758907,0.3158076515586214,0.0,0.0095238095238095,0.0,0.0024570024570024
575490,mscoco,0.04676054352894425,0.11794734848249014,0.08389104902744293,0.23446319277117997,0.2,0.5,0.7,0.3333333333333333
75427,mscoco,0.1259828619658947,0.3155044386760325,0.12435350604355336,0.3297819979747997,0.1,1.0,0.1,0.5
510564,mscoco,0.06394373327493667,0.1653480306215335,0.13198069483041763,0.41999766097601365,0.0,0.0454545454545454,0.1,0.5
58117,mscoco,0.0552895076572895,0.15951956823782867,0.06165137980133295,0.19436427958049565,0.1,0.5,0.1,0.1666666666666666
294416,mscoco,0.13261935245245696,0.3239129800117413,0.21147547829896213,0.5382802775459432,0.0,0.0416666666666666,0.3,1.0
525176,mscoco,0.1275355014950037,0.3212159839100616,0.16014078855514527,0.3568462598654093,0.0,0.0133333333333333,0.0,0.0588235294117647
316522,mscoco,0.034898076415993275,0.2488275353029619,0.04598220167681575,0.11241700343939405,0.1,1.0,0.1,0.2
198832,mscoco,0.1387794181704521,0.2908737093534938,0.2642881333827972,0.49370731995365225,0.0,0.0113636363636363,0.0,0.0294117647058823
378022,mscoco,0.04767192434519529,0.1182020696987598,0.06856619548052549,0.1834900194157619,0.1,0.25,0.3,1.0
306037,mscoco,0.10462326817214489,0.23802890398858206,0.06449091881513595,0.27670255564127594,0.0,0.0333333333333333,0.1,1.0
51021,mscoco,0.13533653244376181,0.31792042436675677,0.1825697809457779,0.39344671891517363,0.4,1.0,0.8,1.0
225392,mscoco,0.024047983903437854,0.07523960867114697,0.040151899494230744,0.14705130939716005,0.0,0.0232558139534883,0.3,0.3333333333333333
543490,mscoco,0.15674510821700097,0.4050385523488684,0.20497871115803717,0.35996374039307427,0.2,1.0,0.4,0.5
305117,mscoco,0.027012118697166444,0.1013077345251263,0.06059883600100875,0.21110201473223922,0.0,0.0192307692307692,0.1,1.0
519387,mscoco,0.01689227153547108,0.06389407422464717,0.01915880786255002,0.08204961828384881,0.0,0.00177304964539,0.0,0.0192307692307692
98501,mscoco,0.1369192661717534,0.41251224842093775,0.16253944337368012,0.4350191524677819,0.1,0.1111111111111111,0.0,0.0120481927710843
249791,mscoco,0.1562689907848835,0.39915462079192576,0.1688785318285227,0.3408318257949764,0.1,0.3333333333333333,0.0,0.0147058823529411
327664,mscoco,0.11866494230926036,0.2737351844224945,0.19667023792862892,0.4156253750619165,0.1,0.25,0.2,1.0
22,drawbench,0.004870661348104477,0.01803833197446198,0.005582041852176189,0.02651122349044824,0.0,0.0,0.0,0.0
225654,mscoco,0.10105007439851761,0.26437453371766195,0.09919885694980621,0.3619699317495947,0.0,0.0384615384615384,0.1,1.0
47700,mscoco,0.2133193850517273,0.49730379806950925,0.23613857850432396,0.36379667098770446,0.3,0.5,0.2,0.2
77159,mscoco,0.21190284416079522,0.40695321311510996,0.27392591908574104,0.463588769975887,0.1,0.1111111111111111,0.3,1.0
501773,mscoco,0.09252388477325439,0.29743751107279554,0.10432720892131328,0.31592996794096506,0.1,1.0,0.1,1.0
355137,mscoco,0.37559915482997897,0.6270601705195195,0.3779938519001007,0.5193123561634746,0.1,0.2,0.4,1.0
476055,mscoco,0.12313350848853588,0.2518070224764135,0.16009072139859198,0.36293243948738857,0.1,0.1666666666666666,0.2,0.5
446898,mscoco,0.11174370720982552,0.2602765196070894,0.2586368277668953,0.5065354581247866,0.2,1.0,0.5,1.0
336645,mscoco,0.20004938915371895,0.3906117558393591,0.24429250210523606,0.5000817319306308,0.2,1.0,0.4,0.3333333333333333
57242,mscoco,0.08861979926005006,0.2835022476245161,0.09378838054835796,0.39581684145262647,0.1,0.5,0.1,1.0
137178,mscoco,0.298536142706871,0.5899293595036252,0.3419234901666641,0.5619099339492939,0.4,0.5,0.4,1.0
113113,mscoco,0.15141080729663373,0.33553056396590486,0.2618212103843689,0.6943053420588982,0.6,1.0,0.5,1.0
403028,mscoco,0.13914837539196015,0.2532808513125411,0.15081752687692643,0.32394619731989405,0.1,0.1111111111111111,0.1,1.0
346795,mscoco,0.04854704053141177,0.13543719227625783,0.03950401386246085,0.12665576912576612,0.1,0.1,0.0,0.0909090909090909
145682,mscoco,0.2717715919017792,0.41029168677066585,0.10848894193768502,0.23271153609139977,0.1,0.1111111111111111,0.0,0.0163934426229508
418791,mscoco,0.045339271798729895,0.15309984623276574,0.053532361425459384,0.20671179032923573,0.0,0.0833333333333333,0.1,1.0
107838,mscoco,0.21972340270876883,0.4528794727833342,0.2537932649254799,0.5627481506192304,0.2,1.0,0.5,1.0
149577,mscoco,0.10773693798109889,0.5198870541139716,0.21826804019510745,0.5723045610480259,0.1,1.0,0.1,1.0
10,drawbench,0.1870803687721491,0.5767302697139013,0.11445223353803158,0.3066558896377671,0.0,0.0,0.0,0.0
544614,mscoco,0.6412026643753052,0.839552783862739,0.6950933307409286,0.816098804182126,0.9,1.0,1.0,1.0
419150,mscoco,0.1811601523309946,0.3741952085248324,0.2178998738527298,0.6514432322723162,0.1,0.1666666666666666,0.2,1.0
496783,mscoco,0.044276938773691654,0.17078507138838062,0.05620170030742884,0.18290595266871412,0.2,1.0,0.2,1.0
195062,mscoco,0.35072473511099816,0.5967058106314824,0.3499563127756119,0.6190919519408171,0.1,0.1111111111111111,0.6,1.0
183481,mscoco,0.32881890535354613,0.5384525585185944,0.3408475935459137,0.48983594849663703,0.7,0.5,0.7,1.0
495288,mscoco,0.2445012614130974,0.5864521775358097,0.3021000690758228,0.6730042714204735,0.0,0.0416666666666666,0.1,1.0
162,drawbench,0.010290346399415284,0.04168554883402094,0.021969926496967673,0.10192018325951727,0.0,0.0,0.0,0.0
99321,mscoco,0.25612936094403266,0.4227908865967745,0.26930735185742377,0.5695768654495216,0.6,0.5,1.0,1.0
502637,mscoco,0.08296639807522296,0.19395978323504648,0.07768267933279276,0.23662623558217527,0.4,0.3333333333333333,0.7,1.0
136458,mscoco,0.05697954408824444,0.1982887459997665,0.07972262576222419,0.18140951095777486,0.1,0.5,0.1,0.3333333333333333
113333,mscoco,0.13080942183732985,0.28275501903860784,0.165006884932518,0.34530177887260427,0.3,0.5,0.1,1.0
473448,mscoco,0.1608600787818432,0.4564373694105175,0.1669037163257599,0.31820676788339075,0.3,1.0,0.0,0.05
450598,mscoco,0.5005487129092216,0.7286322433519966,0.5395275741815567,0.7714444142593834,0.4,1.0,0.9,1.0
474157,mscoco,0.2004824049770832,0.29409341070058187,0.3474720135331154,0.6316715417328096,0.1,0.1111111111111111,0.2,1.0
74499,mscoco,0.04833584604784846,0.18169216225830329,0.05875488743185997,0.2209593302311877,0.1,1.0,0.2,1.0
107610,mscoco,0.38370670676231383,0.6477537502480823,0.4334245264530182,0.6023458903751059,0.4,1.0,0.6,0.5
200959,mscoco,0.20870446786284447,0.5045643357427081,0.328249117732048,0.6104920982410453,0.3,1.0,0.7,1.0
463430,mscoco,0.16347683146595954,0.5093558405282927,0.09409660920500755,0.22165747731256158,0.0,0.0123456790123456,0.0,0.0085470085470085
512509,mscoco,0.14086743593215942,0.29575631647046013,0.19568187594413758,0.4184719171919239,0.2,0.5,0.1,0.5
458921,mscoco,0.0126323863863945,0.037224940941974975,0.012099719699472189,0.037881036907340196,0.0,0.025,0.1,1.0
282667,mscoco,0.05689313393086195,0.27713289161161914,0.07227341635152698,0.3058222440178205,0.1,0.3333333333333333,0.1,0.5
448771,mscoco,0.041149379871785643,0.1225654309972838,0.057106032967567444,0.16672675760109987,0.0,0.0196078431372549,0.0,0.05
293598,mscoco,0.5264473378658294,0.6790932017134691,0.560027152299881,0.7280335145712356,0.7,1.0,0.8,1.0
541193,mscoco,0.06223229542374611,0.22023796491764852,0.05647771097719669,0.19503614335811062,0.0,0.0666666666666666,0.0,0.0588235294117647
356569,mscoco,0.07110953275114298,0.1708307391983284,0.06251328457146883,0.1895041087379992,0.1,0.125,0.0,0.0714285714285714
334513,mscoco,0.12452089190483093,0.2661179417637018,0.18376935869455338,0.3640254994173917,0.1,0.1111111111111111,0.6,1.0
430167,mscoco,0.07149861129000783,0.2235255302438747,0.10729091446846724,0.4397562172307479,0.0,0.025,0.0,0.032258064516129
513125,mscoco,0.34478851705789565,0.4960224914644764,0.3758284866809845,0.6266030867636961,0.1,0.1428571428571428,0.2,0.3333333333333333
356257,mscoco,0.00998712059808895,0.0589236480208556,0.016142167965881526,0.04788393303061177,0.1,1.0,0.1,0.25
364010,mscoco,0.042432692088186744,0.13582443240191583,0.05511387251317501,0.14975236238456185,0.1,0.25,0.1,1.0
148542,mscoco,0.07638179957866668,0.19221602120811934,0.06890269145369529,0.2032652752513211,0.0,0.0526315789473684,0.0,0.037037037037037
82405,mscoco,0.33370482698082926,0.6237822005724436,0.267961160838604,0.684660043927516,0.7,1.0,0.4,1.0
70755,mscoco,0.10812587160617113,0.2651708234151283,0.1340219184756279,0.37414272154357525,0.1,0.1666666666666666,0.1,1.0
118927,mscoco,0.0931864246726036,0.2659070413631424,0.07959217950701714,0.3129413018664176,0.1,1.0,0.1,0.3333333333333333
508915,mscoco,0.062195551581680775,0.1869567185230408,0.13654499351978303,0.352455099017453,0.2,0.3333333333333333,0.1,0.2
491739,mscoco,0.21881218552589415,0.3534259936775169,0.18483161516487598,0.5684029796119299,0.0,0.0147058823529411,0.1,0.3333333333333333
147546,mscoco,0.182273455709219,0.3736472992968092,0.27626251354813575,0.4639001050329084,0.5,0.3333333333333333,0.3,0.5
262213,mscoco,0.25469832569360734,0.44513586971950747,0.332512754201889,0.5243176722160812,0.9,0.5,0.7,1.0
415728,mscoco,0.058028623834252356,0.17213610826123632,0.0555198922753334,0.2165091420288695,0.5,1.0,0.5,1.0
506873,mscoco,0.07819883339107037,0.19415468333390465,0.07960040010511875,0.2762652133171888,0.6,1.0,0.7,1.0
538210,mscoco,0.15047380067408084,0.24563570570297377,0.27937574274837973,0.3771129190855219,0.2,0.2,0.6,0.5
581127,mscoco,0.05351603236049414,0.14336291203121354,0.0594713194295764,0.1566276459329624,0.0,0.0185185185185185,0.1,0.5
110013,mscoco,0.05207518432289362,0.13259712977635374,0.023060688655823468,0.10139415787787676,0.3,1.0,0.3,1.0
502286,mscoco,0.06511954069137574,0.2085389401450447,0.05643688254058361,0.21294981787310413,0.0,0.04,0.1,0.5
99425,mscoco,0.2683354079723358,0.5115480992752743,0.3240961581468582,0.45242207887185487,0.1,0.125,0.4,1.0
103042,mscoco,0.2000366672873497,0.428405025501266,0.29960259795188904,0.5071764031096941,0.3,1.0,0.7,0.5
360440,mscoco,0.05169342197477818,0.27461733072068467,0.036256788205355404,0.25809319906809397,0.1,1.0,0.1,1.0
409668,mscoco,0.255324699729681,0.5085250354848436,0.27587072402238844,0.5282825302692005,0.9,1.0,0.9,1.0
421639,mscoco,0.03055149959400296,0.09090969887230956,0.031230286043137313,0.09883004043002916,0.0,0.0526315789473684,0.1,0.1111111111111111
277717,mscoco,0.03588643539696932,0.1785132077903124,0.032496867096051575,0.17347247952763525,0.1,1.0,0.1,1.0
113851,mscoco,0.28930395990610125,0.4596713607504736,0.240090049803257,0.4998320527235838,0.6,0.5,0.4,1.0
380100,mscoco,0.24578593969345092,0.42156248777104804,0.367290236055851,0.4365166271089193,0.3,1.0,0.7,1.0
68601,mscoco,0.17794885039329528,0.4451267796891245,0.1879111185669899,0.5476842581602354,0.1,0.5,0.2,0.125
82229,mscoco,0.07809404246509075,0.20364735330913988,0.1351536564528942,0.3099235745261206,0.0,0.0909090909090909,0.0,0.0185185185185185
263462,mscoco,0.1540024273097515,0.374230595322281,0.22156556844711303,0.49076877839227395,0.2,0.1666666666666666,0.4,0.5
352495,mscoco,0.04848865251988173,0.12029420267463786,0.06754897516220808,0.1727346613948255,0.5,1.0,0.6,0.5
64339,mscoco,0.04098356519825756,0.1179969201344841,0.03468395294621587,0.12037979888565088,0.1,1.0,0.1,0.3333333333333333
11156,mscoco,0.024723068159073592,0.08779746405392441,0.02116990047506988,0.08386436380562959,0.1,0.5,0.1,1.0
334872,mscoco,0.4699880570173264,0.7453342485791704,0.5602454602718353,0.7015137411658422,0.3,0.3333333333333333,0.4,0.5
477820,mscoco,0.20236610621213913,0.45374049035330627,0.2038604237139225,0.36212971870957383,0.3,0.25,0.2,0.5
283884,mscoco,0.20970411598682404,0.49763294934559266,0.3911776214838028,0.514809399907063,0.4,0.3333333333333333,0.6,0.5
418868,mscoco,0.009206453384831548,0.032877335023219566,0.02624780093319714,0.08059620596929779,0.1,0.25,0.2,1.0
350309,mscoco,0.18654697798192502,0.3660205223794441,0.17011995613574982,0.28719633564625396,0.2,0.3333333333333333,0.1,0.25
14537,mscoco,0.08188569834455847,0.25285189981227907,0.06649023359641433,0.25844436133094295,0.1,0.5,0.1,1.0
575040,mscoco,0.07166785430163145,0.2363432637082895,0.04146809410303831,0.12543616105954852,0.0,0.006578947368421,0.0,0.0018115942028985
449455,mscoco,0.13449156954884528,0.2883043130764168,0.1413280624896288,0.3860488662888431,0.9,1.0,0.6,1.0
211686,mscoco,0.07250650338828564,0.29984977247591,0.06899510500952602,0.30347058809363614,0.1,1.0,0.1,1.0
154745,mscoco,0.17722915783524512,0.30266242845242686,0.3109197780489922,0.5498306942459505,0.1,0.25,0.2,0.25
152084,mscoco,0.23124828785657883,0.5426269658725508,0.2343575369566679,0.38486819726597626,0.1,0.1666666666666666,0.1,1.0
536390,mscoco,0.19125511720776558,0.39209455274707844,0.206793624907732,0.41015002023148245,0.0,0.0666666666666666,0.3,0.3333333333333333
235906,mscoco,0.1380929969251156,0.28270479533677667,0.10015061311423779,0.26119907261671044,0.5,1.0,0.3,1.0
526126,mscoco,0.08585154302418233,0.255162680650146,0.10645435228943825,0.3382011274097739,0.0,0.037037037037037,0.2,1.0
3711,mscoco,0.13372102715075015,0.32705967260025093,0.12009560987353325,0.26700732750328987,0.3,0.1666666666666666,0.2,1.0
275938,mscoco,0.47603459656238556,0.6454186906100974,0.5530872017145156,0.7593559078750632,0.5,1.0,0.9,1.0
180130,mscoco,0.5035863071680069,0.751605934557688,0.6255117639899254,0.8755246943875773,0.5,1.0,0.7,1.0
401037,mscoco,0.05648627243936062,0.1707231048334865,0.05195443918928504,0.15305392203303247,0.0,0.0178571428571428,0.1,1.0
348816,mscoco,0.14771118499338626,0.3981772302929854,0.11417256388813257,0.34654753278623096,0.3,1.0,0.2,1.0
358300,mscoco,0.12149051278829574,0.5003459270438347,0.08318764455616474,0.19639259270379228,0.1,1.0,0.0,0.0588235294117647
226577,mscoco,0.2874438051134348,0.3423844926748786,0.22873801104724406,0.5192100170726252,0.5,0.5,0.3,0.5
425100,mscoco,0.13597231842577456,0.26231269503562354,0.16827610619366168,0.32606514969717,0.1,0.1666666666666666,0.1,0.2
11184,mscoco,0.08216509446501732,0.16574452499843262,0.1154943585395813,0.2773008981193317,0.0,0.0434782608695652,0.0,0.03125
391972,mscoco,0.07976407501846552,0.22156278879663163,0.07788976430892944,0.22315116431884974,0.1,0.5,0.0,0.0714285714285714
578072,mscoco,0.13914992567151785,0.35281391277060753,0.09726839885115623,0.3482824992558378,0.2,1.0,0.1,1.0
558798,mscoco,0.05887591782957315,0.14594869778658606,0.03639942954760045,0.1754471770202109,0.1,0.25,0.0,0.0181818181818181
353559,mscoco,0.07625871263444424,0.18440941820472745,0.06657509952783584,0.23176341597936814,0.3,0.2,0.3,0.5
291117,mscoco,0.21472656726837158,0.398626231882655,0.2694303706288338,0.5413745189699688,0.0,0.0769230769230769,0.6,1.0
372201,mscoco,0.05536102093756199,0.1821119224017374,0.09320209249854088,0.2359544767191007,0.0,0.0303030303030303,0.2,0.1666666666666666
204085,mscoco,0.11711964868009091,0.2940343161642278,0.11950973868370056,0.28907728460219095,0.6,1.0,0.6,1.0
218965,mscoco,0.23146736323833467,0.7052798239199501,0.24400729462504386,0.7042707133262691,0.2,1.0,0.2,1.0
343012,mscoco,0.035580722335726025,0.09958370393903138,0.029259306099265813,0.08045790486668274,0.1,1.0,0.1,0.25
271941,mscoco,0.06476723849773407,0.17281646527861094,0.05032075569033623,0.16531268878545263,0.1,0.1666666666666666,0.2,0.5
230141,mscoco,0.12170138340443373,0.33259811031516207,0.18122145235538484,0.41039919306358197,0.1,0.25,0.1,0.2
58232,mscoco,0.3216286987066269,0.5444597727458764,0.33087752349674704,0.3551589190658548,0.0,0.0434782608695652,0.0,0.0303030303030303
175437,mscoco,0.03679426107555628,0.1010564641115043,0.043916661851108076,0.15581996687435173,0.1,0.5,0.0,0.0175438596491228
541010,mscoco,0.1162009060382843,0.2224412048264423,0.1676045276224613,0.3195101201799694,0.1,0.5,0.1,0.1666666666666666
140,drawbench,0.0669230037368834,0.194747072290485,0.016149486182257533,0.0629603082108218,0.0,0.0,0.0,0.0
170558,mscoco,0.0723533971235156,0.20445238118634199,0.04828606736846268,0.17204395845824808,0.1,0.3333333333333333,0.2,0.3333333333333333
148267,mscoco,0.2516471967101097,0.6004096305934165,0.23574661538004876,0.5860259615836073,0.1,1.0,0.1,1.0
531896,mscoco,0.048060931265354156,0.14484929046297973,0.07895530052483082,0.21419154308793614,0.0,0.0769230769230769,0.1,1.0
153620,mscoco,0.06517448555678129,0.1650639530068183,0.05325679928064346,0.15026442136878151,0.1,0.125,0.1,0.25
450,mscoco,0.20437245592474937,0.410074902828512,0.3690265715122223,0.6100617236649011,0.2,1.0,0.3,0.3333333333333333
186605,mscoco,0.07036134339869023,0.2157122059528646,0.06577997021377087,0.21737798285931983,0.1,1.0,0.1,0.25
188845,mscoco,0.0326002418063581,0.09530450852986791,0.0678318828344345,0.18867917242076299,0.0,0.0039682539682539,0.0,0.0333333333333333
442400,mscoco,0.024249485787004234,0.09834766658759937,0.028113641450181602,0.10692634151726724,0.0,0.0416666666666666,0.1,0.25
493416,mscoco,0.019677685131318866,0.07836346772447814,0.018587348167784512,0.069882205930843,0.0,0.0069444444444444,0.1,0.5
239532,mscoco,0.16760897152125837,0.3478794447830996,0.19094382598996162,0.5274382534156059,0.0,0.0263157894736842,0.1,1.0
5862,mscoco,0.06584050767123699,0.179240838682238,0.07686060070991516,0.21332608486292293,0.1,0.1428571428571428,0.3,1.0
194744,mscoco,0.2237790621817112,0.4949977025873942,0.17000239193439484,0.3236747690979492,0.1,0.5,0.2,0.1428571428571428
570512,mscoco,0.017177158454433083,0.05881552465851541,0.012598848901689053,0.05932723483361059,0.0,0.0666666666666666,0.1,1.0
18191,mscoco,0.011139190918765963,0.03714774398095363,0.011436663614585996,0.04170777268755048,0.1,0.1666666666666666,0.0,0.0833333333333333
346093,mscoco,0.3755928322672844,0.5028914024249205,0.4746430993080139,0.7163743024306127,0.3,0.3333333333333333,0.3,1.0
549978,mscoco,0.28632660806179044,0.4355106995776406,0.3018409639596939,0.5261959293989044,0.0,0.0833333333333333,0.3,0.5
114468,mscoco,0.13222182504832744,0.32558167670981814,0.16776152998208999,0.3929126352556234,0.1,0.5,0.2,1.0
45490,mscoco,0.07228384427726268,0.26507857521367967,0.09731209864839911,0.24114331973037464,0.1,0.25,0.1,1.0
99701,mscoco,0.17628074251115322,0.357922156622103,0.15240871980786325,0.2739222342407666,0.2,0.5,0.2,0.1666666666666666
228336,mscoco,0.2027084596455097,0.5007973990309617,0.28766689002513884,0.5183340278106514,0.0,0.0625,0.3,0.5
442148,mscoco,0.11970205856487155,0.3210528782069535,0.1058860382065177,0.2729331947423532,0.3,1.0,0.2,1.0
155,drawbench,0.025831287377513945,0.08254629795693783,0.01843184600584209,0.04628030766178349,0.0,4.697702823319397e-05,0.0,0.000124254473161
539287,mscoco,0.16373523995280265,0.2781364521450161,0.36914028525352477,0.6671233137817145,0.0,0.0588235294117647,0.6,1.0
151466,mscoco,0.03155373651534319,0.16034652899141202,0.10335792424157261,0.3043029357249299,0.1,1.0,0.3,0.25
329908,mscoco,0.1824038751423359,0.4497785988214754,0.199214855581522,0.3722168848423031,0.2,0.3333333333333333,0.4,0.3333333333333333
384986,mscoco,0.08966640233993531,0.2776565079820184,0.09300161823630333,0.2243941408068849,0.0,0.0068493150684931,0.0,0.0111111111111111
444801,mscoco,0.20743021816015245,0.3052910340372173,0.2941332712769508,0.46393286400468414,0.1,0.125,0.5,0.5
223875,mscoco,0.0898310923948884,0.2577066969818438,0.11853351239115,0.4332012786087373,0.0,0.04,0.1,1.0
84493,mscoco,0.0994179293513298,0.25037769431356033,0.09802525341510773,0.24243605693252512,0.4,1.0,0.4,1.0
484206,mscoco,0.1962748035788536,0.3429063030069233,0.16845076009631157,0.31999455717832215,0.1,0.3333333333333333,0.2,1.0
223869,mscoco,0.25765446946024895,0.4638129438973437,0.30824362188577653,0.4365133366094557,0.3,0.5,0.5,1.0
13800,mscoco,0.16988744139671325,0.229434141893306,0.227968230843544,0.37006810665408096,0.2,0.1428571428571428,0.2,0.3333333333333333
62250,mscoco,0.07390291607007385,0.25512378614301595,0.08890050612390041,0.2591818460095179,0.1,0.5,0.2,0.3333333333333333
401092,mscoco,0.07456982508301735,0.22210739514809755,0.06870718710124493,0.1698454834906574,0.4,0.5,0.2,0.125
407626,mscoco,0.03064535241574049,0.09852635488199421,0.016529898764565586,0.052108141230002056,0.1,0.3333333333333333,0.0,0.0083333333333333
479866,mscoco,0.3053210087120533,0.6898858848209054,0.4313944116234779,0.7532513497535493,0.5,1.0,0.5,0.5
579247,mscoco,0.09832604993134737,0.410480594950321,0.09292362374253571,0.38775894853983134,0.3,1.0,0.4,1.0
432832,mscoco,0.06309247054159642,0.15967213215006318,0.04885506071150303,0.2759130376689838,0.3,0.3333333333333333,0.4,1.0
297695,mscoco,0.020506105199456216,0.0626897088047159,0.025013627507723867,0.08795753341059126,0.1,0.1,0.1,1.0
440793,mscoco,0.062078827619552614,0.20976692859102017,0.12494703084230423,0.3369724375058011,0.1,1.0,0.1,1.0
484338,mscoco,0.18943333849310875,0.35405001995878527,0.2245291531085968,0.42425741130489314,0.1,0.1111111111111111,0.4,0.1428571428571428
28654,mscoco,0.1571121983230114,0.2732287449249451,0.14469837360084056,0.2907609784497142,0.2,0.5,0.0,0.0227272727272727
372580,mscoco,0.21735371202230452,0.40779279267716767,0.2834898754954338,0.44324231250099827,0.0,0.0222222222222222,0.0,0.0227272727272727
53802,mscoco,0.06007755901664495,0.19114683432516738,0.06558767668902873,0.18458969514623294,0.1,1.0,0.1,1.0
72792,mscoco,0.10583267584443093,0.32209547771492275,0.14845187589526176,0.26230447225322445,0.0,0.0263157894736842,0.0,0.0333333333333333
185844,mscoco,0.2270070169121027,0.4602749958725622,0.271200954914093,0.5907588356203461,0.1,0.1666666666666666,0.3,1.0
355347,mscoco,0.1927301786839962,0.352068705989404,0.2661925606429577,0.37693791306026236,0.3,0.2,0.3,0.5
55237,mscoco,0.15827086009085178,0.4192992740196589,0.23326555453240871,0.3189189727956278,0.0,0.0344827586206896,0.0,0.0454545454545454
167910,mscoco,0.07381958179175854,0.21341834933943515,0.047182634472846985,0.1294139034622058,0.1,0.5,0.0,0.0166666666666666
398527,mscoco,0.183731322735548,0.4419929485312727,0.21324902921915054,0.4718402536508393,0.2,1.0,0.5,1.0
484666,mscoco,0.06512233596295118,0.20163368739412385,0.05375950187444687,0.2794006879197971,0.1,0.5,0.1,1.0
399461,mscoco,0.10129472240805626,0.29095988500317926,0.07898314073681831,0.28733442352201494,0.1,0.5,0.2,1.0
71220,mscoco,0.1101853396743536,0.23487169664598836,0.1579245526343584,0.48388915673953414,0.1,0.1666666666666666,0.7,1.0
430391,mscoco,0.18273491375148296,0.36161770671906257,0.23859625458717346,0.44604213206140164,0.6,1.0,0.4,1.0
81166,mscoco,0.1150677151978016,0.28372196566449387,0.2218797981739044,0.4180893536355997,0.0,0.0769230769230769,0.2,0.5
11690,mscoco,0.12053101696074009,0.26029586912079916,0.22687416821718215,0.523202810437201,0.3,0.5,0.6,1.0
74570,mscoco,0.1262551799416542,0.3244838125845076,0.16665340214967728,0.3296239089685449,0.7,0.5,0.7,1.0
495609,mscoco,0.15837304517626763,0.3569161068295844,0.19880493730306625,0.5652929858029602,0.1,0.125,0.1,1.0
286874,mscoco,0.09845259934663772,0.24269439382480215,0.14426317065954208,0.29215442303107575,0.1,0.3333333333333333,0.1,1.0
310562,mscoco,0.5020618215203285,0.6995718620223688,0.4326497308909893,0.644614211297476,0.7,1.0,0.6,1.0
49946,mscoco,0.13003794476389885,0.29691185599727626,0.10623834896832704,0.2838430845448994,0.1,1.0,0.1,1.0
546114,mscoco,0.14854216687381266,0.5311226498874737,0.17645167894661426,0.3765913154086035,0.4,1.0,0.5,0.5
229052,mscoco,0.042528354842215774,0.14011979226784368,0.0361205025576055,0.12602353274609612,0.1,1.0,0.1,0.3333333333333333
218294,mscoco,0.11754100695252419,0.32818170522892376,0.14633352998644114,0.37963821850306845,0.1,1.0,0.3,1.0
262235,mscoco,0.31078549176454545,0.520745558551315,0.3591177761554718,0.47322320138480206,0.6,1.0,1.0,1.0
53229,mscoco,0.036714516766369346,0.16569874521391287,0.04961583949625492,0.1164959364426326,0.3,1.0,0.8,0.5
447209,mscoco,0.054806282836943866,0.14517591578250508,0.06666595004498958,0.21702827473294214,0.2,1.0,0.1,0.3333333333333333
166096,mscoco,0.29874114990234374,0.47064936458685447,0.32004914730787276,0.5214203241663399,0.3,0.25,0.2,0.2
70363,mscoco,0.041511104069650175,0.12465767184058371,0.06522511970251799,0.13942322497715232,0.0,0.03125,0.1,0.1111111111111111
23355,mscoco,0.07553630657494068,0.2737681827762205,0.07434778288006783,0.28396178888431545,0.1,1.0,0.1,1.0
269886,mscoco,0.14567516446113588,0.298547260757851,0.19373806789517403,0.28744960556005883,0.0,0.0185185185185185,0.2,0.125
237445,mscoco,0.023046789690852165,0.10300799906282951,0.06406599208712578,0.17951988752348344,0.0,0.0769230769230769,0.4,1.0
63835,mscoco,0.30421384871006013,0.41507191014187483,0.36788694113492965,0.44911923988439173,0.5,1.0,0.9,1.0
272255,mscoco,0.3441085062921047,0.4736028626886414,0.4057586096227169,0.6837210571698998,0.5,0.3333333333333333,0.3,1.0
373414,mscoco,0.10913529470562935,0.31986909312374184,0.1587994582951069,0.32166575538167697,0.1,0.1111111111111111,0.5,1.0
466827,mscoco,0.23731659427285196,0.4829611759168784,0.28521057218313217,0.5019262642961588,0.4,1.0,0.7,0.5
506026,mscoco,0.018609453132376073,0.07299715636236181,0.02648769849911332,0.0913148481700512,0.1,0.25,0.1,1.0
262145,mscoco,0.10420971065759659,0.3074774841468127,0.18775802627205848,0.45384780273053993,0.1,1.0,0.4,1.0
40210,mscoco,0.09657483398914338,0.24583753591226434,0.1198747456073761,0.264982957741257,0.1,1.0,0.1,0.3333333333333333
281652,mscoco,0.1280786834657192,0.33399807803057047,0.07284185457974672,0.27261636203192713,0.2,1.0,0.2,1.0
280808,mscoco,0.2884534537792206,0.5376234886855474,0.3261983096599579,0.5607812322665665,0.0,0.05,0.2,0.1666666666666666
244549,mscoco,0.5083774000406265,0.6657832919198313,0.5457233995199203,0.7771934054323121,0.1,0.25,0.2,1.0
179504,mscoco,0.020101641956716775,0.07188899332406758,0.028543473430909218,0.08529424089898364,0.0,0.0769230769230769,0.1,0.1428571428571428
177353,mscoco,0.05869332486763597,0.21626191980275397,0.05831220094114542,0.1904894294505203,0.1,1.0,0.1,1.0
298830,mscoco,0.2276287790387869,0.6793642151079358,0.3201623722910881,0.5585833708699827,0.1,1.0,0.3,0.5
126182,mscoco,0.08886176943778992,0.21534704400563398,0.12287956848740578,0.34056815314131744,0.0,0.0208333333333333,0.1,0.125
112904,mscoco,0.20807667672634125,0.4069138327678045,0.22112198881804943,0.4812344697197543,0.0,0.0555555555555555,0.1,0.1666666666666666
211080,mscoco,0.06806554961949587,0.17447587915592092,0.09559503458440304,0.26782024830215506,0.0,0.027027027027027,0.5,1.0
526729,mscoco,0.26713350638747213,0.44398373413926956,0.2768137514591217,0.4319166889362725,0.2,0.25,0.1,0.1666666666666666
474180,mscoco,0.14105428326874972,0.3904341600763497,0.09199401456862688,0.33912273781639196,0.1,0.5,0.1,1.0
466083,mscoco,0.14411533921957015,0.39860687195277694,0.15908932201564313,0.33677469576679,0.0,0.05,0.0,0.0285714285714285
154,drawbench,0.046648161672055724,0.1580592084599393,0.0358911216724664,0.16933733580039306,0.0,0.0,0.0,0.0
183805,mscoco,0.09250222388654947,0.23136750910478648,0.0723841529339552,0.2771337034509995,0.1,0.1,0.0,0.0263157894736842
185571,mscoco,0.027326966635882854,0.08105006499624792,0.028106658486649394,0.08229554143942677,0.1,0.5,0.1,1.0
27471,mscoco,0.23373059630393983,0.47146101109300803,0.3443996459245682,0.4717003320881976,0.3,1.0,0.2,0.5
21504,mscoco,0.07294146297499537,0.24582083953738135,0.06748954076319932,0.18728016121100352,0.1,1.0,0.1,0.1111111111111111
422676,mscoco,0.1771547682583332,0.6738977357804306,0.18962736502289773,0.46154302907911393,0.1,1.0,0.1,0.5
452930,mscoco,0.12831149231642486,0.3105562596605974,0.1232948999851942,0.2083806683625573,0.0,0.0625,0.2,0.3333333333333333
473500,mscoco,0.10588730461895465,0.2734390055708664,0.08537340313196182,0.29244094051269887,0.1,0.5,0.1,0.1428571428571428
32708,mscoco,0.10043433532118798,0.23581524615894486,0.1729864940047264,0.4442405721057122,0.2,0.1666666666666666,0.4,1.0
578255,mscoco,0.3280544802546501,0.7050321827353572,0.5117554634809494,0.7577085927299937,0.1,0.3333333333333333,0.1,1.0
249792,mscoco,0.03339028023183346,0.14741069996409437,0.03272562446072698,0.1434379581257885,0.1,1.0,0.1,1.0
188795,mscoco,0.22868416793644428,0.39772687095914966,0.2579622969031334,0.4807708856455578,0.3,1.0,0.5,0.3333333333333333
299205,mscoco,0.012961145071312786,0.05134264372423335,0.013963165786117315,0.05566713010787271,0.1,1.0,0.2,1.0
404406,mscoco,0.06101530296728015,0.21653663433151327,0.06940380055457354,0.19730687295757032,0.1,1.0,0.1,1.0
145690,mscoco,0.15540427714586258,0.49011304435691533,0.19287460967898368,0.5519623363937373,0.0,0.0277777777777777,0.1,1.0
400332,mscoco,0.2789261072874069,0.4993450638951122,0.3521400809288025,0.7288778000159567,0.2,0.25,0.2,1.0
202810,mscoco,0.13437035977840422,0.29343584123457567,0.1520717479288578,0.2679646170850929,0.2,0.2,0.1,0.125
52,drawbench,0.07331431470811367,0.17226509125451187,0.08849491886794567,0.1959678786865671,0.0,0.0,0.0,0.0
225700,mscoco,0.41804528534412383,0.6732774148373173,0.5241423338651657,0.7993039492029363,0.1,0.1428571428571428,0.2,0.25
273106,mscoco,0.12209044955670834,0.29102292025473564,0.19081005752086638,0.3763369439441176,0.0,0.0263157894736842,0.0,0.0588235294117647
394840,mscoco,0.08191298581659794,0.26143372922120633,0.09108677133917809,0.28632534244746033,0.1,1.0,0.2,1.0
323810,mscoco,0.3476229004561901,0.6438030415279974,0.3113173544406891,0.6216356011225767,0.5,1.0,0.5,1.0
174892,mscoco,0.18123007267713548,0.3863748701012123,0.16270073503255844,0.3507599842974317,0.4,0.1428571428571428,0.2,0.1666666666666666
365507,mscoco,0.24072089344263076,0.3987071756498598,0.3027894154191017,0.4858545683625169,0.4,0.25,0.7,1.0
531963,mscoco,0.043911516293883325,0.1641178383347467,0.10642923042178154,0.2712287034077808,0.0,0.0555555555555555,0.1,0.1428571428571428
214127,mscoco,0.13439847901463509,0.3798714064483223,0.19949416182935237,0.4318225603779377,0.2,0.3333333333333333,0.2,0.1111111111111111
230991,mscoco,0.11282588951289654,0.28122713396020166,0.12855360247194766,0.276746665238115,0.1,1.0,0.6,1.0
552962,mscoco,0.2284116715192795,0.44984566622463423,0.2779482901096344,0.4101219936175011,0.1,1.0,0.1,0.1111111111111111
534565,mscoco,0.2597906291484833,0.4485680078695673,0.28120228350162507,0.4485439791480451,0.8,1.0,0.7,1.0
423647,mscoco,0.174541999027133,0.32563557792499465,0.18461269214749337,0.47939668197660207,0.2,0.1666666666666666,0.3,0.5
48,drawbench,0.06296587446704507,0.1752355459706704,0.07021346315741539,0.18326538523352146,0.0,0.0,0.0,0.0
50480,mscoco,0.06765756960958243,0.14992071081972155,0.05946429651230574,0.1980150951255455,0.0,0.0089285714285714,0.1,0.125
138768,mscoco,0.20018768087029457,0.46486854850465703,0.23393025249242783,0.5144957484281263,0.2,0.5,0.1,0.25
480482,mscoco,0.08165137656033039,0.19912147313833053,0.08928201571106911,0.2737880313198182,0.1,0.5,0.1,0.5
150024,mscoco,0.0685718258842826,0.22606644281767332,0.06743732495233416,0.3523849017908329,0.2,0.5,0.2,1.0
94793,mscoco,0.04706416763365269,0.15643485984264913,0.07303706016391516,0.21077958214749662,0.0,0.04,0.2,1.0
378313,mscoco,0.02416972266510129,0.08499432604597844,0.041061398759484294,0.12745111982438234,0.0,0.0021231422505307,0.1,1.0
504921,mscoco,0.7204785108566284,0.9208155495527459,0.7195039063692092,0.8971626580188707,1.0,1.0,1.0,1.0
292116,mscoco,0.06514964532107115,0.23842907012434197,0.11528901010751724,0.3032271077831486,0.0,0.0084033613445378,0.1,1.0
109012,mscoco,0.38538399487733843,0.6293685955044049,0.37920033037662504,0.501652451773973,0.4,1.0,0.8,0.5
504657,mscoco,0.22409617826342582,0.3677823615408256,0.47480585873126985,0.6905507218817252,0.2,0.1428571428571428,0.9,1.0
72850,mscoco,0.16558101326227187,0.3984410386166259,0.1875437270849943,0.3039306316027578,0.0,0.0434782608695652,0.4,1.0
273316,mscoco,0.20650289952754974,0.5528164410631611,0.27428912967443464,0.5980091814218651,0.3,1.0,0.3,1.0
354261,mscoco,0.012638192321173847,0.03629052695293654,0.021595808444544673,0.06233510624243738,0.0,0.0909090909090909,0.0,0.0833333333333333
54437,mscoco,0.43883818536996844,0.6711841573923086,0.40191305726766585,0.5410506947724134,0.5,1.0,0.1,0.1666666666666666
249251,mscoco,0.11554942242801189,0.2328218126752932,0.17039772644639015,0.2865159273733895,0.2,0.5,0.1,0.5
99747,mscoco,0.06123523786664009,0.1591698020762365,0.06637233048677445,0.16179804027982336,0.6,0.5,0.6,1.0
23976,mscoco,0.2828629486262798,0.411438028425558,0.24719040617346763,0.40366759918493866,0.1,0.3333333333333333,0.3,0.2
295295,mscoco,0.34434735402464867,0.6175468454996682,0.3303569510579109,0.443242620869782,0.3,0.25,0.4,0.3333333333333333
32712,mscoco,0.3110775355249643,0.3577931422547648,0.42492484748363496,0.541331524480939,0.0,0.0625,0.1,0.125
4616,mscoco,0.031459884345531465,0.13254535378978397,0.033349595684558156,0.11192907949121433,0.1,0.5,0.1,1.0
529096,mscoco,0.07178783230483532,0.25591687739674224,0.07864634282886981,0.2557266788145309,0.1,1.0,0.2,1.0
537349,mscoco,0.06481439508497715,0.14446574866983908,0.06140083521604538,0.2274500876611766,0.0,0.0625,0.0,0.0434782608695652
367853,mscoco,0.2289375152438879,0.46875912164524525,0.2818769127130508,0.4742520044629687,0.2,1.0,0.5,1.0
323231,mscoco,0.06269749188795685,0.16580286357267254,0.060631435737013815,0.18202906244796385,0.0,0.003076923076923,0.1,0.125
385317,mscoco,0.2961514174938202,0.5586229804213418,0.2517937496304512,0.38294163735026665,0.3,0.3333333333333333,0.1,1.0
284192,mscoco,0.06865815371274948,0.1984127719717769,0.06918557099997998,0.22169339967126864,0.1,1.0,0.1,1.0
384790,mscoco,0.21239149570465088,0.42321572052700296,0.20953600332140923,0.5400260048418339,0.0,0.0769230769230769,0.0,0.0384615384615384
237758,mscoco,0.17973655238747596,0.40921972690153424,0.14201342165470124,0.3258492352187409,0.4,1.0,0.5,0.25
201134,mscoco,0.0831403371412307,0.5520204632119543,0.10322668142616749,0.34751737065609556,0.1,1.0,0.1,0.5
33,drawbench,0.1914344310760498,0.6681398755038644,0.1289073510095477,0.31153992740730957,0.0,0.0,0.0,0.0
220118,mscoco,0.19449831321835517,0.37660089908098254,0.20295736342668533,0.4410361984397683,0.0,0.0169491525423728,0.1,1.0
182118,mscoco,0.012451119511388243,0.04651673831417635,0.012257459003012627,0.04104851655328948,0.0,0.0076923076923076,0.1,1.0
101569,mscoco,0.25267303362488747,0.5044919398078531,0.31853387504816055,0.4143174977782966,0.2,1.0,0.3,0.5
111754,mscoco,0.3810079164803028,0.4889104240618345,0.5076443031430244,0.6240626753329744,0.2,0.2,0.8,1.0
209920,mscoco,0.0899165004491806,0.23991996944924487,0.08137534521520137,0.252368839423754,0.0,0.0333333333333333,0.1,0.1666666666666666
534426,mscoco,0.0987077496945858,0.3188220963624207,0.11509069390594959,0.2725780016892195,0.1,0.125,0.4,0.5
165298,mscoco,0.11769651882350445,0.3244993555531823,0.12400995418429375,0.23364210138067107,0.1,0.1666666666666666,0.0,0.0833333333333333
289007,mscoco,0.05047516319900751,0.16327038753929135,0.07298196107149124,0.20832100764887587,0.0,0.0625,0.1,1.0
11796,mscoco,0.1168357066810131,0.21090379453838895,0.09594123847782612,0.27382948119506295,0.1,0.5,0.1,1.0
537135,mscoco,0.11567157432436943,0.4001641408689548,0.07466664910316467,0.3287305264369526,0.1,0.5,0.2,1.0
120977,mscoco,0.06820123344659805,0.17414510949207215,0.06297858189791442,0.21141364553923828,0.1,0.5,0.1,0.25
259103,mscoco,0.17953859884291887,0.3283231566737324,0.13011235892772674,0.2981313820671567,0.0,0.0357142857142857,0.1,0.5
49073,mscoco,0.17706480398774146,0.39250112364027134,0.19147312119603158,0.3906809343153946,0.0,0.00074294205052,0.0,0.0049261083743842
387855,mscoco,0.046026660781353715,0.13424397946455688,0.04858772419393063,0.18789100596789512,0.0,0.0050251256281407,0.1,0.5
252549,mscoco,0.09372031725943089,0.29097477744583733,0.08792461045086383,0.30215106691519494,0.1,0.25,0.1,0.5
506232,mscoco,0.17699413001537323,0.47152303390106226,0.19419455379247666,0.47295625020639015,0.1,1.0,0.4,1.0
178876,mscoco,0.3520532950758934,0.5149814481138941,0.3319495052099228,0.4589376779832351,0.1,0.1,0.1,1.0
98709,mscoco,0.06455658562481403,0.17797452163397,0.0851568205282092,0.23688304967014986,0.2,0.3333333333333333,0.5,1.0
83328,mscoco,0.038764993636868895,0.15161961387585313,0.10670716390013694,0.3764854126178983,0.1,0.1,0.2,1.0
467180,mscoco,0.02190674701705575,0.07784838470870843,0.0686921425163746,0.18194784470780867,0.2,1.0,0.0,0.0833333333333333
362244,mscoco,0.18256336636841297,0.3917652676402198,0.21700530871748924,0.3984938679570124,0.3,1.0,0.1,0.1428571428571428
382182,mscoco,0.15326086804270744,0.26193126861913424,0.17526291981339454,0.47567063897124323,0.2,0.3333333333333333,0.3,1.0
79545,mscoco,0.25469028055667875,0.42592231469713004,0.3118073269724846,0.600921055265712,0.0,0.0909090909090909,0.2,0.1666666666666666
516233,mscoco,0.006197889382019639,0.0258336640181802,0.004631844832329079,0.029253391023515533,0.1,0.3333333333333333,0.1,1.0
544127,mscoco,0.0968913845717907,0.23840215331444867,0.08673936296254396,0.24974555294829562,0.1,0.5,0.1,0.1428571428571428
97734,mscoco,0.05993519313633442,0.14677784329748034,0.058121854066848756,0.15921534094656492,0.2,0.5,0.4,1.0
29752,mscoco,0.11778926104307175,0.21287233629117147,0.20193124562501907,0.39751806706470827,0.1,0.5,0.1,1.0
412491,mscoco,0.03057183502241969,0.09302056813427673,0.025809705164283513,0.08808112958271662,0.1,0.3333333333333333,0.0,0.0526315789473684
111,drawbench,0.02875777743756771,0.11264988127833095,0.05039414782077074,0.14740369918827004,0.1,0.3333333333333333,0.0,0.0052910052910052
354929,mscoco,0.06022475063800812,0.14501917712135368,0.04553961493074894,0.16628974253214873,0.1,0.25,0.1,1.0
558242,mscoco,0.2410598374903202,0.4958560882949179,0.2963410347700119,0.4443097199255166,0.0,0.0416666666666666,0.1,0.25
462129,mscoco,0.054662698041647674,0.15427086129879874,0.060303042829036715,0.1574394939825507,0.0,0.0065359477124183,0.0,0.0555555555555555
462925,mscoco,0.2502483606338501,0.6658988114333003,0.33974758684635165,0.7571764858988268,0.3,0.5,0.3,1.0
45343,mscoco,0.07791928136721253,0.22969831189913698,0.047133549209684135,0.1991865500036777,0.1,1.0,0.1,1.0
538299,mscoco,0.13064303994178772,0.34572675215324145,0.11367615312337875,0.229052010600396,0.1,1.0,0.2,0.2
245002,mscoco,0.287508125603199,0.40381489342837773,0.3805789649486542,0.5671975259455585,0.6,0.3333333333333333,0.9,1.0
259414,mscoco,0.08302307166159154,0.24554981553135896,0.0703928766772151,0.21202052537741814,0.0,0.0131578947368421,0.0,0.0147058823529411
130314,mscoco,0.0669376858510077,0.26872464670824203,0.07181674037128687,0.287174295595669,0.1,1.0,0.1,1.0
544120,mscoco,0.08364334767684341,0.2352092231679029,0.04914312353357673,0.2352361766705253,0.0,0.0062111801242236,0.0,0.04
196510,mscoco,0.10504460483789443,0.37176763842649274,0.12381350286304951,0.30579460511422696,0.0,0.0172413793103448,0.0,0.0333333333333333
226197,mscoco,0.10690000653266907,0.2440727901774357,0.20742330327630043,0.38891878243142225,0.0,0.05,0.2,0.2
500568,mscoco,0.06817681938409806,0.20989107981718327,0.06861260104924441,0.26093000220646273,0.1,0.125,0.1,1.0
351149,mscoco,0.11743635311722755,0.3281658465210833,0.10671775955706835,0.3146123371721747,0.0,0.0416666666666666,0.0,0.0769230769230769
298600,mscoco,0.054020659253001216,0.12343558368630889,0.07392758037894964,0.22407654009157577,0.0,0.024390243902439,0.3,1.0
434027,mscoco,0.4010595604777336,0.5866273253099509,0.41346220672130585,0.5997480803356537,0.0,0.037037037037037,0.2,1.0
116851,mscoco,0.07416806034743786,0.20551751763197082,0.09005175903439522,0.2764652590056764,0.4,1.0,0.5,1.0
364567,mscoco,0.3463194664567709,0.6957527802960585,0.5680134326219559,0.7087480579359994,0.2,0.3333333333333333,0.6,1.0
363957,mscoco,0.20737465843558311,0.4984736055821047,0.1979515589773655,0.3478529903657738,0.8,1.0,0.9,1.0
568974,mscoco,0.008076686668209732,0.0315963603470968,0.013508222065865993,0.040375306528552916,0.0,0.0059523809523809,0.1,1.0
223739,mscoco,0.056651091948151586,0.17046754989595123,0.06869718004018069,0.25181615153467957,0.0,0.0588235294117647,0.0,0.0833333333333333
59171,mscoco,0.6529243052005768,0.8409070360729022,0.728287011384964,0.8730619949953842,0.7,1.0,0.9,1.0
521218,mscoco,0.11416854448616505,0.29873473076352686,0.14583482444286347,0.28542221048181954,0.4,1.0,0.8,1.0
367329,mscoco,0.13011552952229977,0.28413175707929417,0.18462696075439453,0.4094413223163324,0.1,0.25,0.4,1.0
352061,mscoco,0.06854401901364326,0.21485456007991552,0.10779468566179276,0.2504082253738684,0.2,0.125,0.2,1.0
484636,mscoco,0.2707209065556526,0.5011935036613373,0.2866068176925182,0.3855605542340056,0.1,0.1428571428571428,0.1,1.0
264461,mscoco,0.08956664130091667,0.2091838048203835,0.18034434877336025,0.42372375518168803,0.0,0.0085470085470085,0.0,0.0384615384615384
148165,mscoco,0.016377935465425254,0.10756322702297964,0.024815514963120223,0.08719650552626848,0.1,1.0,0.0,0.024390243902439
429593,mscoco,0.04652680959552526,0.10713634023593603,0.04142043255269527,0.13832967933924042,0.1,0.5,0.1,1.0
15757,mscoco,0.17206519842147827,0.36256359889382833,0.21342123076319694,0.4329977675625943,0.0,0.0153846153846153,0.1,0.1111111111111111
37032,mscoco,0.042566008772701024,0.14514073915461956,0.2065734438598156,0.3925182475109501,0.0,0.0769230769230769,0.9,1.0
99515,mscoco,0.07229438945651054,0.23668066476322722,0.09201474376022815,0.30293827415006847,0.0,0.0022573363431151,0.0,0.0769230769230769
501624,mscoco,0.5361593186855316,0.6700341454995036,0.5880702942609787,0.764888369475214,0.7,1.0,0.8,1.0
91780,mscoco,0.15990923419594766,0.5155158782704143,0.18943177536129951,0.5111771478456268,0.1,0.5,0.1,0.5
473195,mscoco,0.08293289225548506,0.20759758228388422,0.08519738577306271,0.2244346293161973,0.0,0.0010111223458038,0.0,0.0059171597633136
200241,mscoco,0.05500869080424309,0.22064461296057014,0.05270323008298874,0.2217877156233399,0.1,1.0,0.1,1.0
20966,mscoco,0.19919150248169898,0.3227896967333489,0.18785219937562941,0.4297672199800548,0.4,0.25,0.5,1.0
477005,mscoco,0.16917821019887924,0.3546246171114658,0.18801858946681022,0.4407882792528493,0.4,0.5,0.6,1.0
568281,mscoco,0.02380747441202402,0.06765150288368761,0.04591727526858449,0.16998115159715624,0.1,0.25,0.1,0.1428571428571428
289075,mscoco,0.033036697562783955,0.1551207655029292,0.0534488283097744,0.1749579770089321,0.1,1.0,0.1,1.0
315211,mscoco,0.02309897430241108,0.10806812119328273,0.02722836285829544,0.10210426430828336,0.1,1.0,0.1,1.0
370763,mscoco,0.08527650684118271,0.304036375488235,0.11778070032596588,0.3203999251347978,0.1,1.0,0.4,1.0
245337,mscoco,0.1480521373450756,0.3909455448188643,0.2179744102060795,0.3280389905659603,0.3,1.0,0.2,0.5
359085,mscoco,0.03541493024677038,0.13616622197586944,0.03027987773530185,0.12005802757692531,0.1,1.0,0.1,1.0
151956,mscoco,0.06967331077903509,0.3247143541349617,0.08363209431990981,0.18833384470864326,0.2,0.3333333333333333,0.2,1.0
442666,mscoco,0.09068254269659519,0.27113843274364774,0.07268120720982552,0.20514058068540067,0.0,0.0833333333333333,0.1,0.1111111111111111
139214,mscoco,0.17390212044119835,0.3059044249437546,0.17077649086713792,0.28530866906802854,0.2,0.1666666666666666,0.2,0.5
112586,mscoco,0.12493750713765621,0.30621161028820876,0.12990888133645057,0.2787874969456749,0.6,1.0,0.3,1.0
277080,mscoco,0.3795873366296291,0.7747882957279566,0.3918323278427124,0.6869437410467019,0.5,0.5,0.4,0.5
497261,mscoco,0.13286509811878205,0.29113620877706375,0.15430125817656518,0.3437503875423342,0.0,0.032258064516129,0.0,0.024390243902439
421314,mscoco,0.19128429144620895,0.2466597025815209,0.25266511663794516,0.36661516452238185,0.3,0.1428571428571428,0.1,1.0
9288,mscoco,0.23841479569673538,0.4914280185780496,0.24105111211538316,0.6611149456169115,0.7,1.0,0.6,1.0
249587,mscoco,0.08688817024230958,0.19583011326933059,0.16789501830935477,0.37135080711931506,0.2,0.5,0.3,0.25
169179,mscoco,0.16499783098697662,0.29385509770202295,0.22886712476611137,0.3639373399389351,0.2,0.1111111111111111,0.4,0.2
446521,mscoco,0.09364105015993118,0.22347548424428157,0.10223134011030197,0.37729456512799303,0.0,0.0109890109890109,0.0,0.05
203098,mscoco,0.053034028597176076,0.18090909270123973,0.06548280157148838,0.17215777304676508,0.6,1.0,1.0,1.0
83102,mscoco,0.08040892258286476,0.31676551840404854,0.07245426550507546,0.22971952155721004,0.1,0.1428571428571428,0.0,0.0909090909090909
105,drawbench,0.026224715076386927,0.07309115345312332,0.03235232178121805,0.09208843158103673,0.0,0.0175438596491228,0.0,0.0769230769230769
254989,mscoco,0.08137891143560409,0.1966378357031642,0.13355361819267272,0.3076135847818095,0.3,0.25,0.4,1.0
474528,mscoco,0.05381888514384627,0.18392956328428844,0.04659163895994425,0.13444446627400336,0.1,0.125,0.1,0.25
523546,mscoco,0.05688994703814387,0.32896084003888515,0.06070341095328331,0.32128243417414964,0.1,1.0,0.1,1.0
371256,mscoco,0.07827863320708275,0.21356490856430874,0.04575154902413488,0.13505830784121686,0.2,1.0,0.1,0.25
444453,mscoco,0.061519037745893,0.24155697102070045,0.05349977035075426,0.22957617712531767,0.1,1.0,0.1,1.0
127515,mscoco,0.20905579701066018,0.43467733920164053,0.2043926604092121,0.4117959056058287,0.0,0.015625,0.0,0.0909090909090909
15667,mscoco,0.4388929560780525,0.6860597312143367,0.49871318936347964,0.7320368421364631,0.5,0.5,0.8,1.0
525851,mscoco,0.11213329816237091,0.311151199734645,0.07954853195697069,0.2699035513028835,0.7,1.0,0.4,1.0
63777,mscoco,0.11249359883368015,0.22856337259761078,0.14898952469229698,0.3238823296649685,0.1,1.0,0.1,0.125
247422,mscoco,0.09641488138586282,0.2583516051906189,0.060263989679515365,0.17952219521922871,0.2,0.5,0.1,1.0
227724,mscoco,0.05745457522571087,0.16227994197793777,0.052706500701606276,0.13212673766285213,0.0,0.0344827586206896,0.1,0.1428571428571428
419828,mscoco,0.032269952027127145,0.16792318183914565,0.027727413619868458,0.16291694525639444,0.1,1.0,0.1,1.0
123166,mscoco,0.2343152601271868,0.36764761940525137,0.2420377291738987,0.42707763296361034,0.0,0.0285714285714285,0.1,0.5
146236,mscoco,0.019053732557222248,0.0468393742634953,0.02025769869796932,0.06961402715602329,0.1,0.1111111111111111,0.1,0.25
264406,mscoco,0.31724065691232683,0.6959646194879959,0.21047252044081688,0.5860246201771058,0.2,0.5,0.2,1.0
311709,mscoco,0.212630994617939,0.347240978514809,0.24487825483083725,0.4511452743915524,0.1,1.0,0.5,1.0
54086,mscoco,0.14214651361107827,0.3279958055908142,0.1238632284104824,0.3583974708268597,0.0,0.015625,0.0,0.0042918454935622
124729,mscoco,0.19516749083995819,0.491726325317547,0.19988619163632393,0.45586290994471157,0.9,1.0,0.8,1.0
521334,mscoco,0.0325421569403261,0.12313102634600077,0.031965567357838155,0.09484525198829775,0.1,0.25,0.1,0.5
400309,mscoco,0.015849626529961823,0.056106489232559266,0.028643451631069183,0.10998322597472693,0.0,0.0625,0.1,1.0
385601,mscoco,0.19904352873563766,0.32538063908197223,0.24441706389188766,0.32826174609475717,0.4,0.5,0.5,1.0
39978,mscoco,0.20983692035079002,0.4308867864318097,0.17091356590390205,0.3263294277110044,0.3,0.25,0.3,1.0
444949,mscoco,0.17256001457571984,0.44519217400910843,0.1614628966897726,0.32279082885923127,0.1,0.3333333333333333,0.1,0.2
428178,mscoco,0.13104526773095132,0.3253018875931535,0.16503361016511917,0.3467416490621078,0.0,0.0069930069930069,0.0,0.0131578947368421
120416,mscoco,0.4776228487491608,0.6379486577918504,0.4902449682354927,0.754777381971938,0.6,1.0,0.8,1.0
52281,mscoco,0.1861801750957966,0.30258939804383483,0.25851373225450514,0.4385314726364126,0.1,0.125,0.2,0.3333333333333333
187592,mscoco,0.06732048187404871,0.2030701734884015,0.0630209069699049,0.20788885761889586,0.2,0.25,0.3,1.0
98478,mscoco,0.009649655339308083,0.03855163256237709,0.01413312794174999,0.051697932125262656,0.1,0.1428571428571428,0.1,1.0
471599,mscoco,0.09274822883307934,0.1799854282138392,0.08602456003427505,0.22820646184196078,0.1,0.1666666666666666,0.2,1.0
136232,mscoco,0.049296635948121545,0.15867081441662842,0.11056232564151287,0.22181245585746795,0.0,0.0555555555555555,0.0,0.0833333333333333
270740,mscoco,0.2461837761104107,0.4117392694917273,0.34925131797790526,0.5155732809910307,0.1,1.0,0.5,0.3333333333333333
310536,mscoco,0.27915202975273135,0.5689999287702252,0.4077808439731598,0.703434077427367,0.2,1.0,0.4,0.5
469515,mscoco,0.0341681333258748,0.1036440024413339,0.03540720567107201,0.12678050919940198,0.0,0.0032051282051282,0.1,0.3333333333333333
251252,mscoco,0.12036540135741233,0.2582314151599857,0.13406615741550923,0.3522457674257766,0.2,0.2,0.4,1.0
560646,mscoco,0.22355533242225648,0.40781566944639036,0.2378420889377594,0.44261494247748334,0.6,1.0,1.0,1.0
36029,mscoco,0.17071316689252852,0.382132123046994,0.16763297021389006,0.4511429715863282,0.1,0.5,0.1,1.0
302216,mscoco,0.2460981760174036,0.5123846641767024,0.35561929941177367,0.6007751675848999,0.1,0.3333333333333333,0.3,1.0
178156,mscoco,0.18786439523100854,0.46811299418076946,0.09735926482826471,0.20702207077268184,0.0,0.0022573363431151,0.0,0.0135135135135135
535604,mscoco,0.19450497291982174,0.44916461680067615,0.18985384926199914,0.3784537862139168,0.6,1.0,0.3,0.5
462577,mscoco,0.20969876945018767,0.3707413468583247,0.23649636507034302,0.43429288274154293,0.0,0.0666666666666666,0.4,0.5
360585,mscoco,0.2615153037011623,0.41639883033756353,0.2892066493630409,0.4955245672335188,0.4,0.25,0.6,0.5
336764,mscoco,0.10592909939587117,0.3146784488972927,0.09448122046887875,0.24118323020541338,0.0,0.0128205128205128,0.1,0.1111111111111111
277237,mscoco,0.05077485479414463,0.17233642884732084,0.060185357555747034,0.1561748449738948,0.1,0.1666666666666666,0.2,0.5
11326,mscoco,0.07690316801890731,0.22341654992970178,0.08993848264217377,0.30217597029284254,0.1,0.5,0.1,1.0
243443,mscoco,0.05296855606138706,0.14605828679749994,0.06133920196443796,0.18613198245175652,0.2,0.1666666666666666,0.3,0.25
97724,mscoco,0.15976327583193778,0.3937413128165445,0.2775046840310097,0.4184467078811886,0.0,0.0555555555555555,0.3,0.5
248753,mscoco,0.05117161171510816,0.16489395282122435,0.04650696255266666,0.21619358789205834,0.0,0.0277777777777777,0.0,0.0095238095238095
331676,mscoco,0.1048918379470706,0.22836569285306732,0.35927342921495437,0.8093502560551643,0.0,0.0217391304347826,0.1,1.0
169500,mscoco,0.052412457391619684,0.24109744476516032,0.05502699017524719,0.14235334432982982,0.1,0.125,0.2,1.0
475035,mscoco,0.22349699661135675,0.6049005289232263,0.2141071304678917,0.3818083489032018,0.2,0.1428571428571428,0.3,0.3333333333333333
383923,mscoco,0.22406685575842858,0.39014459906317167,0.26034008637070655,0.49210627513801386,0.4,0.2,0.4,1.0
330229,mscoco,0.10096864439547062,0.23232277003891305,0.17970758602023124,0.3193135927522191,0.0,0.0476190476190476,0.3,1.0
259421,mscoco,0.17570185512304307,0.5441493498737027,0.2485062971711159,0.461694386579473,0.1,1.0,0.1,0.2
453558,mscoco,0.09126041680574418,0.2751086369040103,0.10214794315397739,0.2628096522848659,0.1,0.1428571428571428,0.1,1.0
47632,mscoco,0.0558701379224658,0.15404296054301997,0.05973677821457386,0.1599612732416815,0.0,0.0909090909090909,0.1,0.5
556406,mscoco,0.12557112872600557,0.27626723713644297,0.21321457177400588,0.4393336079922659,0.4,1.0,0.4,0.3333333333333333
205563,mscoco,0.25255790948867796,0.36463394012188705,0.23758476078510285,0.4409321681506815,0.5,0.25,0.2,1.0
358287,mscoco,0.26933787316083907,0.5235880690990246,0.2416124776005745,0.4284093696139189,0.1,0.1428571428571428,0.3,0.5
172727,mscoco,0.20104010477662088,0.48727038303209846,0.1883774634450674,0.47453882970652234,0.1,1.0,0.1,1.0
274148,mscoco,0.09071622937917709,0.26000597576345835,0.1268242634832859,0.3420616384968993,0.0,0.0147058823529411,0.2,0.125
395957,mscoco,0.06315819211304188,0.17593297822208814,0.07558537647128105,0.21049602941520812,0.0,0.0555555555555555,0.2,0.5
27656,mscoco,0.2248915269970894,0.2976909564934999,0.39600797146558764,0.7527039306172791,0.5,1.0,0.9,1.0
535663,mscoco,0.14807792976498604,0.25579259677101535,0.18396257758140563,0.3338664913670455,0.3,0.3333333333333333,0.3,0.3333333333333333
59012,mscoco,0.10359400268644095,0.27000207458318715,0.16632056459784508,0.3960186702041146,0.1,0.5,0.1,1.0
338732,mscoco,0.04423321047797799,0.11631295851817162,0.024684668891131877,0.09932279224122477,0.1,1.0,0.1,1.0
34800,mscoco,0.07421449366956949,0.16064521733841253,0.10672778673470021,0.29780774474690824,0.0,0.027027027027027,0.3,0.5
78290,mscoco,0.1454079881310463,0.31749395159956306,0.2890074923634529,0.550078151170658,0.0,0.0028328611898017,0.1,0.1428571428571428
34235,mscoco,0.1541318915784359,0.3501961819546413,0.1556717723608017,0.3004178749706911,0.0,0.0344827586206896,0.1,0.5
149993,mscoco,0.29130021184682847,0.4603388621113032,0.30189370140433314,0.6084847888452972,0.1,0.1666666666666666,0.2,1.0
92,drawbench,0.08818686436861753,0.22753592273775877,0.08514320068061351,0.20757659832894518,0.0,0.0769230769230769,0.0,0.0019920318725099
289739,mscoco,0.0721783684566617,0.25944480254061264,0.06855873847380281,0.21437518342432743,0.1,0.1,0.0,0.0217391304347826
11,drawbench,0.14695838131010533,0.45053585366356586,0.13304211832582952,0.2812379437880713,0.0,1.886863655232273e-05,0.0,1.9478748685184465e-05
394681,mscoco,0.026855976972728967,0.08872482812285866,0.03409245208604261,0.08583292041741221,0.1,0.3333333333333333,0.1,0.1428571428571428
404984,mscoco,0.08976578991860151,0.23067990123790552,0.07036021463572979,0.21170213633322207,0.0,0.003831417624521,0.0,0.0095238095238095
95777,mscoco,0.10431929528713227,0.27859034947529127,0.16762438490986825,0.39763913356730896,0.2,0.5,0.2,0.25
516158,mscoco,0.04921385459601879,0.14063771529575808,0.06298967944458127,0.21532533796694547,0.0,0.015625,0.1,0.25
223569,mscoco,0.21674170792102815,0.3787754952624681,0.44027187377214433,0.6829704972794949,0.1,1.0,0.3,1.0
107782,mscoco,0.12520625069737434,0.3198668147812833,0.11107152663171291,0.22571935604500643,0.1,0.25,0.4,0.5
98881,mscoco,0.011214509420096875,0.04175907608376548,0.0161943371174857,0.051218487764490866,0.1,1.0,0.1,1.0
94045,mscoco,0.22432924434542656,0.3719780932409372,0.24381240457296371,0.448545434858751,0.3,0.3333333333333333,1.0,1.0
498015,mscoco,0.008102244837209583,0.039261538073076654,0.0028101406409405173,0.01126850211716428,0.1,1.0,0.0,0.0526315789473684
451172,mscoco,0.06830166224390269,0.21570285584891577,0.049275498546194285,0.2417424770304338,0.1,0.3333333333333333,0.1,1.0
535211,mscoco,0.02437303466722369,0.08530945344174361,0.02443578988313675,0.0787229730743039,0.1,0.25,0.1,0.5
18476,mscoco,0.0256373031064868,0.10441823549441846,0.03219934273511171,0.1047917885268997,0.1,1.0,0.1,1.0
275930,mscoco,0.0740446388721466,0.21086815418293878,0.10434858873486519,0.27933898490653547,0.0,0.0833333333333333,0.1,1.0
507434,mscoco,0.027567552495747806,0.0836396106163816,0.014996276423335075,0.05477213561415423,0.1,0.25,0.0,0.0020366598778004
29122,mscoco,0.043934556376188996,0.11470515608311013,0.05091225393116474,0.20815106347323117,0.0,0.0769230769230769,0.1,1.0
116204,mscoco,0.17292775884270667,0.29096922009790804,0.23351510018110275,0.37479907510937893,0.4,1.0,0.4,0.5
274815,mscoco,0.14038383029401302,0.2671865677211992,0.11947652623057366,0.32149609946395846,0.2,0.25,0.1,0.3333333333333333
507215,mscoco,0.10736535601317883,0.28075736524500433,0.12161393500864506,0.3516964409866513,0.4,0.25,0.2,0.5
559658,mscoco,0.09609767347574234,0.21890141632671908,0.11041911616921425,0.2592194348697501,0.4,0.3333333333333333,0.5,0.5
344157,mscoco,0.7841554701328277,0.8780144005740231,0.8289218664169311,0.9268432704404715,1.0,1.0,1.0,1.0
327768,mscoco,0.1120768129825592,0.2597634576027349,0.07727081459015608,0.259066431946272,0.2,1.0,0.2,1.0
35424,mscoco,0.10868198573589324,0.24593097647786138,0.21790881305933,0.3223563345711151,0.2,1.0,0.5,1.0
412698,mscoco,0.10578581616282463,0.3052369800082423,0.0891454741358757,0.2911226308354781,0.2,1.0,0.1,1.0
502588,mscoco,0.22291964143514634,0.37987731325393764,0.16099455524235964,0.36263919509927056,0.5,0.3333333333333333,0.5,1.0
515527,mscoco,0.08282047221437097,0.3978751784452453,0.07865498615428805,0.3884520131786288,0.1,1.0,0.1,1.0
382958,mscoco,0.11279570236802101,0.2518247002313353,0.11662314608693122,0.2693205778075433,0.0,0.0666666666666666,0.1,0.5
166975,mscoco,0.08868652954697609,0.18998158350175062,0.09551108703017235,0.30758075434492205,0.1,0.5,0.1,0.125
397640,mscoco,0.248728945851326,0.4831965586096291,0.3425133749842644,0.6251411144922342,0.1,0.25,0.1,0.1666666666666666
462880,mscoco,0.04226361829787493,0.17431912580335354,0.0319973174482584,0.1600345965233936,0.1,1.0,0.1,1.0
104808,mscoco,0.06422857232391835,0.16962106075857544,0.04165254239924252,0.1414906530709898,0.1,0.25,0.0,0.05
30235,mscoco,0.20885833203792573,0.3613192953029902,0.3055995278060436,0.4983996962800908,0.3,0.25,0.7,0.5
513219,mscoco,0.02232387149706483,0.06929225427169079,0.027890059724450113,0.11721228341856826,0.1,0.25,0.2,1.0
63,drawbench,0.006699074665084482,0.02776788444313846,0.009547125734388828,0.030175395290785428,0.0,0.0,0.0,0.0
245771,mscoco,0.06702400352805853,0.22625180677010814,0.07288280203938484,0.19867274870280108,0.4,0.5,0.4,1.0
1375,mscoco,0.2591502726078033,0.41868432131846006,0.4101830214262009,0.6407865092535912,0.4,0.5,0.3,0.1666666666666666
167479,mscoco,0.06233040690422058,0.1607494373058701,0.07703882940113545,0.19275720422707676,0.0,0.0232558139534883,0.3,1.0
124874,mscoco,0.057039576955139636,0.20358267394914586,0.04867963157594204,0.12371368597881678,0.1,0.3333333333333333,0.0,0.0056497175141242
506901,mscoco,0.0473824005573988,0.1524613455251743,0.04881601482629776,0.15879583857411436,0.3,0.2,0.5,1.0
519754,mscoco,0.12072223965078592,0.6462491640503482,0.1103446489199996,0.6547969936752743,0.1,1.0,0.1,1.0
336457,mscoco,0.06467462331056595,0.23890525071079566,0.1215062491595745,0.27028648530745136,0.0,0.0526315789473684,0.4,0.25
290974,mscoco,0.014644932164810599,0.062176401220836154,0.016949762613512574,0.07309659097830483,0.1,1.0,0.1,0.3333333333333333
18918,mscoco,0.3497409030795097,0.6164187927427823,0.31147502511739733,0.4847312452350434,1.0,1.0,0.7,0.3333333333333333
153140,mscoco,0.27026122957468035,0.3954624807945721,0.3763361692428589,0.5767617054126475,0.0,0.0769230769230769,0.3,1.0
83481,mscoco,0.013586046872660518,0.06623085092941075,0.027274947008118035,0.066085970202735,0.2,0.5,0.2,1.0
204473,mscoco,0.04281148612499237,0.1385397005641065,0.032625084719620646,0.08731005130356742,0.0,0.0526315789473684,0.0,0.0476190476190476
419074,mscoco,0.20600005239248276,0.3802419892869262,0.2589599944651127,0.5237944197211634,0.0,0.0357142857142857,0.1,0.125
261235,mscoco,0.03373536951839924,0.10136845188526117,0.0627944802865386,0.2503403748808684,0.0,0.0909090909090909,0.1,1.0
338971,mscoco,0.03785735489800572,0.10985772300750282,0.053657988877967,0.1658954044127306,0.1,0.1,0.1,0.3333333333333333
223183,mscoco,0.5595787078142166,0.7370931487827211,0.6151146948337555,0.8446289158278767,0.9,1.0,0.7,1.0
450711,mscoco,0.06604662938043475,0.2068884394924833,0.06597441229969263,0.2836383487769117,0.1,0.5,0.1,1.0
490187,mscoco,0.2557919308543205,0.541055876565636,0.2529433980584145,0.5434319529005243,0.1,0.5,0.1,0.3333333333333333
564602,mscoco,0.13022733330726624,0.2729424999074444,0.17575123012065888,0.37915512576540694,0.0,0.0188679245283018,0.4,0.5
452201,mscoco,0.19001970961689948,0.4136645437001036,0.15043558217585087,0.3336276572908804,0.0,0.05,0.2,1.0
443334,mscoco,0.1585354845970869,0.2823205747958483,0.19823844432830812,0.41754640433222295,0.3,0.2,0.3,1.0
18075,mscoco,0.3420926839113235,0.614136049531832,0.4993885815143585,0.6211042681852873,0.4,0.3333333333333333,1.0,1.0
50,drawbench,0.08110766597092152,0.1957535686050794,0.1037929005920887,0.2459388458450395,0.0,0.0,0.0,0.0
86,drawbench,0.07297222409397364,0.19332718967143153,0.06860149502754212,0.22907929194454366,0.1,0.125,0.0,0.0555555555555555
171808,mscoco,0.12338661029934883,0.3051843784811201,0.1317394681274891,0.3175116320521931,0.2,0.1428571428571428,0.5,1.0
572487,mscoco,0.04498165845870972,0.15389429167899288,0.06948519553989171,0.18898215327463122,0.0,0.037037037037037,0.2,0.1666666666666666
566765,mscoco,0.06715575950220228,0.2116029673184829,0.0701997211202979,0.19235346236600456,0.1,1.0,0.2,0.5
163514,mscoco,0.14111826270818711,0.4012745548115466,0.1218369361013174,0.3666920978524724,0.1,1.0,0.1,1.0
311128,mscoco,0.2213607519865036,0.4413435859075734,0.24866469986736775,0.5193168283257547,1.0,1.0,0.9,1.0
520858,mscoco,0.15839730724692344,0.3431183769505793,0.3315056532621384,0.5561199686446239,0.0,0.0833333333333333,0.5,0.3333333333333333
271051,mscoco,0.019202343141660094,0.0772185010915663,0.021992335142567754,0.06603560280038785,0.1,0.5,0.1,1.0
532933,mscoco,0.10752956941723824,0.24685142544296995,0.08912171460688115,0.24600603160249337,0.0,0.0434782608695652,0.1,1.0
475974,mscoco,0.11983353421092033,0.3496445247137859,0.19402478635311127,0.44765447671982506,0.1,0.3333333333333333,0.0,0.0217391304347826
206731,mscoco,0.09261276256293058,0.3613540641430911,0.09432275025174022,0.3103419442957242,0.1,0.5,0.1,0.3333333333333333
450212,mscoco,0.15227433182299138,0.3618990699487544,0.1252971224486828,0.28892306290735037,0.1,1.0,0.1,0.3333333333333333
188478,mscoco,0.2143242709338665,0.3745462945741786,0.23792734369635582,0.4134786547915371,0.4,1.0,0.2,1.0
463944,mscoco,0.02797971377149224,0.08217675315093138,0.025046290969476102,0.08233676009908256,0.1,0.1,0.0,0.0294117647058823
521657,mscoco,0.2791219651699066,0.4327326130862968,0.2526951076462865,0.4904278839672292,0.2,1.0,0.1,1.0
310511,mscoco,0.03808332509361208,0.10988033737809147,0.07038087472319603,0.2630437993488205,0.1,0.3333333333333333,0.1,1.0
24859,mscoco,0.10068508461117745,0.2089301825964089,0.25039720684289934,0.441247228828671,0.1,0.1,0.2,1.0
402662,mscoco,0.16550465673208237,0.3955929290006785,0.18286811485886573,0.3818306425988229,0.2,0.25,0.4,1.0
109791,mscoco,0.26402155607938765,0.4935743287564452,0.2925585754215717,0.5630134383045673,0.2,0.3333333333333333,0.3,1.0
62,drawbench,0.0917120710015297,0.2677291119517173,0.11243516840040683,0.3152745278240363,0.0,0.0025839793281653,0.0,0.0023809523809523
298190,mscoco,0.06607407741248608,0.20163444019657967,0.10329804476350546,0.27504486803118167,0.1,0.125,0.3,1.0
86065,mscoco,0.3722319699823856,0.637378469936824,0.5148585677146912,0.6613628908064563,0.4,0.5,0.4,0.25
127726,mscoco,0.05587888122536242,0.29166583664752,0.04468980822712183,0.26254742171850365,0.2,1.0,0.1,1.0
572825,mscoco,0.1145642999559641,0.2887939337023333,0.1728860791772604,0.30818187233089206,0.4,0.5,0.7,1.0
246009,mscoco,0.25173341259360316,0.5092364108150558,0.22117378637194635,0.38166355578032946,0.5,1.0,0.7,1.0
517906,mscoco,0.059034915175288916,0.16551285295196563,0.05038350373506546,0.13445603128050307,0.0,0.0909090909090909,0.1,0.1666666666666666
265256,mscoco,0.12755523398518562,0.3766213639201305,0.14263248555362223,0.2665885225016108,0.0,0.0833333333333333,0.2,1.0
373038,mscoco,0.031237916368991137,0.10526747676666408,0.023538865242153408,0.11396817091222981,0.0,0.0909090909090909,0.1,1.0
53720,mscoco,0.2280770268291235,0.30878492338389407,0.23603579998016358,0.37716978208204355,0.4,0.5,0.8,0.3333333333333333
514116,mscoco,0.03474606797099113,0.11079308377353977,0.04755423702299595,0.1845250438528381,0.0,0.0625,0.3,0.5
395396,mscoco,0.4303464464843273,0.8792828912819481,0.49241489470005034,0.7041244232409684,0.5,1.0,0.8,1.0
118851,mscoco,0.14427550230175257,0.38401782397201706,0.20058188065886498,0.4665697306045213,0.4,1.0,0.6,1.0
198625,mscoco,0.6044960677623749,0.7563150208875112,0.6306272655725479,0.8425160041519365,0.0,0.0333333333333333,0.2,0.2
53,drawbench,0.07937931455671787,0.17544284785487213,0.09747820496559143,0.2200308969033996,0.0,0.0,0.0,0.0
99,drawbench,0.005338950053555891,0.02086243731341992,0.004117520642466843,0.015320134487566937,0.0,0.0,0.0,0.0
132656,mscoco,0.48461462259292604,0.6365939667862258,0.3758681923151016,0.5346925607145916,0.2,0.3333333333333333,0.2,0.5
213276,mscoco,0.04156048409640789,0.11893962671491326,0.02482367944903672,0.08647235505898469,0.1,1.0,0.1,1.0
123974,mscoco,0.08968097865581512,0.24028162514280152,0.14432810684666036,0.23506156574520318,0.5,1.0,0.6,0.5
131,drawbench,0.08034111317247153,0.3724265113013764,0.1238352321088314,0.42963068435821145,0.0,0.0,0.0,0.0
435096,mscoco,0.03216996886767447,0.1405066473389386,0.04017042629420757,0.14820732135452278,0.1,1.0,0.1,1.0
509764,mscoco,0.022396227438002826,0.095875166107542,0.03498506785836071,0.08408448965163398,0.1,0.5,0.0,0.0454545454545454
204273,mscoco,0.26054988205432894,0.40408655771335905,0.22245955169200898,0.3790001818786292,0.1,0.2,0.1,0.125
299768,mscoco,0.19826759845018388,0.5100922233247959,0.3066405519843102,0.4555668828418609,0.0,0.003012048192771,0.3,0.25
135369,mscoco,0.39867537617683413,0.7161228107049835,0.32970980554819107,0.6741379242275476,0.8,1.0,0.6,1.0
508053,mscoco,0.18478381410241126,0.3905385578967924,0.33774111419916153,0.5504172399290796,0.1,0.2,0.2,0.5
475413,mscoco,0.030422403197735547,0.12139957665083197,0.08920159339904785,0.24642868794086945,0.0,0.0434782608695652,0.0,0.027027027027027
44328,mscoco,0.04381485152989626,0.14084660720685255,0.0360675984993577,0.11901376840881296,0.1,1.0,0.1,0.3333333333333333
127743,mscoco,0.13943539895117282,0.3343397849866514,0.1071984525769949,0.2715285608872813,0.2,1.0,0.2,1.0
316842,mscoco,0.13098457492887974,0.2747722464289906,0.12835734002292157,0.30132579726119635,0.0,0.0769230769230769,0.2,0.5
131075,mscoco,0.045159967988729476,0.13912282154803654,0.04431502800434828,0.13685575475034614,0.0,0.0059171597633136,0.2,1.0
323812,mscoco,0.08875319175422192,0.24686506972006303,0.08310843780636787,0.2389904273070431,0.4,1.0,0.6,1.0
354212,mscoco,0.24385940060019493,0.350484911831015,0.31058692559599876,0.6941605070934712,0.3,1.0,0.7,1.0
33645,mscoco,0.1122934378683567,0.2847830489186372,0.10107868872582912,0.2559890951748091,0.1,0.5,0.1,0.25
285529,mscoco,0.3037013679742813,0.5529066685781472,0.3101584654301405,0.5440624098554113,0.6,0.5,0.7,1.0
52669,mscoco,0.10697388388216496,0.28851457779626855,0.14479007720947265,0.30408311742213834,0.0,0.0416666666666666,0.2,0.5
47328,mscoco,0.24372312426567078,0.5641030933592568,0.21505905613303183,0.4974068530450805,0.4,0.5,0.3,0.3333333333333333
256513,mscoco,0.04248726107180119,0.14006638866569088,0.13991721533238888,0.304279008313028,0.0,0.0833333333333333,0.3,0.5
561196,mscoco,0.021754419314675033,0.08595290166019147,0.015604158747009933,0.06731590733119802,0.1,1.0,0.1,1.0
411261,mscoco,0.13218333143740893,0.3874401462641565,0.178771410882473,0.3935223172389542,0.1,1.0,0.1,1.0
578056,mscoco,0.030478658527135848,0.11061607120029236,0.03527298653498292,0.11296930024728966,0.1,0.3333333333333333,0.1,1.0
110926,mscoco,0.20825482085347174,0.37363598828833,0.33802120834589006,0.5621783101502549,0.0,0.0204081632653061,0.1,1.0
290175,mscoco,0.13806803077459334,0.24672936549582355,0.1830249086022377,0.41007597694919945,0.4,0.2,0.6,1.0
295589,mscoco,0.15014697462320328,0.3180157230654561,0.18932597786188127,0.4205282277316698,0.0,0.0028735632183908,0.0,0.0025316455696202
442478,mscoco,0.07706311605870723,0.2043528643331139,0.12218083404004573,0.25977493463786283,0.0,0.0108695652173913,0.0,0.0153846153846153
267598,mscoco,0.30585439056158065,0.5436761589005826,0.3304408147931099,0.5756209101061582,0.3,1.0,0.4,1.0
386424,mscoco,0.0830065131187439,0.18835349206056778,0.06285211853682995,0.1706503820233809,0.2,0.3333333333333333,0.1,0.1666666666666666
10727,mscoco,0.14622526317834855,0.2944690896066288,0.19085829257965087,0.5291108515378715,0.0,0.0454545454545454,0.1,0.1
7452,mscoco,0.29062034487724303,0.3807743770366717,0.38224199414253235,0.5232288991480746,0.2,0.1666666666666666,0.5,0.5
322560,mscoco,0.06805950179696083,0.21590791664798129,0.07083020042628049,0.20350454564625697,0.3,0.25,0.4,1.0
185849,mscoco,0.05220604445785284,0.12024343269227024,0.06397679299116135,0.2297107278885289,0.1,0.1666666666666666,0.0,0.0067567567567567
459827,mscoco,0.04026228738948703,0.12960838167324362,0.06549119018018246,0.2345986387840367,0.0,0.0769230769230769,0.3,0.5
415840,mscoco,0.06367044188082219,0.19361392731130642,0.0536655742675066,0.13419758624088424,0.0,0.0303030303030303,0.0,0.0057471264367816
206274,mscoco,0.10619498528540135,0.33673027304607,0.10240036174654961,0.340929404108972,0.1,1.0,0.2,1.0
239888,mscoco,0.17373931854963304,0.3990280021949418,0.20316397845745088,0.42499668350450753,0.1,0.3333333333333333,0.6,0.5
120,drawbench,0.07244886569678784,0.19978880827505643,0.05950857028365135,0.1819412995263702,0.0,0.0,0.0,0.0
309169,mscoco,0.1267252279445529,0.26234063894455384,0.28498181998729705,0.4847086181959263,0.0,0.04,0.2,0.5
112996,mscoco,0.09439831655472516,0.3646714537489501,0.0923079013824463,0.3639827352960919,0.1,1.0,0.1,1.0
459343,mscoco,0.1997311968356371,0.46974045158005706,0.2215630054473877,0.5141001260293301,0.4,1.0,0.7,1.0
471488,mscoco,0.13043164797127246,0.31502086351850567,0.11766550466418266,0.26743264451824134,0.0,0.0024213075060532,0.0,0.025
252919,mscoco,0.30932287871837616,0.4591251882524218,0.35934415012598037,0.5909274362254406,0.3,1.0,0.4,0.5
7945,mscoco,0.08398513002321124,0.23964062239291203,0.09094009660184384,0.32939004396840027,0.0,0.0625,0.1,1.0
162215,mscoco,0.24751823991537095,0.5551460262193058,0.2531500205397606,0.4912754135048102,0.4,0.5,0.6,1.0
193889,mscoco,0.03262774702161551,0.09833146889159594,0.08482045866549015,0.23055986238249207,0.0,0.0070422535211267,0.1,1.0
46,drawbench,0.07109336517751216,0.1963461151986589,0.0954929806292057,0.23575936428584626,0.0,0.0,0.0,0.0
30,drawbench,0.06873375494033099,0.24544136252758464,0.051919685257598755,0.19236505628359793,0.0,0.0,0.0,0.0
386864,mscoco,0.021692626364529132,0.07938793917411309,0.019739872124046088,0.07052246838141897,0.1,0.25,0.2,0.25
232287,mscoco,0.027297770045697688,0.08061836832995559,0.03150694952346385,0.09784916444370782,0.0,0.0204081632653061,0.1,0.5
241027,mscoco,0.2711481213569641,0.568977134033641,0.1789836086332798,0.30677570688118955,0.6,0.3333333333333333,0.3,0.1666666666666666
213795,mscoco,0.06402207259088755,0.2562253685448493,0.10301389060914516,0.2103490735029412,0.1,0.25,0.2,0.25
12059,mscoco,0.0633918116800487,0.28645250001138634,0.054285213560797276,0.3002417322387929,0.1,1.0,0.1,1.0
162753,mscoco,0.2325051546096802,0.630456040121912,0.1979632146656513,0.3314457570056148,0.2,1.0,0.0,0.0555555555555555
425458,mscoco,0.04809857551008463,0.1908096821645171,0.07047532629221678,0.19850840271272044,0.2,0.5,0.4,0.3333333333333333
368956,mscoco,0.2189233522862196,0.33150008392086555,0.15572677701711654,0.3366445119908235,0.1,0.1,0.0,0.0526315789473684
496410,mscoco,0.07478900738060475,0.21669227232595162,0.07213475122116506,0.23030138933888605,0.1,0.1111111111111111,0.2,0.5
532612,mscoco,0.12855516523122787,0.28460851152834094,0.10231294110417366,0.25716064445956566,0.1,1.0,0.0,0.0625
230837,mscoco,0.22618284970521926,0.392683421426566,0.2671565666794777,0.46820857454846054,0.0,0.0196078431372549,0.0,0.0769230769230769
460882,mscoco,0.2983504354953766,0.5411298641409529,0.33124918341636655,0.47064132762982874,0.4,0.5,0.3,0.5
485852,mscoco,0.0452763756737113,0.15132637226172838,0.1139389205724001,0.2110576801299423,0.1,0.3333333333333333,0.0,0.0416666666666666
72342,mscoco,0.2034681111574173,0.323376479053145,0.19835415557026864,0.39163121100258447,0.2,1.0,0.1,0.2
81017,mscoco,0.1008234690874815,0.21444822818272027,0.11360209882259369,0.26838992696450287,0.0,0.0909090909090909,0.1,0.125
401828,mscoco,0.07155089732259512,0.16683465235614,0.07509709000587464,0.23308590561359135,0.2,0.1666666666666666,0.2,1.0
554138,mscoco,0.12814692892134188,0.26621032521126975,0.28026092052459717,0.5703511708203558,0.0,0.0666666666666666,0.1,0.1111111111111111
321742,mscoco,0.2679530717432499,0.42292425103561,0.19784654304385185,0.42134168833293145,0.4,1.0,0.7,1.0
574384,mscoco,0.14094899445772172,0.26537166921350247,0.12850725203752517,0.30349744764712494,0.0,0.002020202020202,0.0,0.0014306151645207
446557,mscoco,0.17390241157263517,0.40908447805674203,0.1773034706711769,0.3429739362722588,0.1,0.1428571428571428,0.0,0.05
253498,mscoco,0.0860602704808116,0.2029508302978063,0.18668592497706413,0.5373042841743124,0.1,0.3333333333333333,0.4,0.25
448251,mscoco,0.10455957837402821,0.2692954355905656,0.09007383733987809,0.21791468613896084,0.1,0.5,0.0,0.0188679245283018
116622,mscoco,0.48867619335651397,0.6632481378125844,0.4989297389984131,0.754928410438662,0.3,1.0,0.3,0.3333333333333333
486899,mscoco,0.16165427640080451,0.2820068760278585,0.13025276064872743,0.313136993407827,0.2,1.0,0.0,0.0178571428571428
59295,mscoco,0.16912063211202621,0.43653072464460496,0.1923834066838026,0.4879246462228824,0.1,1.0,0.1,0.2
289012,mscoco,0.08524363189935684,0.21725441569921738,0.061780218686908486,0.21302196827380993,0.1,0.2,0.1,1.0
435902,mscoco,0.24248817563056946,0.4017007575871132,0.303511318564415,0.45588114154276,0.2,0.25,0.6,1.0
480518,mscoco,0.1469963274896145,0.3908471892230031,0.12722184658050537,0.35625117473209744,0.5,0.5,0.4,1.0
39272,mscoco,0.16162265986204147,0.4640227515828813,0.14200436435639857,0.47558378499325454,0.1,0.5,0.1,1.0
558579,mscoco,0.09397403970360756,0.348855114203437,0.08846837766468525,0.1969248445932131,0.2,1.0,0.2,0.2
143348,mscoco,0.22050732225179673,0.363833234421061,0.24650933891534804,0.48524587962326227,0.1,1.0,0.4,0.2
16961,mscoco,0.09079941213130951,0.23736751888536,0.09959034752100707,0.2746201611941285,0.1,0.5,0.1,0.1428571428571428
489939,mscoco,0.05693032518029213,0.178275743408548,0.11636703163385391,0.31713034165686504,0.0,0.0116279069767441,0.1,0.3333333333333333
185281,mscoco,0.17723811082541943,0.6564231457256038,0.19778152224607765,0.6372689723399615,0.2,1.0,0.2,1.0
500622,mscoco,0.0323593711014837,0.12044168750952844,0.037276096642017365,0.10890672579857424,0.1,1.0,0.1,0.5
220772,mscoco,0.14661820679903032,0.36153466508298254,0.10907485149800777,0.28206102535621846,0.0,0.0060240963855421,0.0,0.0068965517241379
550400,mscoco,0.14888373017311096,0.44987061052649185,0.1611712015233934,0.46089611966468785,0.2,1.0,0.2,1.0
378906,mscoco,0.13832025453448296,0.25292494183536013,0.0989882716909051,0.2895399382862206,0.0,0.0769230769230769,0.1,1.0
542111,mscoco,0.20299045592546464,0.4217483118251063,0.3415992856025696,0.5318970626536219,0.1,0.1,0.0,0.0666666666666666
3217,mscoco,0.3002748996019363,0.6366741340853197,0.3589682802557945,0.4928367254753682,0.4,1.0,0.4,0.5
96625,mscoco,0.048096916265785696,0.15919349502507937,0.08372372854501009,0.2152344576806943,0.1,0.5,0.4,1.0
60328,mscoco,0.2668009415268898,0.45597636052560503,0.35794204026460646,0.5617742993084136,0.1,0.1666666666666666,0.3,0.1666666666666666
402287,mscoco,0.13616900630295276,0.3872108507097287,0.13270359821617603,0.34459090135539233,0.3,1.0,0.4,0.25
517909,mscoco,0.11640669703483582,0.2987161512707193,0.09814678356051446,0.36654109141072266,0.1,0.5,0.0,0.0285714285714285
113233,mscoco,0.09256480857729912,0.20391540010056058,0.14618121460080147,0.2836607924434886,0.0,0.0072463768115942,0.1,1.0
77181,mscoco,0.08594150189310312,0.2185772267177239,0.06895755240693688,0.17994262117944834,0.1,0.5,0.0,0.0024752475247524
371243,mscoco,0.24859311580657958,0.45347566395815,0.3912822216749191,0.6526475922500617,0.0,0.0666666666666666,0.8,1.0
146656,mscoco,0.11778925582766533,0.26869065812792897,0.10441084317862988,0.22304312254438646,0.1,0.2,0.0,0.0666666666666666
430688,mscoco,0.028407131647691132,0.08463985223299769,0.02461215606890619,0.12385838543136403,0.1,0.25,0.1,1.0
143449,mscoco,0.15949398204684256,0.3629912035488735,0.15421103239059447,0.41107271168054427,0.5,1.0,0.3,1.0
57433,mscoco,0.20767724364995957,0.336172690852708,0.3345258615911007,0.5625397136564145,0.1,0.2,0.0,0.0769230769230769
298736,mscoco,0.12296149209141731,0.24850422598270408,0.1725721150636673,0.45662215884353907,0.1,1.0,0.4,1.0
406550,mscoco,0.23398221656680107,0.4070554523054118,0.15715241953730583,0.29573083050744026,0.1,0.1428571428571428,0.0,0.037037037037037
561903,mscoco,0.05844165477901697,0.2027592919868804,0.041104096733033654,0.1355674369984557,0.0,0.0476190476190476,0.1,1.0
227699,mscoco,0.29869593009352685,0.6487949159765305,0.2732520639896393,0.58596798411978,0.4,1.0,0.4,0.5
59821,mscoco,0.06071396004408598,0.1805631625477754,0.05942501705139876,0.17451448979576809,0.0,0.0083333333333333,0.0,0.04
265612,mscoco,0.09378688596189022,0.30503299204513107,0.0709344083443284,0.29589868892876287,0.3,1.0,0.2,1.0
24591,mscoco,0.08509082905948162,0.2051231352721299,0.1635431170463562,0.4013071697462759,0.0,0.0714285714285714,0.3,0.5
71,drawbench,0.07480807285755872,0.2944083789085136,0.04686248824000359,0.1628165853285401,0.0,0.000432525951557,0.0,0.0008771929824561
35,drawbench,0.25554102659225464,0.5795095731845066,0.30117156021296976,0.4863570732387877,0.0,0.0454545454545454,0.0,0.0133333333333333
317833,mscoco,0.06792906410992146,0.1556158665617846,0.08464659750461578,0.21768062205407746,0.1,0.25,0.0,0.0454545454545454
544583,mscoco,0.19775029942393302,0.34624356890717417,0.43162964284420013,0.5969661861092139,0.0,0.0666666666666666,0.7,0.5
514544,mscoco,0.09118597358465194,0.24277423290757388,0.10991435684263706,0.28284645865888225,0.5,1.0,0.4,1.0
160199,mscoco,0.09388860128819942,0.25109099750089164,0.11787648648023605,0.32155546824294484,0.1,0.125,0.3,0.5
156445,mscoco,0.19635651558637618,0.5842330559404947,0.2979210585355759,0.46614245383341363,0.2,1.0,0.4,1.0
46686,mscoco,0.07312267795205116,0.21321060238186804,0.06082331221550703,0.15140796583353788,0.2,1.0,0.2,0.3333333333333333
563457,mscoco,0.09901190772652627,0.3669894192498023,0.11263813097029925,0.3046957530079333,0.2,0.5,0.2,1.0
520848,mscoco,0.14861852675676346,0.3915437228790784,0.19080964289605618,0.4193462048638773,0.4,1.0,0.5,0.25
433992,mscoco,0.07813188210129737,0.192636891874485,0.09949476942420006,0.25512202952553115,0.0,0.0031746031746031,0.1,0.1666666666666666
415464,mscoco,0.20939591154456139,0.3951627775712494,0.1068880382925272,0.32462781722323286,0.0,0.0136986301369863,0.0,0.0045871559633027
62543,mscoco,0.14782452583312988,0.2707971741835085,0.21304494366049767,0.40218678225579185,0.3,0.2,0.7,0.5
123175,mscoco,0.2298204094171524,0.5554565007142396,0.2829773098230362,0.5452371243893933,0.4,1.0,0.3,1.0
65383,mscoco,0.3170566998422146,0.572463074945641,0.5481946736574173,0.7415901608830973,0.3,0.5,1.0,1.0
544001,mscoco,0.1301889095455408,0.27730844956429535,0.18164822161197663,0.35058750351843637,0.4,1.0,0.2,0.1428571428571428
41104,mscoco,0.26556731164455416,0.5311017199309429,0.2369796521961689,0.49746305820461756,0.5,1.0,0.5,1.0
355193,mscoco,0.7151672184467316,0.7974310629907891,0.7365104973316192,0.8853611830011684,1.0,1.0,1.0,1.0
500940,mscoco,0.019385504676029085,0.08729034911081877,0.04092393098399043,0.12593023128732075,0.1,1.0,0.1,0.5
429142,mscoco,0.05360223688185215,0.15027593847208331,0.05763362981379032,0.21381019367103635,0.0,0.01,0.1,1.0
125252,mscoco,0.09867994375526905,0.2539634384109358,0.10661392398178578,0.29973454157849344,0.2,0.5,0.2,0.5
14683,mscoco,0.18473028391599655,0.3587328035901637,0.20268344953656198,0.3634005860310997,0.2,1.0,0.3,1.0
109,drawbench,0.03592765238136053,0.1013517388029733,0.03763726633042097,0.11848114311567014,0.1,0.1428571428571428,0.0,0.0135135135135135
391662,mscoco,0.052413482684642076,0.14960788618595855,0.06055307537317276,0.18158277464827344,0.1,0.25,0.4,0.5
409131,mscoco,0.14800164364278318,0.311224720087962,0.28708001375198366,0.5350091079569796,0.2,0.5,0.4,1.0
478880,mscoco,0.2628519728779793,0.451584956457696,0.29984965920448303,0.5674264209800094,0.0,0.05,0.2,0.5
230972,mscoco,0.07277879975736141,0.22811895353279263,0.11891503520309925,0.28172315734836545,0.1,1.0,0.1,0.3333333333333333
233093,mscoco,0.024760615709237755,0.0893415076743401,0.027503249002620578,0.09731740980722577,0.0,0.0064102564102564,0.0,0.0023364485981308
143,drawbench,0.0030771386926062407,0.009447144556135472,0.0012430481583578512,0.006077284724861111,0.0,0.0,0.0,0.0
59918,mscoco,0.25585753172636033,0.5556120963438753,0.39081383496522903,0.6036247301079121,0.2,1.0,0.7,1.0
575958,mscoco,0.09894769415259361,0.26624463243482216,0.12340877093374729,0.30223961565237567,0.0,0.0101010101010101,0.1,0.5
381160,mscoco,0.6227889895439148,0.7145012018353506,0.3481307715177536,0.5890829058286433,0.0,0.0714285714285714,0.1,0.5
229067,mscoco,0.26420713886618613,0.36631316359493293,0.3742120355367661,0.5856789080035314,0.6,0.3333333333333333,0.6,1.0
412780,mscoco,0.08130381815135479,0.2809550127998734,0.20803382620215416,0.32804614932377246,0.0,0.0476190476190476,0.2,0.1428571428571428
515655,mscoco,0.11552687473595143,0.23272069841762974,0.07502152156084776,0.1986111089408781,0.0,0.0526315789473684,0.1,0.25
385037,mscoco,0.23137518614530564,0.506646364645172,0.2692039042711258,0.5080939732769231,0.6,1.0,0.6,0.5
30281,mscoco,0.2724424034357071,0.578223509508708,0.3642180636525154,0.5091834447395283,0.4,0.3333333333333333,0.5,0.3333333333333333
85472,mscoco,0.41953322291374207,0.667781832168533,0.4649960517883301,0.7930327115625391,0.8,1.0,0.9,1.0
262146,mscoco,0.21995359063148498,0.41221712919587045,0.410162952542305,0.6538376353865281,0.0,0.0833333333333333,0.5,1.0
85155,mscoco,0.37700214982032776,0.706686264948061,0.3408548213541508,0.6593749890797607,0.4,1.0,0.3,0.5
406250,mscoco,0.3779853284358978,0.722176945747229,0.4232490062713623,0.7764914190062676,0.3,1.0,0.5,0.5
172143,mscoco,0.038721990492194894,0.10270188282243241,0.0479584745131433,0.16753737785143802,0.0,0.0625,0.1,0.5
455667,mscoco,0.4746453732252121,0.7021300766750114,0.5709418207406998,0.7536337373599516,0.3,0.2,0.6,1.0
169006,mscoco,0.13021808154881,0.2519257928448002,0.16901352107524872,0.4389508497637577,0.2,0.5,0.4,0.5
173109,mscoco,0.07562692537903785,0.2851983180708684,0.09173203743994236,0.28692671467640296,0.1,1.0,0.2,1.0
192322,mscoco,0.21385468989610673,0.4379228385428613,0.2409775473177433,0.44258060574815483,0.9,1.0,0.8,1.0
222266,mscoco,0.1508373498916626,0.43150469370858563,0.12299875393509865,0.3702306648451284,0.3,1.0,0.3,1.0
325806,mscoco,0.1702113516628742,0.3579092471490774,0.24290233626961708,0.5339613008157678,0.2,1.0,0.5,0.3333333333333333
449537,mscoco,0.18360971435904502,0.5122013303303882,0.19829235672950746,0.40469502985525957,0.0,0.00625,0.0,0.0555555555555555
145284,mscoco,0.10621392764151097,0.2862276220567832,0.10612497385591269,0.3324499387899021,0.1,0.5,0.0,0.0909090909090909
465058,mscoco,0.3907670497894287,0.591177490075035,0.5923484236001968,0.7889962576370615,0.3,0.5,0.9,1.0
165893,mscoco,0.032945930911228063,0.12804194480362618,0.04742209780961275,0.15030851063970738,0.1,1.0,0.1,1.0
537157,mscoco,0.16557313352823258,0.30823021805068296,0.16395251154899598,0.5684384837626661,0.0,0.0909090909090909,0.1,1.0
426323,mscoco,0.05874199066311121,0.2800820650667811,0.07066933698952198,0.27524171274095266,0.1,1.0,0.1,1.0
92280,mscoco,0.2361403912305832,0.5576921262114085,0.20836502760648729,0.5641356862287912,0.2,1.0,0.4,1.0
319118,mscoco,0.16756264492869377,0.47036518697639274,0.18473075553774834,0.3657073805510004,0.3,1.0,0.5,0.5
234713,mscoco,0.3646956130862236,0.6651451739532067,0.32885497957468035,0.499524668972248,0.9,1.0,1.0,1.0
379165,mscoco,0.22316057682037355,0.40011931789034894,0.18791700918227433,0.538888074085719,0.1,0.125,0.3,1.0
26551,mscoco,0.09404071345925331,0.21012401090995245,0.11991186961531639,0.3174224133534538,0.0,0.0303030303030303,0.3,1.0
280242,mscoco,0.08257374055683613,0.18308553361450444,0.13517106361687184,0.2729163388326195,0.2,0.2,0.1,0.1111111111111111
260307,mscoco,0.0450849387794733,0.17645597427341567,0.08899286463856697,0.1745319681778949,0.0,0.0070422535211267,0.0,0.0526315789473684
433168,mscoco,0.31538898721337316,0.6581344947588976,0.2632694512605667,0.6336138224081801,0.3,1.0,0.3,1.0
319043,mscoco,0.10533886216580868,0.22582659511747777,0.13591870591044425,0.2563584591135594,0.1,0.25,0.3,0.25
381994,mscoco,0.0728785464540124,0.28593937829574806,0.09975414834916592,0.18931472276581912,0.0,0.0151515151515151,0.1,0.25
206044,mscoco,0.1727515459060669,0.38747409746027844,0.16219850927591323,0.37511894112369537,0.1,1.0,0.1,1.0
211312,mscoco,0.08884057030081749,0.2154751421779301,0.14236435890197754,0.281107872254885,0.0,0.0188679245283018,0.1,1.0
42196,mscoco,0.14366265647113324,0.28251331071921204,0.18126054778695105,0.3449293035663342,0.0,0.0833333333333333,0.6,1.0
497096,mscoco,0.14641914367675782,0.35083223094387944,0.2737332507967949,0.4584392236767511,0.1,0.1666666666666666,0.4,0.2
81,mscoco,0.5375091820955277,0.7443459272717666,0.5346544966101646,0.7863271721932997,0.0,0.0119047619047619,0.0,0.0256410256410256
486123,mscoco,0.08935148939490319,0.240151329335355,0.07433443032205105,0.18887902723019723,0.0,0.0476190476190476,0.1,0.125
322,mscoco,0.04469944313168526,0.12473031583754014,0.057334361225366594,0.18222853778267484,0.1,0.1666666666666666,0.1,0.125
493294,mscoco,0.22745354399085044,0.49935292203369724,0.23192325420677662,0.40335445635851885,0.0,0.005,0.2,0.1428571428571428
187090,mscoco,0.14287785366177558,0.2489566852603233,0.2065621368587017,0.46044971703815885,0.6,0.25,0.8,1.0
372902,mscoco,0.036604051291942594,0.1336337638954075,0.029512879252433778,0.11708945762359353,0.1,1.0,0.1,1.0
293979,mscoco,0.27678804770112037,0.5585006913475573,0.36975177526474,0.5058917877984606,0.3,1.0,0.3,0.5
417090,mscoco,0.01526597486808896,0.053663168049151666,0.037741010449826716,0.12204989754654459,0.0,0.0109890109890109,0.1,1.0
422172,mscoco,0.019552083732560278,0.06651697811875967,0.01972727393731475,0.08919816304139093,0.1,0.5,0.1,1.0
280988,mscoco,0.06524152606725693,0.16564283857814677,0.04361487850546837,0.1872226753089361,0.1,0.25,0.1,1.0
227558,mscoco,0.08666328564286233,0.2694974675083012,0.08015934973955155,0.27953287180792985,0.6,0.5,0.9,1.0
348006,mscoco,0.029209312237799167,0.10345794866743292,0.03222123365849257,0.1768655034750713,0.1,0.25,0.1,1.0
166716,mscoco,0.08976122960448266,0.2373398465311942,0.15668293908238412,0.2911545427854582,0.0,0.0625,0.0,0.0138888888888888
124018,mscoco,0.41184492856264115,0.6821436404751936,0.5254007309675217,0.7757826961044606,0.4,1.0,0.7,1.0
373792,mscoco,0.11798434434458613,0.4272419723098346,0.1982966497540474,0.36915426910076066,0.5,1.0,0.7,0.5
334364,mscoco,0.05420162854716182,0.14012127461160323,0.07229556739330292,0.2774247999532016,0.1,0.2,0.1,1.0
196473,mscoco,0.06056341882795095,0.1553072311187265,0.07386553175747394,0.1846736868423162,0.7,1.0,0.6,1.0
361866,mscoco,0.1333593398332596,0.20785887113378837,0.10662002712488175,0.33649423204100926,0.1,0.1,0.4,0.5
468932,mscoco,0.07472391687333584,0.22098701579537391,0.08289234805852175,0.2715553384014069,0.1,0.1428571428571428,0.1,0.5
447354,mscoco,0.19445863664150237,0.4196987250112473,0.1981683224439621,0.540108029240842,0.3,1.0,0.2,1.0
85846,mscoco,0.11198916248977184,0.23444990884491512,0.04242935283109546,0.11108382310350967,0.1,1.0,0.0,0.0035971223021582
173631,mscoco,0.18378029465675355,0.384352947675161,0.16404782347381114,0.437508032642695,0.1,1.0,0.3,1.0
266805,mscoco,0.08875248674303293,0.1983896480008755,0.1080628715455532,0.2653118050191528,0.0,0.0256410256410256,0.3,1.0
299662,mscoco,0.1532997630536556,0.3871038074372875,0.1332066783681512,0.24722723241673605,0.0,0.0666666666666666,0.0,0.0068027210884353
569520,mscoco,0.05447629634290933,0.17497265516561375,0.07729810923337936,0.18736748672249687,0.1,0.125,0.2,1.0
193,drawbench,0.025531597156077623,0.08118577339494039,0.011944323941133917,0.03585432499813493,0.0,0.0,0.0,0.0
205356,mscoco,0.057826665602624415,0.14159140023400857,0.11312544047832489,0.2776425067267092,0.0,0.0555555555555555,0.1,0.1666666666666666
119,drawbench,0.03902005534619093,0.11753544771838692,0.026706759608350693,0.0837663434596106,0.0,0.0,0.0,0.0
394814,mscoco,0.06280867429450154,0.12825959795226674,0.07516006547957658,0.1785134296972745,0.0,0.0384615384615384,0.2,0.25
204940,mscoco,0.20450885891914367,0.3173497528280464,0.32732957899570464,0.5471891796095648,0.2,0.3333333333333333,0.3,1.0
167740,mscoco,0.2725429549813271,0.7302328329567268,0.3199315957725048,0.6153368090929993,0.0,0.0769230769230769,0.1,0.2
544590,mscoco,0.24812737703323365,0.5145643275734499,0.15467094779014587,0.5016909127143555,0.5,0.5,0.4,1.0
344974,mscoco,0.3166884794831276,0.7142692980478192,0.20547407008707524,0.5394219494422714,0.1,1.0,0.1,0.3333333333333333
440434,mscoco,0.022569233924150466,0.11202431038202121,0.03076181039214134,0.09657618107795089,0.1,1.0,0.1,0.1666666666666666
30752,mscoco,0.16733102202415467,0.3911840740203637,0.1845651589334011,0.3888156477141927,0.4,1.0,0.6,1.0
288975,mscoco,0.1373056910932064,0.33368746952200096,0.18332106620073318,0.40482612600639667,0.0,0.0114942528735632,0.1,0.2
45966,mscoco,0.008868526830337942,0.031107243287341192,0.00835031142923981,0.026717079399100004,0.1,1.0,0.0,0.037037037037037
136042,mscoco,0.06479531219229102,0.20656893433886808,0.048567438032478094,0.10621703529791064,0.1,0.25,0.1,0.1428571428571428
369514,mscoco,0.3378626242280006,0.5552735924119977,0.37752416729927063,0.5094357161703081,0.1,1.0,0.0,0.0666666666666666
483525,mscoco,0.15402944386005402,0.3863050730751716,0.20744285434484483,0.3745752336562894,0.2,0.1666666666666666,0.3,1.0
280347,mscoco,0.2164792612195015,0.45118659481065654,0.20345375649631023,0.4766540033540497,0.3,1.0,0.5,1.0
411343,mscoco,0.22264859303832055,0.35586605658071,0.31019983291625974,0.5052772796459277,0.3,0.1428571428571428,0.8,0.5
567803,mscoco,0.6886924594640732,0.8497284401904596,0.7083340376615525,0.8473270522904925,0.2,0.3333333333333333,0.3,1.0
217458,mscoco,0.010455693968106061,0.03018140613018161,0.012965631694532931,0.06491862778370448,0.1,0.1666666666666666,0.1,1.0
166430,mscoco,0.05971467029303312,0.16627376738095082,0.052386393398046495,0.15886168595609246,0.1,0.3333333333333333,0.0,0.0666666666666666
556597,mscoco,0.17091537415981292,0.3640547240147336,0.22508909702301025,0.3658234215640487,0.0,0.0434782608695652,0.3,0.25
365556,mscoco,0.528087580949068,0.7565595811316168,0.5566828191280365,0.8182692491744953,0.3,1.0,0.3,0.5
20987,mscoco,0.12835859656333923,0.3245657131135971,0.13999245092272758,0.3076405525034251,0.0,0.0263157894736842,0.1,1.0
162031,mscoco,0.024963627755641937,0.1065205083414936,0.023912802524864673,0.08955981069247626,0.2,1.0,0.2,1.0
485955,mscoco,0.006362434360198677,0.03116063032026721,0.00947146771941334,0.04000873498017079,0.1,0.3333333333333333,0.1,1.0
202307,mscoco,0.2673944979906082,0.4567805465114843,0.2970675013959408,0.5860938000795002,0.5,0.5,0.9,1.0
502126,mscoco,0.047783104330301286,0.1433031863015245,0.0685935627669096,0.23657741099252952,0.0,0.0666666666666666,0.1,0.1
10130,mscoco,0.026285541406832636,0.11287281566508632,0.015875426307320594,0.09417443937047788,0.1,1.0,0.1,1.0
33489,mscoco,0.02485207114368677,0.07485319581595894,0.035401831939816476,0.09707699168588951,0.1,0.5,0.1,0.2
167152,mscoco,0.43762666881084444,0.6457530736435025,0.41382172107696535,0.6482114515467964,0.0,0.0294117647058823,0.0,0.0188679245283018
554207,mscoco,0.10465909875929355,0.22960459368727998,0.2296638458967209,0.46664205603982234,0.1,1.0,0.2,0.3333333333333333
162827,mscoco,0.4866912320256233,0.803739810674472,0.44003529399633406,0.7790949530015562,0.1,1.0,0.3,1.0
329217,mscoco,0.04311097515746951,0.1838215428851094,0.04275515610352158,0.16108440408593203,0.1,1.0,0.1,1.0
187194,mscoco,0.06841572150588035,0.16358385227248587,0.0912861442193389,0.2050407322085571,0.1,0.5,0.2,1.0
374357,mscoco,0.18514784872531892,0.41591739371608255,0.2747325040400028,0.4248539499310507,0.5,1.0,0.9,1.0
240976,mscoco,0.10277034342288971,0.243658018761441,0.09804953448474407,0.2910161815662672,0.1,0.3333333333333333,0.0,0.0666666666666666
558171,mscoco,0.16182320322841406,0.5544687746643356,0.2000436156988144,0.4175746402475769,0.0,0.0068965517241379,0.0,0.0625
126714,mscoco,0.0162368941353634,0.05079927733716181,0.04770684577524662,0.16566025826695796,0.0,0.0006361323155216,0.1,0.2
132652,mscoco,0.2696718953549862,0.6069929387044567,0.35493241250514984,0.45807488593988843,0.7,1.0,0.8,1.0
87272,mscoco,0.059654159285128114,0.3816820583685094,0.08384149167686701,0.41898753465148725,0.1,1.0,0.2,1.0
18973,mscoco,0.10238722059875727,0.23755436169254227,0.1163395918905735,0.29734422696798146,0.2,1.0,0.0,0.0833333333333333
214261,mscoco,0.14683157056570054,0.4272220964867888,0.1428052273578942,0.31044444385650494,0.3,1.0,0.3,1.0
44136,mscoco,0.026375595247372985,0.08188844289653552,0.02195979142561555,0.09366583806777566,0.1,0.1,0.0,0.0769230769230769
204020,mscoco,0.005722584517206997,0.02540043263766462,0.009550151287112386,0.03860139059995488,0.0,0.0088495575221238,0.1,0.3333333333333333
226848,mscoco,0.27383616715669634,0.43143668458336976,0.24144846498966216,0.4650362057327728,0.3,0.1666666666666666,0.7,1.0
303570,mscoco,0.19478827565908433,0.34290808643969944,0.16389810517430306,0.2999140795462491,0.1,0.1111111111111111,0.0,0.0909090909090909
399983,mscoco,0.16734229400753975,0.25563335850916874,0.27164815440773965,0.6001173977768361,0.1,0.125,0.3,1.0
168843,mscoco,0.10752759501338005,0.337600448778889,0.11996138282120228,0.3008081965328353,0.2,1.0,0.2,1.0
369074,mscoco,0.26671147644519805,0.6276393258238055,0.22933385223150254,0.6292527841710438,0.1,1.0,0.2,1.0
364487,mscoco,0.0691491972655058,0.1770993566759851,0.07679049931466579,0.20801928458365448,0.0,0.0085470085470085,0.0,0.0051282051282051
232546,mscoco,0.03373988620005548,0.10753615323630634,0.018498031329363583,0.06044015415534221,0.1,0.5,0.0,0.0052910052910052
159,drawbench,0.004447775171138346,0.01907382810727925,0.0033234450296731667,0.012845793465001497,0.0,9.588095420725627e-06,0.0,1.7944300890037325e-05
329336,mscoco,0.04438652079552412,0.18287017629879387,0.04256621189415455,0.13723216799822532,0.0,0.0476190476190476,0.0,0.0769230769230769
229481,mscoco,0.07235374767333269,0.2636953783959321,0.19233830645680428,0.4198217875400816,0.0,0.04,0.2,0.25
528575,mscoco,0.1850030615925789,0.46950689564363,0.126563354767859,0.39774669444814487,0.1,1.0,0.1,1.0
3694,mscoco,0.09583519771695137,0.23717756148092817,0.17384182438254356,0.45831100415903786,0.0,0.0909090909090909,0.4,1.0
417016,mscoco,0.17347861379384993,0.29926370420995885,0.31585118919610977,0.5782690667984599,0.1,0.1666666666666666,0.2,0.1666666666666666
251418,mscoco,0.044548372738063335,0.15624024763565225,0.053153674118220806,0.1689722280415292,0.0,0.0476190476190476,0.0,0.0263157894736842
547866,mscoco,0.2608211554586887,0.44087463691585005,0.2611546412110329,0.5501835938116887,0.3,0.5,0.4,0.5
166998,mscoco,0.18408746607601642,0.3045206664496254,0.32373548299074173,0.5968784986666772,0.4,0.3333333333333333,0.6,1.0
570864,mscoco,0.08142470270395279,0.22515456227395056,0.054208803735673425,0.1710661818458701,0.6,1.0,0.4,0.5
462445,mscoco,0.06025730250403285,0.22315216569227808,0.05827269651927054,0.2209737192819923,0.1,1.0,0.1,1.0
300661,mscoco,0.009728705103043467,0.03746910273844386,0.006196820852346718,0.02843308451394556,0.1,0.1666666666666666,0.1,1.0
169502,mscoco,0.19553542882204056,0.36595443137057015,0.11151394974440336,0.3612459961280372,0.1,0.2,0.1,1.0
66144,mscoco,0.0383800970390439,0.11455003163812894,0.07693790979683399,0.21056348873036776,0.1,0.1,0.1,1.0
269843,mscoco,0.028360779490321876,0.10517122875147265,0.029955062735825776,0.13485916678228674,0.1,0.25,0.1,1.0
54938,mscoco,0.08119460698217154,0.2017032822736056,0.11604965142905713,0.2761293319193533,0.0,0.0175438596491228,0.0,0.04
27390,mscoco,0.12459917739033699,0.23497128686087662,0.16036801785230637,0.32891314105374003,0.1,0.1666666666666666,0.1,0.3333333333333333
521978,mscoco,0.19709094502031804,0.49746712927326453,0.16995451115071775,0.5713336003498297,0.1,1.0,0.1,0.5
429433,mscoco,0.055887584947049616,0.1456610049397109,0.057110282592475414,0.21739868978971708,0.1,0.25,0.0,0.0093457943925233
134,drawbench,0.04730971995741129,0.15374792363981937,0.02840882884338498,0.07276689001557539,0.0,2.6367136001687492e-05,0.0,0.0021231422505307
378621,mscoco,0.10339331347495317,0.2837178675321183,0.1531418740749359,0.34946680792506857,0.1,0.1111111111111111,0.0,0.0476190476190476
222948,mscoco,0.06150127351284027,0.17599770783845767,0.09854072071611882,0.2549101319397056,0.0,0.0056497175141242,0.1,0.3333333333333333
77,drawbench,0.03884697929024696,0.11704383992955134,0.03216516766697168,0.10449061576498775,0.0,0.0095238095238095,0.0,0.0084033613445378
124903,mscoco,0.3384165741503239,0.4516424775944891,0.3637670144438744,0.594467329145384,0.1,0.3333333333333333,0.8,1.0
359375,mscoco,0.056677057221531865,0.15060552034528837,0.08421352989971638,0.23868432946491416,0.1,0.5,0.1,0.5
244760,mscoco,0.12482182094827295,0.29547141887920064,0.14431454241275787,0.2901085895311847,0.7,1.0,0.8,1.0
83097,mscoco,0.04841674603521824,0.13430751022308696,0.03678273614495993,0.12176011821303612,0.3,0.2,0.3,0.3333333333333333
337264,mscoco,0.02195683370810002,0.12160512608030416,0.038934467500075697,0.15364985924912594,0.1,1.0,0.1,1.0
145921,mscoco,0.2652831897139549,0.4900387435086992,0.28239977061748506,0.6157767189552377,0.2,0.2,0.0,0.0833333333333333
422155,mscoco,0.14560291767120362,0.3712304061701329,0.12925864495337008,0.36027425554302484,0.5,1.0,0.8,1.0
451969,mscoco,0.17669908069074153,0.28244370753586945,0.26204864904284475,0.4048281385178154,0.1,0.1666666666666666,0.1,0.2
484344,mscoco,0.11692276913672686,0.30634055967160817,0.17225360609591006,0.4354245455288687,0.2,0.25,0.3,0.3333333333333333
488952,mscoco,0.15353093035519122,0.3035902058973602,0.20748781338334082,0.5637870125834645,0.1,0.1666666666666666,0.1,1.0
67163,mscoco,0.09864583825692534,0.5729324122046382,0.0984225849620998,0.28530664847672926,0.1,1.0,0.1,0.3333333333333333
521068,mscoco,0.10756259188055992,0.2865591947725019,0.14344241693615914,0.2705600414255886,0.1,0.1,0.0,0.0119047619047619
424340,mscoco,0.029645871464163066,0.06866704382424835,0.039587010815739634,0.11515504224737713,0.1,0.2,0.0,0.0769230769230769
364491,mscoco,0.12925583645701408,0.2854184222054672,0.08768743574619293,0.3295547978295427,0.2,1.0,0.0,0.0909090909090909
556901,mscoco,0.28250093907117846,0.5150545537256688,0.28672650307416914,0.48779400065660655,0.2,0.5,0.0,0.0526315789473684
420826,mscoco,0.25412916392087936,0.5983356875832632,0.2646073341369629,0.48930343633216367,0.2,1.0,0.2,0.3333333333333333
283213,mscoco,0.1283765621483326,0.3159813284792388,0.20340171083807945,0.4094085977143002,0.0,0.0833333333333333,0.2,0.2
214363,mscoco,0.01328507773578167,0.04493325336625832,0.01682350072078407,0.06755686666320715,0.1,0.25,0.1,1.0
165350,mscoco,0.22346384897828103,0.49465074843274776,0.34521306306123734,0.6149035486527052,0.0,0.0909090909090909,0.2,1.0
79806,mscoco,0.18416767716407775,0.39194241859379875,0.17662412226200103,0.35428749044111685,0.0,0.0833333333333333,0.1,0.125
279175,mscoco,0.13635375550948084,0.37259470621776675,0.16462056040763856,0.47340884860409055,0.3,0.5,0.4,1.0
200423,mscoco,0.0974527365528047,0.1736665725667287,0.18116959035396576,0.37778635737778127,0.1,0.1111111111111111,0.2,0.1111111111111111
11041,mscoco,0.4362038865685463,0.650958363053025,0.5890315145254135,0.8644755503954832,0.7,1.0,0.7,0.3333333333333333
61377,mscoco,0.022313307225704192,0.05875473651070433,0.02740554083138704,0.09863530061697727,0.1,0.1,0.1,0.5
499094,mscoco,0.307208725810051,0.33823266919390294,0.390891395509243,0.5412475018478514,0.0,0.0476190476190476,0.3,0.25
65,drawbench,0.011744619952514768,0.06773953720337766,0.01674785215873271,0.0473092076621875,0.0,0.0,0.0,0.0
20542,mscoco,0.17331975884735584,0.3144589355838744,0.1862168788909912,0.3376606903316464,0.2,0.3333333333333333,0.2,1.0
295472,mscoco,0.16124991029500962,0.31436461524005627,0.2250107079744339,0.5496731500266023,0.2,0.3333333333333333,0.7,1.0
4471,mscoco,0.06628405973315239,0.17767716712691062,0.03259123107418418,0.12314583475832999,0.3,0.5,0.2,0.25
518816,mscoco,0.013318586954846978,0.053848346588981875,0.008359255077084526,0.03970988845768071,0.1,1.0,0.1,0.3333333333333333
267700,mscoco,0.33349720686674117,0.654868439926648,0.513804143667221,0.6730375875266186,0.8,1.0,0.5,1.0
436696,mscoco,0.11908725369721651,0.4041413622254381,0.1315135344862938,0.3085987420919785,0.0,0.0833333333333333,0.2,0.5
477351,mscoco,0.024192466773092745,0.08337991136025086,0.0208110305480659,0.0817528903288183,0.2,1.0,0.2,1.0
84084,mscoco,0.14292806908488273,0.36175065286032354,0.1944633349776268,0.32382007353073505,0.1,1.0,0.4,0.5
492314,mscoco,0.19775111824274064,0.37290081739146985,0.382138629257679,0.5938540121406131,0.1,0.125,0.2,0.3333333333333333
13882,mscoco,0.0485039783641696,0.15861027335491273,0.021710057649761437,0.13132697697539278,0.1,1.0,0.1,1.0
125700,mscoco,0.035995347704738376,0.10021773295278692,0.07869597859680652,0.24480369821270967,0.2,0.5,0.1,1.0
370103,mscoco,0.36280126571655275,0.6365608873594735,0.3509726271033287,0.5681260335260635,0.3,1.0,0.0,0.0909090909090909
94,drawbench,0.06389898043125868,0.15616198692202446,0.04653225000947714,0.12135606377993272,0.0,0.0769230769230769,0.0,0.0048543689320388
137273,mscoco,0.14746715035289526,0.395019559792957,0.13278683684766293,0.6325613080235832,0.1,0.5,0.1,1.0
106935,mscoco,0.08079963233321905,0.27801385752803026,0.11080221384763718,0.2574830434179279,0.1,0.1111111111111111,0.1,0.125
797,mscoco,0.21840477660298346,0.45696347708619184,0.30941595882177353,0.475369581459093,0.5,0.5,0.6,1.0
107362,mscoco,0.03361476492136717,0.08645835945844038,0.044058334454894064,0.20821978383755635,0.1,0.125,0.3,1.0
81128,mscoco,0.02683175792917609,0.09000290116805679,0.023466242337599398,0.1084125161724136,0.1,0.5,0.1,1.0
442554,mscoco,0.035555346449837086,0.23159841762478842,0.03332546690944582,0.23060537735878378,0.1,1.0,0.1,1.0
19413,mscoco,0.12697033286094667,0.3254012866308287,0.09037167206406593,0.24563655179314242,0.0,0.008,0.0,0.0033444816053511
7583,mscoco,0.03765013888478279,0.1279941234205937,0.07483868077397346,0.1693760322473573,0.0,0.0909090909090909,0.4,1.0
464634,mscoco,0.06183360489085317,0.16186479206989327,0.055401356890797615,0.22610246792133457,0.1,0.5,0.2,1.0
257788,mscoco,0.21566687449812888,0.4931568245351211,0.2380390740931034,0.49189367083997615,0.4,1.0,0.3,0.5
385438,mscoco,0.081855259090662,0.2925820221909518,0.09612375758588314,0.24511950748188993,0.0,0.04,0.0,0.0833333333333333
275432,mscoco,0.07098601385951042,0.21438827014645243,0.10252261348068714,0.24595344890801907,0.0,0.0232558139534883,0.1,1.0
490582,mscoco,0.0548639883287251,0.24958410601192985,0.11196677153930068,0.22517736713629077,0.1,0.5,0.1,1.0
399880,mscoco,0.13743442744016648,0.34583158217911597,0.14004322029650212,0.3403063143363767,0.2,1.0,0.2,1.0
256903,mscoco,0.21399894505739211,0.38782743765252964,0.2872163087129593,0.5513900199528935,0.0,0.0476190476190476,0.6,0.3333333333333333
2349,mscoco,0.08604655340313912,0.2587996986486234,0.11052395924925804,0.3184592676570738,0.1,0.5,0.1,1.0
70735,mscoco,0.23637136965990066,0.42098966614484173,0.24995112270116807,0.5464969722649811,0.4,0.3333333333333333,0.5,1.0
73634,mscoco,0.09542813785374164,0.2709676630022506,0.11977140977978706,0.2578544987149888,0.4,1.0,0.5,1.0
495131,mscoco,0.031170729640871288,0.09638430165228545,0.023798849806189536,0.09065963944960048,0.0,0.0217391304347826,0.1,0.1
548953,mscoco,0.06521925311535597,0.18401945847901915,0.11352653652429581,0.23666966686536273,0.0,0.0119047619047619,0.0,0.0227272727272727
517780,mscoco,0.12607556134462355,0.4603128925662706,0.1221071109175682,0.45022481168498096,0.1,1.0,0.1,1.0
314616,mscoco,0.12064172774553299,0.2588396122107689,0.06020901277661324,0.24646690577150093,0.0,0.0909090909090909,0.1,1.0
51070,mscoco,0.015144091239199043,0.048088074905044347,0.034843144752085206,0.12449635382037554,0.0,0.0048076923076923,0.1,0.5
61761,mscoco,0.13259513191878797,0.4621949852915922,0.12763079348951578,0.4581332854013428,0.3,1.0,0.5,1.0
228657,mscoco,0.12281327582895755,0.2786178051418123,0.23857829123735427,0.4300979048160169,0.1,0.1428571428571428,0.6,0.3333333333333333
328732,mscoco,0.3552209183573723,0.5227055867186843,0.3813967779278755,0.7525890342464326,0.3,0.25,0.3,1.0
152108,mscoco,0.24701336547732353,0.347712775535164,0.30296824872493744,0.48004425757608193,0.4,1.0,0.7,0.5
309192,mscoco,0.24291372373700143,0.4636884552712077,0.20470255594700576,0.3211657352745998,0.3,1.0,0.2,0.25
28085,mscoco,0.05682904031127691,0.22537581885244892,0.05137349907308817,0.20925766778702004,0.1,1.0,0.1,1.0
392717,mscoco,0.039106763899326324,0.1386109009948691,0.03289865031838417,0.08806636640245041,0.0,0.003731343283582,0.1,1.0
373648,mscoco,0.2914601840078831,0.4873458025256489,0.3652974084019661,0.5840321591583889,0.2,0.5,0.2,0.5
186201,mscoco,0.18626703061163424,0.39334495901743355,0.16223568245768547,0.4624950941907345,0.3,1.0,0.1,0.25
556248,mscoco,0.176588698849082,0.36098984622142344,0.15361592583358288,0.3811368716183166,0.3,0.5,0.1,0.3333333333333333
30631,mscoco,0.053440813161432746,0.144535951260441,0.07908947318792343,0.21108274967017507,0.0,0.0012165450121654,0.1,0.25
109838,mscoco,0.09394665379077197,0.3083488904129936,0.11453708820044994,0.25022339580336345,0.1,1.0,0.4,0.2
97686,mscoco,0.17334202490746975,0.5193498003551116,0.23316137231886386,0.3497929473595102,0.1,1.0,0.1,0.1
22559,mscoco,0.02705466318875551,0.12419464889429283,0.019587642140686513,0.11223000665491585,0.1,1.0,0.1,1.0
163474,mscoco,0.1142915053293109,0.32244019834195087,0.09025588780641555,0.29168355795455864,0.0,0.0069930069930069,0.0,0.05
23489,mscoco,0.19590892642736435,0.3553844538073577,0.21487959921360017,0.46226485320784916,0.6,1.0,0.8,1.0
460417,mscoco,0.04188398513942957,0.09398160669166915,0.031138507556170224,0.10790682475009158,0.0,0.0103092783505154,0.1,1.0
143120,mscoco,0.08464223723858595,0.20065919362868392,0.07108086794614792,0.2222123010395933,0.1,0.3333333333333333,0.2,0.5
549649,mscoco,0.014467767532914877,0.051714198083894145,0.010940522607415914,0.04979144835205079,0.1,0.5,0.1,1.0
62132,mscoco,0.05690175238996744,0.3376724029325895,0.028677832731045783,0.2136839712790611,0.1,0.5,0.1,1.0
371157,mscoco,0.047697780281305314,0.14898652344906915,0.04112328551709652,0.13399364070273367,0.0,0.04,0.1,0.1
376009,mscoco,0.10772366654127837,0.29531468841403996,0.12669541239738463,0.23076025066088626,0.1,1.0,0.0,0.0357142857142857
41997,mscoco,0.7145815253257751,0.7353332954979619,0.6478203356266021,0.8287343623006972,0.9,1.0,1.0,1.0
305338,mscoco,0.04607988838106394,0.15289069481672635,0.04729446992278099,0.15306283368983845,0.5,0.5,0.2,1.0
151922,mscoco,0.13788927271962165,0.3906651824334886,0.1574867732822895,0.3498170402916456,0.1,0.1428571428571428,0.3,1.0
169683,mscoco,0.15904617980122565,0.3345812723980156,0.19314096868038177,0.3723169528106115,0.5,1.0,0.7,1.0
504216,mscoco,0.0210990137886256,0.08065028006510172,0.008468452794477343,0.03741339847820121,0.1,1.0,0.1,0.5
42215,mscoco,0.34744645059108736,0.6716444638326959,0.2741198889911175,0.5800872147216605,0.5,1.0,0.5,1.0
285607,mscoco,0.2957484543323517,0.5037368415671902,0.3269116073846817,0.48821666481015247,0.0,0.0666666666666666,0.0,0.0192307692307692
345562,mscoco,0.034352986793965104,0.12336662292682789,0.03934298628009856,0.12200501979116225,0.1,0.2,0.1,0.1
155160,mscoco,0.04273700583726168,0.1424677304585689,0.03819951750338078,0.1422962189020048,0.1,1.0,0.1,1.0
576944,mscoco,0.07902840338647366,0.20018334382219624,0.09821719601750374,0.2881506696199272,0.1,0.3333333333333333,0.3,1.0
488360,mscoco,0.0320811590179801,0.07516189477490604,0.02658288264647126,0.07790317772361904,0.1,0.1428571428571428,0.1,0.3333333333333333
20641,mscoco,0.22900751903653144,0.38744285099080106,0.24735081233084202,0.4808053651528422,0.2,1.0,0.2,1.0
83268,mscoco,0.11052448395639658,0.28628844793302477,0.11797379702329636,0.286443249401592,0.1,1.0,0.0,0.037037037037037
203618,mscoco,0.19010905008763074,0.25262470012635757,0.20798720195889472,0.5650829149285568,0.1,0.125,0.1,1.0
301870,mscoco,0.3984486684203148,0.6358052600337276,0.4821820441633463,0.6835876453141743,0.5,1.0,0.6,1.0
424788,mscoco,0.12090215496718884,0.26955901060583226,0.18164915777742863,0.45501809420628014,0.1,1.0,0.5,1.0
292170,mscoco,0.045703069865703584,0.1187770476957965,0.10964762084186078,0.32338046783260327,0.1,0.1111111111111111,0.3,0.5
502823,mscoco,0.25420745462179184,0.58679888944676,0.28723665326833725,0.39901302960221674,0.2,1.0,0.4,1.0
40531,mscoco,0.1969264678657055,0.36581531324883926,0.18908395171165465,0.35378068485456593,0.6,0.3333333333333333,0.8,0.5
162020,mscoco,0.1505499292165041,0.26250343023891826,0.10440799072384835,0.2660848261855063,0.1,0.25,0.1,0.3333333333333333
84853,mscoco,0.09120551440864802,0.2643226622964057,0.0766824048012495,0.1844264702728908,0.5,0.5,0.7,1.0
139839,mscoco,0.09793197922408581,0.22763431095649972,0.12027841992676258,0.33238141559297535,0.1,0.125,0.1,0.1666666666666666
163296,mscoco,0.5970524460077286,0.8574815816523899,0.534791549295187,0.769475433819503,0.5,0.3333333333333333,0.4,1.0
268644,mscoco,0.17803205065429212,0.4715449302468882,0.21372346580028534,0.43371938889683387,0.7,1.0,0.9,1.0
69283,mscoco,0.02151232152245939,0.0677401339205498,0.023308318760246038,0.08985008260182191,0.0,0.0169491525423728,0.1,1.0
59610,mscoco,0.4278291493654251,0.7363959617674385,0.44555840641260147,0.7595622743606749,0.5,1.0,0.7,1.0
471834,mscoco,0.10432495512068271,0.21070154915335448,0.10284381099045277,0.23650628804510027,0.2,0.3333333333333333,0.7,0.5
15197,mscoco,0.1660571426153183,0.25160712367494625,0.21242273226380348,0.3729310161168083,0.4,0.5,0.6,0.5
343908,mscoco,0.04298740746453404,0.138404791713965,0.061113856732845306,0.11926617977162163,0.0,0.0093457943925233,0.0,0.0208333333333333
451375,mscoco,0.05402927827090025,0.22215114841660008,0.041674898588098586,0.20022065990598462,0.1,0.3333333333333333,0.1,0.5
440027,mscoco,0.1261744849383831,0.2733603435249296,0.14343717619776725,0.3022536619271866,0.2,0.25,0.5,0.5
377777,mscoco,0.06436323337256908,0.18803669520403885,0.07794390078634024,0.20434562977342122,0.0,0.0060240963855421,0.3,1.0
130240,mscoco,0.3352385453879833,0.5117217355293384,0.49604317247867585,0.6149324883514692,0.4,0.25,0.8,0.5
121618,mscoco,0.11010850965976715,0.28231638567347006,0.1203618224710226,0.25467479438175106,0.3,0.5,0.3,0.5
273245,mscoco,0.07648379458114504,0.2507914786096009,0.07273050136864186,0.19297462748525054,0.1,0.2,0.0,0.0714285714285714
187978,mscoco,0.02151707196608186,0.06212076373137287,0.02365955072455108,0.08657027903621567,0.1,0.25,0.1,1.0
395933,mscoco,0.04218324897810817,0.1368578264381057,0.052981470711529255,0.174170222069049,0.1,0.5,0.1,1.0
247184,mscoco,0.13937151692807676,0.3162690876864806,0.14206839837133883,0.2977710828788717,0.1,0.2,0.4,0.5
198397,mscoco,0.20273054912686347,0.3105679020818732,0.2474108226597309,0.4701981818576919,0.1,0.125,0.4,1.0
266207,mscoco,0.5224926590919494,0.6897655416123913,0.5328503876924515,0.724619515485236,0.7,1.0,1.0,1.0
324816,mscoco,0.15575301200151442,0.37588076577908236,0.1688496183604002,0.4032009147458995,0.1,0.1111111111111111,0.1,0.25
539311,mscoco,0.059911200776696205,0.24050613444316168,0.07461377922445536,0.26158908761989896,0.1,1.0,0.2,1.0
34,drawbench,0.13776737004518508,0.3174152968401067,0.12229085564613343,0.3208606771620019,0.0,0.0,0.0,0.0
214413,mscoco,0.07104304414242506,0.1609323407036126,0.05813776645809412,0.18612188922299433,0.0,0.0526315789473684,0.1,1.0
521574,mscoco,0.04577125310897827,0.16591922764623282,0.04616239601746201,0.18301445562552807,0.0,0.0007710100231303,0.0,0.0185185185185185
317112,mscoco,0.05420564617961645,0.18457752679385442,0.060998282954096796,0.20660904572937117,0.1,1.0,0.1,0.1111111111111111
552295,mscoco,0.11652957051992416,0.3672806550710353,0.08924436904489993,0.3594661803553377,0.0,0.037037037037037,0.1,0.25
579787,mscoco,0.2794438324868679,0.7060658511364148,0.27846533954143526,0.6085038068365535,0.3,1.0,0.5,1.0
384422,mscoco,0.0381844574585557,0.11502151978568921,0.0571524690836668,0.17410404734168627,0.1,1.0,0.0,0.0434782608695652
531725,mscoco,0.45704258382320406,0.6540408218942335,0.5199108809232712,0.8308864081976456,0.4,0.5,0.7,1.0
491943,mscoco,0.03606150932610035,0.10502168776222053,0.051160400919616225,0.14705304078760517,0.1,0.5,0.1,1.0
56605,mscoco,0.10509276911616325,0.21765648598927775,0.0910035626962781,0.2294719410274558,0.1,0.5,0.4,1.0
444272,mscoco,0.027732800878584384,0.07944207467112314,0.0197025784291327,0.07776569009170618,0.0,0.0217391304347826,0.1,0.3333333333333333
220948,mscoco,0.14246429949998857,0.31959830402569583,0.1724933885037899,0.34230611514935294,0.1,0.1428571428571428,0.8,1.0
265176,mscoco,0.08501920998096466,0.19997304408310929,0.08920225836336612,0.21610278800047275,0.3,1.0,0.3,1.0
186,drawbench,0.06056639887392521,0.24685599516009296,0.11095553189516068,0.37531371638515015,0.0,0.0,0.0,0.0
275835,mscoco,0.12719383239746093,0.3074414954342706,0.11076039150357246,0.25409500425058656,0.2,0.5,0.2,0.1666666666666666
386036,mscoco,0.1171030756086111,0.28238091804000376,0.11111369468271733,0.22974665232187916,0.3,0.5,0.3,0.3333333333333333
165638,mscoco,0.23287598490715028,0.3417139297472701,0.26159347742795946,0.5172556549253626,0.1,0.1428571428571428,0.1,0.1666666666666666
388353,mscoco,0.10470800250768661,0.24928582285948855,0.12695594243705272,0.356578448533602,0.1,0.125,0.2,1.0
4624,mscoco,0.43582275733351705,0.65764373386162,0.38367466926574706,0.6047899863665788,0.4,1.0,0.6,1.0
206871,mscoco,0.22205428555607795,0.3721723848136936,0.2788631096482277,0.5030177880274488,0.3,0.3333333333333333,0.4,1.0
516805,mscoco,0.04743022490292788,0.1735891917771739,0.04260843731462956,0.16810719255338577,0.1,1.0,0.1,1.0
531798,mscoco,0.22137841880321502,0.3448864010423296,0.30599365681409835,0.5004036110020424,0.4,0.5,0.5,1.0
89095,mscoco,0.13423389717936515,0.268708366106546,0.20416853800415993,0.41668332807330094,0.1,0.1666666666666666,0.1,0.1666666666666666
18078,mscoco,0.1765650562942028,0.36788805828475707,0.13273042663931847,0.3310203355857478,0.7,0.5,0.6,1.0
136900,mscoco,0.39453460425138476,0.5498887378604606,0.3758553445339203,0.4917347762431968,0.2,0.125,0.5,0.5
16,drawbench,0.05782803483307362,0.1382400951873478,0.04097680179402232,0.12438110447711696,0.0,0.0,0.0,0.0
350724,mscoco,0.06548637971282005,0.23195285945532196,0.14094247333705426,0.30445416263053815,0.1,0.25,0.1,0.3333333333333333
477195,mscoco,0.05594354588538408,0.18591788240264798,0.05250249253585935,0.16903822790684908,0.6,1.0,0.5,1.0
55059,mscoco,0.09420281611382961,0.3530735996245402,0.10537795834243298,0.3641576328390947,0.1,1.0,0.1,1.0
28214,mscoco,0.0870706981047988,0.41940697957286477,0.10441023856401443,0.40699982958429276,0.2,1.0,0.2,1.0
192812,mscoco,0.09378821924328803,0.2389915223768338,0.0704126792959869,0.2308797546002408,0.1,0.5,0.1,1.0
162717,mscoco,0.030031957384198903,0.10102239815199918,0.03129548942670226,0.11043695123925461,0.1,0.25,0.1,1.0
547136,mscoco,0.20534555613994598,0.3727076452686235,0.20846579372882842,0.3373564163679376,0.1,0.125,0.1,0.1
408182,mscoco,0.0756457768380642,0.16830754413055513,0.06299223192036152,0.20912188189990452,0.1,0.1666666666666666,0.1,0.2
360536,mscoco,0.13817919008433818,0.4393810920542991,0.10263446345925331,0.40792060640445066,0.1,1.0,0.1,1.0
485564,mscoco,0.18422594983130694,0.2955346137297953,0.386901943385601,0.5158783050273159,0.3,0.3333333333333333,0.3,0.1666666666666666
360695,mscoco,0.4795393571257591,0.4863787684009562,0.622079636156559,0.6760046429245946,0.4,0.25,0.6,0.5
514483,mscoco,0.09626545403152705,0.2982926681505995,0.1052632924169302,0.2511399935724717,0.1,0.25,0.2,1.0
409918,mscoco,0.10794613063335419,0.30920083151592426,0.1203427292406559,0.3121476950853661,0.1,0.5,0.1,1.0
34333,mscoco,0.010004111914895475,0.03780857297411363,0.010941538866609335,0.052482296569171506,0.1,1.0,0.1,0.5
156915,mscoco,0.20056754350662231,0.3150899629537384,0.26677926927804946,0.587358612932238,0.1,0.125,0.1,1.0
16520,mscoco,0.3261546313762665,0.6674332550979644,0.299563130736351,0.7419130556867854,0.1,1.0,0.1,0.5
308441,mscoco,0.17084849178791045,0.36214711550283163,0.24560173451900483,0.539289515004786,0.4,1.0,0.7,1.0
246146,mscoco,0.18269143104553223,0.380650019274249,0.23112714737653733,0.49040391395081395,0.1,0.125,0.4,1.0
525342,mscoco,0.036530453432351354,0.16855024716594194,0.04801910351961851,0.12562963703352553,0.0,0.0217391304347826,0.1,0.3333333333333333
293306,mscoco,0.28154143542051313,0.5250687261515586,0.23026164323091508,0.44290512747283456,0.0,0.0769230769230769,0.0,0.0050761421319796
163431,mscoco,0.11595339439809323,0.28261335923077574,0.1408362951129675,0.4869082304087858,0.3,0.5,0.2,0.1666666666666666
41265,mscoco,0.1701144279912114,0.44233209261198975,0.13176299892365934,0.3055424134621969,0.1,1.0,0.0,0.0833333333333333
184610,mscoco,0.040566811338067055,0.15756153868236708,0.061962503381073473,0.1726333560460432,0.1,1.0,0.1,0.25
545673,mscoco,0.22048716470599175,0.445121173140172,0.1565336413681507,0.5534283084533131,0.5,0.5,0.3,0.5
187757,mscoco,0.21133158281445502,0.2517085131951499,0.25936178117990494,0.600373689045494,0.2,0.2,0.6,0.5
492065,mscoco,0.0749634268693626,0.212164789201307,0.15106856618076564,0.2702135977918892,0.0,0.0277777777777777,0.2,0.25
352248,mscoco,0.06463214699178935,0.1829233243826813,0.05357854794710874,0.15629398747952966,0.3,1.0,0.3,1.0
360173,mscoco,0.17747196033596993,0.32779705673706866,0.28883990496397016,0.42658781423180975,0.2,0.2,0.5,0.5
443913,mscoco,0.0847820045426488,0.1913190069111951,0.11725959368050098,0.29857083170401566,0.0,0.0476190476190476,0.1,0.1428571428571428
475301,mscoco,0.2095965299755335,0.400996259241273,0.2941165938973427,0.5706003224956605,0.1,0.5,0.3,1.0
196,drawbench,0.02065185969695449,0.056127512914022536,0.0071179290069267155,0.027072310219977764,0.0,0.0,0.0,0.0
66192,mscoco,0.10862392820417881,0.23544770604121984,0.16756976582109928,0.34683607832521196,0.1,0.2,0.2,0.2
158950,mscoco,0.08279489986598491,0.24507619285761423,0.16548475474119187,0.34479805102077793,0.2,0.5,0.3,1.0
536278,mscoco,0.3252510502934456,0.5170028820213622,0.24179943464696407,0.3485415650637814,0.9,1.0,0.7,0.5
232417,mscoco,0.11904694773256778,0.3923994211094278,0.20881503373384475,0.4281543524956378,0.0,0.0454545454545454,0.0,0.0072992700729927
395013,mscoco,0.07925221975892782,0.1637252016151796,0.08789239004254341,0.2238753020868008,0.3,1.0,0.3,0.5
113839,mscoco,0.24840405136346816,0.36123693433326154,0.261723093688488,0.4633794771186534,0.6,1.0,0.5,0.5
103512,mscoco,0.11550519913434983,0.23403464048392322,0.17156261019408703,0.3377187294855783,0.0,0.0038022813688212,0.0,0.0094339622641509
47597,mscoco,0.2060446660965681,0.5524339307282113,0.13901433795690538,0.27518622365359763,0.2,1.0,0.1,0.2
197427,mscoco,0.26464337706565855,0.5640990192295074,0.2401955507695675,0.5268742388393132,0.7,1.0,0.4,0.3333333333333333
416604,mscoco,0.052829201240092515,0.18460161492772884,0.04375673693139106,0.17308526889987288,0.1,1.0,0.1,1.0
513733,mscoco,0.20938904834911226,0.37885991994379686,0.2204297736287117,0.4671801608925595,0.8,1.0,0.8,1.0
182373,mscoco,0.15289849266409875,0.33772929521878736,0.29334411323070525,0.45956072636733436,0.1,0.5,0.8,1.0
561919,mscoco,0.2733125351369381,0.684699125331287,0.30309576392173765,0.7683160450717142,0.2,0.1111111111111111,0.7,1.0
221165,mscoco,0.1739611390978098,0.2909021180542124,0.167176316678524,0.28374399961048014,0.0,0.0833333333333333,0.0,0.0133333333333333
13,drawbench,0.22169523388147355,0.3921551343959429,0.28641505241394044,0.44199063798986243,0.0,0.003690036900369,0.0,0.0178571428571428
490057,mscoco,0.1508756648749113,0.4608650788879776,0.2622817613184452,0.49483397595442696,0.1,1.0,0.4,1.0
561957,mscoco,0.2568977490067482,0.4583540338907838,0.3040310278534889,0.5001303111335219,0.3,0.5,1.0,1.0
451772,mscoco,0.625341321527958,0.8101818126840258,0.6948886573314667,0.8889850718271072,0.8,1.0,0.9,1.0
247223,mscoco,0.33565998896956445,0.7183713457597988,0.32189694344997405,0.4578967219419023,0.2,1.0,0.2,0.5
532253,mscoco,0.004625437929644249,0.03463652003781912,0.004584414862620179,0.03493224567295655,0.1,1.0,0.1,1.0
178,drawbench,0.003080381394829601,0.010058308705289318,0.0007836550736101344,0.0030685535212161942,0.0,0.0,0.0,0.0
15621,mscoco,0.1806178979575634,0.355958389179591,0.21049391180276872,0.40737724460878605,0.1,0.1,0.5,1.0
161634,mscoco,0.15670247003436089,0.3027590346957247,0.13201653212308884,0.27657232847169383,0.1,0.1,0.1,0.2
33555,mscoco,0.11507010161876678,0.26686505692836665,0.20213824287056922,0.43220378955019007,0.1,0.5,0.2,1.0
59,drawbench,0.057106370385736224,0.20930164973409512,0.07639429140836,0.247138017910837,0.0,0.0,0.0,0.0
17869,mscoco,0.21634190604090692,0.3745623876544168,0.19230646044015884,0.354681564264554,0.0,0.0909090909090909,0.3,0.3333333333333333
378790,mscoco,0.030803332477807997,0.10456288872737114,0.03682282851077616,0.10993195320926322,0.1,0.2,0.2,1.0
248876,mscoco,0.12839281372725964,0.25937158475567795,0.112099065259099,0.2552732447811693,0.0,0.0294117647058823,0.2,1.0
398130,mscoco,0.05316908564418554,0.1863469764612413,0.05118132559582591,0.1683586736283693,0.1,0.5,0.1,0.5
124236,mscoco,0.04608559235930443,0.10907226427658404,0.04070406518876553,0.1352559427898165,0.1,0.1666666666666666,0.1,0.25
441382,mscoco,0.06177032608538866,0.22816388478902846,0.05737919993698597,0.2136815529298207,0.2,0.3333333333333333,0.1,1.0
444670,mscoco,0.07474175207316876,0.25585676029331983,0.06651616021990776,0.21721705755613674,0.0,0.03125,0.1,1.0
482665,mscoco,0.10004622153937817,0.27383495403318703,0.060626819543540475,0.35419794476635075,0.1,0.5,0.1,1.0
170766,mscoco,0.05952384397387504,0.1734867924094259,0.08966682404279709,0.2322919394780189,0.1,1.0,0.1,0.5
156904,mscoco,0.08816659580916167,0.260805447591445,0.05164237078279257,0.17111829942992948,0.2,0.5,0.1,0.3333333333333333
313156,mscoco,0.38968591690063475,0.5943542123015323,0.3392954468727112,0.6516022859064217,0.2,0.1428571428571428,0.2,1.0
129176,mscoco,0.4841381683945656,0.7353920120997058,0.5500589460134506,0.6894418038997328,0.4,0.5,0.6,0.5
295558,mscoco,0.16627229154109954,0.29041912079031534,0.18143324702978134,0.38972746684163384,0.0,0.0333333333333333,0.2,1.0
246358,mscoco,0.19301679357886314,0.43779763319895176,0.2164084196090698,0.3972730312086591,0.5,1.0,0.6,1.0
281052,mscoco,0.232999287545681,0.35948497777908867,0.18302224278450013,0.3791836680198049,0.1,0.5,0.3,1.0
324165,mscoco,0.01814399715512991,0.07701980786359583,0.02386263180524111,0.10361198038780199,0.1,1.0,0.1,1.0
536900,mscoco,0.09786837697029113,0.1865603016728122,0.10188834629952907,0.23754635011635417,0.5,0.5,0.7,1.0
579341,mscoco,0.17671857699751853,0.3954688979502316,0.24477689415216447,0.45690558537574094,0.5,1.0,0.6,0.5
149679,mscoco,0.010022671427577734,0.042216444292258126,0.015297572594136,0.07281372473296509,0.0,0.0909090909090909,0.1,0.25
283840,mscoco,0.023661736771464346,0.08466724015231934,0.029879314359277487,0.12786073999708575,0.1,1.0,0.2,0.25
361351,mscoco,0.06185227232053876,0.27152909340881193,0.06096392460167408,0.19482930505577184,0.2,1.0,0.1,0.3333333333333333
415239,mscoco,0.2046225644648075,0.46974306414376543,0.200150927901268,0.35328321226443127,0.3,0.3333333333333333,0.6,0.3333333333333333
99073,mscoco,0.1049937877804041,0.21694894208645596,0.09869230091571808,0.25236843062776954,0.3,0.5,0.4,0.3333333333333333
369653,mscoco,0.4099217228591442,0.6873608394031926,0.4579049736261368,0.7613161107309813,0.2,1.0,0.1,0.125
72583,mscoco,0.009432746050879359,0.051283394347477855,0.009045785747002811,0.05248044459778091,0.1,1.0,0.1,1.0
565326,mscoco,0.0666738735511899,0.17315546903355553,0.06543096303939819,0.17448790172252948,0.0,0.0714285714285714,0.1,0.5
264660,mscoco,0.0342323281802237,0.12276521009330121,0.02748839440755546,0.129003464215159,0.1,1.0,0.1,1.0
236552,mscoco,0.16061083637177945,0.41569173774060636,0.17282916307449342,0.4854170414436666,0.2,1.0,0.3,1.0
522491,mscoco,0.09625109545886516,0.24712030700219276,0.16389322094619274,0.318741081060847,0.0,0.0769230769230769,0.0,0.0095238095238095
84757,mscoco,0.03945925959851593,0.12358414994962058,0.04089925922453404,0.10892746852581943,0.0,0.0096153846153846,0.1,0.1666666666666666
40957,mscoco,0.0395102696493268,0.17696676772245848,0.041918803751468656,0.1459431099129644,0.1,1.0,0.1,0.5
95679,mscoco,0.052617515251040456,0.1750179987797338,0.05632412023842335,0.17494426418486467,0.2,1.0,0.2,1.0
265279,mscoco,0.2607756495475769,0.4525154883034186,0.2529780864715576,0.5262793802711279,0.4,1.0,0.3,0.5
245938,mscoco,0.07060054671019315,0.25367542147363936,0.05922626871615648,0.2270609794586171,0.2,1.0,0.1,1.0
522639,mscoco,0.10468564443290233,0.21596579813248487,0.17459167987108232,0.4439925354580823,0.0,0.03125,0.1,0.25
225345,mscoco,0.04303175238892436,0.17597000729062606,0.04844744000583887,0.21644073459440422,0.1,0.5,0.1,1.0
24104,mscoco,0.1937011480331421,0.33029881877165845,0.2970423445105553,0.5487467018156078,0.4,0.1666666666666666,0.8,1.0
317331,mscoco,0.20700036436319352,0.4699210367560171,0.3169101312756538,0.5994809190256809,0.5,1.0,0.3,0.3333333333333333
