caption_id,source,pred_clip_p10,pred_clip_rr,pred_blip2_p10,pred_blip2_rr,true_clip_p10,true_clip_rr,true_blip2_p10,true_blip2_rr
261342,mscoco,0.08733724653720856,0.2575320225556774,0.0884316086769104,0.2010292586063604,0.0,0.0192307692307692,0.0,0.04
203177,mscoco,0.007092927308985963,0.031507969458904196,0.009438651567324995,0.037639096996507394,0.1,1.0,0.1,1.0
239082,mscoco,0.2222805365920067,0.4020905800530963,0.26298271119594574,0.49989828767825123,0.2,0.1666666666666666,0.4,1.0
166557,mscoco,0.5529832050204277,0.852705764722087,0.6486683398485183,0.642056196222542,0.7,1.0,0.7,1.0
70,drawbench,0.0023906347370939328,0.014292798141650562,0.00123094713781029,0.005808113076145185,0.0,0.0,0.0,0.0
27585,mscoco,0.08735940605401993,0.22118160130545275,0.12278639376163483,0.2918572056984082,0.0,0.0833333333333333,0.4,0.25
44960,mscoco,0.3489034354686737,0.5389935059025105,0.4431538462638855,0.6318630997813088,0.2,1.0,0.5,1.0
559685,mscoco,0.24313754066824914,0.6059814207272672,0.2358993861824274,0.5678406526201683,0.2,0.3333333333333333,0.1,0.5
577169,mscoco,0.08808764964342117,0.19810931538715953,0.09322808608412743,0.2957498116964453,0.2,0.25,0.4,1.0
276964,mscoco,0.06412076540291309,0.20222317489532285,0.06254694759845733,0.1806960287144322,0.1,1.0,0.1,0.5
480770,mscoco,0.1819016370922327,0.34070326091275743,0.16181532237678767,0.6431162836135355,0.3,0.5,0.3,1.0
56821,mscoco,0.08570064697414637,0.171661884039054,0.06684926114976406,0.20431194293509658,0.1,0.2,0.1,0.25
298353,mscoco,0.029894906841218472,0.08193789337604805,0.020546134747564792,0.05394966385234759,0.0,0.0204081632653061,0.1,0.125
58492,mscoco,0.13776518516242503,0.31329673110073764,0.13226736672222614,0.32108754193455896,0.1,1.0,0.1,0.1428571428571428
530479,mscoco,0.07267471142113209,0.1794460481236922,0.08513993471860885,0.21815188505891406,0.0,0.05,0.0,0.0555555555555555
318426,mscoco,0.10030819140374661,0.2366255249234172,0.10387816019356251,0.2342077390569923,0.3,0.3333333333333333,0.5,0.5
386890,mscoco,0.22299247458577157,0.429386151727601,0.24094553142786027,0.5030591114977188,0.0,0.0909090909090909,0.1,1.0
23309,mscoco,0.029162889812141657,0.10487629223070834,0.03526600925251842,0.16907944604190359,0.1,1.0,0.2,1.0
101270,mscoco,0.2531324937939644,0.2804588895492616,0.3178808867931366,0.44786073287324035,0.0,0.0769230769230769,0.1,0.25
170809,mscoco,0.009050210798159241,0.03482591768203535,0.0077975150663405655,0.02253287110031995,0.1,1.0,0.1,0.1
20150,mscoco,0.13927015289664268,0.40900030305122925,0.1345953879877925,0.3343677697707412,0.1,0.1428571428571428,0.1,0.2
142942,mscoco,0.19501194283366202,0.4526358531700904,0.23549870327115058,0.5564716271581721,0.2,0.125,0.2,1.0
63306,mscoco,0.09008129797875881,0.2230424730838572,0.17558573484420775,0.3320611210514082,0.1,0.1,0.2,1.0
561151,mscoco,0.19811116121709346,0.3624990194203923,0.22543904259800912,0.35868171564836804,0.0,0.0172413793103448,0.1,0.1
377619,mscoco,0.1782350905239582,0.4739853546162933,0.16798040233552455,0.4149005618414444,0.1,1.0,0.1,1.0
390068,mscoco,0.3665697921067476,0.7815226550647816,0.3148608960211277,0.7865097872896608,0.5,1.0,0.4,1.0
246004,mscoco,0.03451773240230978,0.11856053997858043,0.028967528883367778,0.101013185406276,0.1,1.0,0.1,0.1
324789,mscoco,0.0064316258416511115,0.0201580816140715,0.012880527460947633,0.0516740720617018,0.1,0.125,0.1,1.0
301541,mscoco,0.1898662181571126,0.3339627827921847,0.3071295075118542,0.5588301836124505,0.0,0.0526315789473684,0.2,0.25
233617,mscoco,0.1950892699882388,0.4474820963411751,0.16918870843946934,0.6941903591414164,0.1,0.3333333333333333,0.1,1.0
108452,mscoco,0.08942061699926854,0.29862715315879396,0.1056567870080471,0.31882303559142094,0.1,1.0,0.1,1.0
333049,mscoco,0.13503378462046384,0.3023620631740114,0.20219459161162376,0.343510772653928,0.2,0.125,0.3,1.0
144796,mscoco,0.05792103130370378,0.15861174192112995,0.0727494239807129,0.163040792988443,0.1,0.3333333333333333,0.0,0.0303030303030303
488514,mscoco,0.09086677618324757,0.286802714151924,0.1294117569923401,0.29347647723392883,0.1,1.0,0.1,0.125
47294,mscoco,0.14023310132324696,0.27621442890834647,0.2260564047843218,0.387897356482881,0.1,0.2,0.3,1.0
306173,mscoco,0.03243370968848467,0.11508258616064353,0.041564594209194186,0.15099689573382,0.1,1.0,0.1,0.5
253470,mscoco,0.027531868871301414,0.10074393470332615,0.030336662102490662,0.09194707405278411,0.0,0.0909090909090909,0.1,0.5
190700,mscoco,0.02258804803714156,0.08221615304366027,0.029300408251583577,0.10829443981010964,0.1,1.0,0.1,0.5
84089,mscoco,0.18931162729859352,0.39178127246975536,0.12603279314935206,0.19264345226295793,0.0,0.0178571428571428,0.0,0.0031347962382445
175954,mscoco,0.18090734705328942,0.30939707578373277,0.3591482624411583,0.623755211396983,0.2,1.0,0.5,0.2
158223,mscoco,0.15646918807178736,0.3963766641845956,0.22415869049727916,0.6163134247779489,0.5,1.0,0.7,1.0
448607,mscoco,0.4271449387073517,0.6840277702797625,0.5682328701019287,0.8625825233942289,0.4,0.5,0.3,0.5
248862,mscoco,0.13436229787766935,0.3352015056148612,0.15668578613549472,0.3943790130824985,0.1,0.5,0.1,1.0
227526,mscoco,0.07216533813625574,0.13524402686215226,0.03887790935114026,0.1160287172414633,0.0,0.0037593984962406,0.0,0.0022988505747126
549409,mscoco,0.018221098650246858,0.06863619024478344,0.015979326236993073,0.055459424594868925,0.1,0.3333333333333333,0.1,0.3333333333333333
123214,mscoco,0.3719629220664501,0.6389359912567404,0.31127296946942806,0.4219131449671405,0.3,0.25,0.1,0.3333333333333333
494957,mscoco,0.16683452501893042,0.3207142068561734,0.17263924069702624,0.34731434185789384,0.1,1.0,0.1,1.0
284176,mscoco,0.06785323042422534,0.23726221636148764,0.11938546746969222,0.230631139142077,0.2,0.25,0.5,1.0
25430,mscoco,0.1524068634957075,0.3441683659149815,0.17866046018898488,0.2433023651511549,0.4,0.25,0.4,1.0
52746,mscoco,0.07183458842337132,0.18225647411873602,0.09542756527662277,0.20834589221782554,0.4,1.0,0.4,1.0
118598,mscoco,0.1459360882639885,0.3820563748473636,0.2545106537640095,0.5198638128512416,0.3,1.0,0.3,0.5
42622,mscoco,0.28673185855150224,0.4253444667098014,0.43964122980833054,0.6342773336738374,0.1,0.1111111111111111,0.6,1.0
128275,mscoco,0.13609362598508595,0.2993887698706095,0.17817919477820396,0.41414307468273187,0.1,0.3333333333333333,0.4,1.0
402255,mscoco,0.029317397577688097,0.1068996393358263,0.018391044391319156,0.05436949236171795,0.0,0.0285714285714285,0.1,0.25
24935,mscoco,0.1370236162096262,0.38603673265272775,0.14392937496304511,0.36182397989441584,0.1,0.5,0.1,1.0
39502,mscoco,0.030740924831479787,0.09974648194047471,0.037636745069175956,0.13553299739564217,0.0,0.0123456790123456,0.1,0.5
370391,mscoco,0.05330153554677963,0.16674731475922247,0.14908849969506263,0.32076004860378227,0.0,0.0138888888888888,0.3,0.3333333333333333
170700,mscoco,0.028204647987149657,0.06585966667595564,0.12678803321905435,0.3583465015962295,0.0,0.0212765957446808,0.1,1.0
438910,mscoco,0.138154473900795,0.3055335623291453,0.18426395058631898,0.3300392077548401,0.1,0.25,0.3,1.0
160,drawbench,0.012113686301745474,0.04441548248369886,0.006341707869432866,0.02841980759470044,0.0,0.0,0.0,0.0
291526,mscoco,0.033740835246862846,0.10747034949681526,0.03195023695006967,0.10698611277788889,0.1,1.0,0.1,0.5
379596,mscoco,0.06484678145498038,0.2163179859036091,0.07090634498745203,0.22613990668583284,0.1,1.0,0.0,0.0769230769230769
12,drawbench,0.22514370381832122,0.4231660340272872,0.20270539484918118,0.3414115921651026,0.0,0.0,0.0,0.0
241148,mscoco,0.08732506241649389,0.16721512743554826,0.059911864809691906,0.17548700471457554,0.1,0.1428571428571428,0.2,1.0
319991,mscoco,0.16798741593956948,0.29574411539344,0.09499027505517006,0.28909080196360226,0.1,0.5,0.1,1.0
310688,mscoco,0.028744709864258765,0.09808480272341176,0.019257567822933197,0.0762040312454909,0.1,1.0,0.1,1.0
243283,mscoco,0.23543897569179534,0.3874318049064465,0.26310820430517196,0.4919838008524648,0.9,0.5,1.0,1.0
149,drawbench,0.03702205950394273,0.15007133567444136,0.04136697892099619,0.1532981666653153,0.0,0.0,0.0,0.0
558426,mscoco,0.16924434900283813,0.45494911481074507,0.2067639097571373,0.4653968548532253,0.2,0.3333333333333333,0.5,1.0
394214,mscoco,0.1745659478008747,0.3164185626308684,0.2353666380047798,0.3703834302310529,0.0,0.05,0.1,1.0
297699,mscoco,0.11361812874674797,0.2953713450849522,0.15717409774661065,0.3713644169675881,0.1,0.125,0.1,0.125
146972,mscoco,0.025832112214993687,0.09397094724375318,0.045940757170319556,0.11765616017059974,0.2,0.5,0.0,0.0909090909090909
401783,mscoco,0.6652039140462875,0.6932041629549925,0.5376053228974342,0.7277654241528861,0.8,0.5,0.9,1.0
182245,mscoco,0.2882471650838852,0.5900245775078835,0.5283703535795212,0.8169347188939424,0.0,0.0256410256410256,0.2,1.0
126018,mscoco,0.3045336950570345,0.4896743408073885,0.27094926312565804,0.6694156267946605,0.7,1.0,0.4,1.0
290549,mscoco,0.04141688533127308,0.1832467691895444,0.05105945717077702,0.15218760950519,0.1,0.3333333333333333,0.1,1.0
399946,mscoco,0.14636286348104477,0.2907108075643697,0.15949278958141805,0.4023926270828995,0.1,0.5,0.1,1.0
8,drawbench,0.40358164459466933,0.5201146116713379,0.320326342433691,0.3888536161193301,0.0,0.0001043296817944,0.0,6.345580303318739e-05
211678,mscoco,0.08841698989272118,0.2096580650478564,0.07075156942009926,0.19540001054073977,0.3,0.5,0.4,0.5
421539,mscoco,0.008345563645707443,0.024226502449160203,0.009024802187923342,0.03920286816711595,0.1,1.0,0.2,0.3333333333333333
264358,mscoco,0.06832558223977685,0.17286644463491335,0.07013467978686094,0.24121774356536438,0.1,0.5,0.1,1.0
430848,mscoco,0.10656970348209142,0.42094489309176736,0.15077622160315513,0.3126900351571282,0.2,1.0,0.2,0.5
133251,mscoco,0.2706303857266903,0.6561641354251354,0.26987820118665695,0.5296210565518951,0.5,0.5,0.2,0.1666666666666666
568560,mscoco,0.17802736759185792,0.34744073573328027,0.15911309644579888,0.3732649247268383,0.2,0.3333333333333333,0.0,0.0526315789473684
405612,mscoco,0.11756266802549362,0.2506462965982081,0.09716664291918278,0.2903691499661366,0.1,1.0,0.1,0.5
20794,mscoco,0.07161913346499205,0.1832868484143765,0.20074298083782197,0.35541473517086875,0.1,0.1428571428571428,0.1,0.5
6,drawbench,0.7602653443813324,0.8383350236825966,0.5838008195161819,0.7107926911610911,0.0,0.0011750881316098,0.0,0.0129870129870129
225306,mscoco,0.16513067986816168,0.4033108499015045,0.2308513380587101,0.4799931537646543,0.0,0.0833333333333333,0.1,1.0
103603,mscoco,0.1577769111841917,0.27812170075648324,0.23394009917974473,0.3973672215769775,0.6,0.3333333333333333,0.4,1.0
395,mscoco,0.05640659905038774,0.2127848599892085,0.0600959712639451,0.1641717959517537,0.2,1.0,0.1,0.25
80067,mscoco,0.03678768230602145,0.10910938299643043,0.03583921836689115,0.15017242790666607,0.1,0.1428571428571428,0.1,1.0
490619,mscoco,0.07549056708812714,0.195324964036577,0.07362811742350459,0.20869318663321684,0.0,0.0066666666666666,0.0,0.0109890109890109
167126,mscoco,0.13533923104405404,0.4489400581380739,0.18341179564595222,0.5029829706315633,0.4,1.0,0.1,1.0
442961,mscoco,0.20725813806056975,0.4108361717137318,0.22354855686426162,0.39558933051123196,0.1,0.5,0.5,0.5
260111,mscoco,0.13693978507071733,0.3847160309741845,0.10291403420269489,0.25791888171353206,0.0,0.0555555555555555,0.0,0.0161290322580645
68005,mscoco,0.03168987613171339,0.10691396581998505,0.039698736369609834,0.11060096433754299,0.1,1.0,0.1,1.0
73541,mscoco,0.18686807714402676,0.33423507208706343,0.2586537443101406,0.5955037373128098,0.2,0.5,0.0,0.0833333333333333
316190,mscoco,0.10459595285356045,0.20776373056729674,0.10367602296173573,0.2950899241752049,0.1,1.0,0.1,0.1428571428571428
519552,mscoco,0.05058409785851836,0.17119325417224643,0.02960595516487956,0.10831422372863292,0.1,0.3333333333333333,0.1,0.5
365419,mscoco,0.3263039480894804,0.4544599941056315,0.38844963163137436,0.6572624954167059,0.1,0.2,0.2,0.5
55050,mscoco,0.0966378191486001,0.32700028383247665,0.1212206393480301,0.34547197168791877,0.1,1.0,0.1,1.0
150,drawbench,0.034781040344387296,0.08973469692397895,0.035353160556405784,0.09949267996471252,0.0,0.0,0.0,0.0
122,drawbench,0.09014993272721768,0.21042771398393995,0.10357421655207873,0.46088464659843237,0.0,0.000125786163522,0.0,4.940955580809328e-05
403464,mscoco,0.288618715852499,0.5747585894271614,0.23419479541480542,0.48224198415043185,0.2,1.0,0.1,0.25
256809,mscoco,0.27981153428554534,0.45708210820285294,0.3538705945014954,0.6356134011442044,0.0,0.0434782608695652,0.6,0.5
481098,mscoco,0.057243623025715354,0.14574737670990448,0.1448616985231638,0.23736940463658968,0.0,0.0060240963855421,0.0,0.0909090909090909
163289,mscoco,0.1341546405106783,0.24785296192377723,0.1566366646438837,0.3833977762036962,0.0,0.0025839793281653,0.0,0.0476190476190476
383175,mscoco,0.215659998357296,0.3442000324999065,0.24229145497083665,0.4748177866784518,0.3,0.3333333333333333,0.2,0.3333333333333333
71346,mscoco,0.15296387523412705,0.26865021702877323,0.24747286960482598,0.36561849740369506,0.0,0.0161290322580645,0.1,0.5
15569,mscoco,0.11877654194831848,0.2684525826491859,0.19904894679784774,0.4343947349080103,0.1,0.125,0.3,0.25
314949,mscoco,0.07342695891857147,0.19983446653029385,0.109594935644418,0.2542532770794244,0.1,1.0,0.1,1.0
424018,mscoco,0.047948827780783174,0.1464444998409293,0.07398881837725639,0.23918972526617896,0.3,0.3333333333333333,0.2,1.0
465153,mscoco,0.06817857036367059,0.16881088185954166,0.07530837785452604,0.2645587417368514,0.2,1.0,0.2,1.0
10540,mscoco,0.04962000101804733,0.1318741842905097,0.06936376560479403,0.16954650994869058,0.0,0.0294117647058823,0.0,0.0024509803921568
524401,mscoco,0.07267518565058709,0.16246267758290514,0.14959041625261307,0.30907191416608354,0.1,0.1111111111111111,0.4,0.5
277498,mscoco,0.1267482377588749,0.20606583214433158,0.2361570715904236,0.45239303029092187,0.0,0.0196078431372549,0.1,0.1
393583,mscoco,0.030345003120601177,0.10012969186461926,0.0326611197553575,0.13399405833741143,0.2,0.25,0.2,1.0
151339,mscoco,0.2160668358206749,0.4064915764066699,0.19571203887462615,0.41107421374039654,0.3,1.0,0.2,0.3333333333333333
300509,mscoco,0.12030042298138141,0.2251608192964405,0.14825930260121822,0.29715903979381836,0.1,0.5,0.0,0.0833333333333333
389145,mscoco,0.053109864424914124,0.19262423516158664,0.05565058335196227,0.20134524165167508,0.1,1.0,0.1,1.0
537667,mscoco,0.15450703203678132,0.24400452079009188,0.06366562508046628,0.23943592909720993,0.1,0.5,0.1,1.0
352143,mscoco,0.06347166998311878,0.16006009487001233,0.041784559516236185,0.125199646915656,0.1,1.0,0.2,0.5
148,drawbench,0.3017957217991352,0.5619990607819177,0.12453249953687191,0.3470684910279911,0.0,0.0,0.0,0.0
355826,mscoco,0.15520213190466164,0.43103204804224865,0.15710071995854377,0.4569630918796274,0.2,1.0,0.1,1.0
251937,mscoco,0.06456288751214742,0.18539851356689296,0.09917257986962795,0.1778366795415602,0.3,1.0,0.3,1.0
135397,mscoco,0.064849051553756,0.21832564689103934,0.06297268997877836,0.23601376092885312,0.1,1.0,0.1,1.0
394658,mscoco,0.13982208594679832,0.26428287396309635,0.09149040170013904,0.3109553642916508,0.1,0.3333333333333333,0.1,1.0
485709,mscoco,0.22849060073494912,0.6368731442938066,0.11143199373036623,0.19912238112628486,0.2,1.0,0.1,0.1428571428571428
504167,mscoco,0.22630327567458153,0.46502040047516785,0.20621068105101586,0.3898936630943724,0.1,1.0,0.0,0.0263157894736842
230644,mscoco,0.06789431013166905,0.13492127144869526,0.08315967805683613,0.19759571069143497,0.1,0.1,0.2,0.3333333333333333
83510,mscoco,0.06653824634850025,0.1974523983357753,0.11152738593518734,0.32096648536527284,0.1,0.1428571428571428,0.0,0.02
401650,mscoco,0.036886400822550056,0.11115595621645451,0.056134806387126444,0.11818875561150015,0.1,0.125,0.1,0.2
136411,mscoco,0.10754337990656496,0.21545383189651524,0.10961252450942993,0.31375237972781794,0.0,0.037037037037037,0.1,0.1666666666666666
176120,mscoco,0.15344385504722596,0.43654124770715125,0.12907107174396515,0.26092614046468493,0.2,0.1111111111111111,0.3,0.25
348134,mscoco,0.03883274514228106,0.11938854752815785,0.06315254755318164,0.2097381847081264,0.3,0.5,0.1,1.0
193398,mscoco,0.0269480409566313,0.09201530987798476,0.020995058678090574,0.07487451885100076,0.0,0.0833333333333333,0.1,1.0
540774,mscoco,0.37287731617689135,0.5069814327356342,0.601326510310173,0.8458505952830374,0.6,1.0,0.9,1.0
113211,mscoco,0.06415738426148891,0.19782213186038555,0.04071255289018154,0.13821583620327688,0.1,0.1111111111111111,0.2,1.0
406749,mscoco,0.02485051527619362,0.0775186676132842,0.026338401716202497,0.08324921464684165,0.2,1.0,0.2,1.0
280551,mscoco,0.04475100226700306,0.14270193430784325,0.058364202408120035,0.21970159100552486,0.1,0.3333333333333333,0.1,1.0
441358,mscoco,0.06549259293824435,0.20013584423597316,0.11945864744484425,0.31429318468178036,0.2,0.2,0.1,0.5
561314,mscoco,0.112948365136981,0.23332324219158188,0.22640892267227172,0.4093578283901226,0.0,0.0454545454545454,0.6,1.0
130749,mscoco,0.07082534106448293,0.22578830470690298,0.10135973505675792,0.266786848606723,0.0,0.0769230769230769,0.1,0.3333333333333333
25907,mscoco,0.06416268646717072,0.19631047416806896,0.06486395634710788,0.19076558378233213,0.1,1.0,0.1,1.0
364157,mscoco,0.02324598766863346,0.1022929537392131,0.029251323128119112,0.10318310050235081,0.3,1.0,0.3,0.3333333333333333
327529,mscoco,0.021036675083450973,0.08115283872915573,0.05068584531545639,0.17760536950124342,0.1,1.0,0.1,0.3333333333333333
214087,mscoco,0.10973836146295071,0.31812215319934445,0.07308443002402783,0.29051010465278115,0.1,0.25,0.1,1.0
253763,mscoco,0.22914597392082214,0.4236574180920328,0.2921862445771694,0.4279122172263457,0.1,1.0,0.1,1.0
298065,mscoco,0.0773736122995615,0.28249562244419935,0.06962382677011192,0.26917251037843914,0.1,1.0,0.1,1.0
305803,mscoco,0.19038607478141784,0.3774188354165652,0.22250010557472705,0.412242728254438,0.0,0.0151515151515151,0.0,0.0454545454545454
173,drawbench,0.02512326929718256,0.07351655485592225,0.13653990402817726,0.26988482253227014,0.0,0.0,0.0,0.0
458339,mscoco,0.2412002995610237,0.537039845125123,0.19430614560842513,0.340066666565584,0.0,0.0833333333333333,0.1,0.5
428326,mscoco,0.07876507136970759,0.14468602087258478,0.06976374369114638,0.15431761708042946,0.0,0.0181818181818181,0.0,0.0103092783505154
530201,mscoco,0.14983456265181302,0.40176494410457225,0.1810659348964691,0.4265261482265343,0.1,1.0,0.1,1.0
59039,mscoco,0.15809304174035788,0.34407922528126544,0.1860607996582985,0.2964703638224665,0.3,1.0,0.7,0.5
333738,mscoco,0.4008310675621033,0.5582943072488271,0.39780866652727126,0.6682031969238204,0.6,0.5,1.0,1.0
132081,mscoco,0.04480208978056908,0.15187528001141476,0.05372207090258598,0.15356844883294257,0.1,0.25,0.1,0.5
26573,mscoco,0.3998317450284958,0.7173284067437032,0.3549980357289314,0.5834774534098585,0.3,1.0,0.4,0.3333333333333333
115893,mscoco,0.25684655345976354,0.6806990354982818,0.17264767084270716,0.3972787794239767,0.2,1.0,0.4,1.0
49542,mscoco,0.3138707235455513,0.5805258777479309,0.4741056144237518,0.7988087124211354,0.5,0.25,0.5,0.5
212864,mscoco,0.02395247872918844,0.08809495423984201,0.04385971538722515,0.09655340346303182,0.0,0.0454545454545454,0.0,0.0075187969924812
32967,mscoco,0.12465199008584023,0.37949418768358534,0.20331064164638518,0.4758521407412514,0.0,0.0015037593984962,0.2,0.2
98642,mscoco,0.011325206246692688,0.03954995826967576,0.01804084915202111,0.07107836097797075,0.1,0.3333333333333333,0.1,1.0
183719,mscoco,0.26162259131669996,0.5337678486679803,0.3247291758656502,0.6019756155024433,0.0,0.0060240963855421,0.0,0.006060606060606
401307,mscoco,0.2275288961827755,0.5591666160800765,0.27236437797546387,0.599464526695865,0.2,1.0,0.3,1.0
467612,mscoco,0.3422920688986778,0.4523696832760499,0.37094284892082213,0.6118154638468433,0.6,0.5,0.4,0.3333333333333333
36034,mscoco,0.029123934265226126,0.08917165940674715,0.03017644565552473,0.08766323427713107,0.2,1.0,0.1,0.2
216378,mscoco,0.13381260838359593,0.2401771708211785,0.1323103528469801,0.26234359097478116,0.1,0.5,0.1,1.0
360441,mscoco,0.09076357297599316,0.24959597422161728,0.0616570582613349,0.1689889088756624,0.1,0.1666666666666666,0.1,0.1428571428571428
75057,mscoco,0.126892124209553,0.4497282333297521,0.3178625375032425,0.48510321401648976,0.3,1.0,0.6,1.0
53870,mscoco,0.11922864764928817,0.33995508787216844,0.1723009929060936,0.3703902969213636,0.1,0.1428571428571428,0.0,0.0161290322580645
253323,mscoco,0.11996640767902136,0.41511621461771875,0.1045774295926094,0.21407994725713966,0.2,0.1666666666666666,0.3,0.5
433270,mscoco,0.2060155153274536,0.365634300196193,0.24977022856473924,0.46381359805208683,0.2,0.125,0.3,1.0
176758,mscoco,0.12642728257924318,0.24058305853139844,0.20053709894418717,0.45053732353412823,0.1,0.2,0.2,1.0
420396,mscoco,0.03830185709521174,0.11091324358553793,0.05415444206446409,0.21429918252250252,0.1,0.1428571428571428,0.1,1.0
365792,mscoco,0.2956792965531349,0.5937304887347106,0.2795765019953251,0.6490855097886635,0.3,0.5,0.3,1.0
564382,mscoco,0.020262281177565455,0.10463098287686916,0.015290424507111312,0.06898846112076062,0.1,0.5,0.1,1.0
180667,mscoco,0.06519256345927715,0.16776491880080222,0.08260641470551491,0.2329253472597355,0.1,1.0,0.0,0.0020242914979757
154399,mscoco,0.1274391481652856,0.20790524043374603,0.09407571628689766,0.21701564326179082,0.1,0.2,0.0,0.0833333333333333
576537,mscoco,0.14534900300204753,0.3258692927158498,0.32784516364336014,0.6100948556094908,0.2,1.0,0.4,1.0
18194,mscoco,0.021933125611394644,0.08056396314962957,0.0528310788795352,0.2058185337788439,0.1,0.1666666666666666,0.2,0.5
278243,mscoco,0.05013062171638012,0.14231873355913424,0.034386012516915795,0.10871314330442489,0.1,0.5,0.1,0.5
253728,mscoco,0.08997023254632949,0.2398388809398044,0.13293645456433295,0.2650731577307068,0.1,1.0,0.1,1.0
306229,mscoco,0.30087595134973527,0.432457913280108,0.4005544036626816,0.5982783799138822,0.6,1.0,0.8,1.0
413277,mscoco,0.15233149230480195,0.36658474454574236,0.24714831337332727,0.49293493902230223,0.1,0.1428571428571428,0.5,1.0
86951,mscoco,0.11584153436124325,0.2727823074949178,0.11599962934851646,0.23394257688588133,0.5,1.0,0.8,1.0
489942,mscoco,0.10021885405294598,0.425297405243952,0.09873764384537935,0.41223672793796573,0.1,1.0,0.1,1.0
199141,mscoco,0.24075165167450904,0.5302988191825279,0.25388489440083506,0.5068163317222233,0.4,0.5,0.5,0.5
170336,mscoco,0.17170795127749444,0.33601384149701197,0.2218117594718933,0.35400432081981736,0.1,0.3333333333333333,0.2,0.2
89549,mscoco,0.05666386466473341,0.18903632995035466,0.11060097888112068,0.3475176417794598,0.0,0.0909090909090909,0.1,1.0
372246,mscoco,0.08692843364551664,0.2932038324352327,0.07359794806689024,0.2984001820391963,0.1,1.0,0.1,1.0
535563,mscoco,0.034598190477117895,0.1167046483485374,0.06556793418712914,0.1616713149211654,0.1,1.0,0.1,1.0
228222,mscoco,0.13006176948547363,0.29525063844375904,0.15333626344799994,0.31957329706915966,0.4,0.5,0.6,1.0
195353,mscoco,0.18815419301390648,0.35922037754245606,0.2367001287639141,0.617368257685289,0.4,0.3333333333333333,0.5,1.0
58624,mscoco,0.15515222745016216,0.3269110213421257,0.1963668629527092,0.5256324691503144,0.1,0.5,0.1,1.0
268900,mscoco,0.1207467906177044,0.2718493496990291,0.12701565977185963,0.20716093498452307,0.1,0.125,0.1,0.25
161019,mscoco,0.3868113175034523,0.7161433082155243,0.33064314648509024,0.595004954435307,0.2,0.3333333333333333,0.4,1.0
379035,mscoco,0.11441242843866348,0.29206201359780426,0.13821075707674027,0.3275280024914211,0.0,0.0123456790123456,0.2,0.25
172276,mscoco,0.28309393897652624,0.7371454713373623,0.28236494287848474,0.557289453273934,0.1,0.1428571428571428,0.1,0.1111111111111111
271120,mscoco,0.17313045524060727,0.3253999205255122,0.18382686376571655,0.3874632623375441,0.0,0.0555555555555555,0.1,0.1111111111111111
180445,mscoco,0.01923313019797206,0.0767176906521522,0.017531240801326932,0.07728363806254128,0.2,1.0,0.2,1.0
284362,mscoco,0.12388760186731815,0.25500569647705834,0.14071859717369078,0.32027240265396717,0.0,0.0384615384615384,0.1,1.0
466656,mscoco,0.14541724249720572,0.36720190922570667,0.11622143238782882,0.2801264461701799,0.5,1.0,0.5,1.0
271360,mscoco,0.034592314762994646,0.13211167680250477,0.03601076137274504,0.16676666904029466,0.1,1.0,0.0,0.0001578033769922
429290,mscoco,0.14945002123713494,0.3326621586419414,0.3025935120880604,0.39251130952826163,0.0,0.0238095238095238,0.0,0.0769230769230769
464649,mscoco,0.49064758941531184,0.8300550504378823,0.2622025415301323,0.37440129004641115,0.0,0.0666666666666666,0.0,0.02
118260,mscoco,0.07556141298264266,0.1762609737320701,0.11050858572125435,0.3249351882643433,0.0,0.0263157894736842,0.0,0.0120481927710843
337062,mscoco,0.0868756677955389,0.19561869959112377,0.22658424861729146,0.28958746992245893,0.0,0.0625,0.4,0.5
249049,mscoco,0.1764220677316189,0.33469787718971267,0.1366744939237833,0.42085161718332253,0.2,0.3333333333333333,0.1,1.0
497542,mscoco,0.028668323205783962,0.1102880654873184,0.06292404737323523,0.230072515765459,0.0,0.0123456790123456,0.1,0.5
400940,mscoco,0.16975490376353264,0.3594590928937378,0.13803737238049507,0.35718582671799276,0.1,0.3333333333333333,0.1,0.5
254753,mscoco,0.12369133159518242,0.2126719462716107,0.13385187275707722,0.36658270574665147,0.1,0.2,0.1,1.0
550157,mscoco,0.24147013276815416,0.40654001240120485,0.23869238495826722,0.5329133703735709,0.4,1.0,0.5,1.0
113905,mscoco,0.09043899010866881,0.19145423429307556,0.07018088214099408,0.18910992033875357,0.1,0.2,0.3,1.0
471881,mscoco,0.08807171545922757,0.28060145685575344,0.06420761635527014,0.27327994995363286,0.1,1.0,0.1,1.0
524187,mscoco,0.1809180811047554,0.4187393576760087,0.2553931653499603,0.584674611315334,0.1,0.1111111111111111,0.4,1.0
354409,mscoco,0.06301461760886014,0.2770595029924635,0.053635815624147654,0.2830469317376856,0.1,1.0,0.1,1.0
36713,mscoco,0.10358183532953262,0.25170403210691034,0.09721791557967663,0.20744562588978885,0.1,1.0,0.1,0.5
421005,mscoco,0.11415586452931166,0.2559718150117039,0.1173813533037901,0.30181756734045956,0.2,0.25,0.2,1.0
504639,mscoco,0.14173721261322497,0.3481311587831817,0.17397191673517226,0.41113721449008,0.7,1.0,0.8,1.0
356660,mscoco,0.25574862360954287,0.41498810153529236,0.37569963186979294,0.5813369459616685,0.1,0.1111111111111111,0.2,0.2
1792,mscoco,0.4118979685008526,0.6700456458278552,0.47916038036346437,0.5563820025475211,0.7,1.0,1.0,1.0
30409,mscoco,0.04477087780833244,0.13938635279772826,0.11797689907252788,0.2983147721134964,0.0,0.0142857142857142,0.1,1.0
254060,mscoco,0.11343831866979599,0.2812614726082245,0.21983782015740871,0.48980252262866597,0.1,0.1111111111111111,0.3,1.0
169340,mscoco,0.037756500858813526,0.12354986128962879,0.06066820304840803,0.19845704344093013,0.1,0.3333333333333333,0.1,1.0
42513,mscoco,0.0432318028062582,0.15129157152529743,0.08004706613719463,0.18414858564954878,0.1,1.0,0.2,0.1428571428571428
402887,mscoco,0.32476930171251295,0.3879339662323977,0.17803192362189293,0.632029357737189,0.1,0.3333333333333333,0.1,0.5
96435,mscoco,0.03975510315503925,0.17407681646411285,0.02306675324216485,0.14944883540649626,0.1,1.0,0.1,1.0
441541,mscoco,0.026598432986065745,0.11085521567129791,0.043583170510828495,0.12268443420985271,0.0,0.0833333333333333,0.0,0.0333333333333333
51663,mscoco,0.09970707595348358,0.27584338903253736,0.0986446900293231,0.2085934793841875,0.1,0.1111111111111111,0.1,0.2
474271,mscoco,0.09768493007868528,0.29643078658003896,0.09026389792561532,0.2340609250161697,0.1,1.0,0.1,1.0
72702,mscoco,0.21341485902667046,0.40674417773336574,0.2933216497302055,0.4709685396941893,0.1,1.0,0.1,1.0
182793,mscoco,0.4493538200855255,0.7503003505696824,0.5728609621524811,0.7452288590086699,0.0,0.0113636363636363,0.0,0.0434782608695652
21795,mscoco,0.10891365930438042,0.289005092198069,0.07555607575923204,0.24314100780413583,0.1,1.0,0.1,1.0
566672,mscoco,0.195771212130785,0.434336708369226,0.23430209532380103,0.49596586811884485,0.2,0.25,0.5,1.0
2664,mscoco,0.06341731920838356,0.19177626621132668,0.06896148640662432,0.20318438342132927,0.0,0.0625,0.0,0.0476190476190476
333241,mscoco,0.05206875689327717,0.23046060233638754,0.055653951910790055,0.19184966778333995,0.1,1.0,0.1,0.3333333333333333
353402,mscoco,0.09245223682373763,0.19991746484388467,0.1277279980480671,0.3341599638150591,0.0,0.0285714285714285,0.1,0.5
18252,mscoco,0.18267568871378898,0.3699838971045391,0.229540753737092,0.3305935746350571,0.6,1.0,1.0,1.0
387352,mscoco,0.0712363151833415,0.17047087431986807,0.1566455952823162,0.3123654915584759,0.1,0.5,0.3,0.5
198085,mscoco,0.5032639682292939,0.6931622701177096,0.26484394967556,0.45373667714894234,0.1,0.1428571428571428,0.1,0.5
246625,mscoco,0.46008843183517456,0.5964033177861751,0.45416768789291384,0.5823060009295041,0.5,0.3333333333333333,0.7,1.0
420045,mscoco,0.2678298331797123,0.5382925104788134,0.2977425426244736,0.5912972900587902,0.0,0.0303030303030303,0.0,0.0714285714285714
398225,mscoco,0.09006110467016697,0.21525193082358246,0.13856297433376313,0.2954367276063489,0.1,0.3333333333333333,0.0,0.0909090909090909
132964,mscoco,0.15072384402155875,0.32947169150016836,0.19485401660203933,0.46138624351292423,0.6,1.0,0.9,1.0
344632,mscoco,0.0011713077110471204,0.003762839653925713,0.0016099110624054446,0.005905907189820988,0.0,0.0285714285714285,0.0,0.0434782608695652
508045,mscoco,0.13138185888528825,0.38310731308099066,0.14994235560297967,0.4113509032602762,0.3,1.0,0.2,1.0
236936,mscoco,0.029625840100925414,0.10104692186697306,0.0235028141643852,0.09905510372073625,0.0,0.0526315789473684,0.1,1.0
110330,mscoco,0.026024063397198916,0.09673814289280216,0.035385796800255775,0.10913414448525745,0.1,0.5,0.1,0.2
19292,mscoco,0.29583104476332667,0.3118321973252578,0.46163674294948576,0.6235277862601136,0.4,0.2,0.4,1.0
19,drawbench,0.020069030672311784,0.07146769731241653,0.013279705354943872,0.035248858646807664,0.0,0.0,0.0,0.0
345294,mscoco,0.1909047979861498,0.34703519023841495,0.140013731084764,0.38213969507862006,0.1,0.125,0.2,1.0
250424,mscoco,0.05187126901000738,0.21429123568203381,0.05294665116816759,0.16543229820865557,0.0,0.0136986301369863,0.1,1.0
50583,mscoco,0.11054032109677792,0.5032958953441485,0.05752445328980684,0.17686352618226797,0.2,0.5,0.2,0.5
230879,mscoco,0.10746658071875573,0.2269145255157393,0.15628088861703873,0.4113008960031694,0.0,0.04,0.0,0.0833333333333333
168609,mscoco,0.027223073411732912,0.09255976567582758,0.04908408802002669,0.16310294670911266,0.0,0.0121951219512195,0.1,1.0
175923,mscoco,0.06445681545883417,0.1396551577890515,0.07774355132132768,0.18487244135325112,0.3,0.3333333333333333,0.3,0.2
530248,mscoco,0.08970894254744052,0.24747305957338298,0.11999300792813301,0.2588124043129111,0.2,1.0,0.0,0.0294117647058823
421009,mscoco,0.09548525251448155,0.24000763913600826,0.1401251159608364,0.29991519452134524,0.0,0.0666666666666666,0.1,0.5
450974,mscoco,0.1658620059490204,0.3196331371093342,0.2467598356306553,0.5509944519066631,0.1,0.125,0.2,1.0
34922,mscoco,0.17527457997202872,0.36201523496146276,0.12852115463465452,0.15911915136871185,0.0,0.0625,0.2,0.5
134454,mscoco,0.1709232058376074,0.46254575354011507,0.24305107668042183,0.4546686271156258,0.3,1.0,0.3,0.5
91960,mscoco,0.06831488255411386,0.20697689705445382,0.05895215533673763,0.274933234430086,0.0,0.03125,0.0,0.0238095238095238
570203,mscoco,0.2003873435780406,0.28323720064974994,0.18541192598640918,0.48105750072769293,0.1,0.125,0.5,1.0
46506,mscoco,0.012739010388031602,0.04074156103792679,0.009652371378615498,0.030099440542901864,0.0,0.0285714285714285,0.1,0.1428571428571428
460202,mscoco,0.0902355145663023,0.23250557512803247,0.07315598372370005,0.17103885906264935,0.3,1.0,0.3,0.5
358566,mscoco,0.11511389948427678,0.2694518922044088,0.15921905748546122,0.2981558255468593,0.2,0.5,0.6,0.3333333333333333
205206,mscoco,0.08611982613801956,0.2742362508837207,0.08316555246710777,0.24055584239801325,0.1,0.5,0.0,0.01
342273,mscoco,0.05617278418503702,0.2274889317091695,0.05966675728559494,0.203104866148309,0.1,0.3333333333333333,0.1,0.1428571428571428
550466,mscoco,0.09123378805816174,0.27113985255395157,0.15351667441427708,0.29839865985802044,0.3,1.0,0.5,1.0
303281,mscoco,0.804667741060257,0.9130791125725868,0.8183141112327575,0.893401639811521,0.8,1.0,0.9,1.0
464787,mscoco,0.013098877295851708,0.05023924107892153,0.016771454922854902,0.05944743537847957,0.0,0.0625,0.1,0.5
382210,mscoco,0.06443370152264834,0.17967277826972783,0.22198177147656678,0.5488139960922539,0.0,0.0078740157480314,0.0,0.0217391304347826
78413,mscoco,0.11991574391722679,0.2554187710620972,0.12020483762025833,0.2593248947715936,0.1,1.0,0.1,0.5
241530,mscoco,0.06973383352160453,0.13394251220897785,0.10482614487409592,0.33546894024337626,0.0,0.0185185185185185,0.0,0.0666666666666666
165419,mscoco,0.47574498131871223,0.7264310856046577,0.5219216853380203,0.7253509111488669,0.4,1.0,0.8,1.0
152776,mscoco,0.029345436859875916,0.1481257725073109,0.04002255816012621,0.15733712749502013,0.1,1.0,0.1,1.0
103320,mscoco,0.15120177641510962,0.35924624293886676,0.14282220490276815,0.3180229138649983,0.1,0.25,0.0,0.0714285714285714
391011,mscoco,0.38637337684631345,0.5242255980022064,0.5364448323845863,0.855413972644665,0.6,1.0,1.0,1.0
36281,mscoco,0.026979061402380468,0.12506979038560925,0.04711248343810439,0.16160880704829667,0.1,1.0,0.1,1.0
485016,mscoco,0.03858455293811858,0.1199812280947296,0.15226675826124847,0.5175498910764966,0.0,0.0112359550561797,0.0,0.0833333333333333
524392,mscoco,0.5346257537603378,0.6777019663361459,0.5759801477193832,0.810919334383246,1.0,1.0,0.9,1.0
299123,mscoco,0.19292283207178115,0.41060209232324235,0.20156131014227868,0.33489205093797214,0.4,1.0,0.6,0.5
211905,mscoco,0.011331143183633685,0.04306114132923364,0.0071530506305862215,0.03245305131167287,0.1,1.0,0.1,1.0
231381,mscoco,0.30585014522075654,0.5476719305699465,0.3384371757507324,0.6274255498249941,0.3,0.5,0.5,1.0
433896,mscoco,0.036259989393875,0.16027959018586097,0.028272334416396917,0.1393441409289653,0.1,1.0,0.1,1.0
284259,mscoco,0.05543747516348958,0.14408448314848474,0.09014733731746674,0.1918036721748907,0.2,1.0,0.1,1.0
540283,mscoco,0.1698240339756012,0.3955474171741311,0.21995120234787463,0.36018039723136214,0.2,1.0,0.0,0.0769230769230769
425010,mscoco,0.09479187093675137,0.24864644625621515,0.04304088596254587,0.19690555123005257,0.2,1.0,0.4,1.0
170525,mscoco,0.500929494202137,0.7087256137563539,0.46265402138233186,0.6340466503448594,0.0,0.0434782608695652,0.2,0.125
432216,mscoco,0.19492867812514306,0.45987258019778904,0.27110482901334765,0.5637061911787137,0.1,0.2,0.1,0.3333333333333333
142402,mscoco,0.02457350231707096,0.08273143529971232,0.02692687148228288,0.1381896134258609,0.1,1.0,0.1,0.125
90820,mscoco,0.18032517060637474,0.5721120956166644,0.12104951003566385,0.47021725282320964,0.0,0.04,0.0,0.0833333333333333
208961,mscoco,0.033635159488767385,0.13713284350797966,0.02253424795344472,0.13361978282046533,0.1,1.0,0.1,1.0
140623,mscoco,0.07054583877325057,0.21187860192913538,0.09582461435347796,0.19726644332198334,0.3,1.0,0.3,0.3333333333333333
312015,mscoco,0.15455975160002708,0.2986713956624096,0.12167612574994564,0.3343379252589865,0.3,0.5,0.2,0.3333333333333333
388399,mscoco,0.21926374435424806,0.5097577627302585,0.1901496969163418,0.39612362406062296,0.2,0.3333333333333333,0.1,0.25
126659,mscoco,0.06722521595656872,0.20531597967543225,0.12697940468788146,0.28808721605691295,0.2,0.2,0.4,0.25
234990,mscoco,0.10747813954949378,0.23737207039756786,0.12775203064084054,0.24678527985806692,0.0,0.04,0.2,0.1111111111111111
212445,mscoco,0.484486722946167,0.7670949507263785,0.6074210122227669,0.8907441649097226,0.9,1.0,1.0,1.0
540885,mscoco,0.34387224167585373,0.5027493459719052,0.4648225337266922,0.6749698339807201,0.3,1.0,0.5,1.0
276417,mscoco,0.19805178064852952,0.4627512680515767,0.32888779044151306,0.4962747024403663,0.1,0.2,0.2,0.1111111111111111
46173,mscoco,0.11947990544140338,0.3539900037576446,0.17602624073624612,0.33909373860186043,0.1,0.3333333333333333,0.0,0.0188679245283018
53641,mscoco,0.09440202564001084,0.22557847507312287,0.09395758835598826,0.22370125923402215,0.2,0.5,0.2,0.1666666666666666
367332,mscoco,0.4636860728263855,0.8135821775765694,0.5199347257614135,0.7384526305494722,0.3,1.0,0.6,1.0
527134,mscoco,0.10420338734984398,0.2344906645522422,0.1623785201460123,0.2986404942216023,0.1,0.3333333333333333,0.1,0.1666666666666666
263970,mscoco,0.03400707207620144,0.12222579610080554,0.062144546583294866,0.16186026711960377,0.0,0.006060606060606,0.1,1.0
485696,mscoco,0.016841492243111135,0.052859320321575726,0.023660895088687538,0.06284253905354188,0.1,1.0,0.1,1.0
118870,mscoco,0.017503919219598173,0.08579811345617873,0.011340715689584613,0.04879800515496383,0.0,0.0909090909090909,0.1,0.5
11332,mscoco,0.3309714764356613,0.7676380693171538,0.2640805520117283,0.4437095642837366,0.0,0.0625,0.5,1.0
365523,mscoco,0.04786817887797952,0.1937043360378407,0.035417599603533745,0.17582563276440738,0.1,0.3333333333333333,0.1,1.0
479035,mscoco,0.03066728124395013,0.0853295310396088,0.02600575303658843,0.07942597030817987,0.1,0.1428571428571428,0.0,0.0294117647058823
416098,mscoco,0.13763186912983655,0.5523517760326703,0.13469731695950032,0.4736599750589355,0.1,0.5,0.5,1.0
13284,mscoco,0.023417150601744652,0.08284975272219167,0.015710447274614125,0.06059224052624613,0.1,1.0,0.1,1.0
110435,mscoco,0.03535095639526844,0.12246015576906187,0.029910630825906993,0.125089140890378,0.1,1.0,0.1,1.0
116694,mscoco,0.22902936786413192,0.5339247434333425,0.36200675666332244,0.6849854785707099,0.1,0.3333333333333333,0.0,0.037037037037037
244410,mscoco,0.15714665353298188,0.36257691649349166,0.2968927644193172,0.5324309274489635,0.3,1.0,1.0,1.0
428992,mscoco,0.025073329266160727,0.10224654112861441,0.03184232744388282,0.10787503074059916,0.2,1.0,0.6,1.0
337902,mscoco,0.16960101053118706,0.32697627926063466,0.16704628430306911,0.30503964848242004,0.8,1.0,0.9,1.0
546074,mscoco,0.023320975014939904,0.08571361867334235,0.030134077835828065,0.10208772550281167,0.0,0.04,0.1,1.0
70033,mscoco,0.0141739496961236,0.04687539441242442,0.012848353921435773,0.05943029576828004,0.6,1.0,0.6,1.0
149268,mscoco,0.1072815217077732,0.24507919451124208,0.09269718434661627,0.19090205269908314,0.0,0.0476190476190476,0.3,0.3333333333333333
431370,mscoco,0.1376219004392624,0.254790222381139,0.4506061840802431,0.6629424136333011,0.1,0.125,0.2,0.3333333333333333
254387,mscoco,0.08537008389830589,0.1981981070704507,0.07948017287999391,0.19019724234747085,0.2,0.1428571428571428,0.5,0.3333333333333333
177349,mscoco,0.04705971255898476,0.1798350420742873,0.0402431973721832,0.1752239691140524,0.1,0.3333333333333333,0.1,0.1666666666666666
287186,mscoco,0.23674549385905266,0.5190426739134774,0.3397252283990383,0.4315490284584785,0.0,0.0769230769230769,0.1,0.125
328284,mscoco,0.2826065108180046,0.3473626548301263,0.32157628834247587,0.6452324208846485,0.1,0.25,0.1,1.0
50409,mscoco,0.02666101432405412,0.11529547003333353,0.053208171389997005,0.14946257655070477,0.0,0.032258064516129,0.1,0.1111111111111111
399183,mscoco,0.1457357369363308,0.33030813270370823,0.33044591173529625,0.4292240354621436,0.1,0.1111111111111111,0.6,0.5
76589,mscoco,0.13415532149374484,0.30785842566545807,0.11471968963742256,0.22007290796877704,0.2,1.0,0.3,1.0
534965,mscoco,0.26691746413707734,0.5285991303247166,0.19671702459454538,0.40816298399314777,0.1,0.25,0.0,0.0833333333333333
295759,mscoco,0.03249895647168159,0.10006875463332104,0.035495062731206416,0.0903451182288533,0.0,0.0037735849056603,0.0,0.0526315789473684
131725,mscoco,0.0592997825704515,0.17557505845269566,0.061796661093831064,0.17208141386866738,0.0,0.0588235294117647,0.1,1.0
214123,mscoco,0.12988488487899302,0.31102264883562586,0.1229954220354557,0.3111640023161332,0.1,1.0,0.0,0.0625
433075,mscoco,0.03788089058361947,0.1312250768172175,0.03890752168372273,0.10446438175632296,0.1,1.0,0.1,0.1666666666666666
21260,mscoco,0.039114972855895755,0.08485435349330778,0.03304379926994443,0.08351665197737128,0.0,0.0098039215686274,0.1,0.2
312870,mscoco,0.16275164112448692,0.37293756094340086,0.156345434486866,0.4376474013296909,0.0,0.0476190476190476,0.1,0.25
6824,mscoco,0.3817496597766876,0.6003466668720866,0.43664801120758057,0.5459286219448867,0.7,0.25,0.8,1.0
368014,mscoco,0.14463290721178054,0.31178535864008095,0.1966125462204218,0.30287599737751614,0.3,0.3333333333333333,0.3,1.0
227772,mscoco,0.06284810369834304,0.19577226282055227,0.08449481688439846,0.2252096226361126,0.1,0.1666666666666666,0.3,0.25
276671,mscoco,0.3711029291152954,0.7102145100781727,0.46721563637256625,0.8251522045675632,0.2,0.3333333333333333,0.6,0.5
74894,mscoco,0.31077002733945847,0.5454860440226128,0.2790744945406914,0.5242200306786682,0.3,1.0,0.5,1.0
395170,mscoco,0.120650003105402,0.29961466115845353,0.11027068756520748,0.2581211759712146,0.4,0.5,0.6,1.0
362521,mscoco,0.1524443581700325,0.2959825627451015,0.1745070829987526,0.29597437116224823,0.0,0.02,0.1,0.2
543838,mscoco,0.007182997616473586,0.02834027347600147,0.008005005144514143,0.031058245705922777,0.1,1.0,0.1,0.3333333333333333
385580,mscoco,0.0244389571249485,0.10478259890113921,0.04729325911030173,0.11876838742446712,0.0,0.0153846153846153,0.0,0.0714285714285714
448131,mscoco,0.1218846332281828,0.3615060852475177,0.1650095120072365,0.3342380871805436,0.1,0.2,0.6,1.0
33702,mscoco,0.2657553754746914,0.5957308571981793,0.4525223419070244,0.5447734655509199,0.0,0.0555555555555555,0.0,0.0769230769230769
109522,mscoco,0.16769920587539672,0.28898711632910634,0.211960469186306,0.3961653708452654,0.0,0.0416666666666666,0.0,0.0256410256410256
268444,mscoco,0.08993111327290534,0.27199980480135916,0.1632397636771202,0.4037609558037864,0.2,0.5,0.3,1.0
526105,mscoco,0.08634074218571186,0.21916954191737534,0.11153887249529362,0.4174922522544132,0.0,0.0714285714285714,0.0,0.0833333333333333
538709,mscoco,0.053142561856657264,0.20740713962022553,0.058850388322025535,0.20251876785051168,0.1,0.1666666666666666,0.2,0.5
455856,mscoco,0.011125416762661188,0.03908622856656647,0.011842186900321395,0.0335806252250807,0.1,0.5,0.1,0.5
246878,mscoco,0.12212872542440892,0.24315889048448155,0.23577504232525826,0.4921790833501833,0.0,0.0142857142857142,0.4,0.5
361472,mscoco,0.04778794646263122,0.15440412310037918,0.070152298361063,0.2534157763764815,0.0,0.0384615384615384,0.1,1.0
422240,mscoco,0.03905628751963377,0.0979013557661034,0.030325548211112618,0.09038103357676053,0.1,1.0,0.1,1.0
233073,mscoco,0.06074933316558599,0.20321283949063573,0.04878851529210806,0.1466081332401502,0.1,0.3333333333333333,0.1,1.0
340621,mscoco,0.18073495328426362,0.32803663880127404,0.1541372135281563,0.37728511868040154,0.4,1.0,0.6,1.0
422804,mscoco,0.0033815644797869026,0.009670229023168901,0.0033187495486345143,0.019525366579684723,0.1,0.1666666666666666,0.1,1.0
440762,mscoco,0.35218563079833987,0.6234185077361818,0.4112004220485687,0.6472309247205116,0.1,0.125,0.1,0.1
165907,mscoco,0.22746320366859435,0.4799781853790366,0.24544257968664168,0.483943547433941,0.4,0.5,0.6,1.0
540006,mscoco,0.012429812224581838,0.05085466508363667,0.011332094855606555,0.0425968405284972,0.1,0.1111111111111111,0.1,1.0
300267,mscoco,0.0961723916232586,0.19776829085084752,0.08514389842748642,0.25641580921237206,0.5,0.5,0.3,1.0
413852,mscoco,0.2529124390333891,0.33047259652322175,0.3330638825893402,0.5804862839873981,0.4,0.25,0.7,1.0
360975,mscoco,0.22103371247649192,0.4702122802185046,0.1823331493884325,0.3470505239260158,0.4,0.25,0.3,1.0
211909,mscoco,0.3347364544868469,0.6881710207888523,0.42496431767940523,0.5602156259679664,0.6,1.0,0.8,1.0
66389,mscoco,0.10501084588468075,0.26210199734148476,0.12079222053289414,0.29421604631046455,0.0,0.0030395136778115,0.0,0.0025575447570332
13285,mscoco,0.04760815361514688,0.14556808841605154,0.04290482457727194,0.16919182869319288,0.0,0.009009009009009,0.0,0.0026178010471204
573922,mscoco,0.30076133012771605,0.4565099641442117,0.33498294092714787,0.6563761019322198,0.1,0.125,0.4,1.0
62619,mscoco,0.08718889746814966,0.19987233048988282,0.1968529187142849,0.38802053322625124,0.1,0.1,0.1,1.0
168563,mscoco,0.18573296181857585,0.32447564000497714,0.18826844953000546,0.37215863707936986,0.2,0.25,0.2,0.5
178504,mscoco,0.03853014223277569,0.11015861763289417,0.09996032789349556,0.3089655467048614,0.0,0.0909090909090909,0.1,1.0
176174,mscoco,0.11074473634362221,0.2595013147289832,0.17784384191036223,0.3350176632991091,0.1,0.1666666666666666,0.1,0.5
60903,mscoco,0.08320365622639656,0.22626842600747193,0.17473226822912694,0.3969702344243987,0.1,0.1111111111111111,0.2,1.0
80554,mscoco,0.1404929172247648,0.3628136205408808,0.2397337958216667,0.4239344531138288,0.0,0.0714285714285714,0.2,0.3333333333333333
494852,mscoco,0.13111291714012624,0.31333018418059505,0.2178541585803032,0.4702120157010647,0.4,1.0,0.3,1.0
272832,mscoco,0.04729641228914261,0.12510965122523307,0.08102410882711411,0.22462154054703581,0.1,0.3333333333333333,0.1,1.0
497002,mscoco,0.039168951427564026,0.15690333446636115,0.03895571809262037,0.10523526711020816,0.1,0.5,0.0,0.0526315789473684
473918,mscoco,0.03179915240034461,0.10543233472142566,0.049226276017725466,0.1615239211842131,0.0,0.0454545454545454,0.1,0.5
78681,mscoco,0.17429351843893529,0.3576638917615548,0.14300811998546123,0.4055749947339911,0.5,1.0,0.5,1.0
261323,mscoco,0.08798986934125423,0.20807338422654578,0.0915541835129261,0.22197949556565333,0.0,0.0476190476190476,0.1,1.0
489482,mscoco,0.16313227862119675,0.35056935082913815,0.18378270491957666,0.28974858480597643,0.0,0.0909090909090909,0.1,0.5
513966,mscoco,0.05474307285621762,0.1958541497296256,0.17961883284151553,0.3976915621457982,0.1,0.2,0.0,0.04
326202,mscoco,0.192401073127985,0.47660721018234475,0.20043848287314175,0.4555306615336307,0.3,1.0,0.3,1.0
394159,mscoco,0.4711153209209442,0.7969753595154444,0.5410692751407623,0.7199314242301451,0.1,0.3333333333333333,0.2,0.3333333333333333
392320,mscoco,0.21289813285693526,0.32264232636626744,0.20836512856185435,0.6077781769938144,0.7,1.0,0.6,1.0
428301,mscoco,0.1981572661548853,0.4053229579713929,0.1811247482895851,0.44985246985437105,0.3,1.0,0.3,1.0
304217,mscoco,0.10855654999613762,0.29948181710446076,0.09228390231728553,0.2599823846679318,0.0,0.0217391304347826,0.0,0.0133333333333333
332131,mscoco,0.33808116614818573,0.49944071880751045,0.4964757442474365,0.6053228341786738,0.6,1.0,0.7,1.0
316336,mscoco,0.08154520019888878,0.1978117659951666,0.1481865469366312,0.3335110527970158,0.1,0.3333333333333333,0.1,1.0
575331,mscoco,0.039856583811342716,0.12002474928488358,0.04132462162524462,0.14103718426046247,0.0,0.0476190476190476,0.1,1.0
357578,mscoco,0.19946733936667443,0.40938050957796634,0.3946369901299477,0.685792849751874,0.0,0.0625,0.2,0.25
201714,mscoco,0.4220034569501877,0.6072648132102864,0.22281187884509562,0.6130684626099615,0.5,1.0,0.3,1.0
76899,mscoco,0.2194607885554433,0.4183759117153886,0.1573858827352524,0.27342777964566883,0.1,0.1666666666666666,0.0,0.0175438596491228
461445,mscoco,0.3332228347659111,0.48304724259351334,0.34418994933366776,0.5271618196919551,0.2,0.3333333333333333,0.1,1.0
317431,mscoco,0.4460590109229088,0.8454752027496529,0.49339482486248015,0.8739074389358643,0.9,1.0,0.9,1.0
74,drawbench,0.07660445552319288,0.20354337419123206,0.08702143197879195,0.4551110908306445,0.0,0.0128205128205128,0.0,0.0181818181818181
413172,mscoco,0.11421220004558563,0.29551480863340873,0.15912862494587898,0.34143426236474156,0.1,0.1428571428571428,0.4,0.3333333333333333
346754,mscoco,0.036424670368433,0.11165807344960192,0.040843413583934306,0.13533290868496944,0.0,0.0038167938931297,0.0,0.0014245014245014
142349,mscoco,0.18561879619956018,0.3696422411991571,0.19187820628285407,0.36939928284023393,0.1,0.1666666666666666,0.3,0.25
495947,mscoco,0.12269429005682468,0.342248556236915,0.11460396870970727,0.3291784441664951,0.0,0.0454545454545454,0.0,0.0416666666666666
105344,mscoco,0.25130167305469514,0.4348081431532403,0.22323159426450728,0.4925387608701433,0.2,0.25,0.5,1.0
466024,mscoco,0.3578695930540562,0.6099968748197068,0.4653415471315384,0.6494413032971516,0.7,1.0,1.0,1.0
579165,mscoco,0.03717181142419577,0.13076135312952308,0.06262536933645606,0.18149933457489084,0.1,0.2,0.0,0.0256410256410256
323868,mscoco,0.0886056886985898,0.2050582483701564,0.28269207626581194,0.5420735373666967,0.1,0.1666666666666666,0.7,1.0
119947,mscoco,0.08704175744205714,0.24388064216734692,0.1223052168264985,0.30548756128176513,0.1,1.0,0.1,0.5
536201,mscoco,0.030044338200241327,0.10587186678113027,0.03351436490193009,0.11424487772987318,0.1,1.0,0.1,1.0
151432,mscoco,0.32520289421081544,0.41940887492209994,0.34362461119890214,0.5492289130960735,0.5,1.0,0.3,0.3333333333333333
50972,mscoco,0.19804273843765258,0.6247204963215898,0.21531234309077263,0.3316551698084905,0.2,1.0,0.2,0.3333333333333333
222361,mscoco,0.20068130120635033,0.30425656926467,0.20058360435068606,0.3686991408264781,0.4,0.25,0.7,1.0
183,drawbench,0.033080300129950044,0.08605874403351671,0.026619337568990886,0.09449545914875872,0.0,0.0,0.0,0.0
356654,mscoco,0.03939668163657188,0.130464328777905,0.05476705804467201,0.12799918127286192,0.1,1.0,0.0,0.0526315789473684
12377,mscoco,0.017958884174004198,0.09153087862507055,0.024432220216840505,0.07847329508437549,0.1,0.25,0.1,1.0
62589,mscoco,0.3646406292915344,0.6222519968020305,0.35409808680415156,0.6221870326715812,0.4,1.0,0.5,1.0
175,drawbench,0.030507290549576283,0.1263901681276729,0.03649277426302433,0.09248973882958644,0.0,0.0,0.0,0.0
97569,mscoco,0.01435627373866737,0.04911607129736777,0.021699421945959328,0.06385375860257908,0.1,0.1111111111111111,0.2,0.3333333333333333
118342,mscoco,0.25650177597999574,0.5225331122998937,0.2973164409399033,0.4663346980561915,0.5,1.0,0.7,0.5
226348,mscoco,0.15640137419104577,0.4206471653100044,0.16204116232693194,0.3859886289850903,0.1,0.5,0.1,1.0
507833,mscoco,0.018420832743868232,0.06982286519942209,0.008490228769369423,0.05862443065617143,0.1,1.0,0.1,1.0
509503,mscoco,0.14543168898671865,0.21367664778521372,0.0844618983566761,0.27529729604289016,0.4,1.0,0.3,0.5
265447,mscoco,0.12931856885552406,0.31499909874267223,0.12743816673755645,0.30747538263035834,0.6,1.0,0.6,1.0
39398,mscoco,0.2796375095844269,0.4988817541675649,0.5221602857112885,0.7450078689636183,0.1,0.5,0.2,1.0
475667,mscoco,0.2864903137087822,0.5615416304978589,0.2590205416083336,0.43233000155038,0.3,0.3333333333333333,0.3,0.5
110829,mscoco,0.04689829805865884,0.18783557653560032,0.04581023175269365,0.1614082248099442,0.0,0.0434782608695652,0.2,1.0
423830,mscoco,0.2764837436378002,0.5556393235723862,0.1937579795718193,0.5591863932781171,0.1,0.125,0.2,1.0
159567,mscoco,0.16178778521716594,0.32105756603917235,0.14379326328635217,0.36481095435238675,0.1,1.0,0.0,0.003012048192771
67422,mscoco,0.2806152984499931,0.414236464275851,0.3417643532156944,0.6562708228744072,0.3,0.5,0.3,0.5
449210,mscoco,0.25234043672680856,0.5641027373803453,0.3723960816860199,0.5671380333391643,0.1,0.2,0.4,1.0
561386,mscoco,0.06648964476771653,0.17248197010863217,0.20939769521355628,0.3831583408413135,0.2,0.2,0.2,0.25
136267,mscoco,0.294876891374588,0.4460623000047264,0.31716775968670846,0.5252762382462189,0.8,1.0,0.6,0.5
147294,mscoco,0.17689317166805268,0.311406162847556,0.23320289254188536,0.2902799878326387,0.1,0.2,0.2,0.5
127074,mscoco,0.20716723799705505,0.4621735399725198,0.23065026700496674,0.6604086190776329,0.3,1.0,0.6,1.0
355593,mscoco,0.08277153465896844,0.3189634865292075,0.10383611358702183,0.29859878795837946,0.0,0.0005411255411255,0.0,0.0078740157480314
82,drawbench,0.1686190500855446,0.4283563310632666,0.2316407673060894,0.5708784456527733,0.1,0.1666666666666666,0.0,0.032258064516129
97614,mscoco,0.09220441803336143,0.25986186910605025,0.1908743664622307,0.48522085295940653,0.0,0.0196078431372549,0.0,0.0555555555555555
548219,mscoco,0.10322311446070671,0.32056790593349094,0.08769299443811178,0.391554406085284,0.4,0.5,0.4,1.0
232031,mscoco,0.0781434191390872,0.20842653738035025,0.0836380472406745,0.1823912789666348,0.1,0.5,0.0,0.0526315789473684
212047,mscoco,0.029891342297196387,0.10661905139638189,0.030092249810695647,0.11246758341229092,0.1,1.0,0.1,1.0
532520,mscoco,0.022990669682621957,0.07133763666809848,0.021976806782186033,0.0701522590520804,0.2,0.3333333333333333,0.1,0.25
202923,mscoco,0.21643579397350549,0.4226097834351605,0.3152343720197678,0.705082748302277,0.4,0.25,0.3,0.1666666666666666
32675,mscoco,0.2418909676373005,0.5629972177775585,0.21864399798214434,0.5432264672254455,0.1,1.0,0.1,1.0
280112,mscoco,0.41262504905462266,0.7215696126908536,0.4133057475090027,0.6060929873750268,0.3,0.3333333333333333,0.2,1.0
230982,mscoco,0.06098596341907978,0.19800132888260777,0.06756969094276429,0.18731017031795671,0.1,0.5,0.0,0.0714285714285714
104340,mscoco,0.012784234620630741,0.042884146725169214,0.01597611582837999,0.049250434575792104,0.0,0.0256410256410256,0.1,1.0
444912,mscoco,0.033395467512309554,0.10126407393293949,0.04524590568616986,0.15924498256664196,0.0,0.0833333333333333,0.1,0.1666666666666666
210071,mscoco,0.28022754564881325,0.3966291746469872,0.2453568048775196,0.37867436977344415,0.9,1.0,1.0,1.0
541203,mscoco,0.1680090267211199,0.4189752477132825,0.16262834668159484,0.31258711779126913,0.1,0.1,0.2,1.0
64626,mscoco,0.11947047412395477,0.2740370054761513,0.16203979253768921,0.3984720293965831,0.1,0.1111111111111111,0.0,0.0555555555555555
224060,mscoco,0.12806093525141476,0.3926437431975971,0.0811270097270608,0.33431506704665964,0.1,1.0,0.1,1.0
411028,mscoco,0.09310599826276303,0.20626936972969562,0.21183399111032486,0.4954645934524504,0.4,1.0,0.5,1.0
228712,mscoco,0.022649893024936318,0.07534547491718083,0.020080462889745833,0.06436560456490145,0.1,0.125,0.0,0.0256410256410256
170365,mscoco,0.184693843126297,0.4447879743566744,0.18276556804776192,0.46946320684943293,0.0,0.0769230769230769,0.1,0.125
346403,mscoco,0.18429302424192429,0.36719715575008705,0.2965735085308552,0.6126954637798981,0.0,0.0163934426229508,0.2,1.0
265597,mscoco,0.4490725681185722,0.7266184154010333,0.42738474160432816,0.4733780593380554,1.0,1.0,0.9,0.5
11504,mscoco,0.09474572744220496,0.16580635172782815,0.11598911993205548,0.32920555373125093,0.1,0.125,0.2,0.3333333333333333
546010,mscoco,0.039657685067504646,0.18184493225927661,0.034043031139299275,0.1446792317183699,0.1,1.0,0.1,0.5
287003,mscoco,0.2567580081522465,0.5987871314385587,0.22473915852606297,0.4371938711819658,0.1,1.0,0.3,0.5
485406,mscoco,0.021342466468922794,0.06833052258564909,0.033071531215682626,0.12504841161954108,0.0,0.0416666666666666,0.1,1.0
299051,mscoco,0.09192959815263749,0.1790753525306302,0.1495182104408741,0.38775592183071983,0.3,1.0,0.5,1.0
67,drawbench,0.006717587646562606,0.024951711785651153,0.002617572486633435,0.012619904951058827,0.0,0.0,0.0,0.0
107481,mscoco,0.33658244758844375,0.5578603212081208,0.4227695167064667,0.6647043459354931,0.4,0.3333333333333333,0.5,1.0
160968,mscoco,0.39290413334965707,0.5494898500703703,0.315951044857502,0.4910681352478346,0.1,0.1428571428571428,0.1,0.3333333333333333
447983,mscoco,0.07936692424118519,0.2590324685680725,0.13228184245526792,0.2965874306361774,0.1,1.0,0.1,1.0
192651,mscoco,0.10649080574512482,0.26540848262528505,0.22056655287742616,0.45564388760176494,0.3,0.5,0.5,1.0
341856,mscoco,0.07556210923939943,0.3091159112605311,0.11928583844564855,0.3616337823367889,0.3,0.5,0.2,1.0
45809,mscoco,0.17796710804104804,0.39390523362318897,0.1763531006872654,0.3865988815696541,0.6,1.0,0.6,1.0
552089,mscoco,0.12101231571286916,0.4375865249831358,0.0891929617151618,0.1641062543638365,0.1,0.1111111111111111,0.1,0.1
24097,mscoco,0.13702887576073408,0.5240130660463691,0.0999271983280778,0.4816347152460112,0.1,1.0,0.1,1.0
433451,mscoco,0.1945169297978282,0.3399696882348422,0.17172925733029842,0.3543408782776309,0.0,0.0909090909090909,0.1,0.1666666666666666
547100,mscoco,0.09749078936874866,0.3240449776177991,0.07670771060511469,0.30889563763285965,0.1,1.0,0.1,1.0
485595,mscoco,0.027163593750447034,0.09979054002240706,0.04110491368919611,0.13289215685504613,0.1,0.5,0.1,1.0
266209,mscoco,0.1041654784232378,0.22303311183866248,0.16003555431962013,0.35161826101522947,0.2,0.3333333333333333,0.8,1.0
559754,mscoco,0.07094321940094232,0.23050688004672043,0.05704251145943999,0.15595756411726897,0.3,0.25,0.5,1.0
253848,mscoco,0.1960873857140541,0.4503089234400022,0.16400665789842606,0.2940531183897682,0.0,0.0434782608695652,0.1,0.1666666666666666
51487,mscoco,0.018531368067488074,0.07194304245067376,0.026713506737723946,0.08235297716453033,0.1,1.0,0.1,1.0
8725,mscoco,0.25205972902476786,0.44279004314300924,0.2225673422217369,0.40960369092946547,0.0,0.003690036900369,0.0,0.0909090909090909
115,drawbench,0.16087276805192233,0.38799841521711126,0.15279464647173882,0.36484337785601356,0.0,0.0,0.0,0.0
168833,mscoco,0.1884200505912304,0.3726681596011987,0.2903571084141731,0.4587666944030922,0.0,0.02,0.0,0.0357142857142857
248682,mscoco,0.2752670653164387,0.43863104245286044,0.3446949705481529,0.5302494134306328,0.6,0.5,0.8,1.0
488032,mscoco,0.291622781008482,0.6327305332348513,0.4060637757182121,0.6346798529667802,0.3,1.0,0.6,1.0
24242,mscoco,0.06358516216278076,0.1822551155530511,0.13782252818346025,0.2804150497806544,0.0,0.05,0.5,1.0
150546,mscoco,0.059174366667866705,0.23070555285122754,0.06022360529750585,0.1629060467483216,0.1,0.5,0.1,1.0
67563,mscoco,0.45999166667461394,0.5123610619445929,0.35010338574647903,0.585958320031407,0.2,1.0,0.0,0.0833333333333333
36783,mscoco,0.3211947873234749,0.7576245156330369,0.2573762461543083,0.5030089012275748,0.0,0.0040485829959514,0.1,0.1428571428571428
216015,mscoco,0.15399683136492967,0.3636395982380488,0.14560752175748348,0.3758475100782189,0.2,1.0,0.1,1.0
530904,mscoco,0.06671072635799646,0.21511520348033342,0.08806038647890091,0.2955767316163532,0.3,0.3333333333333333,0.3,1.0
15356,mscoco,0.23909346610307694,0.44888051973311976,0.2062741480767727,0.43096385944553683,0.4,0.3333333333333333,0.4,1.0
213809,mscoco,0.031120043992996217,0.13643972048935743,0.03660893738269806,0.15467512344144327,0.1,1.0,0.1,1.0
407057,mscoco,0.020918978843837976,0.06917106013025967,0.019117833115160465,0.08599462192487378,0.4,1.0,0.3,1.0
229142,mscoco,0.1065865870565176,0.2900023430645049,0.18608297929167747,0.5329482119254805,0.1,0.3333333333333333,0.1,0.1428571428571428
307990,mscoco,0.15228194370865822,0.28117503071160377,0.33013432174921037,0.5264032266978931,0.3,0.25,0.2,0.5
185,drawbench,0.06624548342078924,0.1623712222384917,0.03463691119104624,0.1119469180284663,0.0,0.0,0.0,0.0
318820,mscoco,0.08375007584691048,0.2804821187530781,0.06232318170368671,0.26416079937101,0.1,1.0,0.1,1.0
575303,mscoco,0.035312118381261824,0.196352645567553,0.04066740898415446,0.20241888777348147,0.1,1.0,0.1,1.0
578094,mscoco,0.04283456029370427,0.13139512264607625,0.0633531658910215,0.1795970230958387,0.4,1.0,0.7,1.0
54611,mscoco,0.06514060068875552,0.1496077389584885,0.11413736343383789,0.2706284784924118,0.2,0.3333333333333333,0.7,1.0
5903,mscoco,0.11013068594038486,0.3800299134735213,0.12517573665827514,0.37199786573781707,0.2,1.0,0.1,1.0
238603,mscoco,0.36687288284301756,0.48457195721399177,0.5051747620105743,0.8100576802614592,0.3,0.1666666666666666,0.7,1.0
113089,mscoco,0.05551349837332964,0.19332878176292326,0.10217016711831092,0.2272506074610534,0.1,1.0,0.1,1.0
381759,mscoco,0.029098528157919645,0.10806272108230085,0.03392918854951858,0.1021723189425956,0.0,0.0104166666666666,0.1,0.5
486580,mscoco,0.21744164153933526,0.44742715000510647,0.28286916464567186,0.5133167080651592,0.0,0.0434782608695652,0.2,0.25
480720,mscoco,0.4134071975946426,0.5618127460071701,0.42977242469787597,0.7434211257919978,0.6,0.3333333333333333,0.5,1.0
289140,mscoco,0.009602008224464952,0.027713014518769407,0.011752898572012782,0.027263897704363105,0.1,0.2,0.1,0.3333333333333333
91719,mscoco,0.191692703217268,0.2931718697049996,0.3289598271250725,0.5004359899113614,0.2,0.3333333333333333,0.8,1.0
8944,mscoco,0.14602236598730087,0.3520957118239505,0.1313337305560708,0.3075381711244897,0.1,0.3333333333333333,0.0,0.0833333333333333
468742,mscoco,0.0904199592769146,0.22277156494763334,0.12208868665620684,0.24875691683542964,0.3,1.0,0.3,1.0
512723,mscoco,0.3763061180710793,0.6799726394013874,0.387819467484951,0.42850119213135623,0.5,1.0,0.8,1.0
167962,mscoco,0.2744052171707153,0.4309644655626207,0.47937926054000857,0.7113021424514804,0.2,0.1666666666666666,0.4,0.3333333333333333
132161,mscoco,0.07051973920315505,0.18752588268133,0.04616193175315857,0.11040558128525636,0.0,0.0416666666666666,0.1,1.0
260336,mscoco,0.1303570780903101,0.31555412570059005,0.13340261913836002,0.28472347658881014,0.6,1.0,0.8,1.0
320429,mscoco,0.1760706825181842,0.2844146142580919,0.21207067519426345,0.5113200482825638,0.1,0.1,0.2,1.0
465893,mscoco,0.1146901223808527,0.2518648181826076,0.21221835985779763,0.4088612675100851,0.2,0.1666666666666666,0.5,0.3333333333333333
34183,mscoco,0.11335463533177972,0.3438344366462916,0.05935388915240765,0.3183376731148602,0.2,1.0,0.2,1.0
531404,mscoco,0.00962342566344887,0.04743344343234881,0.012861718190833926,0.051681392461742026,0.0,0.015625,0.1,0.1666666666666666
551651,mscoco,0.093140983954072,0.2666612148018802,0.10090440213680267,0.21187095682689344,0.1,0.1428571428571428,0.2,0.5
140921,mscoco,0.39183780252933503,0.744156040069886,0.47525427043437957,0.7626899280366919,0.2,1.0,0.2,1.0
449780,mscoco,0.21013273857533932,0.34663483219594166,0.21054125875234603,0.5966614468287088,0.1,0.1666666666666666,0.0,0.0588235294117647
560326,mscoco,0.11279052160680295,0.24626151504058788,0.134872517362237,0.3289048038579636,0.2,0.5,0.3,1.0
440813,mscoco,0.044280991330742835,0.12170749014879635,0.042765031661838294,0.14878419806222393,0.1,0.5,0.1,0.25
126,drawbench,0.22177120447158813,0.3955714671059493,0.23332744762301444,0.47946907084832274,0.0,1.321684883889983e-05,0.0,4.428305730227615e-05
44,drawbench,0.2962121397256851,0.380703025630499,0.30692334696650503,0.49608584383321563,0.0,2.0200795911358907e-05,0.0,0.0002699784017278
174417,mscoco,0.02644176743924618,0.08433060440211396,0.02904008636251092,0.09760385719652927,0.1,1.0,0.1,0.5
423215,mscoco,0.06586135746911168,0.16377931447288638,0.13033546693623066,0.28644651748541833,0.0,0.0017094017094017,0.0,0.0588235294117647
478090,mscoco,0.18194646034389733,0.30108945686722677,0.17963729351758956,0.34859809714981727,0.0,0.0588235294117647,0.1,0.1666666666666666
83034,mscoco,0.031070041400380433,0.17399960767195247,0.04005399970337749,0.1292064187890886,0.1,1.0,0.0,0.0833333333333333
325568,mscoco,0.07350693345069885,0.19443661301000845,0.15602966621518136,0.2936552036580011,0.0,0.0010660980810234,0.0,0.0007107320540156
517603,mscoco,0.20803655833005905,0.33535285077555926,0.2781593784689903,0.6323529663455697,0.4,0.25,0.1,0.2
460287,mscoco,0.12113160490989686,0.3790176749438742,0.11571996118873358,0.31443329953489857,0.2,1.0,0.2,1.0
337546,mscoco,0.12721343263983725,0.2545946131647283,0.180777458101511,0.4188804096456269,0.1,0.1111111111111111,0.3,1.0
389491,mscoco,0.3422069337219,0.6523979011414477,0.37546941339969636,0.6648528863800781,0.0,0.024390243902439,0.2,0.5
557451,mscoco,0.04984725899994373,0.1705092731755796,0.05536416042596102,0.1852548026448807,0.2,1.0,0.2,1.0
20414,mscoco,0.12312353174202144,0.3431489915945283,0.1567266784608364,0.36491565402406095,0.4,1.0,0.7,1.0
402603,mscoco,0.06829136237502098,0.19518171473840693,0.07282632067799569,0.17975986413031367,0.1,0.5,0.1,1.0
93116,mscoco,0.08018958978354931,0.22319210681864454,0.08181908391416073,0.2207868375202204,0.3,0.25,0.4,1.0
202143,mscoco,0.0892348438501358,0.303152290182332,0.251183695346117,0.46422867446270843,0.4,0.5,0.8,1.0
477526,mscoco,0.27782040908932687,0.6102301705313333,0.31565191596746445,0.6202982521274568,0.2,1.0,0.3,1.0
557388,mscoco,0.22156508192420005,0.4645698525762242,0.23126938939094543,0.5203268883807094,0.5,1.0,0.2,1.0
120254,mscoco,0.1419841766357422,0.45950962180666444,0.18288298919796944,0.4337044449339483,0.1,0.1666666666666666,0.2,0.25
188606,mscoco,0.18752889577299356,0.46078862472028326,0.16925934460014105,0.4563360203456627,0.0,0.037037037037037,0.1,0.1
490336,mscoco,0.14292891807854174,0.21283457868413946,0.17492083981633186,0.39081020562324764,0.1,0.3333333333333333,0.4,0.5
82731,mscoco,0.20863107964396477,0.3953456437566625,0.1356220968067646,0.25130943496870284,0.1,0.1428571428571428,0.1,0.1
46674,mscoco,0.05876359394751489,0.18910707536684637,0.06179203316569328,0.18741836319187674,0.1,1.0,0.1,1.0
534366,mscoco,0.10358467660844325,0.3782375314856243,0.17827148474752902,0.37707852889106414,0.2,1.0,0.3,1.0
493774,mscoco,0.02123748795129359,0.06937294671727383,0.016949907643720508,0.052880584142295906,0.0,0.0833333333333333,0.2,0.5
417547,mscoco,0.04161192225292325,0.12661090492390362,0.05985821317881346,0.1904937460120928,0.0,0.0344827586206896,0.0,0.0119047619047619
63556,mscoco,0.014390783943235874,0.058735992954500514,0.016591630317270754,0.06259081161335268,0.1,0.3333333333333333,0.1,1.0
479036,mscoco,0.14250658936798571,0.5197087106424745,0.11096571758389473,0.32889352737855065,0.4,1.0,0.4,1.0
515424,mscoco,0.15108172670006753,0.3560123121387209,0.2819441266357899,0.5528993733721153,0.2,0.5,0.1,0.25
320899,mscoco,0.02352482145652175,0.07444186616723648,0.06299809776246548,0.19460235504037393,0.1,0.125,0.1,0.125
353378,mscoco,0.11223794147372246,0.40500409527339554,0.10546389408409595,0.3530515223303852,0.1,1.0,0.1,1.0
26517,mscoco,0.14742834568023683,0.27822234547962627,0.2067505806684494,0.41131241547562336,0.1,0.2,0.2,1.0
559912,mscoco,0.2713873252272606,0.37189627377755885,0.29995685517787934,0.5056649946343983,0.4,0.2,0.5,1.0
5913,mscoco,0.23172809407114983,0.4621694596086924,0.16618321761488913,0.47164282664950097,0.0,0.0833333333333333,0.0,0.0625
390474,mscoco,0.10215991996228695,0.291150834267976,0.10570641346275807,0.25726524602362577,0.5,0.5,0.6,1.0
235062,mscoco,0.1756156861782074,0.35932730340559765,0.1049080241471529,0.3344293509954257,0.2,0.3333333333333333,0.2,1.0
313015,mscoco,0.011048373393714428,0.039822869778533,0.012661819101776928,0.05394403442766782,0.1,0.2,0.1,1.0
397857,mscoco,0.03933240901678801,0.191826772686693,0.0381509798578918,0.19292568546793382,0.1,1.0,0.1,1.0
550140,mscoco,0.23116783648729325,0.39994347552111503,0.21891940347850322,0.42484328945258126,0.7,0.25,0.5,0.5
461836,mscoco,0.21944049894809722,0.31824484592589014,0.24753100126981736,0.4921116613850199,0.0,0.0666666666666666,0.0,0.0714285714285714
106,drawbench,0.025847961893305182,0.09871138531343107,0.0832227360457182,0.20953829763824802,0.0,0.02,0.1,0.1666666666666666
81779,mscoco,0.1364407230168581,0.28087802252861094,0.17813043538480997,0.4444912389774571,0.1,0.5,0.1,0.25
215134,mscoco,0.43199932426214216,0.5103884911048391,0.5812651187181472,0.6940488064879611,0.1,0.3333333333333333,0.1,0.25
523309,mscoco,0.014828473306261003,0.04503179317761759,0.00815329842735082,0.03654994819085622,0.0,0.0833333333333333,0.0,0.0833333333333333
171,drawbench,0.04252580367028713,0.11060957833646934,0.03925206093117595,0.14569797909608487,0.0,0.0,0.0,0.0
380500,mscoco,0.26064218804240225,0.4192713662797739,0.2549478650093079,0.7282473354747757,0.0,0.0192307692307692,0.2,1.0
156128,mscoco,0.3121790334582329,0.830521727155302,0.3889141231775284,0.6639706940599183,0.2,1.0,0.4,1.0
125908,mscoco,0.14740789905190468,0.33947491733493,0.259745842218399,0.523422062914472,0.4,0.5,0.4,0.5
488303,mscoco,0.06389624495059251,0.21779479033841287,0.09252804396674037,0.18450494017763733,0.1,0.3333333333333333,0.0,0.0476190476190476
49725,mscoco,0.3253753289580345,0.6041726374890014,0.25300310663878917,0.4703868476649434,0.1,0.5,0.1,0.5
556363,mscoco,0.05877395123243332,0.19491959227526312,0.05095617920160293,0.15215176755970572,0.1,1.0,0.1,0.1428571428571428
279947,mscoco,0.16693802773952485,0.28405275624791704,0.18245112672448158,0.3783567092761883,0.3,0.5,0.6,1.0
139083,mscoco,0.26505185328423975,0.47548923655653214,0.3745758607983589,0.7403665703830423,0.2,0.3333333333333333,0.0,0.0666666666666666
325055,mscoco,0.12836013808846475,0.3100840951768677,0.13904343992471696,0.2652419764442589,0.3,0.25,0.3,0.3333333333333333
483311,mscoco,0.6169970571994782,0.7750056485800236,0.7170237824320793,0.8834257649265741,0.8,1.0,0.8,0.5
206410,mscoco,0.11083449050784111,0.24116081411744025,0.1373257353901863,0.3240070690375852,0.2,1.0,0.0,0.0212765957446808
270290,mscoco,0.011135664116591216,0.04753166318674455,0.017000963538885118,0.05119829691724988,0.3,1.0,0.3,1.0
542937,mscoco,0.061645055375993255,0.24505830474273077,0.05188985029235482,0.14766079255355657,0.2,0.25,0.1,0.2
109178,mscoco,0.06665727668441832,0.2364231363377834,0.06444435147568583,0.20255104336077628,0.9,1.0,1.0,1.0
286116,mscoco,0.05541484216228128,0.14848194639863285,0.051683787582442166,0.15090986475178303,0.2,0.1428571428571428,0.3,1.0
369557,mscoco,0.1519136629998684,0.3914848325821511,0.22185348868370056,0.5045221586715065,0.2,0.5,0.5,1.0
195810,mscoco,0.22425953075289726,0.5045046378277094,0.17136022821068764,0.32915924831898263,0.1,1.0,0.1,0.5
561907,mscoco,0.04830483878031373,0.2057792022962292,0.051435213256627324,0.14947419577614324,0.0,0.03125,0.0,0.0010604453870625
100083,mscoco,0.05455424413084984,0.14291631657273865,0.05893703848123551,0.1811210448688714,0.9,1.0,0.5,1.0
427113,mscoco,0.17647897955030203,0.4293391168368456,0.24065887480974196,0.4561466701681292,0.3,1.0,0.5,1.0
504670,mscoco,0.09735278617590666,0.2224233176633764,0.07340549044311047,0.15765736717845474,0.0,0.0384615384615384,0.0,0.04
171656,mscoco,0.04176879059523344,0.11436001726126346,0.05488719525747001,0.17968767218379872,0.1,0.1428571428571428,0.1,1.0
337011,mscoco,0.02815349940210581,0.09337977723106346,0.013254873035475612,0.05211506790434437,0.0,0.0344827586206896,0.1,0.5
452031,mscoco,0.01637386392103508,0.05767504545578106,0.029611034784466028,0.10653435394645686,0.1,1.0,0.0,0.0769230769230769
59593,mscoco,0.16172459684312343,0.3545552937449936,0.1726501252502203,0.5509849311139235,0.3,0.3333333333333333,0.2,1.0
469894,mscoco,0.14369435086846352,0.2616282704742013,0.26767954379320147,0.47508358137710166,0.1,0.25,0.6,0.5
427688,mscoco,0.35400672256946564,0.2897577097351597,0.3852021783590317,0.6541483354293343,0.5,0.2,0.9,1.0
247394,mscoco,0.21278938725590707,0.3641455514802395,0.12788347154855728,0.24985363407005107,0.2,1.0,0.2,0.5
189197,mscoco,0.12051237411797047,0.29736697518579264,0.0755840353667736,0.2061832382724306,0.0,0.024390243902439,0.0,0.0769230769230769
293218,mscoco,0.16270920932292937,0.30866892643478294,0.18846662640571593,0.5553158310532834,0.1,0.25,0.5,1.0
563257,mscoco,0.2931649938225746,0.5674180722621526,0.24515981674194337,0.47820868104294306,0.0,0.0285714285714285,0.1,0.1
188556,mscoco,0.08790781199932099,0.29847106781320043,0.14088477976620198,0.3773945560875816,0.4,1.0,0.6,0.5
544348,mscoco,0.09205032587051391,0.2541975267958885,0.059268759563565254,0.20781060446998434,0.1,1.0,0.1,1.0
492817,mscoco,0.23006892204284668,0.41817636090980653,0.2163313090801239,0.3431922566140028,0.5,1.0,0.2,0.3333333333333333
5614,mscoco,0.05805293144658208,0.11953532613490307,0.11369154043495655,0.22940412142081887,0.1,0.1666666666666666,0.6,1.0
58250,mscoco,0.0601893313229084,0.21345138732929245,0.08741179089993238,0.46195514667235044,0.0,0.0212765957446808,0.1,1.0
110348,mscoco,0.23743421919643878,0.47893696772556205,0.2563053950667381,0.524041194886048,0.8,1.0,0.9,1.0
502179,mscoco,0.1911588881164789,0.25460836189150315,0.20707020163536072,0.37335721221508117,0.0,0.0476190476190476,0.0,0.0833333333333333
357948,mscoco,0.026422885525971652,0.13205976441375292,0.02389068934135139,0.10195504383992832,0.1,1.0,0.1,0.5
293081,mscoco,0.2903500910848379,0.3423262513175184,0.47430911399424075,0.7271661327788655,0.3,0.5,0.6,0.5
531883,mscoco,0.08671397361904383,0.23345918393122997,0.11452638655900955,0.2804781161447685,0.2,1.0,0.2,1.0
241911,mscoco,0.062410234939306974,0.16256871480380677,0.07486248607747256,0.1906604625185571,0.1,0.1428571428571428,0.1,0.125
253480,mscoco,0.13269827105104923,0.2912602448498593,0.17594737261533738,0.530223954137615,0.0,0.0588235294117647,0.3,0.5
7,drawbench,0.56034235060215,0.8916977579325377,0.326691235601902,0.49930610364560124,0.0,5.006257822277847e-05,0.0,0.0001886080724254
418853,mscoco,0.053096084110438826,0.15219864201606553,0.06541814599186183,0.17562089093457695,0.1,0.3333333333333333,0.1,1.0
476341,mscoco,0.15046583414077758,0.3017846208020667,0.2001754619181156,0.3530478769222888,0.0,0.0181818181818181,0.0,0.0013351134846461
92554,mscoco,0.09485490266233683,0.17270327995854848,0.08058111779391766,0.31138682465247247,0.1,0.5,0.3,1.0
186145,mscoco,0.24170156419277192,0.6643608362880673,0.2979235857725143,0.5780409099739627,0.2,0.1666666666666666,0.5,0.3333333333333333
323424,mscoco,0.0465971814468503,0.13685222392724197,0.11967106405645608,0.27906827813504137,0.0,0.0357142857142857,0.2,0.1428571428571428
92670,mscoco,0.16238683983683586,0.33067107818328034,0.11661509200930595,0.35831087944225487,0.2,0.5,0.2,0.5
436333,mscoco,0.0804385126568377,0.18387340250649548,0.07559409439563751,0.22957115777407436,0.0,0.0285714285714285,0.1,0.5
25748,mscoco,0.06753184329718351,0.17168498362341097,0.07173973731696606,0.20422957373906764,0.0,0.0666666666666666,0.1,1.0
437156,mscoco,0.18230543807148933,0.46548621382778294,0.2804205611348152,0.6278571919657985,0.5,1.0,1.0,1.0
40361,mscoco,0.21367419846355915,0.48680813429741854,0.3071032725274563,0.394511121314126,0.1,0.125,0.4,0.3333333333333333
190,drawbench,0.03488650787621737,0.10891459057921553,0.054591840505599974,0.23130798025161206,0.0,0.0,0.0,0.0
477988,mscoco,0.14490018263459206,0.4198183113458496,0.12631111703813075,0.44609649191806244,0.2,1.0,0.2,1.0
108238,mscoco,0.0854145709425211,0.18638082939640058,0.1688622236251831,0.6877063822082619,0.0,0.03125,0.1,1.0
397575,mscoco,0.11447955537587404,0.27408317678075683,0.11006243843585253,0.3088054682846636,0.0,0.0192307692307692,0.1,1.0
442667,mscoco,0.10807334333658218,0.26085592497212534,0.18182005509734153,0.3377648367364746,0.0,0.0212765957446808,0.4,0.5
362839,mscoco,0.019516120897606015,0.07030251828594164,0.019656305806711315,0.08023166229246749,0.1,1.0,0.1,1.0
375004,mscoco,0.08726995140314102,0.20405775414824845,0.15731096789240837,0.3211605132990047,0.1,0.5,0.1,1.0
409949,mscoco,0.4927701398730278,0.7829721255767554,0.49835117161273956,0.6580319994015512,0.4,1.0,0.6,1.0
549532,mscoco,0.33755673840641975,0.4035661396885051,0.3799986861646175,0.5156431788789767,0.5,0.3333333333333333,0.2,0.1111111111111111
434511,mscoco,0.11619488336145878,0.5128785318896677,0.1964438546448946,0.5721616230029566,0.1,1.0,0.1,1.0
33481,mscoco,0.06206176057457924,0.1644667507066739,0.08663324825465679,0.20082778704586732,0.3,1.0,0.2,1.0
306232,mscoco,0.113814358972013,0.3339723306332295,0.08433824740350246,0.2540585256931861,0.0,0.0222222222222222,0.0,0.0769230769230769
154119,mscoco,0.11596650108695031,0.24958636516789426,0.17663418874144554,0.46882884317429663,0.4,0.3333333333333333,0.6,1.0
525467,mscoco,0.13032053261995316,0.37339115110980703,0.23833095505833626,0.333087788369295,0.3,1.0,0.3,1.0
494360,mscoco,0.1884978696703911,0.43379215427054685,0.10969669334590434,0.2928210682000867,0.1,0.5,0.1,0.125
223574,mscoco,0.02646808293648064,0.07463992759428166,0.062049494870007035,0.13359914856477437,0.1,0.5,0.1,1.0
347113,mscoco,0.11099286712706088,0.2880878446562857,0.06462425254285335,0.17947912056659182,0.0,0.0014903129657228,0.0,0.0833333333333333
25697,mscoco,0.412241493165493,0.5770948838242653,0.4475834295153618,0.599041932437036,0.8,1.0,0.7,1.0
198978,mscoco,0.055761998146772386,0.1704887905644772,0.16289548054337502,0.38040849650687764,0.0,0.0666666666666666,0.3,0.25
172776,mscoco,0.16644072756171227,0.3058556760010011,0.346144288033247,0.4179544543554608,0.2,0.25,0.7,0.25
59515,mscoco,0.02810241999104619,0.09525884324091022,0.11168048270046711,0.46345474282612265,0.0,0.0055555555555555,0.0,0.0017391304347826
35715,mscoco,0.0877566572278738,0.27262135190805165,0.07644874341785908,0.23325374288779743,0.0,0.05,0.1,1.0
386777,mscoco,0.12504342775791882,0.4326835120816445,0.08158505782485008,0.2487874392232625,0.2,1.0,0.1,0.1428571428571428
527342,mscoco,0.11144527578726411,0.23859921371963744,0.11675507938489318,0.2711887605963977,0.1,0.3333333333333333,0.1,1.0
408838,mscoco,0.34295837935060264,0.7213554807473153,0.4091272227466106,0.5873537464270402,0.1,0.1666666666666666,0.0,0.02
53744,mscoco,0.02299248119816184,0.09990319466177787,0.06147026047110558,0.18607584289701112,0.1,1.0,0.8,1.0
218960,mscoco,0.19826856181025504,0.5936029150648303,0.2567308470606804,0.5981363500826465,0.2,1.0,0.3,1.0
404367,mscoco,0.20115660205483438,0.38211864447012894,0.3707925468683243,0.5661679637577485,0.4,0.3333333333333333,0.5,1.0
500071,mscoco,0.0116743745515123,0.058358116740718446,0.021162668149918316,0.08926993663545668,0.0,0.009090909090909,0.1,1.0
74331,mscoco,0.3879243165254593,0.650661126584518,0.4182307094335556,0.6814488801107293,0.2,1.0,0.1,1.0
47652,mscoco,0.19476140439510345,0.36063874671200646,0.2785130895674229,0.3716850249613004,0.0,0.0714285714285714,0.6,1.0
299154,mscoco,0.03957942370325327,0.15117517080914986,0.04103025617077947,0.11617335777990434,0.1,0.1666666666666666,0.2,0.5
499004,mscoco,0.27920813411474227,0.6310525659067426,0.2174036458134651,0.5025765862087874,0.1,0.2,0.3,0.25
13471,mscoco,0.1712950985878706,0.3778677743095539,0.18929461985826493,0.3599782945747122,0.3,1.0,0.6,1.0
280810,mscoco,0.06068122778087855,0.1526618077336381,0.11161487773060799,0.2611377388947777,0.2,0.5,0.1,0.3333333333333333
322008,mscoco,0.03881445173174143,0.1266223452423641,0.18406381625682117,0.3262305236677652,0.1,0.1428571428571428,0.0,0.0909090909090909
108871,mscoco,0.16679343581199646,0.34341549538608185,0.17916975244879724,0.42639064719223946,0.1,0.5,0.1,1.0
509626,mscoco,0.15249314308166503,0.400841912715974,0.1406788883730769,0.3116656730116494,0.1,0.2,0.0,0.0014492753623188
105853,mscoco,0.22448833659291267,0.49113476177834325,0.19005421847105025,0.47665271003872023,0.0,0.024390243902439,0.3,1.0
478320,mscoco,0.24458190575242042,0.4981916953724615,0.2652791902422905,0.5116980455253965,0.5,1.0,0.2,1.0
517632,mscoco,0.2376238524913788,0.682680783779352,0.2236006014049053,0.6878408802176258,0.2,1.0,0.2,1.0
194105,mscoco,0.10327885672450066,0.2571248685250812,0.08652719147503377,0.278261303015788,0.0,0.032258064516129,0.0,0.0227272727272727
323208,mscoco,0.2287811003625393,0.4818205428988234,0.2207772359251976,0.43621493276518797,0.1,0.25,0.1,0.3333333333333333
116,drawbench,0.38233323246240614,0.4925199672499246,0.3513252608478069,0.7771483911475191,0.0,0.0,0.0,0.0
246746,mscoco,0.12077404782176018,0.2504460085536044,0.25808596014976504,0.3978875242560497,0.0,0.0052356020942408,0.2,0.25
243292,mscoco,0.05414031781256199,0.15727574784093312,0.09733033366501331,0.25769585152683055,0.2,0.5,0.3,0.5
125,drawbench,0.3335997685790062,0.4872749609671648,0.3484630674123764,0.5064899904514093,0.0,0.0,0.0,0.0
392363,mscoco,0.2615669220685959,0.3214455870517846,0.34020122662186625,0.5984457328777232,0.0,0.0714285714285714,0.1,0.2
6107,mscoco,0.1705950029194355,0.2971706028593651,0.24905171990394592,0.42999346265650107,0.1,0.1666666666666666,0.3,0.5
279605,mscoco,0.06512817535549402,0.17594260164118586,0.1929636921733618,0.3566377480875228,0.3,0.25,0.3,0.2
518199,mscoco,0.10210114419460296,0.29649690899766207,0.0926346581429243,0.2508487060843873,0.0,0.05,0.0,0.0909090909090909
516990,mscoco,0.5193947523832321,0.6770009986471955,0.5705865830183029,0.7163252619619895,0.7,1.0,0.8,1.0
474504,mscoco,0.17929544150829316,0.36092179848155864,0.36124749630689623,0.6327789029964603,0.0,0.0454545454545454,0.1,0.5
323788,mscoco,0.42099666893482207,0.7337618966962035,0.4496774137020111,0.42992098478266205,0.6,1.0,0.6,1.0
210136,mscoco,0.27487069368362427,0.5109065394762374,0.26579288095235826,0.48140416574763634,0.3,0.2,0.1,0.3333333333333333
450558,mscoco,0.0980656985193491,0.3463665498456607,0.12662432640790938,0.33668593936752345,0.0,0.0588235294117647,0.2,0.3333333333333333
542178,mscoco,0.06302268616855145,0.15740704815492862,0.06303724790923297,0.16838146014128236,0.0,0.0076923076923076,0.0,0.0909090909090909
59525,mscoco,0.17260336726903916,0.28675638769018985,0.18462002351880075,0.4023473366427788,0.0,0.0454545454545454,0.2,0.1666666666666666
50201,mscoco,0.08153878282755614,0.22914378743765149,0.05233713826164603,0.2114556183158123,0.1,1.0,0.1,1.0
311629,mscoco,0.08583862967789173,0.19994435698508997,0.09937415458261967,0.2368343132579969,0.2,1.0,0.2,1.0
151594,mscoco,0.08150709448382258,0.22007539236531187,0.12534515038132668,0.24154404239095303,0.4,0.5,0.6,1.0
305545,mscoco,0.013732076296582818,0.07277953113718985,0.018709081411361694,0.08080859923128768,0.1,1.0,0.1,1.0
162393,mscoco,0.17211122065782547,0.4199474009854264,0.22817150503396988,0.5345831024922354,0.2,1.0,0.2,1.0
297967,mscoco,0.07476584017276763,0.1790448943698611,0.11442028023302556,0.32905262608083463,0.1,0.1428571428571428,0.1,1.0
237833,mscoco,0.02393120131455362,0.08192826239248248,0.020252508320845665,0.055503174466730316,0.0,0.0181818181818181,0.0,0.0049504950495049
234274,mscoco,0.023427598411217332,0.07886320431216304,0.028382704639807344,0.08866233510168045,0.1,0.5,0.1,0.2
111742,mscoco,0.21569323018193245,0.4077058492882895,0.24990981481969357,0.41857627469118325,0.5,1.0,0.4,1.0
109061,mscoco,0.22629896327853202,0.5454300654685259,0.19600222259759903,0.4778171438761838,0.1,1.0,0.1,1.0
190035,mscoco,0.08907074481248856,0.22837038852212438,0.10110241807997226,0.28833456247504735,0.2,0.25,0.1,1.0
62995,mscoco,0.054865386243909596,0.22601875650234451,0.045121563319116834,0.14912298865095538,0.1,1.0,0.1,0.3333333333333333
285484,mscoco,0.03985703745856881,0.11553696815563132,0.03646335797384381,0.1170210946070205,0.0,0.0185185185185185,0.0,0.05
36850,mscoco,0.12320307046175002,0.27751423528351205,0.16182525791227817,0.32048343020347925,0.2,0.5,0.3,1.0
110324,mscoco,0.19970540180802346,0.3269704840216379,0.20096009820699692,0.3470111033401127,0.1,0.5,0.0,0.0909090909090909
388566,mscoco,0.3617922492325306,0.8249193300691754,0.3142929024994373,0.7849863054130504,0.7,1.0,1.0,1.0
74466,mscoco,0.10639601796865464,0.21278582662077195,0.08830802645534278,0.44520547015093903,0.1,0.1111111111111111,0.1,1.0
358438,mscoco,0.1503142647445202,0.4332984151179712,0.12344651725143194,0.22176980872223942,0.1,0.25,0.1,0.3333333333333333
302137,mscoco,0.23581937775015832,0.3568775542493698,0.2848137468099594,0.552893060429947,0.2,0.3333333333333333,0.4,0.25
144,drawbench,0.15197906345129014,0.3795436431859009,0.10269663333892823,0.228030936000327,0.0,0.0,0.0,0.0
404766,mscoco,0.393017390370369,0.7010102045662214,0.5489208742976188,0.7784668187496021,0.3,0.5,0.3,0.3333333333333333
322937,mscoco,0.3766871064901352,0.5219336874521172,0.493685320019722,0.6170970945579529,0.4,1.0,0.9,1.0
245902,mscoco,0.08924962915480136,0.1966950323165671,0.1424758180975914,0.3228855869614575,0.0,0.0222222222222222,0.0,0.0833333333333333
27528,mscoco,0.060670549422502516,0.1263750865503403,0.07886211136355996,0.165761088365548,0.6,1.0,0.8,1.0
254392,mscoco,0.08347738422453403,0.2816862978926963,0.08308711592108012,0.285100308150778,0.2,1.0,0.2,1.0
34827,mscoco,0.31751527935266494,0.6663561156885499,0.37125149220228193,0.49115608738150324,0.9,1.0,1.0,1.0
291752,mscoco,0.5824481949210167,0.6799657455954854,0.6970725893974304,0.7876381700216594,0.9,1.0,1.0,1.0
126895,mscoco,0.09959733542054891,0.20678830704872467,0.15328827425837516,0.35322796236094534,0.0,0.0833333333333333,0.3,1.0
312316,mscoco,0.2287738651037216,0.40866308331935736,0.33905277997255323,0.7006595885982336,0.0,0.0769230769230769,0.4,1.0
439657,mscoco,0.04080201890319586,0.12558565632625948,0.06724086441099644,0.14844430679662404,0.2,1.0,0.2,1.0
438446,mscoco,0.22347965352237226,0.5520617950672281,0.2905589519068599,0.5681525402544206,0.5,0.5,0.7,1.0
470932,mscoco,0.07703968649730086,0.18712657672308336,0.07518906649202109,0.17389174058819473,0.2,0.1428571428571428,0.5,0.5
500829,mscoco,0.042182509787380695,0.15863443721553022,0.04914049599319696,0.13262276099233278,0.5,1.0,0.7,0.5
53550,mscoco,0.20069002881646156,0.46187839781121826,0.21210242323577405,0.43963039419783984,0.1,1.0,0.2,1.0
395340,mscoco,0.13249409291893244,0.38459599392001015,0.10508542619645596,0.2225551471135447,0.1,0.1666666666666666,0.1,0.5
257983,mscoco,0.44554771333932874,0.6472912937471934,0.5166015565395355,0.6050550971073582,0.4,1.0,0.7,0.5
573052,mscoco,0.05893990574404597,0.19322916567241488,0.05873635094612837,0.13992350960616534,0.1,0.5,0.2,0.1666666666666666
475457,mscoco,0.08757099024951458,0.21046888515770484,0.10833253115415573,0.3061720097610695,0.0,0.0588235294117647,0.2,0.1428571428571428
75,drawbench,0.1358634401112795,0.261383918952556,0.18618178963661194,0.34612220722986653,0.0,0.0833333333333333,0.1,1.0
11288,mscoco,0.19855282157659532,0.42539789865075683,0.28395190834999084,0.5886126380107469,0.0,0.0909090909090909,0.3,1.0
276852,mscoco,0.2768198624253273,0.5118466255230234,0.3148695796728134,0.6057712297856314,0.0,0.0303030303030303,0.1,1.0
557780,mscoco,0.14033353812992572,0.41299906022147215,0.12829477451741694,0.4374010392575873,0.2,1.0,0.2,1.0
363165,mscoco,0.07111805155873299,0.16954414533291082,0.07207652423530816,0.2264941464554182,0.1,0.2,0.4,1.0
541880,mscoco,0.3426845923066139,0.42992537836587635,0.36200799196958544,0.6642778296839315,0.7,0.5,0.7,1.0
313526,mscoco,0.02601382969878614,0.11223344038227183,0.02499788908753544,0.11468567539669756,0.1,0.5,0.2,1.0
214055,mscoco,0.17117597833275794,0.38578829612081744,0.2780174404382706,0.4399688272519139,0.0,0.0625,0.1,0.125
458675,mscoco,0.05229920018464327,0.11643471996323732,0.10716541409492493,0.3196895296130583,0.0,0.0294117647058823,0.4,0.3333333333333333
175277,mscoco,0.031225335504859685,0.08436704567946969,0.057114753499627115,0.21160145821334952,0.2,0.3333333333333333,0.5,1.0
295076,mscoco,0.14729494089260697,0.3128880533787435,0.16482725962996483,0.3573251578934061,0.4,1.0,0.5,1.0
63075,mscoco,0.3907236158847809,0.6214385465861919,0.5364999305456877,0.5999664516627091,0.4,1.0,0.8,0.5
533159,mscoco,0.34543405622243883,0.44602573549854196,0.5224325746297837,0.7244930543212434,0.6,0.25,0.8,0.5
292810,mscoco,0.10733889658004045,0.2751370806110259,0.1241922264918685,0.38251507806956886,0.1,0.2,0.1,1.0
333978,mscoco,0.4942448154091835,0.7880097216118953,0.5608986705541611,0.5541930166323912,0.6,1.0,0.8,0.5
487264,mscoco,0.1576421607285738,0.3618498122681613,0.21129819750785828,0.3614100233440008,0.1,1.0,0.4,1.0
429074,mscoco,0.09413310848176479,0.22807198205615256,0.2055895134806633,0.39590673372191176,0.2,0.3333333333333333,0.1,0.1
39789,mscoco,0.014023475209251046,0.05979445872151885,0.01294320346787572,0.04118403110952387,0.1,0.5,0.0,0.05
429353,mscoco,0.07754288744181395,0.1576569638384644,0.0668951366096735,0.17677449518218932,0.3,1.0,0.4,1.0
110683,mscoco,0.03002294837497175,0.11620022929406283,0.05114552713930607,0.16686298091981042,0.0,0.04,0.0,0.0175438596491228
4132,mscoco,0.10095793083310127,0.2686445844115585,0.11216235067695379,0.30023311084343707,0.2,0.1666666666666666,0.1,1.0
278134,mscoco,0.09206170439720154,0.2911033011906956,0.07183988690376282,0.18185760132545276,0.1,1.0,0.0,0.0034722222222222
238709,mscoco,0.06587138390168548,0.14555078852557712,0.14198575988411904,0.2666339050511385,0.1,0.1111111111111111,0.6,1.0
485300,mscoco,0.00974570756079629,0.035038880944827634,0.013475749391363933,0.028542111065063477,0.0,0.0769230769230769,0.1,0.25
296620,mscoco,0.025925386045128108,0.09736419383727317,0.016709702368825675,0.04666027386639427,0.0,0.0454545454545454,0.0,0.0142857142857142
193077,mscoco,0.0345379076898098,0.131733788542296,0.03305715080350637,0.11667212648281,0.0,0.05,0.2,0.5
103,drawbench,0.014761590911075474,0.04652000798654435,0.01040492464089766,0.06366352358780242,0.0,0.0,0.0,0.0
310749,mscoco,0.13645348697900772,0.2759859652898935,0.14140815883874894,0.3327759535601559,0.2,0.5,0.3,1.0
293864,mscoco,0.27499564541503785,0.5351842464107217,0.4270424321293831,0.5081023539171964,0.3,0.5,0.5,1.0
493806,mscoco,0.17300363555550574,0.425429819242413,0.1837371651083231,0.5330422654583008,0.2,1.0,0.4,0.5
39535,mscoco,0.2023149810731411,0.3606476923643801,0.21237280517816542,0.41288501089394486,0.0,0.04,0.0,0.0526315789473684
481252,mscoco,0.04806123748421669,0.13359445746700807,0.0821872666478157,0.19349054072793537,0.2,1.0,0.1,0.5
522535,mscoco,0.13249163515865803,0.342672868843234,0.25989736542105674,0.48381299998896204,0.0,0.0434782608695652,0.0,0.0476190476190476
482765,mscoco,0.11412210986018181,0.2613067900700437,0.11019080765545368,0.45970153327651475,0.1,0.1666666666666666,0.0,0.0769230769230769
81954,mscoco,0.08046025894582272,0.18349701730201046,0.10225820615887642,0.2506643337806413,0.1,0.2,0.1,0.5
333124,mscoco,0.06684246575459837,0.23670978022529449,0.0752386032603681,0.2515638179806595,0.2,1.0,0.2,1.0
529258,mscoco,0.05655266847461462,0.14625364046457315,0.041569019202142954,0.1133987563397097,0.0,0.0142857142857142,0.1,0.25
2567,mscoco,0.15034963134676219,0.37382811704950886,0.36549722999334333,0.5417742690682783,0.1,1.0,0.6,0.5
53803,mscoco,0.09172758273780346,0.2806412287866423,0.06519514340907336,0.1752669944901841,0.1,0.5,0.1,0.1111111111111111
172351,mscoco,0.16688748076558113,0.4223434268132674,0.31489598751068115,0.39171193006040234,0.2,0.5,0.4,0.5
311251,mscoco,0.2943575166165829,0.5927155247722955,0.45524807572364806,0.8073627206711053,0.2,1.0,0.5,1.0
356869,mscoco,0.2072712190449238,0.40199341616970524,0.2891817957162857,0.39335920239442407,0.1,0.2,0.0,0.0068965517241379
203406,mscoco,0.6228793054819107,0.6221308721613819,0.6736311942338944,0.9200287116305179,0.9,1.0,0.9,1.0
119870,mscoco,0.12743451483547688,0.23714610177289264,0.21786144152283668,0.4439827374681553,0.1,0.1428571428571428,0.2,0.5
442125,mscoco,0.032116761710494754,0.08742846377456451,0.03991755391471088,0.11142580186377883,0.1,0.3333333333333333,0.3,1.0
530619,mscoco,0.16470753215253353,0.43323343334743536,0.18893653601408006,0.3306837818332109,0.6,1.0,0.8,1.0
73196,mscoco,0.09728502705693245,0.23742501792243648,0.06709144767373801,0.1704039989228318,0.1,0.5,0.0,0.0303030303030303
507714,mscoco,0.12234757486730814,0.36840320421936296,0.2421414464712143,0.47700379901445866,0.0,0.0072992700729927,0.0,0.0416666666666666
376144,mscoco,0.009931400511413812,0.037091708114408754,0.012701060576364397,0.040813762105968245,0.3,1.0,0.5,1.0
211063,mscoco,0.07854021303355693,0.23749985320954195,0.11160840620286763,0.27414088158267436,0.1,1.0,0.1,0.3333333333333333
436799,mscoco,0.10677009206265212,0.20863021534516962,0.10326334480196238,0.2541772393793551,0.1,0.3333333333333333,0.2,0.5
204256,mscoco,0.02787288858089596,0.0962643699215369,0.02764948052354157,0.1027989557919973,0.0,0.0714285714285714,0.1,1.0
314048,mscoco,0.07780365161597728,0.14360777285761955,0.10443721264600754,0.2130009139019923,0.2,1.0,0.3,1.0
447009,mscoco,0.07840505503118038,0.20514492952912683,0.06800151038914919,0.2616301288247003,0.1,0.1,0.2,1.0
455079,mscoco,0.36349141113460065,0.6894525773718175,0.3859283968806267,0.505723646020961,0.2,1.0,0.3,0.5
157617,mscoco,0.23675247356295587,0.48497658853743364,0.36714910343289375,0.5704339306192645,0.2,0.5,0.1,0.25
546877,mscoco,0.33116239681839943,0.3907827687583506,0.39889339804649354,0.6985936152007161,0.1,0.2,0.7,1.0
41392,mscoco,0.04937419630587101,0.14630785993769216,0.0727462263777852,0.176200505664002,0.1,1.0,0.1,1.0
556462,mscoco,0.08894650898873806,0.22728459949376742,0.14521416649222374,0.27980549554158973,0.6,0.5,0.4,1.0
80053,mscoco,0.1431252881884575,0.3355706514323124,0.43367772698402407,0.5619420094590768,0.0,0.0714285714285714,0.7,0.5
553304,mscoco,0.15780204832553862,0.38108352192710554,0.16219347901642323,0.4449800895981999,0.1,0.2,0.1,1.0
102,drawbench,0.04258139450103045,0.11991025190009232,0.08288589511066675,0.1539790085851039,0.0,0.0,0.0,0.0
463168,mscoco,0.029223457118496297,0.09862647374014505,0.03527302662841976,0.13288389422328664,0.1,0.5,0.1,0.3333333333333333
398463,mscoco,0.05979921966791153,0.15438516355771273,0.11389925815165043,0.4399620250828675,0.1,0.3333333333333333,0.5,1.0
454916,mscoco,0.10407452881336213,0.2262941009184617,0.131528976932168,0.23001103171067327,0.0,0.0625,0.1,0.125
317022,mscoco,0.08791419081389903,0.22325536714730193,0.11161527447402478,0.21116784337240369,0.0,0.0476190476190476,0.1,0.1111111111111111
61943,mscoco,0.42788457274436953,0.6032806996214845,0.3495584711432457,0.4060502550155576,0.0,0.0099009900990099,0.0,0.0833333333333333
543521,mscoco,0.19749264121055604,0.4527981649536435,0.12929889373481274,0.3646129034539313,0.1,1.0,0.1,1.0
509490,mscoco,0.09035711698234081,0.19071658369256347,0.11802079677581787,0.22168882980317367,0.0,0.0208333333333333,0.1,1.0
413970,mscoco,0.013716305210255086,0.04946196566410913,0.01619931235909462,0.05684628907991716,0.0,0.0263157894736842,0.0,0.0833333333333333
67331,mscoco,0.07574467682279647,0.23473771877477112,0.17873058877885342,0.6003121082178176,0.1,0.3333333333333333,0.1,1.0
230669,mscoco,0.21849591955542563,0.5601097404322902,0.34099753499031066,0.7713102872736648,0.3,0.25,0.1,0.1428571428571428
487266,mscoco,0.27159475833177565,0.4838738347643714,0.2905031189322472,0.511556160276333,0.5,1.0,0.8,1.0
525024,mscoco,0.19495800286531448,0.3840410124340295,0.1867666993290186,0.32446854331219976,0.2,0.3333333333333333,0.6,1.0
14257,mscoco,0.06496935077011586,0.20867111324812163,0.10383272618055343,0.21954328172471618,0.1,1.0,0.1,0.1
478240,mscoco,0.10929833501577377,0.2432037673016982,0.11769487783312797,0.25965482830985115,0.2,0.3333333333333333,0.0,0.0344827586206896
7211,mscoco,0.013594689778983593,0.05612448616789099,0.012279501650482416,0.037226572599245916,0.3,1.0,0.2,0.3333333333333333
23250,mscoco,0.1763832793571055,0.24551466864895302,0.2937053799629211,0.559222568036208,0.1,0.1,0.5,1.0
3590,mscoco,0.47953549921512606,0.76802234824454,0.5744577825069428,0.699992190036017,0.7,1.0,1.0,1.0
580511,mscoco,0.17165954187512397,0.3836408137276107,0.29088436961174013,0.5025157861986715,0.2,1.0,0.7,1.0
40658,mscoco,0.04418957903981209,0.17739737763713911,0.07080843662843109,0.2421928813568947,0.1,1.0,0.1,1.0
322350,mscoco,0.09818798750638962,0.20034780395655197,0.11888222508132458,0.2547556307555616,0.2,1.0,0.1,1.0
125635,mscoco,0.34920131489634515,0.5533560510093705,0.3926565334200859,0.6747687315088453,0.5,0.25,0.6,1.0
283631,mscoco,0.1887696035206318,0.4750164082026819,0.2353962130844593,0.4664314704024572,0.1,0.5,0.3,0.5
528729,mscoco,0.017239244328811763,0.08306218991754699,0.034023822471499446,0.11154250538337429,0.1,1.0,0.1,1.0
167021,mscoco,0.17275402173399926,0.43722584017329563,0.28621614426374437,0.4835822025999725,0.2,0.2,0.5,0.2
140100,mscoco,0.1459425578825176,0.18857509383000684,0.3300821229815483,0.5401018621215603,0.1,0.25,0.2,0.5
252213,mscoco,0.11906054802238941,0.37443023871172015,0.06712113842368125,0.17506675978070912,0.1,0.25,0.1,0.2
501364,mscoco,0.2011367402970791,0.4597020040267768,0.3508341178297997,0.5394660277484828,0.5,1.0,0.8,1.0
580390,mscoco,0.031816506595350805,0.142747886863513,0.045243795961141586,0.16452062754280883,0.1,1.0,0.1,1.0
463859,mscoco,0.05519689433276653,0.23907936122273096,0.05300896991975605,0.2175123501893292,0.1,1.0,0.1,1.0
391657,mscoco,0.23279089406132697,0.5321414493764549,0.2668939232826233,0.4600183934080492,0.1,0.1111111111111111,0.6,0.3333333333333333
391415,mscoco,0.053673834819346664,0.1442379662987006,0.04783686688169837,0.15033715821032717,0.0,0.0123456790123456,0.1,1.0
333099,mscoco,0.027851714752614498,0.08873744812349897,0.046540703438222406,0.14248900382031424,0.1,0.5,0.1,0.2
405574,mscoco,0.019160726969130338,0.060943903992577514,0.026700893184170127,0.11043839910347557,0.0,0.0140845070422535,0.1,1.0
575823,mscoco,0.0542502149939537,0.16673924440996138,0.07102487795054913,0.23455846575526343,0.0,0.0023923444976076,0.0,0.0222222222222222
57088,mscoco,0.19237364120781422,0.4876873761107459,0.2590799778699875,0.4550274699318734,0.1,0.1428571428571428,0.2,0.3333333333333333
226957,mscoco,0.04911909550428391,0.10815045275238638,0.02970782481133938,0.09375144150106031,0.1,1.0,0.1,0.25
184329,mscoco,0.12152029946446419,0.2873069334724686,0.1205745741724968,0.2745367257944966,0.0,0.0104166666666666,0.0,0.0043103448275862
550324,mscoco,0.4893867179751396,0.48253998327239384,0.668787670135498,0.7399291923107798,0.6,0.25,1.0,1.0
575174,mscoco,0.2826962783932686,0.5420237742560287,0.24116531983017922,0.47435279235087646,0.1,1.0,0.3,0.25
24380,mscoco,0.15885893777012824,0.38408743993578304,0.1459010099992156,0.28406109084611786,0.4,0.3333333333333333,0.2,0.3333333333333333
506394,mscoco,0.25679942704737185,0.38459975317891,0.2498691961169243,0.4271697184090546,0.5,0.5,0.9,1.0
195463,mscoco,0.14421792402863504,0.3305005365692382,0.1497209921479225,0.3237631754979463,0.2,1.0,0.3,1.0
308892,mscoco,0.1397758949548006,0.34188415349675155,0.14761113785207272,0.35021028990789077,0.0,0.0588235294117647,0.1,0.5
361913,mscoco,0.07668206971138716,0.18599085045776928,0.13453151397407054,0.2268470116230845,0.1,0.1111111111111111,0.1,0.3333333333333333
293532,mscoco,0.14826087690889836,0.2696791190883607,0.1747815955430269,0.42261914957380736,0.4,0.3333333333333333,0.6,1.0
338118,mscoco,0.07138071032240986,0.2100599374700589,0.0670883534476161,0.23378647234349695,0.1,1.0,0.1,1.0
521250,mscoco,0.1318897156044841,0.31650905512954225,0.19076644107699395,0.4523640024336284,0.2,0.5,0.2,0.25
85353,mscoco,0.05172133077867329,0.20117568583005618,0.013300239387899638,0.050148179334671354,0.2,1.0,0.0,0.0666666666666666
35951,mscoco,0.0062080802686978135,0.01753273640414384,0.01126673691906035,0.05024896973165529,0.0,0.009090909090909,0.1,0.1666666666666666
16764,mscoco,0.07851999485865235,0.18771768566505412,0.16455157101154327,0.40553438860088215,0.0,0.0434782608695652,0.2,1.0
397427,mscoco,0.08518501673825085,0.29816814049250157,0.08139034472405911,0.2434664599912882,0.1,1.0,0.1,0.5
515561,mscoco,0.0436456348747015,0.10429186354174666,0.06061763092875481,0.16720210748518152,0.0,0.037037037037037,0.1,1.0
366829,mscoco,0.039484606869518754,0.10961202180981257,0.06011595316231251,0.20705424012301496,0.0,0.0131578947368421,0.1,0.5
432410,mscoco,0.3668136239051819,0.5187663622632929,0.43770078420639036,0.5926177547508457,0.0,0.0666666666666666,0.2,0.1428571428571428
61972,mscoco,0.022310040378943085,0.08990918875803527,0.02539122817106545,0.09307466868328242,0.1,1.0,0.1,1.0
499054,mscoco,0.05492140986025333,0.13826705885027682,0.03907160330563784,0.15269441244711074,0.1,0.1,0.4,1.0
569021,mscoco,0.02581641050055623,0.07747104960315958,0.026989538641646504,0.09580155073011389,0.1,0.5,0.0,0.0909090909090909
9029,mscoco,0.10492356736212968,0.39259136750771845,0.11696730591356755,0.39529029459825304,0.3,1.0,0.4,1.0
18373,mscoco,0.27659659534692765,0.432212148751137,0.45235574394464495,0.6523621518216146,0.7,1.0,0.9,1.0
336001,mscoco,0.12933202693238854,0.3853777412119871,0.13205139040946962,0.35902618652227497,0.2,0.25,0.4,0.3333333333333333
461475,mscoco,0.05374112464487553,0.15630427442308417,0.03970323633402586,0.10756274684994636,0.0,0.0285714285714285,0.2,0.5
388841,mscoco,0.2080580025911331,0.47361747036715907,0.24055997468531132,0.47191472635593246,0.5,0.3333333333333333,0.4,1.0
284940,mscoco,0.0800849948078394,0.18712867157930935,0.13058137707412243,0.26979298234290655,0.1,0.5,0.4,0.5
394759,mscoco,0.1668147373944521,0.270912010947887,0.1521461106836796,0.3829277497535098,0.5,0.5,0.3,1.0
358411,mscoco,0.023221727507188917,0.10340132928809788,0.0364975371863693,0.10283921113141518,0.2,0.5,0.5,1.0
284421,mscoco,0.18167530596256257,0.2860558730873687,0.18618576973676682,0.42454198397539883,0.6,1.0,0.2,0.3333333333333333
237716,mscoco,0.0653824271634221,0.26706046734291633,0.06609377358108759,0.21892594359231865,0.2,0.5,0.2,1.0
167520,mscoco,0.06074660867452621,0.17674552093140825,0.02301086249644868,0.0934692615063359,0.1,0.2,0.1,0.5
568611,mscoco,0.1800226479768753,0.2878952360320368,0.1730260320007801,0.40819624723659154,0.4,0.25,0.5,0.5
159356,mscoco,0.3617987759411335,0.5303681157614984,0.3080917201936245,0.5816924527574423,0.1,0.5,0.1,0.2
301261,mscoco,0.08332138806581497,0.20019509613294534,0.22058354318141937,0.36667262142119145,0.0,0.0625,0.0,0.037037037037037
113787,mscoco,0.06449350565671921,0.21327550033404116,0.07321984060108662,0.20683322058205944,0.1,0.125,0.1,0.1428571428571428
375809,mscoco,0.12730860523879528,0.2815430960637821,0.1301975565031171,0.21929346769493013,0.3,0.3333333333333333,0.4,0.3333333333333333
64460,mscoco,0.223098030872643,0.49824359304903176,0.24850170090794563,0.5143845337029738,0.5,0.5,0.5,1.0
470799,mscoco,0.13791256919503211,0.2767140490098049,0.10579402446746826,0.24231727746739337,0.4,1.0,0.5,1.0
382046,mscoco,0.14856646358966827,0.2989768152831197,0.2401553675532341,0.4292482861425271,0.0,0.0625,0.5,1.0
170974,mscoco,0.17317315712571144,0.37334983172640374,0.2843681678175926,0.4813833447658108,0.0,0.0303030303030303,0.3,0.25
562160,mscoco,0.13189759887754918,0.3582109536651599,0.0810303538106382,0.20403091720967287,0.1,1.0,0.1,0.25
562248,mscoco,0.13199405036866665,0.4823961266550937,0.1440950021147728,0.3752861701592997,0.2,1.0,0.3,1.0
96638,mscoco,0.16588907726109028,0.3465017499703985,0.42538663893938067,0.5675876820789935,0.2,0.25,0.6,1.0
164234,mscoco,0.3074093274772167,0.42699836795488527,0.22731316313147545,0.45179085270629715,0.7,1.0,0.6,1.0
278962,mscoco,0.16294641010463237,0.40336788168244225,0.14898782316595316,0.34563074788637765,0.2,0.3333333333333333,0.4,1.0
553248,mscoco,0.11624831017106771,0.2562157753582922,0.08784804940223694,0.21615195871146545,0.2,0.5,0.1,0.5
523371,mscoco,0.08978520818054676,0.19411419613526396,0.11049147769808769,0.30944176292041514,0.1,0.2,0.2,1.0
141283,mscoco,0.03864775635302067,0.13152780742645606,0.054537798091769216,0.15461076900237666,0.0,0.0051020408163265,0.0,0.0033003300330033
320292,mscoco,0.3590155802667141,0.696909711668134,0.3384313941001892,0.6369930872108676,0.5,1.0,0.7,1.0
269588,mscoco,0.13240384943783284,0.23438360148359322,0.24103052392601967,0.3761485885674377,0.1,0.2,0.5,1.0
113594,mscoco,0.04037254694849253,0.13935699600669407,0.05226161722093821,0.13982057056944347,0.0,0.0011627906976744,0.0,0.0038022813688212
349622,mscoco,0.11765487790107727,0.2250134114704304,0.15008329078555108,0.2693584352028437,0.1,0.1,0.3,0.3333333333333333
215226,mscoco,0.07588432319462299,0.21717285216070042,0.06648495215922594,0.19431049717442886,0.1,0.5,0.1,0.5
78371,mscoco,0.03277984713204205,0.1174589112017767,0.04423460997641086,0.19277524686800276,0.0,0.024390243902439,0.0,0.0163934426229508
451972,mscoco,0.07690321924164892,0.3652945100310939,0.08682926511391997,0.22485734408863461,0.1,1.0,0.1,0.5
163,drawbench,0.037414344819262625,0.13268361100482998,0.04045325806364417,0.1227974063728051,0.0,0.0,0.0,0.0
150360,mscoco,0.059938959591090676,0.15881960205419124,0.08664088519290089,0.19966854307071774,0.0,0.0178571428571428,0.2,1.0
138567,mscoco,0.07809469029307366,0.2311392281884395,0.08202261980623007,0.21245593569209556,0.0,0.0149253731343283,0.1,1.0
383220,mscoco,0.10671981200575828,0.28506232967118433,0.08785742782056331,0.23352918743623283,0.1,1.0,0.1,1.0
557272,mscoco,0.03741152044385672,0.11544218714352196,0.03549388200044632,0.12037960627695976,0.1,0.25,0.1,0.5
17073,mscoco,0.009745239187031985,0.04374515709905269,0.015284735523164273,0.04940607240389807,0.1,1.0,0.1,1.0
441083,mscoco,0.2579174920916557,0.3277800836404383,0.25784018263220787,0.3215509471886473,0.9,0.5,0.8,0.5
109750,mscoco,0.05826848447322845,0.16019121459040664,0.11932677030563354,0.29639389098846713,0.1,0.5,0.1,1.0
20279,mscoco,0.10533197207842022,0.24746382781272036,0.06597463407088071,0.1588104782464446,0.2,1.0,0.2,0.5
324845,mscoco,0.06563326884061098,0.1873507378980543,0.12803993187844753,0.26853244098018453,0.1,0.2,0.3,1.0
303520,mscoco,0.10746725983917713,0.19208811178762533,0.07841852447018027,0.19296764445219322,0.1,1.0,0.1,1.0
363136,mscoco,0.24717001635581254,0.36811130622291477,0.22299505919218063,0.47433751276288705,0.1,0.125,0.1,1.0
161622,mscoco,0.04965368639677763,0.1676535732074218,0.045370558835566045,0.13364304471788074,0.1,1.0,0.2,0.5
315242,mscoco,0.16455157101154327,0.49180577180538904,0.16421144977211952,0.344490269246047,0.0,0.0222222222222222,0.1,1.0
418723,mscoco,0.037961270287632944,0.16443946370776447,0.04875526651740074,0.10346483269182818,0.1,1.0,0.1,0.1666666666666666
65440,mscoco,0.28928475379943847,0.5386595760742091,0.2300181707367301,0.521556312506061,0.1,0.1111111111111111,0.0,0.0016
111907,mscoco,0.09040738716721534,0.176850521731954,0.13973353058099747,0.4206144770454339,0.2,0.3333333333333333,0.4,1.0
465140,mscoco,0.07921028658747672,0.20555018712936723,0.08182021854445339,0.20992778136607768,0.1,0.5,0.1,0.5
21083,mscoco,0.07895716913044452,0.1473858699909141,0.13994530104100705,0.3693783266107441,0.1,0.1,0.1,0.2
200202,mscoco,0.10163517855107784,0.29944131579262956,0.17521787025034427,0.43113468329386273,0.3,0.3333333333333333,0.7,1.0
215320,mscoco,0.024333566520363094,0.08774974072794238,0.054890535213053225,0.1842473616084297,0.0,0.0666666666666666,0.2,0.25
28978,mscoco,0.1624460842460394,0.29439150322457724,0.1679589506238699,0.3465469312131357,0.0,0.0769230769230769,0.4,1.0
281427,mscoco,0.05194442346692085,0.16257411721621745,0.13450327068567275,0.2582127994845772,0.0,0.0161290322580645,0.2,1.0
357663,mscoco,0.11949567571282387,0.35414414434634295,0.07377277798950672,0.3245505423465455,0.1,1.0,0.1,1.0
186171,mscoco,0.12652652263641356,0.2649657160700479,0.14497431181371212,0.4793020132961477,0.0,0.05,0.1,0.3333333333333333
386788,mscoco,0.17305213436484337,0.3659800671256657,0.10596158988773823,0.28271281788921565,0.1,0.5,0.0,0.0909090909090909
492363,mscoco,0.06313692564144731,0.19914742675228303,0.07165310960263013,0.1912922332622866,0.1,1.0,0.1,1.0
486547,mscoco,0.4669181749224663,0.6391255851954949,0.3943402484059334,0.5191718098868756,0.1,1.0,0.1,0.5
516570,mscoco,0.048379603680223225,0.1567216711057584,0.0710137963294983,0.20145211791327156,0.1,0.2,0.1,0.1
152662,mscoco,0.08289941912516952,0.2155944389185737,0.1626710501499474,0.35772015087453995,0.0,0.0277777777777777,0.0,0.037037037037037
415280,mscoco,0.0614276509732008,0.2031646562661449,0.06559294313192368,0.2049945970457475,0.1,1.0,0.1,1.0
397404,mscoco,0.09182979948818684,0.19993575792963364,0.1837962858378887,0.43164718173635375,0.0,0.0095238095238095,0.0,0.0526315789473684
488801,mscoco,0.3433502987027168,0.7594925761763566,0.39443618804216385,0.7412722809101031,0.7,1.0,0.8,1.0
544956,mscoco,0.017217796528711915,0.09683548390788017,0.013927656377200037,0.09416123435018726,0.1,1.0,0.1,1.0
576859,mscoco,0.086904863640666,0.23057284946372925,0.11717609614133835,0.3469172441430545,0.1,0.2,0.0,0.0106382978723404
280370,mscoco,0.08078319858759642,0.20187391503477956,0.08816866837441921,0.2176952868606022,0.1,0.1666666666666666,0.1,0.1
310853,mscoco,0.09993547294288874,0.19914874236433983,0.1352942630648613,0.2344560124357328,0.1,0.2,0.2,0.5
363527,mscoco,0.150856801494956,0.2354035474402385,0.16998687088489534,0.28769963553046185,0.1,0.5,0.2,1.0
47548,mscoco,0.06774043459445238,0.18677747539437656,0.07893466837704181,0.1851592841372496,0.2,1.0,0.2,0.5
542313,mscoco,0.29886984899640084,0.4751067775959643,0.34373857975006106,0.4901257523301225,0.2,0.3333333333333333,0.2,0.5
183386,mscoco,0.14828107170760632,0.30695115731170985,0.23719501346349717,0.374431380636361,0.5,0.25,0.3,0.2
131101,mscoco,0.055416591186076405,0.2267078591254766,0.05037418846040964,0.1552607708919423,0.1,0.3333333333333333,0.4,1.0
130981,mscoco,0.2536583863198757,0.4657709743252119,0.32234980165958405,0.5177627045930517,0.1,0.1111111111111111,0.8,1.0
443547,mscoco,0.06917741950601339,0.1708678626396351,0.05592119265347719,0.18726268751378203,0.1,0.25,0.1,1.0
103978,mscoco,0.2188314639031887,0.49112202386061354,0.33902747333049776,0.5168623015515557,0.2,0.5,0.3,1.0
7669,mscoco,0.16043731085956098,0.4139713380244864,0.1740417115390301,0.3904503011607103,0.4,1.0,0.7,1.0
111245,mscoco,0.014815058466047049,0.060806478325748675,0.02091151075437665,0.08253335383902351,0.1,1.0,0.1,1.0
326948,mscoco,0.47199140414595603,0.7492648796824736,0.33109824657440184,0.6009198987413793,0.5,1.0,0.7,1.0
486807,mscoco,0.014542151754722,0.06719498098279499,0.029520518041681498,0.087852462484956,0.1,1.0,0.1,0.5
303652,mscoco,0.025898974132724108,0.08087752006119385,0.04371710997074842,0.118041282879313,0.0,0.0044843049327354,0.1,1.0
173547,mscoco,0.14434458762407304,0.31868283031288186,0.13508014306426047,0.2890558512611036,0.6,1.0,0.6,1.0
325239,mscoco,0.02566210418008268,0.09523792462851231,0.03274318687617779,0.0793347096393719,0.1,0.125,0.0,0.037037037037037
353357,mscoco,0.08870261441916227,0.2520978165413005,0.054510758630931376,0.16987955441704594,0.1,0.1111111111111111,0.0,0.0105263157894736
426429,mscoco,0.10770131163299083,0.20797282663569677,0.05458395332098007,0.1570357892787716,0.2,0.3333333333333333,0.2,0.5
261207,mscoco,0.24892574846744536,0.4672655473698049,0.21047186329960824,0.488882075093119,0.3,0.3333333333333333,0.2,0.1666666666666666
461506,mscoco,0.05042512118816376,0.14578340885327926,0.07865936234593392,0.21132695595131276,0.1,0.125,0.0,0.0909090909090909
44856,mscoco,0.15857553519308568,0.3291743335258579,0.1258368831127882,0.40716315111047363,0.2,0.3333333333333333,0.2,0.5
180817,mscoco,0.03703551972284913,0.1128089353347386,0.03010526723228395,0.09074467248782013,0.1,0.5,0.1,0.1428571428571428
390435,mscoco,0.48197475224733355,0.8443286792388046,0.5957585364580155,0.8181024882482412,0.3,1.0,0.5,1.0
49648,mscoco,0.2553206279873848,0.39340276750880365,0.3764672324061394,0.4587305756727463,0.1,0.2,0.1,1.0
172498,mscoco,0.05313266208395362,0.1344095581878576,0.09225489404052496,0.2137486819477151,0.1,1.0,0.5,1.0
67126,mscoco,0.21975973322987558,0.28003362737966975,0.2229264797642827,0.38852818778563275,0.1,0.5,0.0,0.0769230769230769
478029,mscoco,0.29980173259973525,0.5943459961389701,0.3108199961483479,0.4431144770349503,0.1,0.2,0.1,1.0
508567,mscoco,0.10840961188077927,0.23895228688365158,0.18563539311289787,0.4148359190266062,0.2,0.2,0.8,0.5
81,drawbench,0.05062990225851536,0.16681512909291804,0.15136415213346482,0.25209918776044626,0.0,0.0232558139534883,0.0,0.027027027027027
109355,mscoco,0.1307959955185652,0.32483017644365597,0.17379299476742743,0.3630142617260815,0.0,0.0043668122270742,0.0,0.0333333333333333
48935,mscoco,0.28028950542211534,0.4738312566163298,0.25227758288383484,0.3893350168108786,0.2,1.0,0.3,0.25
84886,mscoco,0.06018921229988337,0.14758248091076087,0.06548982150852681,0.19772488535247515,0.0,0.05,0.4,1.0
217271,mscoco,0.17760661207139491,0.44560790380729415,0.25769940875470637,0.4787866258237641,0.1,0.5,0.2,1.0
480140,mscoco,0.005502076703123748,0.018315011035482526,0.007922181871253996,0.023225802658965667,0.0,0.0476190476190476,0.0,0.0357142857142857
327105,mscoco,0.1689161766320467,0.38860442409321827,0.3009344309568405,0.4728204130953768,0.2,1.0,0.5,0.2
55768,mscoco,0.16421968787908553,0.2638857366753729,0.3346742495894432,0.5742526060826473,0.1,0.1,0.7,1.0
129030,mscoco,0.02686143796890974,0.13531837864600502,0.03096075039356947,0.14551969946398782,0.1,1.0,0.1,1.0
565387,mscoco,0.21845611855387687,0.3638766041715404,0.3449743948876858,0.6184724203149793,0.0,0.0666666666666666,0.1,0.5
553501,mscoco,0.02218812978826463,0.06893537705783294,0.02096530790440738,0.05480298462981003,0.1,0.1666666666666666,0.1,1.0
170193,mscoco,0.18248459398746492,0.4163974283465769,0.19003360606729985,0.46423995432877313,0.2,1.0,0.2,1.0
199,drawbench,0.023478954285383224,0.05107442592574944,0.005238668108358979,0.018244796428140638,0.0,0.0,0.0,0.0
65162,mscoco,0.2148194547742605,0.3171683612107696,0.18176166526973248,0.48429271657536266,0.1,0.5,0.1,0.3333333333333333
334542,mscoco,0.42236754596233367,0.5604975232359866,0.319823744893074,0.5996755725464724,0.3,0.2,0.6,1.0
185559,mscoco,0.7245612800121307,0.7952173873636681,0.743687778711319,0.9079090037895395,0.8,1.0,1.0,1.0
134066,mscoco,0.49896510541439054,0.6103483422281455,0.5853021264076232,0.8146746452540585,0.2,0.3333333333333333,0.2,0.25
19318,mscoco,0.36254178509116175,0.7757853097147321,0.5949606984853745,0.816419050698766,0.2,1.0,0.2,1.0
122896,mscoco,0.1160832665860653,0.23513278506958124,0.25938373506069184,0.3413725255940866,0.2,0.1666666666666666,0.0,0.0909090909090909
484175,mscoco,0.1020790258422494,0.23338566127286373,0.15793428122997283,0.35766441579956565,0.0,0.0256410256410256,0.1,0.25
550049,mscoco,0.202792626619339,0.4355604735822842,0.3119123086333275,0.6927598380869308,0.7,1.0,0.6,1.0
558966,mscoco,0.03429107340052724,0.15184748095517148,0.04109619539231062,0.13398300481283956,0.4,1.0,0.6,1.0
303177,mscoco,0.4881360664963722,0.7315753508810429,0.3573507785797119,0.59131326456245,0.0,0.0344827586206896,0.0,0.001727115716753
300047,mscoco,0.046863561309874055,0.1377541348400636,0.06246183905750513,0.19246334433156073,0.2,1.0,0.1,0.25
281977,mscoco,0.08831644281744958,0.2474796433895138,0.13085361309349536,0.37194144514718297,0.8,1.0,1.0,1.0
100169,mscoco,0.10850571990013122,0.23964427636012398,0.27020551115274427,0.5362532057438099,0.2,0.3333333333333333,0.3,1.0
35217,mscoco,0.03416593298316002,0.12332471229535645,0.057593784853816034,0.1538089689580953,0.1,0.5,0.0,0.0049019607843137
195863,mscoco,0.18146745003759862,0.4027962134939943,0.2734850078821182,0.3562307293162783,0.3,0.3333333333333333,0.6,0.5
55753,mscoco,0.010109731182456016,0.041651521932944406,0.008845476439455524,0.02532995389058366,0.0,0.0119047619047619,0.0,0.0277777777777777
189504,mscoco,0.03809036761522293,0.11577812945271887,0.02565959165804088,0.10602149250083623,0.0,0.0175438596491228,0.1,1.0
257236,mscoco,0.06191032119095326,0.16307153547212722,0.060503792203962806,0.13166620862382356,0.0,0.02,0.1,0.2
15830,mscoco,0.10438503306359052,0.6359530193415845,0.10959181413054467,0.6314840396262421,0.1,1.0,0.1,1.0
382423,mscoco,0.2779988734051585,0.6795730067351986,0.24090364519506693,0.5129578179138778,0.1,1.0,0.2,1.0
182,drawbench,0.02769503784365952,0.10227066929694582,0.026263319002464414,0.06649527528406048,0.0,0.0,0.0,0.0
261431,mscoco,0.036836392153054474,0.131149310247817,0.038378899730741975,0.15361276743507746,0.2,1.0,0.2,1.0
286021,mscoco,0.10136241260915994,0.2833397228433469,0.09960849694907666,0.21673028632003208,0.0,0.0909090909090909,0.0,0.037037037037037
179,drawbench,0.037253351602703336,0.12948386002655715,0.03346629869192839,0.1353375820278287,0.0,0.0,0.0,0.0
20145,mscoco,0.07921967804431915,0.18186366444909044,0.0952665727585554,0.30563467119829035,0.0,0.0909090909090909,0.0,0.0666666666666666
545274,mscoco,0.08629990108311177,0.26765615708375035,0.09116962701082229,0.2497279965322432,0.0,0.0526315789473684,0.2,1.0
93,drawbench,0.030690861400216818,0.1306436151878146,0.07005198262631893,0.18445307769545263,0.0,0.0003133813851457,0.0,0.0013586956521739
254726,mscoco,0.09285787753760814,0.20397637811337227,0.08104962147772313,0.1643547684035046,0.3,1.0,0.4,0.3333333333333333
182125,mscoco,0.16111427992582322,0.3122610422392497,0.23954658061265946,0.42189308202682213,0.1,0.1111111111111111,0.2,0.3333333333333333
46055,mscoco,0.07788563957437873,0.15824741828493308,0.03817534931004048,0.15011422366571608,0.0,0.027027027027027,0.1,1.0
336933,mscoco,0.08998080752789975,0.17981514304895732,0.12192147895693779,0.31212293018702225,0.0,0.0013717421124828,0.1,0.1
175597,mscoco,0.09364584982395172,0.23973919212279673,0.21974616441875697,0.38736215057763407,0.1,1.0,0.0,0.0303030303030303
370157,mscoco,0.023727551754564046,0.08257796039197776,0.03666370613500476,0.10332021979746644,0.0,0.0227272727272727,0.1,0.25
361356,mscoco,0.013916118117049337,0.04840312609923749,0.010967189213261008,0.04127684371893911,0.2,1.0,0.3,1.0
452806,mscoco,0.4454268246889114,0.6114976264089972,0.5480370610952378,0.8369066996416514,0.4,0.25,0.6,0.5
136,drawbench,0.05946439383551479,0.19793428245253017,0.02033964223228395,0.08117170940458879,0.0,7.48839299086416e-05,0.0,1.80446786242737e-05
191314,mscoco,0.03765438310801983,0.1161888020480211,0.04472566731274128,0.14757775128372375,0.1,0.5,0.1,1.0
26,drawbench,0.40076602920889853,0.6273888172152549,0.341887741535902,0.6790226890374536,0.0,0.0,0.0,0.0
24414,mscoco,0.19156652465462684,0.4510793809461268,0.14897550828754902,0.434101245633649,0.2,1.0,0.5,1.0
499634,mscoco,0.026310819387435912,0.09502843256620137,0.0399226451292634,0.11267532578513134,0.0,0.037037037037037,0.0,0.0121951219512195
13482,mscoco,0.13018233887851238,0.3454367270190491,0.09052414819598198,0.2929159318311257,0.1,1.0,0.1,1.0
267861,mscoco,0.17088039517402648,0.2949620613187654,0.22941457629203796,0.6068391231908655,0.1,0.1666666666666666,0.1,1.0
498967,mscoco,0.056201261840760706,0.15658488461375186,0.11020963415503501,0.25504996715456335,0.3,0.3333333333333333,0.2,1.0
247979,mscoco,0.002052867822931148,0.010723429274058732,0.002425155765376985,0.011286076008365904,0.1,1.0,0.1,1.0
438196,mscoco,0.14311502128839493,0.39428158008247205,0.18291609026491643,0.26584248188229304,0.3,1.0,0.3,1.0
230700,mscoco,0.252103877812624,0.5731908293482559,0.2915178447961807,0.49763857445257803,0.0,0.0076335877862595,0.0,0.0909090909090909
22660,mscoco,0.07076346650719642,0.3275967013934704,0.07863294873386621,0.2885038372085487,0.3,1.0,0.3,1.0
227982,mscoco,0.041169127263128755,0.11567111884512597,0.043270792532712224,0.1077375632701744,0.1,0.25,0.2,0.5
134807,mscoco,0.024664612859487532,0.10228733926053825,0.025186846405267714,0.09600076207319987,0.1,1.0,0.1,1.0
209788,mscoco,0.06115204468369484,0.1675318962570313,0.17339831367135047,0.38106058819325855,0.0,0.0263157894736842,0.0,0.02
139518,mscoco,0.11900318413972855,0.24979195062528484,0.12592633739113807,0.32380085802687075,0.0,0.0454545454545454,0.1,0.25
232625,mscoco,0.15933095943182707,0.27223603267711355,0.16548974849283696,0.4252215183027749,0.0,0.0303030303030303,0.2,0.25
423875,mscoco,0.01719840036239475,0.04908557862147456,0.020481013413518667,0.06936710408625453,0.1,1.0,0.1,1.0
87878,mscoco,0.17451277524232864,0.34505668124338584,0.12790703885257243,0.29794218208447676,0.0,0.0416666666666666,0.1,0.5
55,drawbench,0.0393815859220922,0.09148720840938604,0.011973493988625706,0.045444348701937115,0.0,0.0,0.0,0.0
315273,mscoco,0.1918216422200203,0.26960396685118715,0.26579648107290266,0.5306249676225916,0.3,1.0,0.5,0.5
118968,mscoco,0.12458391562104225,0.2796075606599511,0.13966226764023304,0.2554778172890745,0.1,0.5,0.0,0.0714285714285714
426459,mscoco,0.28639605790376665,0.48150141729216367,0.2405744358897209,0.3992861824366667,0.3,0.2,0.1,0.1
310695,mscoco,0.07123141419142484,0.2603635133104427,0.06146668368019163,0.15869855122397133,0.1,1.0,0.3,1.0
266912,mscoco,0.23502214401960372,0.3623393303981228,0.20891807451844216,0.5047769914937017,0.1,0.5,0.1,1.0
70187,mscoco,0.10565986074507236,0.24961319936706855,0.18788683265447617,0.390242269963505,0.1,0.5,0.1,1.0
75352,mscoco,0.25128388628363607,0.4587497416223211,0.389617358148098,0.5791909120969226,0.2,0.5,0.5,0.5
485187,mscoco,0.06865504644811153,0.2154425123594372,0.0554186150431633,0.20630650006686327,0.3,0.25,0.3,1.0
446310,mscoco,0.18205477744340898,0.3534834904428712,0.2900271758437157,0.48474784147337335,0.0,0.0416666666666666,0.6,1.0
172702,mscoco,0.07122999243438244,0.2469597166200831,0.09698106218129396,0.2554457400220456,0.1,1.0,0.1,1.0
41838,mscoco,0.20730473678559064,0.49183026043552586,0.3254204288125038,0.6095169707447896,0.8,1.0,1.0,1.0
348083,mscoco,0.022015332616865634,0.059175542962722774,0.028527062851935625,0.1083952819856755,0.1,0.1111111111111111,0.1,0.2
465198,mscoco,0.13378019481897355,0.3192144293277836,0.23649469390511513,0.4653754686236287,0.0,0.0454545454545454,0.1,1.0
458123,mscoco,0.2866941161453724,0.5150900791605239,0.24743568077683448,0.3202492053563907,0.1,0.2,0.3,1.0
215558,mscoco,0.21224428787827493,0.4424796222282687,0.22311921790242195,0.6771728215324739,0.0,0.0769230769230769,0.4,1.0
201019,mscoco,0.19898260086774827,0.3654504513833797,0.34936346858739853,0.41051415307587735,0.2,0.1428571428571428,0.9,0.5
153921,mscoco,0.12493708934634924,0.33114544858913364,0.2206726647913456,0.5014964688214202,0.1,0.2,0.1,0.1428571428571428
345389,mscoco,0.005174670368432999,0.01400519279498184,0.002858267928240821,0.018404620920199552,0.1,0.1111111111111111,0.1,1.0
359066,mscoco,0.052883637696504594,0.18947427421354468,0.07777435863390565,0.22946179606662515,0.1,1.0,0.2,0.25
22102,mscoco,0.11970485411584378,0.3013860467282882,0.228317304700613,0.4404172170687848,0.7,1.0,0.9,1.0
194419,mscoco,0.20144596695899963,0.310056603639758,0.18750560656189919,0.3546674278664062,0.5,0.5,0.5,1.0
391053,mscoco,0.137627711892128,0.3402097385669434,0.14008360169827938,0.2820538958901832,0.1,0.25,0.0,0.0033783783783783
20171,mscoco,0.17667863219976426,0.38870731968417904,0.15460680052638054,0.3348280744566729,0.3,1.0,0.7,1.0
538001,mscoco,0.23072790503501892,0.4397518810787404,0.3646211944520473,0.48195234713278595,0.0,0.0095238095238095,0.0,0.0024570024570024
575490,mscoco,0.04840232487767935,0.1225419088914959,0.09526643007993699,0.2895437761319389,0.2,0.5,0.7,0.3333333333333333
75427,mscoco,0.12529485523700715,0.3035320057318388,0.12047133855521679,0.32695090406504623,0.1,1.0,0.1,0.5
510564,mscoco,0.07684085760265588,0.18068268930792852,0.1444586742669344,0.4869765861123113,0.0,0.0454545454545454,0.1,0.5
58117,mscoco,0.10774887017905713,0.23898795851316684,0.12232171222567559,0.2918781821253428,0.1,0.5,0.1,0.1666666666666666
294416,mscoco,0.14060935974121094,0.36281288844604576,0.2810099681839347,0.6550672752476728,0.0,0.0416666666666666,0.3,1.0
525176,mscoco,0.12216577976942063,0.29136608679933423,0.14020515009760856,0.32246316512907425,0.0,0.0133333333333333,0.0,0.0588235294117647
316522,mscoco,0.03486736245686188,0.25986796502759707,0.042333189444616434,0.1059560138108128,0.1,1.0,0.1,0.2
198832,mscoco,0.1301228880882263,0.30394697722428954,0.2624655842781067,0.46563317308161695,0.0,0.0113636363636363,0.0,0.0294117647058823
378022,mscoco,0.032272370625287296,0.10078797603466276,0.050410864129662517,0.11855100081994818,0.1,0.25,0.3,1.0
306037,mscoco,0.11080663930624723,0.22067792551387386,0.07384831681847573,0.3201872044178287,0.0,0.0333333333333333,0.1,1.0
51021,mscoco,0.13992559611797334,0.30880108114021515,0.1843709744513035,0.3822811600197918,0.4,1.0,0.8,1.0
225392,mscoco,0.025304156821221113,0.07808418882417792,0.04896052535623312,0.170843497097712,0.0,0.0232558139534883,0.3,0.3333333333333333
543490,mscoco,0.1067993238568306,0.2889498312896412,0.14068206027150154,0.28252088666220343,0.2,1.0,0.4,0.5
305117,mscoco,0.024792326893657447,0.09553074656204476,0.06034955242648721,0.19184736851733797,0.0,0.0192307692307692,0.1,1.0
519387,mscoco,0.016679060831665992,0.06282159792871325,0.01886127991601825,0.08164322280388131,0.0,0.00177304964539,0.0,0.0192307692307692
98501,mscoco,0.16478957198560237,0.48625817174448444,0.16925356686115264,0.48502545220606375,0.1,0.1111111111111111,0.0,0.0120481927710843
249791,mscoco,0.10568196102976798,0.2984682423119796,0.10271845441311597,0.22554508052823505,0.1,0.3333333333333333,0.0,0.0147058823529411
327664,mscoco,0.23454985097050668,0.40465310171774793,0.3810591071844101,0.637431819713833,0.1,0.25,0.2,1.0
22,drawbench,0.005401850352063775,0.01896907324357337,0.007260595425032079,0.0317058664647686,0.0,0.0,0.0,0.0
225654,mscoco,0.07475236151367426,0.22440782825681652,0.08424251563847066,0.32497267679693814,0.0,0.0384615384615384,0.1,1.0
47700,mscoco,0.17575949281454087,0.5231640033032943,0.19076134860515595,0.3589324203812252,0.3,0.5,0.2,0.2
77159,mscoco,0.12391933985054493,0.26324940009221887,0.18260298073291778,0.4063595094496202,0.1,0.1111111111111111,0.3,1.0
501773,mscoco,0.11331280246376992,0.32585488968299847,0.1213217567652464,0.33191331122833045,0.1,1.0,0.1,1.0
355137,mscoco,0.37335470616817473,0.6669753921003029,0.41916857957839965,0.6064889238824599,0.1,0.2,0.4,1.0
476055,mscoco,0.07229374907910824,0.15692831822741188,0.125859072804451,0.30698598964062174,0.1,0.1666666666666666,0.2,0.5
446898,mscoco,0.08936242330819369,0.20685305386200817,0.2052524819970131,0.4083620625084852,0.2,1.0,0.5,1.0
336645,mscoco,0.1955033279955387,0.39636786134902136,0.2661717876791954,0.5142654884726331,0.2,1.0,0.4,0.3333333333333333
57242,mscoco,0.10269032437354327,0.3049050948139475,0.11175364404916763,0.42379088930588066,0.1,0.5,0.1,1.0
137178,mscoco,0.31966451108455657,0.5813454552251728,0.3250601440668106,0.5160312542460421,0.4,0.5,0.4,1.0
113113,mscoco,0.10126199945807457,0.2396122396313519,0.24517919979989528,0.6892147562595308,0.6,1.0,0.5,1.0
403028,mscoco,0.23085991144180298,0.32747602745227866,0.29593623876571656,0.512371172957699,0.1,0.1111111111111111,0.1,1.0
346795,mscoco,0.056027831556275484,0.1467341033734077,0.03427719054743648,0.10989411586621373,0.1,0.1,0.0,0.0909090909090909
145682,mscoco,0.3210236541926861,0.3780631607167839,0.15482692644000054,0.3119840534960042,0.1,0.1111111111111111,0.0,0.0163934426229508
418791,mscoco,0.05125168822705746,0.1623602964899526,0.06477954536676407,0.20954716616662833,0.0,0.0833333333333333,0.1,1.0
107838,mscoco,0.1814196977764368,0.4046548519246625,0.20844693928956987,0.5024111580762494,0.2,1.0,0.5,1.0
149577,mscoco,0.1440924720838666,0.6785072952728122,0.3132457802072167,0.7203663778873323,0.1,1.0,0.1,1.0
10,drawbench,0.16516355164349078,0.5678851895531885,0.12734299339354038,0.33591529411410026,0.0,0.0,0.0,0.0
544614,mscoco,0.61436727643013,0.832086760158978,0.6528706073760986,0.7830279824226655,0.9,1.0,1.0,1.0
419150,mscoco,0.20080832950770855,0.4079651517165932,0.2653012804687023,0.6793192270079265,0.1,0.1666666666666666,0.2,1.0
496783,mscoco,0.057827964005991814,0.197904019077559,0.07652518115937709,0.2034079150015569,0.2,1.0,0.2,1.0
195062,mscoco,0.2899371117353439,0.5461993701365946,0.2801450029015541,0.5007402741724788,0.1,0.1111111111111111,0.6,1.0
183481,mscoco,0.14786204621195792,0.30064402094057663,0.2199140667915344,0.3299996267922096,0.7,0.5,0.7,1.0
495288,mscoco,0.17410161793231965,0.4509662928629953,0.2101064207032323,0.3611328556469634,0.0,0.0416666666666666,0.1,1.0
162,drawbench,0.023790954798460006,0.08351467797189135,0.05783439893275499,0.30801685096813797,0.0,0.0,0.0,0.0
99321,mscoco,0.15987035036087036,0.31300062607108,0.16966268084943295,0.4089757119833099,0.6,0.5,1.0,1.0
502637,mscoco,0.1227942354977131,0.23891260004443202,0.10603363886475563,0.2769618947238167,0.4,0.3333333333333333,0.7,1.0
136458,mscoco,0.08173451535403728,0.3054808280507735,0.11913227438926696,0.2894848032002324,0.1,0.5,0.1,0.3333333333333333
113333,mscoco,0.10920373909175396,0.2526233371131646,0.1285799965262413,0.26956441889585925,0.3,0.5,0.1,1.0
473448,mscoco,0.10815069526433944,0.34398305512117255,0.14902886971831322,0.2919941360283542,0.3,1.0,0.0,0.05
450598,mscoco,0.45371309816837313,0.6763721499357839,0.45099341571331025,0.7109349234259422,0.4,1.0,0.9,1.0
474157,mscoco,0.21700327098369598,0.42179815946820526,0.34783945679664613,0.5838069645660399,0.1,0.1111111111111111,0.2,1.0
74499,mscoco,0.04909377489238977,0.17324550193357968,0.06206218609586358,0.21425181131779691,0.1,1.0,0.2,1.0
107610,mscoco,0.5031078428030014,0.7127041073865934,0.5861149668693543,0.8221134870187001,0.4,1.0,0.6,0.5
200959,mscoco,0.20999474599957466,0.549274217863156,0.3434185147285461,0.6239139774420496,0.3,1.0,0.7,1.0
463430,mscoco,0.20141773745417596,0.6450519195451782,0.09757182262837887,0.20757482961183354,0.0,0.0123456790123456,0.0,0.0085470085470085
512509,mscoco,0.05759674645960331,0.16745313582489557,0.10481048300862313,0.31150177231172,0.2,0.5,0.1,0.5
458921,mscoco,0.017635648883879185,0.051899116368951434,0.019462678767740726,0.06117640333341195,0.0,0.025,0.1,1.0
282667,mscoco,0.041209979075938465,0.1806976278522438,0.057484939228743315,0.20295864407217068,0.1,0.3333333333333333,0.1,0.5
448771,mscoco,0.02557996865361929,0.08384512609753687,0.04761198703199625,0.14041489907688476,0.0,0.0196078431372549,0.0,0.05
293598,mscoco,0.6139680564403533,0.7185849260354303,0.680723512172699,0.8222404162160157,0.7,1.0,0.8,1.0
541193,mscoco,0.06829689592123031,0.24762853300828713,0.09047058019787073,0.28535334452803673,0.0,0.0666666666666666,0.0,0.0588235294117647
356569,mscoco,0.10025816448032857,0.19537017346153815,0.09083024933934211,0.2438573180507577,0.1,0.125,0.0,0.0714285714285714
334513,mscoco,0.20565624684095382,0.3473965464266679,0.28151751309633255,0.5041103966326977,0.1,0.1111111111111111,0.6,1.0
430167,mscoco,0.08274712394922971,0.2596471819610945,0.1346059709787369,0.5148063646337641,0.0,0.025,0.0,0.032258064516129
513125,mscoco,0.3415416911244392,0.48683687366050027,0.3590637996792793,0.6124985113505548,0.1,0.1428571428571428,0.2,0.3333333333333333
356257,mscoco,0.06635842341929674,0.28006434381086537,0.11698796153068543,0.3158390122349511,0.1,1.0,0.1,0.25
364010,mscoco,0.04246388282626867,0.1420742844955839,0.05366791784763336,0.1400875324486795,0.1,0.25,0.1,1.0
148542,mscoco,0.17977858148515224,0.3789689345879394,0.17829941362142562,0.4196949257323433,0.0,0.0526315789473684,0.0,0.037037037037037
82405,mscoco,0.34871167689561844,0.663261699613602,0.2634712651371956,0.6181222382975282,0.7,1.0,0.4,1.0
70755,mscoco,0.06504343487322331,0.16746211171365863,0.12031699623912573,0.29085442135442136,0.1,0.1666666666666666,0.1,1.0
118927,mscoco,0.12431114371865988,0.3512699258890938,0.10879374854266644,0.38958024722593015,0.1,1.0,0.1,0.3333333333333333
508915,mscoco,0.0430444666184485,0.14605707324432873,0.08498353473842143,0.2526315724259047,0.2,0.3333333333333333,0.1,0.2
491739,mscoco,0.332781708240509,0.4540371116162294,0.2566515825688839,0.6304759004564991,0.0,0.0147058823529411,0.1,0.3333333333333333
147546,mscoco,0.10399650204926729,0.26352590416249627,0.1709999419748783,0.3316913736963876,0.5,0.3333333333333333,0.3,0.5
262213,mscoco,0.21568992361426353,0.39550016649612046,0.2887587159872055,0.45366618736598324,0.9,0.5,0.7,1.0
415728,mscoco,0.0740949827246368,0.24377128440627632,0.08169191656634212,0.2937609223852825,0.5,1.0,0.5,1.0
506873,mscoco,0.20148399472236633,0.37731410196599946,0.23344480991363525,0.5975988787693939,0.6,1.0,0.7,1.0
538210,mscoco,0.18393595106899738,0.2664699061909738,0.32192538641393187,0.3968056973501403,0.2,0.2,0.6,0.5
581127,mscoco,0.07895881496369839,0.21257481735370332,0.09828251451253892,0.20853726414775117,0.0,0.0185185185185185,0.1,0.5
110013,mscoco,0.07100060284137726,0.1525600551163099,0.029398388508707286,0.11060575283225761,0.3,1.0,0.3,1.0
502286,mscoco,0.19401517510414124,0.4122376799538621,0.1743410311639309,0.4284361553793869,0.0,0.04,0.1,0.5
99425,mscoco,0.24367673173546792,0.4841804722744441,0.3429147846996784,0.43575533863626426,0.1,0.125,0.4,1.0
103042,mscoco,0.22266931384801864,0.41361915539051675,0.3324873223900795,0.5186853447838691,0.3,1.0,0.7,0.5
360440,mscoco,0.055916922818869355,0.2770190813702331,0.03967364011332393,0.2651746083303837,0.1,1.0,0.1,1.0
409668,mscoco,0.2703400433063507,0.5625836201788507,0.3172976814210415,0.5833031982486041,0.9,1.0,0.9,1.0
421639,mscoco,0.013500470668077469,0.048315143665331316,0.02391013512387872,0.07765825684040048,0.0,0.0526315789473684,0.1,0.1111111111111111
277717,mscoco,0.044842191599309446,0.2031748099236193,0.042215388757176696,0.1988293878722687,0.1,1.0,0.1,1.0
113851,mscoco,0.07193094044923783,0.19510647328212588,0.046460885740816596,0.15098103659724443,0.6,0.5,0.4,1.0
380100,mscoco,0.29140025079250337,0.4128029097205431,0.4544158697128296,0.4797025883487522,0.3,1.0,0.7,1.0
68601,mscoco,0.22415710538625716,0.49229647570044394,0.24652181565761566,0.5942054315447272,0.1,0.5,0.2,0.125
82229,mscoco,0.12441223673522472,0.259004457652464,0.1403686534613371,0.2868211480967187,0.0,0.0909090909090909,0.0,0.0185185185185185
263462,mscoco,0.12889040112495423,0.319166008582567,0.19340947270393372,0.46623209703482427,0.2,0.1666666666666666,0.4,0.5
352495,mscoco,0.046573201473802325,0.11974706741696112,0.05220985673367977,0.12648774405994123,0.5,1.0,0.6,0.5
64339,mscoco,0.16321037765592336,0.36251108225309703,0.14941839389503003,0.3156527801473543,0.1,1.0,0.1,0.3333333333333333
11156,mscoco,0.014753435924649238,0.060616970918936516,0.013525710138492287,0.05849952205840981,0.1,0.5,0.1,1.0
334872,mscoco,0.4527540862560272,0.7516238943908827,0.5148438453674317,0.6309313055857175,0.3,0.3333333333333333,0.4,0.5
477820,mscoco,0.14418952465057372,0.35790517173193,0.17498692125082016,0.32369780292611494,0.3,0.25,0.2,0.5
283884,mscoco,0.23976442143321036,0.5679510816090739,0.4152675330638885,0.5833507874836806,0.4,0.3333333333333333,0.6,0.5
418868,mscoco,0.023346390435472132,0.08603054932030373,0.07187714986503124,0.1718260732830794,0.1,0.25,0.2,1.0
350309,mscoco,0.24070226773619652,0.4459137521896047,0.2157012142241001,0.32874486492038874,0.2,0.3333333333333333,0.1,0.25
14537,mscoco,0.1313123781234026,0.37332123260536454,0.11174100819043815,0.41503498516294435,0.1,0.5,0.1,1.0
575040,mscoco,0.0875694289803505,0.310114293662639,0.03947367409709841,0.1345312511025123,0.0,0.006578947368421,0.0,0.0018115942028985
449455,mscoco,0.13759265393018721,0.30129033062179333,0.13510451689362526,0.33175027876045066,0.9,1.0,0.6,1.0
211686,mscoco,0.18904257714748382,0.4069421182998355,0.1831205975264311,0.4300223748830931,0.1,1.0,0.1,1.0
154745,mscoco,0.24210890829563142,0.34268827130703894,0.46891193836927414,0.7239167327672538,0.1,0.25,0.2,0.25
152084,mscoco,0.19658617600798606,0.34085835095949685,0.17731756567955018,0.3287813474475715,0.1,0.1666666666666666,0.1,1.0
536390,mscoco,0.2658708538860083,0.4961936998023929,0.31415813565254214,0.4722133616003278,0.0,0.0666666666666666,0.3,0.3333333333333333
235906,mscoco,0.17140110284090043,0.28629710773784517,0.1276361733675003,0.2642506243337056,0.5,1.0,0.3,1.0
526126,mscoco,0.0702256478369236,0.22551047781936637,0.10072888396680355,0.3355277600879495,0.0,0.037037037037037,0.2,1.0
3711,mscoco,0.1215121790766716,0.26974065420681925,0.11006433442234993,0.24599093177018477,0.3,0.1666666666666666,0.2,1.0
275938,mscoco,0.34372725784778596,0.6021585632980103,0.4737820908427238,0.7035417309113252,0.5,1.0,0.9,1.0
180130,mscoco,0.5389126300811767,0.8040947950893448,0.6831035628914833,0.8858184777210996,0.5,1.0,0.7,1.0
401037,mscoco,0.08789151436649263,0.2281744626027523,0.06247384501621127,0.18869034749100577,0.0,0.0178571428571428,0.1,1.0
348816,mscoco,0.1503359275870025,0.37468201919727084,0.12145598707720637,0.3807015139876423,0.3,1.0,0.2,1.0
358300,mscoco,0.25212461724877355,0.69761172420122,0.2371903769671917,0.49183964518229184,0.1,1.0,0.0,0.0588235294117647
226577,mscoco,0.2558920128270984,0.3238614995054755,0.23726630061864853,0.5720479189317024,0.5,0.5,0.3,0.5
425100,mscoco,0.12852913327515125,0.21988763783822515,0.16215686965733767,0.3339077163980736,0.1,0.1666666666666666,0.1,0.2
11184,mscoco,0.05043393168598413,0.12001183082991024,0.06937647257000208,0.19444633880140683,0.0,0.0434782608695652,0.0,0.03125
391972,mscoco,0.015676737343892456,0.046078819105084705,0.01849614195525646,0.05573622614903602,0.1,0.5,0.0,0.0714285714285714
578072,mscoco,0.141041424497962,0.347392050139675,0.0948867879807949,0.3429054704112544,0.2,1.0,0.1,1.0
558798,mscoco,0.12341435253620148,0.24264967393630768,0.0844969586469233,0.376310104843296,0.1,0.25,0.0,0.0181818181818181
353559,mscoco,0.04366249730810523,0.11584626967956242,0.03658917490392923,0.161123518505654,0.3,0.2,0.3,0.5
291117,mscoco,0.16169997677206993,0.3159947949064232,0.26173905581235885,0.5082623624177441,0.0,0.0769230769230769,0.6,1.0
372201,mscoco,0.07490472067147494,0.21090240529436693,0.11522970199584961,0.28263860609241953,0.0,0.0303030303030303,0.2,0.1666666666666666
204085,mscoco,0.09166256710886955,0.22164100275032628,0.10445759482681752,0.22335278625338714,0.6,1.0,0.6,1.0
218965,mscoco,0.1855898156762123,0.4839860951601259,0.20488534159958363,0.48462473215499074,0.2,1.0,0.2,1.0
343012,mscoco,0.026364190224558114,0.07306575413301637,0.025688512343913318,0.06787037510740675,0.1,1.0,0.1,0.25
271941,mscoco,0.14289479590952398,0.3696339023846549,0.1129848338663578,0.2728034260489897,0.1,0.1666666666666666,0.2,0.5
230141,mscoco,0.10019900323823094,0.2931053304878134,0.15015576537698508,0.33499794652755677,0.1,0.25,0.1,0.2
58232,mscoco,0.3458032995462418,0.5899468372031287,0.34596987850964067,0.34625188651103417,0.0,0.0434782608695652,0.0,0.0303030303030303
175437,mscoco,0.05050693368539214,0.1162292187124107,0.06824431382119656,0.17842408668038076,0.1,0.5,0.0,0.0175438596491228
541010,mscoco,0.44705767929553986,0.4429196396165418,0.5159922361373901,0.7317586016027847,0.1,0.5,0.1,0.1666666666666666
140,drawbench,0.06134870741516352,0.25098447135238566,0.041149486461654304,0.1729490876934015,0.0,0.0,0.0,0.0
170558,mscoco,0.11779646798968316,0.27425661482695196,0.07391523625701665,0.23732483864497098,0.1,0.3333333333333333,0.2,0.3333333333333333
148267,mscoco,0.40785038024187087,0.774093572340166,0.40716277807950974,0.7692641276557806,0.1,1.0,0.1,1.0
531896,mscoco,0.06443970147520303,0.1743647186808905,0.10294350758194923,0.2578493874054983,0.0,0.0769230769230769,0.1,1.0
153620,mscoco,0.06230353359133005,0.17981438520380474,0.06426925053820014,0.162632290077407,0.1,0.125,0.1,0.25
450,mscoco,0.3116811290383339,0.5242112645439013,0.47244862616062167,0.6388227828174141,0.2,1.0,0.3,0.3333333333333333
186605,mscoco,0.11388590633869171,0.2786542625672725,0.10906321182847023,0.29500702760946756,0.1,1.0,0.1,0.25
188845,mscoco,0.03821990545839071,0.11346834695313662,0.13042913377285004,0.27060540345939305,0.0,0.0039682539682539,0.0,0.0333333333333333
442400,mscoco,0.02089680538047105,0.09525667688861267,0.02298790100030601,0.0887540991756197,0.0,0.0416666666666666,0.1,0.25
493416,mscoco,0.04375902325846255,0.14016775005401044,0.03916949825361371,0.1371989645604193,0.0,0.0069444444444444,0.1,0.5
239532,mscoco,0.22775230463594198,0.4616885558730954,0.24281870126724242,0.5474040734829875,0.0,0.0263157894736842,0.1,1.0
5862,mscoco,0.053447316959500314,0.1495121297063531,0.0551401611417532,0.1557232249010603,0.1,0.1428571428571428,0.3,1.0
194744,mscoco,0.2802597053349018,0.549423463038612,0.25416519343852995,0.405219702701814,0.1,0.5,0.2,0.1428571428571428
570512,mscoco,0.019212613673880698,0.05111567106006391,0.009267117734998465,0.03862557621210495,0.0,0.0666666666666666,0.1,1.0
18191,mscoco,0.00791224294807762,0.03426212273610824,0.006886420922819525,0.03044688408777588,0.1,0.1666666666666666,0.0,0.0833333333333333
346093,mscoco,0.311332006752491,0.47259769561846315,0.4003584533929825,0.6814143252933877,0.3,0.3333333333333333,0.3,1.0
549978,mscoco,0.15001226589083672,0.30901195158047173,0.18844839408993722,0.36600694252634236,0.0,0.0833333333333333,0.3,0.5
114468,mscoco,0.12128434106707572,0.28666570881026027,0.13714965879917146,0.3557965354892377,0.1,0.5,0.2,1.0
45490,mscoco,0.09562440998852254,0.33396868364666144,0.10662995558232069,0.28746186047594263,0.1,0.25,0.1,1.0
99701,mscoco,0.1644300688058138,0.3486308803013808,0.133423812687397,0.2628144239612453,0.2,0.5,0.2,0.1666666666666666
228336,mscoco,0.20946079939603807,0.4265999396198254,0.2608396202325821,0.4325173190266298,0.0,0.0625,0.3,0.5
442148,mscoco,0.22338529489934444,0.4458309572884994,0.2402601834386587,0.41691433858583404,0.3,1.0,0.2,1.0
155,drawbench,0.01892345988890156,0.07023742392391331,0.014255489804781973,0.039057295208103825,0.0,4.697702823319397e-05,0.0,0.000124254473161
539287,mscoco,0.0980121687054634,0.19798539483503397,0.2860822930932045,0.5508015270557359,0.0,0.0588235294117647,0.6,1.0
151466,mscoco,0.022121155355125665,0.11521164423777724,0.07594209210947156,0.24840794408365358,0.1,1.0,0.3,0.25
329908,mscoco,0.23503082990646362,0.5391441629189312,0.247671040892601,0.39548587260777396,0.2,0.3333333333333333,0.4,0.3333333333333333
384986,mscoco,0.11831043213605881,0.3234174910029449,0.14467963054776192,0.2933572287471143,0.0,0.0068493150684931,0.0,0.0111111111111111
444801,mscoco,0.18967919498682023,0.2696881516920115,0.2549774616956711,0.4016623471697971,0.1,0.125,0.5,0.5
223875,mscoco,0.06465394292026758,0.17011816769601407,0.07445949586108327,0.21946476486400418,0.0,0.04,0.1,1.0
84493,mscoco,0.09090131409466266,0.22151243861792824,0.07426998317241669,0.1861536767633274,0.4,1.0,0.4,1.0
484206,mscoco,0.20542111098766327,0.3370298370154371,0.1757508285343647,0.3123642404496197,0.1,0.3333333333333333,0.2,1.0
223869,mscoco,0.11011524945497513,0.2008745722993928,0.11683808155357837,0.2264598799005412,0.3,0.5,0.5,1.0
13800,mscoco,0.14013886451721191,0.20038789367175727,0.20381063520908355,0.3681750825783273,0.2,0.1428571428571428,0.2,0.3333333333333333
62250,mscoco,0.06423610663041472,0.2558002242803114,0.0692618403583765,0.1890149331917975,0.1,0.5,0.2,0.3333333333333333
401092,mscoco,0.09380621165037155,0.22310638036596955,0.08112265802919864,0.18796298197994965,0.4,0.5,0.2,0.125
407626,mscoco,0.061658741626888516,0.1637847961804003,0.05095919705927372,0.1284748273270238,0.1,0.3333333333333333,0.0,0.0083333333333333
479866,mscoco,0.21355752609670162,0.6144421871479194,0.3489224463701248,0.6967992744516355,0.5,1.0,0.5,0.5
579247,mscoco,0.13063956871628762,0.4641126925287079,0.12237011566758156,0.4207556526958739,0.3,1.0,0.4,1.0
432832,mscoco,0.060865900572389366,0.16167271588824905,0.045231953356415035,0.21350257636636302,0.3,0.3333333333333333,0.4,1.0
297695,mscoco,0.01693726871162653,0.052891463394868124,0.022783537022769453,0.07005543930468902,0.1,0.1,0.1,1.0
440793,mscoco,0.07945594135671855,0.25509261489539237,0.27204906195402145,0.49819053080753245,0.1,1.0,0.1,1.0
484338,mscoco,0.13149223960936068,0.29485886083986734,0.15433667302131654,0.36016203815178216,0.1,0.1111111111111111,0.4,0.1428571428571428
28654,mscoco,0.2102483332157135,0.34604422868559914,0.19468967840075493,0.34768117619696853,0.2,0.5,0.0,0.0227272727272727
372580,mscoco,0.025434327125549317,0.07775165918446982,0.04311934486031532,0.12650321094859268,0.0,0.0222222222222222,0.0,0.0227272727272727
53802,mscoco,0.08114411951974035,0.1926585829168599,0.06052633374929428,0.15559810670673818,0.1,1.0,0.1,1.0
72792,mscoco,0.1479185253381729,0.40546945992549094,0.23292998000979423,0.41122267186321887,0.0,0.0263157894736842,0.0,0.0333333333333333
185844,mscoco,0.2336379723623395,0.43367393495182754,0.2898667171597481,0.6889392533389427,0.1,0.1666666666666666,0.3,1.0
355347,mscoco,0.22642711102962493,0.3724749214697143,0.32110060304403304,0.4028168222155059,0.3,0.2,0.3,0.5
55237,mscoco,0.1153450857847929,0.3310980811474837,0.18515225956216455,0.23856142570531008,0.0,0.0344827586206896,0.0,0.0454545454545454
167910,mscoco,0.0598291277885437,0.20281524958739094,0.04533044006675482,0.11486651879634262,0.1,0.5,0.0,0.0166666666666666
398527,mscoco,0.161419590562582,0.4489745784069624,0.201694156229496,0.48402450510344136,0.2,1.0,0.5,1.0
484666,mscoco,0.10031443983316421,0.20892036689554738,0.08143668994307518,0.2626614494317277,0.1,0.5,0.1,1.0
399461,mscoco,0.16089148111641408,0.48204595484773227,0.15132965967059137,0.2985150077655192,0.1,0.5,0.2,1.0
71220,mscoco,0.12516786344349384,0.2362280708447873,0.21491864323616028,0.639591953261421,0.1,0.1666666666666666,0.7,1.0
430391,mscoco,0.15468071177601814,0.27997533505978056,0.2468506671488285,0.48831190209511377,0.6,1.0,0.4,1.0
81166,mscoco,0.0899352751672268,0.24334057634378825,0.1871176190674305,0.3848791942189915,0.0,0.0769230769230769,0.2,0.5
11690,mscoco,0.12811914924532175,0.2721636482646877,0.28417122066020967,0.6281870795885953,0.3,0.5,0.6,1.0
74570,mscoco,0.14909502528607846,0.3681820833436659,0.19541251361370088,0.3519492255271411,0.7,0.5,0.7,1.0
495609,mscoco,0.16057505495846272,0.3544207278743968,0.23947246074676515,0.5764204793336557,0.1,0.125,0.1,1.0
286874,mscoco,0.10623257458209992,0.26160020548556984,0.16656336486339568,0.3183853561089603,0.1,0.3333333333333333,0.1,1.0
310562,mscoco,0.4208154983818531,0.6114791878805722,0.34862805157899857,0.5754360118248382,0.7,1.0,0.6,1.0
49946,mscoco,0.08304718546569348,0.18477996799038393,0.10091616008430719,0.24755427935074753,0.1,1.0,0.1,1.0
546114,mscoco,0.10416995994746685,0.36747624383946426,0.09937193999066948,0.2621110411853453,0.4,1.0,0.5,0.5
229052,mscoco,0.014496764028444886,0.04862990444252197,0.012186755007132889,0.04283001734654221,0.1,1.0,0.1,0.3333333333333333
218294,mscoco,0.12154542971402407,0.3479792811233473,0.14533086605370044,0.3670863848284194,0.1,1.0,0.3,1.0
262235,mscoco,0.33507859259843825,0.5280868795013736,0.42474084794521333,0.5326855372035985,0.6,1.0,1.0,1.0
53229,mscoco,0.025957513274624942,0.16164646991086243,0.03796935300342739,0.08746128013834394,0.3,1.0,0.8,0.5
447209,mscoco,0.06547831147909164,0.1597700142322684,0.07855956330895424,0.24319599794112656,0.2,1.0,0.1,0.3333333333333333
166096,mscoco,0.2629227489233017,0.4049673842285066,0.2553172677755356,0.42840041927298406,0.3,0.25,0.2,0.2
70363,mscoco,0.03714577965438366,0.12097961913928257,0.058853316400200126,0.12033267563679466,0.0,0.03125,0.1,0.1111111111111111
23355,mscoco,0.06936558848246932,0.2275248101675092,0.06840234901756048,0.23944075306194212,0.1,1.0,0.1,1.0
269886,mscoco,0.029753402061760425,0.10157526080567492,0.049160187412053344,0.11857947560328562,0.0,0.0185185185185185,0.2,0.125
237445,mscoco,0.016429869271814824,0.08253309825382667,0.050011346116662025,0.1448616194589373,0.0,0.0769230769230769,0.4,1.0
63835,mscoco,0.3133749425411224,0.4079587016272725,0.39773554652929305,0.4931320472175823,0.5,1.0,0.9,1.0
272255,mscoco,0.3467912808060646,0.44980954576625914,0.38247287683188913,0.6585266376218908,0.5,0.3333333333333333,0.3,1.0
373414,mscoco,0.1313054041005671,0.3297239566787247,0.21426779720932246,0.4800964364178198,0.1,0.1111111111111111,0.5,1.0
466827,mscoco,0.25595234110951426,0.523666278164152,0.32962201684713366,0.5857645289327122,0.4,1.0,0.7,0.5
506026,mscoco,0.01416845410130918,0.05877958296940481,0.02292280476540327,0.07164619178863127,0.1,0.25,0.1,1.0
262145,mscoco,0.07588441809639335,0.2551182381664975,0.16476547680795192,0.399269147938688,0.1,1.0,0.4,1.0
40210,mscoco,0.1168503824621439,0.28436195280791854,0.16429151296615602,0.3096559680990933,0.1,1.0,0.1,0.3333333333333333
281652,mscoco,0.08181408494710922,0.26216803513083026,0.05677652624435723,0.21887438209785717,0.2,1.0,0.2,1.0
280808,mscoco,0.31210430562496183,0.5637838478139573,0.34760548621416093,0.570653544215269,0.0,0.05,0.2,0.1666666666666666
244549,mscoco,0.3734083607792854,0.565030931754302,0.40207804590463636,0.6408198079056485,0.1,0.25,0.2,1.0
179504,mscoco,0.030468040984123944,0.10649182884450405,0.033926512021571396,0.11351308006804642,0.0,0.0769230769230769,0.1,0.1428571428571428
177353,mscoco,0.044201762042939664,0.1581401561415047,0.05215196590870619,0.15914555818105558,0.1,1.0,0.1,1.0
298830,mscoco,0.31851251907646655,0.747685220182593,0.38721106499433516,0.5920386826034253,0.1,1.0,0.3,0.5
126182,mscoco,0.0465605141595006,0.12682179003314545,0.07870857939124107,0.26372636758231605,0.0,0.0208333333333333,0.1,0.125
112904,mscoco,0.03736713789403438,0.12379462297993117,0.059305936377495524,0.1682070327192201,0.0,0.0555555555555555,0.1,0.1666666666666666
211080,mscoco,0.09070217385888099,0.19565092890499555,0.11679517440497875,0.29878179086396006,0.0,0.027027027027027,0.5,1.0
526729,mscoco,0.3368341401219368,0.47443787600481674,0.3571628615260124,0.5785877095026888,0.2,0.25,0.1,0.1666666666666666
474180,mscoco,0.14927950445562602,0.36461247780414324,0.10312868393957615,0.3110363860595205,0.1,0.5,0.1,1.0
466083,mscoco,0.12668330669403077,0.2972571205642934,0.17451905235648155,0.37049204389504153,0.0,0.05,0.0,0.0285714285714285
154,drawbench,0.0357579926494509,0.13213109192036082,0.026020325534045697,0.1408189174810667,0.0,0.0,0.0,0.0
183805,mscoco,0.09864327404648066,0.27986772425374695,0.0834510950371623,0.30651573436379886,0.1,0.1,0.0,0.0263157894736842
185571,mscoco,0.03296940941363573,0.09480363592122927,0.03255052608437836,0.09057535137437177,0.1,0.5,0.1,1.0
27471,mscoco,0.22781608551740645,0.4511758489268546,0.34150984436273574,0.44448406699711646,0.3,1.0,0.2,0.5
21504,mscoco,0.06137340534478426,0.26764519968251943,0.0699048401787877,0.18427222509111277,0.1,1.0,0.1,0.1111111111111111
422676,mscoco,0.10872579142451286,0.4413553001032332,0.09689998254179955,0.27523689979631694,0.1,1.0,0.1,0.5
452930,mscoco,0.13212635684758425,0.32676619442279864,0.14924931563436986,0.23632141894820977,0.0,0.0625,0.2,0.3333333333333333
473500,mscoco,0.15295202583074569,0.3375706960633099,0.13437878005206585,0.4247141786634642,0.1,0.5,0.1,0.1428571428571428
32708,mscoco,0.07027734220027923,0.18218731378410416,0.13516480065882205,0.38250361749701056,0.2,0.1666666666666666,0.4,1.0
578255,mscoco,0.18189192675054072,0.46342112668168733,0.33575638979673383,0.5827247040656084,0.1,0.3333333333333333,0.1,1.0
249792,mscoco,0.02474090112373233,0.108136144156367,0.02256813310086727,0.1022423140099288,0.1,1.0,0.1,1.0
188795,mscoco,0.16215733662247658,0.3130784237510409,0.16372366845607758,0.35688377367172497,0.3,1.0,0.5,0.3333333333333333
299205,mscoco,0.005213782540522516,0.019519570736018253,0.005003994435537606,0.019680407552097833,0.1,1.0,0.2,1.0
404406,mscoco,0.03968647914007306,0.14387762369887772,0.06008215192705393,0.14624715246028805,0.1,1.0,0.1,1.0
145690,mscoco,0.10014242567121982,0.4044609888839957,0.13627203479409217,0.43108413617239993,0.0,0.0277777777777777,0.1,1.0
400332,mscoco,0.3084740176796913,0.5178906994132689,0.411227810382843,0.7630921356276198,0.2,0.25,0.2,1.0
202810,mscoco,0.1309892825782299,0.290284126509165,0.1343177083879709,0.2326307884287338,0.2,0.2,0.1,0.125
52,drawbench,0.036847215099260214,0.09224894828574945,0.05750925857573748,0.11656440216072048,0.0,0.0,0.0,0.0
225700,mscoco,0.38016628473997116,0.7117829062487273,0.4118737503886223,0.6193472816653419,0.1,0.1428571428571428,0.2,0.25
273106,mscoco,0.12574842385947704,0.26939863365831895,0.19028303995728493,0.3648259749926706,0.0,0.0263157894736842,0.0,0.0588235294117647
394840,mscoco,0.06575059611350298,0.187902441388572,0.06753623150289059,0.1966971010353356,0.1,1.0,0.2,1.0
323810,mscoco,0.38094999343156816,0.6290468767743395,0.3507457092404366,0.6256294637104728,0.5,1.0,0.5,1.0
174892,mscoco,0.11594639942049981,0.2994927243867158,0.10503666438162326,0.25618165865817194,0.4,0.1428571428571428,0.2,0.1666666666666666
365507,mscoco,0.17687172517180444,0.331908429493825,0.22601360231637954,0.39478109409901546,0.4,0.25,0.7,1.0
531963,mscoco,0.029288820223882794,0.107930604983418,0.08141177259385586,0.2177375944405903,0.0,0.0555555555555555,0.1,0.1428571428571428
214127,mscoco,0.16001031920313835,0.37740340450434945,0.24772998243570327,0.5079564878203993,0.2,0.3333333333333333,0.2,0.1111111111111111
230991,mscoco,0.17529934085905552,0.39955849042942676,0.22883007898926735,0.42604766432268815,0.1,1.0,0.6,1.0
552962,mscoco,0.15056139677762986,0.3491447885415903,0.14174156934022902,0.2758699629196744,0.1,1.0,0.1,0.1111111111111111
534565,mscoco,0.2281422197818756,0.4198296231357276,0.296659816801548,0.5097170551557137,0.8,1.0,0.7,1.0
423647,mscoco,0.10190046355128288,0.2205550235095712,0.11520634405314922,0.35578920984523726,0.2,0.1666666666666666,0.3,0.5
48,drawbench,0.038626977824606,0.11254749226641136,0.05076348800212145,0.13829914363160134,0.0,0.0,0.0,0.0
50480,mscoco,0.04705050415359437,0.10849779505322174,0.047108948417007926,0.15066021176608202,0.0,0.0089285714285714,0.1,0.125
138768,mscoco,0.114383252710104,0.3245105233738941,0.14047002457082272,0.42797041433883815,0.2,0.5,0.1,0.25
480482,mscoco,0.07585994116961955,0.1857274132280771,0.08101896345615386,0.2817084332163553,0.1,0.5,0.1,0.5
150024,mscoco,0.06207617288455367,0.1982107829393065,0.058701961766928434,0.28657567541378537,0.2,0.5,0.2,1.0
94793,mscoco,0.06050072889775038,0.1890064539604276,0.09703218266367912,0.26842072592916216,0.0,0.04,0.2,1.0
378313,mscoco,0.016940984246321022,0.0651180884500564,0.03395136408507824,0.10455407976676855,0.0,0.0021231422505307,0.1,1.0
504921,mscoco,0.6776843190193176,0.922173761790608,0.6892224475741386,0.9042327518730867,1.0,1.0,1.0,1.0
292116,mscoco,0.12162195025011897,0.3609847128341504,0.21990205198526383,0.49939933481939097,0.0,0.0084033613445378,0.1,1.0
109012,mscoco,0.268122011423111,0.49039077029859746,0.26559742763638494,0.408479395632786,0.4,1.0,0.8,0.5
504657,mscoco,0.249310851842165,0.3730443901598394,0.5403215080499649,0.7512393013807788,0.2,0.1428571428571428,0.9,1.0
72850,mscoco,0.17538017146289347,0.41295890177829175,0.21079018376767636,0.2881246324168403,0.0,0.0434782608695652,0.4,1.0
273316,mscoco,0.2010053053498268,0.4708525116790184,0.24671190083026887,0.5721393350845065,0.3,1.0,0.3,1.0
354261,mscoco,0.02053067598026246,0.059970934226995516,0.021965024364180862,0.07438526723183946,0.0,0.0909090909090909,0.0,0.0833333333333333
54437,mscoco,0.3985163107514381,0.5916722632203314,0.4166414886713028,0.518215890711583,0.5,1.0,0.1,0.1666666666666666
249251,mscoco,0.1320318404585123,0.24261557400062983,0.20646596737205983,0.29835362962485124,0.2,0.5,0.1,0.5
99747,mscoco,0.061099916137754916,0.16120721546864852,0.06900653205811977,0.17399673894943962,0.6,0.5,0.6,1.0
23976,mscoco,0.313106469810009,0.44608255932178376,0.28993791714310646,0.41237815684445117,0.1,0.3333333333333333,0.3,0.2
295295,mscoco,0.3198181461542845,0.5321945568833132,0.35104756653308866,0.47138386400340593,0.3,0.25,0.4,0.3333333333333333
32712,mscoco,0.25306346621364356,0.3045439198319271,0.38786774277687075,0.4896424650331257,0.0,0.0625,0.1,0.125
4616,mscoco,0.020439525973051785,0.07662426967961754,0.05202672514133155,0.134823397323237,0.1,0.5,0.1,1.0
529096,mscoco,0.15542492419481277,0.4516433247461035,0.15899559259414672,0.4249930593406831,0.1,1.0,0.2,1.0
537349,mscoco,0.08414915595203638,0.16178321945762178,0.09100520964711904,0.363582193682763,0.0,0.0625,0.0,0.0434782608695652
367853,mscoco,0.21146082673221828,0.4577257182249126,0.27329676449298856,0.4541126682681178,0.2,1.0,0.5,1.0
323231,mscoco,0.11848005261272192,0.22745997519927763,0.11002280600368977,0.25034530729710114,0.0,0.003076923076923,0.1,0.125
385317,mscoco,0.232250864058733,0.4346159575650047,0.16649284437298775,0.30028971708659946,0.3,0.3333333333333333,0.1,1.0
284192,mscoco,0.1296457711607218,0.2844195331863393,0.14170293137431145,0.35554508474973723,0.1,1.0,0.1,1.0
384790,mscoco,0.21265965178608895,0.42877465021303746,0.19905605763196946,0.540968844171471,0.0,0.0769230769230769,0.0,0.0384615384615384
237758,mscoco,0.18530374243855477,0.3951509455421187,0.15124688372015954,0.33774104004902744,0.4,1.0,0.5,0.25
201134,mscoco,0.09194429768249393,0.5726070686193532,0.11257196366786956,0.36873866319812704,0.1,1.0,0.1,0.5
33,drawbench,0.07785296200308948,0.37759202548259657,0.05132131366990507,0.13333047341739523,0.0,0.0,0.0,0.0
220118,mscoco,0.24151162505149842,0.4207759373842341,0.2277569554746151,0.45932743428348066,0.0,0.0169491525423728,0.1,1.0
182118,mscoco,0.013523817225359381,0.04280936511567615,0.014790170174092055,0.04579829926721882,0.0,0.0076923076923076,0.1,1.0
101569,mscoco,0.14855936616659166,0.37163145381418144,0.20393638759851457,0.309000061424523,0.2,1.0,0.3,0.5
111754,mscoco,0.3221668884158134,0.3707293898053934,0.4060192510485649,0.5331060710214244,0.2,0.2,0.8,1.0
209920,mscoco,0.12118291705846787,0.2848119758257748,0.11758814789354802,0.3411441306160671,0.0,0.0333333333333333,0.1,0.1666666666666666
534426,mscoco,0.0731878824532032,0.26777911401103505,0.07153225671499967,0.19489444304635586,0.1,0.125,0.4,0.5
165298,mscoco,0.06438107835128903,0.17861066813916154,0.06550155859440565,0.1453804071969649,0.1,0.1666666666666666,0.0,0.0833333333333333
289007,mscoco,0.041567609552294014,0.12405660287298993,0.07854507341980935,0.21883449629995308,0.0,0.0625,0.1,1.0
11796,mscoco,0.10763134546577931,0.2006350830323894,0.07905833162367344,0.24845759305325163,0.1,0.5,0.1,1.0
537135,mscoco,0.16256299056112766,0.5618829419717589,0.06310543976724148,0.2386378116254743,0.1,0.5,0.2,1.0
120977,mscoco,0.0385776812210679,0.11062275777739701,0.03323597288690507,0.12633210347068494,0.1,0.5,0.1,0.25
259103,mscoco,0.11538413353264332,0.20999648294367482,0.05485160015523434,0.1719814943323252,0.0,0.0357142857142857,0.1,0.5
49073,mscoco,0.39286799877882006,0.6953133165337071,0.37929484248161316,0.5903094034972545,0.0,0.00074294205052,0.0,0.0049261083743842
387855,mscoco,0.03733373680151999,0.12299889196184814,0.03917614808306098,0.15194056886061436,0.0,0.0050251256281407,0.1,0.5
252549,mscoco,0.17632313445210457,0.438612013355105,0.1859800286591053,0.555860798057551,0.1,0.25,0.1,0.5
506232,mscoco,0.29246620237827303,0.620018296195067,0.32353077083826065,0.6035378126355844,0.1,1.0,0.4,1.0
178876,mscoco,0.32567152082920076,0.536638881355133,0.3329286903142929,0.4703055886694802,0.1,0.1,0.1,1.0
98709,mscoco,0.060347208939492705,0.15673247776902316,0.08094272911548614,0.2592930968840003,0.2,0.3333333333333333,0.5,1.0
83328,mscoco,0.17666309960186483,0.44181548437492174,0.28910318538546564,0.5832355538496821,0.1,0.1,0.2,1.0
467180,mscoco,0.022582948859781026,0.07536434227913168,0.07718380037695169,0.21086862646232846,0.2,1.0,0.0,0.0833333333333333
362244,mscoco,0.12252500802278518,0.3118012428194446,0.1154238998889923,0.2643079851991822,0.3,1.0,0.1,0.1428571428571428
382182,mscoco,0.20638408809900283,0.29232807000675315,0.21470496915280818,0.6030879394069193,0.2,0.3333333333333333,0.3,1.0
79545,mscoco,0.18266341350972654,0.31326395235985127,0.2474716156721115,0.541354018749044,0.0,0.0909090909090909,0.2,0.1666666666666666
516233,mscoco,0.009176299371756614,0.03133281663883212,0.011780961405020208,0.054454559611090546,0.1,0.3333333333333333,0.1,1.0
544127,mscoco,0.10084163956344128,0.24513650960766376,0.10493840165436268,0.276000955684902,0.1,0.5,0.1,0.1428571428571428
97734,mscoco,0.08101432342082263,0.1730739709954859,0.0857146218419075,0.228507407883423,0.2,0.5,0.4,1.0
29752,mscoco,0.14818588653579354,0.22527149063615295,0.24477061107754708,0.3978189848759952,0.1,0.5,0.1,1.0
412491,mscoco,0.033983152266591786,0.11572804738446499,0.029697620309889317,0.10737948270411263,0.1,0.3333333333333333,0.0,0.0526315789473684
111,drawbench,0.0382945479825139,0.14267689196798483,0.07040548147633671,0.17742779319158053,0.1,0.3333333333333333,0.0,0.0052910052910052
354929,mscoco,0.028717616386711598,0.08138267355976485,0.028958255145698785,0.11426380289792822,0.1,0.25,0.1,1.0
558242,mscoco,0.16318480521440507,0.3547913539042887,0.196160838752985,0.3244066229314022,0.0,0.0416666666666666,0.1,0.25
462129,mscoco,0.047826471738517284,0.14776764630951134,0.04154030503705144,0.11830542814150524,0.0,0.0065359477124183,0.0,0.0555555555555555
462925,mscoco,0.18749285340309144,0.5359404336757397,0.2747230246663094,0.6497324566750291,0.3,0.5,0.3,1.0
45343,mscoco,0.09651238070800901,0.23103071457223312,0.04633151646703482,0.19595048730774448,0.1,1.0,0.1,1.0
538299,mscoco,0.12902454249560832,0.3315749266085405,0.12112922817468644,0.2522082297163026,0.1,1.0,0.2,0.2
245002,mscoco,0.36796810030937194,0.48072596839070014,0.4528316468000412,0.5798298220884408,0.6,0.3333333333333333,0.9,1.0
259414,mscoco,0.07988470438867808,0.2266680957902351,0.07234174609184266,0.21082361024255497,0.0,0.0131578947368421,0.0,0.0147058823529411
130314,mscoco,0.05214712973684073,0.22278502706532655,0.060211454331874845,0.24884086616387835,0.1,1.0,0.1,1.0
544120,mscoco,0.10561534482985735,0.29251383475475085,0.05289329830557108,0.22770764103198482,0.0,0.0062111801242236,0.0,0.04
196510,mscoco,0.07602973897010087,0.26370345027662834,0.09866927228868008,0.24987151017679224,0.0,0.0172413793103448,0.0,0.0333333333333333
226197,mscoco,0.11110450327396393,0.2558853052413931,0.18141497746109964,0.36424651843415456,0.0,0.05,0.2,0.2
500568,mscoco,0.09134148508310318,0.25968210049057044,0.10106903742998838,0.35585707177868836,0.1,0.125,0.1,1.0
351149,mscoco,0.17419565618038177,0.3904746741408419,0.16113148555159568,0.37486981740271497,0.0,0.0416666666666666,0.0,0.0769230769230769
298600,mscoco,0.02734034596942365,0.06465274753865818,0.042725804075598714,0.15298481255455376,0.0,0.024390243902439,0.3,1.0
434027,mscoco,0.3353152424097061,0.5325249674903322,0.395467971265316,0.4944502244169058,0.0,0.037037037037037,0.2,1.0
116851,mscoco,0.08402728401124478,0.22234374121158942,0.10489790961146354,0.30246729748239465,0.4,1.0,0.5,1.0
364567,mscoco,0.27147137336432936,0.6241742514580199,0.5339943885803222,0.6500121073287523,0.2,0.3333333333333333,0.6,1.0
363957,mscoco,0.11598629839718341,0.2905309979890807,0.09362033642828464,0.21911061882227706,0.8,1.0,0.9,1.0
568974,mscoco,0.00979908024892211,0.045056194505619075,0.01989681979175657,0.05476367974218988,0.0,0.0059523809523809,0.1,1.0
223739,mscoco,0.08753509279340506,0.22102792599466528,0.11929033836349845,0.3885725104212891,0.0,0.0588235294117647,0.0,0.0833333333333333
59171,mscoco,0.41703430414199827,0.668778432633771,0.5913344517350196,0.7891893480456003,0.7,1.0,0.9,1.0
521218,mscoco,0.17440074682235718,0.34058272984725707,0.2282007597386837,0.3600876399032283,0.4,1.0,0.8,1.0
367329,mscoco,0.07417556829750538,0.1795429701448956,0.11052823811769485,0.278107050379571,0.1,0.25,0.4,1.0
352061,mscoco,0.07400466743856668,0.2244586271114798,0.11134038232266903,0.2105153281642197,0.2,0.125,0.2,1.0
484636,mscoco,0.21111333966255189,0.5122333737070794,0.19848945140838622,0.3044680214284144,0.1,0.1428571428571428,0.1,1.0
264461,mscoco,0.05852699102833867,0.1504430280894414,0.148947467841208,0.36958791178614325,0.0,0.0085470085470085,0.0,0.0384615384615384
148165,mscoco,0.013662534486502408,0.07679930803444435,0.03005909975618124,0.14389895068941433,0.1,1.0,0.0,0.024390243902439
429593,mscoco,0.04094366314820945,0.08314859362430826,0.035031112981960176,0.12035942480675564,0.1,0.5,0.1,1.0
15757,mscoco,0.31523263901472093,0.5671573030991953,0.4095218650996685,0.6077256154642139,0.0,0.0153846153846153,0.1,0.1111111111111111
37032,mscoco,0.06424734368920326,0.20491993143513323,0.3073924046009779,0.5177427367775572,0.0,0.0769230769230769,0.9,1.0
99515,mscoco,0.07900682762265206,0.2506340000206004,0.10467066913843155,0.30258511434265367,0.0,0.0022573363431151,0.0,0.0769230769230769
501624,mscoco,0.4539142295718193,0.5638605989179244,0.505245316028595,0.7144109085713656,0.7,1.0,0.8,1.0
91780,mscoco,0.15669460073113442,0.4060478389725833,0.18596579283475875,0.4011809322800426,0.1,0.5,0.1,0.5
473195,mscoco,0.08270454397425056,0.20854063939215525,0.0876445434987545,0.2322969052493728,0.0,0.0010111223458038,0.0,0.0059171597633136
200241,mscoco,0.07593191117048263,0.26251340617972646,0.05988657176494598,0.25397042285049565,0.1,1.0,0.1,1.0
20966,mscoco,0.0980855667963624,0.2024214427707278,0.11117818709462882,0.3433136401309535,0.4,0.25,0.5,1.0
477005,mscoco,0.2629410907626152,0.49393157204174387,0.24892702773213388,0.477045240549173,0.4,0.5,0.6,1.0
568281,mscoco,0.028233816754072903,0.07941253417874115,0.05922377137467265,0.22330231959539742,0.1,0.25,0.1,0.1428571428571428
289075,mscoco,0.10016314517706633,0.2990089472465001,0.18107910864055157,0.36685013649303866,0.1,1.0,0.1,1.0
315211,mscoco,0.02158244983293116,0.10726890208399537,0.02787540047429502,0.09964752083788876,0.1,1.0,0.1,1.0
370763,mscoco,0.06535701267421246,0.2553852370423083,0.0921492524445057,0.2392069989777697,0.1,1.0,0.4,1.0
245337,mscoco,0.06569150555878878,0.21513011539065047,0.11603813860565423,0.20264522807258736,0.3,1.0,0.2,0.5
359085,mscoco,0.0875774024054408,0.2628931422893834,0.08202737979590893,0.22480976576012435,0.1,1.0,0.1,1.0
151956,mscoco,0.05321134608238935,0.22789358787796477,0.0656588270328939,0.15269280138094768,0.2,0.3333333333333333,0.2,1.0
442666,mscoco,0.05441097295843065,0.187089270954922,0.03643959490582347,0.12030074953055855,0.0,0.0833333333333333,0.1,0.1111111111111111
139214,mscoco,0.09197233133018017,0.22522760101618794,0.10015130415558815,0.19541954404181247,0.2,0.1666666666666666,0.2,0.5
112586,mscoco,0.2072292897850275,0.40945989608054284,0.18966871239244937,0.3691685131025514,0.6,1.0,0.3,1.0
277080,mscoco,0.4591460399329662,0.7833466882996755,0.4668646067380905,0.7392269628134343,0.5,0.5,0.4,0.5
497261,mscoco,0.09354760944843292,0.2538566472201872,0.12904559038579463,0.2778795145131575,0.0,0.032258064516129,0.0,0.024390243902439
421314,mscoco,0.16410232707858086,0.24113972943185633,0.21405564323067666,0.3102152369525502,0.3,0.1428571428571428,0.1,1.0
9288,mscoco,0.2144876655191183,0.49071506083489935,0.21720869243144988,0.6730496009415118,0.7,1.0,0.6,1.0
249587,mscoco,0.09922386445105076,0.20890805481448058,0.20798375606536865,0.38223721067771993,0.2,0.5,0.3,0.25
169179,mscoco,0.19793018698692322,0.3111966426162176,0.27895778566598894,0.42542610877321274,0.2,0.1111111111111111,0.4,0.2
446521,mscoco,0.07697485480457544,0.21708871432964308,0.08202944304794073,0.3595702633294267,0.0,0.0109890109890109,0.0,0.05
203098,mscoco,0.01852881512604654,0.07842091178846947,0.02544270446524024,0.07622543979909405,0.6,1.0,1.0,1.0
83102,mscoco,0.09073111116886139,0.39156171525273675,0.09537799507379532,0.2563097734027801,0.1,0.1428571428571428,0.0,0.0909090909090909
105,drawbench,0.20815426297485828,0.3338035803326835,0.3216001883149147,0.4522151908026794,0.0,0.0175438596491228,0.0,0.0769230769230769
254989,mscoco,0.06296376222744585,0.17758146047875847,0.10448488369584083,0.2598961241595729,0.3,0.25,0.4,1.0
474528,mscoco,0.07680083625018597,0.20414969996711438,0.06354890950024128,0.15754583728080127,0.1,0.125,0.1,0.25
523546,mscoco,0.06458626482635736,0.2909681373795104,0.07657414954155684,0.2740994125103141,0.1,1.0,0.1,1.0
371256,mscoco,0.07365210950374604,0.18838775727113102,0.04587859236635268,0.12957669859362084,0.2,1.0,0.1,0.25
444453,mscoco,0.05263176085427403,0.2410831904878422,0.046050983993336556,0.2253532182852153,0.1,1.0,0.1,1.0
127515,mscoco,0.18459013849496841,0.41325794787554604,0.17506809905171394,0.38341036815603635,0.0,0.015625,0.0,0.0909090909090909
15667,mscoco,0.426079061627388,0.6358694141560213,0.44370278567075727,0.5948060835734931,0.5,0.5,0.8,1.0
525851,mscoco,0.08846299462020397,0.2632617373156109,0.06085966266691685,0.19602362560810815,0.7,1.0,0.4,1.0
63777,mscoco,0.12112279497087002,0.23272573202862906,0.16056792214512824,0.32097692832061153,0.1,1.0,0.1,0.125
247422,mscoco,0.09598487657494843,0.25610231796932237,0.061376068741083145,0.16509207075383409,0.2,0.5,0.1,1.0
227724,mscoco,0.05002044467255473,0.14014761815931526,0.041952778957784174,0.10571557946525809,0.0,0.0344827586206896,0.1,0.1428571428571428
419828,mscoco,0.025440896535292266,0.11837728715143665,0.018479671026580036,0.10938916111597032,0.1,1.0,0.1,1.0
123166,mscoco,0.24303704388439656,0.36217245235533885,0.2555153027176857,0.49650025721650154,0.0,0.0285714285714285,0.1,0.5
146236,mscoco,0.023807146633043886,0.0559143718282721,0.020643657073378563,0.07050015837217363,0.1,0.1111111111111111,0.1,0.25
264406,mscoco,0.3217893347144127,0.7169005363007991,0.20820918306708336,0.48410933022368696,0.2,0.5,0.2,1.0
311709,mscoco,0.16226141154766083,0.28173960807866216,0.17987944111227988,0.3497553097958924,0.1,1.0,0.5,1.0
54086,mscoco,0.09027629420161247,0.22004873950796106,0.07842790307477117,0.2940590685436271,0.0,0.015625,0.0,0.0042918454935622
124729,mscoco,0.17422743365168572,0.4151984722063586,0.18182480037212373,0.4475996435913001,0.9,1.0,0.8,1.0
521334,mscoco,0.0542927754111588,0.19597071076441674,0.05874594748020172,0.1489947246067578,0.1,0.25,0.1,0.5
400309,mscoco,0.018232688400894405,0.06735779170986342,0.03565533892251551,0.11247564056148696,0.0,0.0625,0.1,1.0
385601,mscoco,0.17469994053244592,0.3080606721520379,0.20321000628173352,0.2883414618604824,0.4,0.5,0.5,1.0
39978,mscoco,0.22987524494528772,0.4626983638868289,0.17111004889011383,0.2875659823422051,0.3,0.25,0.3,1.0
444949,mscoco,0.16554143503308297,0.3976265670917313,0.17747194729745389,0.3635924721482806,0.1,0.3333333333333333,0.1,0.2
428178,mscoco,0.09885721504688263,0.3017906129099666,0.11011162176728248,0.2938691478365465,0.0,0.0069930069930069,0.0,0.0131578947368421
120416,mscoco,0.2286837615072727,0.37495587214241066,0.2388260904699564,0.5034515250614358,0.6,1.0,0.8,1.0
52281,mscoco,0.18916998356580733,0.32105545750067377,0.3231222525238991,0.4948957513544522,0.1,0.125,0.2,0.3333333333333333
187592,mscoco,0.20592273995280266,0.4589914639407558,0.2118016190826893,0.48878651948981017,0.2,0.25,0.3,1.0
98478,mscoco,0.007189293764531613,0.028928218429212373,0.013447536900639535,0.05034013741932504,0.1,0.1428571428571428,0.1,1.0
471599,mscoco,0.2110445111989975,0.402011126993469,0.17869007103145124,0.3125669840477913,0.1,0.1666666666666666,0.2,1.0
136232,mscoco,0.04101861333474517,0.12063921080851385,0.08292243108153344,0.17080790492358833,0.0,0.0555555555555555,0.0,0.0833333333333333
270740,mscoco,0.2454022068530321,0.45509745346040464,0.40559701472520826,0.5355737821014396,0.1,1.0,0.5,0.3333333333333333
310536,mscoco,0.3962052553892136,0.6524600567983425,0.5772378593683243,0.8718570772336374,0.2,1.0,0.4,0.5
469515,mscoco,0.01186939540784806,0.03910395317533904,0.017000801931135356,0.05935150789687523,0.0,0.0032051282051282,0.1,0.3333333333333333
251252,mscoco,0.17883559241890906,0.3122631933303573,0.21763992607593535,0.5184039593878299,0.2,0.2,0.4,1.0
560646,mscoco,0.13516299203038215,0.29230234064867994,0.15306488648056985,0.30644610222774094,0.6,1.0,1.0,1.0
36029,mscoco,0.12013471089303493,0.29972022720011865,0.12555080354213716,0.4013614775533126,0.1,0.5,0.1,1.0
302216,mscoco,0.20947010070085526,0.4912066937658962,0.3146537713706493,0.5878453048831316,0.1,0.3333333333333333,0.3,1.0
178156,mscoco,0.1769944980740547,0.4577981982414195,0.10193767845630645,0.22318062865947239,0.0,0.0022573363431151,0.0,0.0135135135135135
535604,mscoco,0.1776468612253666,0.396306226569933,0.20577868372201918,0.3618485399969839,0.6,1.0,0.3,0.5
462577,mscoco,0.27457688227295873,0.4441671536116008,0.34313006401062013,0.544585866259418,0.0,0.0666666666666666,0.4,0.5
360585,mscoco,0.21187373399734497,0.3555206470178943,0.2162075661122799,0.3344792652625947,0.4,0.25,0.6,0.5
336764,mscoco,0.06702700704336166,0.18176943193850634,0.0653518607839942,0.18925993218828743,0.0,0.0128205128205128,0.1,0.1111111111111111
277237,mscoco,0.04280233718454838,0.15874735667552922,0.04620815701782703,0.12343228998806446,0.1,0.1666666666666666,0.2,0.5
11326,mscoco,0.12817633710801601,0.333436715752621,0.12593114599585534,0.4382706071593259,0.1,0.5,0.1,1.0
243443,mscoco,0.05261049065738917,0.16655294825697994,0.056908664666116236,0.17634608180079092,0.2,0.1666666666666666,0.3,0.25
97724,mscoco,0.07995487451553344,0.25546628496696977,0.1434990644454956,0.3013215766294425,0.0,0.0555555555555555,0.3,0.5
248753,mscoco,0.03372729397378862,0.12199647480685932,0.03670296743512154,0.1697670349732116,0.0,0.0277777777777777,0.0,0.0095238095238095
331676,mscoco,0.12989676296710967,0.24094133801274342,0.3996731132268906,0.852640280064651,0.0,0.0217391304347826,0.1,1.0
169500,mscoco,0.06839329302310944,0.29674056045378017,0.07339693643152714,0.17144465131177186,0.1,0.125,0.2,1.0
475035,mscoco,0.1558076148852706,0.4894895889296204,0.19105967208743097,0.37413928061171997,0.2,0.1428571428571428,0.3,0.3333333333333333
383923,mscoco,0.22454043701291085,0.3578106262963032,0.23034138306975366,0.41089117843059003,0.4,0.2,0.4,1.0
330229,mscoco,0.08059818558394909,0.18704578914408188,0.14797125905752181,0.2595517570291148,0.0,0.0476190476190476,0.3,1.0
259421,mscoco,0.12041634563356637,0.452181881032064,0.18227101154625416,0.3620670778927151,0.1,1.0,0.1,0.2
453558,mscoco,0.13786912485957145,0.3210801124061604,0.16017654426395894,0.39508209580711157,0.1,0.1428571428571428,0.1,1.0
47632,mscoco,0.08121986612677574,0.21067101816192232,0.08224718272686005,0.23262028726899187,0.0,0.0909090909090909,0.1,0.5
556406,mscoco,0.2225271463394165,0.3877459506546609,0.2939805656671524,0.517083537416798,0.4,1.0,0.4,0.3333333333333333
205563,mscoco,0.21799385771155358,0.3044376335576216,0.22295702770352363,0.4307529357389182,0.5,0.25,0.2,1.0
358287,mscoco,0.14390176944434643,0.2951409344510418,0.1282174726948142,0.2429173707800113,0.1,0.1428571428571428,0.3,0.5
172727,mscoco,0.21365201473236084,0.47203707057413197,0.2105451889336109,0.48577268246191485,0.1,1.0,0.1,1.0
274148,mscoco,0.07699412293732166,0.24275151065082304,0.11591299772262573,0.3291440745709381,0.0,0.0147058823529411,0.2,0.125
395957,mscoco,0.04629963431507349,0.13107564558415538,0.05803158730268478,0.15314279262549943,0.0,0.0555555555555555,0.2,0.5
27656,mscoco,0.1727123837918043,0.24685191360349437,0.3409535601735115,0.7166639696325808,0.5,1.0,0.9,1.0
535663,mscoco,0.23652561008930206,0.32185251784642105,0.3019624024629593,0.4610568803393691,0.3,0.3333333333333333,0.3,0.3333333333333333
59012,mscoco,0.0889031975530088,0.24329201895827718,0.15156010240316392,0.31597985127758343,0.1,0.5,0.1,1.0
338732,mscoco,0.026720405789092183,0.06765689959430489,0.015368092991411685,0.05482907309057157,0.1,1.0,0.1,1.0
34800,mscoco,0.049550910200923684,0.11084959823574851,0.09131762105971575,0.25382667589565283,0.0,0.027027027027027,0.3,0.5
78290,mscoco,0.11539546623826027,0.2563780033475993,0.281175933778286,0.5360977239928028,0.0,0.0028328611898017,0.1,0.1428571428571428
34235,mscoco,0.27535357847809794,0.4415950448349081,0.2900434069335461,0.406499731377237,0.0,0.0344827586206896,0.1,0.5
149993,mscoco,0.07443348299711942,0.21321003748795392,0.08763003814965487,0.29722907950717814,0.1,0.1666666666666666,0.2,1.0
92,drawbench,0.12341333832591772,0.274547141130285,0.16050045229494572,0.25463070946911776,0.0,0.0769230769230769,0.0,0.0019920318725099
289739,mscoco,0.044893129263073206,0.17444521543850608,0.03929898515343666,0.11924472935643829,0.1,0.1,0.0,0.0217391304347826
11,drawbench,0.15621823444962502,0.4687256757822971,0.1478725630789995,0.3204987823809569,0.0,1.886863655232273e-05,0.0,1.9478748685184465e-05
394681,mscoco,0.025402568676508964,0.07685312182003338,0.02795407687081024,0.07388714082293121,0.1,0.3333333333333333,0.1,0.1428571428571428
404984,mscoco,0.14736649990081788,0.30795162028052125,0.12077931314706802,0.3123189566024605,0.0,0.003831417624521,0.0,0.0095238095238095
95777,mscoco,0.11239002458751202,0.3241502848330102,0.21074130833148957,0.46015349832629987,0.2,0.5,0.2,0.25
516158,mscoco,0.01727712678257376,0.05472150254309205,0.022536824934650212,0.08325885226746338,0.0,0.015625,0.1,0.25
223569,mscoco,0.1134966004639864,0.2296097923125443,0.2551767148077488,0.50125833413414,0.1,1.0,0.3,1.0
107782,mscoco,0.05955002186819911,0.18912767479065853,0.054299672693014146,0.13671185958055487,0.1,0.25,0.4,0.5
98881,mscoco,0.005062657583039254,0.01963874659691517,0.010979074623901398,0.03136582581382346,0.1,1.0,0.1,1.0
94045,mscoco,0.27609255313873293,0.40413072242247167,0.3489958792924881,0.5152999628668209,0.3,0.3333333333333333,1.0,1.0
498015,mscoco,0.01320332121104002,0.05404946505029566,0.005850992829073221,0.02116485058263298,0.1,1.0,0.0,0.0526315789473684
451172,mscoco,0.038209575787186624,0.1335525454927045,0.03492894786177203,0.17187909605092058,0.1,0.3333333333333333,0.1,1.0
535211,mscoco,0.030006863363087177,0.1161941509348507,0.04195790626108646,0.12057751022499999,0.1,0.25,0.1,0.5
18476,mscoco,0.014239794621244074,0.05685254675072319,0.01686119963414967,0.05616818617511203,0.1,1.0,0.1,1.0
275930,mscoco,0.044312316179275515,0.1420858667657108,0.08308516535907984,0.256994106855557,0.0,0.0833333333333333,0.1,1.0
507434,mscoco,0.07316368194296956,0.15685630828737665,0.03558625862933695,0.11535515700532713,0.1,0.25,0.0,0.0020366598778004
29122,mscoco,0.046417848719283936,0.12289123540324813,0.07294188551604748,0.28517685551458904,0.0,0.0769230769230769,0.1,1.0
116204,mscoco,0.14930762797594072,0.2804869521596597,0.18815327510237695,0.3613426598149908,0.4,1.0,0.4,0.5
274815,mscoco,0.10756979845464229,0.23912426451334576,0.07406827807426453,0.21359847441944466,0.2,0.25,0.1,0.3333333333333333
507215,mscoco,0.04601949453353882,0.14166520893677112,0.05729954242706299,0.221092242394107,0.4,0.25,0.2,0.5
559658,mscoco,0.11760043799877166,0.2702844712130463,0.1649109423160553,0.35581497077541224,0.4,0.3333333333333333,0.5,0.5
344157,mscoco,0.8505238056182861,0.9104615130399066,0.885336971282959,0.9489185965692928,1.0,1.0,1.0,1.0
327768,mscoco,0.10701222531497478,0.2602909148271609,0.09983278112486005,0.376950207948606,0.2,1.0,0.2,1.0
35424,mscoco,0.11358020044863223,0.21598610618762387,0.21512723863124847,0.3314873145697377,0.2,1.0,0.5,1.0
412698,mscoco,0.22731062546372413,0.46381692331258456,0.21301314607262611,0.457786007019443,0.2,1.0,0.1,1.0
502588,mscoco,0.20757366418838502,0.33380670452249556,0.13752155639231206,0.3154381388593655,0.5,0.3333333333333333,0.5,1.0
515527,mscoco,0.06680281935259699,0.26792234254709296,0.06111094346269965,0.2571240761633457,0.1,1.0,0.1,1.0
382958,mscoco,0.09351809993386269,0.2162663488827731,0.10351116061210633,0.21550329806704635,0.0,0.0666666666666666,0.1,0.5
166975,mscoco,0.07178286854177714,0.1591838694965219,0.0900772124528885,0.2530751257114979,0.1,0.5,0.1,0.125
397640,mscoco,0.2757642440497875,0.5158939939548923,0.36564421057701113,0.6625015710734011,0.1,0.25,0.1,0.1666666666666666
462880,mscoco,0.03489913726225495,0.13725787769128642,0.026596982963383198,0.1268847787767362,0.1,1.0,0.1,1.0
104808,mscoco,0.07716200109571218,0.17679414211099068,0.06228534518741071,0.1643189831629199,0.1,0.25,0.0,0.05
30235,mscoco,0.2908746495842934,0.39563897567906176,0.33084807395935056,0.5057418961889011,0.3,0.25,0.7,0.5
513219,mscoco,0.030051926197484136,0.0819547808463103,0.034510039584711195,0.1546146240275958,0.1,0.25,0.2,1.0
63,drawbench,0.01164159681648016,0.0542913742905461,0.013048831676132976,0.04874632269753449,0.0,0.0,0.0,0.0
245771,mscoco,0.06803411189466715,0.18976544495583156,0.0866212222725153,0.2290126948245844,0.4,0.5,0.4,1.0
1375,mscoco,0.2840730741620064,0.4125881414215664,0.4798092693090439,0.6724799735810932,0.4,0.5,0.3,0.1666666666666666
167479,mscoco,0.12181077636778355,0.26077955776962586,0.14448754936456681,0.3005012857915464,0.0,0.0232558139534883,0.3,1.0
124874,mscoco,0.03546064216643572,0.1510945731550405,0.036187123088166115,0.09995455500095589,0.1,0.3333333333333333,0.0,0.0056497175141242
506901,mscoco,0.04340915698558092,0.12615199099891072,0.047482054494321344,0.16730472664304086,0.3,0.2,0.5,1.0
519754,mscoco,0.07068924447521567,0.3847382651055167,0.06936500240117312,0.3856117282351292,0.1,1.0,0.1,1.0
336457,mscoco,0.04146864926442504,0.15762355196477218,0.12214300595223904,0.2215272360985774,0.0,0.0526315789473684,0.4,0.25
290974,mscoco,0.017690208787098528,0.06563755442555982,0.01559701249934733,0.061214117667431185,0.1,1.0,0.1,0.3333333333333333
18918,mscoco,0.23808245956897736,0.44949089774245293,0.21862847059965135,0.3625468826969615,1.0,1.0,0.7,0.3333333333333333
153140,mscoco,0.08767596147954464,0.18459681718900603,0.12957223542034627,0.29628426581326145,0.0,0.0769230769230769,0.3,1.0
83481,mscoco,0.0186684203799814,0.08746457997747932,0.04202341833151877,0.09287255371378532,0.2,0.5,0.2,1.0
204473,mscoco,0.026155577041208744,0.08952253751742471,0.02301927877124399,0.06376891909642964,0.0,0.0526315789473684,0.0,0.0476190476190476
419074,mscoco,0.17004220485687255,0.32122004654719166,0.229433773458004,0.45539116058581786,0.0,0.0357142857142857,0.1,0.125
261235,mscoco,0.04333409504033625,0.12204381236798074,0.09219143204391003,0.33185598586429077,0.0,0.0909090909090909,0.1,1.0
338971,mscoco,0.037958660162985325,0.12439392967372645,0.06820517983287573,0.18617807657224475,0.1,0.1,0.1,0.3333333333333333
223183,mscoco,0.41825606524944303,0.5305463568812863,0.5639389157295227,0.8440618081408362,0.9,1.0,0.7,1.0
450711,mscoco,0.09617848228663206,0.27560206318452024,0.0960762694478035,0.38456737032044414,0.1,0.5,0.1,1.0
490187,mscoco,0.2994251482188702,0.5773177266668306,0.26238530948758126,0.44553208815433804,0.1,0.5,0.1,0.3333333333333333
564602,mscoco,0.10415297858417034,0.27221837563693174,0.15475731417536737,0.33541518270377746,0.0,0.0188679245283018,0.4,0.5
452201,mscoco,0.08759953118860722,0.2271603847429213,0.062141017988324165,0.17663109098958543,0.0,0.05,0.2,1.0
443334,mscoco,0.30365741103887556,0.40096821461100896,0.379708032310009,0.6657079968885675,0.3,0.2,0.3,1.0
18075,mscoco,0.3324736602604389,0.6599266712696553,0.494547700881958,0.6211124438714464,0.4,0.3333333333333333,1.0,1.0
50,drawbench,0.045379449520260094,0.10094726347340618,0.05824599619954825,0.13115980964119967,0.0,0.0,0.0,0.0
86,drawbench,0.07292318642139435,0.17551210179886018,0.08676051520742475,0.2559247516039715,0.1,0.125,0.0,0.0555555555555555
171808,mscoco,0.15730680152773857,0.38639961450738625,0.21221962608397008,0.4570916571951898,0.2,0.1428571428571428,0.5,1.0
572487,mscoco,0.06721848081797362,0.21139680710252365,0.10076617393642665,0.2546288683628258,0.0,0.037037037037037,0.2,0.1666666666666666
566765,mscoco,0.05326128276064992,0.16896747792794692,0.0491413751617074,0.1684934478364469,0.1,1.0,0.2,0.5
163514,mscoco,0.10422289799898862,0.3083125487300164,0.11197713203728199,0.29949836227586496,0.1,1.0,0.1,1.0
311128,mscoco,0.15544310957193375,0.32408225440937743,0.1689749773591757,0.3918254648575907,1.0,1.0,0.9,1.0
520858,mscoco,0.21253337562084199,0.4188628327002251,0.43119441717863083,0.6155443547548896,0.0,0.0833333333333333,0.5,0.3333333333333333
271051,mscoco,0.024238011334091425,0.09381877949522545,0.03460707450285554,0.08711578976794872,0.1,0.5,0.1,1.0
532933,mscoco,0.11434336751699448,0.24665438871967676,0.08746251594275237,0.2589922745535352,0.0,0.0434782608695652,0.1,1.0
475974,mscoco,0.1477779857814312,0.39536300250681616,0.24749138504266738,0.5100382418780758,0.1,0.3333333333333333,0.0,0.0217391304347826
206731,mscoco,0.05054538818076253,0.2144536551055605,0.053145186579786244,0.17676837204064286,0.1,0.5,0.1,0.3333333333333333
450212,mscoco,0.16919364742934703,0.31023940943179024,0.1074337236583233,0.247948230680289,0.1,1.0,0.1,0.3333333333333333
188478,mscoco,0.21072756499052048,0.3135463850802912,0.207240179926157,0.33991185072514324,0.4,1.0,0.2,1.0
463944,mscoco,0.022113092988729478,0.06395532483933195,0.018277693470008672,0.06036559563760849,0.1,0.1,0.0,0.0294117647058823
521657,mscoco,0.3632819168269634,0.4406194704984328,0.3127216104418039,0.5258734909096158,0.2,1.0,0.1,1.0
310511,mscoco,0.04217136967927217,0.11426938669366013,0.0738730045966804,0.2896121025114196,0.1,0.3333333333333333,0.1,1.0
24859,mscoco,0.061099489685148,0.12177374284090577,0.1658300168812275,0.34638410237485423,0.1,0.1,0.2,1.0
402662,mscoco,0.06580671854317188,0.20097317312188692,0.06215883642435074,0.18063703593225122,0.2,0.25,0.4,1.0
109791,mscoco,0.19439461082220078,0.41047611376833343,0.23167351596057414,0.46316255288388675,0.2,0.3333333333333333,0.3,1.0
62,drawbench,0.20708091408014298,0.3785331692286498,0.17355276867747307,0.47011797567987873,0.0,0.0025839793281653,0.0,0.0023809523809523
298190,mscoco,0.07254873430356383,0.19619063728676833,0.10644337348639965,0.20733713620753536,0.1,0.125,0.3,1.0
86065,mscoco,0.44929883182048796,0.7202004874318255,0.6487734079360962,0.7175231762638798,0.4,0.5,0.4,0.25
127726,mscoco,0.03553255125880241,0.19405235968921783,0.02735634760465473,0.17245080389312228,0.2,1.0,0.1,1.0
572825,mscoco,0.16081055141985418,0.4030742118227551,0.26691660806536677,0.39325820723362515,0.4,0.5,0.7,1.0
246009,mscoco,0.177235946059227,0.34026350200683575,0.13398817256093026,0.27667699691961156,0.5,1.0,0.7,1.0
517906,mscoco,0.09249810809269547,0.22200542371851686,0.09245113916695118,0.22189843332226358,0.0,0.0909090909090909,0.1,0.1666666666666666
265256,mscoco,0.09041804876178502,0.30731988340478084,0.08835035040974618,0.20066250332020383,0.0,0.0833333333333333,0.2,1.0
373038,mscoco,0.0705319537781179,0.1688006883617878,0.050996362790465356,0.2019180176352215,0.0,0.0909090909090909,0.1,1.0
53720,mscoco,0.22538796812295914,0.3009178640443488,0.23451239317655564,0.3602602055619446,0.4,0.5,0.8,0.3333333333333333
514116,mscoco,0.08252666555345059,0.21159360640578673,0.11189901120960713,0.334600918016752,0.0,0.0625,0.3,0.5
395396,mscoco,0.4505818925797939,0.8980836684349052,0.5159829169511795,0.7081969849752544,0.5,1.0,0.8,1.0
118851,mscoco,0.3118613755330443,0.6188039394206861,0.40728782713413236,0.6003255248040656,0.4,1.0,0.6,1.0
198625,mscoco,0.4787595674395561,0.6407682885564532,0.4917363777756691,0.8211130891802945,0.0,0.0333333333333333,0.2,0.2
53,drawbench,0.04861954553052783,0.10769201704837679,0.0684097770601511,0.13743442608906675,0.0,0.0,0.0,0.0
99,drawbench,0.003735889756353572,0.013617942851311978,0.002417030039941892,0.008938245826863922,0.0,0.0,0.0,0.0
132656,mscoco,0.3915245682001114,0.6001443550563186,0.32273452877998354,0.47490597749629404,0.2,0.3333333333333333,0.2,0.5
213276,mscoco,0.029117022221907974,0.08268273326236508,0.014908526954241098,0.053856532805966494,0.1,1.0,0.1,1.0
123974,mscoco,0.11495855562388897,0.3516245562659077,0.2222433600574732,0.29387002354301933,0.5,1.0,0.6,0.5
131,drawbench,0.1362118110060692,0.40971205131047417,0.19910723268985747,0.5054008068706322,0.0,0.0,0.0,0.0
435096,mscoco,0.03282925132662058,0.16449109468176618,0.03624423141591251,0.16553014618764472,0.1,1.0,0.1,1.0
509764,mscoco,0.020358345285058022,0.0781931015886871,0.05231511193560436,0.12449234629441494,0.1,0.5,0.0,0.0454545454545454
204273,mscoco,0.23580208979547024,0.4124807309313749,0.2014444038271904,0.317526360904733,0.1,0.2,0.1,0.125
299768,mscoco,0.3412949174642563,0.6835589179411689,0.44991347193717957,0.6480323428150505,0.0,0.003012048192771,0.3,0.25
135369,mscoco,0.45052867084741594,0.7008836489597375,0.3653277061879635,0.743873338308962,0.8,1.0,0.6,1.0
508053,mscoco,0.12800923474133014,0.3190622855790059,0.30735919922590255,0.4851829307250033,0.1,0.2,0.2,0.5
475413,mscoco,0.05124983377754688,0.1891907430610392,0.18903125198557974,0.46684867214178716,0.0,0.0434782608695652,0.0,0.027027027027027
44328,mscoco,0.056982540711760524,0.1609152738316725,0.05057751871645451,0.12301542725939146,0.1,1.0,0.1,0.3333333333333333
127743,mscoco,0.1437872711569071,0.33864601308777814,0.09641260635107755,0.2655674404096158,0.2,1.0,0.2,1.0
316842,mscoco,0.11590169463306665,0.24048179913986478,0.11405197791755199,0.28451550083488636,0.0,0.0769230769230769,0.2,0.5
131075,mscoco,0.05304062347859144,0.15036215090953436,0.07127681747078896,0.198304689603073,0.0,0.0059171597633136,0.2,1.0
323812,mscoco,0.1328538153320551,0.3145455895277357,0.11185763999819756,0.31261756061755447,0.4,1.0,0.6,1.0
354212,mscoco,0.1956172354519367,0.2853647892804959,0.28310772590339184,0.750078369497905,0.3,1.0,0.7,1.0
33645,mscoco,0.023618050012737514,0.07836895008477184,0.01715058465488255,0.06236452416697502,0.1,0.5,0.1,0.25
285529,mscoco,0.2727793715894222,0.5441176477012339,0.26391049940139055,0.47802877334620847,0.6,0.5,0.7,1.0
52669,mscoco,0.0742131520062685,0.21082077070529243,0.11141643784940243,0.2465883395713694,0.0,0.0416666666666666,0.2,0.5
47328,mscoco,0.17511605769395827,0.46955985592837707,0.1725438456982374,0.4443376676572218,0.4,0.5,0.3,0.3333333333333333
256513,mscoco,0.05163872092962265,0.14453248392681456,0.14923705235123635,0.3446776118159522,0.0,0.0833333333333333,0.3,0.5
561196,mscoco,0.019832101417705417,0.0815402174413132,0.020621906127780677,0.08363904993414153,0.1,1.0,0.1,1.0
411261,mscoco,0.031688151368871334,0.11543084624185346,0.06877249395474791,0.17252953520979053,0.1,1.0,0.1,1.0
578056,mscoco,0.007602217770181596,0.03410705309910754,0.009751295438036323,0.03222562631676297,0.1,0.3333333333333333,0.1,1.0
110926,mscoco,0.17776013761758805,0.350950923976087,0.3533369034528732,0.6247787144031884,0.0,0.0204081632653061,0.1,1.0
290175,mscoco,0.014820750011131168,0.050020565049199786,0.0179113132879138,0.07280239282840063,0.4,0.2,0.6,1.0
295589,mscoco,0.07707506194710731,0.19945099381826295,0.10042416043579579,0.30960431671667715,0.0,0.0028735632183908,0.0,0.0025316455696202
442478,mscoco,0.12938377745449542,0.2893292657598389,0.22282110750675202,0.3875024039530328,0.0,0.0108695652173913,0.0,0.0153846153846153
267598,mscoco,0.18661086410284042,0.4267567492569898,0.217467450350523,0.4384848816467217,0.3,1.0,0.4,1.0
386424,mscoco,0.10978404879570007,0.23829426441711765,0.07510350914672018,0.17373603821676242,0.2,0.3333333333333333,0.1,0.1666666666666666
10727,mscoco,0.11949286609888077,0.26620259882837205,0.17164621986448764,0.48009447102655434,0.0,0.0454545454545454,0.1,0.1
7452,mscoco,0.28328713327646254,0.36779709278176054,0.38869310468435286,0.5030359237254826,0.2,0.1666666666666666,0.5,0.5
322560,mscoco,0.057112591341137886,0.20063991335280226,0.055661948025226594,0.15870427686987007,0.3,0.25,0.4,1.0
185849,mscoco,0.04152298737317324,0.10048708112833173,0.04642760343849659,0.17582979201383886,0.1,0.1666666666666666,0.0,0.0067567567567567
459827,mscoco,0.026552472729235888,0.08715342118083515,0.04932892806828022,0.17193575582585502,0.0,0.0769230769230769,0.3,0.5
415840,mscoco,0.0842605572193861,0.23296911405799497,0.07053760290145875,0.18274086920501628,0.0,0.0303030303030303,0.0,0.0057471264367816
206274,mscoco,0.15223780758678912,0.45702305810938926,0.15013372227549554,0.47767052207856014,0.1,1.0,0.2,1.0
239888,mscoco,0.2482115224003792,0.4543083718907541,0.316295525431633,0.5463091036697082,0.1,0.3333333333333333,0.6,0.5
120,drawbench,0.1332437738776207,0.30258225160862234,0.13045830577611922,0.29694461133483174,0.0,0.0,0.0,0.0
309169,mscoco,0.05548414858058095,0.15161834944258698,0.12738280259072782,0.2956031806900725,0.0,0.04,0.2,0.5
112996,mscoco,0.16312653571367264,0.6161474508803683,0.17463466376066208,0.6095436460799051,0.1,1.0,0.1,1.0
459343,mscoco,0.18785144612193108,0.41212396104599086,0.19255305975675582,0.4834674398563034,0.4,1.0,0.7,1.0
471488,mscoco,0.20977734513580798,0.37963585040665354,0.18084575831890107,0.34744998732587506,0.0,0.0024213075060532,0.0,0.025
252919,mscoco,0.2667946621775627,0.4168043119350489,0.26062212884426117,0.4622181868227048,0.3,1.0,0.4,0.5
7945,mscoco,0.08934004791080952,0.2800352845188095,0.09230193197727203,0.3706013218576457,0.0,0.0625,0.1,1.0
162215,mscoco,0.2848539903759956,0.545331888368998,0.2857417970895767,0.504327298428553,0.4,0.5,0.6,1.0
193889,mscoco,0.05601980714127421,0.1469549669515539,0.18625587075948716,0.3707959866046666,0.0,0.0070422535211267,0.1,1.0
46,drawbench,0.03985207721125335,0.11367117491016329,0.057641391176730394,0.1598486028764694,0.0,0.0,0.0,0.0
30,drawbench,0.04904278069734573,0.22475868083533088,0.04069428108632565,0.13799194623109123,0.0,0.0,0.0,0.0
386864,mscoco,0.05284054926596582,0.19992120826052248,0.04071529684588313,0.1357158917370798,0.1,0.25,0.2,0.25
232287,mscoco,0.02941303700208664,0.08683449283300158,0.03819019980728626,0.13344808076935513,0.0,0.0204081632653061,0.1,0.5
241027,mscoco,0.4123978167772293,0.6816814079116442,0.34295651242136954,0.3900269749011827,0.6,0.3333333333333333,0.3,0.1666666666666666
213795,mscoco,0.142161351069808,0.4543592302056548,0.23572360798716546,0.3170091453277289,0.1,0.25,0.2,0.25
12059,mscoco,0.04852545144967735,0.1603586241240652,0.03692134318407625,0.17775800881362244,0.1,1.0,0.1,1.0
162753,mscoco,0.14894126839935778,0.5035890758271316,0.13893090859055518,0.27082590105133136,0.2,1.0,0.0,0.0555555555555555
425458,mscoco,0.04984176773577929,0.19848454379940694,0.08579309061169624,0.22317588231038996,0.2,0.5,0.4,0.3333333333333333
368956,mscoco,0.21501534283161164,0.3090501268579341,0.14695912562310695,0.34370283975794824,0.1,0.1,0.0,0.0526315789473684
496410,mscoco,0.09267685338854789,0.25445431101703614,0.09614098630845547,0.2992741400219069,0.1,0.1111111111111111,0.2,0.5
532612,mscoco,0.12281956300139427,0.2839953037715468,0.09845399707555771,0.2496956160435786,0.1,1.0,0.0,0.0625
230837,mscoco,0.24695924520492554,0.38262787821573063,0.30287825167179105,0.5760708879621201,0.0,0.0196078431372549,0.0,0.0769230769230769
460882,mscoco,0.3638665035367012,0.6226057552816086,0.4136234655976295,0.5552277546329203,0.4,0.5,0.3,0.5
485852,mscoco,0.032403162820264696,0.09803820040329413,0.13335638623684645,0.19164344052971638,0.1,0.3333333333333333,0.0,0.0416666666666666
72342,mscoco,0.24079591631889344,0.3560078772407761,0.21729523539543152,0.42945142141524,0.2,1.0,0.1,0.2
81017,mscoco,0.11650203131139278,0.24680340122815647,0.13803517296910287,0.28763052501800523,0.0,0.0909090909090909,0.1,0.125
401828,mscoco,0.10499624256044626,0.2137182947719841,0.09860490337014198,0.2628371826709293,0.2,0.1666666666666666,0.2,1.0
554138,mscoco,0.13446346074342727,0.26787144636451726,0.30116631239652636,0.538030185860332,0.0,0.0666666666666666,0.1,0.1111111111111111
321742,mscoco,0.27248899191617965,0.403438539130224,0.17064847499132157,0.40233368576868506,0.4,1.0,0.7,1.0
574384,mscoco,0.2662510916590691,0.39266851005095693,0.26198348850011827,0.48241257693647943,0.0,0.002020202020202,0.0,0.0014306151645207
446557,mscoco,0.1319218399003148,0.3289905129307176,0.1308770515024662,0.255004384982038,0.1,0.1428571428571428,0.0,0.05
253498,mscoco,0.0765130614861846,0.17217139746069834,0.16995090655982495,0.5671433030581883,0.1,0.3333333333333333,0.4,0.25
448251,mscoco,0.08954273983836174,0.24052629977092635,0.08707142043858766,0.26208080649101567,0.1,0.5,0.0,0.0188679245283018
116622,mscoco,0.5114777326583863,0.6467076250879076,0.5382227063179016,0.8012571295994768,0.3,1.0,0.3,0.3333333333333333
486899,mscoco,0.19967199862003326,0.31769974802612705,0.19358071982860564,0.3760420215450443,0.2,1.0,0.0,0.0178571428571428
59295,mscoco,0.15849474519491197,0.37232939046499314,0.1882263995707035,0.49702015066823685,0.1,1.0,0.1,0.2
289012,mscoco,0.10632670447230338,0.2787972431254282,0.106130753736943,0.2977904626545085,0.1,0.2,0.1,1.0
435902,mscoco,0.27978464812040327,0.4106568733149397,0.33797130137681963,0.4850802067953071,0.2,0.25,0.6,1.0
480518,mscoco,0.12527511417865753,0.3593399577557906,0.10101583395153284,0.2947841899160726,0.5,0.5,0.4,1.0
39272,mscoco,0.1987195409834385,0.48052514670276336,0.17746823569759726,0.604270091025166,0.1,0.5,0.1,1.0
558579,mscoco,0.04855416240170598,0.18546539114793315,0.049266590364277364,0.13085746935938145,0.2,1.0,0.2,0.2
143348,mscoco,0.18374248519539832,0.3543930552316422,0.23740579634904863,0.42733460362102904,0.1,1.0,0.4,0.2
16961,mscoco,0.04298242991790176,0.11582484477552005,0.037294392194598916,0.14203833759042536,0.1,0.5,0.1,0.1428571428571428
489939,mscoco,0.054026672057807444,0.1544611473122929,0.08547987565398216,0.24482419087010154,0.0,0.0116279069767441,0.1,0.3333333333333333
185281,mscoco,0.1684754380956292,0.6767071576295284,0.22550081450026482,0.6686868128680292,0.2,1.0,0.2,1.0
500622,mscoco,0.05159035362303257,0.1559243506340052,0.04489144166000188,0.1303556065151543,0.1,1.0,0.1,0.5
220772,mscoco,0.2404322810471058,0.5789287436674163,0.1462695186957717,0.39503652542272216,0.0,0.0060240963855421,0.0,0.0068965517241379
550400,mscoco,0.08334186766296625,0.2678158297280954,0.11374679384753109,0.3023504084281024,0.2,1.0,0.2,1.0
378906,mscoco,0.3048429246991873,0.33384616125581923,0.24291209354996682,0.5350028690138078,0.0,0.0769230769230769,0.1,1.0
542111,mscoco,0.14494715109467507,0.3295478570300713,0.26631893068552015,0.4452303202502033,0.1,0.1,0.0,0.0666666666666666
3217,mscoco,0.3326327808201313,0.7006113508442506,0.42205772250890733,0.5608718465081349,0.4,1.0,0.4,0.5
96625,mscoco,0.041668936237692834,0.14985049334332284,0.09103062171489,0.2119540182966822,0.1,0.5,0.4,1.0
60328,mscoco,0.3246340319514275,0.5074644209638962,0.45851617455482485,0.6139979477233289,0.1,0.1666666666666666,0.3,0.1666666666666666
402287,mscoco,0.0733683543279767,0.209103376574052,0.0915337254293263,0.29203709089091395,0.3,1.0,0.4,0.25
517909,mscoco,0.05102262292057276,0.13325064417986887,0.052225856482982634,0.23559269952380313,0.1,0.5,0.0,0.0285714285714285
113233,mscoco,0.10809400342404843,0.2234209609990741,0.21367236748337745,0.3474749040561132,0.0,0.0072463768115942,0.1,1.0
77181,mscoco,0.04756285035982728,0.14884809738559693,0.07637130450457334,0.20303156481320164,0.1,0.5,0.0,0.0024752475247524
371243,mscoco,0.1894973523914814,0.38696076948649183,0.3243798062205315,0.5823034562152062,0.0,0.0666666666666666,0.8,1.0
146656,mscoco,0.07567156180739402,0.1873230313164152,0.06440647896379233,0.15837229902285777,0.1,0.2,0.0,0.0666666666666666
430688,mscoco,0.015900953323580325,0.050716188282657136,0.016167719452641904,0.061476501970884084,0.1,0.25,0.1,1.0
143449,mscoco,0.22246281206607818,0.4504715244492576,0.238809297978878,0.4676360173719788,0.5,1.0,0.3,1.0
57433,mscoco,0.20836303792893887,0.29611504597095395,0.33190478160977366,0.6074446898656694,0.1,0.2,0.0,0.0769230769230769
298736,mscoco,0.0646750882267952,0.16191670961886734,0.1238077461719513,0.44088834086854606,0.1,1.0,0.4,1.0
406550,mscoco,0.20735388472676278,0.3759436193060954,0.1485338296741247,0.30478228980123717,0.1,0.1428571428571428,0.0,0.037037037037037
561903,mscoco,0.05283532347530127,0.18660350755884536,0.03732218341901898,0.13242125595291956,0.0,0.0476190476190476,0.1,1.0
227699,mscoco,0.4604880094528198,0.7756359395240863,0.4498507469892502,0.7202927386032147,0.4,1.0,0.4,0.5
59821,mscoco,0.14285117611289025,0.39683341395651245,0.17016872838139535,0.38840764582832105,0.0,0.0083333333333333,0.0,0.04
265612,mscoco,0.07594916541129351,0.2576759375777933,0.060348811093717813,0.2528355287867469,0.3,1.0,0.2,1.0
24591,mscoco,0.07502730544656515,0.18493725748874806,0.14550055637955667,0.35343238351896256,0.0,0.0714285714285714,0.3,0.5
71,drawbench,0.05469390973448753,0.1643388182714793,0.0571176263038069,0.18419383874200435,0.0,0.000432525951557,0.0,0.0008771929824561
35,drawbench,0.3610277891159058,0.6258951138547137,0.4134697921574116,0.5475875110378309,0.0,0.0454545454545454,0.0,0.0133333333333333
317833,mscoco,0.11198038831353188,0.1960810031890704,0.13736379537731408,0.31166616247258,0.1,0.25,0.0,0.0454545454545454
544583,mscoco,0.13653895258903503,0.27946585856005834,0.3908006340265274,0.5765482932963515,0.0,0.0666666666666666,0.7,0.5
514544,mscoco,0.08409807682037354,0.21954574667219512,0.08731594383716583,0.22444472819234376,0.5,1.0,0.4,1.0
160199,mscoco,0.0842782661318779,0.2317821702917842,0.11613410189747811,0.29091515645896476,0.1,0.125,0.3,0.5
156445,mscoco,0.14987037889659405,0.49010230280790973,0.18648371547460557,0.3513171124125158,0.2,1.0,0.4,1.0
46686,mscoco,0.07880281116813422,0.2441801410240771,0.07600551000796259,0.18881272355899806,0.2,1.0,0.2,0.3333333333333333
563457,mscoco,0.06655082926154136,0.1776629015035956,0.06925454530864954,0.17894697483766825,0.2,0.5,0.2,1.0
520848,mscoco,0.1508284829556942,0.31578187498038063,0.15508444048464298,0.3861204802294392,0.4,1.0,0.5,0.25
433992,mscoco,0.07607465386390685,0.17194276924002974,0.10093263536691666,0.24565235934376484,0.0,0.0031746031746031,0.1,0.1666666666666666
415464,mscoco,0.15602952018380165,0.33322980592011076,0.0768702296540141,0.25979073685169374,0.0,0.0136986301369863,0.0,0.0045871559633027
62543,mscoco,0.16205277629196643,0.2857701678208429,0.27648463249206545,0.47773610567373953,0.3,0.2,0.7,0.5
123175,mscoco,0.2740609757602215,0.6678734466179996,0.3597354419529438,0.5528191262251899,0.4,1.0,0.3,1.0
65383,mscoco,0.370423336699605,0.6180130507441557,0.6159556806087494,0.730863438364198,0.3,0.5,1.0,1.0
544001,mscoco,0.14814042821526527,0.2876965891377623,0.1896723486483097,0.37082873931313665,0.4,1.0,0.2,0.1428571428571428
41104,mscoco,0.269488425552845,0.5206235532623268,0.26460475474596024,0.5114227431065567,0.5,1.0,0.5,1.0
355193,mscoco,0.8386060774326325,0.8862312065408244,0.8802329897880554,0.9421665728993884,1.0,1.0,1.0,1.0
500940,mscoco,0.007226237328723073,0.038415775776682475,0.015554063767194749,0.052586736085325415,0.1,1.0,0.1,0.5
429142,mscoco,0.07512799203395844,0.19973739792690096,0.07114920504391194,0.2390419382198415,0.0,0.01,0.1,1.0
125252,mscoco,0.034166683256626126,0.10877458931507938,0.042963508144021036,0.13614394525464366,0.2,0.5,0.2,0.5
14683,mscoco,0.15589679963886738,0.32089906207456015,0.2097025580704212,0.374590031434904,0.2,1.0,0.3,1.0
109,drawbench,0.03216735166497529,0.11037607667582754,0.045105040445923804,0.1635692386630801,0.1,0.1428571428571428,0.0,0.0135135135135135
391662,mscoco,0.04436185704544186,0.13105560152857582,0.059849365055561064,0.1680024505595006,0.1,0.25,0.4,0.5
409131,mscoco,0.052960331458598374,0.16495981275043187,0.10768013782799243,0.29705667641578243,0.2,0.5,0.4,1.0
478880,mscoco,0.2343197599053383,0.44370507931742137,0.2861619755625725,0.49002912579011976,0.0,0.05,0.2,0.5
230972,mscoco,0.03609867584891617,0.14019799456847234,0.05549191255122423,0.17651902022576363,0.1,1.0,0.1,0.3333333333333333
233093,mscoco,0.01125496041495353,0.047427554144483554,0.01248535793274641,0.04375249778096798,0.0,0.0064102564102564,0.0,0.0023364485981308
143,drawbench,0.009717245469801128,0.023434279792129253,0.001976319614914246,0.009971449846609094,0.0,0.0,0.0,0.0
59918,mscoco,0.14343724623322487,0.4219409616374442,0.23246883749961852,0.4688980675073351,0.2,1.0,0.7,1.0
575958,mscoco,0.11663729622960091,0.28942741600662386,0.12338771857321262,0.3022630598623108,0.0,0.0101010101010101,0.1,0.5
381160,mscoco,0.7330556333065033,0.7778953577853283,0.42481271401047704,0.7094677570630097,0.0,0.0714285714285714,0.1,0.5
229067,mscoco,0.26053506433963775,0.34885987302266586,0.38670212477445604,0.5840204762320076,0.6,0.3333333333333333,0.6,1.0
412780,mscoco,0.02374139092862606,0.11378517110414943,0.07989635523408652,0.1606735313732088,0.0,0.0476190476190476,0.2,0.1428571428571428
515655,mscoco,0.13737456128001213,0.25383110580810536,0.09019384272396565,0.2235442371546884,0.0,0.0526315789473684,0.1,0.25
385037,mscoco,0.22963586822152138,0.5250869722783283,0.276990357786417,0.5554677857984561,0.6,1.0,0.6,0.5
30281,mscoco,0.2894508123397827,0.6441341443052907,0.3913758769631386,0.5382202300168081,0.4,0.3333333333333333,0.5,0.3333333333333333
85472,mscoco,0.5406408280134201,0.733046910978851,0.592632782459259,0.8865302140961409,0.8,1.0,0.9,1.0
262146,mscoco,0.08708820957690477,0.22540134961998656,0.16884493082761765,0.3506300350526966,0.0,0.0833333333333333,0.5,1.0
85155,mscoco,0.34612969122827053,0.650765177706889,0.2610687483102083,0.570904266230674,0.4,1.0,0.3,0.5
406250,mscoco,0.35993069112300874,0.6817983194784524,0.40461136400699615,0.7652179893954635,0.3,1.0,0.5,0.5
172143,mscoco,0.05500066350214183,0.12886518303572841,0.0675163489766419,0.21881028577660327,0.0,0.0625,0.1,0.5
455667,mscoco,0.38564298301935196,0.6075267325291499,0.5148926630616188,0.647380475607933,0.3,0.2,0.6,1.0
169006,mscoco,0.2484527684748173,0.3263904630180156,0.29859004616737367,0.6511271244718002,0.2,0.5,0.4,0.5
173109,mscoco,0.03840524780098349,0.16600768995580328,0.0692176395561546,0.1909355832913732,0.1,1.0,0.2,1.0
192322,mscoco,0.2623701080679893,0.4985637592856575,0.28766278028488157,0.5045581752018634,0.9,1.0,0.8,1.0
222266,mscoco,0.11190383359789849,0.33416759251937356,0.0822179913520813,0.29481001738690205,0.3,1.0,0.3,1.0
325806,mscoco,0.1744372896850109,0.3819517237585415,0.2405492328107357,0.5237766989083219,0.2,1.0,0.5,0.3333333333333333
449537,mscoco,0.2003890611231327,0.4991952434849566,0.22219269275665282,0.42712093863916484,0.0,0.00625,0.0,0.0555555555555555
145284,mscoco,0.12525035105645657,0.28515262055343804,0.12903354167938233,0.42209753939531863,0.1,0.5,0.0,0.0909090909090909
465058,mscoco,0.3415264576673508,0.5127183964336859,0.5358192414045334,0.7288692808837818,0.3,0.5,0.9,1.0
165893,mscoco,0.03379818769171834,0.1163334477004843,0.0492500594817102,0.13263589272177911,0.1,1.0,0.1,1.0
537157,mscoco,0.1402206476777792,0.2692107790198679,0.12865994721651078,0.3930063693008276,0.0,0.0909090909090909,0.1,1.0
426323,mscoco,0.03685127245262265,0.15170984087902184,0.05052674040198326,0.15812036032538637,0.1,1.0,0.1,1.0
92280,mscoco,0.23229238726198673,0.47749741251912037,0.16748083513230086,0.456950708663323,0.2,1.0,0.4,1.0
319118,mscoco,0.30411354303359983,0.6996597236278952,0.3092689037322998,0.5374763952657542,0.3,1.0,0.5,0.5
234713,mscoco,0.26786835938692094,0.5386819146509253,0.27249069064855574,0.40742786407374415,0.9,1.0,1.0,1.0
379165,mscoco,0.2151153042912483,0.4087216553757989,0.18328317012637854,0.5357596929357126,0.1,0.125,0.3,1.0
26551,mscoco,0.11270537786185741,0.2435036504479725,0.16220001876354218,0.3825706681922895,0.0,0.0303030303030303,0.3,1.0
280242,mscoco,0.034765324601903555,0.09230000005512143,0.08572582546621561,0.1846277861926319,0.2,0.2,0.1,0.1111111111111111
260307,mscoco,0.04737959876656532,0.2074043938985588,0.07876596245914698,0.14465713225506177,0.0,0.0070422535211267,0.0,0.0526315789473684
433168,mscoco,0.2447964895516634,0.5902779710473334,0.22308804243803024,0.5500352070616306,0.3,1.0,0.3,1.0
319043,mscoco,0.11583923250436783,0.22125893696698248,0.1409094963222742,0.25064458143437857,0.1,0.25,0.3,0.25
381994,mscoco,0.06517218938097358,0.2775494371764977,0.08606339804828167,0.1656449865441747,0.0,0.0151515151515151,0.1,0.25
206044,mscoco,0.10452008415013551,0.2657932135782254,0.09488577730953693,0.24363967438344614,0.1,1.0,0.1,1.0
211312,mscoco,0.05555247403681278,0.1484637747684104,0.08528713677078485,0.18214586236581504,0.0,0.0188679245283018,0.1,1.0
42196,mscoco,0.1429302364587784,0.2595267071360417,0.1836857318878174,0.3432563676356734,0.0,0.0833333333333333,0.6,1.0
497096,mscoco,0.08483759351074696,0.25204352989968526,0.20071422234177588,0.3676089425473249,0.1,0.1666666666666666,0.4,0.2
81,mscoco,0.5170572467148304,0.6876881384688347,0.5548067808151245,0.7778126709145693,0.0,0.0119047619047619,0.0,0.0256410256410256
486123,mscoco,0.05757475942373276,0.16312494140061964,0.054033868946135044,0.13617523826920924,0.0,0.0476190476190476,0.1,0.125
322,mscoco,0.04294773545116186,0.11607339750669568,0.06946723144501447,0.22977292688514372,0.1,0.1666666666666666,0.1,0.125
493294,mscoco,0.30229800939559937,0.5670118300434833,0.2919402591884136,0.5082514781590277,0.0,0.005,0.2,0.1428571428571428
187090,mscoco,0.15124958679080008,0.23705128534971187,0.22975631281733513,0.5129781032370861,0.6,0.25,0.8,1.0
372902,mscoco,0.0575561829842627,0.1879954288857068,0.05399044454097748,0.19435659870268884,0.1,1.0,0.1,1.0
293979,mscoco,0.21095169484615325,0.4843195228593746,0.26470227017998693,0.3944160107066359,0.3,1.0,0.3,0.5
417090,mscoco,0.026008245628327133,0.09137503756908726,0.06624000249430537,0.1837045470123177,0.0,0.0109890109890109,0.1,1.0
422172,mscoco,0.021186409704387187,0.07415956832929275,0.023712200671434404,0.11527964246385432,0.1,0.5,0.1,1.0
280988,mscoco,0.09354526605457067,0.2244146369271734,0.05977813471108675,0.22960788902022972,0.1,0.25,0.1,1.0
227558,mscoco,0.05531393652781844,0.18251923145840576,0.05008173231035471,0.23253364948292538,0.6,0.5,0.9,1.0
348006,mscoco,0.035699151922017336,0.12534648090538902,0.03281671218574047,0.1742977481810605,0.1,0.25,0.1,1.0
166716,mscoco,0.08662960045039654,0.22678065860185065,0.1747669368982315,0.28777366271197824,0.0,0.0625,0.0,0.0138888888888888
124018,mscoco,0.2857276752591133,0.5393490168339712,0.4373320683836937,0.7494932388075561,0.4,1.0,0.7,1.0
373792,mscoco,0.1801637878641486,0.5398625365539553,0.25892377346754075,0.4260751415194077,0.5,1.0,0.7,0.5
334364,mscoco,0.09055212046951056,0.2660871241726399,0.09219702994450926,0.37355421003472233,0.1,0.2,0.1,1.0
196473,mscoco,0.018492494150996207,0.05365197836608748,0.023061436647549272,0.07663008764551088,0.7,1.0,0.6,1.0
361866,mscoco,0.20865233317017556,0.2656370508464668,0.15102270916104316,0.43415704048342973,0.1,0.1,0.4,0.5
468932,mscoco,0.050282695516943934,0.165157112420535,0.060904838517308234,0.19966296915038836,0.1,0.1428571428571428,0.1,0.5
447354,mscoco,0.39968966096639635,0.5845872469166966,0.42687202244997025,0.8105470853637649,0.3,1.0,0.2,1.0
85846,mscoco,0.21033348217606546,0.4060842285369512,0.12113392371684313,0.22088899318040237,0.1,1.0,0.0,0.0035971223021582
173631,mscoco,0.12667133584618567,0.2714133168885146,0.10635696295648814,0.3714134872609689,0.1,1.0,0.3,1.0
266805,mscoco,0.07393236383795738,0.16028037415978177,0.08469395972788334,0.24546026972282894,0.0,0.0256410256410256,0.3,1.0
299662,mscoco,0.15355464071035385,0.40259653991189426,0.16623455956578254,0.27716890909441305,0.0,0.0666666666666666,0.0,0.0068027210884353
569520,mscoco,0.05585700161755085,0.1874474281297779,0.085221385397017,0.17547489040286177,0.1,0.125,0.2,1.0
193,drawbench,0.029254668578505515,0.09338057027439262,0.010689052927773446,0.03388997999214141,0.0,0.0,0.0,0.0
205356,mscoco,0.04521259921602905,0.1067852440548483,0.1034629411995411,0.2551061517577893,0.0,0.0555555555555555,0.1,0.1666666666666666
119,drawbench,0.07440092470496892,0.18697542757056018,0.050876226276159286,0.1350437178719334,0.0,0.0,0.0,0.0
394814,mscoco,0.0589169065002352,0.134285907975825,0.07474198639392853,0.18116910056671626,0.0,0.0384615384615384,0.2,0.25
204940,mscoco,0.18590848594903947,0.29179676574664715,0.27770170122385024,0.4722191689118115,0.2,0.3333333333333333,0.3,1.0
167740,mscoco,0.3586151659488678,0.7542128011859197,0.39111030399799346,0.6268173205559192,0.0,0.0769230769230769,0.1,0.2
544590,mscoco,0.30027185305953025,0.5451274639908963,0.19218765906989574,0.5923490631563547,0.5,0.5,0.4,1.0
344974,mscoco,0.19492775574326515,0.6612487804055596,0.1303654451854527,0.38713855641936434,0.1,1.0,0.1,0.3333333333333333
440434,mscoco,0.017290007998235525,0.08148294450929695,0.03862355048768222,0.1347454421593751,0.1,1.0,0.1,0.1666666666666666
30752,mscoco,0.1571093864738941,0.37986520222769316,0.1644264876842499,0.36882594615963177,0.4,1.0,0.6,1.0
288975,mscoco,0.09371719919145108,0.24399244217925242,0.14856611602008343,0.31166782801916565,0.0,0.0114942528735632,0.1,0.2
45966,mscoco,0.006888850615359843,0.027310920654387456,0.006528122822055593,0.021611657767393214,0.1,1.0,0.0,0.037037037037037
136042,mscoco,0.03454697914421558,0.1124738636155079,0.03362678196281195,0.08932007943104558,0.1,0.25,0.1,0.1428571428571428
369514,mscoco,0.23253836259245872,0.43071413455161284,0.24570748805999756,0.36339711373387024,0.1,1.0,0.0,0.0666666666666666
483525,mscoco,0.09460427965968847,0.27683183090929686,0.12632787004113197,0.2853670182825517,0.2,0.1666666666666666,0.3,1.0
280347,mscoco,0.07088611982762813,0.19159733609758695,0.06429263837635517,0.19850044955461246,0.3,1.0,0.5,1.0
411343,mscoco,0.21687181368470193,0.35488768841381263,0.32401143908500674,0.5688239285909588,0.3,0.1428571428571428,0.8,0.5
567803,mscoco,0.7694446802139282,0.8909140533367432,0.7873943001031876,0.8975250897529805,0.2,0.3333333333333333,0.3,1.0
217458,mscoco,0.01044582825852558,0.03399312997307179,0.013719021249562502,0.0633233000745744,0.1,0.1666666666666666,0.1,1.0
166430,mscoco,0.08582844808697701,0.21395035849207186,0.07516636289656162,0.21005965107317276,0.1,0.3333333333333333,0.0,0.0666666666666666
556597,mscoco,0.14295561164617537,0.3290838577037905,0.18090804517269135,0.331049575279691,0.0,0.0434782608695652,0.3,0.25
365556,mscoco,0.5154799416661262,0.7183661718631003,0.5327627420425415,0.804027144725725,0.3,1.0,0.3,0.5
20987,mscoco,0.11265722960233689,0.3060442924494978,0.1522371519356966,0.30559225646982097,0.0,0.0263157894736842,0.1,1.0
162031,mscoco,0.019379541743546724,0.07488597107061075,0.017334490781649947,0.06201226939368538,0.2,1.0,0.2,1.0
485955,mscoco,0.016479264991357923,0.07979468856970687,0.02420419445261359,0.08753055991637425,0.1,0.3333333333333333,0.1,1.0
202307,mscoco,0.22452108487486838,0.39605244847411175,0.26648733839392663,0.5342962111106597,0.5,0.5,0.9,1.0
502126,mscoco,0.0615025257691741,0.17093157223411984,0.1120048627257347,0.32580091441805575,0.0,0.0666666666666666,0.1,0.1
10130,mscoco,0.050600950850639495,0.16009601886890382,0.0196492841350846,0.11837268876455638,0.1,1.0,0.1,1.0
33489,mscoco,0.02982754707336426,0.10074250106799765,0.03438873328268528,0.0918940565270634,0.1,0.5,0.1,0.2
167152,mscoco,0.5232010066509247,0.7178743702938079,0.46826299130916593,0.6890506188947936,0.0,0.0294117647058823,0.0,0.0188679245283018
554207,mscoco,0.07419907208532095,0.17508754763782944,0.21508845388889314,0.433992457214307,0.1,1.0,0.2,0.3333333333333333
162827,mscoco,0.38045706152915953,0.7466618890416598,0.36956566870212554,0.7041116000615902,0.1,1.0,0.3,1.0
329217,mscoco,0.07009133324027061,0.2712865018587979,0.0706544972024858,0.21126425507941587,0.1,1.0,0.1,1.0
187194,mscoco,0.06375979203730822,0.1300890297769962,0.05372573481872678,0.12205947234002704,0.1,0.5,0.2,1.0
374357,mscoco,0.14609833592548965,0.33569725242311366,0.24410584419965745,0.3530119353628529,0.5,1.0,0.9,1.0
240976,mscoco,0.09078823663294315,0.24534513006306435,0.08315990306437016,0.2598091887415345,0.1,0.3333333333333333,0.0,0.0666666666666666
558171,mscoco,0.1677035135217011,0.6382477021809313,0.2265694633126259,0.421903375575654,0.0,0.0068965517241379,0.0,0.0625
126714,mscoco,0.013079044781625271,0.04723984850265273,0.04559936635196209,0.17854804662971638,0.0,0.0006361323155216,0.1,0.2
132652,mscoco,0.37581882178783416,0.7443246012802448,0.5274514794349671,0.6302682231141882,0.7,1.0,0.8,1.0
87272,mscoco,0.08192620007321239,0.5129935466465337,0.1258899277076125,0.5643496295418491,0.1,1.0,0.2,1.0
18973,mscoco,0.06210466539487243,0.16483717314228566,0.07152711655944585,0.18197443191032434,0.2,1.0,0.0,0.0833333333333333
214261,mscoco,0.23991598933935165,0.5801648344142107,0.2500731172040105,0.4276047690752893,0.3,1.0,0.3,1.0
44136,mscoco,0.035098296462092546,0.09160828056784062,0.022480742703191937,0.09637196859417659,0.1,0.1,0.0,0.0769230769230769
204020,mscoco,0.0035282396245747806,0.015917494275673967,0.01023316223436268,0.0397742705999566,0.0,0.0088495575221238,0.1,0.3333333333333333
226848,mscoco,0.28647005259990693,0.4221976676547856,0.2835837915539742,0.5540338256658546,0.3,0.1666666666666666,0.7,1.0
303570,mscoco,0.16772758178412914,0.2667327099730445,0.12930011339485645,0.2444542788168777,0.1,0.1111111111111111,0.0,0.0909090909090909
399983,mscoco,0.16120780929923056,0.24642174948491255,0.27268066704273225,0.5989432644802777,0.1,0.125,0.3,1.0
168843,mscoco,0.09192661698907614,0.28163500221766147,0.11977464016526937,0.27531075986417114,0.2,1.0,0.2,1.0
369074,mscoco,0.2758023276925087,0.5972821765545959,0.18941297382116318,0.5833885420458812,0.1,1.0,0.2,1.0
364487,mscoco,0.1092531643807888,0.2502968767151559,0.14386664777994157,0.3067304462332899,0.0,0.0085470085470085,0.0,0.0051282051282051
232546,mscoco,0.03794394298456609,0.11935696183777382,0.03903743214905262,0.09869519437446754,0.1,0.5,0.0,0.0052910052910052
159,drawbench,0.004270100442226976,0.019296409276427992,0.003974798583658412,0.015352773219710528,0.0,9.588095420725627e-06,0.0,1.7944300890037325e-05
329336,mscoco,0.0730795569717884,0.24289742136088371,0.15632227659225464,0.3299197071852043,0.0,0.0476190476190476,0.0,0.0769230769230769
229481,mscoco,0.0356158362235874,0.14603348433582525,0.08265278972685337,0.20650435974408413,0.0,0.04,0.2,0.25
528575,mscoco,0.22165395952761174,0.4478617922039273,0.13522427882999183,0.33712423349719267,0.1,1.0,0.1,1.0
3694,mscoco,0.0742828357964754,0.18006461348543035,0.12621030621230603,0.35966744314230864,0.0,0.0909090909090909,0.4,1.0
417016,mscoco,0.22163707688450812,0.40067322557293267,0.43430927991867063,0.7242856859917085,0.1,0.1666666666666666,0.2,0.1666666666666666
251418,mscoco,0.06087187621742487,0.21313813051079314,0.06812456846237183,0.213798356509487,0.0,0.0476190476190476,0.0,0.0263157894736842
547866,mscoco,0.2820200815796852,0.4587760677321008,0.2847643606364727,0.5555219173154824,0.3,0.5,0.4,0.5
166998,mscoco,0.1461131390184164,0.2277190396051648,0.28542869389057157,0.5363590573892064,0.4,0.3333333333333333,0.6,1.0
570864,mscoco,0.03604775601997971,0.11165586878730771,0.02413489082828164,0.08958563303785844,0.6,1.0,0.4,0.5
462445,mscoco,0.04371135598048568,0.16067267843727598,0.040601299097761515,0.1444697504073071,0.1,1.0,0.1,1.0
300661,mscoco,0.017462231358513235,0.057660274817801296,0.012626782199367881,0.04418025466538416,0.1,0.1666666666666666,0.1,1.0
169502,mscoco,0.1945321097970009,0.3692461184509935,0.09653798509389162,0.33399762455886767,0.1,0.2,0.1,1.0
66144,mscoco,0.038008629344403744,0.10624576358024652,0.07497015446424485,0.22029493189510227,0.1,0.1,0.1,1.0
269843,mscoco,0.02647806815803051,0.10251797230924047,0.02129282457754016,0.10484075100897881,0.1,0.25,0.1,1.0
54938,mscoco,0.07874503564089537,0.19282091146600527,0.0998014273121953,0.2580141300462978,0.0,0.0175438596491228,0.0,0.04
27390,mscoco,0.13215772323310376,0.22496065387226202,0.13975675776600838,0.2819826014841699,0.1,0.1666666666666666,0.1,0.3333333333333333
521978,mscoco,0.31128846704959867,0.6736323864100643,0.29676248878240585,0.7171757236028915,0.1,1.0,0.1,0.5
429433,mscoco,0.09506019800901414,0.20088015368827306,0.10449371132999659,0.3791004633734067,0.1,0.25,0.0,0.0093457943925233
134,drawbench,0.04253754001110792,0.11991100224008239,0.027805161383002996,0.05934356640449694,0.0,2.6367136001687492e-05,0.0,0.0021231422505307
378621,mscoco,0.03513819550862536,0.10107941165217699,0.06722186394035816,0.18377291631046044,0.1,0.1111111111111111,0.0,0.0476190476190476
222948,mscoco,0.059748117066919806,0.17689074717229644,0.09985507093369961,0.2627430713255666,0.0,0.0056497175141242,0.1,0.3333333333333333
77,drawbench,0.033633025363087654,0.0938076046347239,0.03033795659430325,0.10069349187281205,0.0,0.0095238095238095,0.0,0.0084033613445378
124903,mscoco,0.3283103309571743,0.3722058670973714,0.3202735438942909,0.5035702888302026,0.1,0.3333333333333333,0.8,1.0
359375,mscoco,0.0456184521317482,0.12173552856257633,0.08857116252183914,0.27652510096554167,0.1,0.5,0.1,0.5
244760,mscoco,0.08327071443200111,0.20676833762201677,0.09351390413939953,0.19248790439650137,0.7,1.0,0.8,1.0
83097,mscoco,0.04071743171662092,0.11939745376298518,0.026032651588320733,0.09292644212910738,0.3,0.2,0.3,0.3333333333333333
337264,mscoco,0.023622625367715956,0.13281973637538325,0.050102759851142764,0.17982384036635887,0.1,1.0,0.1,1.0
145921,mscoco,0.266531465947628,0.551683822368313,0.30080900341272354,0.5882826069966948,0.2,0.2,0.0,0.0833333333333333
422155,mscoco,0.20114861130714418,0.5356621145625712,0.15486062429845332,0.4172409059922854,0.5,1.0,0.8,1.0
451969,mscoco,0.07556367106735706,0.1645795068107395,0.14640421830117703,0.2513698801253438,0.1,0.1666666666666666,0.1,0.2
484344,mscoco,0.03691094247624278,0.1155088675426802,0.047946405783295634,0.17182369627269825,0.2,0.25,0.3,0.3333333333333333
488952,mscoco,0.15488428585231304,0.288414979338772,0.21609217748045922,0.5577550101509413,0.1,0.1666666666666666,0.1,1.0
67163,mscoco,0.16037445776164533,0.6408792596978744,0.1435912638902664,0.3571103310386719,0.1,1.0,0.1,0.3333333333333333
521068,mscoco,0.04914577975869179,0.14300268053004714,0.07321576997637749,0.1730182392268668,0.1,0.1,0.0,0.0119047619047619
424340,mscoco,0.03681101889815182,0.0804499381594775,0.044377656653523445,0.12042968595520784,0.1,0.2,0.0,0.0769230769230769
364491,mscoco,0.08521447367966176,0.2091276131440422,0.07990627642720938,0.287323071018808,0.2,1.0,0.0,0.0909090909090909
556901,mscoco,0.3436280503869057,0.4908556063720836,0.32847707271575927,0.5169472558135724,0.2,0.5,0.0,0.0526315789473684
420826,mscoco,0.355682548135519,0.6982882517116918,0.37726008519530296,0.5147336814282426,0.2,1.0,0.2,0.3333333333333333
283213,mscoco,0.10075104422867298,0.2684982300905008,0.16816984936594964,0.365190522288511,0.0,0.0833333333333333,0.2,0.2
214363,mscoco,0.008219140116125345,0.027455285455741288,0.014602747932076453,0.05534637137435318,0.1,0.25,0.1,1.0
165350,mscoco,0.31127516105771064,0.5616994256021998,0.4702317237854004,0.7716416832151619,0.0,0.0909090909090909,0.2,1.0
79806,mscoco,0.19569527581334115,0.42658529165747905,0.17749794609844685,0.42152108222143225,0.0,0.0833333333333333,0.1,0.125
279175,mscoco,0.09842526838183403,0.20113152513577934,0.0740096231456846,0.2455106868825054,0.3,0.5,0.4,1.0
200423,mscoco,0.06998741338029504,0.14250890560617474,0.15461619794368744,0.305926408224779,0.1,0.1111111111111111,0.2,0.1111111111111111
11041,mscoco,0.4517556369304657,0.669890703880237,0.6455129623413086,0.9023931235288118,0.7,1.0,0.7,0.3333333333333333
61377,mscoco,0.03220752729102969,0.08421693346896812,0.02767711216583848,0.09868225346625718,0.1,0.1,0.1,0.5
499094,mscoco,0.25622232593595984,0.28811133526564403,0.3722726538777351,0.4766608769504816,0.0,0.0476190476190476,0.3,0.25
65,drawbench,0.013723585987463593,0.07258795169057035,0.018000754876993597,0.04611068263106633,0.0,0.0,0.0,0.0
20542,mscoco,0.21883426681160928,0.3971653545857309,0.2719310484826565,0.45841763210952946,0.2,0.3333333333333333,0.2,1.0
295472,mscoco,0.09789207652211189,0.20440469360992508,0.15478618666529656,0.41138216378102765,0.2,0.3333333333333333,0.7,1.0
4471,mscoco,0.10338563174009323,0.21418825592798696,0.06501282313838601,0.15803297670915387,0.3,0.5,0.2,0.25
518816,mscoco,0.010734810004942119,0.04319448054119601,0.007601154630538076,0.0328084889918578,0.1,1.0,0.1,0.3333333333333333
267700,mscoco,0.21777887046337127,0.5903514289380505,0.35404123514890673,0.4753732906061111,0.8,1.0,0.5,1.0
436696,mscoco,0.15378984790295364,0.4773957429191724,0.14939064979553224,0.4065669873545779,0.0,0.0833333333333333,0.2,0.5
477351,mscoco,0.02834667367860675,0.08957873176366253,0.02435164973139763,0.0873594790611878,0.2,1.0,0.2,1.0
84084,mscoco,0.22335021570324898,0.5072810769040403,0.2418391764163971,0.43421305833696083,0.1,1.0,0.4,0.5
492314,mscoco,0.23158645629882812,0.43222299286540805,0.47537185847759245,0.7239319421542719,0.1,0.125,0.2,0.3333333333333333
13882,mscoco,0.024001900944858788,0.07413407156353119,0.008919743285514415,0.054429501974743305,0.1,1.0,0.1,1.0
125700,mscoco,0.046833265013992785,0.14790082348458844,0.09378343857824803,0.246568649977437,0.2,0.5,0.1,1.0
370103,mscoco,0.2583852127194405,0.534314908462887,0.2795357573777437,0.4705170643628779,0.3,1.0,0.0,0.0909090909090909
94,drawbench,0.07644513566046954,0.18327032375044247,0.05868771187961101,0.1462088561098478,0.0,0.0769230769230769,0.0,0.0048543689320388
137273,mscoco,0.2645202338695526,0.4851021985899179,0.3107674703001976,0.7744628014286721,0.1,0.5,0.1,1.0
106935,mscoco,0.11217663101851941,0.342671843430446,0.19435156658291816,0.3634999137016082,0.1,0.1111111111111111,0.1,0.125
797,mscoco,0.21506518498063087,0.5014818391413008,0.2993949383497238,0.4714850459340719,0.5,0.5,0.6,1.0
107362,mscoco,0.021485779853537678,0.05821438422905362,0.029467966873198748,0.1502514379956641,0.1,0.125,0.3,1.0
81128,mscoco,0.015112791629508137,0.04924805683955494,0.011887266649864614,0.056011634475604165,0.1,0.5,0.1,1.0
442554,mscoco,0.027854336239397526,0.15776984144753128,0.0271334582939744,0.1632068321091573,0.1,1.0,0.1,1.0
19413,mscoco,0.1531212955713272,0.3152437068913392,0.12035890817642211,0.3109767881573639,0.0,0.008,0.0,0.0033444816053511
7583,mscoco,0.035662762448191644,0.11393403554798628,0.07461177632212639,0.16557163341065081,0.0,0.0909090909090909,0.4,1.0
464634,mscoco,0.02850856361910701,0.08539157265384044,0.028085301676765085,0.10823122191855471,0.1,0.5,0.2,1.0
257788,mscoco,0.27116648890078066,0.5909236861312592,0.25913030952215194,0.6060200404452322,0.4,1.0,0.3,0.5
385438,mscoco,0.09949666354805231,0.33248159451773024,0.11615481711924076,0.26403022514312496,0.0,0.04,0.0,0.0833333333333333
275432,mscoco,0.057873799465596676,0.16711066463699611,0.12420640103518962,0.24090145471672908,0.0,0.0232558139534883,0.1,1.0
490582,mscoco,0.037385760759934786,0.207709296359486,0.07924208110198379,0.16845930000272483,0.1,0.5,0.1,1.0
399880,mscoco,0.046615632995963094,0.15191901541280173,0.05044269431382418,0.15765751294568792,0.2,1.0,0.2,1.0
256903,mscoco,0.19955988302826883,0.34550596590927385,0.26723880916833875,0.48948907112944606,0.0,0.0476190476190476,0.6,0.3333333333333333
2349,mscoco,0.041879129875451324,0.15446645157070807,0.05187883824110031,0.1674279485395981,0.1,0.5,0.1,1.0
70735,mscoco,0.23233942985534667,0.4366541081965157,0.2531455658376217,0.554582712784439,0.4,0.3333333333333333,0.5,1.0
73634,mscoco,0.06055068578571081,0.20486706674737734,0.07124480325728655,0.173195207564266,0.4,1.0,0.5,1.0
495131,mscoco,0.056503900699317454,0.15139959369939118,0.04845481598749757,0.1547507045548664,0.0,0.0217391304347826,0.1,0.1
548953,mscoco,0.10482966490089893,0.25626460503317317,0.19011816754937172,0.2960733974642542,0.0,0.0119047619047619,0.0,0.0227272727272727
517780,mscoco,0.09459285885095596,0.36190978147253156,0.10180835090577603,0.35908103261148777,0.1,1.0,0.1,1.0
314616,mscoco,0.09553858526051044,0.21953436486665712,0.13333800993859768,0.31765871642691945,0.0,0.0909090909090909,0.1,1.0
51070,mscoco,0.025399865861982108,0.0803381158588384,0.07023847047239543,0.2168589825793184,0.0,0.0048076923076923,0.1,0.5
61761,mscoco,0.11494800597429275,0.3975132261130868,0.11742607187479734,0.3844741295073395,0.3,1.0,0.5,1.0
228657,mscoco,0.2393852300941944,0.4051006345469868,0.4058891847729683,0.5856424365268064,0.1,0.1428571428571428,0.6,0.3333333333333333
328732,mscoco,0.23501329347491265,0.3462822664597203,0.30711970180273057,0.6977994875434647,0.3,0.25,0.3,1.0
152108,mscoco,0.25775865390896796,0.36676162052342487,0.32529592961072923,0.5386804971451209,0.4,1.0,0.7,0.5
309192,mscoco,0.26432033330202104,0.47965152079398005,0.21225391924381257,0.2856053920259529,0.3,1.0,0.2,0.25
28085,mscoco,0.024451013654470444,0.12396961773475025,0.02233880548737943,0.11387637052539633,0.1,1.0,0.1,1.0
392717,mscoco,0.056605732254683974,0.15634763589431905,0.037542846705764535,0.09569047019899651,0.0,0.003731343283582,0.1,1.0
373648,mscoco,0.24615477509796618,0.6151937895730192,0.22124772816896437,0.5386459723066361,0.2,0.5,0.2,0.5
186201,mscoco,0.16961210817098618,0.3411506532022139,0.17004905939102172,0.4655158143960404,0.3,1.0,0.1,0.25
556248,mscoco,0.09454118199646473,0.24409249220077958,0.0974442046135664,0.2128105005641471,0.3,0.5,0.1,0.3333333333333333
30631,mscoco,0.03733051856979728,0.11768140961782107,0.06675164811313153,0.1681064245544721,0.0,0.0012165450121654,0.1,0.25
109838,mscoco,0.1116834944114089,0.2893385605004786,0.14098057933151723,0.281721566688175,0.1,1.0,0.4,0.2
97686,mscoco,0.1554063123650849,0.5197313048807453,0.19892908334732057,0.3411027560448769,0.1,1.0,0.1,0.1
22559,mscoco,0.06105944737792015,0.210397909395327,0.041731577925384046,0.18485136235590469,0.1,1.0,0.1,1.0
163474,mscoco,0.2697147037833929,0.5083337721869178,0.15164146795868874,0.42154535709109775,0.0,0.0069930069930069,0.0,0.05
23489,mscoco,0.29089786410331725,0.4473291024679862,0.28944207057356836,0.5333368412676862,0.6,1.0,0.8,1.0
460417,mscoco,0.14641831293702126,0.22505780796035374,0.1022359650582075,0.25352132695746893,0.0,0.0103092783505154,0.1,1.0
143120,mscoco,0.086541748046875,0.19030213283280967,0.06468059420585633,0.19985963761407127,0.1,0.3333333333333333,0.2,0.5
549649,mscoco,0.029537543095648287,0.08282597105512811,0.012780540669336916,0.05373717229334853,0.1,0.5,0.1,1.0
62132,mscoco,0.10168529907241464,0.5188597220739731,0.056786271277815104,0.3558845286811427,0.1,0.5,0.1,1.0
371157,mscoco,0.04756173556670547,0.15028957627308148,0.03376835715025663,0.11925051832011808,0.0,0.04,0.1,0.1
376009,mscoco,0.04801248083822429,0.15442615459477385,0.06016761939972639,0.13055908930296153,0.1,1.0,0.0,0.0357142857142857
41997,mscoco,0.7314018905162811,0.7586378658622166,0.6763298898935318,0.8084797733776721,0.9,1.0,1.0,1.0
305338,mscoco,0.04241624772548676,0.15230751566350464,0.03900288064032793,0.1290664271638333,0.5,0.5,0.2,1.0
151922,mscoco,0.11459817364811897,0.2879446534502928,0.15433736369013787,0.4040323744413181,0.1,0.1428571428571428,0.3,1.0
169683,mscoco,0.10271605663001537,0.2997817595180864,0.13370627388358117,0.3522116746526454,0.5,1.0,0.7,1.0
504216,mscoco,0.015647275978699325,0.05685424657644096,0.006910124246496707,0.02669681518967778,0.1,1.0,0.1,0.5
42215,mscoco,0.3126916505396366,0.5529992887850096,0.21163316443562508,0.5581297396714998,0.5,1.0,0.5,1.0
285607,mscoco,0.24095877781510353,0.38325057027867593,0.3317865066230297,0.5690215819269343,0.0,0.0666666666666666,0.0,0.0192307692307692
345562,mscoco,0.040517563745379445,0.14284736164663406,0.04782687495462597,0.12673097412281148,0.1,0.2,0.1,0.1
155160,mscoco,0.08582508396357298,0.2472484159090632,0.09339743778109551,0.30831831613012817,0.1,1.0,0.1,1.0
576944,mscoco,0.05589892379939556,0.15995791660626327,0.07472075074911118,0.20505059798435868,0.1,0.3333333333333333,0.3,1.0
488360,mscoco,0.032692385371774435,0.07160359087171314,0.029340590909123422,0.0837077524694994,0.1,0.1428571428571428,0.1,0.3333333333333333
20641,mscoco,0.15574974976480008,0.30310697382949714,0.16633126065135,0.356152783589658,0.2,1.0,0.2,1.0
83268,mscoco,0.14363530054688453,0.29858935561693006,0.11030446849763394,0.2804674586894728,0.1,1.0,0.0,0.037037037037037
203618,mscoco,0.18820187952369452,0.2357906611007535,0.2669102311134338,0.566229543936485,0.1,0.125,0.1,1.0
301870,mscoco,0.3433790594339371,0.5917104016386284,0.44794552624225614,0.667685818017333,0.5,1.0,0.6,1.0
424788,mscoco,0.07271933425217866,0.18343831165217236,0.11680645570158958,0.33363444236420037,0.1,1.0,0.5,1.0
292170,mscoco,0.05807186160236597,0.1350162665571847,0.17349318899214267,0.4164481952414743,0.1,0.1111111111111111,0.3,0.5
502823,mscoco,0.15193230733275415,0.4609625669623101,0.1921510946005583,0.33479947665768384,0.2,1.0,0.4,1.0
40531,mscoco,0.15341347977519035,0.30893945412413454,0.16415107622742653,0.3108682567512199,0.6,0.3333333333333333,0.8,0.5
162020,mscoco,0.11710887588560581,0.18597267591130084,0.08288698457181454,0.24186739869035465,0.1,0.25,0.1,0.3333333333333333
84853,mscoco,0.3234564416110516,0.6096780380131168,0.26426819916814565,0.32791349624793764,0.5,0.5,0.7,1.0
139839,mscoco,0.049550147540867326,0.13308440236129823,0.07749217841774225,0.24347673470279127,0.1,0.125,0.1,0.1666666666666666
163296,mscoco,0.8588991284370422,0.9286092730766944,0.8473815500736237,0.9488053431687732,0.5,0.3333333333333333,0.4,1.0
268644,mscoco,0.2814763091504574,0.6059901660858581,0.3443196192383766,0.4905346853184152,0.7,1.0,0.9,1.0
69283,mscoco,0.02184256725013256,0.09846740071528436,0.020386609667912125,0.06909646216178078,0.0,0.0169491525423728,0.1,1.0
59610,mscoco,0.3981829836964607,0.659414881739776,0.45083277821540835,0.6987394158870787,0.5,1.0,0.7,1.0
471834,mscoco,0.10504516251385212,0.19337547482103476,0.1026952475309372,0.25595511943222393,0.2,0.3333333333333333,0.7,0.5
15197,mscoco,0.15119919888675212,0.2327775634931533,0.18986799865961074,0.3500003645286143,0.4,0.5,0.6,0.5
343908,mscoco,0.036915394756942985,0.10261043424778515,0.0481167159974575,0.1303578232520394,0.0,0.0093457943925233,0.0,0.0208333333333333
451375,mscoco,0.044546199543401596,0.1344404387815405,0.019665236270520838,0.09176349200353087,0.1,0.3333333333333333,0.1,0.5
440027,mscoco,0.1274093359708786,0.27070397027482374,0.14845700860023497,0.2880702714683673,0.2,0.25,0.5,0.5
377777,mscoco,0.02983264229260385,0.10044775887841528,0.03524444419890642,0.09718593634440183,0.0,0.0060240963855421,0.3,1.0
130240,mscoco,0.3305293135344982,0.47232798098946555,0.5085348635911942,0.6094565782739695,0.4,0.25,0.8,0.5
121618,mscoco,0.07196076456457376,0.19892359009040003,0.08632596330717206,0.17684820883387412,0.3,0.5,0.3,0.5
273245,mscoco,0.057194146374240515,0.19602043597223082,0.055232318304479125,0.15485853396369992,0.1,0.2,0.0,0.0714285714285714
187978,mscoco,0.029394690319895743,0.08656376533247422,0.028529928624629976,0.09090961757249721,0.1,0.25,0.1,1.0
395933,mscoco,0.034441073425114155,0.12787086526755448,0.04368671253323555,0.1366866502316038,0.1,0.5,0.1,1.0
247184,mscoco,0.13587445672601461,0.30941343723995834,0.1387905865907669,0.28381497026670466,0.1,0.2,0.4,0.5
198397,mscoco,0.11332422904670239,0.204617281107406,0.162645111232996,0.3495742235896894,0.1,0.125,0.4,1.0
266207,mscoco,0.4665517687797546,0.6292439142229563,0.48697008192539215,0.7107073698395899,0.7,1.0,1.0,1.0
324816,mscoco,0.13017115779221058,0.3018088556703957,0.12146953754127025,0.3525207593243358,0.1,0.1111111111111111,0.1,0.25
539311,mscoco,0.023849765490740537,0.08502656310541652,0.024997818283736706,0.09037812756772284,0.1,1.0,0.2,1.0
34,drawbench,0.19411509335041047,0.4490257363679075,0.17448820322751998,0.4162738852997006,0.0,0.0,0.0,0.0
214413,mscoco,0.03843101360835135,0.10990293087399716,0.03597417436540127,0.11297268147805548,0.0,0.0526315789473684,0.1,1.0
521574,mscoco,0.1019815243780613,0.2928295951206218,0.07796724159270525,0.2824670929417007,0.0,0.0007710100231303,0.0,0.0185185185185185
317112,mscoco,0.0422264639288187,0.13462485599304205,0.05012312028557062,0.15632992055095454,0.1,1.0,0.1,0.1111111111111111
552295,mscoco,0.11898506209254264,0.33231597994085077,0.11073129028081893,0.3996719783579574,0.0,0.037037037037037,0.1,0.25
579787,mscoco,0.3778295204043388,0.855076967191285,0.3750707104802132,0.7064156945052803,0.3,1.0,0.5,1.0
384422,mscoco,0.05251815291121602,0.16281440352405438,0.10116176400333643,0.25728110453834807,0.1,1.0,0.0,0.0434782608695652
531725,mscoco,0.25042429119348525,0.4027865411744634,0.3205356955528259,0.8017072594026567,0.4,0.5,0.7,1.0
491943,mscoco,0.04846712304279208,0.11262409243459849,0.0764885600656271,0.17595641039455112,0.1,0.5,0.1,1.0
56605,mscoco,0.17898663356900216,0.3147589722749409,0.1260706629604101,0.2829363618281004,0.1,0.5,0.4,1.0
444272,mscoco,0.023813304118812086,0.06381832616244824,0.015420767245814204,0.06541011324442539,0.0,0.0217391304347826,0.1,0.3333333333333333
220948,mscoco,0.059438657201826575,0.16756053835619883,0.07441572956740856,0.21040339661799,0.1,0.1428571428571428,0.8,1.0
265176,mscoco,0.06595196016132832,0.15763265695254727,0.06305240727961063,0.16661676123969113,0.3,1.0,0.3,1.0
186,drawbench,0.06398265063762665,0.295630046770062,0.1567854627966881,0.4463948897078392,0.0,0.0,0.0,0.0
275835,mscoco,0.09755182825028896,0.27323409269182486,0.10387906953692436,0.2566076916523545,0.2,0.5,0.2,0.1666666666666666
386036,mscoco,0.07135082576423883,0.19002201818299963,0.07779113985598088,0.19047707715024328,0.3,0.5,0.3,0.3333333333333333
165638,mscoco,0.18896229416131974,0.3161897005238786,0.20338489934802056,0.44708997546970447,0.1,0.1428571428571428,0.1,0.1666666666666666
388353,mscoco,0.15060664787888528,0.290520856444702,0.16543677672743798,0.4147651255661021,0.1,0.125,0.2,1.0
4624,mscoco,0.37591221183538437,0.6308349092431799,0.37192500829696656,0.582854474672812,0.4,1.0,0.6,1.0
206871,mscoco,0.1546418309211731,0.35051539255165975,0.23715780749917031,0.5147455482690666,0.3,0.3333333333333333,0.4,1.0
516805,mscoco,0.03226994033902884,0.11786119503871145,0.03122203703969717,0.11128323975295268,0.1,1.0,0.1,1.0
531798,mscoco,0.1761654607951641,0.3004639373732734,0.29306033104658125,0.46876137572191884,0.4,0.5,0.5,1.0
89095,mscoco,0.19160060435533524,0.33443016803890446,0.26720200181007386,0.5067300418759705,0.1,0.1666666666666666,0.1,0.1666666666666666
18078,mscoco,0.08061770834028721,0.22570376268912618,0.05678147561848164,0.16710160155484693,0.7,0.5,0.6,1.0
136900,mscoco,0.5258278116583824,0.6482589216383146,0.5144310683012009,0.5811242346876976,0.2,0.125,0.5,0.5
16,drawbench,0.06252076234668494,0.14478106932504484,0.04280668944120407,0.1322679229252722,0.0,0.0,0.0,0.0
350724,mscoco,0.09090154925361275,0.28515523803221116,0.19298190921545028,0.4231455260489583,0.1,0.25,0.1,0.3333333333333333
477195,mscoco,0.038380328798666596,0.14249429082919624,0.03828272214159369,0.11481246336162337,0.6,1.0,0.5,1.0
55059,mscoco,0.09351249970495701,0.3750469295245523,0.11565011721104383,0.3955304997274037,0.1,1.0,0.1,1.0
28214,mscoco,0.05637649903073907,0.32105501938880676,0.07278270167298614,0.31578054650467047,0.2,1.0,0.2,1.0
192812,mscoco,0.14191411361098288,0.32505848527375014,0.1101067079231143,0.2749944102026464,0.1,0.5,0.1,1.0
162717,mscoco,0.04042458776384592,0.1202107644285007,0.04747870974242687,0.15812082963210558,0.1,0.25,0.1,1.0
547136,mscoco,0.14269589856266976,0.24890392757614213,0.12287496440112591,0.23701931183841143,0.1,0.125,0.1,0.1
408182,mscoco,0.09509882740676404,0.19066237382453782,0.12355499397963285,0.3127975097634927,0.1,0.1666666666666666,0.1,0.2
360536,mscoco,0.09182932376861572,0.27150749422685966,0.07459305562078952,0.25409792876062753,0.1,1.0,0.1,1.0
485564,mscoco,0.2379023103043437,0.3587687325592728,0.4881747245788574,0.6416019896655324,0.3,0.3333333333333333,0.3,0.1666666666666666
360695,mscoco,0.49996310472488403,0.47170930272475775,0.6503200992941857,0.686583758747843,0.4,0.25,0.6,0.5
514483,mscoco,0.1079854448325932,0.29550632511949715,0.14447389170527458,0.3068783788456553,0.1,0.25,0.2,1.0
409918,mscoco,0.11560393981635571,0.36247368715772377,0.11834116950631142,0.31639309946037725,0.1,0.5,0.1,1.0
34333,mscoco,0.00843403695616871,0.03089449990342565,0.011088148574344814,0.04477979985838981,0.1,1.0,0.1,0.5
156915,mscoco,0.16951526068150996,0.25977868471262877,0.17645231559872626,0.5118833282249864,0.1,0.125,0.1,1.0
16520,mscoco,0.16443004012107848,0.3500140874533284,0.10075430050492287,0.32076017374793253,0.1,1.0,0.1,0.5
308441,mscoco,0.26686875969171525,0.487390033806502,0.44340583980083464,0.7041449584590758,0.4,1.0,0.7,1.0
246146,mscoco,0.14289785623550416,0.3455580391656813,0.23307966589927673,0.4651587073406377,0.1,0.125,0.4,1.0
525342,mscoco,0.03236897331662476,0.14453125786479804,0.03874649899080396,0.10409906010236925,0.0,0.0217391304347826,0.1,0.3333333333333333
293306,mscoco,0.22476265355944633,0.5920185524124302,0.21598682478070258,0.3853930023673177,0.0,0.0769230769230769,0.0,0.0050761421319796
163431,mscoco,0.09942255541682243,0.2294541458262535,0.1119022773578763,0.45094194233251444,0.3,0.5,0.2,0.1666666666666666
41265,mscoco,0.26039037480950356,0.4923071185863967,0.24383670687675477,0.4421161947347096,0.1,1.0,0.0,0.0833333333333333
184610,mscoco,0.049758297577500346,0.18054255125788143,0.08769105933606625,0.22823355148615726,0.1,1.0,0.1,0.25
545673,mscoco,0.14131307266652585,0.3131542366167148,0.09967915210872888,0.3878835481396796,0.5,0.5,0.3,0.5
187757,mscoco,0.12524695228785276,0.17348576626282103,0.17992915734648704,0.4492825701371917,0.2,0.2,0.6,0.5
492065,mscoco,0.08346938751637936,0.23173707984277528,0.1805695950984955,0.2945115660835892,0.0,0.0277777777777777,0.2,0.25
352248,mscoco,0.12188308537006379,0.2922783967139113,0.09562894068658352,0.24945057510814111,0.3,1.0,0.3,1.0
360173,mscoco,0.23154745548963546,0.36800590316605486,0.3651270493865013,0.4934254775855434,0.2,0.2,0.5,0.5
443913,mscoco,0.05187506433576346,0.13095827225021336,0.0937247671186924,0.22256797426282307,0.0,0.0476190476190476,0.1,0.1428571428571428
475301,mscoco,0.16735129188746214,0.31565664389160186,0.22682385593652726,0.4660759364871268,0.1,0.5,0.3,1.0
196,drawbench,0.016371929203160107,0.04993696310780178,0.006059845455456525,0.0216997488765103,0.0,0.0,0.0,0.0
66192,mscoco,0.07559335231781006,0.17560165755100693,0.1426467802375555,0.2924598193549982,0.1,0.2,0.2,0.2
158950,mscoco,0.07318324241787195,0.29944031295421475,0.1324119158089161,0.3016539658350087,0.2,0.5,0.3,1.0
536278,mscoco,0.5892401307821273,0.7974599220033118,0.47905183583498,0.5679807905121956,0.9,1.0,0.7,0.5
232417,mscoco,0.10071457624435425,0.33803767430629084,0.17974410112947226,0.3322968920478525,0.0,0.0454545454545454,0.0,0.0072992700729927
395013,mscoco,0.05692992634139955,0.11561692459845108,0.06850614920258521,0.19252682221398335,0.3,1.0,0.3,0.5
113839,mscoco,0.1728135198354721,0.2870593960873583,0.19354618191719056,0.48301630134296625,0.6,1.0,0.5,0.5
103512,mscoco,0.13573841601610184,0.2480522599264288,0.17730765268206597,0.32558871337076317,0.0,0.0038022813688212,0.0,0.0094339622641509
47597,mscoco,0.25683638602495196,0.5539797118215214,0.15741926282644272,0.3331975926973508,0.2,1.0,0.1,0.2
197427,mscoco,0.2918842151761055,0.6187619520629072,0.24036807641386987,0.5335044793090085,0.7,1.0,0.4,0.3333333333333333
416604,mscoco,0.040037534479051826,0.13718071282336633,0.03794029811397195,0.1287185083827868,0.1,1.0,0.1,1.0
513733,mscoco,0.1715672924183309,0.3008531154086685,0.17462776824831963,0.4212058933240944,0.8,1.0,0.8,1.0
182373,mscoco,0.19083937853574753,0.3912209705434901,0.3781724750995636,0.557521514100235,0.1,0.5,0.8,1.0
561919,mscoco,0.20533227287232875,0.5522858603805763,0.2314868200570345,0.6630182066166465,0.2,0.1111111111111111,0.7,1.0
221165,mscoco,0.18775570318102835,0.2574915705708937,0.19494687616825104,0.3469020012259291,0.0,0.0833333333333333,0.0,0.0133333333333333
13,drawbench,0.2871665805578232,0.44139995942720367,0.41030789613723756,0.5568489444087852,0.0,0.003690036900369,0.0,0.0178571428571428
490057,mscoco,0.14016289822757244,0.4624616928901904,0.2361367717385292,0.425857451977962,0.1,1.0,0.4,1.0
561957,mscoco,0.37782131806015967,0.6237587993083609,0.4010139286518097,0.605862232974924,0.3,0.5,1.0,1.0
451772,mscoco,0.6528339311480522,0.819143276431788,0.7420311808586121,0.9099452433335626,0.8,1.0,0.9,1.0
247223,mscoco,0.20303500220179557,0.5381649239740419,0.15780991949141027,0.32566562274780386,0.2,1.0,0.2,0.5
532253,mscoco,0.0051939670171123,0.03659970427096061,0.005107671377481892,0.03772933261479515,0.1,1.0,0.1,1.0
178,drawbench,0.004191334056667983,0.014537323436313327,0.001017667117412202,0.004115431888432615,0.0,0.0,0.0,0.0
15621,mscoco,0.15770448558032513,0.3228395483531207,0.17261694073677064,0.356655124998551,0.1,0.1,0.5,1.0
161634,mscoco,0.19962269365787505,0.3307557005998166,0.18992140740156174,0.3583857591399189,0.1,0.1,0.1,0.2
33555,mscoco,0.21427687406539916,0.41061324923392106,0.33196003660559653,0.5929785540423872,0.1,0.5,0.2,1.0
59,drawbench,0.06062785312533379,0.17969121346307187,0.05490117100998759,0.16631383547768935,0.0,0.0,0.0,0.0
17869,mscoco,0.22091347277164458,0.3906354543468754,0.20458637475967406,0.39581931953519317,0.0,0.0909090909090909,0.3,0.3333333333333333
378790,mscoco,0.012294098315760494,0.04811222251085796,0.018853534699883313,0.06048415143547886,0.1,0.2,0.2,1.0
248876,mscoco,0.21677730605006218,0.39846376877816936,0.2047094464302063,0.40564304026818876,0.0,0.0294117647058823,0.2,1.0
398130,mscoco,0.12101574558764697,0.420271615368112,0.11932427464053035,0.36332038448616993,0.1,0.5,0.1,0.5
124236,mscoco,0.051009089592844246,0.1053184998224725,0.04735241364687681,0.14822253030629842,0.1,0.1666666666666666,0.1,0.25
441382,mscoco,0.06897651627659798,0.2735940825564906,0.07219277881085873,0.20238029025933083,0.2,0.3333333333333333,0.1,1.0
444670,mscoco,0.07961020953953266,0.27770929981754894,0.08878493662923574,0.2571246099135874,0.0,0.03125,0.1,1.0
482665,mscoco,0.07493294142186642,0.22296875617018125,0.05550038777291775,0.31848539642390217,0.1,0.5,0.1,1.0
170766,mscoco,0.06493324879556894,0.202434799075982,0.10976009294390679,0.25214478059553475,0.1,1.0,0.1,0.5
156904,mscoco,0.08857732322067022,0.24464323681998745,0.04679105011746287,0.16472045711892888,0.2,0.5,0.1,0.3333333333333333
313156,mscoco,0.2902849316596985,0.5185939966373165,0.2797896213829517,0.6038336962734334,0.2,0.1428571428571428,0.2,1.0
129176,mscoco,0.4221415877342224,0.6258824396355418,0.49432149827480315,0.6814700690968326,0.4,0.5,0.6,0.5
295558,mscoco,0.2640714645385742,0.37257890613713673,0.2834047175943851,0.5385341764536172,0.0,0.0333333333333333,0.2,1.0
246358,mscoco,0.1274787088856101,0.3226142745153086,0.1439005106687546,0.29786561192227134,0.5,1.0,0.6,1.0
281052,mscoco,0.23913678750395775,0.31389547510631344,0.17390579953789712,0.2921646120409088,0.1,0.5,0.3,1.0
324165,mscoco,0.024220099207013845,0.08783957003753515,0.0293569365516305,0.12443847607503289,0.1,1.0,0.1,1.0
536900,mscoco,0.17492362279444934,0.25192997607972867,0.20511382166296244,0.3922786495122772,0.5,0.5,0.7,1.0
579341,mscoco,0.12588908895850182,0.29509647699418684,0.20629079937934874,0.4305352538107569,0.5,1.0,0.6,0.5
149679,mscoco,0.008210228168172762,0.037120455612226204,0.009266652504447848,0.04979303987918958,0.0,0.0909090909090909,0.1,0.25
283840,mscoco,0.0156378623098135,0.05918961081710633,0.019390918873250486,0.07696462342454412,0.1,1.0,0.2,0.25
361351,mscoco,0.11830292567610741,0.44519320880738933,0.12019543275237084,0.3134558913677958,0.2,1.0,0.1,0.3333333333333333
415239,mscoco,0.2214667744934559,0.4462443131160211,0.24133820235729217,0.4271972132164316,0.3,0.3333333333333333,0.6,0.3333333333333333
99073,mscoco,0.12311928793787956,0.2326880065337032,0.13460496589541435,0.2523009799663939,0.3,0.5,0.4,0.3333333333333333
369653,mscoco,0.35468132570385935,0.6584540995009157,0.396143963187933,0.7335304789308318,0.2,1.0,0.1,0.125
72583,mscoco,0.008430417836643755,0.046579320147287134,0.009521131601650268,0.05384047111946085,0.1,1.0,0.1,1.0
565326,mscoco,0.03848122358322144,0.10177716391623004,0.034915231820195916,0.10617385790821605,0.0,0.0714285714285714,0.1,0.5
264660,mscoco,0.0409193898551166,0.14656891308737627,0.03312974437139928,0.15863399338467293,0.1,1.0,0.1,1.0
236552,mscoco,0.17380549442023038,0.4184696278090291,0.17778054997324944,0.5208522483952164,0.2,1.0,0.3,1.0
522491,mscoco,0.054974323883652684,0.19205065699939178,0.10996783971786499,0.2444783778597398,0.0,0.0769230769230769,0.0,0.0095238095238095
84757,mscoco,0.03733846838586032,0.12374302809426088,0.04189923061057925,0.1243365543767017,0.0,0.0096153846153846,0.1,0.1666666666666666
40957,mscoco,0.04988840068690479,0.1724290953401115,0.051546182669699195,0.16210017045571673,0.1,1.0,0.1,0.5
95679,mscoco,0.01981195299886167,0.075226926136337,0.0246286949608475,0.08031600645529899,0.2,1.0,0.2,1.0
265279,mscoco,0.22379546090960503,0.38136284074118176,0.19669306725263597,0.40496193901682914,0.4,1.0,0.3,0.5
245938,mscoco,0.11304685771465302,0.37146521716827446,0.08765142783522606,0.3367016833990996,0.2,1.0,0.1,1.0
522639,mscoco,0.1515162955969572,0.2687038922075051,0.1991410844027996,0.4720225415603321,0.0,0.03125,0.1,0.25
225345,mscoco,0.012827257998287678,0.06132850441826742,0.01608687542611733,0.08532803778373406,0.1,0.5,0.1,1.0
24104,mscoco,0.13029403537511824,0.22533150352182102,0.18948810175061226,0.4078312542794974,0.4,0.1666666666666666,0.8,1.0
317331,mscoco,0.17701438218355178,0.4025622295196984,0.371116840839386,0.6896590508448533,0.5,1.0,0.3,0.3333333333333333
