caption_id,source,pred_clip_p10,pred_clip_rr,pred_blip2_p10,pred_blip2_rr,true_clip_p10,true_clip_rr,true_blip2_p10,true_blip2_rr
261342,mscoco,0.1358639493584633,0.33511298253214894,0.12961682304739952,0.26600771492734876,0.0,0.0192307692307692,0.0,0.04
203177,mscoco,0.012183853867463767,0.05806503749109162,0.014696817845106125,0.061900767621572386,0.1,1.0,0.1,1.0
239082,mscoco,0.3311081498861313,0.5740334652306273,0.36054701209068296,0.6008031948052714,0.2,0.1666666666666666,0.4,1.0
166557,mscoco,0.5427149385213852,0.8286608847356146,0.6311114758253098,0.7214246023764346,0.7,1.0,0.7,1.0
70,drawbench,0.00641308999620378,0.03208240282183307,0.0032921541249379517,0.01504929484014185,0.0,0.0,0.0,0.0
27585,mscoco,0.14891623258590697,0.30901753879581273,0.20432463735342027,0.46660919438041504,0.0,0.0833333333333333,0.4,0.25
44960,mscoco,0.3811447098851204,0.5477468515511803,0.4458763375878334,0.628484643874375,0.2,1.0,0.5,1.0
559685,mscoco,0.23421429619193077,0.4671389512665039,0.22838450744748115,0.636791819784391,0.2,0.3333333333333333,0.1,0.5
577169,mscoco,0.08188412487506866,0.1801518504065371,0.0873699264600873,0.33633024235800735,0.2,0.25,0.4,1.0
276964,mscoco,0.05058706346899271,0.16489872185254437,0.05230975784361362,0.1568115518804357,0.1,1.0,0.1,0.5
480770,mscoco,0.20386748909950256,0.38416044763070795,0.19213920049369335,0.641160871802079,0.3,0.5,0.3,1.0
56821,mscoco,0.06895239129662514,0.16102167091058045,0.06045841425657272,0.19366035943596943,0.1,0.2,0.1,0.25
298353,mscoco,0.038692143140360714,0.10356126066947041,0.025883807288482785,0.06973597542416352,0.0,0.0204081632653061,0.1,0.125
58492,mscoco,0.1113953648135066,0.28325995713416446,0.11636061072349549,0.2869916310300108,0.1,1.0,0.1,0.1428571428571428
530479,mscoco,0.11421883143484593,0.2456758040312424,0.1354425296187401,0.31119991469624164,0.0,0.05,0.0,0.0555555555555555
318426,mscoco,0.12476215716451407,0.27691777424522257,0.14797385260462761,0.3216606399122486,0.3,0.3333333333333333,0.5,0.5
386890,mscoco,0.11162683330476283,0.2570809883142668,0.0541787413880229,0.24058746924998342,0.0,0.0909090909090909,0.1,1.0
23309,mscoco,0.08223544433712959,0.2686671899566932,0.09211629703640938,0.30133702025204356,0.1,1.0,0.2,1.0
101270,mscoco,0.25333106964826585,0.3078271457871349,0.29702658802270887,0.4653056538091131,0.0,0.0769230769230769,0.1,0.25
170809,mscoco,0.012872084137052297,0.05180769727921094,0.012083573592826724,0.0338410207381041,0.1,1.0,0.1,0.1
20150,mscoco,0.150592203438282,0.41224425477193044,0.1606189550831914,0.37045515187480527,0.1,0.1428571428571428,0.1,0.2
142942,mscoco,0.3161923110485077,0.6161277935628174,0.3452525496482849,0.6508611643756955,0.2,0.125,0.2,1.0
63306,mscoco,0.13086140677332878,0.2946277505151524,0.22629982754588127,0.3845380426176632,0.1,0.1,0.2,1.0
561151,mscoco,0.32261187955737114,0.5373234781572902,0.34251734614372253,0.4884505553311089,0.0,0.0172413793103448,0.1,0.1
377619,mscoco,0.1147033516317606,0.3609162573402082,0.10975341610610485,0.32709971528778053,0.1,1.0,0.1,1.0
390068,mscoco,0.245381498336792,0.6019745629858307,0.21336812674999237,0.6021538109657559,0.5,1.0,0.4,1.0
246004,mscoco,0.023272538604214788,0.10365491456583172,0.02000843333080411,0.06012601031497752,0.1,1.0,0.1,0.1
324789,mscoco,0.011471014050766826,0.04291808130950595,0.021050082892179488,0.07960556206926599,0.1,0.125,0.1,1.0
301541,mscoco,0.23597583621740342,0.3687672697359501,0.31275069564580915,0.5816077742232841,0.0,0.0526315789473684,0.2,0.25
233617,mscoco,0.17275978215038776,0.38900152665590226,0.15523827113211155,0.5881396237449671,0.1,0.3333333333333333,0.1,1.0
108452,mscoco,0.10898802690207958,0.36967937469186696,0.12227501198649407,0.37811722424649763,0.1,1.0,0.1,1.0
333049,mscoco,0.18408512584865094,0.3857947032166601,0.24633120894432067,0.36366286920754626,0.2,0.125,0.3,1.0
144796,mscoco,0.09426291845738888,0.20880933844981045,0.0884829644113779,0.19687244839688003,0.1,0.3333333333333333,0.0,0.0303030303030303
488514,mscoco,0.0646916724741459,0.21970099432741855,0.08268455639481545,0.24502245556702382,0.1,1.0,0.1,0.125
47294,mscoco,0.17937036901712416,0.3193622020085362,0.2575197860598564,0.4105132086547062,0.1,0.2,0.3,1.0
306173,mscoco,0.053486342541873455,0.17313397385865092,0.04353803172707558,0.17287870531114277,0.1,1.0,0.1,0.5
253470,mscoco,0.02093029711395502,0.07115175364400668,0.02657813150435686,0.08856700547749165,0.0,0.0909090909090909,0.1,0.5
190700,mscoco,0.04145041424781084,0.14631899433333231,0.05086095742881298,0.18504612953331503,0.1,1.0,0.1,0.5
84089,mscoco,0.21440964490175246,0.4226952682663361,0.14794726781547068,0.22878782668340936,0.0,0.0178571428571428,0.0,0.0031347962382445
175954,mscoco,0.16640417352318765,0.2904546939196822,0.33950544223189355,0.6088981948062362,0.2,1.0,0.5,0.2
158223,mscoco,0.16032980382442474,0.4026056498489781,0.1903656456619501,0.45081284034199276,0.5,1.0,0.7,1.0
448607,mscoco,0.3774061605334282,0.6806766997417638,0.506495401263237,0.824027971005881,0.4,0.5,0.3,0.5
248862,mscoco,0.0856393363326788,0.25820784132586067,0.09431559517979622,0.2794953316686074,0.1,0.5,0.1,1.0
227526,mscoco,0.11307729762047529,0.20103408035410358,0.07306931316852569,0.17340463866676814,0.0,0.0037593984962406,0.0,0.0022988505747126
549409,mscoco,0.036753755249083045,0.12679495218533446,0.03233409756794572,0.10640094522311001,0.1,0.3333333333333333,0.1,0.3333333333333333
123214,mscoco,0.5532029181718826,0.8124504467042626,0.48304626941680906,0.5608966664724049,0.3,0.25,0.1,0.3333333333333333
494957,mscoco,0.18401684537529944,0.3909903415486417,0.16725200079381466,0.393255078871625,0.1,1.0,0.1,1.0
284176,mscoco,0.0867498267441988,0.24402958968440147,0.16586102321743965,0.30602869257382675,0.2,0.25,0.5,1.0
25430,mscoco,0.3638099879026413,0.5923693612668923,0.40325242280960083,0.44924603191657825,0.4,0.25,0.4,1.0
52746,mscoco,0.06627518888562918,0.1942555767413567,0.08069957569241523,0.19519245101791136,0.4,1.0,0.4,1.0
118598,mscoco,0.20922148749232292,0.43469218939913806,0.21368518173694612,0.38880256693304127,0.3,1.0,0.3,0.5
42622,mscoco,0.23939734250307082,0.38172688377272973,0.3557147726416588,0.5780469587687839,0.1,0.1111111111111111,0.6,1.0
128275,mscoco,0.09635681752115488,0.24974432126988003,0.1443980261683464,0.40277077248234,0.1,0.3333333333333333,0.4,1.0
402255,mscoco,0.027236939407885075,0.09270797191006648,0.02464390539098531,0.07017309473482918,0.0,0.0285714285714285,0.1,0.25
24935,mscoco,0.1103479065001011,0.32379128142512525,0.10479902047663928,0.30898560378162426,0.1,0.5,0.1,1.0
39502,mscoco,0.020313436794094742,0.07198830288342109,0.02221949165686965,0.08282092845236791,0.0,0.0123456790123456,0.1,0.5
370391,mscoco,0.08582960963249206,0.2300578612458809,0.22501171380281448,0.4022766099403528,0.0,0.0138888888888888,0.3,0.3333333333333333
170700,mscoco,0.033953480422496796,0.07631256675274678,0.10853127767331898,0.3416824785902248,0.0,0.0212765957446808,0.1,1.0
438910,mscoco,0.20212920308113097,0.397013796642044,0.2515334077179432,0.42981567783819663,0.1,0.25,0.3,1.0
160,drawbench,0.01730364002287388,0.05906486188546179,0.006261069886386394,0.026105166211663818,0.0,0.0,0.0,0.0
291526,mscoco,0.02398880560649559,0.09287249270284136,0.021613081940449773,0.08582072825121675,0.1,1.0,0.1,0.5
379596,mscoco,0.07691250443458557,0.27678172921407473,0.09864165354520082,0.29017426804483976,0.1,1.0,0.0,0.0769230769230769
12,drawbench,0.17684147655963897,0.3384939406550037,0.14439874589443208,0.2769308942533542,0.0,0.0,0.0,0.0
241148,mscoco,0.06887455936521292,0.15455114999561673,0.053712265007197856,0.19053016595959849,0.1,0.1428571428571428,0.2,1.0
319991,mscoco,0.10664480254054069,0.234966513266785,0.07177448607981204,0.24442880816792265,0.1,0.5,0.1,1.0
310688,mscoco,0.038127060234546664,0.13797444513053886,0.032126236334443094,0.12621038742369503,0.1,1.0,0.1,1.0
243283,mscoco,0.19797378405928612,0.3348649596091434,0.22890408784151078,0.4617021486776296,0.9,0.5,1.0,1.0
149,drawbench,0.04098493661731482,0.18336436086005287,0.0441982863470912,0.1631785846804202,0.0,0.0,0.0,0.0
558426,mscoco,0.20804461613297462,0.4472312940813947,0.25295083597302437,0.5307661974309932,0.2,0.3333333333333333,0.5,1.0
394214,mscoco,0.14196173697710038,0.2974500801634704,0.19288381785154343,0.36470033762146714,0.0,0.05,0.1,1.0
297699,mscoco,0.07446587607264518,0.21529661867211286,0.10801643058657646,0.28186536996797096,0.1,0.125,0.1,0.125
146972,mscoco,0.03347469214349985,0.12519242176653148,0.0453122939914465,0.13494874093233267,0.2,0.5,0.0,0.0909090909090909
401783,mscoco,0.7009081065654754,0.7663076155026053,0.5971452593803406,0.7702326297358955,0.8,0.5,0.9,1.0
182245,mscoco,0.16294109001755713,0.3972641371799881,0.2782256081700325,0.5746031050903332,0.0,0.0256410256410256,0.2,1.0
126018,mscoco,0.26321268305182455,0.48368298406416727,0.2399691343307495,0.5779103563409377,0.7,1.0,0.4,1.0
290549,mscoco,0.05027227997779846,0.17828857289896144,0.056092754611745475,0.2157371440409805,0.1,0.3333333333333333,0.1,1.0
399946,mscoco,0.06371598225086927,0.17138977576945352,0.07701669652014971,0.23053570397086962,0.1,0.5,0.1,1.0
8,drawbench,0.32001905888319016,0.523096116033339,0.263490079715848,0.37866404022689903,0.0,0.0001043296817944,0.0,6.345580303318739e-05
211678,mscoco,0.12372488379478455,0.26439114060089086,0.1053867444396019,0.2549822201926847,0.3,0.5,0.4,0.5
421539,mscoco,0.012485615815967322,0.0399914029381925,0.014091714657843113,0.0533722434052226,0.1,1.0,0.2,0.3333333333333333
264358,mscoco,0.04049039715901017,0.1145779007009819,0.03561907615512609,0.16126017281252503,0.1,0.5,0.1,1.0
430848,mscoco,0.14910280779004098,0.47540911053929963,0.17147791683673858,0.3801157244059536,0.2,1.0,0.2,0.5
133251,mscoco,0.2589583367109299,0.5376336677911655,0.22670841291546823,0.4683639917315002,0.5,0.5,0.2,0.1666666666666666
568560,mscoco,0.156085804104805,0.30688955526350653,0.17352316081523894,0.4030771149001501,0.2,0.3333333333333333,0.0,0.0526315789473684
405612,mscoco,0.15199346356093885,0.28163212468810667,0.12154513150453568,0.3347748488685126,0.1,1.0,0.1,0.5
20794,mscoco,0.10956348925828933,0.2564490729395397,0.19951431453227997,0.3936957883017956,0.1,0.1428571428571428,0.1,0.5
6,drawbench,0.5786626145243645,0.7188911414611986,0.32499250434339044,0.45187411939015065,0.0,0.0011750881316098,0.0,0.0129870129870129
225306,mscoco,0.14628333896398543,0.3646857758388502,0.1865897372364998,0.4615253711645078,0.0,0.0833333333333333,0.1,1.0
103603,mscoco,0.22679686024785042,0.35560594038322674,0.2993676707148552,0.48029772298455864,0.6,0.3333333333333333,0.4,1.0
395,mscoco,0.054071429371833804,0.2003522054864081,0.07527890438213944,0.20290457637617434,0.2,1.0,0.1,0.25
80067,mscoco,0.025574270542711018,0.07459664069461314,0.025385240092873573,0.12103818889776537,0.1,0.1428571428571428,0.1,1.0
490619,mscoco,0.15392340384423733,0.3227531038740674,0.13245873153209686,0.2698524323928852,0.0,0.0066666666666666,0.0,0.0109890109890109
167126,mscoco,0.1778846886008978,0.476823863531845,0.23785084560513498,0.5345649037671334,0.4,1.0,0.1,1.0
442961,mscoco,0.19132745414972305,0.41911621279319844,0.21118233427405358,0.3663818077990171,0.1,0.5,0.5,0.5
260111,mscoco,0.13948219791054725,0.3630897697627775,0.0861112330108881,0.21599697227611533,0.0,0.0555555555555555,0.0,0.0161290322580645
68005,mscoco,0.05389924198389053,0.18042243056099264,0.06954620778560638,0.19351768504349573,0.1,1.0,0.1,1.0
73541,mscoco,0.21988924220204353,0.3561519567304131,0.26557768434286116,0.6351132381635479,0.2,0.5,0.0,0.0833333333333333
316190,mscoco,0.08234575167298316,0.1856245133263185,0.09767624922096729,0.2874033611339343,0.1,1.0,0.1,0.1428571428571428
519552,mscoco,0.03774848962202668,0.146795884028776,0.025992178078740834,0.10078695620520452,0.1,0.3333333333333333,0.1,0.5
365419,mscoco,0.2706661902368069,0.4575315600465272,0.2865905866026878,0.5967668998206941,0.1,0.2,0.2,0.5
55050,mscoco,0.10585943162441254,0.40621724353151323,0.11685321591794491,0.40588547535306746,0.1,1.0,0.1,1.0
150,drawbench,0.08396338876336813,0.17686747401868688,0.05658299997448921,0.17622598215171797,0.0,0.0,0.0,0.0
122,drawbench,0.05164254941046238,0.13748889089696867,0.054624547623097895,0.2678331070436412,0.0,0.000125786163522,0.0,4.940955580809328e-05
403464,mscoco,0.19982224330306053,0.40444198170965895,0.23680418021976948,0.4593149307866849,0.2,1.0,0.1,0.25
256809,mscoco,0.2860134929418564,0.4761042098511411,0.330730114877224,0.5901785131113686,0.0,0.0434782608695652,0.6,0.5
481098,mscoco,0.07965639680624008,0.2043470781129279,0.1439476680010557,0.24467561525278822,0.0,0.0060240963855421,0.0,0.0909090909090909
163289,mscoco,0.15085650011897087,0.2864732538657877,0.199283017963171,0.4543315026868355,0.0,0.0025839793281653,0.0,0.0476190476190476
383175,mscoco,0.2625624656677246,0.4132644613903722,0.3258841812610626,0.6274531992953342,0.3,0.3333333333333333,0.2,0.3333333333333333
71346,mscoco,0.1720081441104412,0.3288180036676346,0.23906536027789116,0.35880107998734095,0.0,0.0161290322580645,0.1,0.5
15569,mscoco,0.09646614901721477,0.2600715773427318,0.1802801862359047,0.40959702580535945,0.1,0.125,0.3,0.25
314949,mscoco,0.03812189642339945,0.15428915166801208,0.05937078818678856,0.20719235868483524,0.1,1.0,0.1,1.0
424018,mscoco,0.11811278648674488,0.3799741508876943,0.13492073640227317,0.3725615312005905,0.3,0.3333333333333333,0.2,1.0
465153,mscoco,0.03570395046845078,0.14201243821321158,0.041172006819397214,0.14570658197613578,0.2,1.0,0.2,1.0
10540,mscoco,0.07309301160275936,0.20219197815121576,0.09704506434500218,0.23747686700158288,0.0,0.0294117647058823,0.0,0.0024509803921568
524401,mscoco,0.07089294958859682,0.17151373759348518,0.13511934652924537,0.3182601982323481,0.1,0.1111111111111111,0.4,0.5
277498,mscoco,0.10259416736662388,0.20798167107785975,0.174636422842741,0.3577165408785331,0.0,0.0196078431372549,0.1,0.1
393583,mscoco,0.06478923186659813,0.1952323079927664,0.06200401186943054,0.2133297324671845,0.2,0.25,0.2,1.0
151339,mscoco,0.24501624777913095,0.5264952895462987,0.1978256843984127,0.5010086039758439,0.3,1.0,0.2,0.3333333333333333
300509,mscoco,0.07393586710095405,0.17658680174137262,0.07668634839355945,0.19526200429897203,0.1,0.5,0.0,0.0833333333333333
389145,mscoco,0.05706561058759689,0.1889185974372885,0.05047742808237672,0.1853250210346613,0.1,1.0,0.1,1.0
537667,mscoco,0.06922607943415642,0.16682792089923787,0.03974904660135507,0.17733319492828087,0.1,0.5,0.1,1.0
352143,mscoco,0.07781609054654837,0.20209700542415704,0.066579931974411,0.17419069540013932,0.1,1.0,0.2,0.5
148,drawbench,0.0826446807011962,0.2520763657641018,0.03494829251430929,0.12974251572684417,0.0,0.0,0.0,0.0
355826,mscoco,0.1393626444041729,0.4705397021434112,0.14028406143188477,0.4902317794789389,0.2,1.0,0.1,1.0
251937,mscoco,0.26452464461326597,0.443134183708968,0.3556543946266174,0.5299626885524666,0.3,1.0,0.3,1.0
135397,mscoco,0.029061804339289666,0.12870055147131468,0.03324972968548536,0.1468044001074737,0.1,1.0,0.1,1.0
394658,mscoco,0.13790487200021745,0.3355839796073176,0.10746475718915463,0.3467219384693387,0.1,0.3333333333333333,0.1,1.0
485709,mscoco,0.2540705919265747,0.6360330748163217,0.11327899247407913,0.24444576845101554,0.2,1.0,0.1,0.1428571428571428
504167,mscoco,0.19472196623682975,0.4029759827801497,0.16599345952272415,0.3416679917720474,0.1,1.0,0.0,0.0263157894736842
230644,mscoco,0.10420685540884733,0.1857979895941341,0.12137313894927501,0.2673664628529339,0.1,0.1,0.2,0.3333333333333333
83510,mscoco,0.07953267376869917,0.21584478802588425,0.1140636894851923,0.35500342681834934,0.1,0.1428571428571428,0.0,0.02
401650,mscoco,0.03081411952152848,0.0727206484878895,0.03546148384921253,0.08095759000034651,0.1,0.125,0.1,0.2
136411,mscoco,0.3535486951470375,0.4462107719263674,0.37158778980374335,0.7422380273358775,0.0,0.037037037037037,0.1,0.1666666666666666
176120,mscoco,0.15261194333434105,0.40903583281257605,0.12922844290733337,0.2912557308920994,0.2,0.1111111111111111,0.3,0.25
348134,mscoco,0.06001489777117967,0.16058455394011717,0.08489474710077047,0.27818686452214336,0.3,0.5,0.1,1.0
193398,mscoco,0.07172770667821168,0.18567296965302937,0.06348898932337761,0.21938399039103737,0.0,0.0833333333333333,0.1,1.0
540774,mscoco,0.20769098699092864,0.33569443233314245,0.3566199064254761,0.6496315534714676,0.6,1.0,0.9,1.0
113211,mscoco,0.0790857296437025,0.24808121559413332,0.07182437907904386,0.22471098819962768,0.1,0.1111111111111111,0.2,1.0
406749,mscoco,0.07530514299869537,0.2031430235723404,0.0748424030840397,0.2020018706843347,0.2,1.0,0.2,1.0
280551,mscoco,0.036410686746239665,0.10902791010088184,0.043466643802821635,0.14811697826726308,0.1,0.3333333333333333,0.1,1.0
441358,mscoco,0.07139500007033348,0.21357724340402268,0.11561991199851036,0.2834504482885982,0.2,0.2,0.1,0.5
561314,mscoco,0.17029447257518768,0.3317610994547844,0.304952809214592,0.49651114419788495,0.0,0.0454545454545454,0.6,1.0
130749,mscoco,0.0804271318949759,0.24311149710745494,0.10092383846640587,0.2571729470750128,0.0,0.0769230769230769,0.1,0.3333333333333333
25907,mscoco,0.042883760575205085,0.1721337396794648,0.03805873766541481,0.14254830430004586,0.1,1.0,0.1,1.0
364157,mscoco,0.02996557457372546,0.11399420212702076,0.0398854423314333,0.14239052360618432,0.3,1.0,0.3,0.3333333333333333
327529,mscoco,0.07087332988157868,0.2578019117421539,0.13029049709439278,0.34712477508921136,0.1,1.0,0.1,0.3333333333333333
214087,mscoco,0.0791301004588604,0.22854869832560412,0.05527215478941798,0.23155871854570942,0.1,0.25,0.1,1.0
253763,mscoco,0.12981584742665292,0.30031231230646765,0.15663211941719055,0.29931576650167074,0.1,1.0,0.1,1.0
298065,mscoco,0.10464492961764335,0.42170097175615695,0.095193041395396,0.41227523319290943,0.1,1.0,0.1,1.0
305803,mscoco,0.2623195290565491,0.4608440087848029,0.2652454324066639,0.43669816428779146,0.0,0.0151515151515151,0.0,0.0454545454545454
173,drawbench,0.01997572393156588,0.06020047417230047,0.058104679360985755,0.14912289178570867,0.0,0.0,0.0,0.0
458339,mscoco,0.18147701472043992,0.4459154477401709,0.16558367162942886,0.33374984882237385,0.0,0.0833333333333333,0.1,0.5
428326,mscoco,0.0945674043148756,0.1931924700736547,0.08982957862317562,0.20547418082494848,0.0,0.0181818181818181,0.0,0.0103092783505154
530201,mscoco,0.24492691308259965,0.5869546848497484,0.2219614416360855,0.5770524972718771,0.1,1.0,0.1,1.0
59039,mscoco,0.3134172745049,0.6397805058354629,0.39130366444587705,0.5440068005696944,0.3,1.0,0.7,0.5
333738,mscoco,0.33543223291635516,0.5317107265918625,0.3162964776158333,0.5314648541222309,0.6,0.5,1.0,1.0
132081,mscoco,0.04329692469909787,0.15648794733138344,0.05506940018385649,0.16109596038350876,0.1,0.25,0.1,0.5
26573,mscoco,0.3049961730837822,0.6400966976180832,0.24391304105520248,0.4922416214722766,0.3,1.0,0.4,0.3333333333333333
115893,mscoco,0.35092422515153887,0.7342931407016141,0.26291917003691195,0.4789498958855103,0.2,1.0,0.4,1.0
49542,mscoco,0.302778796851635,0.5532304371058542,0.42948591858148577,0.7429958870759089,0.5,0.25,0.5,0.5
212864,mscoco,0.04103194558992982,0.14378134250716504,0.04223853852599859,0.11252683911721315,0.0,0.0454545454545454,0.0,0.0075187969924812
32967,mscoco,0.08518717773258686,0.31628889485458933,0.11631376259028911,0.32413990544428745,0.0,0.0015037593984962,0.2,0.2
98642,mscoco,0.0072865631664171815,0.027614154109087644,0.01116322809830308,0.03880645491609324,0.1,0.3333333333333333,0.1,1.0
183719,mscoco,0.12994955182075502,0.3476052954553322,0.16370308250188828,0.4052592673371421,0.0,0.0060240963855421,0.0,0.006060606060606
401307,mscoco,0.2719840183854103,0.6333862424009574,0.3241414584219456,0.6630439042303099,0.2,1.0,0.3,1.0
467612,mscoco,0.36425155997276304,0.4496644317814713,0.3856714963912964,0.5843248825335937,0.6,0.5,0.4,0.3333333333333333
36034,mscoco,0.09397386126220227,0.27588426774977826,0.08484523575752974,0.2182624536754896,0.2,1.0,0.1,0.2
216378,mscoco,0.1656442169100046,0.28536124641514193,0.18830034993588923,0.3333991686947516,0.1,0.5,0.1,1.0
360441,mscoco,0.12895624823868274,0.3294408699257469,0.09038332737982273,0.22138488573335827,0.1,0.1666666666666666,0.1,0.1428571428571428
75057,mscoco,0.19478907026350498,0.6126508262800509,0.4118992105126381,0.6343993318694291,0.3,1.0,0.6,1.0
53870,mscoco,0.07920020744204521,0.20162783476679041,0.08056775107979774,0.19599506043885961,0.1,0.1428571428571428,0.0,0.0161290322580645
253323,mscoco,0.09622255526483059,0.3443370641847986,0.09598792120814323,0.22161659267047232,0.2,0.1666666666666666,0.3,0.5
433270,mscoco,0.17604757249355316,0.35203214574874553,0.18905719369649887,0.3743003678816911,0.2,0.125,0.3,1.0
176758,mscoco,0.15239946246147157,0.30227200102425933,0.1956478960812092,0.46600981567396094,0.1,0.2,0.2,1.0
420396,mscoco,0.021282356325536968,0.0732138665599937,0.03333540204912424,0.14571043079243176,0.1,0.1428571428571428,0.1,1.0
365792,mscoco,0.30471891686320307,0.588226264240376,0.29939867109060286,0.6962033659043456,0.3,0.5,0.3,1.0
564382,mscoco,0.039296488370746376,0.15182383314754336,0.03721923027187586,0.15582076303982378,0.1,0.5,0.1,1.0
180667,mscoco,0.054542926233261825,0.15515853627244472,0.06262668538838626,0.194434323838557,0.1,1.0,0.0,0.0020242914979757
154399,mscoco,0.1882917545735836,0.28220125802121526,0.15635863095521926,0.32717764070582506,0.1,0.2,0.0,0.0833333333333333
576537,mscoco,0.10334421209990978,0.27413708539316284,0.21707128286361693,0.48143143952878914,0.2,1.0,0.4,1.0
18194,mscoco,0.05908143315464258,0.1954380591737802,0.11993754245340824,0.33667027719403503,0.1,0.1666666666666666,0.2,0.5
278243,mscoco,0.08316005058586598,0.24385645228318759,0.07213193587958813,0.19924918740517053,0.1,0.5,0.1,0.5
253728,mscoco,0.09375191479921341,0.2604346469819808,0.1278157114982605,0.2852034472206041,0.1,1.0,0.1,1.0
306229,mscoco,0.36457653641700744,0.5435133627655747,0.4478456795215607,0.6498782104883316,0.6,1.0,0.8,1.0
413277,mscoco,0.3028868824243546,0.5613993127221699,0.3714950308203697,0.6366738746471846,0.1,0.1428571428571428,0.5,1.0
86951,mscoco,0.13243542201817035,0.31002129690167696,0.13911213725805283,0.26642379866774274,0.5,1.0,0.8,1.0
489942,mscoco,0.06600480489432811,0.2815914827565928,0.08539105542004108,0.293041976531304,0.1,1.0,0.1,1.0
199141,mscoco,0.27239597886800765,0.5742833554720089,0.2943496696650982,0.566148653363446,0.4,0.5,0.5,0.5
170336,mscoco,0.2054031178355217,0.4053864927310765,0.21073972806334496,0.409884800925256,0.1,0.3333333333333333,0.2,0.2
89549,mscoco,0.09099173285067082,0.25444600912395593,0.15087622292339803,0.4535204441617604,0.0,0.0909090909090909,0.1,1.0
372246,mscoco,0.052283153403550386,0.23623571208262995,0.05177092161029577,0.2418024566141791,0.1,1.0,0.1,1.0
535563,mscoco,0.049873676337301734,0.19017408130238303,0.07495294297114015,0.21839138902510327,0.1,1.0,0.1,1.0
228222,mscoco,0.15203404650092125,0.31484440942716574,0.17872172221541405,0.348992298082738,0.4,0.5,0.6,1.0
195353,mscoco,0.1732750792056322,0.33359870205523073,0.22309985533356666,0.6171139807930649,0.4,0.3333333333333333,0.5,1.0
58624,mscoco,0.07409297525882722,0.23494505623021808,0.08431374777574092,0.36853506517961476,0.1,0.5,0.1,1.0
268900,mscoco,0.07621803544461728,0.23125290270669902,0.0839400677010417,0.16466614240295152,0.1,0.125,0.1,0.25
161019,mscoco,0.2997355081140995,0.5685425933243016,0.29421205520629884,0.5784276400198853,0.2,0.3333333333333333,0.4,1.0
379035,mscoco,0.1515599900856614,0.3625812629344723,0.18982017487287522,0.4057578924963658,0.0,0.0123456790123456,0.2,0.25
172276,mscoco,0.2618802025914192,0.6251909491818709,0.2777187332510948,0.5705935014296264,0.1,0.1428571428571428,0.1,0.1111111111111111
271120,mscoco,0.09004631787538528,0.24041958790444956,0.1097402710467577,0.2897278067253855,0.0,0.0555555555555555,0.1,0.1111111111111111
180445,mscoco,0.030665693525224923,0.1317640372773027,0.027177953720092775,0.1313016877874406,0.2,1.0,0.2,1.0
284362,mscoco,0.14855846278369428,0.3018082455183668,0.16740154176950456,0.348430385630921,0.0,0.0384615384615384,0.1,1.0
466656,mscoco,0.11662788093090057,0.27215472319163947,0.10751130729913712,0.2631668862298895,0.5,1.0,0.5,1.0
271360,mscoco,0.04815678503364325,0.17128863098534092,0.05621310360729694,0.23866027702516332,0.1,1.0,0.0,0.0001578033769922
429290,mscoco,0.15308670811355113,0.3360464469289492,0.28085827007889747,0.3628432332164833,0.0,0.0238095238095238,0.0,0.0769230769230769
464649,mscoco,0.3431388698518276,0.6926878249401789,0.25319600440561774,0.4495895558851098,0.0,0.0666666666666666,0.0,0.02
118260,mscoco,0.14013176336884497,0.2987902371788535,0.14274273067712784,0.3869114344604877,0.0,0.0263157894736842,0.0,0.0120481927710843
337062,mscoco,0.08362982459366322,0.18419471262836526,0.17289745956659316,0.2588019383166123,0.0,0.0625,0.4,0.5
249049,mscoco,0.12270235121250153,0.28739199912378255,0.11062601916491985,0.3577944674499631,0.2,0.3333333333333333,0.1,1.0
497542,mscoco,0.022351978393271566,0.08232183494099322,0.045708599593490364,0.1729566291899999,0.0,0.0123456790123456,0.1,0.5
400940,mscoco,0.20635579600930215,0.4087369467419913,0.19767532572150232,0.4859097110783287,0.1,0.3333333333333333,0.1,0.5
254753,mscoco,0.06423718649893999,0.16560898136569613,0.08296554535627365,0.2878781632474003,0.1,0.2,0.1,1.0
550157,mscoco,0.18922920823097228,0.3817653301309159,0.19251333586871625,0.4468343719898154,0.4,1.0,0.5,1.0
113905,mscoco,0.29212756007909774,0.44896474302994244,0.32321874648332594,0.6065441280629094,0.1,0.2,0.3,1.0
471881,mscoco,0.07476669307798148,0.3202336054920087,0.060483101196587084,0.3145486843626565,0.1,1.0,0.1,1.0
524187,mscoco,0.26477507799863814,0.48355613498118855,0.32216558158397673,0.6074186186169516,0.1,0.1111111111111111,0.4,1.0
354409,mscoco,0.06458259066566825,0.2817027269699847,0.068679135479033,0.30116515354916,0.1,1.0,0.1,1.0
36713,mscoco,0.1339428298175335,0.3195591883483603,0.14821793735027314,0.279691414497007,0.1,1.0,0.1,0.5
421005,mscoco,0.1852128256112337,0.3520723150571321,0.1941862002015114,0.43679090677707455,0.2,0.25,0.2,1.0
504639,mscoco,0.2637377083301544,0.5002210352168177,0.3120790019631386,0.5239675606219154,0.7,1.0,0.8,1.0
356660,mscoco,0.1820257157087326,0.3859992870127283,0.24487614408135414,0.4743329826108473,0.1,0.1111111111111111,0.2,0.2
1792,mscoco,0.5571707144379616,0.7662293766117197,0.6458157509565353,0.771530490002034,0.7,1.0,1.0,1.0
30409,mscoco,0.0896077997982502,0.2414653569524487,0.20318503268063068,0.44849616659093133,0.0,0.0142857142857142,0.1,1.0
254060,mscoco,0.1400967314839363,0.3201658000846274,0.22753412872552872,0.48858459758931855,0.1,0.1111111111111111,0.3,1.0
169340,mscoco,0.07496153376996517,0.21563030692616855,0.12599216848611833,0.33580471196568157,0.1,0.3333333333333333,0.1,1.0
42513,mscoco,0.051979783736169335,0.1762432617462061,0.08186902031302452,0.20943933891131034,0.1,1.0,0.2,0.1428571428571428
402887,mscoco,0.39808955490589143,0.488279292325953,0.25504418537020684,0.6889446992939124,0.1,0.3333333333333333,0.1,0.5
96435,mscoco,0.04427212625741959,0.18721451106961606,0.027555655222386122,0.1641922222728203,0.1,1.0,0.1,1.0
441541,mscoco,0.058720939233899115,0.1818727173588642,0.06826381608843804,0.18394572509743268,0.0,0.0833333333333333,0.0,0.0333333333333333
51663,mscoco,0.07870437651872635,0.21102710309666378,0.11380308717489243,0.27854491767019324,0.1,0.1111111111111111,0.1,0.2
474271,mscoco,0.09851423427462577,0.2764767488369798,0.09016412757337093,0.22942288991664747,0.1,1.0,0.1,1.0
72702,mscoco,0.1118895823135972,0.3068050388355568,0.17541783004999162,0.36255408456103966,0.1,1.0,0.1,1.0
182793,mscoco,0.3420983925461769,0.6951105533953329,0.3962355375289917,0.588674005796865,0.0,0.0113636363636363,0.0,0.0434782608695652
21795,mscoco,0.1636453799903393,0.39012480759433854,0.11526823714375496,0.36445910659762537,0.1,1.0,0.1,1.0
566672,mscoco,0.18238095417618752,0.38340080289526157,0.20491990000009536,0.4314630290130646,0.2,0.25,0.5,1.0
2664,mscoco,0.055190079659223554,0.17422360154510128,0.05296987444162369,0.17844152630812263,0.0,0.0625,0.0,0.0476190476190476
333241,mscoco,0.030830354150384664,0.17709391356437898,0.03273596134968102,0.1193116953383674,0.1,1.0,0.1,0.3333333333333333
353402,mscoco,0.11237264312803745,0.2454677693247442,0.14436212703585624,0.37082921365486543,0.0,0.0285714285714285,0.1,0.5
18252,mscoco,0.20433829352259636,0.3892206972876911,0.24799154624342917,0.374419399686927,0.6,1.0,1.0,1.0
387352,mscoco,0.08800814151763917,0.21062124567470106,0.15175365433096885,0.31414847666069834,0.1,0.5,0.3,0.5
198085,mscoco,0.3660735711455345,0.5556281559229982,0.2810929223895073,0.4714590296440786,0.1,0.1428571428571428,0.1,0.5
246625,mscoco,0.37019929885864256,0.5456184881196418,0.35365807712078096,0.5434218918595948,0.5,0.3333333333333333,0.7,1.0
420045,mscoco,0.2390289232134819,0.5008698391507223,0.23784037698060273,0.4938555831861335,0.0,0.0303030303030303,0.0,0.0714285714285714
398225,mscoco,0.07063810992985964,0.19600433330856976,0.085327859967947,0.22205893783091474,0.1,0.3333333333333333,0.0,0.0909090909090909
132964,mscoco,0.2879501819610596,0.5338823303832028,0.34001208245754244,0.6173111171786534,0.6,1.0,0.9,1.0
344632,mscoco,0.0029654837911948563,0.010312736697604371,0.004041558946482837,0.014845714016230329,0.0,0.0285714285714285,0.0,0.0434782608695652
508045,mscoco,0.17092868387699128,0.4437551242157053,0.17978726476430892,0.4554540410043505,0.3,1.0,0.2,1.0
236936,mscoco,0.04147349703125656,0.12744146237654405,0.039022357761859895,0.14554225380051794,0.0,0.0526315789473684,0.1,1.0
110330,mscoco,0.04818772785365581,0.15064073594717448,0.04930036589503288,0.14510037231062803,0.1,0.5,0.1,0.2
19292,mscoco,0.3400339871644974,0.3596804355366566,0.48571901619434354,0.6460444481009625,0.4,0.2,0.4,1.0
19,drawbench,0.026247573923319577,0.09019059683167088,0.016400490258820354,0.04994446077874757,0.0,0.0,0.0,0.0
345294,mscoco,0.21442024782299995,0.3834579436455101,0.1710201669484377,0.4287966478570184,0.1,0.125,0.2,1.0
250424,mscoco,0.021751698246225713,0.10698969976384255,0.0208013410679996,0.06736795101037524,0.0,0.0136986301369863,0.1,1.0
50583,mscoco,0.044449948333203794,0.21234885545486684,0.03826469574123621,0.12945337796012593,0.2,0.5,0.2,0.5
230879,mscoco,0.13857873529195786,0.2645798360910579,0.16965375393629073,0.42761004029528654,0.0,0.04,0.0,0.0833333333333333
168609,mscoco,0.04506367649883032,0.12616566389645337,0.05733189564198256,0.22813287409121827,0.0,0.0121951219512195,0.1,1.0
175923,mscoco,0.06439555659890175,0.16359039249338608,0.07312879450619221,0.18927871475795832,0.3,0.3333333333333333,0.3,0.2
530248,mscoco,0.072842787951231,0.2526809937646479,0.08816503789275884,0.22706287067531883,0.2,1.0,0.0,0.0294117647058823
421009,mscoco,0.11060073599219322,0.26309834501423857,0.17534651160240172,0.33936333670014834,0.0,0.0666666666666666,0.1,0.5
450974,mscoco,0.10918021388351917,0.278081960475916,0.16775300726294518,0.4371776633997744,0.1,0.125,0.2,1.0
34922,mscoco,0.06279797572642565,0.19015384749566036,0.04810178205370903,0.09468265139656551,0.0,0.0625,0.2,0.5
134454,mscoco,0.20429104641079904,0.5190030194982401,0.27415997385978697,0.5170066018096032,0.3,1.0,0.3,0.5
91960,mscoco,0.08452313002198934,0.239741399514248,0.07553231157362461,0.32064557425384227,0.0,0.03125,0.0,0.0238095238095238
570203,mscoco,0.14624666236341,0.23678013619620703,0.14433670602738857,0.39463893091833646,0.1,0.125,0.5,1.0
46506,mscoco,0.03802226581610739,0.09559212723156334,0.03615841679275036,0.09015624367177731,0.0,0.0285714285714285,0.1,0.1428571428571428
460202,mscoco,0.11694860085844994,0.27972177898570233,0.09786339085549116,0.2125609773925887,0.3,1.0,0.3,0.5
358566,mscoco,0.11532470658421516,0.24911376305209249,0.13739865086972713,0.3220635839639122,0.2,0.5,0.6,0.3333333333333333
205206,mscoco,0.07000979725271464,0.2503972072507093,0.06698136702179909,0.18495479290976305,0.1,0.5,0.0,0.01
342273,mscoco,0.0931437136605382,0.30262614116280967,0.15109938383102417,0.286937343061643,0.1,0.3333333333333333,0.1,0.1428571428571428
550466,mscoco,0.12313331849873066,0.29372241045352293,0.227698016166687,0.4019191439990396,0.3,1.0,0.5,1.0
303281,mscoco,0.575027659535408,0.8020785924071663,0.6027927488088608,0.7752664294000028,0.8,1.0,0.9,1.0
464787,mscoco,0.026492390688508748,0.08572641173756289,0.03326255735009909,0.11903878304756227,0.0,0.0625,0.1,0.5
382210,mscoco,0.18825678750872613,0.34207859401916907,0.2584807388484478,0.5136770604007173,0.0,0.0078740157480314,0.0,0.0217391304347826
78413,mscoco,0.0627265613526106,0.22052092948318747,0.05578114781528711,0.16075692832766716,0.1,1.0,0.1,0.5
241530,mscoco,0.06796298287808895,0.14812560138984737,0.09450373984873295,0.29495328454503145,0.0,0.0185185185185185,0.0,0.0666666666666666
165419,mscoco,0.449116475880146,0.6718085066349602,0.447558730840683,0.7193950248571506,0.4,1.0,0.8,1.0
152776,mscoco,0.04644273426383734,0.21726450441485382,0.06762817353010178,0.24769136588721194,0.1,1.0,0.1,1.0
103320,mscoco,0.24903247654438018,0.4749739960589563,0.2985039263963699,0.5163755834921339,0.1,0.25,0.0,0.0714285714285714
391011,mscoco,0.30893819853663446,0.4874163378359521,0.4203965201973915,0.7498876082215198,0.6,1.0,1.0,1.0
36281,mscoco,0.024894624133594334,0.1270716167576755,0.03570994371548295,0.14737985780314472,0.1,1.0,0.1,1.0
485016,mscoco,0.056833282485604285,0.16383219824134287,0.1294074647128582,0.45376437555358845,0.0,0.0112359550561797,0.0,0.0833333333333333
524392,mscoco,0.40678436756134034,0.6114044457488176,0.4181969702243805,0.6553841472423982,1.0,1.0,0.9,1.0
299123,mscoco,0.17650182768702508,0.3213651656557687,0.13853066489100457,0.3377078738844395,0.4,1.0,0.6,0.5
211905,mscoco,0.021371836122125388,0.08746100669631718,0.01607598988339305,0.07699032400099495,0.1,1.0,0.1,1.0
231381,mscoco,0.28504850417375566,0.577430716389425,0.3457236483693123,0.6668219480516814,0.3,0.5,0.5,1.0
433896,mscoco,0.03954513370990753,0.20303222045550903,0.036874260380864145,0.19477765151365597,0.1,1.0,0.1,1.0
284259,mscoco,0.08862845785915852,0.21675566520451708,0.10234721750020981,0.2262902157109769,0.2,1.0,0.1,1.0
540283,mscoco,0.23271832317113877,0.48409623921133355,0.1724788434803486,0.31593981978863445,0.2,1.0,0.0,0.0769230769230769
425010,mscoco,0.20289552733302116,0.4139445354490294,0.1122980259358883,0.3562818746440013,0.2,1.0,0.4,1.0
170525,mscoco,0.3551461920142174,0.5238453317296499,0.36881559044122697,0.5565365388050096,0.0,0.0434782608695652,0.2,0.125
432216,mscoco,0.05667606145143509,0.15566370707788088,0.09871775805950164,0.27093870491167066,0.1,0.2,0.1,0.3333333333333333
142402,mscoco,0.03886874271556735,0.1494879277382284,0.04436295796185732,0.16721382928187598,0.1,1.0,0.1,0.125
90820,mscoco,0.18929974138736724,0.5730360998045683,0.12228394988924265,0.45797349130604575,0.0,0.04,0.0,0.0833333333333333
208961,mscoco,0.035818938817828896,0.16700740355437754,0.02521459641866386,0.16051367190066204,0.1,1.0,0.1,1.0
140623,mscoco,0.162128097563982,0.3836908528288586,0.20535177364945412,0.3317724203774107,0.3,1.0,0.3,0.3333333333333333
312015,mscoco,0.2088040255010128,0.381101515054469,0.1686346832662821,0.45247362805473373,0.3,0.5,0.2,0.3333333333333333
388399,mscoco,0.17180379256606101,0.4533984875077514,0.1564568795263767,0.3863701135732037,0.2,0.3333333333333333,0.1,0.25
126659,mscoco,0.1347748450934887,0.3363624826325629,0.2227420873939991,0.4387683129125925,0.2,0.2,0.4,0.25
234990,mscoco,0.11050834208726883,0.2734979752784359,0.1172175295650959,0.25160128767749473,0.0,0.04,0.2,0.1111111111111111
212445,mscoco,0.3380363181233406,0.6014787230567408,0.44850575625896455,0.8122117631616136,0.9,1.0,1.0,1.0
540885,mscoco,0.25677153617143633,0.43535949247661354,0.3316164880990982,0.5672987951744123,0.3,1.0,0.5,1.0
276417,mscoco,0.32233888655900955,0.616469491307008,0.4076922208070755,0.5730782854404863,0.1,0.2,0.2,0.1111111111111111
46173,mscoco,0.0685923557728529,0.194684619784813,0.11136914044618607,0.2239182690733335,0.1,0.3333333333333333,0.0,0.0188679245283018
53641,mscoco,0.14601108729839324,0.35203725492190957,0.1299831150099635,0.30754195666616496,0.2,0.5,0.2,0.1666666666666666
367332,mscoco,0.35254034847021104,0.717720491545971,0.3998501345515251,0.553516413666888,0.3,1.0,0.6,1.0
527134,mscoco,0.08291002027690411,0.21500213158020892,0.10923218503594398,0.24513805770625546,0.1,0.3333333333333333,0.1,0.1666666666666666
263970,mscoco,0.03842560090124607,0.12450024172023087,0.06793938465416431,0.18589582683115402,0.0,0.006060606060606,0.1,1.0
485696,mscoco,0.08052950464189053,0.23899828440292215,0.09383252449333668,0.2651273462501467,0.1,1.0,0.1,1.0
118870,mscoco,0.0356130844913423,0.15067737106876838,0.022144632088020443,0.0900521510738463,0.0,0.0909090909090909,0.1,0.5
11332,mscoco,0.2647429209202528,0.6145323007050042,0.22685126066207886,0.41099980851180823,0.0,0.0625,0.5,1.0
365523,mscoco,0.12380764000117779,0.3455993589037442,0.08351548239588738,0.3297043097510179,0.1,0.3333333333333333,0.1,1.0
479035,mscoco,0.0611812855117023,0.16291165788706613,0.08167383745312691,0.22475601327473413,0.1,0.1428571428571428,0.0,0.0294117647058823
416098,mscoco,0.13595833368599414,0.4922814974597569,0.12125150598585606,0.4107356158409897,0.1,0.5,0.5,1.0
13284,mscoco,0.018102746875956654,0.09560229105103972,0.01768552225548774,0.08598202709310775,0.1,1.0,0.1,1.0
110435,mscoco,0.02756574945524335,0.11329160337992832,0.023559320997446776,0.11244401550818778,0.1,1.0,0.1,1.0
116694,mscoco,0.18803567364811896,0.4690308659114962,0.262952109798789,0.5249118230801165,0.1,0.3333333333333333,0.0,0.037037037037037
244410,mscoco,0.1564629055559635,0.3811954317972323,0.27318626567721366,0.4909140106289945,0.3,1.0,1.0,1.0
428992,mscoco,0.02384160361252725,0.09399574812313495,0.027683276683092117,0.10515983159194574,0.2,1.0,0.6,1.0
337902,mscoco,0.17475930079817772,0.3231913589736307,0.1472593229264021,0.302838545524506,0.8,1.0,0.9,1.0
546074,mscoco,0.03630371764302254,0.11733687285012179,0.05852502891793847,0.1788360092735584,0.0,0.04,0.1,1.0
70033,mscoco,0.026344103459268808,0.12218542312152733,0.02253144341520965,0.08684878777534893,0.6,1.0,0.6,1.0
149268,mscoco,0.2713188141584396,0.39392277353535704,0.22477753311395646,0.3561943095237978,0.0,0.0476190476190476,0.3,0.3333333333333333
431370,mscoco,0.09628497883677482,0.22517013527586371,0.3218743771314621,0.5722186471954901,0.1,0.125,0.2,0.3333333333333333
254387,mscoco,0.049667805433273315,0.12252448015123633,0.05811081025749445,0.1452346251959647,0.2,0.1428571428571428,0.5,0.3333333333333333
177349,mscoco,0.0431202728766948,0.17252328263069694,0.035384230734780434,0.137498540957623,0.1,0.3333333333333333,0.1,0.1666666666666666
287186,mscoco,0.18443682678043843,0.4280343888272473,0.26878941506147386,0.3842418877565216,0.0,0.0769230769230769,0.1,0.125
328284,mscoco,0.33782976269721987,0.3874195353609496,0.3456098735332489,0.723408351216352,0.1,0.25,0.1,1.0
50409,mscoco,0.05049649905413389,0.17814086446956692,0.09139077477157116,0.22824085652503912,0.0,0.032258064516129,0.1,0.1111111111111111
399183,mscoco,0.13755018636584282,0.3155772209514387,0.28178519755601883,0.43245584514934937,0.1,0.1111111111111111,0.6,0.5
76589,mscoco,0.08815372623503208,0.2690615569466679,0.09454234130680561,0.19820217930772804,0.2,1.0,0.3,1.0
534965,mscoco,0.2181711420416832,0.4748661856356408,0.183477433770895,0.3923914975958715,0.1,0.25,0.0,0.0833333333333333
295759,mscoco,0.121045783162117,0.28722620540019234,0.10010825134813786,0.22920715223123808,0.0,0.0037735849056603,0.0,0.0526315789473684
131725,mscoco,0.013493005558848381,0.04885116195120144,0.01826420915313065,0.06305524998090689,0.0,0.0588235294117647,0.1,1.0
214123,mscoco,0.1254433158785105,0.35833491995668704,0.112759904935956,0.28234987428243097,0.1,1.0,0.0,0.0625
433075,mscoco,0.08593837451189756,0.33011593071279366,0.09873083084821702,0.23958663836085317,0.1,1.0,0.1,0.1666666666666666
21260,mscoco,0.06293072327971458,0.13601068903219368,0.06079189945012331,0.13721846792525555,0.0,0.0098039215686274,0.1,0.2
312870,mscoco,0.17055719383060933,0.3700765568119182,0.14588501024991274,0.39242138827726303,0.0,0.0476190476190476,0.1,0.25
6824,mscoco,0.3691369369626045,0.5521305640365168,0.40861989855766295,0.5447615793246857,0.7,0.25,0.8,1.0
368014,mscoco,0.23919695168733596,0.4504973948251632,0.28471650183200836,0.44001029392717633,0.3,0.3333333333333333,0.3,1.0
227772,mscoco,0.07930159159004688,0.23933303839723655,0.12284463420510291,0.29498232913128225,0.1,0.1666666666666666,0.3,0.25
276671,mscoco,0.3580229565501213,0.67684406130984,0.48658853471279145,0.8299262661090613,0.2,0.3333333333333333,0.6,0.5
74894,mscoco,0.22840365320444106,0.47637737852084105,0.2157394342124462,0.4345215849266401,0.3,1.0,0.5,1.0
395170,mscoco,0.2003074213862419,0.4142096751452481,0.16581062823534012,0.34333001582897227,0.4,0.5,0.6,1.0
362521,mscoco,0.15073670893907548,0.3147409043793521,0.1559247586876154,0.28123880440774235,0.0,0.02,0.1,0.2
543838,mscoco,0.02688486222177744,0.09417852075740708,0.026920675626024605,0.07974188912544078,0.1,1.0,0.1,0.3333333333333333
385580,mscoco,0.01947452388703823,0.10344336853922932,0.04125120416283608,0.11015264145818524,0.0,0.0153846153846153,0.0,0.0714285714285714
448131,mscoco,0.1256728909909725,0.3523540379343172,0.15682744979858398,0.3362077028413868,0.1,0.2,0.6,1.0
33702,mscoco,0.1892654202878475,0.4694409048423543,0.30483858436346056,0.38307141564229125,0.0,0.0555555555555555,0.0,0.0769230769230769
109522,mscoco,0.2321784794330597,0.36748905974139057,0.2553551569581032,0.46324101795958017,0.0,0.0416666666666666,0.0,0.0256410256410256
268444,mscoco,0.09432483427226543,0.2574589094965575,0.16083815991878508,0.37496145356196986,0.2,0.5,0.3,1.0
526105,mscoco,0.11710245218127965,0.2727340300732076,0.14624961614608764,0.41909930691376934,0.0,0.0714285714285714,0.0,0.0833333333333333
538709,mscoco,0.06858252882957458,0.2198953396114305,0.08843634910881519,0.275561999319057,0.1,0.1666666666666666,0.2,0.5
455856,mscoco,0.018933828361332415,0.0666095703137543,0.02578853564336896,0.0765695634790194,0.1,0.5,0.1,0.5
246878,mscoco,0.17489188611507417,0.30639353996320334,0.2917562067508698,0.5570889714980569,0.0,0.0142857142857142,0.4,0.5
361472,mscoco,0.05246969033032656,0.15918066885194115,0.06641975380480289,0.22797578663866572,0.0,0.0384615384615384,0.1,1.0
422240,mscoco,0.05265698935836553,0.16623875574845837,0.0432636103592813,0.16281833313708652,0.1,1.0,0.1,1.0
233073,mscoco,0.08063697516918182,0.22798460268497528,0.07157189361751079,0.19040461845261397,0.1,0.3333333333333333,0.1,1.0
340621,mscoco,0.1632874622941017,0.3560342586911324,0.14395832717418672,0.366123079686866,0.4,1.0,0.6,1.0
422804,mscoco,0.009042585035786033,0.02684285285464889,0.009491006238386035,0.047187927520477235,0.1,0.1666666666666666,0.1,1.0
440762,mscoco,0.20391671285033225,0.44496996402247935,0.2130456782877445,0.42901864579435817,0.1,0.125,0.1,0.1
165907,mscoco,0.17685671746730805,0.40302027168534255,0.2022936835885048,0.42073333027936527,0.4,0.5,0.6,1.0
540006,mscoco,0.015684554562903942,0.051052506885239095,0.01876355758868158,0.07105959418760086,0.1,0.1111111111111111,0.1,1.0
300267,mscoco,0.1251989223062992,0.2759615163770891,0.1241053208708763,0.33195693072239174,0.5,0.5,0.3,1.0
413852,mscoco,0.3580045819282532,0.4166416807817168,0.4779535710811615,0.6916513300288346,0.4,0.25,0.7,1.0
360975,mscoco,0.32142097502946854,0.5535362706507495,0.25361382216215134,0.5170984670952642,0.4,0.25,0.3,1.0
211909,mscoco,0.26408982947468757,0.6096266985779326,0.3649962320923805,0.590278368477729,0.6,1.0,0.8,1.0
66389,mscoco,0.1480065356940031,0.3624090398865862,0.15893582180142402,0.36485489130468995,0.0,0.0030395136778115,0.0,0.0025575447570332
13285,mscoco,0.08348098583519459,0.2433203066183631,0.09067762102931738,0.26708274869987225,0.0,0.009009009009009,0.0,0.0026178010471204
573922,mscoco,0.14827811792492868,0.3538355834705389,0.21820081658661367,0.448142836223323,0.1,0.125,0.4,1.0
62619,mscoco,0.06921869702637196,0.15469495962305188,0.09717877767980099,0.33522427365844176,0.1,0.1,0.1,1.0
168563,mscoco,0.1613938793540001,0.30083559890532857,0.18392837792634964,0.4257950436545519,0.2,0.25,0.2,0.5
178504,mscoco,0.03449287815019488,0.10069745047274618,0.11621016710996628,0.33034058926559134,0.0,0.0909090909090909,0.1,1.0
176174,mscoco,0.13375408798456193,0.3114130774084175,0.18141802176833152,0.34167438804531974,0.1,0.1666666666666666,0.1,0.5
60903,mscoco,0.17361218631267547,0.3814305846940547,0.24791360795497894,0.49782799669725025,0.1,0.1111111111111111,0.2,1.0
80554,mscoco,0.11755079329013825,0.32414764491714715,0.15172675400972366,0.3134444045654647,0.0,0.0714285714285714,0.2,0.3333333333333333
494852,mscoco,0.11085526794195175,0.27289782341891905,0.1456397756934166,0.36837925183679404,0.4,1.0,0.3,1.0
272832,mscoco,0.05911568310111761,0.15146398034628286,0.06887344960123301,0.24808741256238412,0.1,0.3333333333333333,0.1,1.0
497002,mscoco,0.05077361948788166,0.15514075586905848,0.04582827826961875,0.11555814191801236,0.1,0.5,0.0,0.0526315789473684
473918,mscoco,0.03625176940113306,0.12202356703249365,0.05214345203712582,0.15641368539918404,0.0,0.0454545454545454,0.1,0.5
78681,mscoco,0.26347682625055313,0.45260737768538767,0.2475103758275509,0.48773284155524554,0.5,1.0,0.5,1.0
261323,mscoco,0.10651444382965565,0.27506111550146356,0.1061967121437192,0.27014277349828075,0.0,0.0476190476190476,0.1,1.0
489482,mscoco,0.08411148861050606,0.21890414650392823,0.1046308621764183,0.21103042350274187,0.0,0.0909090909090909,0.1,0.5
513966,mscoco,0.046150528267025946,0.15485759709638755,0.0816933885216713,0.23738959200975612,0.1,0.2,0.0,0.04
326202,mscoco,0.23919350579380988,0.5070546261303809,0.24162076078355313,0.5916820267575299,0.3,1.0,0.3,1.0
394159,mscoco,0.23467226698994637,0.494190285536443,0.30582544654607774,0.5078991707774961,0.1,0.3333333333333333,0.2,0.3333333333333333
392320,mscoco,0.30880106836557386,0.4586099535763709,0.31764095202088355,0.7510353362007567,0.7,1.0,0.6,1.0
428301,mscoco,0.3422010689973831,0.6086106635503723,0.30259873270988463,0.5501876659004927,0.3,1.0,0.3,1.0
304217,mscoco,0.1354245062917471,0.3723041687371245,0.11240139603614807,0.32614357144221456,0.0,0.0217391304347826,0.0,0.0133333333333333
332131,mscoco,0.2639059849083424,0.45746561254557566,0.39643934071063996,0.5239449582277491,0.6,1.0,0.7,1.0
316336,mscoco,0.10432804804295301,0.239818482824853,0.14277671165764333,0.3281245835887831,0.1,0.3333333333333333,0.1,1.0
575331,mscoco,0.08175034187734127,0.20885698834187716,0.07052138596773147,0.19902562802138915,0.0,0.0476190476190476,0.1,1.0
357578,mscoco,0.18610535338521003,0.4268598400878886,0.3518261894583702,0.682255056252451,0.0,0.0625,0.2,0.25
201714,mscoco,0.30725094974040984,0.4921316072822163,0.18812548816204072,0.5169668265139327,0.5,1.0,0.3,1.0
76899,mscoco,0.29302024841308594,0.47110024629552016,0.22760302536189556,0.35858822542137564,0.1,0.1666666666666666,0.0,0.0175438596491228
461445,mscoco,0.3448504269123077,0.5526567461848221,0.32841131687164304,0.5508268036589109,0.2,0.3333333333333333,0.1,1.0
317431,mscoco,0.45763588398694993,0.8207705841002444,0.5132478535175323,0.7887727231334538,0.9,1.0,0.9,1.0
74,drawbench,0.07782010920345783,0.19474270376013778,0.07000731453299522,0.29246842303172665,0.0,0.0128205128205128,0.0,0.0181818181818181
413172,mscoco,0.07626627814024686,0.23349380068720918,0.11750700250267983,0.3081805974682408,0.1,0.1428571428571428,0.4,0.3333333333333333
346754,mscoco,0.03739292249083519,0.11187845084355831,0.032977090775966646,0.11315108372090585,0.0,0.0038167938931297,0.0,0.0014245014245014
142349,mscoco,0.20765443295240402,0.423416299969267,0.20213328078389167,0.3543384035892135,0.1,0.1666666666666666,0.3,0.25
495947,mscoco,0.13196077160537242,0.35934894596746486,0.1301486235111952,0.3152006060785833,0.0,0.0454545454545454,0.0,0.0416666666666666
105344,mscoco,0.19209271743893624,0.3889911548213617,0.1834481306374073,0.4493907351559902,0.2,0.25,0.5,1.0
466024,mscoco,0.2864393338561058,0.5239165182116529,0.35074668377637863,0.5807868725133335,0.7,1.0,1.0,1.0
579165,mscoco,0.0849842008203268,0.2360623204896768,0.1385934639722109,0.34722622481526894,0.1,0.2,0.0,0.0256410256410256
323868,mscoco,0.1189180064946413,0.2606960602644458,0.386505626142025,0.6511769740567409,0.1,0.1666666666666666,0.7,1.0
119947,mscoco,0.15182700753211975,0.34583759329250324,0.195761676505208,0.4009214220817675,0.1,1.0,0.1,0.5
536201,mscoco,0.09359553642570972,0.2923518922997466,0.0720001969486475,0.2690090940548718,0.1,1.0,0.1,1.0
151432,mscoco,0.3951789289712906,0.5493564621891137,0.4008146286010742,0.5834301251677582,0.5,1.0,0.3,0.3333333333333333
50972,mscoco,0.18845346793532372,0.7107887756532254,0.16694433614611626,0.3131877604564693,0.2,1.0,0.2,0.3333333333333333
222361,mscoco,0.12628699354827405,0.24437573663970655,0.1368581537157297,0.29766834874498277,0.4,0.25,0.7,1.0
183,drawbench,0.03656360469758511,0.09320340157330696,0.035708135925233364,0.11307481146359571,0.0,0.0,0.0,0.0
356654,mscoco,0.03982481062412262,0.1375830755380834,0.04861254375427961,0.13315405968251975,0.1,1.0,0.0,0.0526315789473684
12377,mscoco,0.0169776220805943,0.07728692222619019,0.021454116981476545,0.07067227059685768,0.1,0.25,0.1,1.0
62589,mscoco,0.2497521534562111,0.5218180644266078,0.2542310856282711,0.526381406955873,0.4,1.0,0.5,1.0
175,drawbench,0.04476429941132665,0.1731611127848522,0.0372158233076334,0.09523351512335529,0.0,0.0,0.0,0.0
97569,mscoco,0.02801375389099121,0.09344819403076565,0.03378183972090483,0.10562061971529352,0.1,0.1111111111111111,0.2,0.3333333333333333
118342,mscoco,0.32868536561727524,0.6061707888300689,0.3742532044649124,0.5304319431463034,0.5,1.0,0.7,0.5
226348,mscoco,0.08982117995619773,0.23449454762193966,0.08603182062506676,0.3113464932400893,0.1,0.5,0.1,1.0
507833,mscoco,0.013110214611515403,0.04963679672984534,0.007541572616901249,0.042834662799051966,0.1,1.0,0.1,1.0
509503,mscoco,0.2257097452878952,0.3197459721231037,0.14457471892237664,0.3954793301629027,0.4,1.0,0.3,0.5
265447,mscoco,0.20480775311589242,0.4661550370084779,0.2000105232000351,0.38987528818445905,0.6,1.0,0.6,1.0
39398,mscoco,0.2811142299324274,0.4970953532701066,0.4667252689599991,0.6842965604985733,0.1,0.5,0.2,1.0
475667,mscoco,0.22377312332391738,0.466833762911543,0.22845498248934745,0.4153342410766143,0.3,0.3333333333333333,0.3,0.5
110829,mscoco,0.05114388447254896,0.1994331497214481,0.04299752730876207,0.13429195969591073,0.0,0.0434782608695652,0.2,1.0
423830,mscoco,0.33903059288859366,0.6490805909218934,0.22668270990252495,0.639905851259159,0.1,0.125,0.2,1.0
159567,mscoco,0.12262601554393768,0.3147856377956504,0.12038057669997215,0.3222053510546286,0.1,1.0,0.0,0.003012048192771
67422,mscoco,0.2834968075156212,0.4170655990990972,0.3373420491814613,0.6483542099273036,0.3,0.5,0.3,0.5
449210,mscoco,0.26110987141728403,0.5573908084950248,0.33141367584466935,0.5991303225097282,0.1,0.2,0.4,1.0
561386,mscoco,0.12342830635607242,0.28907848357459187,0.31800792217254636,0.5087774006944347,0.2,0.2,0.2,0.25
136267,mscoco,0.27861799448728564,0.4405720053327679,0.27320081293582915,0.5154562683302814,0.8,1.0,0.6,0.5
147294,mscoco,0.08026241064071656,0.187701388138304,0.11887413412332534,0.21057259483739216,0.1,0.2,0.2,0.5
127074,mscoco,0.14652442708611488,0.3428695141679114,0.16026714965701103,0.4203288296227414,0.3,1.0,0.6,1.0
355593,mscoco,0.10405035130679607,0.36403149098819465,0.15054280795156955,0.3719664255673309,0.0,0.0005411255411255,0.0,0.0078740157480314
82,drawbench,0.12845423743128775,0.3557671107907345,0.18790445514023305,0.5549372068125984,0.1,0.1666666666666666,0.0,0.032258064516129
97614,mscoco,0.12448144927620888,0.31418817578355984,0.25621363818645476,0.5665070504083768,0.0,0.0196078431372549,0.0,0.0555555555555555
548219,mscoco,0.15322319231927395,0.4172903565929983,0.1446143187582493,0.5035170637391821,0.4,0.5,0.4,1.0
232031,mscoco,0.06835275562480092,0.21020309656337466,0.06810319051146507,0.16660399211097907,0.1,0.5,0.0,0.0526315789473684
212047,mscoco,0.04973578006029129,0.17537172059694706,0.05839302130043507,0.1958553630636903,0.1,1.0,0.1,1.0
532520,mscoco,0.05296670338138938,0.1538228319835159,0.061254780553281304,0.15650572054117584,0.2,0.3333333333333333,0.1,0.25
202923,mscoco,0.1810403298586607,0.33705521256988624,0.28308567553758623,0.6109657664874565,0.4,0.25,0.3,0.1666666666666666
32675,mscoco,0.18787336796522142,0.5955610371183717,0.20549892783164977,0.5899927192805996,0.1,1.0,0.1,1.0
280112,mscoco,0.35074123591184614,0.6676362548574555,0.3338885508477688,0.5672295663136145,0.3,0.3333333333333333,0.2,1.0
230982,mscoco,0.06390343476086854,0.20196962383767303,0.06377556975930929,0.18116227625426376,0.1,0.5,0.0,0.0714285714285714
104340,mscoco,0.018914067838340997,0.06161115952350819,0.018058593524619936,0.0685589901974163,0.0,0.0256410256410256,0.1,1.0
444912,mscoco,0.018544402811676262,0.06501414960774635,0.02539984490722418,0.1116210039586873,0.0,0.0833333333333333,0.1,0.1666666666666666
210071,mscoco,0.10225172992795706,0.2268196391536158,0.08733064234256745,0.2172812264572893,0.9,1.0,1.0,1.0
541203,mscoco,0.09722141772508622,0.3027081373068147,0.09292169092223049,0.2215851255437529,0.1,0.1,0.2,1.0
64626,mscoco,0.1155025951564312,0.29263903195694624,0.13443725630640985,0.3920902964898121,0.1,0.1111111111111111,0.0,0.0555555555555555
224060,mscoco,0.1690818604081869,0.40023489322378236,0.10662338696420193,0.3481727664337939,0.1,1.0,0.1,1.0
411028,mscoco,0.14878963604569434,0.30533207027572495,0.2550427243113518,0.5370149803224218,0.4,1.0,0.5,1.0
228712,mscoco,0.05968716498464346,0.17719270984891083,0.04633001685142517,0.14643095825549918,0.1,0.125,0.0,0.0256410256410256
170365,mscoco,0.14646000862121583,0.37090506995793104,0.13442702330648898,0.3815345253378721,0.0,0.0769230769230769,0.1,0.125
346403,mscoco,0.12045978903770446,0.29408198697547383,0.17954734340310097,0.5102587571123691,0.0,0.0163934426229508,0.2,1.0
265597,mscoco,0.5454210072755814,0.7330897433751665,0.5580276906490326,0.6292284829598123,1.0,1.0,0.9,0.5
11504,mscoco,0.13008086681365966,0.2220187607313171,0.14762528389692306,0.36848877859687157,0.1,0.125,0.2,0.3333333333333333
546010,mscoco,0.05652996953576803,0.2463974751164508,0.04598427917808294,0.18808332558177918,0.1,1.0,0.1,0.5
287003,mscoco,0.18508690521121024,0.5855802344140377,0.20339545607566833,0.43653352165280745,0.1,1.0,0.3,0.5
485406,mscoco,0.1883048079907894,0.5572580199630767,0.25118762999773026,0.4397278681600048,0.0,0.0416666666666666,0.1,1.0
299051,mscoco,0.15735415257513524,0.26614939056287173,0.22643685713410378,0.48152081600193136,0.3,1.0,0.5,1.0
67,drawbench,0.007691520510707051,0.030287727571012953,0.0034127798164263366,0.015383194928442492,0.0,0.0,0.0,0.0
107481,mscoco,0.3137226656079292,0.5269359497616397,0.44405907988548277,0.6698118366949104,0.4,0.3333333333333333,0.5,1.0
160968,mscoco,0.3168261542916298,0.5048150415627041,0.22181488424539567,0.3866630862059872,0.1,0.1428571428571428,0.1,0.3333333333333333
447983,mscoco,0.054838390275835994,0.27641171462243797,0.08093288652598858,0.31103419086873363,0.1,1.0,0.1,1.0
192651,mscoco,0.15021590366959572,0.3586957866067406,0.2237253688275814,0.4695751743548717,0.3,0.5,0.5,1.0
341856,mscoco,0.10228476673364639,0.33846212859794106,0.1313081534579396,0.3336656067370889,0.3,0.5,0.2,1.0
45809,mscoco,0.22205453664064406,0.4989271618976786,0.22428127080202104,0.4556851658335966,0.6,1.0,0.6,1.0
552089,mscoco,0.10840514283627271,0.3565401758481467,0.07790131438523532,0.17379464539029713,0.1,0.1111111111111111,0.1,0.1
24097,mscoco,0.07962199002504348,0.3771909843797081,0.06720424015074969,0.3541767598585818,0.1,1.0,0.1,1.0
433451,mscoco,0.2435130350291729,0.43495070665584573,0.2515661776065826,0.5151881873992846,0.0,0.0909090909090909,0.1,0.1666666666666666
547100,mscoco,0.07330541340634227,0.48322023841184975,0.07305191890336574,0.48088079042295834,0.1,1.0,0.1,1.0
485595,mscoco,0.033679152652621266,0.13162393496495187,0.05578314159065485,0.19151035406956918,0.1,0.5,0.1,1.0
266209,mscoco,0.10185707956552506,0.23861359095699763,0.11032045632600784,0.2745067604686591,0.2,0.3333333333333333,0.8,1.0
559754,mscoco,0.16001750379800797,0.4010778807086773,0.12147274911403656,0.2880143138694178,0.3,0.25,0.5,1.0
253848,mscoco,0.09248539535328745,0.2708078068077985,0.10426875352859497,0.23044010792841915,0.0,0.0434782608695652,0.1,0.1666666666666666
51487,mscoco,0.02400344074703753,0.10110889746455465,0.02739132628776133,0.1052827857417712,0.1,1.0,0.1,1.0
8725,mscoco,0.25303206965327263,0.4774804198700191,0.20113831609487534,0.4391376568259331,0.0,0.003690036900369,0.0,0.0909090909090909
115,drawbench,0.14874034896492958,0.38747440218492424,0.14698621556162833,0.36513340635248887,0.0,0.0,0.0,0.0
168833,mscoco,0.23743172213435174,0.4452192804328327,0.3377680703997612,0.5221989750179142,0.0,0.02,0.0,0.0357142857142857
248682,mscoco,0.2517334997653961,0.4482235817565238,0.29693157523870467,0.5047566120967337,0.6,0.5,0.8,1.0
488032,mscoco,0.293504373729229,0.6001430455412784,0.41982907950878146,0.6193816271654156,0.3,1.0,0.6,1.0
24242,mscoco,0.09558285810053349,0.22437605272688588,0.19282303154468536,0.3841242714284619,0.0,0.05,0.5,1.0
150546,mscoco,0.06980373598635196,0.2262519315555719,0.06928646713495254,0.20728555600724644,0.1,0.5,0.1,1.0
67563,mscoco,0.3834808275103569,0.48404630407640376,0.28887555599212644,0.4634898831573435,0.2,1.0,0.0,0.0833333333333333
36783,mscoco,0.21471435129642485,0.5464978461020372,0.22667935788631438,0.4207327072874469,0.0,0.0040485829959514,0.1,0.1428571428571428
216015,mscoco,0.18327283002436162,0.43584667837989816,0.17446675077080726,0.4333201959126505,0.2,1.0,0.1,1.0
530904,mscoco,0.09201513938605785,0.25795884871273006,0.11085685491561889,0.3329939898476311,0.3,0.3333333333333333,0.3,1.0
15356,mscoco,0.12346584647893906,0.3044787300336887,0.12491464018821716,0.3183130138024141,0.4,0.3333333333333333,0.4,1.0
213809,mscoco,0.03974718954414129,0.18065223869307825,0.04789615012705326,0.1961427403176654,0.1,1.0,0.1,1.0
407057,mscoco,0.05665435027331114,0.1625777519709393,0.049580018222332004,0.14230413908141623,0.4,1.0,0.3,1.0
229142,mscoco,0.09302029088139534,0.22969388348732506,0.13182775285094978,0.3709153215740441,0.1,0.3333333333333333,0.1,0.1428571428571428
307990,mscoco,0.2022237464785576,0.334038219349923,0.3716707468032837,0.6019912536348103,0.3,0.25,0.2,0.5
185,drawbench,0.05250213630497456,0.1383288872823422,0.03778890967369079,0.10208803375427733,0.0,0.0,0.0,0.0
318820,mscoco,0.12869939021766186,0.4727827423892662,0.12533751241862773,0.4639219353960671,0.1,1.0,0.1,1.0
575303,mscoco,0.0804698571562767,0.4580639166883091,0.08468457926064729,0.4578910451036075,0.1,1.0,0.1,1.0
578094,mscoco,0.04443381940945983,0.1375498481905916,0.06084880633279681,0.16975108480774576,0.4,1.0,0.7,1.0
54611,mscoco,0.20655573830008506,0.2995661493360494,0.35810425579547883,0.5564941925591813,0.2,0.3333333333333333,0.7,1.0
5903,mscoco,0.09537996137514711,0.38798092689195135,0.12614408545196057,0.3941495367431226,0.2,1.0,0.1,1.0
238603,mscoco,0.4944940984249115,0.6185499514776067,0.5713784724473954,0.8220038037719848,0.3,0.1666666666666666,0.7,1.0
113089,mscoco,0.06277284063398839,0.23289118923480503,0.09522771202027798,0.2569546276376298,0.1,1.0,0.1,1.0
381759,mscoco,0.038919562567025424,0.13071769340704228,0.04263604544103146,0.13100262715974387,0.0,0.0104166666666666,0.1,0.5
486580,mscoco,0.3193680763244629,0.5634410391179226,0.3972706139087677,0.6035335061218423,0.0,0.0434782608695652,0.2,0.25
480720,mscoco,0.2575488597154617,0.49942360260716173,0.21926158517599106,0.42992688598977835,0.6,0.3333333333333333,0.5,1.0
289140,mscoco,0.03782678879797459,0.09780485564709691,0.042708413861691955,0.1172586447186216,0.1,0.2,0.1,0.3333333333333333
91719,mscoco,0.2535757884383202,0.3858119979037931,0.4552548587322235,0.6013099891999558,0.2,0.3333333333333333,0.8,1.0
8944,mscoco,0.07536682821810245,0.17930678843954428,0.08289287872612476,0.22591403271057606,0.1,0.3333333333333333,0.0,0.0833333333333333
468742,mscoco,0.08482702746987343,0.21124437902683413,0.09675425551831722,0.2174811558768168,0.3,1.0,0.3,1.0
512723,mscoco,0.2716098949313164,0.5321420357698112,0.3129668951034546,0.44199979465587813,0.5,1.0,0.8,1.0
167962,mscoco,0.26973411440849304,0.4493716448022163,0.4119452923536301,0.6483374588571844,0.2,0.1666666666666666,0.4,0.3333333333333333
132161,mscoco,0.050811697728931904,0.14655164061077583,0.04489247296005487,0.13068279677852357,0.0,0.0416666666666666,0.1,1.0
260336,mscoco,0.15799433775246144,0.37906437121196074,0.16061106212437154,0.33072915616415466,0.6,1.0,0.8,1.0
320429,mscoco,0.17516067661345006,0.30636502304000834,0.21280135661363603,0.5423375308796323,0.1,0.1,0.2,1.0
465893,mscoco,0.16027710735797882,0.3247256584648327,0.2638168975710869,0.4691703416861802,0.2,0.1666666666666666,0.5,0.3333333333333333
34183,mscoco,0.12848593350499868,0.4451293565084728,0.095576111972332,0.4241623598755025,0.2,1.0,0.2,1.0
531404,mscoco,0.02495138728991151,0.10475708530885514,0.034574803337454794,0.12255434600910842,0.0,0.015625,0.1,0.1666666666666666
551651,mscoco,0.10396740436553956,0.2780706296083097,0.12572218030691146,0.26225727370719787,0.1,0.1428571428571428,0.2,0.5
140921,mscoco,0.21572365164756774,0.5943809615670156,0.25005027651786804,0.6023806785338515,0.2,1.0,0.2,1.0
449780,mscoco,0.19887377917766572,0.3397494669182891,0.213895021378994,0.5288598559505395,0.1,0.1666666666666666,0.0,0.0588235294117647
560326,mscoco,0.08843643367290496,0.20566605514036604,0.1370907485485077,0.37284841029098476,0.2,0.5,0.3,1.0
440813,mscoco,0.0322517148219049,0.08839567852203797,0.029136316571384668,0.10209755573246192,0.1,0.5,0.1,0.25
126,drawbench,0.13782954178750514,0.2843266517598868,0.1354248583316803,0.34122804742594687,0.0,1.321684883889983e-05,0.0,4.428305730227615e-05
44,drawbench,0.2916721820831299,0.4092907512916633,0.3089381083846092,0.534208283475767,0.0,2.0200795911358907e-05,0.0,0.0002699784017278
174417,mscoco,0.04323209673166275,0.15528484178188592,0.04106665262952447,0.13701389365159702,0.1,1.0,0.1,0.5
423215,mscoco,0.06432846914976835,0.15370687274404632,0.10084009654819966,0.2617397456453784,0.0,0.0017094017094017,0.0,0.0588235294117647
478090,mscoco,0.1345149904489517,0.2704933097090548,0.13679028451442718,0.2862072929806888,0.0,0.0588235294117647,0.1,0.1666666666666666
83034,mscoco,0.033305967785418035,0.16342614827004012,0.03715388318523764,0.12696738022592408,0.1,1.0,0.0,0.0833333333333333
325568,mscoco,0.11096281632781028,0.29058592736654615,0.17784334272146224,0.31098079050320354,0.0,0.0010660980810234,0.0,0.0007107320540156
517603,mscoco,0.10212197750806809,0.23701398381466793,0.10608600452542305,0.29934132228166954,0.4,0.25,0.1,0.2
460287,mscoco,0.04085652325302362,0.17221789206596572,0.03820352274924517,0.1499696117703121,0.2,1.0,0.2,1.0
337546,mscoco,0.17007204368710518,0.3342979540451611,0.24628090113401413,0.47074304294329494,0.1,0.1111111111111111,0.3,1.0
389491,mscoco,0.2985562562942505,0.5726066653281006,0.33855808824300765,0.6252719932426529,0.0,0.024390243902439,0.2,0.5
557451,mscoco,0.03597425417974591,0.16778385393176434,0.03954116296954453,0.11617587502146323,0.2,1.0,0.2,1.0
20414,mscoco,0.1103682080283761,0.3348394514124345,0.1365040935575962,0.35649164890754625,0.4,1.0,0.7,1.0
402603,mscoco,0.09894709028303623,0.29804963780702926,0.08894486986100673,0.22691717512209228,0.1,0.5,0.1,1.0
93116,mscoco,0.08656571358442307,0.2206542538334699,0.08382343407720327,0.22479498019075878,0.3,0.25,0.4,1.0
202143,mscoco,0.13701374158263208,0.3581053789820726,0.3133515313267708,0.5188567387689038,0.4,0.5,0.8,1.0
477526,mscoco,0.2280188798904419,0.48721168650960867,0.22298525124788285,0.47131511605624776,0.2,1.0,0.3,1.0
557388,mscoco,0.26084421426057813,0.48609207521996967,0.281406007707119,0.5281805877876489,0.5,1.0,0.2,1.0
120254,mscoco,0.08530982825905084,0.2916204797998958,0.11242952421307564,0.30312862948475955,0.1,0.1666666666666666,0.2,0.25
188606,mscoco,0.2649645322933793,0.5476120194555683,0.25458880327641964,0.5408509874034334,0.0,0.037037037037037,0.1,0.1
490336,mscoco,0.35028394013643266,0.4356533251893308,0.4223534017801285,0.6794450874399904,0.1,0.3333333333333333,0.4,0.5
82731,mscoco,0.09628883954137564,0.22888951414784475,0.08465761542320252,0.18164481008660074,0.1,0.1428571428571428,0.1,0.1
46674,mscoco,0.05784919783473015,0.21133335472914505,0.056105931662023066,0.20976589057494885,0.1,1.0,0.1,1.0
534366,mscoco,0.14805592708289622,0.5002760299904444,0.22261472344398497,0.4174133501060913,0.2,1.0,0.3,1.0
493774,mscoco,0.04238039925694466,0.13676371412957988,0.04403619421645999,0.1326027971544634,0.0,0.0833333333333333,0.2,0.5
417547,mscoco,0.14599558785557748,0.38322298390968934,0.1690827265381813,0.36716868894885984,0.0,0.0344827586206896,0.0,0.0119047619047619
63556,mscoco,0.03212719839066267,0.12171989402229429,0.040097915939986704,0.12114455742099875,0.1,0.3333333333333333,0.1,1.0
479036,mscoco,0.11467121262103319,0.5202762183179519,0.09997533364221453,0.30900073763011443,0.4,1.0,0.4,1.0
515424,mscoco,0.2893752381205559,0.6197949129560201,0.46755011975765226,0.6952550338015537,0.2,0.5,0.1,0.25
320899,mscoco,0.10417406968772411,0.23702574493747725,0.1963796280324459,0.3915255600148011,0.1,0.125,0.1,0.125
353378,mscoco,0.077754239551723,0.2722436510414784,0.07271576095372438,0.24654765698835468,0.1,1.0,0.1,1.0
26517,mscoco,0.26345821619033816,0.39977242487289916,0.3113494299352169,0.5518407723617182,0.1,0.2,0.2,1.0
559912,mscoco,0.1926090307533741,0.29468047947686427,0.22395867854356766,0.4181130649387439,0.4,0.2,0.5,1.0
5913,mscoco,0.3544005826115608,0.6142255412564459,0.253891284763813,0.5481236621494208,0.0,0.0833333333333333,0.0,0.0625
390474,mscoco,0.19629373587667942,0.402889288113995,0.21619105115532875,0.4494023464180006,0.5,0.5,0.6,1.0
235062,mscoco,0.11701980717480183,0.2922916419433031,0.07751115988940001,0.32097773852383815,0.2,0.3333333333333333,0.2,1.0
313015,mscoco,0.01687507387250662,0.061548595992966505,0.018939057551324367,0.07898665935934701,0.1,0.2,0.1,1.0
397857,mscoco,0.051214402355253694,0.2733108445268047,0.06088165631517768,0.2842061705170996,0.1,1.0,0.1,1.0
550140,mscoco,0.2297209694981575,0.40698749920328176,0.22063137367367744,0.4026869553701072,0.7,0.25,0.5,0.5
461836,mscoco,0.16402507536113262,0.2654849812905795,0.19277092516422273,0.42324980463354184,0.0,0.0666666666666666,0.0,0.0714285714285714
106,drawbench,0.05856050979346037,0.18996014417563867,0.0829811628907919,0.1840700341477667,0.0,0.02,0.1,0.1666666666666666
81779,mscoco,0.1107411727309227,0.25087346202946104,0.14024075716733933,0.3096904389804862,0.1,0.5,0.1,0.25
215134,mscoco,0.31008328050374984,0.45127002865154037,0.4377091288566589,0.5789656736736909,0.1,0.3333333333333333,0.1,0.25
523309,mscoco,0.03938091779127717,0.11361137052347306,0.024312929576262833,0.10444111206375553,0.0,0.0833333333333333,0.0,0.0833333333333333
171,drawbench,0.03376547805964947,0.09738747858375951,0.03391718184575439,0.14222203753697152,0.0,0.0,0.0,0.0
380500,mscoco,0.21705182567238807,0.3933576783241016,0.20883023142814636,0.6030182750789566,0.0,0.0192307692307692,0.2,1.0
156128,mscoco,0.2995295699685812,0.7800557344065032,0.3562344968318939,0.6914960172488388,0.2,1.0,0.4,1.0
125908,mscoco,0.23047606647014618,0.4665986071332417,0.26001749709248545,0.5083704726587547,0.4,0.5,0.4,0.5
488303,mscoco,0.042423151433467865,0.18607700680157205,0.07841172469779849,0.15287801356580255,0.1,0.3333333333333333,0.0,0.0476190476190476
49725,mscoco,0.13907875940203668,0.3642029672165845,0.1291190877556801,0.3145834264224525,0.1,0.5,0.1,0.5
556363,mscoco,0.07610104195773601,0.22225487202409958,0.05812787255272269,0.17753899168263212,0.1,1.0,0.1,0.1428571428571428
279947,mscoco,0.1404632579535246,0.26811154228841144,0.15090435445308686,0.3197892651183404,0.3,0.5,0.6,1.0
139083,mscoco,0.22281549796462058,0.41388626116400246,0.2968838304281235,0.6600532977213147,0.2,0.3333333333333333,0.0,0.0666666666666666
325055,mscoco,0.13645765632390977,0.3180721303370281,0.13581807017326356,0.2564156629848016,0.3,0.25,0.3,0.3333333333333333
483311,mscoco,0.6995642960071564,0.8382354469591278,0.7176457315683364,0.8659925537095255,0.8,1.0,0.8,0.5
206410,mscoco,0.1001768134534359,0.24714690755498928,0.11392524167895317,0.2865057898350723,0.2,1.0,0.0,0.0212765957446808
270290,mscoco,0.06040532663464546,0.19867716376340425,0.056463446374982594,0.2546967460913506,0.3,1.0,0.3,1.0
542937,mscoco,0.14535976126790046,0.4456396445146108,0.14623159989714624,0.31830571472571084,0.2,0.25,0.1,0.2
109178,mscoco,0.15555529445409774,0.42563646380036174,0.1697941929101944,0.40150591802805696,0.9,1.0,1.0,1.0
286116,mscoco,0.07693250589072705,0.19684322271335755,0.07126370947808028,0.21469920219414393,0.2,0.1428571428571428,0.3,1.0
369557,mscoco,0.16124894693493844,0.4274403415293607,0.2042156547307968,0.4862180875595672,0.2,0.5,0.5,1.0
195810,mscoco,0.241048401594162,0.5497904788587493,0.17273310162127017,0.3462882614266894,0.1,1.0,0.1,0.5
561907,mscoco,0.049458179343491795,0.2678217131178916,0.04571978058665991,0.17192620115736496,0.0,0.03125,0.0,0.0010604453870625
100083,mscoco,0.11531878057867288,0.24210017846023835,0.10424785241484642,0.27040441673254273,0.9,1.0,0.5,1.0
427113,mscoco,0.21946091540157794,0.5600324465356984,0.31465316861867904,0.6039078183081532,0.3,1.0,0.5,1.0
504670,mscoco,0.0873028727248311,0.27456985902356335,0.10077429413795472,0.19871766544007857,0.0,0.0384615384615384,0.0,0.04
171656,mscoco,0.03607231536880136,0.09807747371464172,0.027714813919737936,0.11011297840180848,0.1,0.1428571428571428,0.1,1.0
337011,mscoco,0.03321687560528517,0.10313574398716613,0.02125110514461994,0.07754134773147318,0.0,0.0344827586206896,0.1,0.5
452031,mscoco,0.027251017093658448,0.10624687862494012,0.047139545995742084,0.1397530628292744,0.1,1.0,0.0,0.0769230769230769
59593,mscoco,0.31654580384492875,0.5187843395712904,0.3075506202876568,0.7067027170746951,0.3,0.3333333333333333,0.2,1.0
469894,mscoco,0.06911962516605855,0.1581684174826871,0.12479473389685154,0.2893813038526954,0.1,0.25,0.6,0.5
427688,mscoco,0.3979934550821781,0.34958733202021036,0.420242390781641,0.6298408784441746,0.5,0.2,0.9,1.0
247394,mscoco,0.2963610827922821,0.4931912971329569,0.18372325971722603,0.3594547090462711,0.2,1.0,0.2,0.5
189197,mscoco,0.20855318233370781,0.38777228727841523,0.14492861181497574,0.37350420869569484,0.0,0.024390243902439,0.0,0.0769230769230769
293218,mscoco,0.2128603182733059,0.41695350205475884,0.21623629480600357,0.5736804831863361,0.1,0.25,0.5,1.0
563257,mscoco,0.30316279754042624,0.5370086731786715,0.2834902420639992,0.5761646517748203,0.0,0.0285714285714285,0.1,0.1
188556,mscoco,0.08252384848892688,0.2605141109571465,0.10910958014428615,0.3479321126497395,0.4,1.0,0.6,0.5
544348,mscoco,0.15055955499410628,0.4173412507817259,0.11631915904581547,0.38200945171293876,0.1,1.0,0.1,1.0
492817,mscoco,0.24129966795444488,0.43161445771053847,0.21251721531152726,0.3379489748749759,0.5,1.0,0.2,0.3333333333333333
5614,mscoco,0.08180517051368952,0.16947905322924484,0.14990000575780868,0.34024544958097896,0.1,0.1666666666666666,0.6,1.0
58250,mscoco,0.06765753738582134,0.21180649873840846,0.07722801025956869,0.3420675144755548,0.0,0.0212765957446808,0.1,1.0
110348,mscoco,0.18576467782258987,0.4159342904905455,0.20418056324124337,0.47388303179105146,0.8,1.0,0.9,1.0
502179,mscoco,0.18157549798488617,0.2616648380549958,0.21061653941869735,0.3672242381047803,0.0,0.0476190476190476,0.0,0.0833333333333333
357948,mscoco,0.06287900651805103,0.42223254370585783,0.05439662802964449,0.24368732264789197,0.1,1.0,0.1,0.5
293081,mscoco,0.3221022740006447,0.42572963197099684,0.47354811280965803,0.7622808497034936,0.3,0.5,0.6,0.5
531883,mscoco,0.05226849364116788,0.20044650903647704,0.06610511559993029,0.23195348423615378,0.2,1.0,0.2,1.0
241911,mscoco,0.092369937710464,0.2538893569731746,0.15203059716150163,0.37195316510818166,0.1,0.1428571428571428,0.1,0.125
253480,mscoco,0.30332279205322266,0.4976452556802558,0.3755162000656128,0.7454290345323901,0.0,0.0588235294117647,0.3,0.5
7,drawbench,0.42591161727905275,0.8090996980387187,0.2218993678689003,0.3624426960874137,0.0,5.006257822277847e-05,0.0,0.0001886080724254
418853,mscoco,0.028031353931874038,0.09988671807274725,0.030506001226603983,0.11649596382980529,0.1,0.3333333333333333,0.1,1.0
476341,mscoco,0.11524119973182678,0.25090203893609553,0.15438186302781104,0.3097367376619139,0.0,0.0181818181818181,0.0,0.0013351134846461
92554,mscoco,0.14880460649728774,0.25469254728233137,0.13671291433274746,0.443272190337797,0.1,0.5,0.3,1.0
186145,mscoco,0.27754045054316523,0.7033275048476452,0.3341680020093918,0.6077899043609658,0.2,0.1666666666666666,0.5,0.3333333333333333
323424,mscoco,0.08116170465946197,0.23908282651949456,0.1314495090395212,0.28833396756576757,0.0,0.0357142857142857,0.2,0.1428571428571428
92670,mscoco,0.20180684849619865,0.37514486585521317,0.17324980720877647,0.4660064962534773,0.2,0.5,0.2,0.5
436333,mscoco,0.2571497980505228,0.4583052043145309,0.255216933041811,0.4669822595763488,0.0,0.0285714285714285,0.1,0.5
25748,mscoco,0.10192437395453453,0.2176852655972124,0.12638499066233636,0.3351076336982732,0.0,0.0666666666666666,0.1,1.0
437156,mscoco,0.17165806293487548,0.4229242025137485,0.2410937026143074,0.5784362501746168,0.5,1.0,1.0,1.0
40361,mscoco,0.24247996620833873,0.5247159059358122,0.3477780997753143,0.4406494189493506,0.1,0.125,0.4,0.3333333333333333
190,drawbench,0.025716935517266393,0.07997047867399369,0.025412730034440757,0.10926902665491732,0.0,0.0,0.0,0.0
477988,mscoco,0.1642875649034977,0.46945801508252455,0.1437127348035574,0.48124819423154874,0.2,1.0,0.2,1.0
108238,mscoco,0.10918153487145901,0.25576728872036747,0.18643780872225763,0.6454631069051794,0.0,0.03125,0.1,1.0
397575,mscoco,0.13437287658452987,0.32869249233648656,0.11721466388553381,0.3342795062911861,0.0,0.0192307692307692,0.1,1.0
442667,mscoco,0.13415161967277528,0.3133330457371162,0.225796889513731,0.39518634745506553,0.0,0.0212765957446808,0.4,0.5
362839,mscoco,0.031117625487968325,0.1305209922811639,0.035457968479022384,0.1446278905710843,0.1,1.0,0.1,1.0
375004,mscoco,0.09953236691653729,0.23435429228841434,0.10159024577587843,0.29211978778453396,0.1,0.5,0.1,1.0
409949,mscoco,0.36349347829818723,0.6479701616479532,0.3736246585845947,0.5649281541337149,0.4,1.0,0.6,1.0
549532,mscoco,0.5023010700941086,0.5942174052371567,0.5270280227065086,0.6579434599033472,0.5,0.3333333333333333,0.2,0.1111111111111111
434511,mscoco,0.09538525566458703,0.4727085829487642,0.1565564401447773,0.5241603584424119,0.1,1.0,0.1,1.0
33481,mscoco,0.0368549277074635,0.11776907453013284,0.047165459208190444,0.14220121294383,0.3,1.0,0.2,1.0
306232,mscoco,0.10625828728079796,0.26708472074184936,0.09926486164331436,0.2560365896628624,0.0,0.0222222222222222,0.0,0.0769230769230769
154119,mscoco,0.10624795630574227,0.24602873104222714,0.1438847839832306,0.39588308972866226,0.4,0.3333333333333333,0.6,1.0
525467,mscoco,0.12816890701651573,0.3572068661638499,0.20084239393472672,0.31680320125988465,0.3,1.0,0.3,1.0
494360,mscoco,0.13929105103015899,0.38483893114367257,0.09515410400927067,0.2522003685971568,0.1,0.5,0.1,0.125
223574,mscoco,0.060399867873638866,0.15205151626272018,0.08877898864448071,0.20613433548680204,0.1,0.5,0.1,1.0
347113,mscoco,0.11363650485873222,0.29509408613001603,0.1014696579426527,0.23768155312134326,0.0,0.0014903129657228,0.0,0.0833333333333333
25697,mscoco,0.3603921622037888,0.5501158398223627,0.3655169755220413,0.539470869356754,0.8,1.0,0.7,1.0
198978,mscoco,0.06749187037348747,0.20204825682404906,0.14211785718798636,0.3540084047783602,0.0,0.0666666666666666,0.3,0.25
172776,mscoco,0.21729837357997894,0.364355985347736,0.39214575886726377,0.5137406762914133,0.2,0.25,0.7,0.25
59515,mscoco,0.035438986588269474,0.11430929843757293,0.09932653047144413,0.4156659212339849,0.0,0.0055555555555555,0.0,0.0017391304347826
35715,mscoco,0.07553695477545261,0.23251449039369454,0.06397783644497394,0.18384750665048455,0.0,0.05,0.1,1.0
386777,mscoco,0.1335678121075034,0.4355672547821003,0.07898551374673843,0.23435822134759945,0.2,1.0,0.1,0.1428571428571428
527342,mscoco,0.08499954994767904,0.21625725953292166,0.09234413709491492,0.25272887395055427,0.1,0.3333333333333333,0.1,1.0
408838,mscoco,0.3073543645441532,0.6734195195854049,0.3277342215180397,0.5334042608146188,0.1,0.1666666666666666,0.0,0.02
53744,mscoco,0.027271481603384017,0.12146630270433105,0.06354652345180511,0.19061335363140605,0.1,1.0,0.8,1.0
218960,mscoco,0.162692217156291,0.4610175671137072,0.17718663364648818,0.44341094997556196,0.2,1.0,0.3,1.0
404367,mscoco,0.3257541492581367,0.5013576067943498,0.45887759923934934,0.617057318613072,0.4,0.3333333333333333,0.5,1.0
500071,mscoco,0.01901488397270441,0.07310313142272962,0.026576301082968712,0.10589960135349628,0.0,0.009090909090909,0.1,1.0
74331,mscoco,0.22843752428889275,0.5559466645888346,0.22748623117804528,0.5756461990729745,0.2,1.0,0.1,1.0
47652,mscoco,0.10372067391872405,0.24671861719789792,0.12662811055779458,0.2535073616781479,0.0,0.0714285714285714,0.6,1.0
299154,mscoco,0.05126852346584201,0.1644903289516541,0.05593065228313208,0.1547346786317601,0.1,0.1666666666666666,0.2,0.5
499004,mscoco,0.20977714322507382,0.5594822975493203,0.18759102150797843,0.4799909591275928,0.1,0.2,0.3,0.25
13471,mscoco,0.1881982646882534,0.42198468693703634,0.22302795797586442,0.451109382252385,0.3,1.0,0.6,1.0
280810,mscoco,0.06356024574488402,0.18107808714293702,0.09122279221192002,0.2461558334204777,0.2,0.5,0.1,0.3333333333333333
322008,mscoco,0.05487311705946922,0.18319261132411105,0.11872645020484925,0.2808619121824717,0.1,0.1428571428571428,0.0,0.0909090909090909
108871,mscoco,0.07197736278176307,0.20842253440207012,0.07488934565335512,0.28177489366688846,0.1,0.5,0.1,1.0
509626,mscoco,0.1232341717928648,0.31701621616734416,0.10513269230723381,0.2525338955237174,0.1,0.2,0.0,0.0014492753623188
105853,mscoco,0.2523937627673149,0.5188826910557731,0.23921175822615623,0.5271555061256432,0.0,0.024390243902439,0.3,1.0
478320,mscoco,0.13153507560491562,0.3215370182179883,0.12593922540545463,0.3116419774193234,0.5,1.0,0.2,1.0
517632,mscoco,0.24990470185875893,0.7372186684172308,0.23458900973200797,0.7456891086221246,0.2,1.0,0.2,1.0
194105,mscoco,0.17787682637572289,0.3719043172311243,0.1681486651301384,0.35320800283939463,0.0,0.032258064516129,0.0,0.0227272727272727
323208,mscoco,0.1684451162815094,0.37777229671123935,0.16314953602850438,0.37802020452759993,0.1,0.25,0.1,0.3333333333333333
116,drawbench,0.33707175627350805,0.4694864264237633,0.3181998997926712,0.6778299599819541,0.0,0.0,0.0,0.0
246746,mscoco,0.14812866300344468,0.3177063271790127,0.2417738065123558,0.4008972618164456,0.0,0.0052356020942408,0.2,0.25
243292,mscoco,0.11685606986284255,0.26975091451689714,0.18196184933185577,0.3683240050053755,0.2,0.5,0.3,0.5
125,drawbench,0.19189432188868522,0.32953697058116665,0.17496031671762466,0.3642458342166859,0.0,0.0,0.0,0.0
392363,mscoco,0.1816378004848957,0.2839276294673212,0.2339874304831028,0.5019328655817287,0.0,0.0714285714285714,0.1,0.2
6107,mscoco,0.14848540648818015,0.2846287575366595,0.20567335784435273,0.38803949454804865,0.1,0.1666666666666666,0.3,0.5
279605,mscoco,0.08425945155322552,0.21255317303146795,0.1980811357498169,0.40268941658630136,0.3,0.25,0.3,0.2
518199,mscoco,0.05148342400789261,0.19750798431429833,0.03647697921842337,0.12860545419470812,0.0,0.05,0.0,0.0909090909090909
516990,mscoco,0.45964157283306123,0.627354945028525,0.5297404289245605,0.6620891298087058,0.7,1.0,0.8,1.0
474504,mscoco,0.15263764858245848,0.31358403396848383,0.26953011751174927,0.49930812442497097,0.0,0.0454545454545454,0.1,0.5
323788,mscoco,0.39286248087882997,0.719597512560303,0.41466314047575,0.45878485834342714,0.6,1.0,0.6,1.0
210136,mscoco,0.3137416452169418,0.5173829837213054,0.28402112871408464,0.5311267645710348,0.3,0.2,0.1,0.3333333333333333
450558,mscoco,0.0824719239026308,0.25328580618343693,0.10034458711743355,0.2811770018719113,0.0,0.0588235294117647,0.2,0.3333333333333333
542178,mscoco,0.05053439410403371,0.14539682683614047,0.05395130217075348,0.1581671676584453,0.0,0.0076923076923076,0.0,0.0909090909090909
59525,mscoco,0.17448819652199746,0.3210026033818338,0.17971339598298072,0.39992333924191403,0.0,0.0454545454545454,0.2,0.1666666666666666
50201,mscoco,0.20546016469597816,0.4436486383165471,0.12366330418735742,0.43052302655651237,0.1,1.0,0.1,1.0
311629,mscoco,0.20272525474429132,0.3991446597533092,0.25035745874047277,0.4560558781723757,0.2,1.0,0.2,1.0
151594,mscoco,0.12357425950467586,0.27174299759116305,0.1609329402446747,0.3034958037943882,0.4,0.5,0.6,1.0
305545,mscoco,0.031083132978528737,0.18734946064823874,0.0376098854932934,0.19577370692891016,0.1,1.0,0.1,1.0
162393,mscoco,0.22879772633314133,0.5638206180540594,0.30596781373023985,0.6374215121379646,0.2,1.0,0.2,1.0
297967,mscoco,0.130189698189497,0.27101560175070327,0.18188927918672562,0.4637760920558795,0.1,0.1428571428571428,0.1,1.0
237833,mscoco,0.03333176607266068,0.11176016448474098,0.027405020501464605,0.0867284157731301,0.0,0.0181818181818181,0.0,0.0049504950495049
234274,mscoco,0.04626284372061491,0.14199222646246834,0.040514022950083016,0.1313880373218837,0.1,0.5,0.1,0.2
111742,mscoco,0.14180364236235618,0.3087579653644949,0.14675558991730214,0.31653979316903824,0.5,1.0,0.4,1.0
109061,mscoco,0.23111654669046403,0.5766167455144321,0.20102766826748847,0.537223447942548,0.1,1.0,0.1,1.0
190035,mscoco,0.20254895463585854,0.37744344213231756,0.21569611132144928,0.5163886626666432,0.2,0.25,0.1,1.0
62995,mscoco,0.035763900307938454,0.1455976733711901,0.03826123662292957,0.12545660677355044,0.1,1.0,0.1,0.3333333333333333
285484,mscoco,0.09858368281275035,0.22277144210018512,0.07421601116657257,0.21938085422193787,0.0,0.0185185185185185,0.0,0.05
36850,mscoco,0.16585687398910523,0.3494479401916829,0.19792531654238701,0.36496472543588215,0.2,0.5,0.3,1.0
110324,mscoco,0.14576870538294315,0.28652420714563587,0.13212900795042515,0.3282524575760577,0.1,0.5,0.0,0.0909090909090909
388566,mscoco,0.3238529205322266,0.7543958000695806,0.2991053953766823,0.6771025420120135,0.7,1.0,1.0,1.0
74466,mscoco,0.10981393381953239,0.23251756900146198,0.09259001705795526,0.4744109269312668,0.1,0.1111111111111111,0.1,1.0
358438,mscoco,0.13347150050103665,0.427233061125425,0.11832477636635304,0.20638029656895795,0.1,0.25,0.1,0.3333333333333333
302137,mscoco,0.2123050719499588,0.408509490078941,0.2770837277173996,0.5475933909389067,0.2,0.3333333333333333,0.4,0.25
144,drawbench,0.07297692894935608,0.2112607412902874,0.045718738436698915,0.12890154143988455,0.0,0.0,0.0,0.0
404766,mscoco,0.3867544516921043,0.6981131760603871,0.5121167838573456,0.7676554905864271,0.3,0.5,0.3,0.3333333333333333
322937,mscoco,0.30639076679944993,0.4596359715004038,0.4089935302734375,0.5413883178911967,0.4,1.0,0.9,1.0
245902,mscoco,0.07220690175890923,0.17292510231634972,0.10607095919549465,0.22858385594046093,0.0,0.0222222222222222,0.0,0.0833333333333333
27528,mscoco,0.1820498526096344,0.29743084458787356,0.2083847548812628,0.31918550740010687,0.6,1.0,0.8,1.0
254392,mscoco,0.09224075376987458,0.3187397056154834,0.0876815915107727,0.3179245929676551,0.2,1.0,0.2,1.0
34827,mscoco,0.43397335708141327,0.7640015460843392,0.47348541021347046,0.6360429126033343,0.9,1.0,1.0,1.0
291752,mscoco,0.5811776012182236,0.6849069525090533,0.6585511147975922,0.7834091004593091,0.9,1.0,1.0,1.0
126895,mscoco,0.09593002609908581,0.22417564305227006,0.16968610361218453,0.39876481535650005,0.0,0.0833333333333333,0.3,1.0
312316,mscoco,0.1352301336824894,0.3226374677620184,0.21939992755651475,0.5908587924328497,0.0,0.0769230769230769,0.4,1.0
439657,mscoco,0.11660000421106816,0.33528764404952227,0.1711349219083786,0.3615334160980323,0.2,1.0,0.2,1.0
438446,mscoco,0.21760533079504968,0.5023207729726474,0.2654146051034331,0.5628958050899453,0.5,0.5,0.7,1.0
470932,mscoco,0.06464975047856569,0.17907896620428324,0.06381223164498806,0.16168472092920647,0.2,0.1428571428571428,0.5,0.5
500829,mscoco,0.0607729010283947,0.1938039268993029,0.05967357531189919,0.16000475553397336,0.5,1.0,0.7,0.5
53550,mscoco,0.08978314604610205,0.30849021367991925,0.10255895741283894,0.307814576717901,0.1,1.0,0.2,1.0
395340,mscoco,0.1457172241061926,0.37083128994376463,0.14022047743201255,0.3111547101613186,0.1,0.1666666666666666,0.1,0.5
257983,mscoco,0.5909403681755065,0.7709512176645826,0.6634764492511749,0.7731636952746556,0.4,1.0,0.7,0.5
573052,mscoco,0.09324794746935368,0.2825641124444481,0.0720379007048905,0.198127943503699,0.1,0.5,0.2,0.1666666666666666
475457,mscoco,0.07214729096740484,0.19586615703805754,0.09194406419992447,0.2521299253936464,0.0,0.0588235294117647,0.2,0.1428571428571428
75,drawbench,0.15711401589214802,0.3038709538518362,0.20861514322459698,0.41822376638368036,0.0,0.0833333333333333,0.1,1.0
11288,mscoco,0.29393652975559237,0.5094386602653885,0.3642376959323883,0.6777455974533626,0.0,0.0909090909090909,0.3,1.0
276852,mscoco,0.10229325369000435,0.2650096413915757,0.12065286487340927,0.3682793431335833,0.0,0.0303030303030303,0.1,1.0
557780,mscoco,0.18103715553879737,0.4960728328289862,0.1593620225787163,0.5024607267650888,0.2,1.0,0.2,1.0
363165,mscoco,0.15566598922014235,0.28523690421387216,0.17934533320367335,0.5127367776784574,0.1,0.2,0.4,1.0
541880,mscoco,0.47556573152542114,0.5947894239891998,0.4614305168390274,0.7470983202171867,0.7,0.5,0.7,1.0
313526,mscoco,0.04010916594415903,0.17054676220412657,0.03849857316818088,0.17609390355031854,0.1,0.5,0.2,1.0
214055,mscoco,0.19975206330418588,0.3727380872398401,0.3192754969000816,0.5296134724265704,0.0,0.0625,0.1,0.125
458675,mscoco,0.10497018732130528,0.20827360471661163,0.2085791178047657,0.5155243086000695,0.0,0.0294117647058823,0.4,0.3333333333333333
175277,mscoco,0.0430732280947268,0.11422214573794402,0.0633937431499362,0.19920961510640314,0.2,0.3333333333333333,0.5,1.0
295076,mscoco,0.2736054027453065,0.4888746777752432,0.2878189027309418,0.507672984002426,0.4,1.0,0.5,1.0
63075,mscoco,0.44075898379087447,0.6539075854149646,0.5723167512565851,0.7064323885647552,0.4,1.0,0.8,0.5
533159,mscoco,0.25081984475255015,0.3742445200178817,0.4140841782093048,0.5996794275910582,0.6,0.25,0.8,0.5
292810,mscoco,0.11936157308518887,0.28895609508446063,0.14654052685946226,0.352584804812277,0.1,0.2,0.1,1.0
333978,mscoco,0.4152664810419083,0.6398454001207214,0.5165001571178436,0.5739362629403438,0.6,1.0,0.8,0.5
487264,mscoco,0.28353279680013654,0.5360351625129902,0.31143037378787997,0.5257853968849133,0.1,1.0,0.4,1.0
429074,mscoco,0.12839827612042426,0.28510942251106963,0.21456425860524178,0.40242874289569275,0.2,0.3333333333333333,0.1,0.1
39789,mscoco,0.022180521581321954,0.09134406186941764,0.021559555968269705,0.0658999808066134,0.1,0.5,0.0,0.05
429353,mscoco,0.07528695929795504,0.16469638832515807,0.0629863377660513,0.1955268989435943,0.3,1.0,0.4,1.0
110683,mscoco,0.08441043719649315,0.23759400712354334,0.13261154666543007,0.3452474978646441,0.0,0.04,0.0,0.0175438596491228
4132,mscoco,0.1511735089123249,0.3428559070629897,0.1538480117917061,0.35835622970135744,0.2,0.1666666666666666,0.1,1.0
278134,mscoco,0.07106433715671301,0.2955716033761077,0.07142543084919453,0.15142096800370358,0.1,1.0,0.0,0.0034722222222222
238709,mscoco,0.062257807981222865,0.137596485660364,0.12228672802448273,0.2960504921092422,0.1,0.1111111111111111,0.6,1.0
485300,mscoco,0.01134938239119947,0.04199542825422731,0.013272044574841857,0.034001807738673,0.0,0.0769230769230769,0.1,0.25
296620,mscoco,0.057878920808434486,0.23652463944723157,0.03201475339010358,0.10196239822542191,0.0,0.0454545454545454,0.0,0.0142857142857142
193077,mscoco,0.025849520415067672,0.10419501946497253,0.02795355599373579,0.09815943125008525,0.0,0.05,0.2,0.5
103,drawbench,0.006738357176072895,0.021169293841808674,0.006821229285560548,0.034516784570572515,0.0,0.0,0.0,0.0
310749,mscoco,0.198933145403862,0.3535446708793131,0.22233056500554085,0.4753631952837763,0.2,0.5,0.3,1.0
293864,mscoco,0.34580099061131475,0.6227581302908874,0.4785372823476791,0.5946387914741814,0.3,0.5,0.5,1.0
493806,mscoco,0.2529754087328911,0.5049923011718725,0.24181048572063446,0.5499025694734571,0.2,1.0,0.4,0.5
39535,mscoco,0.22148490101099014,0.3764702629179053,0.23531507551670075,0.44724154515040004,0.0,0.04,0.0,0.0526315789473684
481252,mscoco,0.11406682953238487,0.2252698183091063,0.15181682854890824,0.3152688249418522,0.2,1.0,0.1,0.5
522535,mscoco,0.15652173683047294,0.33942194295953154,0.27139513194561005,0.4985885609911897,0.0,0.0434782608695652,0.0,0.0476190476190476
482765,mscoco,0.2932549461722374,0.5096705222064649,0.25383695513010024,0.6585724691974604,0.1,0.1666666666666666,0.0,0.0769230769230769
81954,mscoco,0.06731529571115971,0.15441961496962942,0.08846514131873846,0.24570199850004742,0.1,0.2,0.1,0.5
333124,mscoco,0.08419518489390612,0.36851428697444827,0.09744149465113879,0.32694309092693613,0.2,1.0,0.2,1.0
529258,mscoco,0.08131529055535794,0.21043175475959916,0.06387092527002096,0.14607483884633085,0.0,0.0142857142857142,0.1,0.25
2567,mscoco,0.182970479875803,0.48719253928546263,0.35879535377025606,0.5426885754061116,0.1,1.0,0.6,0.5
53803,mscoco,0.09563230089843273,0.2629377769386145,0.07091515492647886,0.1801998239146928,0.1,0.5,0.1,0.1111111111111111
172351,mscoco,0.15864320248365402,0.3675182328466675,0.2963641695678234,0.39704370481488804,0.2,0.5,0.4,0.5
311251,mscoco,0.33612836599349977,0.5675414887328095,0.43943105936050414,0.7252069366336256,0.2,1.0,0.5,1.0
356869,mscoco,0.09321644864976406,0.22109502732099118,0.19019570238888264,0.29571998036699193,0.1,0.2,0.0,0.0068965517241379
203406,mscoco,0.6173209041357041,0.6823122605919477,0.6632418602705001,0.9017942972829238,0.9,1.0,0.9,1.0
119870,mscoco,0.27840626835823057,0.4155037965259287,0.3832430765032768,0.6022922182909783,0.1,0.1428571428571428,0.2,0.5
442125,mscoco,0.07115093097090722,0.17374977033867456,0.07509432956576348,0.184579398181674,0.1,0.3333333333333333,0.3,1.0
530619,mscoco,0.18698320165276527,0.4498220111090896,0.21074292659759522,0.40166565271117527,0.6,1.0,0.8,1.0
73196,mscoco,0.15695919021964072,0.3398352688056889,0.11185548231005668,0.25463505990123064,0.1,0.5,0.0,0.0303030303030303
507714,mscoco,0.0698400866240263,0.23937886538721403,0.12298578061163426,0.29139329164925576,0.0,0.0072992700729927,0.0,0.0416666666666666
376144,mscoco,0.015548750013113021,0.06500647604362138,0.024404667410999538,0.07357824857900065,0.3,1.0,0.5,1.0
211063,mscoco,0.03897094698622823,0.17636587540494283,0.057717565726488826,0.1670763383934784,0.1,1.0,0.1,0.3333333333333333
436799,mscoco,0.12743740864098071,0.24898329513440856,0.13494419902563096,0.3226235671790482,0.1,0.3333333333333333,0.2,0.5
204256,mscoco,0.05076799932867289,0.15903511150503905,0.046333483140915635,0.16189435010581477,0.0,0.0714285714285714,0.1,1.0
314048,mscoco,0.0825312726199627,0.18080993645150983,0.10754097383469344,0.25266699897611555,0.2,1.0,0.3,1.0
447009,mscoco,0.16041142344474793,0.2977494709084621,0.1306634083390236,0.37092813159920873,0.1,0.1,0.2,1.0
455079,mscoco,0.3744717352092266,0.7396331310790549,0.4102382443845272,0.5253542642011338,0.2,1.0,0.3,0.5
157617,mscoco,0.16412299126386642,0.3989994361572261,0.24601150900125504,0.43538841956356994,0.2,0.5,0.1,0.25
546877,mscoco,0.44679250568151474,0.5488058194457517,0.5143177300691605,0.7510513462810189,0.1,0.2,0.7,1.0
41392,mscoco,0.03701245002448559,0.11027182077284499,0.049498712085187434,0.12365652623291591,0.1,1.0,0.1,1.0
556462,mscoco,0.1455386493355036,0.3071074313816553,0.18394333496689796,0.3295364036355831,0.6,0.5,0.4,1.0
80053,mscoco,0.1196283794939518,0.2982750209542802,0.3057121247053146,0.4942979160881697,0.0,0.0714285714285714,0.7,0.5
553304,mscoco,0.09584458582103253,0.27486324099692133,0.10644100308418274,0.30615075545435416,0.1,0.2,0.1,1.0
102,drawbench,0.040459916926920414,0.1327055992970912,0.06630614241585135,0.14492860655289916,0.0,0.0,0.0,0.0
463168,mscoco,0.09978010449558497,0.26099659550549303,0.09003516547381878,0.2616865260903944,0.1,0.5,0.1,0.3333333333333333
398463,mscoco,0.1133084062486887,0.23745604903541884,0.17050733789801598,0.46557667408644715,0.1,0.3333333333333333,0.5,1.0
454916,mscoco,0.16384489014744757,0.3229630077936011,0.21476033255457877,0.3144709366448515,0.0,0.0625,0.1,0.125
317022,mscoco,0.09079929254949093,0.24602233246173227,0.09433531537652015,0.2402387128087883,0.0,0.0476190476190476,0.1,0.1111111111111111
61943,mscoco,0.31691050678491595,0.6280182393651679,0.25270611345767974,0.34240289788834904,0.0,0.0099009900990099,0.0,0.0833333333333333
543521,mscoco,0.1285270143300295,0.30634771828174284,0.0920489139854908,0.2510854684001948,0.1,1.0,0.1,1.0
509490,mscoco,0.030566573981195687,0.0875512217175024,0.03728323867544532,0.11211148735779045,0.0,0.0208333333333333,0.1,1.0
413970,mscoco,0.00545162633061409,0.021062527893721036,0.007292366330511868,0.025119591437057127,0.0,0.0263157894736842,0.0,0.0833333333333333
67331,mscoco,0.09115180801600217,0.26350168259188117,0.18805889077484608,0.6396119772337905,0.1,0.3333333333333333,0.1,1.0
230669,mscoco,0.21290911547839642,0.4765386757080654,0.2890338681638241,0.6864023943708369,0.3,0.25,0.1,0.1428571428571428
487266,mscoco,0.20064914971590042,0.43597272450882024,0.20841329246759416,0.45352272142134115,0.5,1.0,0.8,1.0
525024,mscoco,0.13641901686787605,0.301526711020531,0.12492828108370305,0.2588075110170645,0.2,0.3333333333333333,0.6,1.0
14257,mscoco,0.03775455914437771,0.11779614482179725,0.06930617718026041,0.19996439841922742,0.1,1.0,0.1,0.1
478240,mscoco,0.1335534483194351,0.294510265898167,0.12330722995102406,0.26540673874584914,0.2,0.3333333333333333,0.0,0.0344827586206896
7211,mscoco,0.019761764910072088,0.08224989145914854,0.01434807616751641,0.049947723341760626,0.3,1.0,0.2,0.3333333333333333
23250,mscoco,0.20536514632403852,0.2740636118377848,0.2903375282883644,0.5534673076777473,0.1,0.1,0.5,1.0
3590,mscoco,0.40441662073135376,0.6580879198167658,0.4993731647729874,0.6345992549721585,0.7,1.0,1.0,1.0
580511,mscoco,0.28816709518432615,0.5877335281788387,0.3804208293557167,0.6098718202337369,0.2,1.0,0.7,1.0
40658,mscoco,0.08586270231753587,0.40383810795871394,0.1326823603361845,0.4664780604341849,0.1,1.0,0.1,1.0
322350,mscoco,0.14331492297351361,0.2807672493715813,0.1729477509856224,0.3410590286472727,0.2,1.0,0.1,1.0
125635,mscoco,0.32017482817173004,0.5365779693292866,0.3317138463258743,0.6467842376551055,0.5,0.25,0.6,1.0
283631,mscoco,0.1386677511036396,0.33272524691834243,0.1406509406864643,0.3297731008429114,0.1,0.5,0.3,0.5
528729,mscoco,0.03094185097143054,0.15090895867798004,0.05360662508755922,0.19011296099367198,0.1,1.0,0.1,1.0
167021,mscoco,0.17387748658657073,0.3953236293473632,0.2407885931432247,0.43390358760179226,0.2,0.2,0.5,0.2
140100,mscoco,0.18836140520870687,0.24856243958303542,0.3477483257651329,0.5330494409556039,0.1,0.25,0.2,0.5
252213,mscoco,0.11368937343358994,0.27913782571534534,0.07438232116401196,0.2213181605741603,0.1,0.25,0.1,0.2
501364,mscoco,0.24036307483911515,0.530899145683502,0.35889121890068054,0.5138947616574997,0.5,1.0,0.8,1.0
580390,mscoco,0.033243015175685287,0.1459657449761484,0.037747650779783724,0.146569257960699,0.1,1.0,0.1,1.0
463859,mscoco,0.07862658612430096,0.2936432790340715,0.06967296656221152,0.2675633351539315,0.1,1.0,0.1,1.0
391657,mscoco,0.23665266633033752,0.5047372601760162,0.2769659847021103,0.48063440292534987,0.1,0.1111111111111111,0.6,0.3333333333333333
391415,mscoco,0.05520063564181328,0.1491938139590847,0.067910279892385,0.2155905722655751,0.0,0.0123456790123456,0.1,1.0
333099,mscoco,0.03835976757109165,0.11566261234486605,0.049467355757951734,0.14810915727247728,0.1,0.5,0.1,0.2
405574,mscoco,0.008120237314142287,0.02841063945796337,0.0152675227727741,0.06959139143703376,0.0,0.0140845070422535,0.1,1.0
575823,mscoco,0.04823467154055834,0.13753689238142291,0.05612049410119653,0.18101998567431854,0.0,0.0023923444976076,0.0,0.0222222222222222
57088,mscoco,0.2512107752263546,0.5311537781232905,0.30687359571456907,0.5394596907085623,0.1,0.1428571428571428,0.2,0.3333333333333333
226957,mscoco,0.07631113100796938,0.1702848873997907,0.049636860750615595,0.1393255589130178,0.1,1.0,0.1,0.25
184329,mscoco,0.25008310228586195,0.49639301796304075,0.2119751900434494,0.39371109474679583,0.0,0.0104166666666666,0.0,0.0043103448275862
550324,mscoco,0.4446247071027756,0.411400416729191,0.6185069799423217,0.7592462755318424,0.6,0.25,1.0,1.0
575174,mscoco,0.2464728869497776,0.47553990268241675,0.2306111365556717,0.44067742296493145,0.1,1.0,0.3,0.25
24380,mscoco,0.17765826731920242,0.4249499372837555,0.15987426713109015,0.34553516726774947,0.4,0.3333333333333333,0.2,0.3333333333333333
506394,mscoco,0.25256600640714166,0.3937046462656698,0.2468887187540531,0.4011082833870705,0.5,0.5,0.9,1.0
195463,mscoco,0.2518094539642334,0.5531264935871384,0.2912630006670952,0.561065133752051,0.2,1.0,0.3,1.0
308892,mscoco,0.05380716673098505,0.18922921158942455,0.06075060237199068,0.18375545356720502,0.0,0.0588235294117647,0.1,0.5
361913,mscoco,0.11179671101272107,0.21937291451348961,0.16166080087423323,0.2743084841004593,0.1,0.1111111111111111,0.1,0.3333333333333333
293532,mscoco,0.13602671027183533,0.2999970287536887,0.14877650327980518,0.34104957516777334,0.4,0.3333333333333333,0.6,1.0
338118,mscoco,0.05610589408315718,0.20478273050663412,0.05624772794544697,0.22723821137751038,0.1,1.0,0.1,1.0
521250,mscoco,0.14017767664045094,0.3472953410356302,0.19696372859179972,0.47097511250489377,0.2,0.5,0.2,0.25
85353,mscoco,0.046114663453772665,0.20336536567348185,0.014009248861111701,0.05070741044503054,0.2,1.0,0.0,0.0666666666666666
35951,mscoco,0.01512723215855658,0.04434985516865636,0.023088555596768857,0.09056180500839744,0.0,0.009090909090909,0.1,0.1666666666666666
16764,mscoco,0.06666296012699605,0.17563293483474102,0.11206251457333564,0.27886864127342326,0.0,0.0434782608695652,0.2,1.0
397427,mscoco,0.12244400661438704,0.376151580928835,0.10761919729411602,0.2940165710296352,0.1,1.0,0.1,0.5
515561,mscoco,0.05059703961014748,0.1338904425858749,0.06988232303410769,0.21054343470011225,0.0,0.037037037037037,0.1,1.0
366829,mscoco,0.07017437294125557,0.19845656601136263,0.08332266695797444,0.2450799737684694,0.0,0.0131578947368421,0.1,0.5
432410,mscoco,0.43108307123184203,0.6114568795558832,0.5575592219829559,0.6144967072994121,0.0,0.0666666666666666,0.2,0.1428571428571428
61972,mscoco,0.0403534485027194,0.15358596858599746,0.04174772147089243,0.14747141713078024,0.1,1.0,0.1,1.0
499054,mscoco,0.1493525955826044,0.32108694275483163,0.11461714431643485,0.35337731735605,0.1,0.1,0.4,1.0
569021,mscoco,0.03148764632642269,0.09627133033848274,0.03144269622862339,0.12074700014528544,0.1,0.5,0.0,0.0909090909090909
9029,mscoco,0.1213385209441185,0.4425350337516102,0.16735197678208352,0.4527460941814572,0.3,1.0,0.4,1.0
18373,mscoco,0.387528695166111,0.5984086342826704,0.5272543147206307,0.7004569480540437,0.7,1.0,0.9,1.0
336001,mscoco,0.12010871320962906,0.38815033602752425,0.13199849538505076,0.3595764384215618,0.2,0.25,0.4,0.3333333333333333
461475,mscoco,0.04777867440134287,0.1379066778384618,0.03357409480959177,0.09605208526680831,0.0,0.0285714285714285,0.2,0.5
388841,mscoco,0.19874038845300673,0.46610737905318494,0.23256669975817204,0.48043194146641854,0.5,0.3333333333333333,0.4,1.0
284940,mscoco,0.10094142705202103,0.22609267393621582,0.15042484290897845,0.2871829949843453,0.1,0.5,0.4,0.5
394759,mscoco,0.131152081862092,0.26680700435258103,0.09201008751988411,0.22066415949497192,0.5,0.5,0.3,1.0
358411,mscoco,0.05858357436954975,0.2098462421016745,0.08893335964530706,0.22616680788649862,0.2,0.5,0.5,1.0
284421,mscoco,0.12565203793346882,0.23989335226430644,0.11602830737829209,0.3024707269194838,0.6,1.0,0.2,0.3333333333333333
237716,mscoco,0.09970827884972096,0.32313994053260897,0.09116911310702562,0.2563086328400566,0.2,0.5,0.2,1.0
167520,mscoco,0.04901621695607901,0.14167148227157791,0.019758207962149756,0.07828624595875265,0.1,0.2,0.1,0.5
568611,mscoco,0.15955413058400153,0.312858529148546,0.17626306936144828,0.4375964743371673,0.4,0.25,0.5,0.5
159356,mscoco,0.339047072827816,0.5115147872461734,0.30326186269521715,0.5284531570542285,0.1,0.5,0.1,0.2
301261,mscoco,0.045636824890971185,0.15895341816238084,0.10689248256385327,0.32543875873612715,0.0,0.0625,0.0,0.037037037037037
113787,mscoco,0.04608124531805515,0.15003351061183717,0.042798124626278876,0.13966134033219776,0.1,0.125,0.1,0.1428571428571428
375809,mscoco,0.3882994592189789,0.5900884841875466,0.3495480790734291,0.4396156318454754,0.3,0.3333333333333333,0.4,0.3333333333333333
64460,mscoco,0.181557528488338,0.4397112523413715,0.2069202944636345,0.43038193219989296,0.5,0.5,0.5,1.0
470799,mscoco,0.16907813847064973,0.33004848720924357,0.13862161263823508,0.30996647159125434,0.4,1.0,0.5,1.0
382046,mscoco,0.13751438334584237,0.2938482344346481,0.25236855298280714,0.4517634112807341,0.0,0.0625,0.5,1.0
170974,mscoco,0.16410233527421952,0.41180083198812784,0.24141937792301177,0.46136700962469646,0.0,0.0303030303030303,0.3,0.25
562160,mscoco,0.15855105966329575,0.4766630293205993,0.10756829055026174,0.2403038994885105,0.1,1.0,0.1,0.25
562248,mscoco,0.17982444316148757,0.5456720259020353,0.1993882864713669,0.433369287377327,0.2,1.0,0.3,1.0
96638,mscoco,0.11902952492237091,0.24623435666862634,0.3108249820768833,0.5123844044612101,0.2,0.25,0.6,1.0
164234,mscoco,0.3827434152364731,0.4966049384778184,0.31846921890974045,0.5919932562647786,0.7,1.0,0.6,1.0
278962,mscoco,0.1228941809386015,0.3416639669288383,0.09115633871406317,0.25546533109187125,0.2,0.3333333333333333,0.4,1.0
553248,mscoco,0.06380126290023327,0.1799699940730929,0.0558752628043294,0.16439921950668804,0.2,0.5,0.1,0.5
523371,mscoco,0.08003728184849024,0.20555730162090244,0.10262321718037129,0.2943911019295304,0.1,0.2,0.2,1.0
141283,mscoco,0.06494218036532402,0.19681333588448918,0.0963699009269476,0.25953669552931924,0.0,0.0051020408163265,0.0,0.0033003300330033
320292,mscoco,0.2698470078408718,0.5003358113807869,0.21835125088691712,0.533174135518366,0.5,1.0,0.7,1.0
269588,mscoco,0.07958447057753801,0.17682382571848443,0.1396359123289585,0.2741512677225104,0.1,0.2,0.5,1.0
113594,mscoco,0.06157972775399685,0.19027661188186393,0.06942512132227421,0.1732346454979096,0.0,0.0011627906976744,0.0,0.0038022813688212
349622,mscoco,0.1668323554098606,0.29847834685385877,0.21096477508544922,0.3750166314353673,0.1,0.1,0.3,0.3333333333333333
215226,mscoco,0.1390111580491066,0.31571662041922643,0.13071448914706707,0.2906310300367954,0.1,0.5,0.1,0.5
78371,mscoco,0.05446362467482686,0.16844308652011092,0.07116686161607504,0.24480709151827185,0.0,0.024390243902439,0.0,0.0163934426229508
451972,mscoco,0.08023082902655006,0.3577588165188647,0.08386848643422126,0.22627821290502492,0.1,1.0,0.1,0.5
163,drawbench,0.02493473500944674,0.10474169747672046,0.02441341639496386,0.08168762356008848,0.0,0.0,0.0,0.0
150360,mscoco,0.05686692073941231,0.16434012895726283,0.0632072003558278,0.17813716654794917,0.0,0.0178571428571428,0.2,1.0
138567,mscoco,0.04268725607544184,0.16838175963974286,0.06414018329232932,0.17176830169309978,0.0,0.0149253731343283,0.1,1.0
383220,mscoco,0.05571833672001958,0.22329037268732443,0.06943368148058653,0.23046545058052245,0.1,1.0,0.1,1.0
557272,mscoco,0.06056076185777783,0.1731814204411916,0.056634868308901784,0.18006128646477873,0.1,0.25,0.1,0.5
17073,mscoco,0.013391806930303573,0.07140211799316996,0.016429417533800006,0.07633537917235828,0.1,1.0,0.1,1.0
441083,mscoco,0.1805791899561882,0.3147872076346246,0.1701372366398573,0.3179059151686649,0.9,0.5,0.8,0.5
109750,mscoco,0.0887810904532671,0.24740359235352227,0.146423327177763,0.3902424940775048,0.1,0.5,0.1,1.0
20279,mscoco,0.09714897964149713,0.27623568932277537,0.06938677169382572,0.19945085701711618,0.2,1.0,0.2,0.5
324845,mscoco,0.09340470917522907,0.25323174772569573,0.12311993055045604,0.2774091000359664,0.1,0.2,0.3,1.0
303520,mscoco,0.075898165255785,0.17055225394681103,0.04840754410251975,0.14515976915868317,0.1,1.0,0.1,1.0
363136,mscoco,0.15577096659690143,0.3054981313570975,0.14806409552693367,0.38586503299258246,0.1,0.125,0.1,1.0
161622,mscoco,0.09756542444229126,0.2785889131706767,0.10490403696894646,0.24015338153454135,0.1,1.0,0.2,0.5
315242,mscoco,0.14505023695528507,0.5092012535351382,0.13948656469583512,0.3202125082516288,0.0,0.0222222222222222,0.1,1.0
418723,mscoco,0.06109404861927033,0.23330099426681555,0.06114857662469149,0.13501897590816897,0.1,1.0,0.1,0.1666666666666666
65440,mscoco,0.22445523589849473,0.4508911108764472,0.17008243761956693,0.4437976793050957,0.1,0.1111111111111111,0.0,0.0016
111907,mscoco,0.13864219561219215,0.24701153122147737,0.18638960942625998,0.4926082555833701,0.2,0.3333333333333333,0.4,1.0
465140,mscoco,0.14293373003602028,0.3356534368040299,0.1438101451843977,0.33517584241431814,0.1,0.5,0.1,0.5
21083,mscoco,0.06316184420138597,0.14633417959095826,0.10434182323515415,0.2984099165940997,0.1,0.1,0.1,0.2
200202,mscoco,0.117964943125844,0.3135971085258328,0.20845558848232032,0.5287403634875674,0.3,0.3333333333333333,0.7,1.0
215320,mscoco,0.03826889060437679,0.14047534068945014,0.07035671547055244,0.20632492590641793,0.0,0.0666666666666666,0.2,0.25
28978,mscoco,0.1959637425839901,0.3933516936855418,0.21733890622854232,0.4655304737545388,0.0,0.0769230769230769,0.4,1.0
281427,mscoco,0.05003050658851862,0.1531152574233692,0.08939089030027389,0.19690218667550405,0.0,0.0161290322580645,0.2,1.0
357663,mscoco,0.09635365307331085,0.27555854647852446,0.070649628713727,0.2611680038160582,0.1,1.0,0.1,1.0
186171,mscoco,0.2685201831161976,0.47094224670005386,0.25383594185113906,0.5832148747949191,0.0,0.05,0.1,0.3333333333333333
386788,mscoco,0.20680178701877594,0.4438977194916558,0.1466196671128273,0.3615772186249041,0.1,0.5,0.0,0.0909090909090909
492363,mscoco,0.049300800915807484,0.18214361044792812,0.04443981377407909,0.15353620851794367,0.1,1.0,0.1,1.0
486547,mscoco,0.46710350289940833,0.6906329634621721,0.4108829751610756,0.5700795738662615,0.1,1.0,0.1,0.5
516570,mscoco,0.0433604484423995,0.14090212801201585,0.06707977913320065,0.20129577684918715,0.1,0.2,0.1,0.1
152662,mscoco,0.11662173587828875,0.30404419935950655,0.212759224511683,0.4060992794177712,0.0,0.0277777777777777,0.0,0.037037037037037
415280,mscoco,0.11272209212183952,0.45317358547559816,0.1205573495477438,0.452749527800407,0.1,1.0,0.1,1.0
397404,mscoco,0.08597706332802772,0.19142945584559454,0.1189457856118679,0.2864693546847693,0.0,0.0095238095238095,0.0,0.0526315789473684
488801,mscoco,0.38739160150289537,0.7404535656078147,0.42043810337781906,0.7162041819551566,0.7,1.0,0.8,1.0
544956,mscoco,0.02731234161183238,0.1400628877123508,0.023034553043544292,0.13345160634028663,0.1,1.0,0.1,1.0
576859,mscoco,0.15096951834857464,0.34745741574485733,0.18189720436930656,0.4454126901891657,0.1,0.2,0.0,0.0106382978723404
280370,mscoco,0.10612595342099666,0.2488779960243054,0.11056412383913994,0.26822812281908265,0.1,0.1666666666666666,0.1,0.1
310853,mscoco,0.22160103395581246,0.3533333524224316,0.252775988727808,0.414220941094178,0.1,0.2,0.2,0.5
363527,mscoco,0.11239783391356468,0.21648147000322024,0.11701050959527493,0.22529206227209095,0.1,0.5,0.2,1.0
47548,mscoco,0.321415851265192,0.6250401486422571,0.36476755440235137,0.5268365957027977,0.2,1.0,0.2,0.5
542313,mscoco,0.1198385801166296,0.28704871645951013,0.21439159736037255,0.4086627074278866,0.2,0.3333333333333333,0.2,0.5
183386,mscoco,0.31228591203689576,0.5046038106090275,0.3427515238523483,0.4586036626339494,0.5,0.25,0.3,0.2
131101,mscoco,0.10043905153870583,0.280457800039583,0.09443210512399673,0.28248876752244834,0.1,0.3333333333333333,0.4,1.0
130981,mscoco,0.10818696208298206,0.2781402260490377,0.17721890565007925,0.40344027876321986,0.1,0.1111111111111111,0.8,1.0
443547,mscoco,0.11704606339335441,0.252236895751265,0.10026201494038105,0.2996339112847036,0.1,0.25,0.1,1.0
103978,mscoco,0.31621127128601073,0.5940344860167629,0.4213841319084167,0.5926819996375066,0.2,0.5,0.3,1.0
7669,mscoco,0.2493976265192032,0.5226208492143688,0.31223588436841965,0.4983524031437685,0.4,1.0,0.7,1.0
111245,mscoco,0.037196870520710947,0.13636446806409594,0.03676945148035884,0.15263727868223673,0.1,1.0,0.1,1.0
326948,mscoco,0.4733867272734642,0.7386959512362348,0.3931371375918388,0.747237341869773,0.5,1.0,0.7,1.0
486807,mscoco,0.013777863094583153,0.053493729354811434,0.016350436257198453,0.05080848778960869,0.1,1.0,0.1,0.5
303652,mscoco,0.04090914125554264,0.14440840575254707,0.05655779596418142,0.14910472132287603,0.0,0.0044843049327354,0.1,1.0
173547,mscoco,0.21172264218330383,0.40331096495287355,0.22905382812023162,0.39447976031109405,0.6,1.0,0.6,1.0
325239,mscoco,0.01751826051622629,0.059187451573775994,0.0260442981030792,0.06443560902402225,0.1,0.125,0.0,0.037037037037037
353357,mscoco,0.08410270661115646,0.2530411749429715,0.055644383281469346,0.18475434002387944,0.1,0.1111111111111111,0.0,0.0105263157894736
426429,mscoco,0.12783998921513556,0.2657385589873802,0.07929992843419313,0.20529222587709606,0.2,0.3333333333333333,0.2,0.5
261207,mscoco,0.15638642348349094,0.41590614889278654,0.14584933444857598,0.4779590514931859,0.3,0.3333333333333333,0.2,0.1666666666666666
461506,mscoco,0.0436366917565465,0.13605164363654346,0.08237081579864025,0.2174641418371598,0.1,0.125,0.0,0.0909090909090909
44856,mscoco,0.20751071646809577,0.40814245360019347,0.1947516180574894,0.5263793878959998,0.2,0.3333333333333333,0.2,0.5
180817,mscoco,0.033622894319705665,0.11554920335882839,0.018536074599251152,0.055697906365602984,0.1,0.5,0.1,0.1428571428571428
390435,mscoco,0.3791892364621162,0.7607055489010711,0.4504885092377663,0.6914400133285347,0.3,1.0,0.5,1.0
49648,mscoco,0.14147458579391242,0.2618674537633126,0.2323664717376232,0.35393335976490375,0.1,0.2,0.1,1.0
172498,mscoco,0.051050206273794176,0.1443378992525309,0.08796019405126572,0.21603513176281094,0.1,1.0,0.5,1.0
67126,mscoco,0.11646720245480538,0.2106624726422621,0.12515794914215803,0.313009044661702,0.1,0.5,0.0,0.0769230769230769
478029,mscoco,0.1194319598376751,0.4176116817726522,0.10010165814310312,0.2621417343102742,0.1,0.2,0.1,1.0
508567,mscoco,0.12267036065459251,0.2694790577857987,0.1854679062962532,0.38633685749103924,0.2,0.2,0.8,0.5
81,drawbench,0.06728099044412375,0.2115682910392497,0.1276535913348198,0.2565639119160085,0.0,0.0232558139534883,0.0,0.027027027027027
109355,mscoco,0.14892849922180176,0.33401433775587513,0.19605039656162263,0.40916036646366427,0.0,0.0043668122270742,0.0,0.0333333333333333
48935,mscoco,0.4283057227730751,0.6666042567448351,0.3952407091856003,0.5590258604737472,0.2,1.0,0.3,0.25
84886,mscoco,0.07503125667572022,0.18171651539341863,0.09285367578268051,0.2501077291934603,0.0,0.05,0.4,1.0
217271,mscoco,0.09461605548858643,0.30084543161419064,0.12806090973317624,0.31145144261182905,0.1,0.5,0.2,1.0
480140,mscoco,0.011211399547755718,0.04247352597490005,0.011574930185452104,0.04161059158478287,0.0,0.0476190476190476,0.0,0.0357142857142857
327105,mscoco,0.2439437173306942,0.48868676927357324,0.38493763506412504,0.583334442373321,0.2,1.0,0.5,0.2
55768,mscoco,0.17768366262316704,0.29367700068146013,0.35787467658519745,0.6361386110424871,0.1,0.1,0.7,1.0
129030,mscoco,0.038964490639045835,0.19455296700674296,0.05102335466071963,0.21105298564632688,0.1,1.0,0.1,1.0
565387,mscoco,0.11549860276281834,0.2533124736060531,0.17460714392364024,0.40739511812900103,0.0,0.0666666666666666,0.1,0.5
553501,mscoco,0.021137502789497376,0.0684162214160308,0.020124068018049,0.06123490515502017,0.1,0.1666666666666666,0.1,1.0
170193,mscoco,0.14805522542446853,0.41492539252031296,0.14588874261826276,0.40545186354518603,0.2,1.0,0.2,1.0
199,drawbench,0.014912599371746183,0.03915834742998763,0.006067937216721475,0.01983049118022101,0.0,0.0,0.0,0.0
65162,mscoco,0.17442598789930344,0.2850461036381415,0.1413640260696411,0.3921480515252931,0.1,0.5,0.1,0.3333333333333333
334542,mscoco,0.4884978711605072,0.6580768787046587,0.4737002819776535,0.7485043589381847,0.3,0.2,0.6,1.0
185559,mscoco,0.7660286009311676,0.8538554181667134,0.7876982629299164,0.916605164579119,0.8,1.0,1.0,1.0
134066,mscoco,0.3113983362913132,0.4593032048713997,0.3878485918045044,0.5832064281684428,0.2,0.3333333333333333,0.2,0.25
19318,mscoco,0.2281905621290207,0.5357906573181113,0.4046397238969803,0.6750549004356813,0.2,1.0,0.2,1.0
122896,mscoco,0.2269314095377922,0.4110885957929405,0.3711534976959229,0.524228135310416,0.2,0.1666666666666666,0.0,0.0909090909090909
484175,mscoco,0.07874564137309789,0.2081924084488005,0.11122796162962914,0.2941457057584459,0.0,0.0256410256410256,0.1,0.25
550049,mscoco,0.273299565911293,0.4964115078233755,0.3407735198736191,0.6915620396831603,0.7,1.0,0.6,1.0
558966,mscoco,0.055034824460744855,0.22815348027124221,0.07439734786748886,0.2185571683258751,0.4,1.0,0.6,1.0
303177,mscoco,0.2668588668107986,0.5128479940427785,0.17903874441981316,0.37062102163151117,0.0,0.0344827586206896,0.0,0.001727115716753
300047,mscoco,0.04040203951299191,0.12896997626383586,0.049483022280037404,0.1542523126530656,0.2,1.0,0.1,0.25
281977,mscoco,0.0784456042572856,0.24765417947231233,0.09941641017794609,0.3032361354764858,0.8,1.0,1.0,1.0
100169,mscoco,0.1337300308048725,0.27823295407909576,0.30153473317623136,0.6018095285633556,0.2,0.3333333333333333,0.3,1.0
35217,mscoco,0.03911115108057857,0.13407559577833575,0.05778705719858408,0.15999108635667944,0.1,0.5,0.0,0.0049019607843137
195863,mscoco,0.5164958715438843,0.711774890053224,0.6066833972930908,0.7373754014441704,0.3,0.3333333333333333,0.6,0.5
55753,mscoco,0.016345695499330758,0.07019989970338095,0.01123624761821702,0.03747239482409387,0.0,0.0119047619047619,0.0,0.0277777777777777
189504,mscoco,0.08703022245317697,0.242558360495738,0.05587762985378504,0.1802338326893961,0.0,0.0175438596491228,0.1,1.0
257236,mscoco,0.08382532186806202,0.1980627204547415,0.10573601573705674,0.21830195066698746,0.0,0.02,0.1,0.2
15830,mscoco,0.06617643795907498,0.4419212044491212,0.07197964340448379,0.43963129126005035,0.1,1.0,0.1,1.0
382423,mscoco,0.11749488338828087,0.3804834544857348,0.10437457915395498,0.2585143884107057,0.1,1.0,0.2,1.0
182,drawbench,0.036693865060806276,0.11315295920834643,0.034870253037661315,0.09597168149406149,0.0,0.0,0.0,0.0
261431,mscoco,0.03441207380965352,0.14571860548949295,0.03848487427458167,0.16245477033005185,0.2,1.0,0.2,1.0
286021,mscoco,0.10792007073760032,0.28471998653499386,0.13155830129981042,0.2737076876244544,0.0,0.0909090909090909,0.0,0.037037037037037
179,drawbench,0.05739202294498682,0.17462461700106324,0.06801409125328065,0.20969163888730336,0.0,0.0,0.0,0.0
20145,mscoco,0.09607492033392191,0.22076732228854576,0.13326766043901445,0.34141686205927596,0.0,0.0909090909090909,0.0,0.0666666666666666
545274,mscoco,0.10035108253359795,0.3032480459599499,0.10871647410094738,0.28268414175040674,0.0,0.0526315789473684,0.2,1.0
93,drawbench,0.03398578753694892,0.12994726587111913,0.05310141071677208,0.15868675660530424,0.0,0.0003133813851457,0.0,0.0013586956521739
254726,mscoco,0.16366452686488628,0.3098726647330478,0.15770218148827553,0.2888797558235179,0.3,1.0,0.4,0.3333333333333333
182125,mscoco,0.21838451325893402,0.40467961006249864,0.30244523882865904,0.521839063998499,0.1,0.1111111111111111,0.2,0.3333333333333333
46055,mscoco,0.08675595540553331,0.18086627898337912,0.057006001099944116,0.20308539557622368,0.0,0.027027027027027,0.1,1.0
336933,mscoco,0.13896283656358718,0.2628684257744627,0.17383232116699218,0.398098020950192,0.0,0.0013717421124828,0.1,0.1
175597,mscoco,0.08854761812835932,0.2152914411246804,0.17447719126939773,0.32465472060713413,0.1,1.0,0.0,0.0303030303030303
370157,mscoco,0.028749008290469648,0.09302003932681144,0.032250568922609094,0.09912428848348188,0.0,0.0227272727272727,0.1,0.25
361356,mscoco,0.026748634269461037,0.09492964354108256,0.019127046503126622,0.07592350758983601,0.2,1.0,0.3,1.0
452806,mscoco,0.3565620854496956,0.4772608746329043,0.4449367508292198,0.68477541349864,0.4,0.25,0.6,0.5
136,drawbench,0.06986106541007757,0.23089665924780764,0.02069354699924588,0.08174049015036597,0.0,7.48839299086416e-05,0.0,1.80446786242737e-05
191314,mscoco,0.05526988208293915,0.16919693357119,0.056868617236614225,0.19739924899366665,0.1,0.5,0.1,1.0
26,drawbench,0.3755572192370892,0.6154247347717566,0.25202363431453706,0.4432003884148073,0.0,0.0,0.0,0.0
24414,mscoco,0.2407725401222706,0.5291467540951521,0.20324194021522998,0.5063962737805654,0.2,1.0,0.5,1.0
499634,mscoco,0.03844798374921084,0.11841460008899957,0.04669165797531605,0.13078361590051263,0.0,0.037037037037037,0.0,0.0121951219512195
13482,mscoco,0.11323822401463986,0.3816399435540771,0.07967894487082958,0.3055165125620499,0.1,1.0,0.1,1.0
267861,mscoco,0.16375845950096846,0.31438133330368523,0.2081336308270693,0.508866300597143,0.1,0.1666666666666666,0.1,1.0
498967,mscoco,0.129614869505167,0.2856200926312109,0.2228759728372097,0.4402139416697835,0.3,0.3333333333333333,0.2,1.0
247979,mscoco,0.004313013341743499,0.020500252938171856,0.004691022954648361,0.01987323943267527,0.1,1.0,0.1,1.0
438196,mscoco,0.14866605922579765,0.4213945688521125,0.16472600549459457,0.27330396196546686,0.3,1.0,0.3,1.0
230700,mscoco,0.15798058733344078,0.41863595937862397,0.13280263021588326,0.2525568087740416,0.0,0.0076335877862595,0.0,0.0909090909090909
22660,mscoco,0.11907624788582324,0.4490975139417033,0.11955029591917991,0.34659142115798025,0.3,1.0,0.3,1.0
227982,mscoco,0.038714266195893285,0.10584229298075294,0.036010130867362024,0.10074257924697157,0.1,0.25,0.2,0.5
134807,mscoco,0.016624867031350733,0.06821964330436686,0.016328423330560327,0.06398148581301442,0.1,1.0,0.1,1.0
209788,mscoco,0.08293980099260807,0.20464900976940276,0.1731788769364357,0.324187221437571,0.0,0.0263157894736842,0.0,0.02
139518,mscoco,0.11549089550971985,0.29305348579220375,0.11715470254421234,0.2987272826378264,0.0,0.0454545454545454,0.1,0.25
232625,mscoco,0.12732858955860138,0.2624869694619439,0.13949452638626098,0.38129799823679345,0.0,0.0303030303030303,0.2,0.25
423875,mscoco,0.020508401561528444,0.06903770994297155,0.016608502389863132,0.06399816294668367,0.1,1.0,0.1,1.0
87878,mscoco,0.12658878713846206,0.26591965385802635,0.14902991019189357,0.3566139361404746,0.0,0.0416666666666666,0.1,0.5
55,drawbench,0.031914726831018925,0.09776283950604384,0.017142411996610464,0.05874181692714493,0.0,0.0,0.0,0.0
315273,mscoco,0.21451210007071495,0.35457718703118773,0.297407665848732,0.6339633103620413,0.3,1.0,0.5,0.5
118968,mscoco,0.10475592724978924,0.2648915341187981,0.10886041298508645,0.2482837777114383,0.1,0.5,0.0,0.0714285714285714
426459,mscoco,0.21280434727668762,0.402718908711111,0.1653905391693115,0.28267428659090077,0.3,0.2,0.1,0.1
310695,mscoco,0.11077250875532627,0.3572641489883608,0.1189415654167533,0.2492617584325967,0.1,1.0,0.3,1.0
266912,mscoco,0.38048904240131376,0.5291107188470471,0.3405629530549049,0.7778275639873068,0.1,0.5,0.1,1.0
70187,mscoco,0.09285905919969081,0.2436737591010413,0.12858553603291512,0.38178942012342093,0.1,0.5,0.1,1.0
75352,mscoco,0.22312282472848893,0.4376567247459275,0.321428020298481,0.5031482726392849,0.2,0.5,0.5,0.5
485187,mscoco,0.05310270367190242,0.1648111291055587,0.050508206337690355,0.17441957441636977,0.3,0.25,0.3,1.0
446310,mscoco,0.23000624403357506,0.43955820023691106,0.32155017256736756,0.5729072591412503,0.0,0.0416666666666666,0.6,1.0
172702,mscoco,0.09166883528232575,0.32418660827524237,0.10027805380523205,0.3005284063335934,0.1,1.0,0.1,1.0
41838,mscoco,0.17259757295250894,0.47635419383728633,0.26298385858535767,0.5220440452528511,0.8,1.0,1.0,1.0
348083,mscoco,0.04139738325029611,0.10668884291423404,0.05059019224718213,0.18901928772118093,0.1,0.1111111111111111,0.1,0.2
465198,mscoco,0.15464091151952744,0.3581668983475102,0.2577259331941605,0.48337671129956145,0.0,0.0454545454545454,0.1,1.0
458123,mscoco,0.3245557852089405,0.5559576097810752,0.28853965252637864,0.38403312162991005,0.1,0.2,0.3,1.0
215558,mscoco,0.5340721160173416,0.7840209070169277,0.5295156881213188,0.8486272944587996,0.0,0.0769230769230769,0.4,1.0
201019,mscoco,0.10505689941346645,0.23436146331366928,0.20750197917222976,0.3150993793283201,0.2,0.1428571428571428,0.9,0.5
153921,mscoco,0.14372978620231153,0.38921147079300844,0.2609846144914627,0.4548256837509516,0.1,0.2,0.1,0.1428571428571428
345389,mscoco,0.007174414419569075,0.019571945942653324,0.00498436609050259,0.030082862932727716,0.1,0.1111111111111111,0.1,1.0
359066,mscoco,0.048435583058744666,0.17466398413031609,0.061698253732174635,0.1964941225949379,0.1,1.0,0.2,0.25
22102,mscoco,0.15956531167030336,0.340924036401586,0.22501261457800864,0.46819320316372615,0.7,1.0,0.9,1.0
194419,mscoco,0.23612363263964653,0.4025697646788871,0.24298929721117019,0.46586795781060797,0.5,0.5,0.5,1.0
391053,mscoco,0.12416713386774063,0.3116717049174509,0.11458527501672507,0.27824168716394515,0.1,0.25,0.0,0.0033783783783783
20171,mscoco,0.14193013198673726,0.33554342209689547,0.1341908723115921,0.2992465560175037,0.3,1.0,0.7,1.0
538001,mscoco,0.10997066646814346,0.23607460338236183,0.17133307456970215,0.3146342871025504,0.0,0.0095238095238095,0.0,0.0024570024570024
575490,mscoco,0.05115576665848494,0.12925253152005872,0.08596621677279473,0.23589317118187036,0.2,0.5,0.7,0.3333333333333333
75427,mscoco,0.1333014339208603,0.33101209224476125,0.13490064553916453,0.34585102092247144,0.1,1.0,0.1,0.5
510564,mscoco,0.072706145234406,0.18294133568422424,0.14789984934031963,0.4521564795408566,0.0,0.0454545454545454,0.1,0.5
58117,mscoco,0.06378348805010318,0.17623579379843557,0.07107171155512333,0.21510082549626017,0.1,0.5,0.1,0.1666666666666666
294416,mscoco,0.15108755007386207,0.3560269468361194,0.2280636401847005,0.56976827285332,0.0,0.0416666666666666,0.3,1.0
525176,mscoco,0.1418940857052803,0.3433058214803877,0.1727556236088276,0.37148879266993506,0.0,0.0133333333333333,0.0,0.0588235294117647
316522,mscoco,0.04254650962539017,0.29296269364809663,0.05502652851864696,0.1301959058048306,0.1,1.0,0.1,0.2
198832,mscoco,0.1432650975883007,0.30261908890444345,0.263569612801075,0.48773427255571605,0.0,0.0113636363636363,0.0,0.0294117647058823
378022,mscoco,0.05823592115193606,0.13933013633103697,0.08051793463528156,0.21691711254915377,0.1,0.25,0.3,1.0
306037,mscoco,0.11924547255039215,0.2652914106659784,0.07409382499754429,0.2920229887497908,0.0,0.0333333333333333,0.1,1.0
51021,mscoco,0.14417437538504602,0.3317828311966414,0.19817191660404204,0.4141637573388167,0.4,1.0,0.8,1.0
225392,mscoco,0.029565518815070392,0.08969286505949377,0.04642257280647755,0.16929213369183993,0.0,0.0232558139534883,0.3,0.3333333333333333
543490,mscoco,0.17405167147517203,0.4385294795801853,0.22003145441412925,0.38041890316108046,0.2,1.0,0.4,0.5
305117,mscoco,0.032688016258180144,0.11638588620521048,0.06968137063086033,0.2360972396526588,0.0,0.0192307692307692,0.1,1.0
519387,mscoco,0.020489567425101995,0.07619123435076662,0.024949513748288153,0.1015035631357293,0.0,0.00177304964539,0.0,0.0192307692307692
98501,mscoco,0.14435595981776714,0.4206686276308797,0.16984149739146231,0.444501517623246,0.1,0.1111111111111111,0.0,0.0120481927710843
249791,mscoco,0.1669268414378166,0.41999095470463277,0.18461006842553615,0.3668507966163277,0.1,0.3333333333333333,0.0,0.0147058823529411
327664,mscoco,0.12994203418493272,0.2926192914791293,0.20610447600483894,0.4280680735128555,0.1,0.25,0.2,1.0
22,drawbench,0.006559821218252182,0.02400186145168807,0.0076251985970884565,0.03519526372680617,0.0,0.0,0.0,0.0
225654,mscoco,0.11200873777270318,0.2837353373081232,0.10954098403453827,0.37347712965447327,0.0,0.0384615384615384,0.1,1.0
47700,mscoco,0.23477566316723825,0.5267366184070666,0.26370216384530065,0.39066211505158804,0.3,0.5,0.2,0.2
77159,mscoco,0.2275581255555153,0.4265864684103969,0.28868344724178313,0.47556874738587745,0.1,0.1111111111111111,0.3,1.0
501773,mscoco,0.09795415066182614,0.31207612025463183,0.11024958901107311,0.3309687935928129,0.1,1.0,0.1,1.0
355137,mscoco,0.3915849611163139,0.6400166862352357,0.39365370720624926,0.5416886714927283,0.1,0.2,0.4,1.0
476055,mscoco,0.13370537348091602,0.2745629549479521,0.17095352411270143,0.37440792242640536,0.1,0.1666666666666666,0.2,0.5
446898,mscoco,0.11755439583212138,0.26605200612743896,0.25815684124827387,0.5085376112394457,0.2,1.0,0.5,1.0
336645,mscoco,0.21135141029953958,0.41391765775385536,0.2531865671277046,0.513261244091442,0.2,1.0,0.4,0.3333333333333333
57242,mscoco,0.09495646450668574,0.29809714548607325,0.10254095792770386,0.41029732048277523,0.1,0.5,0.1,1.0
137178,mscoco,0.28839389979839325,0.5682466066833185,0.33769111037254335,0.5554073663958456,0.4,0.5,0.4,1.0
113113,mscoco,0.1787985511124134,0.3794556225254763,0.28570559471845625,0.7086419944976132,0.6,1.0,0.5,1.0
403028,mscoco,0.15174486190080644,0.27447383578488405,0.16654498651623725,0.3459926033893527,0.1,0.1111111111111111,0.1,1.0
346795,mscoco,0.05482784546911716,0.15039859701007705,0.04585909061133862,0.14315072156631867,0.1,0.1,0.0,0.0909090909090909
145682,mscoco,0.26784384027123453,0.41579405156573623,0.11252220384776593,0.24441955055163986,0.1,0.1111111111111111,0.0,0.0163934426229508
418791,mscoco,0.05481681898236275,0.17570341238408893,0.06287554539740085,0.23402753696055772,0.0,0.0833333333333333,0.1,1.0
107838,mscoco,0.2362960632890463,0.46795703536378647,0.2676597386598587,0.5776772203379358,0.2,1.0,0.5,1.0
149577,mscoco,0.1158781699836254,0.5431619633235627,0.22510497979819774,0.5893939400359672,0.1,1.0,0.1,1.0
10,drawbench,0.19100859761238098,0.5727575148862338,0.12060961984097958,0.3169010151138987,0.0,0.0,0.0,0.0
544614,mscoco,0.63022520840168,0.8283490991923914,0.6851774334907532,0.8116363896384244,0.9,1.0,1.0,1.0
419150,mscoco,0.19350808374583722,0.39244608724427926,0.22313033789396286,0.649671216773251,0.1,0.1666666666666666,0.2,1.0
496783,mscoco,0.05383367268368602,0.19621298324135786,0.06917047686874866,0.21287872884487036,0.2,1.0,0.2,1.0
195062,mscoco,0.35158946439623834,0.5934982453519722,0.3505312964320183,0.627386213898574,0.1,0.1111111111111111,0.6,1.0
183481,mscoco,0.3444828137755394,0.5547024591951647,0.3468539923429489,0.4901182463600639,0.7,0.5,0.7,1.0
495288,mscoco,0.24570912644267082,0.5833780081920821,0.3030211552977562,0.6726063994108086,0.0,0.0416666666666666,0.1,1.0
162,drawbench,0.01235643362160772,0.05103663790012761,0.025731868133880197,0.1163258318554297,0.0,0.0,0.0,0.0
99321,mscoco,0.27920084446668625,0.4489298239598106,0.29086561799049376,0.5963149094037377,0.6,0.5,1.0,1.0
502637,mscoco,0.0895786602050066,0.2050605450250701,0.08491898886859417,0.2531897293384154,0.4,0.3333333333333333,0.7,1.0
136458,mscoco,0.06666735541075468,0.22177871665045815,0.0913516715168953,0.2038305858468372,0.1,0.5,0.1,0.3333333333333333
113333,mscoco,0.14035778790712355,0.29684455456977227,0.17171515971422197,0.347218430703281,0.3,0.5,0.1,1.0
473448,mscoco,0.1729730822145939,0.4738049548662409,0.1806286819279194,0.3307124765114696,0.3,1.0,0.0,0.05
450598,mscoco,0.5045618340373039,0.7324041812616643,0.5491961687803268,0.780990197563179,0.4,1.0,0.9,1.0
474157,mscoco,0.211512890458107,0.3036296647035166,0.35577553063631057,0.6331006094849106,0.1,0.1111111111111111,0.2,1.0
74499,mscoco,0.05353480111807585,0.19704687652500177,0.06459770146757364,0.23607185852512833,0.1,1.0,0.2,1.0
107610,mscoco,0.3804737091064453,0.6455776089745028,0.433241081237793,0.6034772871015861,0.4,1.0,0.6,0.5
200959,mscoco,0.216430389508605,0.5108546650422221,0.3340404868125916,0.6214944135611727,0.3,1.0,0.7,1.0
463430,mscoco,0.1669538863003254,0.49389270133576085,0.10223309993743897,0.23895320744339046,0.0,0.0123456790123456,0.0,0.0085470085470085
512509,mscoco,0.15388192161917685,0.31755768454135624,0.2102520704269409,0.43738510311872525,0.2,0.5,0.1,0.5
458921,mscoco,0.016665027756243945,0.04859334008187902,0.015158901922404766,0.048196971381121986,0.0,0.025,0.1,1.0
282667,mscoco,0.06850338969379663,0.31741280602229555,0.08298180988058448,0.3436847555997971,0.1,0.3333333333333333,0.1,0.5
448771,mscoco,0.04579292871057987,0.1375036961617963,0.0625484600663185,0.17691589103784794,0.0,0.0196078431372549,0.0,0.05
293598,mscoco,0.5225292325019837,0.6700349243199439,0.552274078130722,0.722335895338836,0.7,1.0,0.8,1.0
541193,mscoco,0.06890886537730694,0.2346572764687625,0.06119863409548998,0.20444103149313034,0.0,0.0666666666666666,0.0,0.0588235294117647
356569,mscoco,0.08468016292899846,0.19808627358142739,0.0722725261002779,0.21331078609205212,0.1,0.125,0.0,0.0714285714285714
334513,mscoco,0.13744552657008172,0.28783763800993684,0.1998607948422432,0.3831858769956395,0.1,0.1111111111111111,0.6,1.0
430167,mscoco,0.08016391820274293,0.24754282859089505,0.11548419278115034,0.45621801775785664,0.0,0.025,0.0,0.032258064516129
513125,mscoco,0.3628708183765411,0.5183134027616639,0.39768259674310685,0.6505138711619579,0.1,0.1428571428571428,0.2,0.3333333333333333
356257,mscoco,0.012788186443503945,0.07342681067333247,0.020255912304855885,0.05944726306190453,0.1,1.0,0.1,0.25
364010,mscoco,0.050677315704524516,0.1572324404456554,0.06571291387081146,0.17367398735862571,0.1,0.25,0.1,1.0
148542,mscoco,0.08704603090882301,0.21345498327772772,0.07826231494545936,0.22516750175317912,0.0,0.0526315789473684,0.0,0.037037037037037
82405,mscoco,0.31825505048036573,0.600356193917221,0.26394998878240583,0.6544263100361988,0.7,1.0,0.4,1.0
70755,mscoco,0.1160167722031474,0.27854615588372755,0.13927439637482167,0.390174797548417,0.1,0.1666666666666666,0.1,1.0
118927,mscoco,0.09856088496744633,0.28109930722525295,0.08821389768272639,0.3252069448812856,0.1,1.0,0.1,0.3333333333333333
508915,mscoco,0.06986804232001305,0.20662002498321796,0.1446516916155815,0.3611106363899867,0.2,0.3333333333333333,0.1,0.2
491739,mscoco,0.21890663206577302,0.35735806395503256,0.19370001032948495,0.5732328695249537,0.0,0.0147058823529411,0.1,0.3333333333333333
147546,mscoco,0.20536048412323,0.3999230413538997,0.3043084591627121,0.48121911468667694,0.5,0.3333333333333333,0.3,0.5
262213,mscoco,0.25685548782348633,0.4550937335192663,0.3334248811006546,0.5325169037649853,0.9,0.5,0.7,1.0
415728,mscoco,0.06048898082226515,0.17890902162045977,0.057707521319389346,0.21773548579120902,0.5,1.0,0.5,1.0
506873,mscoco,0.08577117770910263,0.20972251628508826,0.08541504666209221,0.29147405016812006,0.6,1.0,0.7,1.0
538210,mscoco,0.1637436866760254,0.26283093219648146,0.2939748913049698,0.39070185530627677,0.2,0.2,0.6,0.5
581127,mscoco,0.056796757690608504,0.15035589162616078,0.06255480088293552,0.16216699921945002,0.0,0.0185185185185185,0.1,0.5
110013,mscoco,0.06205543205142021,0.15813819781769403,0.02947724061086774,0.1252398462281456,0.3,1.0,0.3,1.0
502286,mscoco,0.0746869845315814,0.23005387759396265,0.06523210369050503,0.23655198811084874,0.0,0.04,0.1,0.5
99425,mscoco,0.2876960217952728,0.526892076007922,0.33491588979959486,0.468583812010362,0.1,0.125,0.4,1.0
103042,mscoco,0.2127358876168728,0.44016506270613714,0.31270520836114885,0.513453124551689,0.3,1.0,0.7,0.5
360440,mscoco,0.057953952718526124,0.29542675259872525,0.04104786710813642,0.2781869134178298,0.1,1.0,0.1,1.0
409668,mscoco,0.2644334174692631,0.5141365970707386,0.2838631376624107,0.5377823119005701,0.9,1.0,0.9,1.0
421639,mscoco,0.035997002758085726,0.1051006715082977,0.036905117146670816,0.11293552726419456,0.0,0.0526315789473684,0.1,0.1111111111111111
277717,mscoco,0.04387450609356165,0.21095096285204396,0.03991408348083496,0.2061959324360545,0.1,1.0,0.1,1.0
113851,mscoco,0.2773927956819534,0.4467019970880524,0.23112884014844895,0.48293217313774134,0.6,0.5,0.4,1.0
380100,mscoco,0.2572125270962715,0.4299643064255172,0.37139972001314164,0.4576741562037471,0.3,1.0,0.7,1.0
68601,mscoco,0.1764843337237835,0.4424362656265517,0.1872197687625885,0.5335581393300663,0.1,0.5,0.2,0.125
82229,mscoco,0.08989698085933924,0.22584460977663348,0.1433051995933056,0.3188961245716021,0.0,0.0909090909090909,0.0,0.0185185185185185
263462,mscoco,0.1540926642715931,0.37533516614188916,0.22228472977876662,0.4898908524936126,0.2,0.1666666666666666,0.4,0.5
352495,mscoco,0.05568426698446274,0.13840140190353553,0.07823538165539504,0.19532358903826688,0.5,1.0,0.6,0.5
64339,mscoco,0.04729071166366339,0.13699028176725167,0.04139983942732215,0.13848229801323364,0.1,1.0,0.1,0.3333333333333333
11156,mscoco,0.03097455929964781,0.10638786975662831,0.026826743967831135,0.10435267591031488,0.1,0.5,0.1,1.0
334872,mscoco,0.4797128863632679,0.7478739668729576,0.5715029239654541,0.7207835898812082,0.3,0.3333333333333333,0.4,0.5
477820,mscoco,0.22418718114495279,0.4691850953874553,0.2233870379626751,0.3912515794192225,0.3,0.25,0.2,0.5
283884,mscoco,0.22553487941622735,0.5081558915459353,0.40581477880477906,0.5338583283364531,0.4,0.3333333333333333,0.6,0.5
418868,mscoco,0.011519874446094036,0.03989428276912642,0.03149571940302849,0.09517751770466812,0.1,0.25,0.2,1.0
350309,mscoco,0.20056321956217288,0.3873227740258471,0.18940741419792176,0.3143886090676792,0.2,0.3333333333333333,0.1,0.25
14537,mscoco,0.08561618737876416,0.2641091213852569,0.07297421908006071,0.26933084490208853,0.1,0.5,0.1,1.0
575040,mscoco,0.07691682428121567,0.2467202440989135,0.0464294251985848,0.13689697139463325,0.0,0.006578947368421,0.0,0.0018115942028985
449455,mscoco,0.14029860198497773,0.3024426340310875,0.15034400671720505,0.39324545414540807,0.9,1.0,0.6,1.0
211686,mscoco,0.0818578727543354,0.3200159568686484,0.07726536113768816,0.32120798000772843,0.1,1.0,0.1,1.0
154745,mscoco,0.19906343445181846,0.3374371322334108,0.3249259516596794,0.5759479088966414,0.1,0.25,0.2,0.25
152084,mscoco,0.24290785193443298,0.5461646812566764,0.24643109515309333,0.4036049039298671,0.1,0.1666666666666666,0.1,1.0
536390,mscoco,0.2143713004887104,0.42174870106266676,0.23843367248773575,0.4364352164512132,0.0,0.0666666666666666,0.3,0.3333333333333333
235906,mscoco,0.14287668317556382,0.2943056716131151,0.10454653762280941,0.2740965116098146,0.5,1.0,0.3,1.0
526126,mscoco,0.09220648743212223,0.2682347518850309,0.1150952372699976,0.34640351690493726,0.0,0.037037037037037,0.2,1.0
3711,mscoco,0.1506936453282833,0.35112298011099174,0.13391840755939483,0.2936297311956451,0.3,0.1666666666666666,0.2,1.0
275938,mscoco,0.4672757476568222,0.6325339648659563,0.5354734480381012,0.751637613631314,0.5,1.0,0.9,1.0
180130,mscoco,0.5052005082368851,0.758415001257335,0.6154180124402047,0.8646164822543737,0.5,1.0,0.7,1.0
401037,mscoco,0.060508803278207776,0.17479447037317744,0.0558478532359004,0.1660241363377989,0.0,0.0178571428571428,0.1,1.0
348816,mscoco,0.16462113792076707,0.4258874025171224,0.1296598132699728,0.37421350996169334,0.3,1.0,0.2,1.0
358300,mscoco,0.1294092286378145,0.5055489836592726,0.08941682949662208,0.20792454126424004,0.1,1.0,0.0,0.0588235294117647
226577,mscoco,0.2934837985783815,0.34920300461453563,0.23351419456303119,0.5186652778257993,0.5,0.5,0.3,0.5
425100,mscoco,0.1424385905265808,0.27314666816300437,0.17220759093761445,0.33616553755730766,0.1,0.1666666666666666,0.1,0.2
11184,mscoco,0.09425668008625507,0.18517234159508353,0.12835207022726536,0.30355911126604823,0.0,0.0434782608695652,0.0,0.03125
391972,mscoco,0.08848588950932026,0.2421696306865242,0.0882783079519868,0.24771629498966324,0.1,0.5,0.0,0.0714285714285714
578072,mscoco,0.14590588249266148,0.37343764005535807,0.10556978620588779,0.3704304928450487,0.2,1.0,0.1,1.0
558798,mscoco,0.0667275246232748,0.1603143877205436,0.041407344350591305,0.19488911602885942,0.1,0.25,0.0,0.0181818181818181
353559,mscoco,0.08646567165851593,0.20561319943476805,0.07724422253668309,0.25148106303914075,0.3,0.2,0.3,0.5
291117,mscoco,0.2462088420987129,0.4382384606944109,0.29795618206262586,0.5739204172276384,0.0,0.0769230769230769,0.6,1.0
372201,mscoco,0.062006987445056436,0.19874285473606348,0.10334379598498344,0.2562185755991755,0.0,0.0303030303030303,0.2,0.1666666666666666
204085,mscoco,0.12740456014871598,0.31726358328136545,0.13101216554641723,0.3136186652355584,0.6,1.0,0.6,1.0
218965,mscoco,0.25127681344747543,0.6971307818466606,0.25199357196688654,0.6948322845758249,0.2,1.0,0.2,1.0
343012,mscoco,0.039961252361536026,0.11155502757995109,0.033291439339518544,0.09048949205857687,0.1,1.0,0.1,0.25
271941,mscoco,0.07007622718811035,0.18059643384320956,0.055952058732509614,0.18075232346101133,0.1,0.1666666666666666,0.2,0.5
230141,mscoco,0.1284078593365848,0.34415236155768475,0.19146193824708463,0.4288690876212359,0.1,0.25,0.1,0.2
58232,mscoco,0.3174544394016266,0.5372887094159687,0.32592808827757835,0.3684070014238432,0.0,0.0434782608695652,0.0,0.0303030303030303
175437,mscoco,0.04111567363142967,0.1124464523767259,0.04958257749676705,0.17220249617145608,0.1,0.5,0.0,0.0175438596491228
541010,mscoco,0.12673850674182177,0.2383026351149031,0.17596471086144447,0.33271153177259366,0.1,0.5,0.1,0.1666666666666666
140,drawbench,0.07339186230674385,0.20775736194836664,0.018706468865275383,0.0711590928884556,0.0,0.0,0.0,0.0
170558,mscoco,0.08803563863039017,0.23601064894367166,0.057087911013513806,0.19709339461503506,0.1,0.3333333333333333,0.2,0.3333333333333333
148267,mscoco,0.2662088871002197,0.620645441646037,0.2484792985022068,0.6075284149708016,0.1,1.0,0.1,1.0
531896,mscoco,0.05543125681579113,0.1639663915500569,0.09343070089817047,0.2451274778723633,0.0,0.0769230769230769,0.1,1.0
153620,mscoco,0.07893867492675781,0.19431092712068312,0.0644044566899538,0.17473253191526564,0.1,0.125,0.1,0.25
450,mscoco,0.22669193893671036,0.4366128389546174,0.38580732941627505,0.6330502450801796,0.2,1.0,0.3,0.3333333333333333
186605,mscoco,0.07641050145030022,0.22780791022796537,0.07197649031877518,0.23019579161804612,0.1,1.0,0.1,0.25
188845,mscoco,0.04129159040749073,0.11536591844622403,0.07740220576524734,0.20755984024024426,0.0,0.0039682539682539,0.0,0.0333333333333333
442400,mscoco,0.029484017891809343,0.11314088903538552,0.03364791069179773,0.123788629915193,0.0,0.0416666666666666,0.1,0.25
493416,mscoco,0.024262945214286447,0.09429780024931941,0.023291873326525093,0.0860852191424968,0.0,0.0069444444444444,0.1,0.5
239532,mscoco,0.1807958021759987,0.370437165445348,0.20381786301732063,0.5454657015512799,0.0,0.0263157894736842,0.1,1.0
5862,mscoco,0.07300988845527172,0.1968800065312051,0.08583202064037324,0.23136913704913487,0.1,0.1428571428571428,0.3,1.0
194744,mscoco,0.23611522763967513,0.5112059777053536,0.18270932212471963,0.3420672948802201,0.1,0.5,0.2,0.1428571428571428
570512,mscoco,0.021260813903063537,0.07299613401359256,0.015917335264384748,0.07012680084496328,0.0,0.0666666666666666,0.1,1.0
18191,mscoco,0.01364512499421835,0.04500079089631429,0.014354839106090367,0.05154706761940144,0.1,0.1666666666666666,0.0,0.0833333333333333
346093,mscoco,0.38680431693792344,0.5195220348740529,0.487133201956749,0.7218523740064738,0.3,0.3333333333333333,0.3,1.0
549978,mscoco,0.30007243156433105,0.44666338684968915,0.3134018763899803,0.5380863575191979,0.0,0.0833333333333333,0.3,0.5
114468,mscoco,0.14347957707941533,0.3472743440563953,0.18007938414812089,0.4187323865453809,0.1,0.5,0.2,1.0
45490,mscoco,0.08175369538366795,0.2865618828979456,0.10762967085465788,0.2642061698943144,0.1,0.25,0.1,1.0
99701,mscoco,0.1915787048637867,0.3874489056442788,0.15982234943658113,0.2861098856570407,0.2,0.5,0.2,0.1666666666666666
228336,mscoco,0.20419662222266197,0.49812061897584026,0.28853884190320966,0.5185791476009476,0.0,0.0625,0.3,0.5
442148,mscoco,0.13261224711313843,0.34493350840180165,0.11759908068925143,0.2948549634702142,0.3,1.0,0.2,1.0
155,drawbench,0.02873160692397505,0.09371445482827288,0.02272091177292168,0.05711578634367675,0.0,4.697702823319397e-05,0.0,0.000124254473161
539287,mscoco,0.16887873336672782,0.28531472963199656,0.37917337119579314,0.6678554439934163,0.0,0.0588235294117647,0.6,1.0
151466,mscoco,0.03812696896493435,0.17843696793393823,0.11466081440448761,0.32582759019267343,0.1,1.0,0.3,0.25
329908,mscoco,0.19970039129257203,0.4822259551419307,0.2217225193977356,0.394325685734022,0.2,0.3333333333333333,0.4,0.3333333333333333
384986,mscoco,0.09294421821832657,0.2819851856360278,0.09586013071238994,0.2301445775200792,0.0,0.0068493150684931,0.0,0.0111111111111111
444801,mscoco,0.21755922809243203,0.323686523703536,0.3036979392170906,0.47166688148367336,0.1,0.125,0.5,0.5
223875,mscoco,0.09791803881525993,0.27508407744041996,0.12966709900647402,0.4554161045702084,0.0,0.04,0.1,1.0
84493,mscoco,0.112824647128582,0.2771896650453195,0.11444201618432999,0.27194386314239893,0.4,1.0,0.4,1.0
484206,mscoco,0.22451287060976027,0.3767727248877109,0.1976735770702362,0.3607801223118737,0.1,0.3333333333333333,0.2,1.0
223869,mscoco,0.2609454855322838,0.4819889478049736,0.30702624171972276,0.4474644075747853,0.3,0.5,0.5,1.0
13800,mscoco,0.1702865045517683,0.23653468732986724,0.23442270010709762,0.37550038669420494,0.2,0.1428571428571428,0.2,0.3333333333333333
62250,mscoco,0.0808436231687665,0.269098006105285,0.09627819284796715,0.27177786537577864,0.1,0.5,0.2,0.3333333333333333
401092,mscoco,0.080691497027874,0.2336634881871594,0.07613731920719147,0.18810036791420157,0.4,0.5,0.2,0.125
407626,mscoco,0.03706050077453256,0.11657578496022868,0.020348135242238642,0.06350004357851423,0.1,0.3333333333333333,0.0,0.0083333333333333
479866,mscoco,0.3117850497364998,0.6917870478243027,0.4396208107471466,0.748174861995547,0.5,1.0,0.5,0.5
579247,mscoco,0.11278484184294939,0.45368169733672664,0.10633842116221785,0.4355924858183173,0.3,1.0,0.4,1.0
432832,mscoco,0.07302057575434447,0.1812992623353326,0.05645994655787945,0.30717221187753074,0.3,0.3333333333333333,0.4,1.0
297695,mscoco,0.026025887951254843,0.07741044478163188,0.030800151685252786,0.10834650525386956,0.1,0.1,0.1,1.0
440793,mscoco,0.07021921537816525,0.2268182261195757,0.13317265063524247,0.3485041222472116,0.1,1.0,0.1,1.0
484338,mscoco,0.18396760225296022,0.3510356102361275,0.21864588409662247,0.4206167721544448,0.1,0.1111111111111111,0.4,0.1428571428571428
28654,mscoco,0.16582802236080169,0.2862939443954507,0.15264209657907485,0.30295572595377024,0.2,0.5,0.0,0.0227272727272727
372580,mscoco,0.22519565224647523,0.4227965648582877,0.29162681102752686,0.4544711899447193,0.0,0.0222222222222222,0.0,0.0227272727272727
53802,mscoco,0.06917484560981393,0.2128392098041445,0.07558513693511486,0.20667758620757867,0.1,1.0,0.1,1.0
72792,mscoco,0.11190103981643915,0.33381455134184,0.15108676962554454,0.2709448619045103,0.0,0.0263157894736842,0.0,0.0333333333333333
185844,mscoco,0.24255588911473752,0.4827457068538014,0.2864821180701256,0.6044050058840884,0.1,0.1666666666666666,0.3,1.0
355347,mscoco,0.20551849603652955,0.37401866389224736,0.26945776045322417,0.38800807795221165,0.3,0.2,0.3,0.5
55237,mscoco,0.17472327426075934,0.4449008452220554,0.2519792880862951,0.34701745533381684,0.0,0.0344827586206896,0.0,0.0454545454545454
167910,mscoco,0.08183281570672989,0.23406786475397814,0.05270159896463156,0.1422308586664686,0.1,0.5,0.0,0.0166666666666666
398527,mscoco,0.20931966751813888,0.47897562652920234,0.23772235438227654,0.5046918845706848,0.2,1.0,0.5,1.0
484666,mscoco,0.07201615255326033,0.21970516656138625,0.059805828519165515,0.30436081225025496,0.1,0.5,0.1,1.0
399461,mscoco,0.11398631818592549,0.3131588443145461,0.09140393957495689,0.31949285652927073,0.1,0.5,0.2,1.0
71220,mscoco,0.12197369672358035,0.25729862017602695,0.17494763135910035,0.5122896151736309,0.1,0.1666666666666666,0.7,1.0
430391,mscoco,0.21067921295762063,0.4026422521659977,0.2711613103747368,0.4755987086073126,0.6,1.0,0.4,1.0
81166,mscoco,0.12311166897416115,0.29276174942295524,0.2290254592895508,0.4287464786374442,0.0,0.0769230769230769,0.2,0.5
11690,mscoco,0.13666054084897042,0.2872544038341609,0.2464498832821846,0.541350171843987,0.3,0.5,0.6,1.0
74570,mscoco,0.142263775318861,0.3473617076819934,0.18392303138971328,0.35386288876495225,0.7,0.5,0.7,1.0
495609,mscoco,0.17522952668368816,0.3865950201571418,0.21645212322473525,0.5928785356089077,0.1,0.125,0.1,1.0
286874,mscoco,0.10721097737550736,0.25716333300561894,0.15581303387880324,0.3125762886410734,0.1,0.3333333333333333,0.1,1.0
310562,mscoco,0.4927966758608818,0.6876500617415913,0.4283594906330109,0.6356526663633097,0.7,1.0,0.6,1.0
49946,mscoco,0.1454188756644726,0.32742069616642006,0.11684462614357471,0.3033460150372104,0.1,1.0,0.1,1.0
546114,mscoco,0.15793566703796386,0.5446601472001745,0.19002384580671788,0.39075555878010465,0.4,1.0,0.5,0.5
229052,mscoco,0.049371981620788576,0.15796629232759002,0.04269182253628969,0.14351719550741346,0.1,1.0,0.1,0.3333333333333333
218294,mscoco,0.1288098081946373,0.3463122833879959,0.1574483197182417,0.4050769553433643,0.1,1.0,0.3,1.0
262235,mscoco,0.3277893394231796,0.539839393254214,0.3663679614663124,0.4802667945807983,0.6,1.0,1.0,1.0
53229,mscoco,0.043656017445027825,0.1873009527339813,0.05797235015779734,0.13302057231331127,0.3,1.0,0.8,0.5
447209,mscoco,0.06381565015763044,0.16585483584500843,0.07839867509901524,0.24934724059590552,0.2,1.0,0.1,0.3333333333333333
166096,mscoco,0.31487978547811507,0.49325619587449215,0.3357679724693298,0.5381296021965212,0.3,0.25,0.2,0.2
70363,mscoco,0.04690201003104448,0.13835826061832626,0.07085947133600712,0.15084921691657036,0.0,0.03125,0.1,0.1111111111111111
23355,mscoco,0.08573858365416527,0.30241662556060744,0.08437158204615117,0.31191601122000856,0.1,1.0,0.1,1.0
269886,mscoco,0.16007450968027115,0.32241257621430197,0.2081285834312439,0.3023270229574988,0.0,0.0185185185185185,0.2,0.125
237445,mscoco,0.029883633367717266,0.1259878003036977,0.0800985662266612,0.21394437344226466,0.0,0.0769230769230769,0.4,1.0
63835,mscoco,0.3186318278312683,0.4332868324366311,0.38191614747047425,0.4681535839426779,0.5,1.0,0.9,1.0
272255,mscoco,0.34426372721791265,0.49006593673013366,0.3980087243020535,0.6819880936375146,0.5,0.3333333333333333,0.3,1.0
373414,mscoco,0.12199958208948374,0.34741091582425193,0.16940357498824596,0.32037811576158,0.1,0.1111111111111111,0.5,1.0
466827,mscoco,0.25270383059978485,0.49770339886224346,0.3008564293384552,0.526866849930458,0.4,1.0,0.7,0.5
506026,mscoco,0.023680214863270523,0.08987558449860493,0.032116929162293674,0.10958859327612754,0.1,0.25,0.1,1.0
262145,mscoco,0.11657614670693875,0.33244864148093384,0.20421153530478478,0.47979710195948816,0.1,1.0,0.4,1.0
40210,mscoco,0.10484862513840199,0.26214578488071605,0.12891047298908234,0.2794896067933283,0.1,1.0,0.1,0.3333333333333333
281652,mscoco,0.14140264466404914,0.3574905240630333,0.08187652938067913,0.29759155417662075,0.2,1.0,0.2,1.0
280808,mscoco,0.29079990088939667,0.5431806569954676,0.3284149616956711,0.5660380731038064,0.0,0.05,0.2,0.1666666666666666
244549,mscoco,0.4954822927713394,0.6535362493782182,0.5232901185750961,0.7585817473709311,0.1,0.25,0.2,1.0
179504,mscoco,0.025408975873142482,0.08814623099177682,0.03651992415543646,0.10610990638109084,0.0,0.0769230769230769,0.1,0.1428571428571428
177353,mscoco,0.06619182005524635,0.23720885530741403,0.0667955730110407,0.21256314326853679,0.1,1.0,0.1,1.0
298830,mscoco,0.22646118476986885,0.6536199956946059,0.31325526982545854,0.5515463497712542,0.1,1.0,0.3,0.5
126182,mscoco,0.09686853513121604,0.23069457756518333,0.13315220251679422,0.3525022572146737,0.0,0.0208333333333333,0.1,0.125
112904,mscoco,0.21410911232233049,0.41635394629713024,0.2303389597684145,0.48028938698035445,0.0,0.0555555555555555,0.1,0.1666666666666666
211080,mscoco,0.07744865417480469,0.19343803498306386,0.10408619493246078,0.27950853738663595,0.0,0.027027027027027,0.5,1.0
526729,mscoco,0.27721788436174394,0.45711758471733716,0.290282578766346,0.4547095934286258,0.2,0.25,0.1,0.1666666666666666
474180,mscoco,0.156172314286232,0.4267772119993871,0.1039257312193513,0.37722687877275185,0.1,0.5,0.1,1.0
466083,mscoco,0.14589707925915718,0.39613492054661015,0.16142430044710637,0.3399444553476852,0.0,0.05,0.0,0.0285714285714285
154,drawbench,0.05273141674697399,0.1775133927545958,0.04097796701826155,0.18596443318648517,0.0,0.0,0.0,0.0
183805,mscoco,0.09904454667121172,0.24092037477658798,0.0780826337635517,0.28679181230560213,0.1,0.1,0.0,0.0263157894736842
185571,mscoco,0.0324062030762434,0.0957472825021892,0.03300743596628308,0.09779911869018701,0.1,0.5,0.1,1.0
27471,mscoco,0.24227349162101747,0.4756337335820853,0.35220499485731127,0.4864207741634279,0.3,1.0,0.2,0.5
21504,mscoco,0.08164655677974224,0.2617582708326848,0.07663636645302177,0.21282331504334426,0.1,1.0,0.1,0.1111111111111111
422676,mscoco,0.1920723058283329,0.6908700838981524,0.20348942913115026,0.47837274256976403,0.1,1.0,0.1,0.5
452930,mscoco,0.1419212294742465,0.3295958176197106,0.13688724264502525,0.2244172708485046,0.0,0.0625,0.2,0.3333333333333333
473500,mscoco,0.11486821398139,0.2915633888562302,0.09326078742742538,0.3048596074820001,0.1,0.5,0.1,0.1428571428571428
32708,mscoco,0.11589176766574383,0.26226358958392815,0.19058173075318335,0.4604623255300227,0.2,0.1666666666666666,0.4,1.0
578255,mscoco,0.3252686232328415,0.6918212396764758,0.49769731163978576,0.7452692958893681,0.1,0.3333333333333333,0.1,1.0
249792,mscoco,0.03877839259803295,0.16555051701776063,0.03829550426453352,0.16200370532513617,0.1,1.0,0.1,1.0
188795,mscoco,0.24097785726189613,0.4217784026883963,0.2730564810335636,0.5005602726111044,0.3,1.0,0.5,0.3333333333333333
299205,mscoco,0.016165689937770365,0.06326785400883067,0.017340161511674522,0.06736815049369267,0.1,1.0,0.2,1.0
404406,mscoco,0.072162476927042,0.2440753314788048,0.07831274699419737,0.22002770467680796,0.1,1.0,0.1,1.0
145690,mscoco,0.16476910337805747,0.48670244524601464,0.20155907794833183,0.5669615022121514,0.0,0.0277777777777777,0.1,1.0
400332,mscoco,0.2729866310954094,0.49146284603610546,0.35076958537101743,0.7136140766341914,0.2,0.25,0.2,1.0
202810,mscoco,0.14310645014047624,0.30850776272744684,0.1621970109641552,0.283874905960916,0.2,0.2,0.1,0.125
52,drawbench,0.08277875594794751,0.19001476426593605,0.10033871456980706,0.2174049722205413,0.0,0.0,0.0,0.0
225700,mscoco,0.4221266984939575,0.6701225334653378,0.5180150538682937,0.7929532488320425,0.1,0.1428571428571428,0.2,0.25
273106,mscoco,0.13991873562335969,0.31708728139142767,0.20450890697538854,0.40115507521888094,0.0,0.0263157894736842,0.0,0.0588235294117647
394840,mscoco,0.09066598657518625,0.2851716206172008,0.10199896171689034,0.30818263814749713,0.1,1.0,0.2,1.0
323810,mscoco,0.3586004748940468,0.6453794510984177,0.32469848841428756,0.6271814789324939,0.5,1.0,0.5,1.0
174892,mscoco,0.20554485395550728,0.4331106870407397,0.18873211294412612,0.3842970568586292,0.4,0.1428571428571428,0.2,0.1666666666666666
365507,mscoco,0.2677381977438927,0.43237576921513776,0.33001438677310946,0.5103885262227239,0.4,0.25,0.7,1.0
531963,mscoco,0.053733059857040646,0.18820534454331667,0.11837085746228695,0.2869836471838099,0.0,0.0555555555555555,0.1,0.1428571428571428
214127,mscoco,0.1435593493282795,0.39607453115185853,0.2051973395049572,0.438677603379695,0.2,0.3333333333333333,0.2,0.1111111111111111
230991,mscoco,0.1283914428204298,0.31409583317324796,0.14651801884174348,0.29506432021871454,0.1,1.0,0.6,1.0
552962,mscoco,0.24900718480348588,0.4744496685154568,0.29742280691862105,0.4337259052129738,0.1,1.0,0.1,0.1111111111111111
534565,mscoco,0.26613849848508836,0.4601424734136941,0.2954980835318565,0.4761407291365305,0.8,1.0,0.7,1.0
423647,mscoco,0.18662601970136167,0.33724523311816246,0.19760397747159003,0.48558655000066586,0.2,0.1666666666666666,0.3,0.5
48,drawbench,0.07167363036423921,0.1952261595808543,0.0798902116715908,0.2075861798188438,0.0,0.0,0.0,0.0
50480,mscoco,0.07324263621121645,0.16432933387726492,0.06464687269181013,0.20581399764716116,0.0,0.0089285714285714,0.1,0.125
138768,mscoco,0.2084130272269249,0.4716143537036356,0.23832373023033143,0.4976139032550651,0.2,0.5,0.1,0.25
480482,mscoco,0.09214337430894375,0.21864969983225568,0.10027434080839157,0.2928771633682501,0.1,0.5,0.1,0.5
150024,mscoco,0.07491982560604811,0.24009150665242143,0.07395101077854634,0.3665678875974671,0.2,0.5,0.2,1.0
94793,mscoco,0.053321272134780884,0.17050570358153214,0.0785754032433033,0.22122395782887805,0.0,0.04,0.2,1.0
378313,mscoco,0.02898949570953846,0.09699624465236133,0.04879928901791573,0.1462386691134051,0.0,0.0021231422505307,0.1,1.0
504921,mscoco,0.7045480817556381,0.912264913581197,0.7073121130466461,0.8851718899335991,1.0,1.0,1.0,1.0
292116,mscoco,0.07222964745014906,0.2517034639529084,0.12343975082039833,0.3193357974417306,0.0,0.0084033613445378,0.1,1.0
109012,mscoco,0.3898221790790558,0.6273977294995723,0.3819651514291763,0.49963506849337425,0.4,1.0,0.8,0.5
504657,mscoco,0.24623105451464652,0.38679488001624585,0.4908721596002579,0.7002784656632186,0.2,0.1428571428571428,0.9,1.0
72850,mscoco,0.16801834478974342,0.40713228520593414,0.18763615675270556,0.31159361362599575,0.0,0.0434782608695652,0.4,1.0
273316,mscoco,0.21424835920333862,0.554690958097253,0.2897329658269882,0.6047867318464538,0.3,1.0,0.3,1.0
354261,mscoco,0.015648028906434776,0.044091733799963145,0.024794351099990307,0.07230311131155442,0.0,0.0909090909090909,0.0,0.0833333333333333
54437,mscoco,0.44478535652160645,0.6725758571358084,0.4038709744811058,0.5478470181885493,0.5,1.0,0.1,0.1666666666666666
249251,mscoco,0.13194251172244548,0.2521632365487116,0.19166846983134747,0.31101779941747326,0.2,0.5,0.1,0.5
99747,mscoco,0.06691038720309735,0.1715169389804419,0.06987753435969353,0.1699592122509149,0.6,0.5,0.6,1.0
23976,mscoco,0.2971700355410576,0.44003489274448493,0.259968701004982,0.43161970262570093,0.1,0.3333333333333333,0.3,0.2
295295,mscoco,0.35191128179430964,0.6363685756845952,0.3374896600842476,0.45917354243133757,0.3,0.25,0.4,0.3333333333333333
32712,mscoco,0.3142841558903456,0.36592767533129567,0.4191970765590668,0.5490237535767671,0.0,0.0625,0.1,0.125
4616,mscoco,0.03684799103066325,0.15120583551714398,0.03972605308517814,0.12690489003390737,0.1,0.5,0.1,1.0
529096,mscoco,0.08096923567354679,0.2783248176156792,0.08741896338760853,0.2751207817677033,0.1,1.0,0.2,1.0
537349,mscoco,0.07389357462525367,0.16007502584760291,0.07060748245567083,0.24968464303908272,0.0,0.0625,0.0,0.0434782608695652
367853,mscoco,0.24091820269823075,0.4928004202686258,0.2900326505303383,0.4983366694852708,0.2,1.0,0.5,1.0
323231,mscoco,0.06832874100655317,0.17678348209533373,0.06850662305951119,0.19879154241121444,0.0,0.003076923076923,0.1,0.125
385317,mscoco,0.31228761821985246,0.5743141549612786,0.26775896549224854,0.39886679442508316,0.3,0.3333333333333333,0.1,1.0
284192,mscoco,0.0764390304684639,0.21697813267323235,0.07498766984790564,0.23939129923813562,0.1,1.0,0.1,1.0
384790,mscoco,0.23776135221123695,0.4502595335153509,0.22949395403265954,0.558057376292243,0.0,0.0769230769230769,0.0,0.0384615384615384
237758,mscoco,0.1872074343264103,0.4187841293183209,0.15040820762515067,0.3369434909739351,0.4,1.0,0.5,0.25
201134,mscoco,0.08878243742510676,0.5576496720867105,0.11020014099776745,0.35951303198357154,0.1,1.0,0.1,0.5
33,drawbench,0.19685518527403473,0.6656984929270662,0.1331041593104601,0.3215172483358247,0.0,0.0,0.0,0.0
220118,mscoco,0.2109342597424984,0.4017491304920434,0.2187056362628937,0.46864659894078814,0.0,0.0169491525423728,0.1,1.0
182118,mscoco,0.015633247839286924,0.056330263108289355,0.01530679187271744,0.05127782055254779,0.0,0.0076923076923076,0.1,1.0
101569,mscoco,0.2472199320793152,0.4974361248393925,0.3109289675951004,0.4161321937734967,0.2,1.0,0.3,0.5
111754,mscoco,0.39868618100881575,0.5080348888209156,0.5233699977397919,0.6522025884969181,0.2,0.2,0.8,1.0
209920,mscoco,0.09330354742705822,0.24752165781334595,0.08363460525870323,0.25526496110207375,0.0,0.0333333333333333,0.1,0.1666666666666666
534426,mscoco,0.1059080895036459,0.32667770190502443,0.1227725051343441,0.28269029463505063,0.1,0.125,0.4,0.5
165298,mscoco,0.131547324731946,0.35188335328710213,0.13523965552449227,0.2529501142709514,0.1,0.1666666666666666,0.0,0.0833333333333333
289007,mscoco,0.06058857068419456,0.19331350876551512,0.08681223075836897,0.24641788426557598,0.0,0.0625,0.1,1.0
11796,mscoco,0.12580970898270608,0.22838672447381797,0.10843706876039505,0.30189351352373656,0.1,0.5,0.1,1.0
537135,mscoco,0.12527313828468323,0.4148807792330462,0.08352476246654987,0.3529068597107912,0.1,0.5,0.2,1.0
120977,mscoco,0.07756229490041733,0.1903279588214634,0.07051394768059253,0.2323848484860909,0.1,0.5,0.1,0.25
259103,mscoco,0.18841505628079175,0.3493719652556088,0.14598464146256446,0.319934445607364,0.0,0.0357142857142857,0.1,0.5
49073,mscoco,0.1846825547516346,0.40047182218674754,0.2014414280653,0.40080743035258115,0.0,0.00074294205052,0.0,0.0049261083743842
387855,mscoco,0.05329470429569483,0.1526004733964095,0.05514970738440752,0.20845133206840866,0.0,0.0050251256281407,0.1,0.5
252549,mscoco,0.10081161335110664,0.3064050708719217,0.09504177179187537,0.3162011740293966,0.1,0.25,0.1,0.5
506232,mscoco,0.18438040800392627,0.47504799756130234,0.20498120933771133,0.4874900525749762,0.1,1.0,0.4,1.0
178876,mscoco,0.36734055131673815,0.5257750495963373,0.35561328679323195,0.4795904531744153,0.1,0.1,0.1,1.0
98709,mscoco,0.07145029902458191,0.19252428538922883,0.09255740158259869,0.25004312826993463,0.2,0.3333333333333333,0.5,1.0
83328,mscoco,0.04436099487356841,0.1657256876611664,0.11892629228532314,0.41007229049967814,0.1,0.1,0.2,1.0
467180,mscoco,0.025393206719309093,0.0876500141054199,0.0724916074424982,0.18803281788045023,0.2,1.0,0.0,0.0833333333333333
362244,mscoco,0.1919629480689764,0.39491601291545925,0.22933754622936248,0.4224025155957236,0.3,1.0,0.1,0.1428571428571428
382182,mscoco,0.16419434174895287,0.2736083611139478,0.18406034000217913,0.47955531915476035,0.2,0.3333333333333333,0.3,1.0
79545,mscoco,0.27191051840782166,0.4535793932492715,0.32602249160408975,0.5997737983677289,0.0,0.0909090909090909,0.2,0.1666666666666666
516233,mscoco,0.008180623361840843,0.03376280013034454,0.006161173473810777,0.037189886547514046,0.1,0.3333333333333333,0.1,1.0
544127,mscoco,0.10763966739177704,0.2605782653440112,0.099675870873034,0.2725437009663392,0.1,0.5,0.1,0.1428571428571428
97734,mscoco,0.07050084508955479,0.1673255780279474,0.06834066770970822,0.179912734854568,0.2,0.5,0.4,1.0
29752,mscoco,0.12123358082026243,0.21968442664723972,0.20705890655517578,0.4051393046209073,0.1,0.5,0.1,1.0
412491,mscoco,0.03682052493095398,0.10881599495477275,0.031477414164692165,0.10552138078615445,0.1,0.3333333333333333,0.0,0.0526315789473684
111,drawbench,0.03380643166601658,0.1243928105183246,0.05389480795711279,0.1584429076647581,0.1,0.3333333333333333,0.0,0.0052910052910052
354929,mscoco,0.06670169159770012,0.15962523419788616,0.0510252870619297,0.1807648645254433,0.1,0.25,0.1,1.0
558242,mscoco,0.2338004857301712,0.48171805531675194,0.2858636721968651,0.44426741754152377,0.0,0.0416666666666666,0.1,0.25
462129,mscoco,0.062101648561656474,0.1731833469467214,0.06795866675674915,0.17246394705676138,0.0,0.0065359477124183,0.0,0.0555555555555555
462925,mscoco,0.2636668853461742,0.683745207268825,0.3523296758532524,0.7602463868129924,0.3,0.5,0.3,1.0
45343,mscoco,0.09196081086993217,0.2714860628863508,0.05866628233343363,0.24325387495379502,0.1,1.0,0.1,1.0
538299,mscoco,0.14157922007143497,0.36558396092225887,0.12276880368590355,0.24233908213618757,0.1,1.0,0.2,0.2
245002,mscoco,0.29608010649681094,0.42158709479797096,0.3880369335412979,0.5740491476357813,0.6,0.3333333333333333,0.9,1.0
259414,mscoco,0.08980521075427532,0.2632446207770283,0.07733852360397578,0.22851701710295005,0.0,0.0131578947368421,0.0,0.0147058823529411
130314,mscoco,0.07299847770482301,0.2828419042831273,0.07804455514997244,0.3005452270344851,0.1,1.0,0.1,1.0
544120,mscoco,0.09692027755081653,0.26711833388533546,0.05800275467336178,0.2677595520280301,0.0,0.0062111801242236,0.0,0.04
196510,mscoco,0.1177371410652995,0.40054636548069156,0.13402975182980298,0.3315257117679499,0.0,0.0172413793103448,0.0,0.0333333333333333
226197,mscoco,0.11420755498111249,0.25792748873277743,0.21910594329237937,0.40560671292339684,0.0,0.05,0.2,0.2
500568,mscoco,0.07842931672930717,0.22519571902070848,0.07685545273125172,0.28512810324997495,0.1,0.125,0.1,1.0
351149,mscoco,0.11671089977025986,0.3277113625002192,0.10721697434782981,0.3124540936676372,0.0,0.0416666666666666,0.0,0.0769230769230769
298600,mscoco,0.06210159864276647,0.13925738352228037,0.08088805470615626,0.2436358901906421,0.0,0.024390243902439,0.3,1.0
434027,mscoco,0.3924821987748146,0.5836596866305108,0.3912275046110153,0.5895190966193822,0.0,0.037037037037037,0.2,1.0
116851,mscoco,0.08020116575062275,0.22009544622631336,0.09547203965485096,0.28181189814464747,0.4,1.0,0.5,1.0
364567,mscoco,0.3354397125542164,0.6820620080011762,0.5518448740243912,0.693401759480453,0.2,0.3333333333333333,0.6,1.0
363957,mscoco,0.22713135741651058,0.5289626865289618,0.2198782078921795,0.3655387370663655,0.8,1.0,0.9,1.0
568974,mscoco,0.010849576070904731,0.04091632979394703,0.016772678354755044,0.05027218445168053,0.0,0.0059523809523809,0.1,1.0
223739,mscoco,0.06610554158687591,0.1991134146249591,0.0782954003661871,0.27013440185897813,0.0,0.0588235294117647,0.0,0.0833333333333333
59171,mscoco,0.6432271003723145,0.8331125757038009,0.7162892341613769,0.8662385267907715,0.7,1.0,0.9,1.0
521218,mscoco,0.12978469878435134,0.32947177506067815,0.16791487783193587,0.31822726088495096,0.4,1.0,0.8,1.0
367329,mscoco,0.1344417840242386,0.28960509701937204,0.18778129741549493,0.4176156378620169,0.1,0.25,0.4,1.0
352061,mscoco,0.0756118893623352,0.23397082920425877,0.11395460367202759,0.2681928843113326,0.2,0.125,0.2,1.0
484636,mscoco,0.2810457721352577,0.5089747555276897,0.29821532070636747,0.39806064145191017,0.1,0.1428571428571428,0.1,1.0
264461,mscoco,0.0960795596241951,0.2239487564263335,0.18184423595666885,0.42537883355705447,0.0,0.0085470085470085,0.0,0.0384615384615384
148165,mscoco,0.021298813913017512,0.1305276516230679,0.03244488202035427,0.11057076321757153,0.1,1.0,0.0,0.024390243902439
429593,mscoco,0.05479883309453726,0.12318103560403115,0.04836395252496004,0.15801264705740464,0.1,0.5,0.1,1.0
15757,mscoco,0.175921580940485,0.3643491394115553,0.2194123663008213,0.4367390540972065,0.0,0.0153846153846153,0.1,0.1111111111111111
37032,mscoco,0.04807108733803034,0.15688800482825083,0.21893955990672112,0.42521677398251295,0.0,0.0769230769230769,0.9,1.0
99515,mscoco,0.08396428190171719,0.26064817097199316,0.10147945992648602,0.3233711492264515,0.0,0.0022573363431151,0.0,0.0769230769230769
501624,mscoco,0.5325157254934311,0.6755162866067729,0.5839452683925629,0.7519348940172335,0.7,1.0,0.8,1.0
91780,mscoco,0.16701375171542168,0.5318922362008207,0.1981775850057602,0.5286954780653007,0.1,0.5,0.1,0.5
473195,mscoco,0.0906458005309105,0.22042368321671882,0.09520897418260574,0.23700592458474268,0.0,0.0010111223458038,0.0,0.0059171597633136
200241,mscoco,0.06236384864896536,0.24455951424282252,0.06149498224258423,0.24632004176101596,0.1,1.0,0.1,1.0
20966,mscoco,0.21103136613965034,0.3456377054757313,0.20156556665897368,0.44440623797770284,0.4,0.25,0.5,1.0
477005,mscoco,0.1844799045473337,0.37432863573659364,0.20486724898219108,0.46127141271618116,0.4,0.5,0.6,1.0
568281,mscoco,0.028822037484496833,0.08110302682283259,0.053207208216190335,0.1943071783160585,0.1,0.25,0.1,0.1428571428571428
289075,mscoco,0.039101665886119005,0.17894806783924372,0.06219092756509781,0.20168487341116334,0.1,1.0,0.1,1.0
315211,mscoco,0.027647639997303484,0.1244790950763762,0.03198174275457859,0.12047604421888992,0.1,1.0,0.1,1.0
370763,mscoco,0.10130345821380615,0.3414228154366695,0.13586889617145062,0.353160352779918,0.1,1.0,0.4,1.0
245337,mscoco,0.1542797602713108,0.3996571104604866,0.2237398810684681,0.3414219974402483,0.3,1.0,0.2,0.5
359085,mscoco,0.04042922803200781,0.15462110600995793,0.03480695299804211,0.137820379858931,0.1,1.0,0.1,1.0
151956,mscoco,0.08033068887889386,0.35314543355888967,0.09443957768380642,0.21212452973888152,0.2,0.3333333333333333,0.2,1.0
442666,mscoco,0.10117047559469938,0.2976762066012439,0.08228032235056162,0.22155460799984686,0.0,0.0833333333333333,0.1,0.1111111111111111
139214,mscoco,0.18640808388590813,0.3273536169991317,0.18189300820231438,0.3056958112467375,0.2,0.1666666666666666,0.2,0.5
112586,mscoco,0.1373612590134144,0.3225550125037229,0.13924748748540877,0.29571984850248284,0.6,1.0,0.3,1.0
277080,mscoco,0.3868392124772072,0.7748777106756494,0.4091237962245941,0.7014825751002347,0.5,0.5,0.4,0.5
497261,mscoco,0.13195001929998398,0.29125176385428364,0.15765778943896294,0.3406755410195493,0.0,0.032258064516129,0.0,0.024390243902439
421314,mscoco,0.20389999113976956,0.27096843241373214,0.26749070584774015,0.3884499790858021,0.3,0.1428571428571428,0.1,1.0
9288,mscoco,0.24038878455758095,0.48694241636994423,0.24223603308200836,0.6402516355301568,0.7,1.0,0.6,1.0
249587,mscoco,0.09320584796369076,0.2124861959578061,0.1758922129869461,0.39444976304028945,0.2,0.5,0.3,0.25
169179,mscoco,0.18530898690223693,0.3141799719499161,0.2427143670618534,0.38621221681983753,0.2,0.1111111111111111,0.4,0.2
446521,mscoco,0.10396891180425882,0.2440944244952572,0.11575486324727535,0.4091044603344062,0.0,0.0109890109890109,0.0,0.05
203098,mscoco,0.06180217768996954,0.20617283749266513,0.07528497129678727,0.19102268361758132,0.6,1.0,1.0,1.0
83102,mscoco,0.08694368936121463,0.32912592360592896,0.07760468199849128,0.2402355202887518,0.1,0.1428571428571428,0.0,0.0909090909090909
105,drawbench,0.03031929899007082,0.08445219144771524,0.035834507271647456,0.10135459470146269,0.0,0.0175438596491228,0.0,0.0769230769230769
254989,mscoco,0.08699486814439297,0.2065999902656063,0.14150064960122108,0.3179611141142432,0.3,0.25,0.4,1.0
474528,mscoco,0.060722424555569886,0.2020321648182215,0.053099175356328486,0.14862258294608358,0.1,0.125,0.1,0.25
523546,mscoco,0.06332379197701812,0.34571499078752704,0.06723941452801227,0.33670287624013345,0.1,1.0,0.1,1.0
371256,mscoco,0.08351032398641109,0.22619869553925556,0.05043798061087727,0.14965034095579363,0.2,1.0,0.1,0.25
444453,mscoco,0.06533728241920471,0.245968845211526,0.0567036421969533,0.23361015719085276,0.1,1.0,0.1,1.0
127515,mscoco,0.20261565670371057,0.4273455492435623,0.1975701704621315,0.3994889723715442,0.0,0.015625,0.0,0.0909090909090909
15667,mscoco,0.44470290541648866,0.684922899368069,0.5019889712333679,0.7290089680931691,0.5,0.5,0.8,1.0
525851,mscoco,0.11946210917085409,0.3214418590176034,0.08642238657921553,0.285568218922559,0.7,1.0,0.4,1.0
63777,mscoco,0.12339283414185047,0.23932558978601876,0.16190560683608055,0.3420715851423674,0.1,1.0,0.1,0.125
247422,mscoco,0.10824853396043181,0.28040071133587186,0.07063588667660951,0.20238753909347856,0.2,0.5,0.1,1.0
227724,mscoco,0.06485569793730975,0.18143699003857322,0.06076549105346203,0.14734659586075685,0.0,0.0344827586206896,0.1,0.1428571428571428
419828,mscoco,0.038390582287684084,0.19657381396262694,0.033794496394693854,0.19265402666676215,0.1,1.0,0.1,1.0
123166,mscoco,0.23833429329097272,0.3720242848076784,0.24617832750082017,0.4283029440069883,0.0,0.0285714285714285,0.1,0.5
146236,mscoco,0.023140490194782613,0.05746862899188518,0.02483764714561403,0.08463840776181007,0.1,0.1111111111111111,0.1,0.25
264406,mscoco,0.3408553034067154,0.7095987103529113,0.23343317583203316,0.5949012914631159,0.2,0.5,0.2,1.0
311709,mscoco,0.22333668917417526,0.3714529995878503,0.25467279106378554,0.47147841577049054,0.1,1.0,0.5,1.0
54086,mscoco,0.15718117505311965,0.3484765873827386,0.13750222232192755,0.3811717163568332,0.0,0.015625,0.0,0.0042918454935622
124729,mscoco,0.20212389901280403,0.5078233833645467,0.21296025663614274,0.4792042010570443,0.9,1.0,0.8,1.0
521334,mscoco,0.0401438407599926,0.14551015558457617,0.03966233842074871,0.11335034896598785,0.1,0.25,0.1,0.5
400309,mscoco,0.020334165170788766,0.07003820694636015,0.03430550517514348,0.12662414756958962,0.0,0.0625,0.1,1.0
385601,mscoco,0.21937126591801642,0.34127807366102497,0.2689035661518574,0.3618691438648766,0.4,0.5,0.5,1.0
39978,mscoco,0.21680689007043838,0.43665065546488757,0.1823269918560982,0.34328915063299076,0.3,0.25,0.3,1.0
444949,mscoco,0.1776396095752716,0.4525864719200264,0.16702367588877678,0.3314254639202492,0.1,0.3333333333333333,0.1,0.2
428178,mscoco,0.142010398209095,0.350480370027372,0.18658341392874717,0.37044449404272833,0.0,0.0069930069930069,0.0,0.0131578947368421
120416,mscoco,0.4579283893108368,0.6162043111526007,0.47061426341533663,0.727436340161403,0.6,1.0,0.8,1.0
52281,mscoco,0.19352167919278146,0.3161613914506988,0.26213176399469373,0.4476942336892466,0.1,0.125,0.2,0.3333333333333333
187592,mscoco,0.07595312874764204,0.2233149031135064,0.07348650638014079,0.23080539122861152,0.2,0.25,0.3,1.0
98478,mscoco,0.012930926494300365,0.04999163712776012,0.01789736105129123,0.06645960411700685,0.1,0.1428571428571428,0.1,1.0
471599,mscoco,0.10020618699491024,0.19637390298855537,0.09457355421036481,0.24740906609934804,0.1,0.1666666666666666,0.2,1.0
136232,mscoco,0.05735701862722635,0.17826807574577994,0.11956611387431622,0.24124461220235305,0.0,0.0555555555555555,0.0,0.0833333333333333
270740,mscoco,0.25373059175908563,0.4275789408315275,0.3432356521487236,0.5109998628337482,0.1,1.0,0.5,0.3333333333333333
310536,mscoco,0.2923976108431816,0.5770016508456736,0.40789992213249204,0.6913899945647457,0.2,1.0,0.4,0.5
469515,mscoco,0.03888926021754742,0.11590889813265061,0.03940089223906398,0.14001751326887626,0.0,0.0032051282051282,0.1,0.3333333333333333
251252,mscoco,0.1302955884486437,0.27187552551670946,0.1501568950712681,0.38162312111420016,0.2,0.2,0.4,1.0
560646,mscoco,0.23133160918951035,0.4105617744585427,0.2484335944056511,0.45572295041686395,0.6,1.0,1.0,1.0
36029,mscoco,0.18784399032592775,0.4010316119513805,0.18737299852073191,0.47519485397748623,0.1,0.5,0.1,1.0
302216,mscoco,0.2709939818829298,0.5341923434367076,0.384306962788105,0.6284630465451825,0.1,0.3333333333333333,0.3,1.0
178156,mscoco,0.20305585339665413,0.48805240544096384,0.10823410712182521,0.22538165188421772,0.0,0.0022573363431151,0.0,0.0135135135135135
535604,mscoco,0.22217227891087532,0.48119936098200977,0.2133325032889843,0.4118802657553128,0.6,1.0,0.3,0.5
462577,mscoco,0.2286597102880478,0.3938119555916272,0.2595447301864624,0.4632187547202167,0.0,0.0666666666666666,0.4,0.5
360585,mscoco,0.2604684144258499,0.4250324093341861,0.28735050559043884,0.4947262145848826,0.4,0.25,0.6,0.5
336764,mscoco,0.11210852526128293,0.3246520458969843,0.10290364064276218,0.2571125407104637,0.0,0.0128205128205128,0.1,0.1111111111111111
277237,mscoco,0.05743892602622509,0.188397008307988,0.06840426288545132,0.17676711870268885,0.1,0.1666666666666666,0.2,0.5
11326,mscoco,0.09088745396584272,0.25200983286445244,0.10539207309484482,0.33352874234862245,0.1,0.5,0.1,1.0
243443,mscoco,0.0614679167047143,0.16416209344488697,0.07077974192798138,0.20686509485708304,0.2,0.1666666666666666,0.3,0.25
97724,mscoco,0.16965001374483107,0.4121882127475267,0.2863318264484406,0.42835788255105467,0.0,0.0555555555555555,0.3,0.5
248753,mscoco,0.060343556106090546,0.18844332579586423,0.0529922004789114,0.23114051380682415,0.0,0.0277777777777777,0.0,0.0095238095238095
331676,mscoco,0.11008406821638346,0.24223338025215907,0.3544400081038475,0.7900750670676231,0.0,0.0217391304347826,0.1,1.0
169500,mscoco,0.05785363987088203,0.24631830575113606,0.062025933712720874,0.15830691701896893,0.1,0.125,0.2,1.0
475035,mscoco,0.2199248693883419,0.5811516182431932,0.20993557423353196,0.38030666908244,0.2,0.1428571428571428,0.3,0.3333333333333333
383923,mscoco,0.24369965344667435,0.4115610817568016,0.2751624658703804,0.5122234780068268,0.4,0.2,0.4,1.0
330229,mscoco,0.11367351487278939,0.2537584802609635,0.19024948514997958,0.3342175724033238,0.0,0.0476190476190476,0.3,1.0
259421,mscoco,0.18552410379052162,0.557813148157103,0.2648261204361916,0.4763208843466179,0.1,1.0,0.1,0.2
453558,mscoco,0.10460335984826089,0.29807785672714293,0.11600345820188522,0.285567144451417,0.1,0.1428571428571428,0.1,1.0
47632,mscoco,0.062670717574656,0.17088788015742148,0.06503001935780048,0.17110393679228633,0.0,0.0909090909090909,0.1,0.5
556406,mscoco,0.1373471885919571,0.2945445677532849,0.21998392939567565,0.44819398590948323,0.4,1.0,0.4,0.3333333333333333
205563,mscoco,0.2682083070278168,0.3841292939313017,0.2529094710946083,0.46000042966921645,0.5,0.25,0.2,1.0
358287,mscoco,0.2761382803320885,0.5469265187255328,0.248094742000103,0.44333923031674144,0.1,0.1428571428571428,0.3,0.5
172727,mscoco,0.21705154478549957,0.5156700274893092,0.20365017093718052,0.5040767658190187,0.1,1.0,0.1,1.0
274148,mscoco,0.09890754576772451,0.2803693493920331,0.1332677774131298,0.34951655545615296,0.0,0.0147058823529411,0.2,0.125
395957,mscoco,0.07348820008337498,0.20029945479678063,0.08811969496309757,0.23287714897251802,0.0,0.0555555555555555,0.2,0.5
27656,mscoco,0.24219318777322768,0.3202084128058021,0.4091653496026993,0.7517121795062753,0.5,1.0,0.9,1.0
535663,mscoco,0.15470645800232888,0.26360773690431805,0.19306643903255463,0.3441548787782334,0.3,0.3333333333333333,0.3,0.3333333333333333
59012,mscoco,0.11672560442239047,0.2940988545192957,0.18286039307713509,0.42825983402588663,0.1,0.5,0.1,1.0
338732,mscoco,0.05104494467377663,0.13259661727688052,0.029504640866070984,0.11554984230323617,0.1,1.0,0.1,1.0
34800,mscoco,0.08068017531186342,0.17512583924955438,0.11476969961076974,0.3135091639022022,0.0,0.027027027027027,0.3,0.5
78290,mscoco,0.1522669605910778,0.3267418791750065,0.2931367814540863,0.5556951933160298,0.0,0.0028328611898017,0.1,0.1428571428571428
34235,mscoco,0.18177444860339165,0.3919642359540255,0.18157141879200936,0.3353648135983495,0.0,0.0344827586206896,0.1,0.5
149993,mscoco,0.30495564341545106,0.47378237735392714,0.3177014753222466,0.6282068561293975,0.1,0.1666666666666666,0.2,1.0
92,drawbench,0.09791662786155939,0.24969134740370044,0.0928714781999588,0.21953462591296694,0.0,0.0769230769230769,0.0,0.0019920318725099
289739,mscoco,0.07794855367392302,0.27366218768139006,0.07572916876524687,0.23526159549693587,0.1,0.1,0.0,0.0217391304347826
11,drawbench,0.15458944179117678,0.46238419037430606,0.1434148069471121,0.3024066885135696,0.0,1.886863655232273e-05,0.0,1.9478748685184465e-05
394681,mscoco,0.03359092124737799,0.10754164779199388,0.041906858794391155,0.1026594674768051,0.1,0.3333333333333333,0.1,0.1428571428571428
404984,mscoco,0.09963624440133571,0.24467165186529297,0.07881925031542777,0.2318364700530053,0.0,0.003831417624521,0.0,0.0095238095238095
95777,mscoco,0.11957791708409786,0.3080102752866733,0.18527640253305436,0.4250881493843666,0.2,0.5,0.2,0.25
516158,mscoco,0.054032318945974114,0.1506726135473181,0.06993435462936759,0.23334195158916043,0.0,0.015625,0.1,0.25
223569,mscoco,0.22241591289639473,0.38138962711653585,0.4379569858312607,0.6790246899016901,0.1,1.0,0.3,1.0
107782,mscoco,0.13082322236150504,0.3309473433817939,0.11919741407036781,0.2372874769197813,0.1,0.25,0.4,0.5
98881,mscoco,0.01423166859894991,0.05327269700547211,0.02014178051613271,0.06440436541933069,0.1,1.0,0.1,1.0
94045,mscoco,0.23907460719347,0.38983471613927345,0.26504839211702347,0.47558299976978036,0.3,0.3333333333333333,1.0,1.0
498015,mscoco,0.010231442842632532,0.048840651159501224,0.003957195021212101,0.015204746416021587,0.1,1.0,0.0,0.0526315789473684
451172,mscoco,0.07322433330118656,0.22723869710641423,0.052808952145278455,0.25191275701861393,0.1,0.3333333333333333,0.1,1.0
535211,mscoco,0.03132881037890911,0.10278656407763805,0.030556279793381692,0.09381397213377923,0.1,0.25,0.1,0.5
18476,mscoco,0.03021221193484962,0.1220646621725073,0.03785139285027981,0.12213957509571549,0.1,1.0,0.1,1.0
275930,mscoco,0.08353706635534763,0.22926002989174946,0.11470659226179122,0.29561700015972203,0.0,0.0833333333333333,0.1,1.0
507434,mscoco,0.0330914550460875,0.1001279989531146,0.018236353620886804,0.06576187797298315,0.1,0.25,0.0,0.0020366598778004
29122,mscoco,0.04831109456717968,0.12533912096638583,0.056685689836740494,0.21985117578583407,0.0,0.0769230769230769,0.1,1.0
116204,mscoco,0.18780853301286698,0.30745983249400577,0.24610196948051452,0.3955880750488084,0.4,1.0,0.4,0.5
274815,mscoco,0.15366782769560813,0.2835848398593888,0.1322130285203457,0.3386761406822576,0.2,0.25,0.1,0.3333333333333333
507215,mscoco,0.1182813011109829,0.29956304058414224,0.13789808452129365,0.37795724155163446,0.4,0.25,0.2,0.5
559658,mscoco,0.10630115903913975,0.2337691803515704,0.12262076437473297,0.27586459792960516,0.4,0.3333333333333333,0.5,0.5
344157,mscoco,0.7745576858520508,0.8760516039124079,0.8158766269683838,0.9210203310885141,1.0,1.0,1.0,1.0
327768,mscoco,0.12082536146044731,0.27713212961856254,0.08625397942960263,0.2792497436729884,0.2,1.0,0.2,1.0
35424,mscoco,0.12062249667942523,0.2671518737999641,0.2276707537472248,0.34125449472555963,0.2,1.0,0.5,1.0
412698,mscoco,0.11244297996163369,0.32364292675524003,0.09740658327937127,0.31576426780215006,0.2,1.0,0.1,1.0
502588,mscoco,0.24816024899482728,0.4105475496608232,0.1837412804365158,0.40007467339789227,0.5,0.3333333333333333,0.5,1.0
515527,mscoco,0.0948006447404623,0.4303438985897202,0.0893011771608144,0.42059702054938947,0.1,1.0,0.1,1.0
382958,mscoco,0.12408332228660583,0.2707244153002999,0.12707822695374488,0.2882999464623524,0.0,0.0666666666666666,0.1,0.5
166975,mscoco,0.09885941278189421,0.21178299539206283,0.10993429347872734,0.3449262951742985,0.1,0.5,0.1,0.125
397640,mscoco,0.25888442918658255,0.4977268488671948,0.3556587636470795,0.6354682018350434,0.1,0.25,0.1,0.1666666666666666
462880,mscoco,0.04807233214378357,0.1953013502428242,0.03700619237497449,0.18117517777519157,0.1,1.0,0.1,1.0
104808,mscoco,0.0716405313462019,0.18441032131032115,0.04695439385250211,0.15465675276207638,0.1,0.25,0.0,0.05
30235,mscoco,0.223764256387949,0.38564736027724544,0.3217588797211647,0.5158699125668023,0.3,0.25,0.7,0.5
513219,mscoco,0.026464703120291234,0.08225363813865733,0.03260403866879642,0.13400229708537115,0.1,0.25,0.2,1.0
63,drawbench,0.009107385762035847,0.03713244803371384,0.012482659192755818,0.03845628323515048,0.0,0.0,0.0,0.0
245771,mscoco,0.07426564134657383,0.24269474759561435,0.08129743337631226,0.2180691925229223,0.4,0.5,0.4,1.0
1375,mscoco,0.2629780888557434,0.4273685809107735,0.4066611021757126,0.6366523803414311,0.4,0.5,0.3,0.1666666666666666
167479,mscoco,0.06915314719080926,0.17795620325328126,0.08486727438867092,0.20900296934209292,0.0,0.0232558139534883,0.3,1.0
124874,mscoco,0.06373957302421332,0.21623836420989492,0.05614465493708849,0.1392701447952314,0.1,0.3333333333333333,0.0,0.0056497175141242
506901,mscoco,0.05303477942943573,0.16691930746906797,0.05447495747357607,0.17158777972218364,0.3,0.2,0.5,1.0
519754,mscoco,0.1274997480213642,0.6453312646258493,0.11570470202714205,0.6547292121704194,0.1,1.0,0.1,1.0
336457,mscoco,0.07194003500044346,0.25547020809987697,0.12538545913994312,0.2807443949403371,0.0,0.0526315789473684,0.4,0.25
290974,mscoco,0.018000640161335468,0.07625475849201396,0.020346968062222005,0.08436563073811433,0.1,1.0,0.1,0.3333333333333333
18918,mscoco,0.3612750008702278,0.6378395246620067,0.3234231762588024,0.49830368963731675,1.0,1.0,0.7,0.3333333333333333
153140,mscoco,0.27966904640197754,0.4153259449063363,0.3789182484149933,0.5821141502443228,0.0,0.0769230769230769,0.3,1.0
83481,mscoco,0.01848949762061238,0.08412268509164869,0.03351367430295795,0.08034394520724204,0.2,0.5,0.2,1.0
204473,mscoco,0.05041085723787546,0.158996913684077,0.03880641479045153,0.10436974959610693,0.0,0.0526315789473684,0.0,0.0476190476190476
419074,mscoco,0.2113521948456764,0.3965138632492898,0.2732291482388973,0.5452400170984316,0.0,0.0357142857142857,0.1,0.125
261235,mscoco,0.04048398332670331,0.11567509517366835,0.07279410623013974,0.2776551749310408,0.0,0.0909090909090909,0.1,1.0
338971,mscoco,0.042558837309479715,0.12100731381017994,0.061284963972866535,0.18264366692869052,0.1,0.1,0.1,0.3333333333333333
223183,mscoco,0.5436399221420288,0.7149126461068266,0.5995250836014747,0.8342650179745461,0.9,1.0,0.7,1.0
450711,mscoco,0.07475888784974813,0.22799619965169243,0.07671662662178277,0.30689998026537724,0.1,0.5,0.1,1.0
490187,mscoco,0.27471538484096525,0.5671157608752707,0.27487137317657473,0.5760362105909419,0.1,0.5,0.1,0.3333333333333333
564602,mscoco,0.13637968823313712,0.2824022212709453,0.1837882086634636,0.3916343779094739,0.0,0.0188679245283018,0.4,0.5
452201,mscoco,0.18317575566470623,0.4078169050040121,0.15155118480324745,0.33330683917531806,0.0,0.05,0.2,1.0
443334,mscoco,0.16796569488942623,0.29337534114879515,0.21022694408893586,0.43345296804822375,0.3,0.2,0.3,1.0
18075,mscoco,0.3500309303402901,0.6179675856068043,0.494051793217659,0.6134704806197349,0.4,0.3333333333333333,1.0,1.0
50,drawbench,0.09069549050182105,0.21566081944386928,0.11710999757051468,0.2768582791841773,0.0,0.0,0.0,0.0
86,drawbench,0.07589261829853058,0.19856505597560326,0.07633608570322395,0.24572892623937231,0.1,0.125,0.0,0.0555555555555555
171808,mscoco,0.1429075926542282,0.34422384377395265,0.14374030157923698,0.34054728305162507,0.2,0.1428571428571428,0.5,1.0
572487,mscoco,0.05080394148826599,0.1671705295236112,0.07437267266213894,0.20021189421831084,0.0,0.037037037037037,0.2,0.1666666666666666
566765,mscoco,0.07333350367844105,0.23019453004809792,0.0783245511353016,0.206603420345812,0.1,1.0,0.2,0.5
163514,mscoco,0.15448709912598133,0.4301280636580807,0.13651559948921205,0.3987431907294748,0.1,1.0,0.1,1.0
311128,mscoco,0.23729980885982513,0.46285450019562474,0.2586612612009048,0.5189874677794991,1.0,1.0,0.9,1.0
520858,mscoco,0.17293330207467078,0.3696282074037125,0.34638361632823944,0.5631025143325317,0.0,0.0833333333333333,0.5,0.3333333333333333
271051,mscoco,0.023861471191048624,0.09168933074684098,0.026552229747176172,0.08016039709309612,0.1,0.5,0.1,1.0
532933,mscoco,0.1166900411248207,0.25998173613770986,0.09662945419549943,0.26257355078824446,0.0,0.0434782608695652,0.1,1.0
475974,mscoco,0.12206301912665367,0.3471943605097543,0.19345793947577478,0.4476758486781915,0.1,0.3333333333333333,0.0,0.0217391304347826
206731,mscoco,0.10103299599140883,0.3819578655999806,0.10389353549107909,0.33349780014143576,0.1,0.5,0.1,0.3333333333333333
450212,mscoco,0.17047922313213348,0.38650610111356243,0.13985240533947946,0.3054428593992378,0.1,1.0,0.1,0.3333333333333333
188478,mscoco,0.22310642525553703,0.3859200143941983,0.24180244654417038,0.41991294301596377,0.4,1.0,0.2,1.0
463944,mscoco,0.03439403232187033,0.0977245954636391,0.030463302042335272,0.09899864772068594,0.1,0.1,0.0,0.0294117647058823
521657,mscoco,0.28294758722186086,0.4476002881752523,0.25796975698322056,0.499847541302232,0.2,1.0,0.1,1.0
310511,mscoco,0.04477880597114563,0.12556678879036143,0.08006306551396847,0.2947847158576177,0.1,0.3333333333333333,0.1,1.0
24859,mscoco,0.11229272745549679,0.22998756902531792,0.2621159881353378,0.47274383984464924,0.1,0.1,0.2,1.0
402662,mscoco,0.17111843302845955,0.3965860314217267,0.19387844651937486,0.3928707043185154,0.2,0.25,0.4,1.0
109791,mscoco,0.2713528245687485,0.4983393220073011,0.2913492776453495,0.5643737870754137,0.2,0.3333333333333333,0.3,1.0
62,drawbench,0.09920324496924877,0.27785182585811724,0.11979330964386463,0.3260307076193445,0.0,0.0025839793281653,0.0,0.0023809523809523
298190,mscoco,0.07727667745202779,0.22729012791868142,0.11619031429290771,0.3031416141158597,0.1,0.125,0.3,1.0
86065,mscoco,0.38417681530117986,0.6453371083449503,0.5202455133199692,0.6770913462271356,0.4,0.5,0.4,0.25
127726,mscoco,0.06325296675786377,0.31906272790060225,0.05105117941275239,0.29115393320560756,0.2,1.0,0.1,1.0
572825,mscoco,0.1227030798792839,0.29804532479050216,0.17687276266515256,0.3178054237616894,0.4,0.5,0.7,1.0
246009,mscoco,0.2662534169852734,0.5237832503235774,0.2419556811451912,0.4093149514532728,0.5,1.0,0.7,1.0
517906,mscoco,0.06434208285063506,0.18069958840293265,0.056726015731692316,0.14830463869670749,0.0,0.0909090909090909,0.1,0.1666666666666666
265256,mscoco,0.1337715294212103,0.3866723191781856,0.1478846438229084,0.28016199154908233,0.0,0.0833333333333333,0.2,1.0
373038,mscoco,0.03642427045851946,0.11689235891285224,0.02864448046311736,0.13134722568612184,0.0,0.0909090909090909,0.1,1.0
53720,mscoco,0.220616415143013,0.309784602652465,0.2315688759088516,0.38038764382766116,0.4,0.5,0.8,0.3333333333333333
514116,mscoco,0.03904919698834419,0.12053637406318572,0.05212959665805102,0.19858484752598993,0.0,0.0625,0.3,0.5
395396,mscoco,0.4486188359558582,0.8765885637170486,0.5072932302951813,0.7201119012102228,0.5,1.0,0.8,1.0
118851,mscoco,0.15394442453980445,0.3985047258719253,0.2106142409145832,0.48188753406191664,0.4,1.0,0.6,1.0
198625,mscoco,0.5968158125877381,0.751965431992703,0.6218784481287003,0.8378101311718651,0.0,0.0333333333333333,0.2,0.2
53,drawbench,0.0885577442124486,0.1920237685319231,0.11021688356995582,0.24429529467573582,0.0,0.0,0.0,0.0
99,drawbench,0.007106825744267553,0.027575640280451702,0.005538522510323674,0.020345357021743646,0.0,0.0,0.0,0.0
132656,mscoco,0.48225240409374237,0.6448161428537852,0.37389880418777466,0.5386237507653124,0.2,0.3333333333333333,0.2,0.5
213276,mscoco,0.04863813277333975,0.13530433281025425,0.030412245402112605,0.10272720499854754,0.1,1.0,0.1,1.0
123974,mscoco,0.10313124656677246,0.2672603457239691,0.15584117751568555,0.24978560916019912,0.5,1.0,0.6,0.5
131,drawbench,0.089103914052248,0.39430787776560056,0.13211118727922438,0.44875775091363307,0.0,0.0,0.0,0.0
435096,mscoco,0.03636522786691785,0.15344923290430848,0.044831397384405135,0.16133801538180736,0.1,1.0,0.1,1.0
509764,mscoco,0.026467055547982454,0.1099099993472552,0.03814345584250987,0.09091818888633446,0.1,0.5,0.0,0.0454545454545454
204273,mscoco,0.24916160553693772,0.39589589265923636,0.21905283257365227,0.3812007134258171,0.1,0.2,0.1,0.125
299768,mscoco,0.2044045016169548,0.5184554596559304,0.31371434330940245,0.46337857192992427,0.0,0.003012048192771,0.3,0.25
135369,mscoco,0.4108353048563004,0.7301775712744695,0.352040795981884,0.6802621496925939,0.8,1.0,0.6,1.0
508053,mscoco,0.19135403633117676,0.3910269216804414,0.3385450318455696,0.5523586501558754,0.1,0.2,0.2,0.5
475413,mscoco,0.03677831739187241,0.1348042949238749,0.09412086931988597,0.2579027203508159,0.0,0.0434782608695652,0.0,0.027027027027027
44328,mscoco,0.05072274841368198,0.15900723339330422,0.04178018495440483,0.13166564013943183,0.1,1.0,0.1,0.3333333333333333
127743,mscoco,0.14359944611787795,0.3455435055854995,0.11284703239798546,0.28792201757570673,0.2,1.0,0.2,1.0
316842,mscoco,0.14052883274853228,0.2986974733610026,0.14151627458631993,0.3216830873780035,0.0,0.0769230769230769,0.2,0.5
131075,mscoco,0.050828725285828116,0.15674844106283428,0.05244811251759529,0.15436977755373896,0.0,0.0059171597633136,0.2,1.0
323812,mscoco,0.09471873231232167,0.2600770427242868,0.08928728736937046,0.24518298143072637,0.4,1.0,0.6,1.0
354212,mscoco,0.25753536000847815,0.368446075838419,0.3306953772902489,0.7099945300240262,0.3,1.0,0.7,1.0
33645,mscoco,0.1244542459025979,0.3174905408644651,0.11807713247835636,0.28429334523458877,0.1,0.5,0.1,0.25
285529,mscoco,0.32140894830226896,0.5618792396882671,0.3266198754310608,0.5544265765071357,0.6,0.5,0.7,1.0
52669,mscoco,0.11817744597792626,0.30829998560712,0.15277043655514716,0.31618187474878773,0.0,0.0416666666666666,0.2,0.5
47328,mscoco,0.26340852677822113,0.5783423925504532,0.23235359862446786,0.5203475601485532,0.4,0.5,0.3,0.3333333333333333
256513,mscoco,0.050178274139761926,0.15659353881911228,0.1514630563557148,0.3276442168531204,0.0,0.0833333333333333,0.3,0.5
561196,mscoco,0.024739432567730545,0.09862632821748275,0.01831545354798436,0.07981515075896359,0.1,1.0,0.1,1.0
411261,mscoco,0.1474126722663641,0.41865520271797774,0.1950991302728653,0.4277555751230959,0.1,1.0,0.1,1.0
578056,mscoco,0.038251339737325904,0.13409916538350472,0.04368067346513271,0.1367649452904559,0.1,0.3333333333333333,0.1,1.0
110926,mscoco,0.22079798504710196,0.3828003732422909,0.3553928703069687,0.5702181456754312,0.0,0.0204081632653061,0.1,1.0
290175,mscoco,0.14707698859274387,0.255920376557281,0.1928328052163124,0.4202152666688544,0.4,0.2,0.6,1.0
295589,mscoco,0.15060124546289444,0.32266141173794866,0.1856360986828804,0.4092336024103829,0.0,0.0028735632183908,0.0,0.0025316455696202
442478,mscoco,0.0840982286259532,0.22102168209372958,0.12989145889878273,0.27450145452956515,0.0,0.0108695652173913,0.0,0.0153846153846153
267598,mscoco,0.31413246542215345,0.5501862717594544,0.3416925981640816,0.5917858563590984,0.3,1.0,0.4,1.0
386424,mscoco,0.09931743890047073,0.2175678252047446,0.07501973453909158,0.19305015915866597,0.2,0.3333333333333333,0.1,0.1666666666666666
10727,mscoco,0.15468919612467288,0.3028300189235011,0.20644203275442125,0.5469839490431118,0.0,0.0454545454545454,0.1,0.1
7452,mscoco,0.30365982502698896,0.40064880027595984,0.3933864951133728,0.5501854920613191,0.2,0.1666666666666666,0.5,0.5
322560,mscoco,0.08128236923366786,0.24202688014931273,0.08272921219468117,0.22915560356279466,0.3,0.25,0.4,1.0
185849,mscoco,0.05896552689373493,0.1371863656839619,0.07266309782862664,0.25112589884849534,0.1,0.1666666666666666,0.0,0.0067567567567567
459827,mscoco,0.04530672412365675,0.14409216955433282,0.07066471762955188,0.24736491424453988,0.0,0.0769230769230769,0.3,0.5
415840,mscoco,0.07215900383889676,0.21164001903070895,0.06462534908205271,0.15525588112677305,0.0,0.0303030303030303,0.0,0.0057471264367816
206274,mscoco,0.11072508729994297,0.3440445226151872,0.1071241557598114,0.34750315759519157,0.1,1.0,0.2,1.0
239888,mscoco,0.18120442405343057,0.4169822247000932,0.2068409763276577,0.4319583368613811,0.1,0.3333333333333333,0.6,0.5
120,drawbench,0.07832311131060124,0.2094227566028795,0.0633443396538496,0.18803796406895754,0.0,0.0,0.0,0.0
309169,mscoco,0.13338138572871686,0.2716931425266771,0.2986127108335495,0.49426517663120867,0.0,0.04,0.2,0.5
112996,mscoco,0.09839425105601549,0.37096354416675703,0.09691936299204826,0.37101233028957276,0.1,1.0,0.1,1.0
459343,mscoco,0.20951578132808207,0.48391713563842836,0.22949944734573363,0.5325676923576342,0.4,1.0,0.7,1.0
471488,mscoco,0.13194456584751607,0.31937308095256867,0.12503695711493493,0.2778908572239442,0.0,0.0024213075060532,0.0,0.025
252919,mscoco,0.3250173792243004,0.4868383322460358,0.3801961004734039,0.59798886855153,0.3,1.0,0.4,0.5
7945,mscoco,0.1025658406317234,0.27721564652254294,0.1113269418478012,0.37781095773551715,0.0,0.0625,0.1,1.0
162215,mscoco,0.258513742685318,0.5581937727952155,0.2663960546255112,0.5083574864057997,0.4,0.5,0.6,1.0
193889,mscoco,0.03674856582656503,0.10921471170671947,0.09186315611004829,0.24107455375452488,0.0,0.0070422535211267,0.1,1.0
46,drawbench,0.08025122694671154,0.21691581061781826,0.10819447003304958,0.2603147187889175,0.0,0.0,0.0,0.0
30,drawbench,0.07415651474148036,0.2539161863035352,0.056631469540297984,0.20521722472302031,0.0,0.0,0.0,0.0
386864,mscoco,0.025698207225650548,0.09036385322444877,0.0233593066688627,0.08247132464718776,0.1,0.25,0.2,0.25
232287,mscoco,0.031780220195651056,0.093265776597162,0.03711383529007435,0.11232813205458321,0.0,0.0204081632653061,0.1,0.5
241027,mscoco,0.2902825981378555,0.5953123273253021,0.19791870191693306,0.33250000143118175,0.6,0.3333333333333333,0.3,0.1666666666666666
213795,mscoco,0.0727661307901144,0.28009950903774977,0.11378273740410805,0.22779371081417715,0.1,0.25,0.2,0.25
12059,mscoco,0.07116861352697015,0.31566265971565555,0.061635310482233766,0.33165380941414035,0.1,1.0,0.1,1.0
162753,mscoco,0.24191880971193314,0.6375240659426722,0.2052973173558712,0.3440416638468892,0.2,1.0,0.0,0.0555555555555555
425458,mscoco,0.05829351041465998,0.21960900729230984,0.08311636876314879,0.22481167442059583,0.2,0.5,0.4,0.3333333333333333
368956,mscoco,0.225477546826005,0.347329063383994,0.16573870182037354,0.34771667836630743,0.1,0.1,0.0,0.0526315789473684
496410,mscoco,0.0828706506639719,0.23326644522738496,0.07946457518264652,0.2492189590800109,0.1,0.1111111111111111,0.2,0.5
532612,mscoco,0.1366002455353737,0.300147991738671,0.11349302232265472,0.2762678690095106,0.1,1.0,0.0,0.0625
230837,mscoco,0.23832135498523713,0.4068263483381769,0.28046735376119614,0.49094712692712,0.0,0.0196078431372549,0.0,0.0769230769230769
460882,mscoco,0.28677659332752226,0.5230907888959918,0.3160442940890789,0.4548963439678095,0.4,0.5,0.3,0.5
485852,mscoco,0.055179344676434997,0.17441985824012327,0.12642923183739185,0.2334344196460624,0.1,0.3333333333333333,0.0,0.0416666666666666
72342,mscoco,0.21606314778327942,0.34111245302424276,0.2140247106552124,0.41247597937011254,0.2,1.0,0.1,0.2
81017,mscoco,0.10919149592518806,0.23028526735390972,0.1257767990231514,0.2882558028659814,0.0,0.0909090909090909,0.1,0.125
401828,mscoco,0.08037559166550637,0.18705138839167543,0.08732847608625889,0.2634356025602199,0.2,0.1666666666666666,0.2,1.0
554138,mscoco,0.13527738004922868,0.27844472054366776,0.27801351621747017,0.5648216242105417,0.0,0.0666666666666666,0.1,0.1111111111111111
321742,mscoco,0.28678895607590676,0.4506046863042225,0.2142804130911827,0.44594670613478765,0.4,1.0,0.7,1.0
574384,mscoco,0.14431367740035056,0.27040347210984134,0.13340556770563125,0.3087369741013049,0.0,0.002020202020202,0.0,0.0014306151645207
446557,mscoco,0.18043777346611023,0.4130525731914435,0.1850244350731373,0.35517760613827337,0.1,0.1428571428571428,0.0,0.05
253498,mscoco,0.09470912590622901,0.22300548474412918,0.20118707567453384,0.5582701212399297,0.1,0.3333333333333333,0.4,0.25
448251,mscoco,0.11033051684498787,0.2840902408030096,0.09651653207838536,0.22427950134162664,0.1,0.5,0.0,0.0188679245283018
116622,mscoco,0.486848920583725,0.6617094102158378,0.49657907485961916,0.7399583341117163,0.3,1.0,0.3,0.3333333333333333
486899,mscoco,0.15531491711735726,0.2856223176046309,0.13119820654392242,0.31215737311359937,0.2,1.0,0.0,0.0178571428571428
59295,mscoco,0.18122418075799943,0.4502338328936573,0.2036043580621481,0.49924116104770183,0.1,1.0,0.1,0.2
289012,mscoco,0.09480095189064741,0.23555792108150556,0.06705231154337525,0.2300458566853626,0.1,0.2,0.1,1.0
435902,mscoco,0.25932779014110563,0.4269461846001887,0.32064314782619474,0.4806076236554121,0.2,0.25,0.6,1.0
480518,mscoco,0.16397087574005126,0.42066736520087855,0.1445026993751526,0.39722380813393166,0.5,0.5,0.4,1.0
39272,mscoco,0.17190717160701752,0.4767537933999436,0.15365543141961097,0.5001528874747969,0.1,0.5,0.1,1.0
558579,mscoco,0.10078085623681546,0.366587978053301,0.0959625482559204,0.21214696060956303,0.2,1.0,0.2,0.2
143348,mscoco,0.2291276976466179,0.3805472672842431,0.2537222638726234,0.5010233590507218,0.1,1.0,0.4,0.2
16961,mscoco,0.09990675151348113,0.2523322351414391,0.10511945337057113,0.2854088120547817,0.1,0.5,0.1,0.1428571428571428
489939,mscoco,0.0634093463420868,0.19330017658756038,0.1309168517589569,0.3384272989595714,0.0,0.0116279069767441,0.1,0.3333333333333333
185281,mscoco,0.19152438770979643,0.6677003758073207,0.20903898905962706,0.6464399970803874,0.2,1.0,0.2,1.0
500622,mscoco,0.037221162812784314,0.1386590645681015,0.042389727244153616,0.12395792380743352,0.1,1.0,0.1,0.5
220772,mscoco,0.15327096059918405,0.36544958626104723,0.11282566860318184,0.2889679892313806,0.0,0.0060240963855421,0.0,0.0068965517241379
550400,mscoco,0.15514458045363427,0.4595623505755567,0.16199835231527687,0.46960067559090934,0.2,1.0,0.2,1.0
378906,mscoco,0.1591186225414276,0.27941887706833535,0.11137198880314828,0.3127976169868786,0.0,0.0769230769230769,0.1,1.0
542111,mscoco,0.20991848707199096,0.43325521774470355,0.34874322563409804,0.5496302756768614,0.1,0.1,0.0,0.0666666666666666
3217,mscoco,0.3216736987233162,0.6458810081193744,0.38316810727119444,0.5223880388516099,0.4,1.0,0.4,0.5
96625,mscoco,0.05234238728880882,0.16863840004945801,0.08812980018556119,0.22212155295184988,0.1,0.5,0.4,1.0
60328,mscoco,0.26849436908960345,0.46205662787444607,0.36110166013240813,0.5581284577759716,0.1,0.1666666666666666,0.3,0.1666666666666666
402287,mscoco,0.15624866038560867,0.42551679207958404,0.15098830200731755,0.37804529722889096,0.3,1.0,0.4,0.25
517909,mscoco,0.1252644184976816,0.3151306682664271,0.10576079711318016,0.37387923764710396,0.1,0.5,0.0,0.0285714285714285
113233,mscoco,0.10094348862767219,0.21603310675758644,0.15439888909459115,0.29577358350390937,0.0,0.0072463768115942,0.1,1.0
77181,mscoco,0.09332983121275902,0.23589500847932296,0.0770320045761764,0.19410978806101697,0.1,0.5,0.0,0.0024752475247524
371243,mscoco,0.2600302785634995,0.45939514510825397,0.39572520852088927,0.6585404773416514,0.0,0.0666666666666666,0.8,1.0
146656,mscoco,0.13123875260353088,0.2905493901172157,0.11715861558914184,0.24404743703979312,0.1,0.2,0.0,0.0666666666666666
430688,mscoco,0.032073117326945066,0.09394746158293991,0.027946814754977824,0.1362529947811701,0.1,0.25,0.1,1.0
143449,mscoco,0.16529052183032036,0.3702965198088407,0.16044969111680984,0.42097162626236206,0.5,1.0,0.3,1.0
57433,mscoco,0.21908253133296968,0.35909697132313395,0.33823842853307723,0.5511880430654025,0.1,0.2,0.0,0.0769230769230769
298736,mscoco,0.1344694562256336,0.268238016410772,0.18576879650354386,0.47544779327794723,0.1,1.0,0.4,1.0
406550,mscoco,0.254750195145607,0.4335797178278113,0.169884068146348,0.31615292570987047,0.1,0.1428571428571428,0.0,0.037037037037037
561903,mscoco,0.0655471246689558,0.21563893905348294,0.04669883009046316,0.14834270373007039,0.0,0.0476190476190476,0.1,1.0
227699,mscoco,0.3082698665559292,0.6619970751255948,0.2807758040726185,0.6039179704061021,0.4,1.0,0.4,0.5
59821,mscoco,0.06862620078027248,0.19593760250269565,0.06685410812497139,0.18966589833193415,0.0,0.0083333333333333,0.0,0.04
265612,mscoco,0.1029464827850461,0.3147320171514155,0.07638675402849912,0.30620342776259607,0.3,1.0,0.2,1.0
24591,mscoco,0.09253045581281186,0.22009449877043927,0.17352104261517526,0.41674133658591844,0.0,0.0714285714285714,0.3,0.5
71,drawbench,0.0810021037235856,0.31213277576594606,0.052134694438427685,0.177343950055888,0.0,0.000432525951557,0.0,0.0008771929824561
35,drawbench,0.2624336674809456,0.5669401241763734,0.30701821856200695,0.48492003444384085,0.0,0.0454545454545454,0.0,0.0133333333333333
317833,mscoco,0.07947214096784591,0.17710936279033979,0.09591893162578344,0.2409167544498767,0.1,0.25,0.0,0.0454545454545454
544583,mscoco,0.21282531544566155,0.3651338311534798,0.43352617919445036,0.6012128851341525,0.0,0.0666666666666666,0.7,0.5
514544,mscoco,0.10443795584142208,0.2686971581965858,0.12635135427117347,0.3106063490293112,0.5,1.0,0.4,1.0
160199,mscoco,0.10139907710254192,0.26547416551844144,0.1261293798685074,0.33956154440415104,0.1,0.125,0.3,0.5
156445,mscoco,0.2111100137233734,0.5876128511222877,0.31146800965070726,0.47307386349324,0.2,1.0,0.4,1.0
46686,mscoco,0.07646953146904707,0.2201481300558389,0.06419352674856782,0.1592119448029842,0.2,1.0,0.2,0.3333333333333333
563457,mscoco,0.11699325665831566,0.4098892551014168,0.1322734620422125,0.33960774331785226,0.2,0.5,0.2,1.0
520848,mscoco,0.15968950018286704,0.39745048324890064,0.2032104279845953,0.43360483723102283,0.4,1.0,0.5,0.25
433992,mscoco,0.08482773900032044,0.20962790848489887,0.11117450520396233,0.2700006089485491,0.0,0.0031746031746031,0.1,0.1666666666666666
415464,mscoco,0.20475419610738754,0.3889473551029168,0.10933629721403122,0.3258362146343306,0.0,0.0136986301369863,0.0,0.0045871559633027
62543,mscoco,0.1585375815629959,0.2860730426186769,0.22964151576161385,0.42267428034383026,0.3,0.2,0.7,0.5
123175,mscoco,0.23933668807148933,0.5622741532833146,0.28687018230557443,0.5483111278641001,0.4,1.0,0.3,1.0
65383,mscoco,0.320373110473156,0.570853406770848,0.5458971560001373,0.7434958701700044,0.3,0.5,1.0,1.0
544001,mscoco,0.13441690020263194,0.28243220970765404,0.18732510209083558,0.3588713672343078,0.4,1.0,0.2,0.1428571428571428
41104,mscoco,0.27736142873764036,0.5355329874860437,0.25320562422275544,0.5040931779127109,0.5,1.0,0.5,1.0
355193,mscoco,0.7067245662212371,0.7921974127401062,0.724982064962387,0.8752140157488725,1.0,1.0,1.0,1.0
500940,mscoco,0.023409798089414836,0.0996617646513158,0.046024666912853715,0.14052308885088396,0.1,1.0,0.1,0.5
429142,mscoco,0.05881004352122545,0.1630843723631182,0.061741989478468894,0.2254445961886349,0.0,0.01,0.1,1.0
125252,mscoco,0.11258663907647133,0.27598657445016744,0.12018149867653846,0.3301412182654521,0.2,0.5,0.2,0.5
14683,mscoco,0.1980360895395279,0.37058623035178007,0.21868890523910522,0.3929670230798047,0.2,1.0,0.3,1.0
109,drawbench,0.03982138196006417,0.11392348255366022,0.04156905449926853,0.1263514638010038,0.1,0.1428571428571428,0.0,0.0135135135135135
391662,mscoco,0.060273466445505616,0.1656643807421238,0.07295786011964082,0.20961355532393128,0.1,0.25,0.4,0.5
409131,mscoco,0.15776058621704578,0.3198729100086752,0.29100448191165923,0.5311911349302112,0.2,0.5,0.4,1.0
478880,mscoco,0.27377462238073347,0.4658659130206916,0.30591279491782186,0.5808455183672446,0.0,0.05,0.2,0.5
230972,mscoco,0.0794789582490921,0.24300062517548823,0.1256959117949009,0.2911373806631062,0.1,1.0,0.1,0.3333333333333333
233093,mscoco,0.029038368072360755,0.10096806353288833,0.03260976858437061,0.11075905307555617,0.0,0.0064102564102564,0.0,0.0023364485981308
143,drawbench,0.004141482850536704,0.01318860905407737,0.0018967063224408776,0.00891041350616896,0.0,0.0,0.0,0.0
59918,mscoco,0.27382129803299904,0.5698006544695082,0.40512590408325194,0.6160799097849637,0.2,1.0,0.7,1.0
575958,mscoco,0.10838041603565216,0.27920028576852396,0.13670981600880622,0.32566305678392315,0.0,0.0101010101010101,0.1,0.5
381160,mscoco,0.6076708227396012,0.7032088029769474,0.35777618288993834,0.5981692861219987,0.0,0.0714285714285714,0.1,0.5
229067,mscoco,0.27324251383543013,0.3865822974709185,0.3852030634880066,0.6019643533724746,0.6,0.3333333333333333,0.6,1.0
412780,mscoco,0.08865077495574951,0.2928934910397678,0.21463281512260438,0.3422289484062209,0.0,0.0476190476190476,0.2,0.1428571428571428
515655,mscoco,0.1301523644477129,0.25743998929891926,0.08680709674954415,0.21678941795047885,0.0,0.0526315789473684,0.1,0.25
385037,mscoco,0.2567845441401005,0.5420086009463011,0.2951037406921387,0.5474239687492508,0.6,1.0,0.6,0.5
30281,mscoco,0.28373046666383744,0.5871813754336305,0.37295359224081037,0.5204844106672412,0.4,0.3333333333333333,0.5,0.3333333333333333
85472,mscoco,0.4300617054104805,0.6794405749617904,0.4643912300467491,0.7819186941679763,0.8,1.0,0.9,1.0
262146,mscoco,0.2228727623820305,0.41466878074001595,0.41381888538599015,0.6473881547630175,0.0,0.0833333333333333,0.5,1.0
85155,mscoco,0.3791558064520359,0.6998242859080953,0.35302861854434014,0.6664063129660481,0.4,1.0,0.3,0.5
406250,mscoco,0.37065111845731735,0.7070315925198484,0.42458258718252184,0.7759729693290353,0.3,1.0,0.5,0.5
172143,mscoco,0.049334623385220766,0.12521592959539643,0.06139246094971895,0.20231862146263402,0.0,0.0625,0.1,0.5
455667,mscoco,0.4857813507318497,0.7015363842709734,0.5756767451763153,0.7569777133727094,0.3,0.2,0.6,1.0
169006,mscoco,0.1463028434664011,0.2734726984547213,0.1887367233633995,0.4705499588601085,0.2,0.5,0.4,0.5
173109,mscoco,0.08694021152332425,0.31908595682880625,0.10374456476420164,0.31716216317202367,0.1,1.0,0.2,1.0
192322,mscoco,0.22811298072338104,0.45280806098879695,0.2524607002735138,0.4595053413676197,0.9,1.0,0.8,1.0
222266,mscoco,0.15745454095304012,0.43781590580618057,0.1337901283055544,0.38180696178352436,0.3,1.0,0.3,1.0
325806,mscoco,0.18314596340060235,0.3745348840261596,0.2562100887298584,0.5511042478770082,0.2,1.0,0.5,0.3333333333333333
449537,mscoco,0.19214234352111817,0.5223495758074927,0.20558759793639184,0.4195929802734355,0.0,0.00625,0.0,0.0555555555555555
145284,mscoco,0.11127316579222679,0.29460227805550754,0.11136761214584112,0.34254829423385763,0.1,0.5,0.0,0.0909090909090909
465058,mscoco,0.39912770688533783,0.5967057379756401,0.5976318567991257,0.7933352586336417,0.3,0.5,0.9,1.0
165893,mscoco,0.039910738449543716,0.1509204222243839,0.05626890137791633,0.17728919597658535,0.1,1.0,0.1,1.0
537157,mscoco,0.1709763377904892,0.31843273050105486,0.1726578190922737,0.5848212190977153,0.0,0.0909090909090909,0.1,1.0
426323,mscoco,0.06506088431924581,0.29777274865573994,0.07724888809025288,0.2942857091370152,0.1,1.0,0.1,1.0
92280,mscoco,0.24448693916201591,0.5604008245661648,0.21911365091800689,0.5694607418598988,0.2,1.0,0.4,1.0
319118,mscoco,0.17409586906433105,0.46702984687684773,0.19948300942778588,0.3842959468252429,0.3,1.0,0.5,0.5
234713,mscoco,0.37049881666898726,0.664853024438793,0.33176732063293457,0.5040562926568439,0.9,1.0,1.0,1.0
379165,mscoco,0.2451937824487686,0.4306441962661918,0.20586810298264027,0.5662181572909586,0.1,0.125,0.3,1.0
26551,mscoco,0.10247542969882488,0.22352070784722633,0.12780596166849137,0.33326127804122957,0.0,0.0303030303030303,0.3,1.0
280242,mscoco,0.0905525229871273,0.1957007782996581,0.1464815389364958,0.28895680119041306,0.2,0.2,0.1,0.1111111111111111
260307,mscoco,0.05059949718415737,0.1876993511203377,0.09441470876336097,0.18628908236643885,0.0,0.0070422535211267,0.0,0.0526315789473684
433168,mscoco,0.32066656574606894,0.6565062253264028,0.26658676862716674,0.6317431188819971,0.3,1.0,0.3,1.0
319043,mscoco,0.11617930755019187,0.24352170803429912,0.1479904241859913,0.2773602765659433,0.1,0.25,0.3,0.25
381994,mscoco,0.082242382876575,0.2978493881242895,0.10831333510577679,0.2036395626478457,0.0,0.0151515151515151,0.1,0.25
206044,mscoco,0.1815746694803238,0.40153684721749905,0.17096410393714906,0.39054252052633737,0.1,1.0,0.1,1.0
211312,mscoco,0.0947789739817381,0.2284050410839205,0.14305573627352713,0.2837704108165392,0.0,0.0188679245283018,0.1,1.0
42196,mscoco,0.16199370846152306,0.30787725201880556,0.20934518575668334,0.3820042863992026,0.0,0.0833333333333333,0.6,1.0
497096,mscoco,0.16306030377745628,0.36968332223421885,0.2844743862748146,0.4655324627231615,0.1,0.1666666666666666,0.4,0.2
81,mscoco,0.5497448042035102,0.7444732319500168,0.5499288976192475,0.7952584373065189,0.0,0.0119047619047619,0.0,0.0256410256410256
486123,mscoco,0.0959462184458971,0.2477946192027249,0.08060246258974076,0.20298743639671635,0.0,0.0476190476190476,0.1,0.125
322,mscoco,0.05068224836140871,0.13971126077077034,0.06194581054151058,0.19727517942783868,0.1,0.1666666666666666,0.1,0.125
493294,mscoco,0.22152446955442429,0.4786852951536074,0.22631396651268004,0.40050261265418524,0.0,0.005,0.2,0.1428571428571428
187090,mscoco,0.14952562674880027,0.26158290219032804,0.2185622252523899,0.4768022332515051,0.6,0.25,0.8,1.0
372902,mscoco,0.04043911974877119,0.1444409723540961,0.03285087272524834,0.12756523754441715,0.1,1.0,0.1,1.0
293979,mscoco,0.28503660708665846,0.5606377647460263,0.38791252970695494,0.5407011515224142,0.3,1.0,0.3,0.5
417090,mscoco,0.018417137302458288,0.06376636795228828,0.04433178454637528,0.1407349133705975,0.0,0.0109890109890109,0.1,1.0
422172,mscoco,0.02370845330879092,0.0784171904222493,0.0233883298933506,0.10153509937265372,0.1,0.5,0.1,1.0
280988,mscoco,0.0726006893441081,0.180377804488162,0.049665767792612316,0.2124104429240901,0.1,0.25,0.1,1.0
227558,mscoco,0.09614411182701588,0.2859685769445258,0.0906122162938118,0.2956906051309748,0.6,0.5,0.9,1.0
348006,mscoco,0.03226302862167359,0.11265536578981984,0.03672792762517929,0.18910457558225477,0.1,0.25,0.1,1.0
166716,mscoco,0.09973684176802636,0.2486456161990739,0.16279390305280686,0.3002395536452956,0.0,0.0625,0.0,0.0138888888888888
124018,mscoco,0.4263182520866394,0.687395361108645,0.5342717140913009,0.766887055769912,0.4,1.0,0.7,1.0
373792,mscoco,0.12713978718966246,0.4415877683513078,0.20903793647885321,0.3805141412482202,0.5,1.0,0.7,0.5
334364,mscoco,0.061399619374424216,0.15666265588318215,0.08241014471277594,0.301253998559434,0.1,0.2,0.1,1.0
196473,mscoco,0.06912033539265394,0.17440616175423637,0.08214935064315795,0.2020333373968209,0.7,1.0,0.6,1.0
361866,mscoco,0.14379216134548187,0.22752234955180814,0.12029559910297394,0.3744425384041973,0.1,0.1,0.4,0.5
468932,mscoco,0.0800968637689948,0.22827337231712447,0.09295548237860203,0.2936628883165979,0.1,0.1428571428571428,0.1,0.5
447354,mscoco,0.20966455042362214,0.44100891824213895,0.2130800038576126,0.5557600904947516,0.3,1.0,0.2,1.0
85846,mscoco,0.12280528135597706,0.25517996191674114,0.04814339214935899,0.12335335531208393,0.1,1.0,0.0,0.0035971223021582
173631,mscoco,0.1937261212617159,0.4095037230913705,0.1770733218640089,0.45361144961531435,0.1,1.0,0.3,1.0
266805,mscoco,0.09712099321186543,0.21491050343717547,0.11876554638147355,0.28075615645171104,0.0,0.0256410256410256,0.3,1.0
299662,mscoco,0.1519106037914753,0.3902907505091246,0.12878176663070917,0.24428486466800078,0.0,0.0666666666666666,0.0,0.0068027210884353
569520,mscoco,0.0646185154095292,0.1988540592041269,0.08988690339028835,0.21666596468932137,0.1,0.125,0.2,1.0
193,drawbench,0.029255639482289552,0.0944812431867135,0.014677202003076673,0.04338059447273729,0.0,0.0,0.0,0.0
205356,mscoco,0.06361301001161337,0.15184448886037039,0.1229709655046463,0.3021999746021089,0.0,0.0555555555555555,0.1,0.1666666666666666
119,drawbench,0.04484607707709074,0.13041596460765487,0.030837054084986448,0.09755936108374091,0.0,0.0,0.0,0.0
394814,mscoco,0.07238670010119677,0.142581101868055,0.08282233905047179,0.19329161460913374,0.0,0.0384615384615384,0.2,0.25
204940,mscoco,0.21103792637586594,0.32534192310836335,0.3368119478225708,0.5565830784175513,0.2,0.3333333333333333,0.3,1.0
167740,mscoco,0.28153385072946546,0.724339870007361,0.325842510163784,0.6245872396137526,0.0,0.0769230769230769,0.1,0.2
544590,mscoco,0.2577472046017647,0.5076642349522892,0.16702863201498985,0.5145512881063111,0.5,0.5,0.4,1.0
344974,mscoco,0.3248687323182821,0.7137072729937185,0.21743293143808842,0.5502290496374065,0.1,1.0,0.1,0.3333333333333333
440434,mscoco,0.02633966493885964,0.12518556370431624,0.0352211972232908,0.10845597646642789,0.1,1.0,0.1,0.1666666666666666
30752,mscoco,0.17869906909763814,0.409451201049735,0.1975890226662159,0.4091344609015283,0.4,1.0,0.6,1.0
288975,mscoco,0.14302089884877206,0.3472186436193674,0.18607778027653693,0.4150406721822026,0.0,0.0114942528735632,0.1,0.2
45966,mscoco,0.011762285721488297,0.04231494332274454,0.010871004033833741,0.03501026860516006,0.1,1.0,0.0,0.037037037037037
136042,mscoco,0.07271763477474451,0.22878747247764195,0.055832027457654476,0.1190381804359948,0.1,0.25,0.1,0.1428571428571428
369514,mscoco,0.35143245458602906,0.5769962306322098,0.38461281508207323,0.5187851481678715,0.1,1.0,0.0,0.0666666666666666
483525,mscoco,0.16543663442134857,0.4028739546025504,0.2142415702342987,0.3951956661169925,0.2,0.1666666666666666,0.3,1.0
280347,mscoco,0.22132078930735588,0.4642816369315603,0.2128363236784935,0.4824588373830994,0.3,1.0,0.5,1.0
411343,mscoco,0.23683528751134872,0.3753958255184258,0.31760828047990797,0.5168377107758888,0.3,0.1428571428571428,0.8,0.5
567803,mscoco,0.6718236774206161,0.8392696102127503,0.6951758295297623,0.835674071291714,0.2,0.3333333333333333,0.3,1.0
217458,mscoco,0.012604844651650637,0.03861940215062111,0.015700539259705694,0.07538802786830101,0.1,0.1666666666666666,0.1,1.0
166430,mscoco,0.06876098234206438,0.1869023668195079,0.06270019486546516,0.18043008634168864,0.1,0.3333333333333333,0.0,0.0666666666666666
556597,mscoco,0.18441647067666053,0.3767285648325156,0.24192364513874054,0.38348253751988276,0.0,0.0434782608695652,0.3,0.25
365556,mscoco,0.5301850751042366,0.7578259466660331,0.5596548169851303,0.8167812899198443,0.3,1.0,0.3,0.5
20987,mscoco,0.13553379997611045,0.3277005188424889,0.1478734441101551,0.3186314483056653,0.0,0.0263157894736842,0.1,1.0
162031,mscoco,0.028711271565407516,0.12098198029788482,0.02782024396583438,0.1036180427859227,0.2,1.0,0.2,1.0
485955,mscoco,0.008551258128136396,0.03993683375510303,0.012164680194109679,0.05149460707988812,0.1,0.3333333333333333,0.1,1.0
202307,mscoco,0.27906873673200605,0.4686738245819279,0.3062198430299759,0.5814504767231881,0.5,0.5,0.9,1.0
502126,mscoco,0.05427435413002968,0.15755351201282453,0.07471074461936951,0.24636826433938508,0.0,0.0666666666666666,0.1,0.1
10130,mscoco,0.031914750067517164,0.13733766989979965,0.020615865336731078,0.11780297192716759,0.1,1.0,0.1,1.0
33489,mscoco,0.03241064380854368,0.09405668122313933,0.04492222089320421,0.11913250336813846,0.1,0.5,0.1,0.2
167152,mscoco,0.44647260308265685,0.6632781873563075,0.43184249103069305,0.6596426560604134,0.0,0.0294117647058823,0.0,0.0188679245283018
554207,mscoco,0.11275883056223393,0.2467680053411715,0.24125276654958724,0.4800876412597011,0.1,1.0,0.2,0.3333333333333333
162827,mscoco,0.4838765740394592,0.7913112117022084,0.44291738867759706,0.7645064729518695,0.1,1.0,0.3,1.0
329217,mscoco,0.05213135685771704,0.2183023057059253,0.05149471471086144,0.19702010150582955,0.1,1.0,0.1,1.0
187194,mscoco,0.07580497693270445,0.18130633373339208,0.10309279300272464,0.2295766025062295,0.1,0.5,0.2,1.0
374357,mscoco,0.20734189935028552,0.44296435334200945,0.295573141425848,0.4486410131175543,0.5,1.0,0.9,1.0
240976,mscoco,0.11131568402051925,0.26025128689057614,0.1083550963550806,0.31261655318623943,0.1,0.3333333333333333,0.0,0.0666666666666666
558171,mscoco,0.1761165617033839,0.5603273139252322,0.21047839894890785,0.44213464629340254,0.0,0.0068965517241379,0.0,0.0625
126714,mscoco,0.020300356717780233,0.06188263516569499,0.055069857463240626,0.18420363622075872,0.0,0.0006361323155216,0.1,0.2
132652,mscoco,0.2845280200242996,0.6134976588293761,0.36346403807401656,0.4648604812734173,0.7,1.0,0.8,1.0
87272,mscoco,0.0686019528657198,0.41431732651143904,0.09605365376919509,0.45308388761565455,0.1,1.0,0.2,1.0
18973,mscoco,0.11277702748775482,0.25858081083102574,0.127628143876791,0.31657883853074625,0.2,1.0,0.0,0.0833333333333333
214261,mscoco,0.17226408757269382,0.46691771658075265,0.16936503490433097,0.35181272704511335,0.3,1.0,0.3,1.0
44136,mscoco,0.03264228249900043,0.10018284146220101,0.02820865185931325,0.11614179303342724,0.1,0.1,0.0,0.0769230769230769
204020,mscoco,0.00796198626048863,0.034941975125744144,0.012040470971260219,0.04969904164740414,0.0,0.0088495575221238,0.1,0.3333333333333333
226848,mscoco,0.28056186586618426,0.441687980878429,0.25397844761610033,0.4748449610454627,0.3,0.1666666666666666,0.7,1.0
303570,mscoco,0.21992390602827072,0.3703916012505604,0.18877524137496948,0.3315229472621997,0.1,0.1111111111111111,0.0,0.0909090909090909
399983,mscoco,0.17813629060983657,0.276536011803951,0.2786053970456123,0.5989527801013959,0.1,0.125,0.3,1.0
168843,mscoco,0.11673419959843159,0.3617005907976781,0.128385841101408,0.3168997394320138,0.2,1.0,0.2,1.0
369074,mscoco,0.29108401089906694,0.643379780369275,0.24964360967278482,0.6431726293699908,0.1,1.0,0.2,1.0
364487,mscoco,0.07365854792296886,0.1853075916043095,0.08340805061161519,0.22802631598742734,0.0,0.0085470085470085,0.0,0.0051282051282051
232546,mscoco,0.03844120600260794,0.12065053562242387,0.02233979944139719,0.07195841546524383,0.1,0.5,0.0,0.0052910052910052
159,drawbench,0.006515405210666359,0.02701927832794601,0.0048222114040981975,0.01845993335598579,0.0,9.588095420725627e-06,0.0,1.7944300890037325e-05
329336,mscoco,0.05294664353132248,0.20212268634900912,0.04878222718834877,0.15280951208489144,0.0,0.0476190476190476,0.0,0.0769230769230769
229481,mscoco,0.08606395516544581,0.2964773914098796,0.21063080355525016,0.4424025544080486,0.0,0.04,0.2,0.25
528575,mscoco,0.19277559146285056,0.4789729971832169,0.13523763101547956,0.4143318772801325,0.1,1.0,0.1,1.0
3694,mscoco,0.10493031181395054,0.2511782078923415,0.1838032729923725,0.4660360691851935,0.0,0.0909090909090909,0.4,1.0
417016,mscoco,0.18381676226854324,0.30944535730813283,0.3207386702299118,0.590420840210476,0.1,0.1666666666666666,0.2,0.1666666666666666
251418,mscoco,0.04915561461821198,0.16659316493467868,0.05677921213209629,0.17518408994269793,0.0,0.0476190476190476,0.0,0.0263157894736842
547866,mscoco,0.27085369527339936,0.45363786544706175,0.26717447191476823,0.5649629360702575,0.3,0.5,0.4,0.5
166998,mscoco,0.1901440691202879,0.3191847563235084,0.32557009905576706,0.5882067130033282,0.4,0.3333333333333333,0.6,1.0
570864,mscoco,0.0925054483115673,0.24539191927974743,0.06360515709966422,0.18950411383624674,0.6,1.0,0.4,0.5
462445,mscoco,0.06883421884849668,0.24817825327431664,0.06701754983514548,0.2466508735145532,0.1,1.0,0.1,1.0
300661,mscoco,0.012638649391010403,0.04706958790120462,0.00804424483794719,0.036091064454289695,0.1,0.1666666666666666,0.1,1.0
169502,mscoco,0.21010348051786423,0.38478072534500213,0.12128990404307842,0.3763599690412276,0.1,0.2,0.1,1.0
66144,mscoco,0.04386065546423197,0.1277585067039801,0.08155100233852863,0.22340704518548946,0.1,0.1,0.1,1.0
269843,mscoco,0.034188908990472555,0.12330696503416838,0.03466581869870424,0.15382675986692682,0.1,0.25,0.1,1.0
54938,mscoco,0.09255789462476968,0.2232289925007811,0.1286627020686865,0.2933207337078421,0.0,0.0175438596491228,0.0,0.04
27390,mscoco,0.13559938296675683,0.2514404662494137,0.1727747991681099,0.3435522000131149,0.1,0.1666666666666666,0.1,0.3333333333333333
521978,mscoco,0.20487758740782738,0.4964142271978949,0.17631033211946487,0.5661195131793785,0.1,1.0,0.1,0.5
429433,mscoco,0.06673341076821089,0.17004207313698355,0.06888311794027686,0.24953077580154737,0.1,0.25,0.0,0.0093457943925233
134,drawbench,0.055591323785483836,0.176948811649768,0.03059352459385991,0.0809948579375584,0.0,2.6367136001687492e-05,0.0,0.0021231422505307
378621,mscoco,0.11036702301353216,0.29818576206058844,0.16092958562076093,0.35452561679847544,0.1,0.1111111111111111,0.0,0.0476190476190476
222948,mscoco,0.06496226862072944,0.18740755342024712,0.10378571674227714,0.26335308257569523,0.0,0.0056497175141242,0.1,0.3333333333333333
77,drawbench,0.04300222657620907,0.1304394635118837,0.03665611008182168,0.11478751398939706,0.0,0.0095238095238095,0.0,0.0084033613445378
124903,mscoco,0.35829477682709693,0.4783410583101503,0.3922805830836296,0.6257868751417928,0.1,0.3333333333333333,0.8,1.0
359375,mscoco,0.06141213234513998,0.16427801538751854,0.0887739546597004,0.2514242197325678,0.1,0.5,0.1,0.5
244760,mscoco,0.12888716859743,0.29947274271775143,0.15126472786068917,0.30575925678503335,0.7,1.0,0.8,1.0
83097,mscoco,0.05568926967680454,0.15024456679638154,0.04437159709632397,0.13982367646857158,0.3,0.2,0.3,0.3333333333333333
337264,mscoco,0.027120461827144025,0.14479352344224816,0.047185187414288524,0.1807079178401261,0.1,1.0,0.1,1.0
145921,mscoco,0.2808540016412735,0.5032108010639226,0.2957784697413445,0.6265297055033374,0.2,0.2,0.0,0.0833333333333333
422155,mscoco,0.1647166430950165,0.40899316134384744,0.15009135715663433,0.3950891666404052,0.5,1.0,0.8,1.0
451969,mscoco,0.17316812723875047,0.28240363226355714,0.26192352920770645,0.41020256063122473,0.1,0.1666666666666666,0.1,0.2
484344,mscoco,0.1313165869563818,0.333309666860011,0.1878170922398567,0.4546455346576715,0.2,0.25,0.3,0.3333333333333333
488952,mscoco,0.16724874041974544,0.3241154140253071,0.22018170394003392,0.5919561511924952,0.1,0.1666666666666666,0.1,1.0
67163,mscoco,0.10628642793744802,0.5918341065531725,0.10645061889663339,0.2999926370321467,0.1,1.0,0.1,0.3333333333333333
521068,mscoco,0.12056161537766456,0.31099844862188825,0.16227955743670464,0.29592806084359,0.1,0.1,0.0,0.0119047619047619
424340,mscoco,0.03756538196466863,0.08499077904316962,0.05115842651575804,0.14290542514055304,0.1,0.2,0.0,0.0769230769230769
364491,mscoco,0.13556721806526184,0.29559848258313726,0.0933372437953949,0.33952772971428324,0.2,1.0,0.0,0.0909090909090909
556901,mscoco,0.30000238716602323,0.5322193020863835,0.3048729792237282,0.4983001729485148,0.2,0.5,0.0,0.0526315789473684
420826,mscoco,0.2587573707103729,0.5942744361615543,0.2670880913734436,0.4970367138101897,0.2,1.0,0.2,0.3333333333333333
283213,mscoco,0.13802858367562293,0.32541378751879535,0.20860826671123506,0.41861228061620326,0.0,0.0833333333333333,0.2,0.2
214363,mscoco,0.016593367978930473,0.05508288000784269,0.020283238496631384,0.08020808160863405,0.1,0.25,0.1,1.0
165350,mscoco,0.237481052801013,0.5119006333158309,0.36384841799736023,0.6386452871422558,0.0,0.0909090909090909,0.2,1.0
79806,mscoco,0.1978524684906006,0.41260800233734646,0.18879344388842584,0.36839844763706237,0.0,0.0833333333333333,0.1,0.125
279175,mscoco,0.1487461904063821,0.40208024385808583,0.18187968358397483,0.5114028978196656,0.3,0.5,0.4,1.0
200423,mscoco,0.10488608684390784,0.18308966249462227,0.18925916105508805,0.39358200192667475,0.1,0.1111111111111111,0.2,0.1111111111111111
11041,mscoco,0.45404051393270495,0.6611190573173945,0.5988312065601349,0.8532662735105054,0.7,1.0,0.7,0.3333333333333333
61377,mscoco,0.02651308407075703,0.0701599829879829,0.03189854314550757,0.11367461922452822,0.1,0.1,0.1,0.5
499094,mscoco,0.3159411005675793,0.35097876816528756,0.39221023917198183,0.5506771238717408,0.0,0.0476190476190476,0.3,0.25
65,drawbench,0.014348849467933179,0.07736122890319137,0.021462543914094568,0.059217707849078385,0.0,0.0,0.0,0.0
20542,mscoco,0.18408611342310904,0.33058399343924455,0.205374626070261,0.35892270895942574,0.2,0.3333333333333333,0.2,1.0
295472,mscoco,0.18540850132703782,0.34205418094828116,0.24766258746385575,0.5636522505559196,0.2,0.3333333333333333,0.7,1.0
4471,mscoco,0.06774846389889717,0.18704092398631156,0.03696256205439567,0.13447208098681707,0.3,0.5,0.2,0.25
518816,mscoco,0.016381179448217154,0.06433562065850071,0.010667975805699826,0.05014469652934126,0.1,1.0,0.1,0.3333333333333333
267700,mscoco,0.35338916182518004,0.6557775923957256,0.5288900315761567,0.6896720585438726,0.8,1.0,0.5,1.0
436696,mscoco,0.12393835447728634,0.39942626283513644,0.13952693194150925,0.32180624375170025,0.0,0.0833333333333333,0.2,0.5
477351,mscoco,0.030244133528321983,0.10272352605653085,0.026699812151491642,0.1009452745710569,0.2,1.0,0.2,1.0
84084,mscoco,0.15226804986596107,0.3745384013353302,0.20572634413838387,0.33720119984517033,0.1,1.0,0.4,0.5
492314,mscoco,0.20316378101706506,0.3754011078416899,0.38684375733137133,0.5956088268160676,0.1,0.125,0.2,0.3333333333333333
13882,mscoco,0.05319555215537548,0.17124321380605573,0.025522408448159693,0.144061627578545,0.1,1.0,0.1,1.0
125700,mscoco,0.04119367506355047,0.11834083977185303,0.08721157759428025,0.2601673512440767,0.2,0.5,0.1,1.0
370103,mscoco,0.3705094203352928,0.6406148731734074,0.36096613556146623,0.574682433869395,0.3,1.0,0.0,0.0909090909090909
94,drawbench,0.07180981729179621,0.17164478812311373,0.05310248024761677,0.13496213559937564,0.0,0.0769230769230769,0.0,0.0048543689320388
137273,mscoco,0.16489508375525475,0.41717044622046756,0.14301062878221274,0.6451230777003608,0.1,0.5,0.1,1.0
106935,mscoco,0.08480603061616421,0.27996780925344866,0.11479028388857841,0.2672717359626624,0.1,0.1111111111111111,0.1,0.125
797,mscoco,0.25178763270378113,0.4970844332903545,0.34000994116067884,0.5081442568808457,0.5,0.5,0.6,1.0
107362,mscoco,0.04107699114829302,0.10294426607537609,0.0530600368976593,0.2413429014621457,0.1,0.125,0.3,1.0
81128,mscoco,0.03189522130414844,0.10718344872802807,0.0279611777048558,0.1279180773959653,0.1,0.5,0.1,1.0
442554,mscoco,0.04036930175498128,0.2551797495507681,0.0388693664688617,0.25564390829533085,0.1,1.0,0.1,1.0
19413,mscoco,0.13766454122960567,0.3517301982107422,0.10396984666585922,0.27087589257868766,0.0,0.008,0.0,0.0033444816053511
7583,mscoco,0.04278626088052988,0.1416049811826844,0.07851504497230052,0.18083727002579514,0.0,0.0909090909090909,0.4,1.0
464634,mscoco,0.06910382974892855,0.17879902206383608,0.06237877351231873,0.2495858838616535,0.1,0.5,0.2,1.0
257788,mscoco,0.22979099228978156,0.5020306667112721,0.25301277823746204,0.4977040660024784,0.4,1.0,0.3,0.5
385438,mscoco,0.09361799284815789,0.31992283943467914,0.1095839362591505,0.26829560970204763,0.0,0.04,0.0,0.0833333333333333
275432,mscoco,0.0763070099055767,0.22749540311284858,0.10664005652070045,0.2574338409574014,0.0,0.0232558139534883,0.1,1.0
490582,mscoco,0.06505754850804805,0.2763531208546226,0.128324930742383,0.25378367681925046,0.1,0.5,0.1,1.0
399880,mscoco,0.15730836242437363,0.38111231368207116,0.15722169131040573,0.37183362146493604,0.2,1.0,0.2,1.0
256903,mscoco,0.22567077428102494,0.4120264064567445,0.2975055530667305,0.5617074304049985,0.0,0.0476190476190476,0.6,0.3333333333333333
2349,mscoco,0.09199167229235172,0.273063323285571,0.11867729052901269,0.3363497441897929,0.1,0.5,0.1,1.0
70735,mscoco,0.25237768441438674,0.4347814042318752,0.26657663881778715,0.5539281745777738,0.4,0.3333333333333333,0.5,1.0
73634,mscoco,0.10614010356366635,0.2957455859961791,0.13380321823060512,0.27608086770706997,0.4,1.0,0.5,1.0
495131,mscoco,0.03710581930354238,0.11045084737780785,0.029027268383651973,0.10655892417189665,0.0,0.0217391304347826,0.1,0.1
548953,mscoco,0.07049883864820003,0.19522383243538832,0.11636650338768958,0.24519435302139428,0.0,0.0119047619047619,0.0,0.0227272727272727
517780,mscoco,0.1373388037085533,0.4824060871662151,0.13195656463503838,0.4715994125856629,0.1,1.0,0.1,1.0
314616,mscoco,0.12821906693279744,0.2680141790511998,0.06575622465461492,0.2626768762880582,0.0,0.0909090909090909,0.1,1.0
51070,mscoco,0.0186866270378232,0.05865791416753822,0.039822726510465145,0.13895410066309102,0.0,0.0048076923076923,0.1,0.5
61761,mscoco,0.14918402060866356,0.49461651880673346,0.14217800907790662,0.4891655716884573,0.3,1.0,0.5,1.0
228657,mscoco,0.13083578944206237,0.2940461488265049,0.24757905155420304,0.4379226221144567,0.1,0.1428571428571428,0.6,0.3333333333333333
328732,mscoco,0.3523208245635033,0.5212603706324634,0.37364828735589983,0.730599185987247,0.3,0.25,0.3,1.0
152108,mscoco,0.25203955769538877,0.3557606100675866,0.306671142578125,0.49070348013618015,0.4,1.0,0.7,0.5
309192,mscoco,0.2472987212240696,0.4670960749575136,0.20939740613102914,0.33554366735071556,0.3,1.0,0.2,0.25
28085,mscoco,0.06464832276105881,0.24997105209571105,0.05891805738210678,0.23349418240264208,0.1,1.0,0.1,1.0
392717,mscoco,0.04433135502040386,0.15220564425661726,0.03925602668896318,0.10215517838722142,0.0,0.003731343283582,0.1,1.0
373648,mscoco,0.2885307788848877,0.48593337605229725,0.36196857541799543,0.5880681563016312,0.2,0.5,0.2,0.5
186201,mscoco,0.2098166048526764,0.4319111406949153,0.18019134402275086,0.4891331289437713,0.3,1.0,0.1,0.25
556248,mscoco,0.19167679660022258,0.36884101925945206,0.17142304889857768,0.4155715021117589,0.3,0.5,0.1,0.3333333333333333
30631,mscoco,0.0581647208891809,0.1570980991135073,0.08650772012770176,0.2262386273347023,0.0,0.0012165450121654,0.1,0.25
109838,mscoco,0.10356636065989733,0.32222364630344824,0.12246598079800605,0.2667420964404403,0.1,1.0,0.4,0.2
97686,mscoco,0.18571444991976022,0.5285720879109843,0.2488998495042324,0.36824937060552837,0.1,1.0,0.1,0.1
22559,mscoco,0.033190226182341576,0.1487272857096894,0.024186650291085243,0.1356979020788777,0.1,1.0,0.1,1.0
163474,mscoco,0.1248389046639204,0.3437631653214957,0.09608173407614232,0.30162091223341747,0.0,0.0069930069930069,0.0,0.05
23489,mscoco,0.216839000582695,0.37721552833347577,0.23204089626669883,0.48333756776183784,0.6,1.0,0.8,1.0
460417,mscoco,0.04414338152855635,0.10173218199156903,0.03462452059611678,0.11755501837251221,0.0,0.0103092783505154,0.1,1.0
143120,mscoco,0.09434275142848492,0.219976325451639,0.08153652101755142,0.24516735610499146,0.1,0.3333333333333333,0.2,0.5
549649,mscoco,0.017255294742062686,0.06151618232233935,0.013713960349559785,0.060520369326299166,0.1,0.5,0.1,1.0
62132,mscoco,0.06195888947695494,0.35149324824007433,0.032721019443124534,0.23154507449978287,0.1,0.5,0.1,1.0
371157,mscoco,0.0557443417608738,0.1691827222982572,0.04774943478405476,0.1509678868825433,0.0,0.04,0.1,0.1
376009,mscoco,0.1224130941554904,0.32346244005354735,0.14175989236682654,0.2500369972502667,0.1,1.0,0.0,0.0357142857142857
41997,mscoco,0.7001106858253479,0.7296430536460651,0.6314643859863281,0.8225872177219582,0.9,1.0,1.0,1.0
305338,mscoco,0.05275595560669899,0.1712083392301379,0.05369758456945419,0.17177053626302635,0.5,0.5,0.2,1.0
151922,mscoco,0.14732463993132114,0.4001739229476342,0.16564569622278214,0.3621844875152292,0.1,0.1428571428571428,0.3,1.0
169683,mscoco,0.16903168261051177,0.3450740564322574,0.2018815979361534,0.38256136166522686,0.5,1.0,0.7,1.0
504216,mscoco,0.025984468543902038,0.09801291908089763,0.011172242788597941,0.048014114499654675,0.1,1.0,0.1,0.5
42215,mscoco,0.35379229336977003,0.6698109202735318,0.281481197103858,0.5838712258581404,0.5,1.0,0.5,1.0
285607,mscoco,0.3048569276928902,0.5151379714267079,0.3371725767850876,0.49642706030699646,0.0,0.0666666666666666,0.0,0.0192307692307692
345562,mscoco,0.03976593296974897,0.1384450844573341,0.04557207697071135,0.140503320542779,0.1,0.2,0.1,0.1
155160,mscoco,0.04866547621786595,0.16246859782328602,0.04407303193584085,0.16217741612920722,0.1,1.0,0.1,1.0
576944,mscoco,0.08387649990618229,0.20800342564200058,0.10086052678525448,0.29379923946616077,0.1,0.3333333333333333,0.3,1.0
488360,mscoco,0.03907793033868075,0.09226835030560468,0.03298717271536589,0.09520892464829213,0.1,0.1428571428571428,0.1,0.3333333333333333
20641,mscoco,0.23629176765680313,0.3884038148431763,0.25799910016357896,0.47698402271799856,0.2,1.0,0.2,1.0
83268,mscoco,0.1168222550302744,0.2976145864730219,0.12398363426327705,0.287977616945422,0.1,1.0,0.0,0.037037037037037
203618,mscoco,0.20712617971003056,0.27094842211249814,0.2347164958715439,0.5992758873062084,0.1,0.125,0.1,1.0
301870,mscoco,0.40894444435834887,0.6419203247775153,0.48462361879646776,0.6934012042282782,0.5,1.0,0.6,1.0
424788,mscoco,0.13707390427589417,0.300326512986157,0.20081657618284227,0.4761304930332055,0.1,1.0,0.5,1.0
292170,mscoco,0.055274699814617634,0.13738143426120078,0.12809140384197235,0.36059215848192516,0.1,0.1111111111111111,0.3,0.5
502823,mscoco,0.26733691841363905,0.6231669824150918,0.30207158625125885,0.42372349236266327,0.2,1.0,0.4,1.0
40531,mscoco,0.21703625991940498,0.38528214782225956,0.20854186192154883,0.37948767326370286,0.6,0.3333333333333333,0.8,0.5
162020,mscoco,0.16039782278239728,0.2799610988274763,0.11449391357600688,0.2825819292507842,0.1,0.25,0.1,0.3333333333333333
84853,mscoco,0.09650243632495403,0.2786628594355999,0.08169331699609757,0.19941940026839206,0.5,0.5,0.7,1.0
139839,mscoco,0.10806960053741932,0.2474153712303349,0.13561939522624017,0.3591554077017105,0.1,0.125,0.1,0.1666666666666666
163296,mscoco,0.5728025883436203,0.8390888666320176,0.5209591314196587,0.751280390679926,0.5,0.3333333333333333,0.4,1.0
268644,mscoco,0.18794651590287687,0.48051869211894516,0.22261567711830138,0.44313338038420375,0.7,1.0,0.9,1.0
69283,mscoco,0.025531586818397047,0.07988906498022327,0.027696591755375265,0.10468849297466065,0.0,0.0169491525423728,0.1,1.0
59610,mscoco,0.4449509918689728,0.7494824147236105,0.4554739147424698,0.7698046139018028,0.5,1.0,0.7,1.0
471834,mscoco,0.11338679529726506,0.2225666251533495,0.11452736929059029,0.25508100685760826,0.2,0.3333333333333333,0.7,0.5
15197,mscoco,0.17609625048935412,0.2683704768133743,0.22558278813958169,0.3813260383363009,0.4,0.5,0.6,0.5
343908,mscoco,0.04734606305137277,0.154777004509047,0.06577969826757908,0.1301307502118245,0.0,0.0093457943925233,0.0,0.0208333333333333
451375,mscoco,0.06119418386369944,0.24293288491265946,0.04913241234607994,0.22094728857546922,0.1,0.3333333333333333,0.1,0.5
440027,mscoco,0.12269040793180466,0.27385304164717167,0.1420369915664196,0.3029605476265084,0.2,0.25,0.5,0.5
377777,mscoco,0.07150891479104757,0.20247335123418608,0.08642115900292993,0.22314995510821864,0.0,0.0060240963855421,0.3,1.0
130240,mscoco,0.3342471793293953,0.5176554081036213,0.4820918768644333,0.6139941974542605,0.4,0.25,0.8,0.5
121618,mscoco,0.12374651730060578,0.30197980150366943,0.13265317715704442,0.27071838372801993,0.3,0.5,0.3,0.5
273245,mscoco,0.09151289146393538,0.28902119326103687,0.08962838985025882,0.22380233011671483,0.1,0.2,0.0,0.0714285714285714
187978,mscoco,0.026301081757992506,0.07467528122933322,0.028084333706647157,0.10129245857786046,0.1,0.25,0.1,1.0
395933,mscoco,0.05181792043149471,0.15824691423726442,0.06497618965804577,0.20398960378104797,0.1,0.5,0.1,1.0
247184,mscoco,0.14714901074767112,0.3280818532615951,0.15125812105834485,0.3066847448148729,0.1,0.2,0.4,0.5
198397,mscoco,0.2092871554195881,0.3284267587861778,0.2552852645516396,0.48920954833135166,0.1,0.125,0.4,1.0
266207,mscoco,0.5192626804113388,0.6800689341403878,0.5295338600873947,0.7199718065208105,0.7,1.0,1.0,1.0
324816,mscoco,0.172175332903862,0.39444790878485136,0.184321029484272,0.42576986664381566,0.1,0.1111111111111111,0.1,0.25
539311,mscoco,0.06590294223278761,0.25421024963514566,0.0777504002675414,0.27397542439401923,0.1,1.0,0.2,1.0
34,drawbench,0.1455273561179638,0.3366177807804604,0.13045908994972705,0.34597281045589795,0.0,0.0,0.0,0.0
214413,mscoco,0.08406734671443701,0.18261617518181045,0.0696093611419201,0.212581170048573,0.0,0.0526315789473684,0.1,1.0
521574,mscoco,0.046367134479805824,0.16429324835630454,0.050691452249884604,0.19361334079760484,0.0,0.0007710100231303,0.0,0.0185185185185185
317112,mscoco,0.06635296391323209,0.22013534772223392,0.07335382234305143,0.238010626989003,0.1,1.0,0.1,0.1111111111111111
552295,mscoco,0.12420439943671227,0.38177802723728865,0.0975422814488411,0.3774995408566517,0.0,0.037037037037037,0.1,0.25
579787,mscoco,0.2929097734391689,0.7283405710917966,0.2919419467449188,0.626881534585828,0.3,1.0,0.5,1.0
384422,mscoco,0.045119482278823855,0.13639189343146024,0.06422340832650661,0.19250702344774515,0.1,1.0,0.0,0.0434782608695652
531725,mscoco,0.467866787314415,0.6664495531282486,0.5265107870101928,0.8238532125308334,0.4,0.5,0.7,1.0
491943,mscoco,0.04231591233983636,0.1261042211243722,0.06048651859164238,0.17371118387835868,0.1,0.5,0.1,1.0
56605,mscoco,0.11247821375727654,0.2303961318879742,0.09966806303709745,0.2396624759150479,0.1,0.5,0.4,1.0
444272,mscoco,0.032068409398198126,0.09089778523557938,0.02332328390330076,0.08891171822977742,0.0,0.0217391304347826,0.1,0.3333333333333333
220948,mscoco,0.16344603672623634,0.349289478944133,0.19235830307006835,0.37454126863192144,0.1,0.1428571428571428,0.8,1.0
265176,mscoco,0.09274965114891529,0.2168210171427305,0.09735961090773344,0.23332450467472066,0.3,1.0,0.3,1.0
186,drawbench,0.0670792169868946,0.26818842925618835,0.12140097804367542,0.3972478445181912,0.0,0.0,0.0,0.0
275835,mscoco,0.13619649559259414,0.32678013518093746,0.12063592746853828,0.27379505112113145,0.2,0.5,0.2,0.1666666666666666
386036,mscoco,0.12525983937084675,0.2901171332409456,0.11486992873251438,0.23694735116962062,0.3,0.5,0.3,0.3333333333333333
165638,mscoco,0.2258593164384365,0.3468497193861302,0.2548656642436981,0.5021149425652737,0.1,0.1428571428571428,0.1,0.1666666666666666
388353,mscoco,0.11071112342178821,0.2609648370921944,0.13385052531957625,0.3618071627004604,0.1,0.125,0.2,1.0
4624,mscoco,0.4428983315825462,0.658127067755853,0.3908574223518372,0.6159819789484913,0.4,1.0,0.6,1.0
206871,mscoco,0.25129192098975184,0.3941959242983639,0.30264956429600715,0.5267626842879254,0.3,0.3333333333333333,0.4,1.0
516805,mscoco,0.05511785224080086,0.19600381310362605,0.05108757708221674,0.1939480870794673,0.1,1.0,0.1,1.0
531798,mscoco,0.23929940834641455,0.36387833050312146,0.31905416399240494,0.5207618917594107,0.4,0.5,0.5,1.0
89095,mscoco,0.14264050871133804,0.2843116168607923,0.20439717024564744,0.4107446367746624,0.1,0.1666666666666666,0.1,0.1666666666666666
18078,mscoco,0.18815814405679704,0.39248652404354667,0.14300814568996428,0.3434469623555723,0.7,0.5,0.6,1.0
136900,mscoco,0.42465613335371016,0.580932666594271,0.4049429655075073,0.5101805854669385,0.2,0.125,0.5,0.5
16,drawbench,0.06431034915149211,0.15401624984608703,0.04733060114085674,0.14131629514598806,0.0,0.0,0.0,0.0
350724,mscoco,0.07482441775500774,0.25513421201564146,0.15027230009436607,0.3158143589903988,0.1,0.25,0.1,0.3333333333333333
477195,mscoco,0.0616958417929709,0.20503225579930795,0.05779698640108109,0.1833430643588572,0.6,1.0,0.5,1.0
55059,mscoco,0.10395633317530155,0.3795755505999874,0.11644077934324741,0.3902736772982916,0.1,1.0,0.1,1.0
28214,mscoco,0.10160500407218934,0.4719452543004202,0.11891413442790508,0.456037124956023,0.2,1.0,0.2,1.0
192812,mscoco,0.10260211303830147,0.2568090026711922,0.07834740988910198,0.2492392184231673,0.1,0.5,0.1,1.0
162717,mscoco,0.03528390200808644,0.11693020812394099,0.03699445934034884,0.12880729457859633,0.1,0.25,0.1,1.0
547136,mscoco,0.2250845991075039,0.39836831634030123,0.22858616560697556,0.3582671753409982,0.1,0.125,0.1,0.1
408182,mscoco,0.0866467546671629,0.18644713572791563,0.07264759484678507,0.2285907138803345,0.1,0.1666666666666666,0.1,0.2
360536,mscoco,0.1498255230486393,0.46401295388267694,0.11325658597052098,0.43431508783650963,0.1,1.0,0.1,1.0
485564,mscoco,0.19066829718649386,0.3041369336675347,0.39137503057718276,0.5220615734678468,0.3,0.3333333333333333,0.3,0.1666666666666666
360695,mscoco,0.4939884886145592,0.5053260616430775,0.6367184579372406,0.6983139706433509,0.4,0.25,0.6,0.5
514483,mscoco,0.0988134540617466,0.30849073029445817,0.10867676772177219,0.2615390497479979,0.1,0.25,0.2,1.0
409918,mscoco,0.12151648178696632,0.33867524044328595,0.1347125694155693,0.33436305734506644,0.1,0.5,0.1,1.0
34333,mscoco,0.012750347191467882,0.04778488754660535,0.014125154120847583,0.06540259028115503,0.1,1.0,0.1,0.5
156915,mscoco,0.22464803159236907,0.3436597854550519,0.28381169959902763,0.6080883860294756,0.1,0.125,0.1,1.0
16520,mscoco,0.3336607739329338,0.6590885766794258,0.29981574639678,0.7352933178779901,0.1,1.0,0.1,0.5
308441,mscoco,0.17786336243152617,0.3651440073621912,0.25882086157798767,0.5564297930098979,0.4,1.0,0.7,1.0
246146,mscoco,0.20243001282215117,0.4126837580183831,0.2501549877226353,0.5114047032680253,0.1,0.125,0.4,1.0
525342,mscoco,0.04437481435015798,0.19733753272518206,0.05656196661293507,0.143940135550708,0.0,0.0217391304347826,0.1,0.3333333333333333
293306,mscoco,0.28977803587913514,0.5182711200342508,0.24001504927873613,0.45053762939431474,0.0,0.0769230769230769,0.0,0.0050761421319796
163431,mscoco,0.12920506931841375,0.3047108879899646,0.1551199395209551,0.5018420096715804,0.3,0.5,0.2,0.1666666666666666
41265,mscoco,0.17074724920094014,0.4438608429226979,0.14010231643915178,0.3162434573820474,0.1,1.0,0.0,0.0833333333333333
184610,mscoco,0.04618965703994036,0.1719436689464582,0.06798959206789731,0.18535685132102128,0.1,1.0,0.1,0.25
545673,mscoco,0.2334262028336525,0.46325551523853775,0.1690569780766964,0.5672625675058827,0.5,0.5,0.3,0.5
187757,mscoco,0.2284530684351921,0.27016983951472456,0.2758577734231949,0.6323994249571682,0.2,0.2,0.6,0.5
492065,mscoco,0.0848140712827444,0.23516654314624763,0.16811841614544393,0.2968955519957439,0.0,0.0277777777777777,0.2,0.25
352248,mscoco,0.07364846542477607,0.2002662098636695,0.061040416918694974,0.17022146242546263,0.3,1.0,0.3,1.0
360173,mscoco,0.18729564994573594,0.33921670879240723,0.2954536139965057,0.43697148726687773,0.2,0.2,0.5,0.5
443913,mscoco,0.09255383554846049,0.20786896712506073,0.12618182934820651,0.3215269344708626,0.0,0.0476190476190476,0.1,0.1428571428571428
475301,mscoco,0.21592190973460673,0.4165282786163236,0.30305454432964324,0.5694238892654913,0.1,0.5,0.3,1.0
196,drawbench,0.02449601232074201,0.06742222800572124,0.009130475763231515,0.03393784404002062,0.0,0.0,0.0,0.0
66192,mscoco,0.11986212022602558,0.25852430502816,0.17826808281242848,0.36292892542006266,0.1,0.2,0.2,0.2
158950,mscoco,0.09559094868600368,0.2789392240538378,0.18163560852408409,0.36827959689534734,0.2,0.5,0.3,1.0
536278,mscoco,0.3249047115445137,0.5270363851225931,0.24601960740983486,0.35555220439009955,0.9,1.0,0.7,0.5
232417,mscoco,0.13550775982439517,0.4218304982772639,0.23762989845126867,0.45325885503149205,0.0,0.0454545454545454,0.0,0.0072992700729927
395013,mscoco,0.08692830139771104,0.18059498974678267,0.09651443809270858,0.24088466794700386,0.3,1.0,0.3,0.5
113839,mscoco,0.25141231119632723,0.36877501917754246,0.2651324637234211,0.4718771235267371,0.6,1.0,0.5,0.5
103512,mscoco,0.1131312008947134,0.23628920659546682,0.16688516438007356,0.33539819763852646,0.0,0.0038022813688212,0.0,0.0094339622641509
47597,mscoco,0.21793374195694923,0.5648125257288195,0.15237434804439545,0.29060320241369153,0.2,1.0,0.1,0.2
197427,mscoco,0.2744871646165848,0.5681369174905824,0.25047627165913583,0.5368547005326659,0.7,1.0,0.4,0.3333333333333333
416604,mscoco,0.06301979199051858,0.2111296872562482,0.05206119231879711,0.19902887763719654,0.1,1.0,0.1,1.0
513733,mscoco,0.21988947857171298,0.3970932068265769,0.23545257821679116,0.4924587002242275,0.8,1.0,0.8,1.0
182373,mscoco,0.16058372780680658,0.34631971878621426,0.3004031553864479,0.46919977924326384,0.1,0.5,0.8,1.0
561919,mscoco,0.2763810962438583,0.6784620208892135,0.30753424018621445,0.7514365115515274,0.2,0.1111111111111111,0.7,1.0
221165,mscoco,0.18923918083310126,0.3150733727202745,0.18136329464614392,0.3053411090472378,0.0,0.0833333333333333,0.0,0.0133333333333333
13,drawbench,0.23490870743989944,0.40521875810155117,0.29531844407320024,0.46124884455062976,0.0,0.003690036900369,0.0,0.0178571428571428
490057,mscoco,0.16434512063860893,0.4751711757314963,0.27852030247449877,0.5116054339412346,0.1,1.0,0.4,1.0
561957,mscoco,0.27030752003192904,0.4716479771644376,0.3072314754128456,0.504225891433963,0.3,0.5,1.0,1.0
451772,mscoco,0.6097893804311753,0.7991239932895339,0.6784038662910461,0.8785591126962734,0.8,1.0,0.9,1.0
247223,mscoco,0.33883620277047155,0.714905029317534,0.33030980825424194,0.4636965497456891,0.2,1.0,0.2,0.5
532253,mscoco,0.005974776746006683,0.04297973569883199,0.005904347408795729,0.0432836572008168,0.1,1.0,0.1,1.0
178,drawbench,0.003987743752077222,0.013402582059615828,0.0012200087978271768,0.0047381935501702626,0.0,0.0,0.0,0.0
15621,mscoco,0.1961221806704998,0.37841820724557723,0.22713360488414763,0.4264749172103371,0.1,0.1,0.5,1.0
161634,mscoco,0.1655932493507862,0.31638721825882776,0.14215968176722527,0.2913241852444982,0.1,0.1,0.1,0.2
33555,mscoco,0.12123293206095695,0.2753545433806131,0.20683127790689468,0.4337024708038601,0.1,0.5,0.2,1.0
59,drawbench,0.0624944357201457,0.2209032558178725,0.08408035021275281,0.2647658572891908,0.0,0.0,0.0,0.0
17869,mscoco,0.22266087159514428,0.3771309934597387,0.20482116863131522,0.3667172532073849,0.0,0.0909090909090909,0.3,0.3333333333333333
378790,mscoco,0.038419184274971485,0.12482802567842256,0.04403173583559692,0.13002973825590178,0.1,0.2,0.2,1.0
248876,mscoco,0.14263847544789315,0.27671846444296927,0.12558602094650267,0.2862013147628077,0.0,0.0294117647058823,0.2,1.0
398130,mscoco,0.0604057552292943,0.2068868220382768,0.05840257257223129,0.1857313842705889,0.1,0.5,0.1,0.5
124236,mscoco,0.05357421413064003,0.12860403057751915,0.04704095460474491,0.15268838828027392,0.1,0.1666666666666666,0.1,0.25
441382,mscoco,0.07207887321710586,0.2550079273794265,0.0655263539403677,0.24196832532723345,0.2,0.3333333333333333,0.1,1.0
444670,mscoco,0.08454077094793319,0.27840776665472017,0.07719544023275375,0.2478714704327014,0.0,0.03125,0.1,1.0
482665,mscoco,0.11247880272567272,0.29932138278573484,0.07064837813377381,0.39346627304038684,0.1,0.5,0.1,1.0
170766,mscoco,0.0665759913623333,0.18961624905919333,0.09689543917775154,0.24544694853499388,0.1,1.0,0.1,0.5
156904,mscoco,0.09751603119075299,0.2855331281304884,0.061350271105766296,0.19273308791897412,0.2,0.5,0.1,0.3333333333333333
313156,mscoco,0.4084411904215813,0.6093784292149274,0.35577101707458497,0.6677661560610028,0.2,0.1428571428571428,0.2,1.0
129176,mscoco,0.4868792697787285,0.7277383440774892,0.5499130427837372,0.6936578083663708,0.4,0.5,0.6,0.5
295558,mscoco,0.17540686652064325,0.30465020078635624,0.18785196989774705,0.4041146301320062,0.0,0.0333333333333333,0.2,1.0
246358,mscoco,0.202061353251338,0.45492481788394273,0.22320131510496138,0.4085703900907086,0.5,1.0,0.6,1.0
281052,mscoco,0.24595187306404115,0.3792053933450772,0.20459572225809097,0.4094084861127841,0.1,0.5,0.3,1.0
324165,mscoco,0.022208962589502335,0.09055258794339442,0.027283017709851264,0.11511184815333324,0.1,1.0,0.1,1.0
536900,mscoco,0.10964366495609283,0.20612393613713556,0.11528508588671685,0.2548974480969814,0.5,0.5,0.7,1.0
579341,mscoco,0.18681277856230735,0.4097263527909933,0.25079681873321535,0.4683204051142607,0.5,1.0,0.6,0.5
149679,mscoco,0.01276749772951007,0.05233520401282533,0.018533133901655674,0.08416017527774067,0.0,0.0909090909090909,0.1,0.25
283840,mscoco,0.02813091641291976,0.0983103798167048,0.03438424915075302,0.1421572539215613,0.1,1.0,0.2,0.25
361351,mscoco,0.07062738779932261,0.2881890114203184,0.06958141922950745,0.21719230808874868,0.2,1.0,0.1,0.3333333333333333
415239,mscoco,0.21662294827401637,0.4921923161467413,0.21354708150029184,0.3684373101781107,0.3,0.3333333333333333,0.6,0.3333333333333333
99073,mscoco,0.11039494946599007,0.22701776721813618,0.10521679371595383,0.2641355288108654,0.3,0.5,0.4,0.3333333333333333
369653,mscoco,0.41429839506745336,0.6955197939168223,0.4616558596491814,0.7646754009289304,0.2,1.0,0.1,0.125
72583,mscoco,0.011857169563882053,0.06255923908736127,0.011284467554651201,0.06328322491268745,0.1,1.0,0.1,1.0
565326,mscoco,0.07575518377125263,0.19546277070468182,0.07792967818677425,0.19941865483359045,0.0,0.0714285714285714,0.1,0.5
264660,mscoco,0.04028171580284834,0.14085328070542308,0.03249489879235625,0.1467303256849184,0.1,1.0,0.1,1.0
236552,mscoco,0.1678894530981779,0.42792831629496036,0.18416952416300775,0.49898076177702266,0.2,1.0,0.3,1.0
522491,mscoco,0.11027329228818417,0.269037215673278,0.1762030530720949,0.3285667916979918,0.0,0.0769230769230769,0.0,0.0095238095238095
84757,mscoco,0.04478604472242296,0.13756103065882844,0.04736926257610321,0.12401821935869847,0.0,0.0096153846153846,0.1,0.1666666666666666
40957,mscoco,0.047257619071751834,0.19612373505366118,0.049331003427505495,0.16467894644801623,0.1,1.0,0.1,0.5
95679,mscoco,0.05736683066934347,0.1856638770686885,0.06137857455760241,0.18649454420824896,0.2,1.0,0.2,1.0
265279,mscoco,0.2658451244235039,0.4569725175485426,0.27113035768270494,0.5414650324158672,0.4,1.0,0.3,0.5
245938,mscoco,0.08425910621881486,0.2834023588196865,0.069077761285007,0.25252569580160655,0.2,1.0,0.1,1.0
522639,mscoco,0.10882934853434563,0.22267584156434977,0.1855483092367649,0.455960419684337,0.0,0.03125,0.1,0.25
225345,mscoco,0.05104695595800877,0.19993702186554418,0.05561038516461849,0.24486914859147546,0.1,0.5,0.1,1.0
24104,mscoco,0.20430751889944077,0.34726199981257466,0.312439526617527,0.5642169719113682,0.4,0.1666666666666666,0.8,1.0
317331,mscoco,0.2404489479959011,0.5162427125079436,0.33077368289232256,0.5978696964585989,0.5,1.0,0.3,0.3333333333333333
