caption_id,source,pred_clip_p10,pred_clip_rr,pred_blip2_p10,pred_blip2_rr,true_clip_p10,true_clip_rr,true_blip2_p10,true_blip2_rr
261342,mscoco,0.13128242921084166,0.4129936386060415,0.1551706653088331,0.5000560433625555,0.0,0.0192307692307692,0.0,0.04
203177,mscoco,0.013340417388826608,0.09107446536164857,0.02046982697211206,0.10476968034396138,0.1,1.0,0.1,1.0
239082,mscoco,0.21215957254171372,0.6301994642396569,0.24302041977643968,0.594581353105763,0.2,0.1666666666666666,0.4,1.0
166557,mscoco,0.5008896127343178,0.8910524131283278,0.5933329463005066,0.7688967604846273,0.7,1.0,0.7,1.0
70,drawbench,0.02782065595674794,0.20912869672467066,0.017672691715415568,0.12957444667689655,0.0,0.0,0.0,0.0
27585,mscoco,0.13248808383941652,0.38771134525560075,0.16857371106743813,0.4951884674708846,0.0,0.0833333333333333,0.4,0.25
44960,mscoco,0.4920008689165115,0.7965485255845534,0.547036099433899,0.8028052700677106,0.2,1.0,0.5,1.0
559685,mscoco,0.28235469236969946,0.5719245819938629,0.2926284946501255,0.7289555356388406,0.2,0.3333333333333333,0.1,0.5
577169,mscoco,0.145419891923666,0.4648410466478504,0.16773317977786065,0.5608980270409801,0.2,0.25,0.4,1.0
276964,mscoco,0.0562800319865346,0.23870923364134258,0.061160785146057606,0.2982212251904245,0.1,1.0,0.1,0.5
480770,mscoco,0.05863764230161905,0.22985540791908826,0.09951186254620552,0.6063708161144677,0.3,0.5,0.3,1.0
56821,mscoco,0.09007363924756646,0.36034204793815033,0.12309360764920711,0.44136780284421706,0.1,0.2,0.1,0.25
298353,mscoco,0.0291465294547379,0.11153588138485476,0.02911358391866088,0.12469425967810112,0.0,0.0204081632653061,0.1,0.125
58492,mscoco,0.18538871556520461,0.5054172178220353,0.1614301551133394,0.4919485001474186,0.1,1.0,0.1,0.1428571428571428
530479,mscoco,0.09027314111590386,0.31294782893644835,0.10125691965222358,0.41729247188118707,0.0,0.05,0.0,0.0555555555555555
318426,mscoco,0.13293012473732232,0.3807525617354767,0.21227217093110085,0.5061212141972917,0.3,0.3333333333333333,0.5,0.5
386890,mscoco,0.259399376809597,0.6052041234935593,0.28109063357114794,0.5258803061707783,0.0,0.0909090909090909,0.1,1.0
23309,mscoco,0.06475779125466943,0.4012524660403074,0.05459832302294672,0.27567876857121293,0.1,1.0,0.2,1.0
101270,mscoco,0.27017890363931657,0.5173786475634897,0.32691639512777326,0.5810166020040928,0.0,0.0769230769230769,0.1,0.25
170809,mscoco,0.018664921657182275,0.10943879333739383,0.032702668500132856,0.19236654664928432,0.1,1.0,0.1,0.1
20150,mscoco,0.15804277025163174,0.598290500337347,0.17961150854825975,0.5809556997406521,0.1,0.1428571428571428,0.1,0.2
142942,mscoco,0.19768064990639686,0.5840905557348233,0.19605323821306228,0.6442104120229185,0.2,0.125,0.2,1.0
63306,mscoco,0.10982960984110832,0.35819680509098273,0.21070656925439835,0.47348982645823035,0.1,0.1,0.2,1.0
561151,mscoco,0.3017835460603237,0.6051937809032163,0.35498497933149337,0.5428961862058518,0.0,0.0172413793103448,0.1,0.1
377619,mscoco,0.2041347175836563,0.4685682979422213,0.2438068300485611,0.4841288094742307,0.1,1.0,0.1,1.0
390068,mscoco,0.26197351664304735,0.6193325779900799,0.23723878636956214,0.6234314058722155,0.5,1.0,0.4,1.0
246004,mscoco,0.058708333410322666,0.24552870975977734,0.09350467482581734,0.5965064291787388,0.1,1.0,0.1,0.1
324789,mscoco,0.010758575657382608,0.06344809169342955,0.02994023876963183,0.18073833256700733,0.1,0.125,0.1,1.0
301541,mscoco,0.2154976837337017,0.44378441609055946,0.3928582727909088,0.6569777845918587,0.0,0.0526315789473684,0.2,0.25
233617,mscoco,0.24565530940890312,0.5352423961304477,0.2416521839797497,0.8017654263499997,0.1,0.3333333333333333,0.1,1.0
108452,mscoco,0.12376321777701378,0.42999983420625854,0.15301517844200135,0.46604045135513983,0.1,1.0,0.1,1.0
333049,mscoco,0.13297001607716083,0.45704870900171846,0.23233691453933716,0.5199815794503221,0.2,0.125,0.3,1.0
144796,mscoco,0.12546340972185135,0.33850673908857043,0.18770459853112698,0.5538457160882031,0.1,0.3333333333333333,0.0,0.0303030303030303
488514,mscoco,0.15554531514644623,0.7095251912036983,0.23419901430606843,0.6232570996743227,0.1,1.0,0.1,0.125
47294,mscoco,0.19598813988268377,0.523747256606039,0.2531726624816656,0.5369897832956732,0.1,0.2,0.3,1.0
306173,mscoco,0.11533528249710798,0.46466025025706537,0.09899285528808832,0.467334854488371,0.1,1.0,0.1,0.5
253470,mscoco,0.026770979817956685,0.13588822601202077,0.037599413702264425,0.20171296677929912,0.0,0.0909090909090909,0.1,0.5
190700,mscoco,0.02629895843565464,0.15866337054845503,0.045928633818402884,0.2951972640031209,0.1,1.0,0.1,0.5
84089,mscoco,0.2600493051111698,0.5479993416207991,0.21130431145429612,0.36714613652316125,0.0,0.0178571428571428,0.0,0.0031347962382445
175954,mscoco,0.22534632980823516,0.4908764555584653,0.39651992470026015,0.7554047274886495,0.2,1.0,0.5,0.2
158223,mscoco,0.19984899684786797,0.6109580990379525,0.22865496687591075,0.8065533808222417,0.5,1.0,0.7,1.0
448607,mscoco,0.4217915520071983,0.8788778740985472,0.5375293046236038,0.9101568514969719,0.4,0.5,0.3,0.5
248862,mscoco,0.22243117094039916,0.6379301764196971,0.2419689826667309,0.6434164760179973,0.1,0.5,0.1,1.0
227526,mscoco,0.0886070903390646,0.25700586566741596,0.07509061917662621,0.2657176478838909,0.0,0.0037593984962406,0.0,0.0022988505747126
549409,mscoco,0.03704633736051619,0.221069452495569,0.04348693478386849,0.23163119231698798,0.1,0.3333333333333333,0.1,0.3333333333333333
123214,mscoco,0.15279748290777206,0.4087531282857197,0.11598655413836241,0.38203211554267463,0.3,0.25,0.1,0.3333333333333333
494957,mscoco,0.2648331195116043,0.5524110189446996,0.23873726427555084,0.5950164546345189,0.1,1.0,0.1,1.0
284176,mscoco,0.12008775994181634,0.5317787976532725,0.13472786098718642,0.4046616336558192,0.2,0.25,0.5,1.0
25430,mscoco,0.26942952498793604,0.5828580582223198,0.3036078840494156,0.5797958829743427,0.4,0.25,0.4,1.0
52746,mscoco,0.08972676638513803,0.29603455446129723,0.11607018876820803,0.38700565428866385,0.4,1.0,0.4,1.0
118598,mscoco,0.22894591838121414,0.6223820572279429,0.24361779540777206,0.672095492819494,0.3,1.0,0.3,0.5
42622,mscoco,0.25500258803367615,0.5606860220343937,0.3908910468220711,0.7210211712970758,0.1,0.1111111111111111,0.6,1.0
128275,mscoco,0.1617591917514801,0.37008843550100545,0.22799794357270003,0.6518672161654836,0.1,0.3333333333333333,0.4,1.0
402255,mscoco,0.037540272576734424,0.19202410429856093,0.042300759931094944,0.1363451972477448,0.0,0.0285714285714285,0.1,0.25
24935,mscoco,0.17885316163301468,0.6002327934803342,0.1929854191839695,0.41553414316811305,0.1,0.5,0.1,1.0
39502,mscoco,0.08877545855939388,0.2816042039077835,0.13161483285948633,0.5849773311352195,0.0,0.0123456790123456,0.1,0.5
370391,mscoco,0.11812834963202476,0.37138598398126405,0.19499104879796506,0.5432213157781369,0.0,0.0138888888888888,0.3,0.3333333333333333
170700,mscoco,0.06399007569998502,0.33538340610115197,0.16787134846672416,0.6160793144805012,0.0,0.0212765957446808,0.1,1.0
438910,mscoco,0.240761711448431,0.5123633672584236,0.28262365236878395,0.6128072567019566,0.1,0.25,0.3,1.0
160,drawbench,0.019580568512901665,0.13767197917557972,0.0664820533245802,0.3986881544462321,0.0,0.0,0.0,0.0
291526,mscoco,0.03288071863353252,0.18498235737014412,0.047564757289364934,0.29229817960902865,0.1,1.0,0.1,0.5
379596,mscoco,0.11106289438903331,0.43802558157196597,0.10449802316725254,0.45137824540624716,0.1,1.0,0.0,0.0769230769230769
12,drawbench,0.21891730278730392,0.48671948068471893,0.23858273327350615,0.5803733843936627,0.0,0.0,0.0,0.0
241148,mscoco,0.14474254623055458,0.330162399214938,0.11410929746925831,0.3912994150427582,0.1,0.1428571428571428,0.2,1.0
319991,mscoco,0.2000286877155304,0.44603092468938493,0.1770777016878128,0.6275711978715222,0.1,0.5,0.1,1.0
310688,mscoco,0.029601087979972362,0.13210771600501253,0.028208791697397827,0.12323408100818847,0.1,1.0,0.1,1.0
243283,mscoco,0.198879986256361,0.6499465566276157,0.20130303278565406,0.5875055299685467,0.9,0.5,1.0,1.0
149,drawbench,0.05279223746620119,0.3050036553042646,0.0503513865172863,0.31847086897073285,0.0,0.0,0.0,0.0
558426,mscoco,0.14456145502626896,0.47691878850767344,0.21291875317692757,0.8060138895249708,0.2,0.3333333333333333,0.5,1.0
394214,mscoco,0.20594874396920204,0.4093126370799764,0.21325868964195252,0.5057719106246805,0.0,0.05,0.1,1.0
297699,mscoco,0.13584448024630547,0.4895002901935204,0.19737549051642417,0.5202045423098419,0.1,0.125,0.1,0.125
146972,mscoco,0.044152292457874866,0.20270358473485836,0.12746366360224784,0.4583652999020665,0.2,0.5,0.0,0.0909090909090909
401783,mscoco,0.6398129880428314,0.7963997622894685,0.5798578903079032,0.8252403225334466,0.8,0.5,0.9,1.0
182245,mscoco,0.22854741290211678,0.7068984071124313,0.39379442781209945,0.8167537796461678,0.0,0.0256410256410256,0.2,1.0
126018,mscoco,0.3024560704827309,0.6504214400745975,0.2798871636390686,0.8173426359573451,0.7,1.0,0.4,1.0
290549,mscoco,0.10642483923584223,0.5573655753142126,0.1070298807695508,0.47105701642150194,0.1,0.3333333333333333,0.1,1.0
399946,mscoco,0.16523453481495382,0.49331115886618165,0.2207285463809967,0.6810869681693139,0.1,0.5,0.1,1.0
8,drawbench,0.36967926770448684,0.7027871366855317,0.3847660280764103,0.7165742601514755,0.0,0.0001043296817944,0.0,6.345580303318739e-05
211678,mscoco,0.10308852642774582,0.2889499430064095,0.09929428398609161,0.25112439275807547,0.3,0.5,0.4,0.5
421539,mscoco,0.007494179060449824,0.03736767737069973,0.013483510818332434,0.07592823216233419,0.1,1.0,0.2,0.3333333333333333
264358,mscoco,0.07493757251650095,0.25230772604284146,0.1074026201851666,0.5343677466601737,0.1,0.5,0.1,1.0
430848,mscoco,0.16360092237591745,0.5886133578462326,0.14703155346214772,0.5305516243398709,0.2,1.0,0.2,0.5
133251,mscoco,0.29466446340084074,0.8131251450417131,0.368677930533886,0.8376022468826992,0.5,0.5,0.2,0.1666666666666666
568560,mscoco,0.18097869008779527,0.44473434746005264,0.18813347071409225,0.4942685130468693,0.2,0.3333333333333333,0.0,0.0526315789473684
405612,mscoco,0.08583849258720874,0.2467436167702172,0.11976795345544815,0.34802141697180666,0.1,1.0,0.1,0.5
20794,mscoco,0.12060875035822391,0.3923912354585434,0.23051548451185228,0.6211826640165519,0.1,0.1428571428571428,0.1,0.5
6,drawbench,0.6481384813785553,0.8696063184231345,0.5296531543135643,0.8286170236461237,0.0,0.0011750881316098,0.0,0.0129870129870129
225306,mscoco,0.2422082431614399,0.6105864761800243,0.2646223343908787,0.6927919464134823,0.0,0.0833333333333333,0.1,1.0
103603,mscoco,0.18376676738262177,0.36813621975577393,0.27222769111394884,0.5681242566167521,0.6,0.3333333333333333,0.4,1.0
395,mscoco,0.024660796765238045,0.12968430154316957,0.05490705780684948,0.18226660334172448,0.2,1.0,0.1,0.25
80067,mscoco,0.04381216038018465,0.2138774150045105,0.06492356462404132,0.3254500536404325,0.1,0.1428571428571428,0.1,1.0
490619,mscoco,0.09515516664832831,0.3282545124470732,0.11838522627949714,0.3975119576849359,0.0,0.0066666666666666,0.0,0.0109890109890109
167126,mscoco,0.1790227074176073,0.6219899095376394,0.3081402383744717,0.6874741980089045,0.4,1.0,0.1,1.0
442961,mscoco,0.23620983511209487,0.5692298926909504,0.2342282220721245,0.495125350360822,0.1,0.5,0.5,0.5
260111,mscoco,0.16521088778972626,0.5687802319380276,0.14790727384388447,0.38968138495323246,0.0,0.0555555555555555,0.0,0.0161290322580645
68005,mscoco,0.0850089630112052,0.4637806034812869,0.08969404473900795,0.4596983243801757,0.1,1.0,0.1,1.0
73541,mscoco,0.2863577175885439,0.7357513033085361,0.3635817304253578,0.8308977222054706,0.2,0.5,0.0,0.0833333333333333
316190,mscoco,0.145302689447999,0.38038091943228997,0.13896303176879882,0.48717019869880407,0.1,1.0,0.1,0.1428571428571428
519552,mscoco,0.08411846663802862,0.444997013110686,0.04840500708669424,0.22099093318996452,0.1,0.3333333333333333,0.1,0.5
365419,mscoco,0.36273435056209563,0.6508605254409588,0.4385637164115906,0.7761401446063313,0.1,0.2,0.2,0.5
55050,mscoco,0.08589676935225725,0.362296366994009,0.12363939173519611,0.44074911879482787,0.1,1.0,0.1,1.0
150,drawbench,0.054922726936638355,0.24983225362272207,0.08933359514921904,0.24867143792786447,0.0,0.0,0.0,0.0
122,drawbench,0.16464040093123913,0.4014514382504349,0.1059581445530057,0.4674237619914081,0.0,0.000125786163522,0.0,4.940955580809328e-05
403464,mscoco,0.3292097270488739,0.8098661634941052,0.26624986045062543,0.6092534629283253,0.2,1.0,0.1,0.25
256809,mscoco,0.22849052622914315,0.5461038319343464,0.28541996479034426,0.5971636870740752,0.0,0.0434782608695652,0.6,0.5
481098,mscoco,0.0874615389853716,0.3087071973669457,0.12775198183953762,0.3661374218398478,0.0,0.0060240963855421,0.0,0.0909090909090909
163289,mscoco,0.1275045271962881,0.3722501729983147,0.12088673021644354,0.5379531817182001,0.0,0.0025839793281653,0.0,0.0476190476190476
383175,mscoco,0.2685061350464821,0.5128825901432145,0.27064909487962724,0.6484506239669107,0.3,0.3333333333333333,0.2,0.3333333333333333
71346,mscoco,0.18741631284356117,0.3840401978130451,0.2759625032544136,0.4866004160679625,0.0,0.0161290322580645,0.1,0.5
15569,mscoco,0.1164997924119234,0.3326179244185449,0.18680707961320878,0.4652807083578574,0.1,0.125,0.3,0.25
314949,mscoco,0.15510497353971003,0.4707634090063864,0.154700930416584,0.5086338408687608,0.1,1.0,0.1,1.0
424018,mscoco,0.08622359968721867,0.41116441065957077,0.0919379111379385,0.32533512714402785,0.3,0.3333333333333333,0.2,1.0
465153,mscoco,0.07340230932459235,0.3114620286072985,0.10363699942827224,0.47986496538740625,0.2,1.0,0.2,1.0
10540,mscoco,0.06662320941686631,0.3193136613917342,0.08546697162091732,0.3421107989341353,0.0,0.0294117647058823,0.0,0.0024509803921568
524401,mscoco,0.09616112597286701,0.2663456733827161,0.19489678665995597,0.42070519662249817,0.1,0.1111111111111111,0.4,0.5
277498,mscoco,0.15164600536227227,0.33477155061396063,0.2536748588085175,0.5967859586124655,0.0,0.0196078431372549,0.1,0.1
393583,mscoco,0.029067309759557246,0.15583265782111994,0.04340040292590856,0.19252522067932687,0.2,0.25,0.2,1.0
151339,mscoco,0.2970671132206917,0.6070719297947653,0.2460402674973011,0.5954554574190499,0.3,1.0,0.2,0.3333333333333333
300509,mscoco,0.0810917815193534,0.31668526799198427,0.17972990348935128,0.4916274369731747,0.1,0.5,0.0,0.0833333333333333
389145,mscoco,0.06704846005886793,0.2601726169421959,0.05870900675654411,0.25617605438848584,0.1,1.0,0.1,1.0
537667,mscoco,0.12660615593194963,0.2632023194212096,0.06978434454649687,0.29390372525438013,0.1,0.5,0.1,1.0
352143,mscoco,0.04492181036621332,0.15606621991943456,0.04356935890391469,0.18134341754858604,0.1,1.0,0.2,0.5
148,drawbench,0.3754190891981125,0.8073654833193121,0.1699979254975915,0.5486328244212643,0.0,0.0,0.0,0.0
355826,mscoco,0.15769744515419007,0.4821007056223498,0.1576133117079735,0.49698664388989944,0.2,1.0,0.1,1.0
251937,mscoco,0.22432980090379714,0.5597037382941713,0.30679368525743483,0.5847978044438813,0.3,1.0,0.3,1.0
135397,mscoco,0.17934852316975594,0.6272270539615535,0.19752724282443523,0.6649853093793641,0.1,1.0,0.1,1.0
394658,mscoco,0.14420638643205166,0.43027798422679747,0.15862999334931374,0.5766843348812859,0.1,0.3333333333333333,0.1,1.0
485709,mscoco,0.22087543457746506,0.6046660756811763,0.12365081952884793,0.258870063407739,0.2,1.0,0.1,0.1428571428571428
504167,mscoco,0.21773292794823645,0.7359729017503995,0.2907292068004608,0.7483123723085863,0.1,1.0,0.0,0.0263157894736842
230644,mscoco,0.09377110488712788,0.24399413953224378,0.08964844904839993,0.26843848791348324,0.1,0.1,0.2,0.3333333333333333
83510,mscoco,0.10624877102673054,0.41363666268170907,0.1429683454334736,0.5610976515212195,0.1,0.1428571428571428,0.0,0.02
401650,mscoco,0.05838356055319309,0.2768843945260533,0.07859486937522889,0.23745106400616275,0.1,0.125,0.1,0.2
136411,mscoco,0.14890494979918004,0.3632731284558442,0.16162425018846988,0.6409186252573782,0.0,0.037037037037037,0.1,0.1666666666666666
176120,mscoco,0.15359227135777473,0.47520474613427566,0.1258961096405983,0.44096659071050914,0.2,0.1111111111111111,0.3,0.25
348134,mscoco,0.06106470376253128,0.20163020746764593,0.09435683954507113,0.40628601919602897,0.3,0.5,0.1,1.0
193398,mscoco,0.0809488570317626,0.36240052973320414,0.05754823051393032,0.28130703735114937,0.0,0.0833333333333333,0.1,1.0
540774,mscoco,0.4098431751132011,0.8133130292469519,0.5659681543707847,0.8506334819686484,0.6,1.0,0.9,1.0
113211,mscoco,0.09989164210855961,0.302720745337487,0.11773071819916367,0.5376881340436064,0.1,0.1111111111111111,0.2,1.0
406749,mscoco,0.056547174230217934,0.2658244661507281,0.04977150829508901,0.26015324193603273,0.2,1.0,0.2,1.0
280551,mscoco,0.07767180930823088,0.29072490506779297,0.10408756081014872,0.4950519118151764,0.1,0.3333333333333333,0.1,1.0
441358,mscoco,0.11119214072823524,0.42443930466450747,0.1836195670068264,0.5370510507021732,0.2,0.2,0.1,0.5
561314,mscoco,0.16343774572014808,0.6330805626913125,0.2785420805215836,0.7889562240074056,0.0,0.0454545454545454,0.6,1.0
130749,mscoco,0.09565138556063175,0.38127047092573174,0.12695195935666562,0.41564642411783537,0.0,0.0769230769230769,0.1,0.3333333333333333
25907,mscoco,0.10839243605732918,0.4328178159849873,0.09444413390010595,0.42865997627989055,0.1,1.0,0.1,1.0
364157,mscoco,0.051753279939293864,0.18668690474492167,0.05531378658488393,0.25062155554208165,0.3,1.0,0.3,0.3333333333333333
327529,mscoco,0.02328651857096702,0.13576689088834584,0.06500718304887414,0.365459418678725,0.1,1.0,0.1,0.3333333333333333
214087,mscoco,0.1460542444139719,0.48923451404053553,0.08928530216217041,0.3864690712116226,0.1,0.25,0.1,1.0
253763,mscoco,0.32178244888782503,0.5874592994919825,0.3632331326603889,0.5805109237120465,0.1,1.0,0.1,1.0
298065,mscoco,0.06637066090479493,0.238700253572582,0.05779615361243486,0.206320934207263,0.1,1.0,0.1,1.0
305803,mscoco,0.24093085452914237,0.5720077601486696,0.3226436167955399,0.6080105363267758,0.0,0.0151515151515151,0.0,0.0454545454545454
173,drawbench,0.08246343433856965,0.3432605335835333,0.3175515756011009,0.6758303872669763,0.0,0.0,0.0,0.0
458339,mscoco,0.1462776243686676,0.49031508082546066,0.15284584909677507,0.48308063171638954,0.0,0.0833333333333333,0.1,0.5
428326,mscoco,0.08671431168913842,0.24957992096177423,0.13894704058766366,0.47581030788955964,0.0,0.0181818181818181,0.0,0.0103092783505154
530201,mscoco,0.19381696060299874,0.620387259062999,0.19313166663050652,0.6149656593230145,0.1,1.0,0.1,1.0
59039,mscoco,0.1482328113168478,0.5539994854335412,0.2014260061085224,0.5735983019260114,0.3,1.0,0.7,0.5
333738,mscoco,0.4361594945192337,0.6996447680430407,0.4476985424757004,0.7623292588456019,0.6,0.5,1.0,1.0
132081,mscoco,0.07307743038982153,0.26890902588533466,0.0630531806498766,0.24849027737415383,0.1,0.25,0.1,0.5
26573,mscoco,0.37783887386322024,0.7687105052897772,0.32621389627456665,0.772380400751885,0.3,1.0,0.4,0.3333333333333333
115893,mscoco,0.27160518430173397,0.6949424829785578,0.24290711879730226,0.823765026989833,0.2,1.0,0.4,1.0
49542,mscoco,0.3018623650074005,0.7894056611251058,0.4729332819581032,0.8828197739158478,0.5,0.25,0.5,0.5
212864,mscoco,0.04374204068444669,0.21258548334389593,0.047130392771214245,0.1504793281280113,0.0,0.0454545454545454,0.0,0.0075187969924812
32967,mscoco,0.2335157196968794,0.7257517048901111,0.24596693366765976,0.723392374539547,0.0,0.0015037593984962,0.2,0.2
98642,mscoco,0.029692914290353655,0.16491472918110373,0.04117589290253818,0.20101913051014975,0.1,0.3333333333333333,0.1,1.0
183719,mscoco,0.22806392163038253,0.5952104558949767,0.2617616057395935,0.6039009147635844,0.0,0.0060240963855421,0.0,0.006060606060606
401307,mscoco,0.22124059572815896,0.5749877122659426,0.2502512902021408,0.6097608525184562,0.2,1.0,0.3,1.0
467612,mscoco,0.3273637294769287,0.6208904506847085,0.3704115986824036,0.6341811918665188,0.6,0.5,0.4,0.3333333333333333
36034,mscoco,0.060532362945377824,0.31937965691656534,0.06076458534225822,0.2117785552645204,0.2,1.0,0.1,0.2
216378,mscoco,0.18718635886907578,0.3611588067212072,0.2131788693368435,0.5544843316667999,0.1,0.5,0.1,1.0
360441,mscoco,0.09107870738953353,0.28383891974717657,0.08107866793870926,0.21550097559871714,0.1,0.1666666666666666,0.1,0.1428571428571428
75057,mscoco,0.19860883373767138,0.713650851522256,0.37682749778032304,0.7545630390175017,0.3,1.0,0.6,1.0
53870,mscoco,0.19046965017914771,0.539310936598424,0.238114570081234,0.6961036856973146,0.1,0.1428571428571428,0.0,0.0161290322580645
253323,mscoco,0.19032325893640517,0.7041712539062964,0.15892263427376746,0.4304693285049181,0.2,0.1666666666666666,0.3,0.5
433270,mscoco,0.22435060441493987,0.643211965038592,0.2666718915104866,0.5162652446860727,0.2,0.125,0.3,1.0
176758,mscoco,0.12291033891960979,0.37493916578655906,0.23881072364747524,0.7517340522593225,0.1,0.2,0.2,1.0
420396,mscoco,0.05444691404700279,0.207310454773664,0.1003000658005476,0.49858844982263195,0.1,0.1428571428571428,0.1,1.0
365792,mscoco,0.3143164798617363,0.771842836213723,0.33314880877733233,0.8163598106769601,0.3,0.5,0.3,1.0
564382,mscoco,0.07195400409400463,0.4230978035693996,0.0485529724508524,0.24459328028107277,0.1,0.5,0.1,1.0
180667,mscoco,0.10000966638326644,0.3407958481486332,0.09971652068197727,0.46654072387936263,0.1,1.0,0.0,0.0020242914979757
154399,mscoco,0.11159126162528991,0.25564405164585313,0.2303246423602104,0.5223742243609948,0.1,0.2,0.0,0.0833333333333333
576537,mscoco,0.1709829170256853,0.4383409789450418,0.26928987056016923,0.689950063768503,0.2,1.0,0.4,1.0
18194,mscoco,0.04599308595061302,0.22078809916439765,0.13757624216377734,0.4923097420384339,0.1,0.1666666666666666,0.2,0.5
278243,mscoco,0.09696409199386835,0.42737982866650936,0.09110640287399292,0.3319325832291811,0.1,0.5,0.1,0.5
253728,mscoco,0.13125666063278912,0.3110428269418282,0.1871308097615838,0.37914948410833726,0.1,1.0,0.1,1.0
306229,mscoco,0.3594789817929268,0.668445704343972,0.4268658056855202,0.7081080217441048,0.6,1.0,0.8,1.0
413277,mscoco,0.2717577576637268,0.7792081107536045,0.32176404595375063,0.7934871028373616,0.1,0.1428571428571428,0.5,1.0
86951,mscoco,0.13263074308633804,0.3688626948124931,0.15551703944802284,0.3958500439158068,0.5,1.0,0.8,1.0
489942,mscoco,0.0830699648708105,0.3950812414243304,0.07257151464000344,0.38368123339172344,0.1,1.0,0.1,1.0
199141,mscoco,0.2589157186448574,0.750347377190871,0.2236453179270029,0.743963446197281,0.4,0.5,0.5,0.5
170336,mscoco,0.15826146006584169,0.48996514021749227,0.26178634688258173,0.6404954915870305,0.1,0.3333333333333333,0.2,0.2
89549,mscoco,0.16376161091029645,0.4913827558927541,0.19774714708328248,0.5868348626141972,0.0,0.0909090909090909,0.1,1.0
372246,mscoco,0.12689246339723467,0.6971523486127164,0.13236435633152724,0.7073742937021092,0.1,1.0,0.1,1.0
535563,mscoco,0.05912874676287174,0.20578416818235631,0.10311361290514469,0.2614818441903338,0.1,1.0,0.1,1.0
228222,mscoco,0.2081572122871876,0.48975396252635306,0.1837722986936569,0.50250683048871,0.4,0.5,0.6,1.0
195353,mscoco,0.267765648663044,0.42434955061581425,0.3299769699573517,0.8286559565355051,0.4,0.3333333333333333,0.5,1.0
58624,mscoco,0.22829574402421712,0.4695168209063304,0.3116305388510227,0.861583292454153,0.1,0.5,0.1,1.0
268900,mscoco,0.155825818143785,0.4533827766243582,0.2023419551551342,0.4995197621021547,0.1,0.125,0.1,0.25
161019,mscoco,0.41288077309727667,0.7325858093389749,0.4483409136533737,0.8019474082486668,0.2,0.3333333333333333,0.4,1.0
379035,mscoco,0.17240119334310294,0.584182076557153,0.20225407779216767,0.5545405567844836,0.0,0.0123456790123456,0.2,0.25
172276,mscoco,0.3023713581264019,0.7900792760213,0.3023025803267956,0.776623201328606,0.1,0.1428571428571428,0.1,0.1111111111111111
271120,mscoco,0.1616310864686966,0.44178589461478796,0.19552540853619577,0.5795221917381868,0.0,0.0555555555555555,0.1,0.1111111111111111
180445,mscoco,0.03978283517062664,0.16893123608001936,0.034041125467047094,0.16246994800000467,0.2,1.0,0.2,1.0
284362,mscoco,0.14546982385218143,0.48802480837870404,0.17205302156507968,0.5475006332955431,0.0,0.0384615384615384,0.1,1.0
466656,mscoco,0.16412352323532103,0.5829829153288582,0.15778709016740322,0.5721092027147643,0.5,1.0,0.5,1.0
271360,mscoco,0.04727234244346619,0.2310937409366785,0.05633272835984826,0.2762152959308871,0.1,1.0,0.0,0.0001578033769922
429290,mscoco,0.17399694845080377,0.4907260083936259,0.3947742164134979,0.6054088139103639,0.0,0.0238095238095238,0.0,0.0769230769230769
464649,mscoco,0.5196339972317219,0.8883406637584406,0.2480075962841511,0.6362570019025292,0.0,0.0666666666666666,0.0,0.02
118260,mscoco,0.09856070801615716,0.21871034963367322,0.12565403059124947,0.5154951115612249,0.0,0.0263157894736842,0.0,0.0120481927710843
337062,mscoco,0.17909644804894925,0.3786444324648301,0.33349755108356477,0.5365028772735955,0.0,0.0625,0.4,0.5
249049,mscoco,0.2186307929456234,0.5384842428921296,0.2100173756480217,0.5275333603906011,0.2,0.3333333333333333,0.1,1.0
497542,mscoco,0.07547210333868862,0.4040419671885403,0.09852332212030887,0.4026227057073458,0.0,0.0123456790123456,0.1,0.5
400940,mscoco,0.11217391081154346,0.400195729312531,0.12762727662920953,0.3776811674544753,0.1,0.3333333333333333,0.1,0.5
254753,mscoco,0.12271822616457939,0.3861972540596493,0.21676619090139865,0.5527902498423819,0.1,0.2,0.1,1.0
550157,mscoco,0.28616235926747324,0.6963768088464238,0.2892792135477066,0.7794082991817947,0.4,1.0,0.5,1.0
113905,mscoco,0.06280105840414762,0.27202572084289367,0.09942622277885675,0.5892954016643387,0.1,0.2,0.3,1.0
471881,mscoco,0.15147438682615758,0.48321404896709647,0.12230881564319133,0.46369367545738954,0.1,1.0,0.1,1.0
524187,mscoco,0.22829246893525124,0.49044135212364115,0.28190954625606535,0.6388022588472583,0.1,0.1111111111111111,0.4,1.0
354409,mscoco,0.0610424755141139,0.26513785979318444,0.04976156358607113,0.2436186459676738,0.1,1.0,0.1,1.0
36713,mscoco,0.13043046556413174,0.48858972721971705,0.15156701281666757,0.5051719187868479,0.1,1.0,0.1,0.5
421005,mscoco,0.1650402992963791,0.44359195372656535,0.14827252067625524,0.437366359132958,0.2,0.25,0.2,1.0
504639,mscoco,0.1820839114487171,0.5100210221008696,0.2102878786623478,0.5489513103448351,0.7,1.0,0.8,1.0
356660,mscoco,0.30347425043582915,0.5576135800056781,0.36785240918397905,0.718704137358321,0.1,0.1111111111111111,0.2,0.2
1792,mscoco,0.38820784986019136,0.8044403702716111,0.45350924134254456,0.8077304736668794,0.7,1.0,1.0,1.0
30409,mscoco,0.09811955951154232,0.3200320925772301,0.16188197508454322,0.52502925988326,0.0,0.0142857142857142,0.1,1.0
254060,mscoco,0.18493319749832154,0.5806792067328855,0.24796353578567504,0.6791168324999372,0.1,0.1111111111111111,0.3,1.0
169340,mscoco,0.09171086605638265,0.47537565495097184,0.12241817787289619,0.4587888447434309,0.1,0.3333333333333333,0.1,1.0
42513,mscoco,0.08586108256131411,0.3684525452930781,0.11816543452441693,0.3253263061279368,0.1,1.0,0.2,0.1428571428571428
402887,mscoco,0.39309325702488424,0.5516529626168267,0.2975633548572659,0.824771616066304,0.1,0.3333333333333333,0.1,0.5
96435,mscoco,0.04650642946362495,0.22859113047976307,0.0401968284510076,0.23187076307693236,0.1,1.0,0.1,1.0
441541,mscoco,0.044897701544687155,0.23164262319233286,0.05609404668211937,0.2522487931804784,0.0,0.0833333333333333,0.0,0.0333333333333333
51663,mscoco,0.18194790091365576,0.6713098787662246,0.2234293229877949,0.7146032132707237,0.1,0.1111111111111111,0.1,0.2
474271,mscoco,0.11214013025164604,0.48202624169524005,0.12846257947385312,0.4716751155531812,0.1,1.0,0.1,1.0
72702,mscoco,0.23218350261449813,0.6521889428919158,0.3258343175053596,0.711628395797462,0.1,1.0,0.1,1.0
182793,mscoco,0.4147558644413948,0.7782478143657813,0.4782328248023987,0.8097445308355982,0.0,0.0113636363636363,0.0,0.0434782608695652
21795,mscoco,0.2074716381728649,0.56079335229798,0.20869281217455865,0.5899565185026294,0.1,1.0,0.1,1.0
566672,mscoco,0.22208647355437278,0.5027651196820998,0.2850030638277531,0.6751831867203479,0.2,0.25,0.5,1.0
2664,mscoco,0.08080303445458412,0.2503212713172982,0.15017598904669285,0.36542141364800046,0.0,0.0625,0.0,0.0476190476190476
333241,mscoco,0.05752345379441977,0.34024195019551956,0.07794534042477608,0.4900685941991175,0.1,1.0,0.1,0.3333333333333333
353402,mscoco,0.10853968504816294,0.3088801461045258,0.15443901307880878,0.5555131088774136,0.0,0.0285714285714285,0.1,0.5
18252,mscoco,0.2759740114212036,0.5939340247924425,0.27199400663375856,0.5370885392520985,0.6,1.0,1.0,1.0
387352,mscoco,0.07118742503225803,0.21873362753743747,0.19427789002656937,0.49653718267352476,0.1,0.5,0.3,0.5
198085,mscoco,0.5865153819322586,0.8224374599947928,0.41594248265028,0.7616011948428877,0.1,0.1428571428571428,0.1,0.5
246625,mscoco,0.5581018626689911,0.7794267286943665,0.5166346162557602,0.6748015783575483,0.5,0.3333333333333333,0.7,1.0
420045,mscoco,0.28781240433454514,0.6009072424844836,0.3040769837796688,0.7343237959278595,0.0,0.0303030303030303,0.0,0.0714285714285714
398225,mscoco,0.16287716180086137,0.45035226858204536,0.23812764137983322,0.6631271139121875,0.1,0.3333333333333333,0.0,0.0909090909090909
132964,mscoco,0.16676921620965005,0.5005983263292371,0.2058818258345127,0.6326554136395778,0.6,1.0,0.9,1.0
344632,mscoco,0.005639670789241791,0.03420507297456514,0.011685483361361548,0.08638656208085442,0.0,0.0285714285714285,0.0,0.0434782608695652
508045,mscoco,0.19853024035692216,0.6167208511369843,0.229925474524498,0.637175886039906,0.3,1.0,0.2,1.0
236936,mscoco,0.031940857879817486,0.15192239672274235,0.03426650604233146,0.16069401543580147,0.0,0.0526315789473684,0.1,1.0
110330,mscoco,0.07472547572106122,0.20882223576615613,0.07329607065767049,0.28248214663706667,0.1,0.5,0.1,0.2
19292,mscoco,0.2988905608654022,0.44652028595744747,0.47207805812358855,0.7604575229880514,0.4,0.2,0.4,1.0
19,drawbench,0.054585459362715485,0.23042786923935035,0.03164167650975287,0.17576244875673808,0.0,0.0,0.0,0.0
345294,mscoco,0.20299309641122817,0.4979685136335084,0.20269927456974984,0.4532535058832107,0.1,0.125,0.2,1.0
250424,mscoco,0.10319226942956447,0.4628398553497756,0.09854866452515125,0.39058361588772805,0.0,0.0136986301369863,0.1,1.0
50583,mscoco,0.08811667878180743,0.3222318463368253,0.06669732490554452,0.27436599786600924,0.2,0.5,0.2,0.5
230879,mscoco,0.17588839456439018,0.41027838387354304,0.19475678876042365,0.4491560429569013,0.0,0.04,0.0,0.0833333333333333
168609,mscoco,0.07000149078667164,0.27984988296814417,0.10888591632246972,0.42479729151246687,0.0,0.0121951219512195,0.1,1.0
175923,mscoco,0.10366250649094581,0.25381701010464147,0.1515736274421215,0.4717576035965669,0.3,0.3333333333333333,0.3,0.2
530248,mscoco,0.1718836184591055,0.6378396058922368,0.22206001207232476,0.6923518862051932,0.2,1.0,0.0,0.0294117647058823
421009,mscoco,0.1288268517702818,0.36318523689297866,0.17376404926180838,0.44405165352345094,0.0,0.0666666666666666,0.1,0.5
450974,mscoco,0.1834527624770999,0.5260435951010017,0.23758894205093384,0.6540003777588849,0.1,0.125,0.2,1.0
34922,mscoco,0.16921638697385788,0.5536226829116059,0.09691634140908718,0.2657039420257681,0.0,0.0625,0.2,0.5
134454,mscoco,0.1972659053746611,0.5262160731925295,0.29590039402246476,0.6239395460715419,0.3,1.0,0.3,0.5
91960,mscoco,0.08708347175270319,0.36258957542399595,0.10111558493226766,0.5983574738457427,0.0,0.03125,0.0,0.0238095238095238
570203,mscoco,0.3130188439041376,0.46364782940992655,0.2713442951440811,0.7067759295873268,0.1,0.125,0.5,1.0
46506,mscoco,0.018227337393909693,0.11348723054566813,0.017320375726558267,0.09976838679333565,0.0,0.0285714285714285,0.1,0.1428571428571428
460202,mscoco,0.1202900568023324,0.47896052677996426,0.11247160956263542,0.372250767237385,0.3,1.0,0.3,0.5
358566,mscoco,0.13156047314405442,0.4616501092430635,0.20103924795985223,0.5620801960211284,0.2,0.5,0.6,0.3333333333333333
205206,mscoco,0.13188624009490013,0.46991278503749495,0.14601255021989346,0.4058854750531096,0.1,0.5,0.0,0.01
342273,mscoco,0.08306865021586418,0.5267574613393098,0.0745338040869683,0.32459836488988236,0.1,0.3333333333333333,0.1,0.1428571428571428
550466,mscoco,0.10543002486228943,0.3288522641941627,0.206301149725914,0.5204231991630608,0.3,1.0,0.5,1.0
303281,mscoco,0.6458082556724548,0.8661282917224861,0.6299304395914078,0.8330874938858861,0.8,1.0,0.9,1.0
464787,mscoco,0.018444800144061448,0.08210889585723924,0.028158507752232255,0.15772502418399195,0.0,0.0625,0.1,0.5
382210,mscoco,0.13525441102683544,0.5214131929673559,0.2563998933881521,0.82551335741034,0.0,0.0078740157480314,0.0,0.0217391304347826
78413,mscoco,0.13274686373770236,0.5045180682572775,0.1844549486413598,0.5990965515016633,0.1,1.0,0.1,0.5
241530,mscoco,0.09032222256064415,0.21447181753217853,0.15330866277217864,0.4820197586580527,0.0,0.0185185185185185,0.0,0.0666666666666666
165419,mscoco,0.41345685720443726,0.7917593837425446,0.44882217347621917,0.8138896220752934,0.4,1.0,0.8,1.0
152776,mscoco,0.0684717658907175,0.38802977624731416,0.06592581341974438,0.3810815515723711,0.1,1.0,0.1,1.0
103320,mscoco,0.1834731049835682,0.5036527084671304,0.24779270142316817,0.5956076960143185,0.1,0.25,0.0,0.0714285714285714
391011,mscoco,0.33615563735365867,0.5564858058891562,0.4922458857297897,0.8665845681440583,0.6,1.0,1.0,1.0
36281,mscoco,0.05931677781045437,0.2224281741808759,0.0947717766277492,0.29245640786282934,0.1,1.0,0.1,1.0
485016,mscoco,0.0595527752302587,0.22301726123366505,0.22148590069264174,0.6846442744630454,0.0,0.0112359550561797,0.0,0.0833333333333333
524392,mscoco,0.5094091400504113,0.8483053242489942,0.5403757989406586,0.8717725574007322,1.0,1.0,0.9,1.0
299123,mscoco,0.29170323461294173,0.7461503988563932,0.3492501229047775,0.6851209104417261,0.4,1.0,0.6,0.5
211905,mscoco,0.04354734858497977,0.2099369472694566,0.027378435898572206,0.16797877048528512,0.1,1.0,0.1,1.0
231381,mscoco,0.2727769538760185,0.7117623989182462,0.2776272058486938,0.7157761166223153,0.3,0.5,0.5,1.0
433896,mscoco,0.0668185506016016,0.3343094127399951,0.059865622268989685,0.3089308552408911,0.1,1.0,0.1,1.0
284259,mscoco,0.10612030327320099,0.3803600666971718,0.12200570479035378,0.40894170445413247,0.2,1.0,0.1,1.0
540283,mscoco,0.416434346139431,0.8040056709495621,0.4047291025519371,0.7545372385156897,0.2,1.0,0.0,0.0769230769230769
425010,mscoco,0.13503906410187483,0.4606991822333017,0.09335654880851507,0.42761337001788363,0.2,1.0,0.4,1.0
170525,mscoco,0.5533751949667931,0.8788609135917589,0.5212926223874093,0.8595608415445294,0.0,0.0434782608695652,0.2,0.125
432216,mscoco,0.20329141654074193,0.5394882149868615,0.296748112142086,0.6207830416230682,0.1,0.2,0.1,0.3333333333333333
142402,mscoco,0.03996608108282089,0.2246503407423106,0.05287877470254898,0.33693325807008195,0.1,1.0,0.1,0.125
90820,mscoco,0.1829961497336626,0.570927165695382,0.13441170025616883,0.5878757195477831,0.0,0.04,0.0,0.0833333333333333
208961,mscoco,0.06133900694549084,0.3469499111452073,0.06663710232824087,0.36212125973861087,0.1,1.0,0.1,1.0
140623,mscoco,0.09073495026677847,0.3315281309318173,0.12689580582082272,0.3862109338924968,0.3,1.0,0.3,0.3333333333333333
312015,mscoco,0.15682990327477456,0.5586477859922218,0.14889781065285207,0.5963957684435736,0.3,0.5,0.2,0.3333333333333333
388399,mscoco,0.33586685806512834,0.776532255478782,0.2939797416329384,0.7021748783148948,0.2,0.3333333333333333,0.1,0.25
126659,mscoco,0.11333601959049702,0.3984662774399681,0.20768907517194748,0.5481390768818517,0.2,0.2,0.4,0.25
234990,mscoco,0.1302174363285303,0.3822974715712209,0.14616166353225707,0.3952212792707124,0.0,0.04,0.2,0.1111111111111111
212445,mscoco,0.402100233733654,0.7504529669446227,0.535569254308939,0.8940578014442928,0.9,1.0,1.0,1.0
540885,mscoco,0.3342917039990425,0.5954163532951952,0.4907189041376114,0.7534067108611366,0.3,1.0,0.5,1.0
276417,mscoco,0.2685481388121843,0.559674466432512,0.3662279799580574,0.6328116328512052,0.1,0.2,0.2,0.1111111111111111
46173,mscoco,0.13188455104827881,0.41074372431062944,0.1843331553041935,0.4096109475514084,0.1,0.3333333333333333,0.0,0.0188679245283018
53641,mscoco,0.10902105206623673,0.4975243615747261,0.08772788029164076,0.3893784221337262,0.2,0.5,0.2,0.1666666666666666
367332,mscoco,0.4093832790851593,0.8180952155881643,0.41825421154499054,0.7353663167340443,0.3,1.0,0.6,1.0
527134,mscoco,0.16692658066749572,0.4686191564199112,0.24698550552129744,0.5417031965535339,0.1,0.3333333333333333,0.1,0.1666666666666666
263970,mscoco,0.041584871150553225,0.19595630902415362,0.11375846117734909,0.36626493839236746,0.0,0.006060606060606,0.1,1.0
485696,mscoco,0.017197156394831836,0.08226179067523826,0.02279874300584197,0.10178742307660812,0.1,1.0,0.1,1.0
118870,mscoco,0.04542257976718247,0.25239849480626253,0.06896879356354475,0.3590143362744982,0.0,0.0909090909090909,0.1,0.5
11332,mscoco,0.3111379472538829,0.768248813072272,0.30764522701501845,0.6862785582233669,0.0,0.0625,0.5,1.0
365523,mscoco,0.05795767353847623,0.30247840091879186,0.08254291247576476,0.2928654665059978,0.1,0.3333333333333333,0.1,1.0
479035,mscoco,0.052266885386779906,0.25967192604753286,0.05956289703026414,0.3540290836865091,0.1,0.1428571428571428,0.0,0.0294117647058823
416098,mscoco,0.14623888321220874,0.7335449128761665,0.16268811374902725,0.5719456536470506,0.1,0.5,0.5,1.0
13284,mscoco,0.04509047158062458,0.2531549742456433,0.03294356749393046,0.23707694873935375,0.1,1.0,0.1,1.0
110435,mscoco,0.07197317220270634,0.2361291059718469,0.0805502587929368,0.2968929180975559,0.1,1.0,0.1,1.0
116694,mscoco,0.15423533990979194,0.48247930444496906,0.2229752391576767,0.6516048822325241,0.1,0.3333333333333333,0.0,0.037037037037037
244410,mscoco,0.18885657638311387,0.4665715823798259,0.3038660794496536,0.6912176733708213,0.3,1.0,1.0,1.0
428992,mscoco,0.06576032126322388,0.2750015876544252,0.06508008763194084,0.3006833580801634,0.2,1.0,0.6,1.0
337902,mscoco,0.18140594139695168,0.46458570000128946,0.17810744196176528,0.43602401936367086,0.8,1.0,0.9,1.0
546074,mscoco,0.09023561934009194,0.3518529151555792,0.11306943502277136,0.45952597680534557,0.0,0.04,0.1,1.0
70033,mscoco,0.0518640274181962,0.2673182021168891,0.043539787922054526,0.21904444826750585,0.6,1.0,0.6,1.0
149268,mscoco,0.1567679475992918,0.41394240378691466,0.16532434597611428,0.4398750755691471,0.0,0.0476190476190476,0.3,0.3333333333333333
431370,mscoco,0.17768845334649086,0.5243334445582654,0.41150294095277784,0.8139690244679902,0.1,0.125,0.2,0.3333333333333333
254387,mscoco,0.08374791536480189,0.26842888898564154,0.09083378799259663,0.2655053446379172,0.2,0.1428571428571428,0.5,0.3333333333333333
177349,mscoco,0.0371074827387929,0.20867392086500017,0.04544664127752185,0.27904849234817464,0.1,0.3333333333333333,0.1,0.1666666666666666
287186,mscoco,0.24169358015060424,0.5788946094559855,0.3720932066440582,0.6929667608119289,0.0,0.0769230769230769,0.1,0.125
328284,mscoco,0.21048255562782286,0.36027119411554503,0.2982827670872211,0.6675131472059241,0.1,0.25,0.1,1.0
50409,mscoco,0.044982812646776435,0.2428108322061635,0.0795990014448762,0.24491180876578617,0.0,0.032258064516129,0.1,0.1111111111111111
399183,mscoco,0.20814506858587264,0.545457638327744,0.3222273737192154,0.6545664248050231,0.1,0.1111111111111111,0.6,0.5
76589,mscoco,0.11522785443812608,0.5134160127409598,0.13450664673000573,0.5602308250711735,0.2,1.0,0.3,1.0
534965,mscoco,0.17761406749486924,0.692686818579172,0.08763853274285793,0.43203602641926087,0.1,0.25,0.0,0.0833333333333333
295759,mscoco,0.061422433331608774,0.2321009810659716,0.05012182518839836,0.17270925264656364,0.0,0.0037735849056603,0.0,0.0526315789473684
131725,mscoco,0.12624623384326697,0.4251496612093651,0.16134794428944588,0.3643885697326183,0.0,0.0588235294117647,0.1,1.0
214123,mscoco,0.145140927657485,0.5913490370262002,0.14056970924139023,0.6414718736918742,0.1,1.0,0.0,0.0625
433075,mscoco,0.07262769443914294,0.4655915548643489,0.07522904071956873,0.4468769749731549,0.1,1.0,0.1,0.1666666666666666
21260,mscoco,0.0931166254915297,0.19516398826366826,0.0760879397392273,0.37230031516070994,0.0,0.0098039215686274,0.1,0.2
312870,mscoco,0.18968021012842656,0.6515066314375398,0.18827603310346602,0.5963494786417367,0.0,0.0476190476190476,0.1,0.25
6824,mscoco,0.29936702102422713,0.6391505612499466,0.3934996992349625,0.6232434882806409,0.7,0.25,0.8,1.0
368014,mscoco,0.19832777455449105,0.6132312961392755,0.22942497804760933,0.46149930026579733,0.3,0.3333333333333333,0.3,1.0
227772,mscoco,0.05870813727378845,0.2131948591689871,0.09238015599548817,0.28293598207832826,0.1,0.1666666666666666,0.3,0.25
276671,mscoco,0.334361357241869,0.7113698910725273,0.4986536860466003,0.8312641338343039,0.2,0.3333333333333333,0.6,0.5
74894,mscoco,0.3046281531453133,0.6692337462975574,0.2883474245667458,0.6052220619472561,0.3,1.0,0.5,1.0
395170,mscoco,0.1654769241809845,0.5051590038936544,0.19110230058431626,0.607563898039905,0.4,0.5,0.6,1.0
362521,mscoco,0.15242594853043556,0.4188972648797665,0.1888895433396101,0.616665860631443,0.0,0.02,0.1,0.2
543838,mscoco,0.0060372120118699964,0.04113121384125612,0.00877772580133751,0.06295675701653423,0.1,1.0,0.1,0.3333333333333333
385580,mscoco,0.06551863066852093,0.25854116472986016,0.1135692142881453,0.4031568181554371,0.0,0.0153846153846153,0.0,0.0714285714285714
448131,mscoco,0.14588956013321877,0.5264611844694708,0.19354003220796584,0.5353715727894356,0.1,0.2,0.6,1.0
33702,mscoco,0.3420119322836399,0.7087933843023547,0.4169714167714119,0.7504568504693007,0.0,0.0555555555555555,0.0,0.0769230769230769
109522,mscoco,0.15474545061588288,0.3891511750372601,0.2518057718873024,0.4575659609367559,0.0,0.0416666666666666,0.0,0.0256410256410256
268444,mscoco,0.1441863499581814,0.4367180339957992,0.21928398683667183,0.7375304857376939,0.2,0.5,0.3,1.0
526105,mscoco,0.1591897454112768,0.6998748040410925,0.16016271337866783,0.6321636928239509,0.0,0.0714285714285714,0.0,0.0833333333333333
538709,mscoco,0.08443874996155501,0.35499648185319527,0.1146741785109043,0.4527716820605326,0.1,0.1666666666666666,0.2,0.5
455856,mscoco,0.02335561892250553,0.141127345016402,0.0181092067155987,0.04841014118857994,0.1,0.5,0.1,0.5
246878,mscoco,0.18689478300511836,0.4103419154659139,0.2832106836140156,0.6940240694839971,0.0,0.0142857142857142,0.4,0.5
361472,mscoco,0.09024033639580012,0.32901773895073705,0.10603169277310372,0.5066549269263627,0.0,0.0384615384615384,0.1,1.0
422240,mscoco,0.05913533642888069,0.22743613566433182,0.06428424827754498,0.25196890986589465,0.1,1.0,0.1,1.0
233073,mscoco,0.10024497248232364,0.4028074885429826,0.08930121790617704,0.38649255662221166,0.1,0.3333333333333333,0.1,1.0
340621,mscoco,0.2089029625058174,0.5886794452335158,0.20301131680607795,0.6383503036603649,0.4,1.0,0.6,1.0
422804,mscoco,0.009045255859382451,0.03952595123016293,0.01661708962637931,0.12208258857939404,0.1,0.1666666666666666,0.1,1.0
440762,mscoco,0.293442839384079,0.5846799300035539,0.4098703309893608,0.7684184827501201,0.1,0.125,0.1,0.1
165907,mscoco,0.1905997697263956,0.5032330404352949,0.19494555070996283,0.5185655690143961,0.4,0.5,0.6,1.0
540006,mscoco,0.02316899914294481,0.13636906893711337,0.014044859923887997,0.08157309652426324,0.1,0.1111111111111111,0.1,1.0
300267,mscoco,0.13797836117446421,0.3887980731011864,0.1704486258327961,0.4837168253219752,0.5,0.5,0.3,1.0
413852,mscoco,0.22979056909680368,0.43096575443080515,0.31813417822122575,0.6835828478775392,0.4,0.25,0.7,1.0
360975,mscoco,0.26474303677678107,0.6398255910734864,0.2312704972922802,0.6818842060634714,0.4,0.25,0.3,1.0
211909,mscoco,0.260617134347558,0.8053782251783355,0.39266667068004607,0.8478272231822878,0.6,1.0,0.8,1.0
66389,mscoco,0.13328153863549233,0.42284247514013557,0.18419135510921478,0.45064427988084993,0.0,0.0030395136778115,0.0,0.0025575447570332
13285,mscoco,0.04919922901317477,0.1828994372682073,0.07537292204797268,0.34594653697927163,0.0,0.009009009009009,0.0,0.0026178010471204
573922,mscoco,0.36600491106510163,0.6716548968602377,0.3313958816230297,0.7776095404487358,0.1,0.125,0.4,1.0
62619,mscoco,0.13555108495056628,0.40579635186603397,0.2755518861114979,0.4974351035161164,0.1,0.1,0.1,1.0
168563,mscoco,0.18654884174466133,0.6436753163403752,0.2215609896928072,0.7615523340109195,0.2,0.25,0.2,0.5
178504,mscoco,0.10812674853950739,0.4411053547902281,0.2137553483247757,0.5273734256024569,0.0,0.0909090909090909,0.1,1.0
176174,mscoco,0.18133721575140954,0.5446805495326286,0.24233714081346988,0.5841957355849062,0.1,0.1666666666666666,0.1,0.5
60903,mscoco,0.08904439806938172,0.40840861741712176,0.16232601627707482,0.4489823650352868,0.1,0.1111111111111111,0.2,1.0
80554,mscoco,0.14369357898831367,0.4807174900254718,0.30257566571235656,0.7688022718174321,0.0,0.0714285714285714,0.2,0.3333333333333333
494852,mscoco,0.13680791445076465,0.47312487308158385,0.19855802729725838,0.4411094520240997,0.4,1.0,0.3,1.0
272832,mscoco,0.07206479571759701,0.24575330298381678,0.17073214687407018,0.46755215109445747,0.1,0.3333333333333333,0.1,1.0
497002,mscoco,0.07038938328623771,0.36648617456313803,0.05565170764457435,0.2086315775408942,0.1,0.5,0.0,0.0526315789473684
473918,mscoco,0.0573787285014987,0.24890417514962476,0.06059905625879765,0.25394807843671435,0.0,0.0454545454545454,0.1,0.5
78681,mscoco,0.16290296763181686,0.6389912122180506,0.15091142430901527,0.5146137006123666,0.5,1.0,0.5,1.0
261323,mscoco,0.14658720679581166,0.46003732188280255,0.1680706102401018,0.5504085073977989,0.0,0.0476190476190476,0.1,1.0
489482,mscoco,0.1361641503870487,0.3778084545482574,0.1619616501033306,0.44034127088008734,0.0,0.0909090909090909,0.1,0.5
513966,mscoco,0.06372137386351824,0.29436199155325654,0.18728719651699066,0.5781220107297543,0.1,0.2,0.0,0.04
326202,mscoco,0.17071878761053086,0.5912580138587105,0.19558846205472946,0.6060370615617695,0.3,1.0,0.3,1.0
394159,mscoco,0.3904794901609421,0.7532782136490062,0.46610878109931947,0.7742120884024405,0.1,0.3333333333333333,0.2,0.3333333333333333
392320,mscoco,0.284222206287086,0.6360639986577589,0.26246238462626936,0.7728010648004664,0.7,1.0,0.6,1.0
428301,mscoco,0.20429828092455865,0.6503196772248809,0.1847609132528305,0.5776208796929254,0.3,1.0,0.3,1.0
304217,mscoco,0.1874791307374835,0.5955644419723464,0.171602014452219,0.5709355975148074,0.0,0.0217391304347826,0.0,0.0133333333333333
332131,mscoco,0.3634918063879013,0.6712437524084093,0.47981018126010894,0.7303658075574535,0.6,1.0,0.7,1.0
316336,mscoco,0.1503784466534853,0.3658830565027072,0.20365333706140518,0.45546343226075264,0.1,0.3333333333333333,0.1,1.0
575331,mscoco,0.09140715170651674,0.3996663082133191,0.06959671471267939,0.3385676653658618,0.0,0.0476190476190476,0.1,1.0
357578,mscoco,0.29170901924371717,0.5470866717448573,0.43673275262117384,0.8331934119323439,0.0,0.0625,0.2,0.25
201714,mscoco,0.41178134381771087,0.7999774561348861,0.3001378163695335,0.6724135724145928,0.5,1.0,0.3,1.0
76899,mscoco,0.22050407752394677,0.5687303837711093,0.19623891003429889,0.5249294704572703,0.1,0.1666666666666666,0.0,0.0175438596491228
461445,mscoco,0.31911599785089495,0.7343446000500008,0.41989644467830656,0.7151576085260154,0.2,0.3333333333333333,0.1,1.0
317431,mscoco,0.31493188068270683,0.8873217616507801,0.41822145134210587,0.866518687913429,0.9,1.0,0.9,1.0
74,drawbench,0.17562751844525337,0.5081209566065247,0.26601231172680856,0.7191146491780357,0.0,0.0128205128205128,0.0,0.0181818181818181
413172,mscoco,0.095002431422472,0.3418456341279433,0.18684015348553656,0.7897077215697696,0.1,0.1428571428571428,0.4,0.3333333333333333
346754,mscoco,0.09292111806571483,0.3038594109752993,0.12204963751137257,0.4460800126707558,0.0,0.0038167938931297,0.0,0.0014245014245014
142349,mscoco,0.3702230520546436,0.7922458013427498,0.3185717914253473,0.7325766542258282,0.1,0.1666666666666666,0.3,0.25
495947,mscoco,0.12839055210351943,0.4093838869243447,0.17936938554048537,0.495254996235584,0.0,0.0454545454545454,0.0,0.0416666666666666
105344,mscoco,0.23977211713790894,0.46466535701100464,0.26055323556065557,0.7030449551932327,0.2,0.25,0.5,1.0
466024,mscoco,0.27394737377762796,0.6904123596962185,0.3414145201444626,0.7176996722688689,0.7,1.0,1.0,1.0
579165,mscoco,0.07559757977724076,0.2781438080915808,0.14460989609360694,0.453922395906343,0.1,0.2,0.0,0.0256410256410256
323868,mscoco,0.18995538875460624,0.5430319013720583,0.3889435112476349,0.7467699133590282,0.1,0.1666666666666666,0.7,1.0
119947,mscoco,0.09615622721612453,0.38222419913571526,0.1422900203615427,0.5557217516355655,0.1,1.0,0.1,0.5
536201,mscoco,0.03125359565019607,0.13687483114942128,0.03970207655802369,0.15122691106752337,0.1,1.0,0.1,1.0
151432,mscoco,0.30814256221055986,0.7809541308579024,0.3027897089719772,0.6908223964449187,0.5,1.0,0.3,0.3333333333333333
50972,mscoco,0.17520265486091374,0.7338845370428307,0.16490591540932656,0.46282892185172897,0.2,1.0,0.2,0.3333333333333333
222361,mscoco,0.27799771875143053,0.5971837945966613,0.2992317512631416,0.5942471896396804,0.4,0.25,0.7,1.0
183,drawbench,0.04778951909393072,0.26546594752575614,0.035939321480691434,0.17069279204575336,0.0,0.0,0.0,0.0
356654,mscoco,0.11398845110088587,0.514289380086018,0.11900239922106266,0.4975234023209816,0.1,1.0,0.0,0.0526315789473684
12377,mscoco,0.03673480860888958,0.20014684322657136,0.02853282056748867,0.1394829393884468,0.1,0.25,0.1,1.0
62589,mscoco,0.36364056915044785,0.7876620378228011,0.3206184424459934,0.7900618451128453,0.4,1.0,0.5,1.0
175,drawbench,0.07091788742691278,0.31995370431489306,0.0965403406880796,0.27126579587461974,0.0,0.0,0.0,0.0
97569,mscoco,0.032952865771949294,0.15571674589662587,0.05228474177420139,0.28913350473702387,0.1,0.1111111111111111,0.2,0.3333333333333333
118342,mscoco,0.265838897973299,0.65970909106124,0.240933421254158,0.54736963086904,0.5,1.0,0.7,0.5
226348,mscoco,0.2139543205499649,0.7527130936832795,0.2706265993416309,0.6787145374643674,0.1,0.5,0.1,1.0
507833,mscoco,0.030768066504970194,0.18414441935757214,0.023270970792509615,0.1701949868125241,0.1,1.0,0.1,1.0
509503,mscoco,0.10021097734570503,0.23672048899746131,0.08726181397214532,0.4345465225625345,0.4,1.0,0.3,0.5
265447,mscoco,0.10818821787834168,0.45135134286093753,0.1122648186981678,0.40699249398439874,0.6,1.0,0.6,1.0
39398,mscoco,0.28461279943585394,0.5356253373280848,0.4920735538005829,0.7538821970528319,0.1,0.5,0.2,1.0
475667,mscoco,0.26617483198642733,0.644136614530702,0.2391222298145294,0.6284436008519413,0.3,0.3333333333333333,0.3,0.5
110829,mscoco,0.10699030384421349,0.43068379041227284,0.09777938686311245,0.38849905349490743,0.0,0.0434782608695652,0.2,1.0
423830,mscoco,0.26321939639747144,0.7654313882409406,0.25025803297758104,0.7535748004121917,0.1,0.125,0.2,1.0
159567,mscoco,0.1992627874016762,0.36413708180220977,0.22619788348674774,0.6965152724142147,0.1,1.0,0.0,0.003012048192771
67422,mscoco,0.3139717325568199,0.5353251114070013,0.3211309775710106,0.6390701632443943,0.3,0.5,0.3,0.5
449210,mscoco,0.23265936225652695,0.599804879731477,0.351756851375103,0.6264738902521998,0.1,0.2,0.4,1.0
561386,mscoco,0.0885030568111688,0.24680927968809616,0.25299381874501703,0.5105263739707621,0.2,0.2,0.2,0.25
136267,mscoco,0.28602825328707693,0.571938479242106,0.30984590500593184,0.6742959801020866,0.8,1.0,0.6,0.5
147294,mscoco,0.23346730172634125,0.4413145932573553,0.3907200783491135,0.49723008762621385,0.1,0.2,0.2,0.5
127074,mscoco,0.23047200888395308,0.6241629532944319,0.3067427590489388,0.7381978473410924,0.3,1.0,0.6,1.0
355593,mscoco,0.08777819778770209,0.3411105027208868,0.1305663138628006,0.535380905213917,0.0,0.0005411255411255,0.0,0.0078740157480314
82,drawbench,0.19331465363502504,0.553774077077008,0.31697230115532876,0.6802556828698251,0.1,0.1666666666666666,0.0,0.032258064516129
97614,mscoco,0.1741729199886322,0.6607521531060714,0.258723870664835,0.6543512008828012,0.0,0.0196078431372549,0.0,0.0555555555555555
548219,mscoco,0.2902882292866707,0.8235896043287707,0.26521793007850647,0.7883933728143891,0.4,0.5,0.4,1.0
232031,mscoco,0.06243480667471886,0.2728907486414966,0.06492793373763561,0.29082908292795717,0.1,0.5,0.0,0.0526315789473684
212047,mscoco,0.052721611317247154,0.24626688489401008,0.05764775238931179,0.2612252563993798,0.1,1.0,0.1,1.0
532520,mscoco,0.03521619513630867,0.1574025590919946,0.032049978896975514,0.13921113333167878,0.2,0.3333333333333333,0.1,0.25
202923,mscoco,0.2614728627726436,0.5032462325015931,0.35242298543453215,0.7348468775170798,0.4,0.25,0.3,0.1666666666666666
32675,mscoco,0.2869385562837124,0.7680216136188187,0.25776420086622237,0.7373778079823478,0.1,1.0,0.1,1.0
280112,mscoco,0.3054993599653244,0.6931834198503565,0.3464426249265671,0.5615740991360801,0.3,0.3333333333333333,0.2,1.0
230982,mscoco,0.05743546029552817,0.22051108360262017,0.08235796317458152,0.29266779916518776,0.1,0.5,0.0,0.0714285714285714
104340,mscoco,0.017394102946855127,0.06666169765299175,0.034862731397151944,0.1712582383438971,0.0,0.0256410256410256,0.1,1.0
444912,mscoco,0.029455099860206245,0.16300969679242264,0.06712509137578308,0.4377420545023364,0.0,0.0833333333333333,0.1,0.1666666666666666
210071,mscoco,0.2662565141916275,0.6628709011920083,0.276353781670332,0.6250965264134548,0.9,1.0,1.0,1.0
541203,mscoco,0.17183835338801146,0.604700113940818,0.1971483550965786,0.4232677651115232,0.1,0.1,0.2,1.0
64626,mscoco,0.13901726752519608,0.4450868121939872,0.22628500163555146,0.63847398923771,0.1,0.1111111111111111,0.0,0.0555555555555555
224060,mscoco,0.25636250227689744,0.598323803842917,0.16615835279226304,0.5887207594632446,0.1,1.0,0.1,1.0
411028,mscoco,0.16111722588539124,0.37433757997775835,0.2737753354012966,0.6553927462562956,0.4,1.0,0.5,1.0
228712,mscoco,0.05459324438124895,0.29809015296174507,0.047382448334246874,0.2563897159808205,0.1,0.125,0.0,0.0256410256410256
170365,mscoco,0.2149190954864025,0.560867315331079,0.2070411577820778,0.5646132365644799,0.0,0.0769230769230769,0.1,0.125
346403,mscoco,0.2653221219778061,0.6964979698661022,0.43903852105140684,0.7852908010293441,0.0,0.0163934426229508,0.2,1.0
265597,mscoco,0.511888837814331,0.8444385291576284,0.4542779177427292,0.7200996645953741,1.0,1.0,0.9,0.5
11504,mscoco,0.10306930691003799,0.3345942441815686,0.15887526720762252,0.5732086322365838,0.1,0.125,0.2,0.3333333333333333
546010,mscoco,0.06939450222998858,0.25259589521046444,0.0683616531547159,0.379795033739626,0.1,1.0,0.1,0.5
287003,mscoco,0.25575115866959097,0.7949740409546825,0.3181807667016983,0.6886715915628198,0.1,1.0,0.3,0.5
485406,mscoco,0.07840467023197562,0.4770707252507057,0.11249865666031837,0.36363684444517497,0.0,0.0416666666666666,0.1,1.0
299051,mscoco,0.2014283500611782,0.5348375286867167,0.28242823407053946,0.6889249731399871,0.3,1.0,0.5,1.0
67,drawbench,0.02105853701941669,0.0878771271417789,0.0710006441688165,0.5382481946656472,0.0,0.0,0.0,0.0
107481,mscoco,0.2969646222889423,0.5628560133629845,0.36738737523555753,0.714296290990569,0.4,0.3333333333333333,0.5,1.0
160968,mscoco,0.4122766643762589,0.6954678610337298,0.32731077671051023,0.668468606856018,0.1,0.1428571428571428,0.1,0.3333333333333333
447983,mscoco,0.11158021576702595,0.3593753191986958,0.13428782168775796,0.4144486942930152,0.1,1.0,0.1,1.0
192651,mscoco,0.16280078291893005,0.4874262169213796,0.2326819457113743,0.5394863945234385,0.3,0.5,0.5,1.0
341856,mscoco,0.11038708789274096,0.5189387852380306,0.13039923682808877,0.5931995650855726,0.3,0.5,0.2,1.0
45809,mscoco,0.1522807538509369,0.4894466613185015,0.16924711354076863,0.47524955148025383,0.6,1.0,0.6,1.0
552089,mscoco,0.0968633490614593,0.48850043125119563,0.060986651480197905,0.2097658812416547,0.1,0.1111111111111111,0.1,0.1
24097,mscoco,0.12962360978126525,0.5480169316055269,0.1009849114343524,0.5187148074993847,0.1,1.0,0.1,1.0
433451,mscoco,0.20502106072381138,0.4666206782920724,0.19586056768894194,0.43777204248122725,0.0,0.0909090909090909,0.1,0.1666666666666666
547100,mscoco,0.10284473653882742,0.40741001521642967,0.07503576800227166,0.35080433936221017,0.1,1.0,0.1,1.0
485595,mscoco,0.04557816432788968,0.2081658551811811,0.06353368526324629,0.27159078369163053,0.1,0.5,0.1,1.0
266209,mscoco,0.1541491262614727,0.35641755591166807,0.18705662041902543,0.41880213919193227,0.2,0.3333333333333333,0.8,1.0
559754,mscoco,0.07214387818239629,0.3304314824903221,0.044548799050971866,0.1764359138395123,0.3,0.25,0.5,1.0
253848,mscoco,0.21086227223277093,0.5607270048509713,0.1836151547729969,0.5283718889669563,0.0,0.0434782608695652,0.1,0.1666666666666666
51487,mscoco,0.05684776548296213,0.3011311085913226,0.07459608763456345,0.3074997397706863,0.1,1.0,0.1,1.0
8725,mscoco,0.24361867234110832,0.49870461587639503,0.2329747460782528,0.5666126319158008,0.0,0.003690036900369,0.0,0.0909090909090909
115,drawbench,0.1880762580782175,0.6891595853154754,0.1737992912530899,0.6731097956194814,0.0,0.0,0.0,0.0
168833,mscoco,0.2078782834112644,0.536563256830621,0.30725971460342405,0.564329418853877,0.0,0.02,0.0,0.0357142857142857
248682,mscoco,0.28032537512481215,0.553567939573965,0.3336551636457443,0.6895831689750794,0.6,0.5,0.8,1.0
488032,mscoco,0.2877077080309391,0.6740123177762812,0.4139380544424057,0.7172019440376022,0.3,1.0,0.6,1.0
24242,mscoco,0.09606988430023193,0.2960901495082534,0.21379190385341645,0.4880014480119369,0.0,0.05,0.5,1.0
150546,mscoco,0.13737653978168965,0.47708353089828415,0.13272801227867603,0.5714639304286719,0.1,0.5,0.1,1.0
67563,mscoco,0.44338412284851075,0.7649207398558702,0.38692095428705214,0.7930913755106295,0.2,1.0,0.0,0.0833333333333333
36783,mscoco,0.2987571440637112,0.7881288032968893,0.3476709805428982,0.7044571802160147,0.0,0.0040485829959514,0.1,0.1428571428571428
216015,mscoco,0.19328827038407326,0.5951441853251094,0.1932382185012102,0.606121261765497,0.2,1.0,0.1,1.0
530904,mscoco,0.08857322596013546,0.5175689788376137,0.1049913777038455,0.4468225427526065,0.3,0.3333333333333333,0.3,1.0
15356,mscoco,0.19336359426379204,0.49113785695770623,0.24636697843670846,0.6697599713695005,0.4,0.3333333333333333,0.4,1.0
213809,mscoco,0.07271792776882649,0.3293871699303866,0.06339091341942549,0.31786977799943,0.1,1.0,0.1,1.0
407057,mscoco,0.048752762470394374,0.1971748127959937,0.05047910064458847,0.28222106281552645,0.4,1.0,0.3,1.0
229142,mscoco,0.25256911665201187,0.6051878449152085,0.26722084879875185,0.7398075934274838,0.1,0.3333333333333333,0.1,0.1428571428571428
307990,mscoco,0.18434014096856116,0.38731146183899556,0.3057957738637924,0.5442123868340644,0.3,0.25,0.2,0.5
185,drawbench,0.06244946736842394,0.2886742877635079,0.06235702405683696,0.30120818554685835,0.0,0.0,0.0,0.0
318820,mscoco,0.08238232461735606,0.3770959869038255,0.06938343308866024,0.3722434767621675,0.1,1.0,0.1,1.0
575303,mscoco,0.061831597425043586,0.29933505878899913,0.0707754010334611,0.30058991363886206,0.1,1.0,0.1,1.0
578094,mscoco,0.09266368877142668,0.4061041038615036,0.105004264973104,0.42382396630410457,0.4,1.0,0.7,1.0
54611,mscoco,0.10467389412224293,0.23318360656387682,0.14372567273676395,0.5191068125159394,0.2,0.3333333333333333,0.7,1.0
5903,mscoco,0.1540041094645858,0.6018179299827395,0.1575627565383911,0.5920745295151035,0.2,1.0,0.1,1.0
238603,mscoco,0.2934033066034317,0.5232539153076069,0.4237742245197296,0.807497021769181,0.3,0.1666666666666666,0.7,1.0
113089,mscoco,0.08943651467561722,0.38893638284077287,0.14849740788340568,0.4537947777703877,0.1,1.0,0.1,1.0
381759,mscoco,0.03806146178394556,0.1997590755032211,0.07522470392286777,0.23493929293289317,0.0,0.0104166666666666,0.1,0.5
486580,mscoco,0.22948627769947053,0.5349438680438278,0.28878157734870913,0.6281182962659054,0.0,0.0434782608695652,0.2,0.25
480720,mscoco,0.39020656123757363,0.7635986623577711,0.46658040285110475,0.8044884586706413,0.6,0.3333333333333333,0.5,1.0
289140,mscoco,0.026848764345049857,0.11705566434554994,0.024066895619034766,0.09076087891915038,0.1,0.2,0.1,0.3333333333333333
91719,mscoco,0.21182165965437888,0.39076309695076006,0.3462502971291542,0.6149216856528814,0.2,0.3333333333333333,0.8,1.0
8944,mscoco,0.21183523014187813,0.6347288935282813,0.19590224474668502,0.44573638103249413,0.1,0.3333333333333333,0.0,0.0833333333333333
468742,mscoco,0.14717338420450687,0.42334630181471794,0.17382886745035647,0.41597423904235725,0.3,1.0,0.3,1.0
512723,mscoco,0.35659266263246536,0.7588394016581212,0.3860945522785187,0.7484038107812573,0.5,1.0,0.8,1.0
167962,mscoco,0.2634542122483253,0.4877250464735085,0.39353967905044557,0.7779028555541876,0.2,0.1666666666666666,0.4,0.3333333333333333
132161,mscoco,0.1617272228002548,0.5527933351925294,0.16658046301454305,0.5689318480050927,0.0,0.0416666666666666,0.1,1.0
260336,mscoco,0.12216096557676792,0.4213933965535664,0.11877705231308937,0.405031960625521,0.6,1.0,0.8,1.0
320429,mscoco,0.2073678620159626,0.415781094709506,0.27212562710046767,0.6387670966586921,0.1,0.1,0.2,1.0
465893,mscoco,0.14001066647469998,0.34220199407775714,0.2263767398893833,0.5522555882292863,0.2,0.1666666666666666,0.5,0.3333333333333333
34183,mscoco,0.10760971941053868,0.4553691704177063,0.10129305748268962,0.49197970755301507,0.2,1.0,0.2,1.0
531404,mscoco,0.01230753231793642,0.07125963357249959,0.018289780360646546,0.11164564107058192,0.0,0.015625,0.1,0.1666666666666666
551651,mscoco,0.11657631546258926,0.3639566547209406,0.1592620112001896,0.367749035266429,0.1,0.1428571428571428,0.2,0.5
140921,mscoco,0.362198568880558,0.8809684708951087,0.47919757664203644,0.8871136370037104,0.2,1.0,0.2,1.0
449780,mscoco,0.2859684094786644,0.5173688149564524,0.39626524746418,0.8357283948019992,0.1,0.1666666666666666,0.0,0.0588235294117647
560326,mscoco,0.17727770060300826,0.43279225009184635,0.20939508751034736,0.6160036714550058,0.2,0.5,0.3,1.0
440813,mscoco,0.033927570562809706,0.1279352894617564,0.04918462599162012,0.2275086749854801,0.1,0.5,0.1,0.25
126,drawbench,0.2490388423204422,0.5365315327687213,0.2628982484340668,0.6369434529642103,0.0,1.321684883889983e-05,0.0,4.428305730227615e-05
44,drawbench,0.21150558292865754,0.46207217992206595,0.2751487471163273,0.68751756632419,0.0,2.0200795911358907e-05,0.0,0.0002699784017278
174417,mscoco,0.04996798043139279,0.216183275527481,0.05819159736856818,0.32923273980112816,0.1,1.0,0.1,0.5
423215,mscoco,0.10405094884335994,0.34205591464931684,0.2110058281570673,0.6079456494260358,0.0,0.0017094017094017,0.0,0.0588235294117647
478090,mscoco,0.16123558655381204,0.4002100979579727,0.17369667813181877,0.4931861423538612,0.0,0.0588235294117647,0.1,0.1666666666666666
83034,mscoco,0.03282065084204078,0.21892896353925287,0.08154020234942436,0.3872532307043066,0.1,1.0,0.0,0.0833333333333333
325568,mscoco,0.15554786548018457,0.4185939326247265,0.25463819205760957,0.507433894792878,0.0,0.0010660980810234,0.0,0.0007107320540156
517603,mscoco,0.2169004265218973,0.6447138393552223,0.30425857827067376,0.8244723576277293,0.4,0.25,0.1,0.2
460287,mscoco,0.16526469960808754,0.6713512960220467,0.19998960755765438,0.6398312568157775,0.2,1.0,0.2,1.0
337546,mscoco,0.21178947985172272,0.5289032046973497,0.29273415058851243,0.6606826807999259,0.1,0.1111111111111111,0.3,1.0
389491,mscoco,0.4219547763466835,0.787458831453149,0.5114286363124847,0.7873647651001617,0.0,0.024390243902439,0.2,0.5
557451,mscoco,0.09362377692013979,0.5087873153007069,0.0785231688991189,0.3340876450504964,0.2,1.0,0.2,1.0
20414,mscoco,0.1771347600966692,0.6213785858238238,0.19980424121022225,0.6263110888195047,0.4,1.0,0.7,1.0
402603,mscoco,0.17265567928552628,0.6710517880961175,0.17522003278136253,0.5169735324412117,0.1,0.5,0.1,1.0
93116,mscoco,0.08540228847414255,0.3322814264383531,0.09455290092155337,0.3508273845555658,0.3,0.25,0.4,1.0
202143,mscoco,0.0912164218723774,0.3343258010815139,0.24353767931461334,0.519264284146672,0.4,0.5,0.8,1.0
477526,mscoco,0.33492535501718523,0.7278052480242531,0.3431698098778725,0.740800516695847,0.2,1.0,0.3,1.0
557388,mscoco,0.22541903853416442,0.5930915588884615,0.2584212228655815,0.6542580996891914,0.5,1.0,0.2,1.0
120254,mscoco,0.2014693148434162,0.5812717531929846,0.25983856692910196,0.6364565499050995,0.1,0.1666666666666666,0.2,0.25
188606,mscoco,0.18349579758942128,0.6950187161595086,0.18388287499547004,0.719234901730372,0.0,0.037037037037037,0.1,0.1
490336,mscoco,0.15661005303263664,0.3909804561674398,0.2351720742881298,0.5682694223660747,0.1,0.3333333333333333,0.4,0.5
82731,mscoco,0.05052753072232008,0.19828723839460508,0.07581949215382337,0.24742287832784657,0.1,0.1428571428571428,0.1,0.1
46674,mscoco,0.05668419620487839,0.2552222162954907,0.06933860983699561,0.25529453322935525,0.1,1.0,0.1,1.0
534366,mscoco,0.17463898956775664,0.5847137044681063,0.2622499465942383,0.6162122159189991,0.2,1.0,0.3,1.0
493774,mscoco,0.02806490785442293,0.14868807048409075,0.036439927434548734,0.15876770737719378,0.0,0.0833333333333333,0.2,0.5
417547,mscoco,0.11873347032815218,0.38474017111434816,0.15741750318557024,0.4308588557593555,0.0,0.0344827586206896,0.0,0.0119047619047619
63556,mscoco,0.039571091532707214,0.14088007824658386,0.061646617203950885,0.2822004448456301,0.1,0.3333333333333333,0.1,1.0
479036,mscoco,0.1811645071953535,0.7132539950580694,0.1567714735865593,0.6327259477066703,0.4,1.0,0.4,1.0
515424,mscoco,0.16434518843889237,0.4752478375688453,0.30249582380056383,0.6394116847529254,0.2,0.5,0.1,0.25
320899,mscoco,0.060019439086318016,0.22070284893759654,0.12094439677894116,0.460617260846026,0.1,0.125,0.1,0.125
353378,mscoco,0.10761373490095139,0.4566146049978707,0.09298136681318284,0.40184329447506134,0.1,1.0,0.1,1.0
26517,mscoco,0.2590331144630909,0.626566865357416,0.3250215768814087,0.6788606988221723,0.1,0.2,0.2,1.0
559912,mscoco,0.2568691685795784,0.5982719706568081,0.2531894758343697,0.6459881817206501,0.4,0.2,0.5,1.0
5913,mscoco,0.18837547898292542,0.4779013452942042,0.20086317155510186,0.7611506824875202,0.0,0.0833333333333333,0.0,0.0625
390474,mscoco,0.2537968151271343,0.5740680523237071,0.2470684640109539,0.7142818461938779,0.5,0.5,0.6,1.0
235062,mscoco,0.20668309703469276,0.5335642104782966,0.17814713902771473,0.4761831166975336,0.2,0.3333333333333333,0.2,1.0
313015,mscoco,0.018309789802879096,0.08742108912888402,0.021442759642377497,0.11471729662007267,0.1,0.2,0.1,1.0
397857,mscoco,0.04954745233990252,0.3463868007075392,0.06353133479133248,0.37227238846981414,0.1,1.0,0.1,1.0
550140,mscoco,0.22616499215364455,0.493954510169996,0.2310467954725027,0.5664592862738289,0.7,0.25,0.5,0.5
461836,mscoco,0.27193512618541715,0.43683111171888683,0.3131588250398636,0.6541484234989097,0.0,0.0666666666666666,0.0,0.0714285714285714
106,drawbench,0.10310369823127985,0.42787975871355954,0.22975247353315353,0.647256653637341,0.0,0.02,0.1,0.1666666666666666
81779,mscoco,0.14511561319231986,0.4975219353213637,0.22773604094982147,0.7954119444397347,0.1,0.5,0.1,0.25
215134,mscoco,0.4153194293379784,0.601203266734536,0.5600594282150269,0.8019509492512831,0.1,0.3333333333333333,0.1,0.25
523309,mscoco,0.04429569514468312,0.19566507908474123,0.07529018791392446,0.533202509868086,0.0,0.0833333333333333,0.0,0.0833333333333333
171,drawbench,0.06853530276566744,0.2693993713053506,0.08996084406971931,0.37528626423837064,0.0,0.0,0.0,0.0
380500,mscoco,0.2421116054058075,0.5271475242274144,0.2557873211801052,0.7488250624829931,0.0,0.0192307692307692,0.2,1.0
156128,mscoco,0.346683019772172,0.8882098267387686,0.3881541334092617,0.8440310014469855,0.2,1.0,0.4,1.0
125908,mscoco,0.18968386873602866,0.5824655654735145,0.2612794958055019,0.6786446665425316,0.4,0.5,0.4,0.5
488303,mscoco,0.13249270468950272,0.4782301984405984,0.14355536177754402,0.39961518747109953,0.1,0.3333333333333333,0.0,0.0476190476190476
49725,mscoco,0.17873742878437043,0.468509847809095,0.20232199244201182,0.648870722222826,0.1,0.5,0.1,0.5
556363,mscoco,0.08437023591250181,0.3202699030006446,0.06681164745241404,0.25176541381503786,0.1,1.0,0.1,0.1428571428571428
279947,mscoco,0.18728166669607163,0.42818897742072587,0.1885273650288582,0.5024978418070916,0.3,0.5,0.6,1.0
139083,mscoco,0.3016843285411596,0.5248061912884259,0.40089879781007765,0.7992780993438666,0.2,0.3333333333333333,0.0,0.0666666666666666
325055,mscoco,0.127793962135911,0.4219389377522941,0.1135746505111456,0.3026804660025449,0.3,0.25,0.3,0.3333333333333333
483311,mscoco,0.5382567584514618,0.8022786647782413,0.6221024915575981,0.8680577212387909,0.8,1.0,0.8,0.5
206410,mscoco,0.14461489357054233,0.4213743202586506,0.15985859371721745,0.443995881020172,0.2,1.0,0.0,0.0212765957446808
270290,mscoco,0.06373614063486457,0.34771036323961957,0.05609487807378173,0.27457691469544365,0.3,1.0,0.3,1.0
542937,mscoco,0.0923005297780037,0.4014137991594286,0.097195802628994,0.3655178086707391,0.2,0.25,0.1,0.2
109178,mscoco,0.058948191720992325,0.31060410865737287,0.06616644021123648,0.25482634434618867,0.9,1.0,1.0,1.0
286116,mscoco,0.06500080898404122,0.31072702821282927,0.0657196907326579,0.2731973270205992,0.2,0.1428571428571428,0.3,1.0
369557,mscoco,0.18601264543831347,0.5913345180326842,0.2291644260287285,0.5959441010640399,0.2,0.5,0.5,1.0
195810,mscoco,0.21939123943448066,0.7343737742356811,0.2121596544981003,0.4219186128102082,0.1,1.0,0.1,0.5
561907,mscoco,0.0824060469865799,0.35524596591788177,0.07556927418336272,0.4166044670071837,0.0,0.03125,0.0,0.0010604453870625
100083,mscoco,0.08676146399229764,0.39174035148068354,0.08092233408242464,0.35128924155237096,0.9,1.0,0.5,1.0
427113,mscoco,0.11317508351057767,0.46658818343128083,0.17504767291247844,0.5470790344566344,0.3,1.0,0.5,1.0
504670,mscoco,0.11883418262004852,0.377977417243455,0.10441119149327278,0.28589130189389417,0.0,0.0384615384615384,0.0,0.04
171656,mscoco,0.10271394327282905,0.5309363284911457,0.13498626444488765,0.47582829694527645,0.1,0.1428571428571428,0.1,1.0
337011,mscoco,0.041451879870146514,0.18133792336584,0.03631457090377808,0.14274747154075526,0.0,0.0344827586206896,0.1,0.5
452031,mscoco,0.05448953052982688,0.20728518751383657,0.09553389884531498,0.3656342971373975,0.1,1.0,0.0,0.0769230769230769
59593,mscoco,0.21557165533304215,0.6847456083861303,0.23485628478229045,0.7880191602719726,0.3,0.3333333333333333,0.2,1.0
469894,mscoco,0.18027481213212013,0.47418343422018533,0.32644944787025454,0.6720141556031763,0.1,0.25,0.6,0.5
427688,mscoco,0.34984908774495127,0.42428130115043244,0.36702042669057844,0.6657435001505926,0.5,0.2,0.9,1.0
247394,mscoco,0.1988322176039219,0.509542372272199,0.15654472038149833,0.45971542493477885,0.2,1.0,0.2,0.5
189197,mscoco,0.1768431503325701,0.4224602385427417,0.18223284929990768,0.604000168950768,0.0,0.024390243902439,0.0,0.0769230769230769
293218,mscoco,0.2224441334605217,0.519267423467127,0.22806486561894418,0.6564106052770137,0.1,0.25,0.5,1.0
563257,mscoco,0.268198324739933,0.5243403417647868,0.24533217400312424,0.6246044444249913,0.0,0.0285714285714285,0.1,0.1
188556,mscoco,0.13491446077823638,0.43765236131106855,0.15760501325130463,0.49945612439006054,0.4,1.0,0.6,0.5
544348,mscoco,0.1152108896523714,0.4226426279019255,0.09490776024758815,0.4022914842615564,0.1,1.0,0.1,1.0
492817,mscoco,0.16041987314820289,0.42015312447905273,0.15509724989533424,0.4655725609426215,0.5,1.0,0.2,0.3333333333333333
5614,mscoco,0.10545321647077799,0.24557401102622403,0.1966951385140419,0.399539564346385,0.1,0.1666666666666666,0.6,1.0
58250,mscoco,0.05277217430993915,0.24671770821063957,0.08847231883555651,0.49979627797094367,0.0,0.0212765957446808,0.1,1.0
110348,mscoco,0.22042004130780696,0.5745512077707704,0.2954390525817871,0.6950000477721704,0.8,1.0,0.9,1.0
502179,mscoco,0.18269424438476561,0.3798053056278405,0.2502358563244343,0.6505967042902944,0.0,0.0476190476190476,0.0,0.0833333333333333
357948,mscoco,0.04450344443321228,0.26163392324172313,0.04136325931176543,0.21015631802568732,0.1,1.0,0.1,0.5
293081,mscoco,0.29520006403326987,0.5896669807400833,0.4613121010363102,0.8204744386253191,0.3,0.5,0.6,0.5
531883,mscoco,0.1278138805180788,0.5134404698544895,0.12980732396245004,0.42987797332970906,0.2,1.0,0.2,1.0
241911,mscoco,0.08219440840184689,0.32076918162408535,0.09112972477450967,0.47756881676604324,0.1,0.1428571428571428,0.1,0.125
253480,mscoco,0.15624244138598442,0.3624668813198682,0.20090416297316552,0.5942910641939636,0.0,0.0588235294117647,0.3,0.5
7,drawbench,0.4438491687178612,0.8728029135661303,0.3647805690765381,0.752477578241604,0.0,5.006257822277847e-05,0.0,0.0001886080724254
418853,mscoco,0.16022020056843758,0.5828191816033769,0.15886868052184583,0.4883063928714144,0.1,0.3333333333333333,0.1,1.0
476341,mscoco,0.16142478361725807,0.35047864639883963,0.20787320137023926,0.3866533603521657,0.0,0.0181818181818181,0.0,0.0013351134846461
92554,mscoco,0.050812641717493535,0.13833921416852799,0.06085408078506589,0.30939824631023305,0.1,0.5,0.3,1.0
186145,mscoco,0.2818730130791664,0.6807347963256594,0.3235705465078354,0.6785961446986216,0.2,0.1666666666666666,0.5,0.3333333333333333
323424,mscoco,0.07842237558215856,0.372493137007026,0.11811779253184795,0.2994719880893634,0.0,0.0357142857142857,0.2,0.1428571428571428
92670,mscoco,0.11281543895602227,0.3687619062096925,0.11935892589390278,0.4372554115704415,0.2,0.5,0.2,0.5
436333,mscoco,0.1259357281960547,0.3895524300587315,0.12295423988252878,0.5251672003884726,0.0,0.0285714285714285,0.1,0.5
25748,mscoco,0.09865698702633381,0.3044892415286601,0.08994038701057434,0.333918178108027,0.0,0.0666666666666666,0.1,1.0
437156,mscoco,0.18378136307001114,0.601600234643491,0.24134664610028267,0.7634645214850644,0.5,1.0,1.0,1.0
40361,mscoco,0.2502963200211525,0.5566189427319177,0.36478170156478884,0.5670323084572807,0.1,0.125,0.4,0.3333333333333333
190,drawbench,0.05676903259009123,0.18816581495307907,0.11886425707489252,0.4064282614423749,0.0,0.0,0.0,0.0
477988,mscoco,0.06399553194642067,0.2939928312377233,0.07319008419290185,0.32528123476167364,0.2,1.0,0.2,1.0
108238,mscoco,0.14781610034406184,0.5000657570590319,0.22967293970286845,0.8290841522139778,0.0,0.03125,0.1,1.0
397575,mscoco,0.12406017631292343,0.440071011596051,0.16350369304418563,0.5535960325125164,0.0,0.0192307692307692,0.1,1.0
442667,mscoco,0.15101611129939557,0.46719246496680206,0.20053885951638223,0.5219839789024912,0.0,0.0212765957446808,0.4,0.5
362839,mscoco,0.046572016831487414,0.22344478121850384,0.06132014058530331,0.24934190742046375,0.1,1.0,0.1,1.0
375004,mscoco,0.178436591103673,0.5131911030008144,0.27991005331277846,0.7057909186913996,0.1,0.5,0.1,1.0
409949,mscoco,0.39725868701934813,0.7832799454050315,0.424764321744442,0.6973980672303202,0.4,1.0,0.6,1.0
549532,mscoco,0.3361642397940159,0.5789854455302064,0.37443300932645796,0.7516319752468472,0.5,0.3333333333333333,0.2,0.1111111111111111
434511,mscoco,0.16714809313416482,0.7092134450015167,0.23906736746430396,0.7347611215590806,0.1,1.0,0.1,1.0
33481,mscoco,0.0765260273590684,0.25192614261276247,0.09939401168376208,0.2863396174573232,0.3,1.0,0.2,1.0
306232,mscoco,0.12772458083927632,0.41669442376822396,0.13736429009586573,0.45067711624285256,0.0,0.0222222222222222,0.0,0.0769230769230769
154119,mscoco,0.155345618724823,0.386183322317708,0.19401130303740502,0.6488145048943669,0.4,0.3333333333333333,0.6,1.0
525467,mscoco,0.15405069962143897,0.5020793056865956,0.3013269007205963,0.45676314131457657,0.3,1.0,0.3,1.0
494360,mscoco,0.2940493032336235,0.6089541344645527,0.2611196517944336,0.733104201928008,0.1,0.5,0.1,0.125
223574,mscoco,0.040659202449023726,0.1453387719343722,0.05762345036491752,0.24286590461052002,0.1,0.5,0.1,1.0
347113,mscoco,0.15452112704515458,0.4495910158138319,0.13232795521616936,0.41437246869588606,0.0,0.0014903129657228,0.0,0.0833333333333333
25697,mscoco,0.3910281851887703,0.6805471546656069,0.37773663699626925,0.6991668087714382,0.8,1.0,0.7,1.0
198978,mscoco,0.07709466787055134,0.3239903412498733,0.1984701409935951,0.6078509571011748,0.0,0.0666666666666666,0.3,0.25
172776,mscoco,0.19873229488730432,0.4234987806622562,0.377911476790905,0.5982323345125868,0.2,0.25,0.7,0.25
59515,mscoco,0.046207754453644154,0.16648009575235362,0.13754410445690154,0.592688336589499,0.0,0.0055555555555555,0.0,0.0017391304347826
35715,mscoco,0.11261146366596222,0.37735556257272995,0.10528757944703102,0.36879739471286266,0.0,0.05,0.1,1.0
386777,mscoco,0.17691790899261833,0.595168397981411,0.14119063094258308,0.6215408087198008,0.2,1.0,0.1,0.1428571428571428
527342,mscoco,0.13762559434399008,0.6043419934116164,0.12648407835513353,0.4685905129159599,0.1,0.3333333333333333,0.1,1.0
408838,mscoco,0.34017183929681777,0.7528640016762156,0.4313051000237465,0.763156598222828,0.1,0.1666666666666666,0.0,0.02
53744,mscoco,0.05896875527687371,0.23705748339488883,0.09781583026051521,0.33988498887069135,0.1,1.0,0.8,1.0
218960,mscoco,0.2717305764555931,0.7016672804206594,0.3372063562273979,0.723903291510254,0.2,1.0,0.3,1.0
404367,mscoco,0.19417590349912645,0.4630198188835045,0.3832488924264908,0.6637788261991701,0.4,0.3333333333333333,0.5,1.0
500071,mscoco,0.04774267477914691,0.2346664089493755,0.05472839865833521,0.20589245166064157,0.0,0.009090909090909,0.1,1.0
74331,mscoco,0.3369793090969324,0.7276758459845658,0.33799044638872144,0.7512889892070386,0.2,1.0,0.1,1.0
47652,mscoco,0.23025842010974884,0.5253501653343885,0.29808041006326674,0.7146901054749487,0.0,0.0714285714285714,0.6,1.0
299154,mscoco,0.059505044110119344,0.3536356199799824,0.07003170363605023,0.261478606965296,0.1,0.1666666666666666,0.2,0.5
499004,mscoco,0.28875194750726224,0.7194585947986276,0.23364880569279195,0.6591738824456845,0.1,0.2,0.3,0.25
13471,mscoco,0.2373708553612232,0.6336986807854593,0.2152267001569271,0.6175309399881481,0.3,1.0,0.6,1.0
280810,mscoco,0.10045861825346947,0.2905703508144886,0.18979791477322577,0.5219374937890054,0.2,0.5,0.1,0.3333333333333333
322008,mscoco,0.0790124338120222,0.2984616139548345,0.18169239480048419,0.5684080632637588,0.1,0.1428571428571428,0.0,0.0909090909090909
108871,mscoco,0.14829823337495326,0.4236825438479387,0.15413604192435743,0.5030120346229408,0.1,0.5,0.1,1.0
509626,mscoco,0.12239069342613221,0.31877415433833844,0.12943098284304141,0.4064999131036646,0.1,0.2,0.0,0.0014492753623188
105853,mscoco,0.2001239825040102,0.5725136602673785,0.1557547129690647,0.4273464917532389,0.0,0.024390243902439,0.3,1.0
478320,mscoco,0.22487606070935726,0.6984500085473484,0.18437635228037835,0.5878520618295001,0.5,1.0,0.2,1.0
517632,mscoco,0.23980454504489898,0.7008017161436767,0.19326042234897614,0.5016698229690851,0.2,1.0,0.2,1.0
194105,mscoco,0.16694048680365087,0.4509846640729052,0.20514582768082618,0.7352187163117547,0.0,0.032258064516129,0.0,0.0227272727272727
323208,mscoco,0.17307986840605735,0.4691352500128268,0.18759203758090734,0.6385314939949175,0.1,0.25,0.1,0.3333333333333333
116,drawbench,0.2837431259453297,0.6234855111416555,0.2866449639201164,0.8109143472445277,0.0,0.0,0.0,0.0
246746,mscoco,0.20066446885466577,0.4098983716483325,0.4531875416636467,0.7301835290799402,0.0,0.0052356020942408,0.2,0.25
243292,mscoco,0.07326545640826225,0.2425686109263534,0.1396880265325308,0.3579001261223163,0.2,0.5,0.3,0.5
125,drawbench,0.3312973275780678,0.6028850616806795,0.3625818997621536,0.6646876187256513,0.0,0.0,0.0,0.0
392363,mscoco,0.35332707315683365,0.5958235473478155,0.4117238983511925,0.7346539481451452,0.0,0.0714285714285714,0.1,0.2
6107,mscoco,0.168371719121933,0.396877333371203,0.30921091362833975,0.5734437902457207,0.1,0.1666666666666666,0.3,0.5
279605,mscoco,0.14372127801179885,0.46228330883461455,0.26739374436438085,0.5697391572021532,0.3,0.25,0.3,0.2
518199,mscoco,0.12846602350473404,0.4150813161965649,0.1270977683365345,0.3777698656642398,0.0,0.05,0.0,0.0909090909090909
516990,mscoco,0.5138591825962067,0.8281178347329743,0.5859344393014908,0.7810484509582923,0.7,1.0,0.8,1.0
474504,mscoco,0.23241520896553994,0.6288546844108654,0.2923446461558342,0.7058203371227744,0.0,0.0454545454545454,0.1,0.5
323788,mscoco,0.32682041078805923,0.7344732398632311,0.36201631724834443,0.5691770727852398,0.6,1.0,0.6,1.0
210136,mscoco,0.2139228142797947,0.5570589631613044,0.19495523273944854,0.616666109692676,0.3,0.2,0.1,0.3333333333333333
450558,mscoco,0.11317185126245022,0.45182558721172633,0.1528481811285019,0.6367345088529596,0.0,0.0588235294117647,0.2,0.3333333333333333
542178,mscoco,0.08655396141111851,0.3036538638568611,0.0860116271302104,0.34364614453748443,0.0,0.0076923076923076,0.0,0.0909090909090909
59525,mscoco,0.19095468074083327,0.41442057377867014,0.23304459154605867,0.6125429739554497,0.0,0.0454545454545454,0.2,0.1666666666666666
50201,mscoco,0.10648189876228571,0.37130620083187604,0.08996997084468603,0.3808034293166772,0.1,1.0,0.1,1.0
311629,mscoco,0.08596428595483303,0.30042336252764096,0.1168025616556406,0.33357892668203465,0.2,1.0,0.2,1.0
151594,mscoco,0.10357512850314379,0.4738670634194947,0.10788546949625015,0.3068257585501935,0.4,0.5,0.6,1.0
305545,mscoco,0.016559931682422757,0.10015442071440268,0.026999505399726332,0.11415102248575708,0.1,1.0,0.1,1.0
162393,mscoco,0.22038609012961388,0.5306230731647369,0.3102391093969345,0.6456251876806068,0.2,1.0,0.2,1.0
297967,mscoco,0.10681944619864225,0.3837530790611308,0.2409650206565857,0.5884001917310788,0.1,0.1428571428571428,0.1,1.0
237833,mscoco,0.026767399813979863,0.14708973793688587,0.014274805679451674,0.06203082532781894,0.0,0.0181818181818181,0.0,0.0049504950495049
234274,mscoco,0.05559224300086498,0.27486621032737596,0.08167645130306482,0.3366875371977651,0.1,0.5,0.1,0.2
111742,mscoco,0.19971943795681,0.44702845404871944,0.19880100451409816,0.4520609662312465,0.5,1.0,0.4,1.0
109061,mscoco,0.3215458422899246,0.7237591031724933,0.2571084968745708,0.712415337550629,0.1,1.0,0.1,1.0
190035,mscoco,0.10398851782083511,0.47918718740755595,0.12675228230655194,0.42913994135069783,0.2,0.25,0.1,1.0
62995,mscoco,0.06652860911563038,0.282530621618134,0.09254384748637676,0.4617569347070548,0.1,1.0,0.1,0.3333333333333333
285484,mscoco,0.0850772486999631,0.3321790039136571,0.07553571490570903,0.4107336522874658,0.0,0.0185185185185185,0.0,0.05
36850,mscoco,0.1713177926838398,0.5803776273995748,0.22478580363094808,0.5248933290585238,0.2,0.5,0.3,1.0
110324,mscoco,0.18904941901564598,0.41759699940552775,0.21292585469782352,0.5013841465932543,0.1,0.5,0.0,0.0909090909090909
388566,mscoco,0.391343230009079,0.9064919232616038,0.39435181990265844,0.89942928290467,0.7,1.0,1.0,1.0
74466,mscoco,0.1355611566454172,0.40135314582262,0.13685165233910085,0.6296060720994265,0.1,0.1111111111111111,0.1,1.0
358438,mscoco,0.13947093784809111,0.5158447388880909,0.10867179594933987,0.30272423601741366,0.1,0.25,0.1,0.3333333333333333
302137,mscoco,0.2167062357068062,0.506789004873717,0.3102569103240967,0.6173651229178001,0.2,0.3333333333333333,0.4,0.25
144,drawbench,0.10011559389531613,0.42427819408095485,0.08197578098624944,0.2882509727750808,0.0,0.0,0.0,0.0
404766,mscoco,0.4182569429278374,0.7740951271313591,0.5388602301478386,0.7838533686144828,0.3,0.5,0.3,0.3333333333333333
322937,mscoco,0.33591219782829285,0.63982744896276,0.4139299988746643,0.582043020199128,0.4,1.0,0.9,1.0
245902,mscoco,0.11485686786472797,0.28780896506526515,0.1599564403295517,0.447262783404771,0.0,0.0222222222222222,0.0,0.0833333333333333
27528,mscoco,0.05448937639594078,0.1855490345305035,0.06539734955877066,0.2059597760731027,0.6,1.0,0.8,1.0
254392,mscoco,0.04997229669243097,0.24945709297922367,0.05989664699882269,0.2611726346299752,0.2,1.0,0.2,1.0
34827,mscoco,0.34005227237939833,0.8383721541851896,0.38001343682408334,0.7220987086986834,0.9,1.0,1.0,1.0
291752,mscoco,0.6427042424678803,0.8061626297240481,0.7241276025772094,0.8876383376271229,0.9,1.0,1.0,1.0
126895,mscoco,0.12899724952876568,0.29209584624393353,0.21364735141396524,0.5466944026089023,0.0,0.0833333333333333,0.3,1.0
312316,mscoco,0.21037498638033866,0.5243582387103942,0.2547318860888481,0.6615402941630384,0.0,0.0769230769230769,0.4,1.0
439657,mscoco,0.05815284010022879,0.21095902265468533,0.07289006784558297,0.22131907506924176,0.2,1.0,0.2,1.0
438446,mscoco,0.2023386025801301,0.6550353012976027,0.28664883952587844,0.7313923669827898,0.5,0.5,0.7,1.0
470932,mscoco,0.07226904015988111,0.25861738259112377,0.09003862664103508,0.3556660698078856,0.2,0.1428571428571428,0.5,0.5
500829,mscoco,0.09665647707879543,0.42774184640075225,0.10765998177230358,0.4139541061527862,0.5,1.0,0.7,0.5
53550,mscoco,0.24595122486352922,0.7404280533075658,0.31200235709547997,0.7481178525533518,0.1,1.0,0.2,1.0
395340,mscoco,0.17646306194365025,0.557002587178858,0.15531270131468772,0.47000009961137057,0.1,0.1666666666666666,0.1,0.5
257983,mscoco,0.38967663049697876,0.7522367975453028,0.4514866977930069,0.7741553039659108,0.4,1.0,0.7,0.5
573052,mscoco,0.11722309906035662,0.506814324412429,0.11614123228937387,0.37795652656758316,0.1,0.5,0.2,0.1666666666666666
475457,mscoco,0.06033283043652773,0.23817692419111902,0.11289726719260215,0.4063817363389727,0.0,0.0588235294117647,0.2,0.1428571428571428
75,drawbench,0.31298835948109627,0.5563712164187548,0.30030287355184554,0.5884431924847414,0.0,0.0833333333333333,0.1,1.0
11288,mscoco,0.25741727352142335,0.5508501457471736,0.33905953019857404,0.6447726047283975,0.0,0.0909090909090909,0.3,1.0
276852,mscoco,0.3298248216509819,0.6933818878839713,0.35865941643714905,0.7156336213886313,0.0,0.0303030303030303,0.1,1.0
557780,mscoco,0.18715138509869575,0.6873461159957969,0.22894543893635272,0.6993364888523844,0.2,1.0,0.2,1.0
363165,mscoco,0.1751775212585926,0.6806274042657072,0.14512609280645847,0.4612174515222297,0.1,0.2,0.4,1.0
541880,mscoco,0.33268835544586184,0.5521935781418977,0.34927911013364793,0.7353654629457497,0.7,0.5,0.7,1.0
313526,mscoco,0.07125200191512704,0.23589585984308092,0.0767086673527956,0.3175396629254336,0.1,0.5,0.2,1.0
214055,mscoco,0.24047447144985198,0.5798208235899908,0.4232626423239708,0.7095932917418445,0.0,0.0625,0.1,0.125
458675,mscoco,0.08723503854125739,0.20326027271826577,0.18540434315800666,0.5381441565928825,0.0,0.0294117647058823,0.4,0.3333333333333333
175277,mscoco,0.10488950610160827,0.44996894498725376,0.10658416524529457,0.576982372305284,0.2,0.3333333333333333,0.5,1.0
295076,mscoco,0.15353228719905018,0.45496796502675463,0.16160208247601987,0.6141225455121352,0.4,1.0,0.5,1.0
63075,mscoco,0.31645360961556435,0.6610210719446273,0.4525962479412556,0.6302031172481748,0.4,1.0,0.8,0.5
533159,mscoco,0.3377455063164234,0.46286797436801125,0.4891606718301773,0.7517876284394913,0.6,0.25,0.8,0.5
292810,mscoco,0.0758906890405342,0.2798309421637901,0.11526469541713595,0.5572720357866691,0.1,0.2,0.1,1.0
333978,mscoco,0.5305515035986901,0.8705556681215793,0.5831678301095963,0.7877759558690258,0.6,1.0,0.8,0.5
487264,mscoco,0.242865202575922,0.7073165873801177,0.2837735988199711,0.6987793218683496,0.1,1.0,0.4,1.0
429074,mscoco,0.1297934826463461,0.32222866216190976,0.22030225694179534,0.5036457994022702,0.2,0.3333333333333333,0.1,0.1
39789,mscoco,0.029139503324404358,0.16486546596334706,0.03976236628368497,0.1576965672664113,0.1,0.5,0.0,0.05
429353,mscoco,0.09266159832477569,0.28780352106223656,0.11664221286773682,0.49299254358075195,0.3,1.0,0.4,1.0
110683,mscoco,0.042997569777071476,0.19768175833728574,0.06532918866723776,0.295618369438209,0.0,0.04,0.0,0.0175438596491228
4132,mscoco,0.10616071373224259,0.46391146384466203,0.13115147668868304,0.46644892537505817,0.2,0.1666666666666666,0.1,1.0
278134,mscoco,0.2500599965453148,0.8484777501235463,0.21290376037359238,0.7294462932263799,0.1,1.0,0.0,0.0034722222222222
238709,mscoco,0.07969977259635926,0.22430163284515073,0.19296787083148956,0.3803823917176546,0.1,0.1111111111111111,0.6,1.0
485300,mscoco,0.0110859171487391,0.04221076802576632,0.010873592243297026,0.039194173319390874,0.0,0.0769230769230769,0.1,0.25
296620,mscoco,0.03162665695417673,0.15229628740804796,0.045013288129121067,0.24405137780486164,0.0,0.0454545454545454,0.0,0.0142857142857142
193077,mscoco,0.04739082343876362,0.25130932024420477,0.04756621392443776,0.29546955600524455,0.0,0.05,0.2,0.5
103,drawbench,0.03738156892359257,0.1474609496886284,0.032609296566806736,0.23159222877596594,0.0,0.0,0.0,0.0
310749,mscoco,0.24728510528802872,0.7108560697981747,0.2645974114537239,0.6870809691553383,0.2,0.5,0.3,1.0
293864,mscoco,0.4158970169723034,0.8088162067851892,0.528668737411499,0.7889092616158415,0.3,0.5,0.5,1.0
493806,mscoco,0.24568036757409573,0.6567132753352968,0.22825793623924256,0.658126036825668,0.2,1.0,0.4,0.5
39535,mscoco,0.1907440774142742,0.41734534350386315,0.24659900814294816,0.5911371684187223,0.0,0.04,0.0,0.0526315789473684
481252,mscoco,0.06905823536217212,0.2789278507572314,0.20450911223888396,0.6499037616425652,0.2,1.0,0.1,0.5
522535,mscoco,0.16903460398316383,0.48004785975244524,0.3385373309254646,0.7198865549517143,0.0,0.0434782608695652,0.0,0.0476190476190476
482765,mscoco,0.2469906434416771,0.5245443373814608,0.27582274898886683,0.8007212715266121,0.1,0.1666666666666666,0.0,0.0769230769230769
81954,mscoco,0.13644506186246871,0.34259149221469903,0.19444840848445893,0.4683401643159409,0.1,0.2,0.1,0.5
333124,mscoco,0.09912330927327276,0.39254118407911587,0.1131854603998363,0.41748103362080585,0.2,1.0,0.2,1.0
529258,mscoco,0.07523973090574146,0.32019589501232476,0.059111629240214826,0.3205501037676821,0.0,0.0142857142857142,0.1,0.25
2567,mscoco,0.16158642638474702,0.4699913349167652,0.27580582052469255,0.5659605082050412,0.1,1.0,0.6,0.5
53803,mscoco,0.12592542078346014,0.5091770413214042,0.1345851391553879,0.47466226982556564,0.1,0.5,0.1,0.1111111111111111
172351,mscoco,0.1968144327402115,0.4771593979681918,0.3398495018482208,0.504813410567731,0.2,0.5,0.4,0.5
311251,mscoco,0.42263999581336975,0.8120335655165214,0.4526688471436501,0.8848475096251448,0.2,1.0,0.5,1.0
356869,mscoco,0.27710726857185364,0.5624338237440811,0.3510017849504948,0.6631790171010626,0.1,0.2,0.0,0.0068965517241379
203406,mscoco,0.5911554843187332,0.82840553961713,0.576752683520317,0.9124242599868768,0.9,1.0,0.9,1.0
119870,mscoco,0.15494317859411239,0.2979324927967827,0.30456355288624765,0.7499192023219777,0.1,0.1428571428571428,0.2,0.5
442125,mscoco,0.07845893073827029,0.32436020219792133,0.0907060330733657,0.45673849868408517,0.1,0.3333333333333333,0.3,1.0
530619,mscoco,0.17421868592500686,0.6249822286392148,0.16499016508460046,0.5034686982977328,0.6,1.0,0.8,1.0
73196,mscoco,0.09827673211693763,0.39154114457924133,0.09478957587853074,0.3510216963871518,0.1,0.5,0.0,0.0303030303030303
507714,mscoco,0.11486890502274036,0.45264341869057567,0.2025400921702385,0.5310455784856651,0.0,0.0072992700729927,0.0,0.0416666666666666
376144,mscoco,0.02178293433971703,0.11034056119356635,0.02169399969279766,0.10967883630287258,0.3,1.0,0.5,1.0
211063,mscoco,0.14377638809382914,0.5983018248212221,0.18080562800168992,0.5640897621965735,0.1,1.0,0.1,0.3333333333333333
436799,mscoco,0.14786527417600154,0.4474771374679268,0.14324449077248574,0.4699941274441754,0.1,0.3333333333333333,0.2,0.5
204256,mscoco,0.08498229281976818,0.3186955758076878,0.10955306235700846,0.49858140593765765,0.0,0.0714285714285714,0.1,1.0
314048,mscoco,0.09648873526602983,0.29343467745495094,0.19137317091226577,0.7254079013959486,0.2,1.0,0.3,1.0
447009,mscoco,0.08870200961828231,0.343289830812861,0.10548868477344513,0.44654764416776893,0.1,0.1,0.2,1.0
455079,mscoco,0.34890183731913565,0.8072614791498739,0.38643733486533166,0.737628804999299,0.2,1.0,0.3,0.5
157617,mscoco,0.2248771544545889,0.5410824820641955,0.3533040300011635,0.6560127673799242,0.2,0.5,0.1,0.25
546877,mscoco,0.3900088809430599,0.5963068348182246,0.4352584920823574,0.819191899969211,0.1,0.2,0.7,1.0
41392,mscoco,0.1128753375262022,0.3724223871898365,0.1420634299516678,0.4104972464065704,0.1,1.0,0.1,1.0
556462,mscoco,0.16619768552482128,0.49944912844507927,0.23112349733710288,0.5743034247498171,0.6,0.5,0.4,1.0
80053,mscoco,0.14381868988275529,0.4508890289294526,0.43292353600263594,0.8284879153410948,0.0,0.0714285714285714,0.7,0.5
553304,mscoco,0.1856512725353241,0.5239325895285046,0.17406992856413125,0.5745631825129224,0.1,0.2,0.1,1.0
102,drawbench,0.07899571042507887,0.22299033900641577,0.16368940696120263,0.3706885019494581,0.0,0.0,0.0,0.0
463168,mscoco,0.04231544835492969,0.1972310395616116,0.06864781938493252,0.28814234075983397,0.1,0.5,0.1,0.3333333333333333
398463,mscoco,0.05588258681818843,0.18377243416178765,0.12803946658968926,0.4466251316332009,0.1,0.3333333333333333,0.5,1.0
454916,mscoco,0.13267416954040528,0.4105813516972383,0.18504235446453093,0.3805888513437179,0.0,0.0625,0.1,0.125
317022,mscoco,0.14216247461736203,0.43281489586230754,0.16881107315421104,0.5630842651514244,0.0,0.0476190476190476,0.1,0.1111111111111111
61943,mscoco,0.4375188574194908,0.7848732322310619,0.404245400428772,0.6064426654010634,0.0,0.0099009900990099,0.0,0.0833333333333333
543521,mscoco,0.20771224796772003,0.571087427405396,0.19286026135087014,0.5444800581898559,0.1,1.0,0.1,1.0
509490,mscoco,0.14561007227748632,0.436105450014221,0.14059346541762352,0.5172183201083549,0.0,0.0208333333333333,0.1,1.0
413970,mscoco,0.038444982236251236,0.2243013384778557,0.036820313055068256,0.16543098245376284,0.0,0.0263157894736842,0.0,0.0833333333333333
67331,mscoco,0.0765478864312172,0.3614892616195365,0.11325428262352943,0.5695886916005487,0.1,0.3333333333333333,0.1,1.0
230669,mscoco,0.21222405843436717,0.7148340476112125,0.3068928990513086,0.7883004969372349,0.3,0.25,0.1,0.1428571428571428
487266,mscoco,0.32376532852649687,0.629472360034202,0.2533544138073921,0.5213229545032877,0.5,1.0,0.8,1.0
525024,mscoco,0.18114166855812072,0.5215956036256297,0.18928176984190942,0.48869901238913405,0.2,0.3333333333333333,0.6,1.0
14257,mscoco,0.09912660885602236,0.3592358204779003,0.13086138851940632,0.3786785060584395,0.1,1.0,0.1,0.1
478240,mscoco,0.11197022944688798,0.2796745978518424,0.17089159339666365,0.5769688412241201,0.2,0.3333333333333333,0.0,0.0344827586206896
7211,mscoco,0.015543771954253317,0.07392540642558658,0.019445474771782757,0.08580254328655498,0.3,1.0,0.2,0.3333333333333333
23250,mscoco,0.23270791824907064,0.3190365536438233,0.3441614881157875,0.6973390200953282,0.1,0.1,0.5,1.0
3590,mscoco,0.385910327732563,0.7429665348400021,0.4637176126241684,0.7659193226218645,0.7,1.0,1.0,1.0
580511,mscoco,0.23373949229717256,0.5998264427306901,0.2648472011089325,0.7075695437409908,0.2,1.0,0.7,1.0
40658,mscoco,0.09912374652922154,0.31423930676732537,0.13932321406900883,0.3955022988578866,0.1,1.0,0.1,1.0
322350,mscoco,0.14771708473563194,0.395058680796873,0.22260405421257018,0.5880895414056434,0.2,1.0,0.1,1.0
125635,mscoco,0.36852334439754486,0.7522871934875002,0.37884990125894547,0.8031635523187577,0.5,0.25,0.6,1.0
283631,mscoco,0.2569612368941307,0.6544482854951708,0.2683794364333153,0.6055708206907302,0.1,0.5,0.3,0.5
528729,mscoco,0.028723053354769944,0.12640975920172645,0.05435629663988948,0.19430209227607034,0.1,1.0,0.1,1.0
167021,mscoco,0.17733301669359208,0.46942274632595726,0.1806213203817606,0.4971391413333162,0.2,0.2,0.5,0.2
140100,mscoco,0.17898152843117715,0.3605379740129942,0.38048717975616453,0.6456218763336591,0.1,0.25,0.2,0.5
252213,mscoco,0.14481642432510852,0.4918567183191296,0.1342487968504429,0.4678595554625052,0.1,0.25,0.1,0.2
501364,mscoco,0.23284014724195004,0.6001371513491809,0.3788594141602516,0.7232646006114374,0.5,1.0,0.8,1.0
580390,mscoco,0.037435829360038045,0.2170926411728217,0.049237693287432195,0.2367338435730227,0.1,1.0,0.1,1.0
463859,mscoco,0.11522575430572032,0.5657543612321367,0.10900016082450747,0.5550887297304131,0.1,1.0,0.1,1.0
391657,mscoco,0.25600808709859846,0.6496074134130411,0.30980962663888933,0.7522378122202089,0.1,0.1111111111111111,0.6,0.3333333333333333
391415,mscoco,0.03534822855144739,0.14252357279757424,0.06437620297074317,0.33923059037307884,0.0,0.0123456790123456,0.1,1.0
333099,mscoco,0.08328708726912737,0.3134936635021361,0.10215925686061382,0.3304972549871937,0.1,0.5,0.1,0.2
405574,mscoco,0.03365349853411317,0.14270800830664832,0.06264813523739576,0.3370551053691074,0.0,0.0140845070422535,0.1,1.0
575823,mscoco,0.11938023455440998,0.36261217575771587,0.1058782409876585,0.4207152935040159,0.0,0.0023923444976076,0.0,0.0222222222222222
57088,mscoco,0.29707096703350544,0.7358768677871412,0.43190490305423734,0.7979458226025241,0.1,0.1428571428571428,0.2,0.3333333333333333
226957,mscoco,0.06882754098623992,0.25482871152278863,0.06857613679021597,0.33902630363783715,0.1,1.0,0.1,0.25
184329,mscoco,0.15883853211998938,0.3891375572726263,0.144486965239048,0.37919066960475956,0.0,0.0104166666666666,0.0,0.0043103448275862
550324,mscoco,0.3791544929146767,0.6607130545065528,0.5270885095000267,0.8127826270050148,0.6,0.25,1.0,1.0
575174,mscoco,0.24655845910310745,0.5565012615576449,0.23778702765703202,0.5820599985252176,0.1,1.0,0.3,0.25
24380,mscoco,0.3944772005081177,0.7796536410022616,0.3132363695651293,0.7153577100778511,0.4,0.3333333333333333,0.2,0.3333333333333333
506394,mscoco,0.21989508848637343,0.4118398957547301,0.23231190592050552,0.6800133980964986,0.5,0.5,0.9,1.0
195463,mscoco,0.1342637624591589,0.41558161085558387,0.15172372199594975,0.43874894719772956,0.2,1.0,0.3,1.0
308892,mscoco,0.19423434026539327,0.6191152487287631,0.2562131091952324,0.646105540122224,0.0,0.0588235294117647,0.1,0.5
361913,mscoco,0.12540533095598222,0.3335970690265308,0.19661258459091185,0.39217451452338814,0.1,0.1111111111111111,0.1,0.3333333333333333
293532,mscoco,0.16578693091869354,0.5183875551878026,0.19279247149825096,0.611479747383974,0.4,0.3333333333333333,0.6,1.0
338118,mscoco,0.14717266336083412,0.6197235493489983,0.16738112419843673,0.6642133000933595,0.1,1.0,0.1,1.0
521250,mscoco,0.14120628051459788,0.46810499364543773,0.19060372710227966,0.7558241865653654,0.2,0.5,0.2,0.25
85353,mscoco,0.029233205365017056,0.12184111161013511,0.02703046198002994,0.14832424999750798,0.2,1.0,0.0,0.0666666666666666
35951,mscoco,0.03816882364917547,0.2052344903821047,0.03196277460083365,0.1452778286954599,0.0,0.009090909090909,0.1,0.1666666666666666
16764,mscoco,0.15429359041154384,0.4608060776119571,0.22888078466057776,0.6720377730946235,0.0,0.0434782608695652,0.2,1.0
397427,mscoco,0.11265862733125687,0.43856105627015657,0.15635332092642784,0.4731436387380241,0.1,1.0,0.1,0.5
515561,mscoco,0.07623881939798594,0.3565543219018356,0.1328339151106775,0.6087078121049013,0.0,0.037037037037037,0.1,1.0
366829,mscoco,0.06757683102041483,0.22937341159068772,0.10941818850114941,0.35633966489654473,0.0,0.0131578947368421,0.1,0.5
432410,mscoco,0.34612693786621096,0.7217392178797245,0.44998972564935685,0.8013444204529327,0.0,0.0666666666666666,0.2,0.1428571428571428
61972,mscoco,0.06226395238190889,0.37373899164364743,0.08067387286573649,0.39601068607822026,0.1,1.0,0.1,1.0
499054,mscoco,0.09561829157173633,0.4509913790011713,0.08626051843166352,0.4701442605900741,0.1,0.1,0.4,1.0
569021,mscoco,0.031737422291189435,0.1218641456174018,0.06338948868215084,0.34700263988856633,0.1,0.5,0.0,0.0909090909090909
9029,mscoco,0.15474552288651466,0.5964604913247041,0.19484128206968307,0.6070472514665303,0.3,1.0,0.4,1.0
18373,mscoco,0.3268055014312267,0.5929734827714264,0.48879016041755674,0.8003976871804016,0.7,1.0,0.9,1.0
336001,mscoco,0.14703864082694054,0.49942036369313425,0.14337519109249114,0.4640318856232314,0.2,0.25,0.4,0.3333333333333333
461475,mscoco,0.0645394118502736,0.2508320347632877,0.07493658587336541,0.2555938758880773,0.0,0.0285714285714285,0.2,0.5
388841,mscoco,0.2162557702511549,0.664875141538966,0.21385929137468337,0.6276875769885826,0.5,0.3333333333333333,0.4,1.0
284940,mscoco,0.11794056519865989,0.31041651235873385,0.1834719441831112,0.3665787500546189,0.1,0.5,0.4,0.5
394759,mscoco,0.15706126987934113,0.47427805718968225,0.1714769870042801,0.5786501528538136,0.5,0.5,0.3,1.0
358411,mscoco,0.04822933105751872,0.23553252363242802,0.07341700159013272,0.2152886228306301,0.2,0.5,0.5,1.0
284421,mscoco,0.23591139391064644,0.5741408793251209,0.23273903131484985,0.6056423064562978,0.6,1.0,0.2,0.3333333333333333
237716,mscoco,0.08447833955287934,0.32392936968739294,0.09014923702925444,0.3378197630584223,0.2,0.5,0.2,1.0
167520,mscoco,0.06229015840217471,0.26151025409624895,0.022830346249975264,0.15538152538156325,0.1,0.2,0.1,0.5
568611,mscoco,0.23829757571220397,0.43936765817267387,0.36852653324604034,0.7630641263182856,0.4,0.25,0.5,0.5
159356,mscoco,0.38204236179590223,0.7357138214077856,0.27758720591664315,0.743231735461864,0.1,0.5,0.1,0.2
301261,mscoco,0.0883771114051342,0.29089892767165115,0.25318027585744857,0.5793761333483,0.0,0.0625,0.0,0.037037037037037
113787,mscoco,0.0948434267193079,0.37377755618638847,0.11735314838588237,0.3726958403137302,0.1,0.125,0.1,0.1428571428571428
375809,mscoco,0.17751546576619148,0.44294567122389167,0.16422359980642795,0.36463817829688455,0.3,0.3333333333333333,0.4,0.3333333333333333
64460,mscoco,0.30691869705915453,0.7749533488045561,0.31712565049529073,0.7070126173764715,0.5,0.5,0.5,1.0
470799,mscoco,0.12667913138866424,0.42186560449499777,0.16382739469408988,0.43674641532691405,0.4,1.0,0.5,1.0
382046,mscoco,0.21379474103450774,0.5221161742187007,0.2713225793093443,0.5750950248708976,0.0,0.0625,0.5,1.0
170974,mscoco,0.17045558374375105,0.4762498489456784,0.3276704326272011,0.7257393638920285,0.0,0.0303030303030303,0.3,0.25
562160,mscoco,0.15454029552638532,0.6665424224984111,0.1559087622910738,0.5035585675698101,0.1,1.0,0.1,0.25
562248,mscoco,0.1615298729389906,0.7822741499600712,0.19908316768705844,0.590811291664122,0.2,1.0,0.3,1.0
96638,mscoco,0.18241108804941178,0.4136149227252147,0.3975092351436615,0.6569612388633906,0.2,0.25,0.6,1.0
164234,mscoco,0.35586132183671,0.6059125837653478,0.30767461061477663,0.6932830147734178,0.7,1.0,0.6,1.0
278962,mscoco,0.17504731863737105,0.5819424555190222,0.19155933782458306,0.689862101280782,0.2,0.3333333333333333,0.4,1.0
553248,mscoco,0.134088334441185,0.4770282217572615,0.12656980082392694,0.454411056189227,0.2,0.5,0.1,0.5
523371,mscoco,0.22928529046475887,0.5833102777539451,0.2584280252456665,0.7291096417291956,0.1,0.2,0.2,1.0
141283,mscoco,0.05680951159447432,0.2254397625361796,0.0849137431010604,0.36066245765402855,0.0,0.0051020408163265,0.0,0.0033003300330033
320292,mscoco,0.4870583266019821,0.8674968271852086,0.49213320910930636,0.8185972929080939,0.5,1.0,0.7,1.0
269588,mscoco,0.11405719295144082,0.3224203597543096,0.16415775418281556,0.42668671960379917,0.1,0.2,0.5,1.0
113594,mscoco,0.07264229981228709,0.28958025166475293,0.08553645052015782,0.2978212380158674,0.0,0.0011627906976744,0.0,0.0038022813688212
349622,mscoco,0.14695970490574836,0.3443658588675377,0.17803610153496266,0.487937583452398,0.1,0.1,0.3,0.3333333333333333
215226,mscoco,0.10455905124545098,0.36821301191584593,0.10499176904559135,0.4071682710819121,0.1,0.5,0.1,0.5
78371,mscoco,0.0580214767716825,0.2684114391414313,0.07363608814775943,0.30823225493721473,0.0,0.024390243902439,0.0,0.0163934426229508
451972,mscoco,0.12868126966059207,0.48490675255081667,0.13560155779123306,0.4381169234596167,0.1,1.0,0.1,0.5
163,drawbench,0.0583277196623385,0.366749873589718,0.07816637801006436,0.2750421806862742,0.0,0.0,0.0,0.0
150360,mscoco,0.08407995365560055,0.3116116634094609,0.1100793968886137,0.361591915370501,0.0,0.0178571428571428,0.2,1.0
138567,mscoco,0.1722601417452097,0.6760197728771636,0.1790997250005603,0.470673039359147,0.0,0.0149253731343283,0.1,1.0
383220,mscoco,0.167442237585783,0.4688996641600218,0.13822404369711877,0.4469560593953555,0.1,1.0,0.1,1.0
557272,mscoco,0.075996033847332,0.24658866663483586,0.06535414103418588,0.24112909080574968,0.1,0.25,0.1,0.5
17073,mscoco,0.030713250511325896,0.1775684126354482,0.031012183334678412,0.1541410514612427,0.1,1.0,0.1,1.0
441083,mscoco,0.28483772501349447,0.5682731422423883,0.2860758751630783,0.5217384357410826,0.9,0.5,0.8,0.5
109750,mscoco,0.09119132496416568,0.29495620998451694,0.17574653923511505,0.556163910657978,0.1,0.5,0.1,1.0
20279,mscoco,0.15947860181331636,0.5025915776576837,0.11964485310018062,0.40358648173464984,0.2,1.0,0.2,0.5
324845,mscoco,0.14686394594609736,0.4817247356977179,0.23959190174937248,0.564225587331616,0.1,0.2,0.3,1.0
303520,mscoco,0.13699740022420884,0.45931780268650996,0.12538378117606044,0.48911757336630124,0.1,1.0,0.1,1.0
363136,mscoco,0.2336811289191246,0.6542353827433475,0.2577583082020283,0.6980640555013036,0.1,0.125,0.1,1.0
161622,mscoco,0.05558883901685476,0.24843391519652686,0.05578402765095234,0.22804735973096968,0.1,1.0,0.2,0.5
315242,mscoco,0.16442343015223743,0.522876013064711,0.23447582349181176,0.6495254537298069,0.0,0.0222222222222222,0.1,1.0
418723,mscoco,0.05032962625846267,0.3008231200591894,0.084299205429852,0.4565329645886072,0.1,1.0,0.1,0.1666666666666666
65440,mscoco,0.22041447684168816,0.5234555604005409,0.25925664491951467,0.5695657913661888,0.1,0.1111111111111111,0.0,0.0016
111907,mscoco,0.08445773459970951,0.2784919324555155,0.18164970353245735,0.5387390674430512,0.2,0.3333333333333333,0.4,1.0
465140,mscoco,0.07815428636968136,0.24317362736327136,0.10430616457015277,0.26833227325476394,0.1,0.5,0.1,0.5
21083,mscoco,0.17274000197649003,0.3518320350733057,0.27381578683853147,0.6947305156872803,0.1,0.1,0.1,0.2
200202,mscoco,0.09058350324630737,0.36895283510314447,0.13605303764343263,0.6523082603986978,0.3,0.3333333333333333,0.7,1.0
215320,mscoco,0.04478936269879341,0.18857559331222903,0.08644896913319826,0.33046180858738033,0.0,0.0666666666666666,0.2,0.25
28978,mscoco,0.2099489290267229,0.41505581565072747,0.20123731177300214,0.5742917878147098,0.0,0.0769230769230769,0.4,1.0
281427,mscoco,0.08816842399537564,0.3115756951701027,0.1631639264523983,0.4743557078981934,0.0,0.0161290322580645,0.2,1.0
357663,mscoco,0.19105749391019344,0.647465642124289,0.15844911113381385,0.6396818268123107,0.1,1.0,0.1,1.0
186171,mscoco,0.256116396933794,0.6554364431273606,0.2695531755685806,0.8191235095251929,0.0,0.05,0.1,0.3333333333333333
386788,mscoco,0.19360136836767197,0.49297768285123766,0.16928167268633842,0.4936718189132069,0.1,0.5,0.0,0.0909090909090909
492363,mscoco,0.08134640203788876,0.2739055776589046,0.11172872949391603,0.3597508301945607,0.1,1.0,0.1,1.0
486547,mscoco,0.416031651198864,0.6958870739939398,0.41800067722797396,0.6553485765049066,0.1,1.0,0.1,0.5
516570,mscoco,0.07062741443514824,0.25862785641484415,0.09332440048456192,0.3323994737073399,0.1,0.2,0.1,0.1
152662,mscoco,0.1253893654793501,0.4741610144570738,0.18539695180952548,0.4757496015555154,0.0,0.0277777777777777,0.0,0.037037037037037
415280,mscoco,0.06539951204322278,0.300500361694149,0.07818804085254669,0.3347323603353278,0.1,1.0,0.1,1.0
397404,mscoco,0.1573901806026697,0.4206931639870299,0.26472237035632135,0.6130468692020423,0.0,0.0095238095238095,0.0,0.0526315789473684
488801,mscoco,0.4498442202806473,0.8662064064855256,0.5056013986468315,0.8635653234822883,0.7,1.0,0.8,1.0
544956,mscoco,0.018126846640370786,0.12415866394695904,0.019732151343487204,0.1284122126759123,0.1,1.0,0.1,1.0
576859,mscoco,0.11217539981007577,0.2988285348332882,0.17109934985637665,0.5915115251201214,0.1,0.2,0.0,0.0106382978723404
280370,mscoco,0.12653191797435284,0.37485212133931406,0.1396930657327175,0.40856926642938485,0.1,0.1666666666666666,0.1,0.1
310853,mscoco,0.12412965036928654,0.3109149339403695,0.18130647763609886,0.4475267750966018,0.1,0.2,0.2,0.5
363527,mscoco,0.22624332178384066,0.4075604351391064,0.2958872653543949,0.5488754390199281,0.1,0.5,0.2,1.0
47548,mscoco,0.14181758537888528,0.43267830771892596,0.14714390151202678,0.43917733771222983,0.2,1.0,0.2,0.5
542313,mscoco,0.3037041570991278,0.7689647334171371,0.3393001891672611,0.6623983706000416,0.2,0.3333333333333333,0.2,0.5
183386,mscoco,0.2180845133960247,0.46908443451914117,0.2011977568268776,0.4729128659902559,0.5,0.25,0.3,0.2
131101,mscoco,0.04853170271962881,0.23704642042964474,0.05522804423235357,0.2622579259585575,0.1,0.3333333333333333,0.4,1.0
130981,mscoco,0.2320454053580761,0.5943302050177126,0.3178632840514183,0.6968995149472121,0.1,0.1111111111111111,0.8,1.0
443547,mscoco,0.07008135765790939,0.1960538176209574,0.06172244641929865,0.3372081255909869,0.1,0.25,0.1,1.0
103978,mscoco,0.24304886013269425,0.6130357899014237,0.3371106207370758,0.6572758095341381,0.2,0.5,0.3,1.0
7669,mscoco,0.24286470413208008,0.6464351216648255,0.2581930011510849,0.6256975916126973,0.4,1.0,0.7,1.0
111245,mscoco,0.04118549190461636,0.2045078493986991,0.04648496061563492,0.21669283617580246,0.1,1.0,0.1,1.0
326948,mscoco,0.44773067682981493,0.7449000233199929,0.2924159877002239,0.791131727491977,0.5,1.0,0.7,1.0
486807,mscoco,0.01404101912630722,0.0891262864601929,0.02382958832895383,0.1274586115068481,0.1,1.0,0.1,0.5
303652,mscoco,0.05086274081841111,0.21264216391051008,0.1417019387707114,0.5613310146439924,0.0,0.0044843049327354,0.1,1.0
173547,mscoco,0.10810674577951432,0.3240860355427407,0.12702619880437852,0.3952343946448109,0.6,1.0,0.6,1.0
325239,mscoco,0.05105031905695796,0.23352068123641193,0.08776627257466316,0.2968129924485701,0.1,0.125,0.0,0.037037037037037
353357,mscoco,0.07424662169069052,0.27987112473352355,0.07041595876216888,0.24426711196832485,0.1,0.1111111111111111,0.0,0.0105263157894736
426429,mscoco,0.15239442232996225,0.660817637055344,0.07555175982415677,0.3918015320976875,0.2,0.3333333333333333,0.2,0.5
261207,mscoco,0.2994865827262402,0.7872915535799124,0.2282009430229664,0.6945431053293832,0.3,0.3333333333333333,0.2,0.1666666666666666
461506,mscoco,0.08016014955937863,0.3877200605182648,0.11970122214406728,0.43370742915190813,0.1,0.125,0.0,0.0909090909090909
44856,mscoco,0.15822936668992044,0.45093372025420775,0.14651863351464273,0.5526894657512649,0.2,0.3333333333333333,0.2,0.5
180817,mscoco,0.09454360129311681,0.3852460337518061,0.060455299681052566,0.2580397320023055,0.1,0.5,0.1,0.1428571428571428
390435,mscoco,0.5204204469919205,0.8610026354801419,0.6289680302143097,0.8195949552065956,0.3,1.0,0.5,1.0
49648,mscoco,0.30727036073803904,0.6212710882558595,0.4434376582503319,0.6799516653318441,0.1,0.2,0.1,1.0
172498,mscoco,0.09225747073069215,0.30667318695505236,0.17697564251720904,0.4463586694117873,0.1,1.0,0.5,1.0
67126,mscoco,0.22064025774598123,0.5777486924417828,0.2534638613462448,0.6472372470357403,0.1,0.5,0.0,0.0769230769230769
478029,mscoco,0.3114058494567871,0.7569560410532749,0.27851626873016355,0.5828480095517224,0.1,0.2,0.1,1.0
508567,mscoco,0.1097214013338089,0.2905100406277376,0.1838892102241516,0.5083804413318781,0.2,0.2,0.8,0.5
81,drawbench,0.13131990954279898,0.5532756662270379,0.21707201153039932,0.49120895432685785,0.0,0.0232558139534883,0.0,0.027027027027027
109355,mscoco,0.2542040653526783,0.665894289985388,0.34084153175354004,0.7261116504907449,0.0,0.0043668122270742,0.0,0.0333333333333333
48935,mscoco,0.24581323117017745,0.6249253362315141,0.2708434253931046,0.6235742902270888,0.2,1.0,0.3,0.25
84886,mscoco,0.09808893818408251,0.3968307503711549,0.12671673372387887,0.46622165887072803,0.0,0.05,0.4,1.0
217271,mscoco,0.29751805141568183,0.6256585185297242,0.3627489373087883,0.866675741489139,0.1,0.5,0.2,1.0
480140,mscoco,0.009121200814843178,0.04463515733345061,0.016000392287969588,0.09072708292965233,0.0,0.0476190476190476,0.0,0.0357142857142857
327105,mscoco,0.2619094975292683,0.6175976904248127,0.3792817823588848,0.7854219603296401,0.2,1.0,0.5,0.2
55768,mscoco,0.23581058196723462,0.36362759254601706,0.4131211996078491,0.7990959422323144,0.1,0.1,0.7,1.0
129030,mscoco,0.04197127602528781,0.29016128132034835,0.04969832992646843,0.30130477655891874,0.1,1.0,0.1,1.0
565387,mscoco,0.2522733107209206,0.44307033408099517,0.3702116973698139,0.6091457319564855,0.0,0.0666666666666666,0.1,0.5
553501,mscoco,0.04621940618380904,0.2157984215177414,0.04546211455017328,0.17070926668510225,0.1,0.1666666666666666,0.1,1.0
170193,mscoco,0.17324688471853733,0.3953600790892027,0.21424264535307885,0.4521985904479006,0.2,1.0,0.2,1.0
199,drawbench,0.03644361803308129,0.13057204998310382,0.05422675292938948,0.260803573057577,0.0,0.0,0.0,0.0
65162,mscoco,0.265647591650486,0.5059075822397308,0.2095224678516388,0.4971123845346827,0.1,0.5,0.1,0.3333333333333333
334542,mscoco,0.38152403980493543,0.6986007925529318,0.2938448145985603,0.6618721630108276,0.3,0.2,0.6,1.0
185559,mscoco,0.6400448858737946,0.8113042852860056,0.6956866979598999,0.9015058189322717,0.8,1.0,1.0,1.0
134066,mscoco,0.40553681552410126,0.6978702636688701,0.44933628141880033,0.8054254431690298,0.2,0.3333333333333333,0.2,0.25
19318,mscoco,0.37649494111537934,0.7361633101469497,0.5529520273208618,0.8078450384001518,0.2,1.0,0.2,1.0
122896,mscoco,0.13644619062542915,0.38135706046652074,0.25903040766716,0.4504934159645757,0.2,0.1666666666666666,0.0,0.0909090909090909
484175,mscoco,0.12237134985625744,0.3179892230165629,0.18765274435281754,0.5521165921192138,0.0,0.0256410256410256,0.1,0.25
550049,mscoco,0.23983216881752015,0.5297613103936399,0.3007177129387856,0.5980863364158373,0.7,1.0,0.6,1.0
558966,mscoco,0.09196692202240228,0.4743473118273994,0.0873506998643279,0.3130110290318602,0.4,1.0,0.6,1.0
303177,mscoco,0.41883501708507537,0.7123135216712292,0.4119324654340744,0.728158051972106,0.0,0.0344827586206896,0.0,0.001727115716753
300047,mscoco,0.08669887706637383,0.3547614627101984,0.11435361057519913,0.3632028197965554,0.2,1.0,0.1,0.25
281977,mscoco,0.09609724134206772,0.3948587718552028,0.14756564777344466,0.6781978412840977,0.8,1.0,1.0,1.0
100169,mscoco,0.13609899245202542,0.34034945883469186,0.32877491116523744,0.6536168377061429,0.2,0.3333333333333333,0.3,1.0
35217,mscoco,0.039996798429638145,0.1709736637353627,0.09362564831972123,0.3368751016779592,0.1,0.5,0.0,0.0049019607843137
195863,mscoco,0.21625104621052743,0.5298520290477127,0.2695179745554924,0.5156130490405498,0.3,0.3333333333333333,0.6,0.5
55753,mscoco,0.033925483701750636,0.15378914000286098,0.02987168966792524,0.1482592620134615,0.0,0.0119047619047619,0.0,0.0277777777777777
189504,mscoco,0.03467307412065566,0.16001582471974418,0.02281238869763911,0.10086472770285947,0.0,0.0175438596491228,0.1,1.0
257236,mscoco,0.04637196436524391,0.16970595428102592,0.07171702235937119,0.29400016534819884,0.0,0.02,0.1,0.2
15830,mscoco,0.10823724623769522,0.5123295818057539,0.17090703770518303,0.5825073514880308,0.1,1.0,0.1,1.0
382423,mscoco,0.26019785851240157,0.7141064616051493,0.24558024257421493,0.7956383280019912,0.1,1.0,0.2,1.0
182,drawbench,0.03280485062859952,0.19074013238600557,0.024732384830713272,0.12179897116371775,0.0,0.0,0.0,0.0
261431,mscoco,0.06253732983022928,0.30495728223169793,0.07578512532636524,0.33065036986012686,0.2,1.0,0.2,1.0
286021,mscoco,0.17717120833694935,0.5891874409715971,0.17390687242150307,0.5108619884686617,0.0,0.0909090909090909,0.0,0.037037037037037
179,drawbench,0.04693901482969522,0.1641159931460972,0.035457856953144073,0.17267073458233947,0.0,0.0,0.0,0.0
20145,mscoco,0.10428316928446293,0.33265812474011497,0.16112226396799087,0.42434114750687413,0.0,0.0909090909090909,0.0,0.0666666666666666
545274,mscoco,0.11049965769052505,0.40961335812103417,0.1303551509976387,0.41680480922960966,0.0,0.0526315789473684,0.2,1.0
93,drawbench,0.10538734998553992,0.48171947201519705,0.17794553749263287,0.5257886319087925,0.0,0.0003133813851457,0.0,0.0013586956521739
254726,mscoco,0.18560813628137113,0.4720826698866731,0.20005057528614997,0.4374509031127774,0.3,1.0,0.4,0.3333333333333333
182125,mscoco,0.1626279190182686,0.43835939071017516,0.26904382556676865,0.6034358000290033,0.1,0.1111111111111111,0.2,0.3333333333333333
46055,mscoco,0.06633713385090231,0.25749471432265975,0.0680255418177694,0.2681152874313115,0.0,0.027027027027027,0.1,1.0
336933,mscoco,0.11828889399766922,0.3261242481554415,0.16428498029708863,0.45655297604665496,0.0,0.0013717421124828,0.1,0.1
175597,mscoco,0.20657833404839038,0.552179795748795,0.334768146276474,0.5942078428264244,0.1,1.0,0.0,0.0303030303030303
370157,mscoco,0.05266788499429822,0.22905380256938926,0.07508478183299302,0.2990944841516746,0.0,0.0227272727272727,0.1,0.25
361356,mscoco,0.02821353618055582,0.17915727807975534,0.03285938389599323,0.1755279284692041,0.2,1.0,0.3,1.0
452806,mscoco,0.4116358146071434,0.7563427467752304,0.5348219767212867,0.8718050007781741,0.4,0.25,0.6,0.5
136,drawbench,0.10177653590217232,0.3316087102735662,0.10159681364893913,0.3573793607653241,0.0,7.48839299086416e-05,0.0,1.80446786242737e-05
191314,mscoco,0.05737364985980094,0.19779470251806755,0.06626446815207601,0.3230592034492067,0.1,0.5,0.1,1.0
26,drawbench,0.363414803147316,0.7526381789607609,0.2794294163584709,0.6195238204824844,0.0,0.0,0.0,0.0
24414,mscoco,0.2770642932504416,0.7662019950315572,0.21703950837254524,0.7217346624413227,0.2,1.0,0.5,1.0
499634,mscoco,0.04342491365969181,0.16756218771593323,0.06086807921528816,0.22845058612657929,0.0,0.037037037037037,0.0,0.0121951219512195
13482,mscoco,0.1639905210584402,0.5463736818380585,0.14672309756278992,0.5340401526606515,0.1,1.0,0.1,1.0
267861,mscoco,0.23434807322919368,0.5118733665808628,0.37809985876083374,0.7992316807017117,0.1,0.1666666666666666,0.1,1.0
498967,mscoco,0.11862314194440841,0.3500444548884055,0.2023160457611084,0.4920826325071271,0.3,0.3333333333333333,0.2,1.0
247979,mscoco,0.00449526309967041,0.029095061382737618,0.004811535883345641,0.029121907705737696,0.1,1.0,0.1,1.0
438196,mscoco,0.11966758631169797,0.37231855959746135,0.15369665510952474,0.46020904043011723,0.3,1.0,0.3,1.0
230700,mscoco,0.29830256551504136,0.6783441047204705,0.29146558344364165,0.6523491176352069,0.0,0.0076335877862595,0.0,0.0909090909090909
22660,mscoco,0.08970699030905963,0.3933642417502602,0.07899059085175394,0.40392885142783624,0.3,1.0,0.3,1.0
227982,mscoco,0.07509128749370575,0.3350554385495013,0.07198645398020745,0.31681416075749963,0.1,0.25,0.2,0.5
134807,mscoco,0.02431429842254147,0.16162158232502033,0.028275920578744264,0.16789304884939713,0.1,1.0,0.1,1.0
209788,mscoco,0.05584280285984278,0.22893411640182487,0.1362164705991745,0.5735100764612752,0.0,0.0263157894736842,0.0,0.02
139518,mscoco,0.13276260532438755,0.4894696436626133,0.16511356495320798,0.6609667043221947,0.0,0.0454545454545454,0.1,0.25
232625,mscoco,0.10683762170374393,0.2862238874281214,0.12787309288978577,0.46007452107738356,0.0,0.0303030303030303,0.2,0.25
423875,mscoco,0.03915884159505367,0.12066602200030296,0.08474787995219231,0.22659575279856248,0.1,1.0,0.1,1.0
87878,mscoco,0.18406480476260184,0.46618356885649537,0.1945399560034275,0.6153334199687288,0.0,0.0416666666666666,0.1,0.5
55,drawbench,0.10506086386740207,0.28852572189205833,0.04471732098609209,0.22763843465300426,0.0,0.0,0.0,0.0
315273,mscoco,0.21343996226787568,0.5158607684596692,0.3383965387940407,0.762481297777188,0.3,1.0,0.5,0.5
118968,mscoco,0.11112099438905716,0.395627313292912,0.130008365213871,0.37909371473812803,0.1,0.5,0.0,0.0714285714285714
426459,mscoco,0.2544393867254257,0.5569254779241548,0.2279373899102211,0.4656773131162355,0.3,0.2,0.1,0.1
310695,mscoco,0.1068915662355721,0.5116368710902033,0.09072637781500817,0.2835592664563552,0.1,1.0,0.3,1.0
266912,mscoco,0.3278600238263607,0.677521778609105,0.30301183834671974,0.7997239147500866,0.1,0.5,0.1,1.0
70187,mscoco,0.22121059745550156,0.6795886498412514,0.2737199664115906,0.7509127306705661,0.1,0.5,0.1,1.0
75352,mscoco,0.31706853546202185,0.736042341730574,0.3476645991206169,0.5928636456020742,0.2,0.5,0.5,0.5
485187,mscoco,0.07696417309343814,0.3817382519913106,0.061879323609173295,0.3125521412696299,0.3,0.25,0.3,1.0
446310,mscoco,0.18776576966047287,0.4448696676554953,0.2920434236526489,0.6284996259894438,0.0,0.0416666666666666,0.6,1.0
172702,mscoco,0.03605391075834632,0.1751554543819862,0.05161467781290412,0.20011591872928153,0.1,1.0,0.1,1.0
41838,mscoco,0.3358170438557863,0.7723504403475081,0.4670147687196732,0.8610144496878891,0.8,1.0,1.0,1.0
348083,mscoco,0.04500051755458116,0.16435771390724027,0.07044354919344187,0.4162536434856975,0.1,0.1111111111111111,0.1,0.2
465198,mscoco,0.1569148987531662,0.4281768390887199,0.23478611558675766,0.5668625806479848,0.0,0.0454545454545454,0.1,1.0
458123,mscoco,0.2770670630037785,0.6138914808997895,0.27908814027905465,0.6267171380209796,0.1,0.2,0.3,1.0
215558,mscoco,0.2721882663667202,0.7111284375496013,0.2788905739784241,0.7613604368621759,0.0,0.0769230769230769,0.4,1.0
201019,mscoco,0.25369470082223416,0.6084110548573421,0.44453282579779624,0.6579512221547391,0.2,0.1428571428571428,0.9,0.5
153921,mscoco,0.21227854639291763,0.5964113440629791,0.3288106068968773,0.7000786489427219,0.1,0.2,0.1,0.1428571428571428
345389,mscoco,0.0073165737325325605,0.04017593714391179,0.009790153277572244,0.07041825597093693,0.1,0.1111111111111111,0.1,1.0
359066,mscoco,0.05021257873158902,0.23887041151220917,0.10682813925668597,0.36217968481422264,0.1,1.0,0.2,0.25
22102,mscoco,0.16017648503184317,0.5566625065066009,0.22808631211519242,0.6807624707175843,0.7,1.0,0.9,1.0
194419,mscoco,0.18405391983687877,0.3776878944041019,0.2357356883585453,0.5726951773773312,0.5,0.5,0.5,1.0
391053,mscoco,0.11807420495897532,0.4508015840070551,0.15604307167232037,0.5257388554960267,0.1,0.25,0.0,0.0033783783783783
20171,mscoco,0.26500478982925413,0.7009997713299866,0.2567092165350914,0.5893341322160942,0.3,1.0,0.7,1.0
538001,mscoco,0.23846748620271682,0.5912083933519066,0.3460781559348106,0.6209532767072596,0.0,0.0095238095238095,0.0,0.0024570024570024
575490,mscoco,0.0565410116687417,0.2169907923518414,0.10379165560007095,0.36250815258416624,0.2,0.5,0.7,0.3333333333333333
75427,mscoco,0.09676905646920204,0.32089016470355597,0.12295071855187416,0.41713909012110695,0.1,1.0,0.1,0.5
510564,mscoco,0.12781548835337161,0.31874739717537576,0.18912479169666768,0.7406946572312674,0.0,0.0454545454545454,0.1,0.5
58117,mscoco,0.15683355890214443,0.4882481451202965,0.14246918745338916,0.5894881732100763,0.1,0.5,0.1,0.1666666666666666
294416,mscoco,0.13981891591101886,0.5531603682788578,0.24417928867042066,0.7620301681544145,0.0,0.0416666666666666,0.3,1.0
525176,mscoco,0.2232090212404728,0.5684997119910834,0.21479062512516975,0.5774339202062173,0.0,0.0133333333333333,0.0,0.0588235294117647
316522,mscoco,0.04970038982573897,0.3024261506311579,0.06822334281168878,0.24859120964325748,0.1,1.0,0.1,0.2
198832,mscoco,0.1751556523144245,0.45029432980517053,0.3101994782686234,0.6390648812411903,0.0,0.0113636363636363,0.0,0.0294117647058823
378022,mscoco,0.05229613864794373,0.2562931500376049,0.06351287178695202,0.22113146034641637,0.1,0.25,0.3,1.0
306037,mscoco,0.15441099759191274,0.5642231919894611,0.14901294093579054,0.7375616766883631,0.0,0.0333333333333333,0.1,1.0
51021,mscoco,0.2253753151744604,0.5264433224468095,0.27374411523342135,0.6265514793327626,0.4,1.0,0.8,1.0
225392,mscoco,0.04233570918440819,0.14608826173834502,0.13420089669525623,0.5255979080741819,0.0,0.0232558139534883,0.3,0.3333333333333333
543490,mscoco,0.07401736080646515,0.28980580048839966,0.10415516197681426,0.3420665880088608,0.2,1.0,0.4,0.5
305117,mscoco,0.04666906548663974,0.21238500911799327,0.08208638923242688,0.46249732878415295,0.0,0.0192307692307692,0.1,1.0
519387,mscoco,0.030856681056320667,0.2019397681612585,0.019633804680779576,0.1297683201314297,0.0,0.00177304964539,0.0,0.0192307692307692
98501,mscoco,0.13264105394482611,0.5251112320567121,0.207804436981678,0.5708975755138402,0.1,0.1111111111111111,0.0,0.0120481927710843
249791,mscoco,0.1637602798640728,0.5535232435073488,0.13463556207716465,0.4252830349528334,0.1,0.3333333333333333,0.0,0.0147058823529411
327664,mscoco,0.25417821370065213,0.7172139560855071,0.39753597527742385,0.8183989257885916,0.1,0.25,0.2,1.0
22,drawbench,0.02119618880096823,0.1583564150423307,0.01532723316922784,0.0741204522050299,0.0,0.0,0.0,0.0
225654,mscoco,0.15132395960390568,0.48645687073938276,0.17234748266637326,0.7712172904217864,0.0,0.0384615384615384,0.1,1.0
47700,mscoco,0.3052767410874367,0.7594035069689042,0.3352589815855026,0.7336176964351703,0.3,0.5,0.2,0.2
77159,mscoco,0.12304047122597694,0.3642988297000727,0.15864319428801538,0.4543627998907626,0.1,0.1111111111111111,0.3,1.0
501773,mscoco,0.14316262677311897,0.40081716794124533,0.14278882890939712,0.44701036587980136,0.1,1.0,0.1,1.0
355137,mscoco,0.28399485200643537,0.6629705442430358,0.30310251861810683,0.6010012803821448,0.1,0.2,0.4,1.0
476055,mscoco,0.15114630833268167,0.4128270158132055,0.23431080505251883,0.5319947658324312,0.1,0.1666666666666666,0.2,0.5
446898,mscoco,0.10847457870841026,0.3977419124096516,0.24091947302222252,0.6307206191565856,0.2,1.0,0.5,1.0
336645,mscoco,0.19018590673804284,0.4878897686102446,0.2479204475879669,0.5108802537098095,0.2,1.0,0.4,0.3333333333333333
57242,mscoco,0.15493207275867463,0.6321843530261775,0.158779152110219,0.6896917192885742,0.1,0.5,0.1,1.0
137178,mscoco,0.3366669550538063,0.6120097484133004,0.35869358479976654,0.6640428743855886,0.4,0.5,0.4,1.0
113113,mscoco,0.14214803725481034,0.4456898258119483,0.26109117567539214,0.8029895989293967,0.6,1.0,0.5,1.0
403028,mscoco,0.34272907972335814,0.6055661053847802,0.4138379216194153,0.7021053288631166,0.1,0.1111111111111111,0.1,1.0
346795,mscoco,0.04780049403198063,0.16956203066010392,0.04794858815148473,0.20994833508596922,0.1,0.1,0.0,0.0909090909090909
145682,mscoco,0.3007230840623379,0.6392820158084055,0.22093641720712184,0.6270945514164127,0.1,0.1111111111111111,0.0,0.0163934426229508
418791,mscoco,0.06268126536160708,0.2487827967587354,0.08266163635998965,0.32120261810983475,0.0,0.0833333333333333,0.1,1.0
107838,mscoco,0.2554784543812275,0.596416234637096,0.30405266433954237,0.7234979580502626,0.2,1.0,0.5,1.0
149577,mscoco,0.20815738160163164,0.609943156361937,0.30647367611527443,0.6390349135756938,0.1,1.0,0.1,1.0
10,drawbench,0.2221017185598612,0.7200753441074168,0.24120205864310265,0.6771650388340374,0.0,0.0,0.0,0.0
544614,mscoco,0.5915869563817978,0.848222059183278,0.6173344925045967,0.8485112877347266,0.9,1.0,1.0,1.0
419150,mscoco,0.1918111603707075,0.5753212880799882,0.30409651920199393,0.8695872513006071,0.1,0.1666666666666666,0.2,1.0
496783,mscoco,0.09026193059980869,0.41465531475725764,0.11018193271011115,0.4176431246636231,0.2,1.0,0.2,1.0
195062,mscoco,0.31323546916246414,0.7789904384009213,0.3477760225534439,0.755883652166884,0.1,0.1111111111111111,0.6,1.0
183481,mscoco,0.18184342198073863,0.45415703878848906,0.27979926839470864,0.6440711860675871,0.7,0.5,0.7,1.0
495288,mscoco,0.16497147716581823,0.6826219985711048,0.17424573935568333,0.5984145338186269,0.0,0.0416666666666666,0.1,1.0
162,drawbench,0.09933181125670672,0.30925572736486306,0.12364101093262433,0.49555662897606584,0.0,0.0,0.0,0.0
99321,mscoco,0.11009060852229595,0.41448736870153485,0.14615806378424168,0.4965935592122068,0.6,0.5,1.0,1.0
502637,mscoco,0.13902099132537843,0.3752269723238887,0.13819929733872413,0.5159107006168587,0.4,0.3333333333333333,0.7,1.0
136458,mscoco,0.13776575438678265,0.6159480527826765,0.20867956802248955,0.6901110107870677,0.1,0.5,0.1,0.3333333333333333
113333,mscoco,0.11556250602006912,0.36196089888376176,0.16821036525070668,0.4544439124628355,0.3,0.5,0.1,1.0
473448,mscoco,0.1091385155916214,0.41934102943549817,0.1433444105088711,0.44182823629049284,0.3,1.0,0.0,0.05
450598,mscoco,0.4044104069471359,0.744629728124522,0.4122009813785553,0.8119823460271229,0.4,1.0,0.9,1.0
474157,mscoco,0.31979102492332456,0.5317438218005497,0.5299912691116333,0.7970926926937858,0.1,0.1111111111111111,0.2,1.0
74499,mscoco,0.10644730217754841,0.4182327452404373,0.17361115776002406,0.5109745669760224,0.1,1.0,0.2,1.0
107610,mscoco,0.4712501883506775,0.8283332064580341,0.5991520345211029,0.8848873168899831,0.4,1.0,0.6,0.5
200959,mscoco,0.2659562867134809,0.642869194938469,0.34799542278051376,0.7118629874761774,0.3,1.0,0.7,1.0
463430,mscoco,0.21510639414191246,0.7920707836978693,0.11980150826275349,0.5778504736381519,0.0,0.0123456790123456,0.0,0.0085470085470085
512509,mscoco,0.12147835604846477,0.4734428958208434,0.17673064656555654,0.5501075001044429,0.2,0.5,0.1,0.5
458921,mscoco,0.030809983657673002,0.16908012750551535,0.041334612481296065,0.20102317889062413,0.0,0.025,0.1,1.0
282667,mscoco,0.08549763318151235,0.4065392721066426,0.13298892378807067,0.44233534035652283,0.1,0.3333333333333333,0.1,0.5
448771,mscoco,0.04334173901006579,0.21069373490544763,0.06253251312300563,0.2502651555395052,0.0,0.0196078431372549,0.0,0.05
293598,mscoco,0.576388293504715,0.859506594142656,0.6239067435264587,0.8652453926967412,0.7,1.0,0.8,1.0
541193,mscoco,0.08055113833397627,0.30396938618561903,0.1182742988690734,0.4247407983510821,0.0,0.0666666666666666,0.0,0.0588235294117647
356569,mscoco,0.08848564699292183,0.3414842463529862,0.12098122164607047,0.38285582609015384,0.1,0.125,0.0,0.0714285714285714
334513,mscoco,0.24442133903503419,0.5745878079669091,0.43060038387775423,0.7097765965191344,0.1,0.1111111111111111,0.6,1.0
430167,mscoco,0.1641212996095419,0.6554216690915032,0.17705279886722564,0.70077360170051,0.0,0.025,0.0,0.032258064516129
513125,mscoco,0.3263957604765892,0.6930080617939591,0.3258693337440491,0.7441099243294843,0.1,0.1428571428571428,0.2,0.3333333333333333
356257,mscoco,0.09251685226336122,0.4424991724786501,0.14700646083801985,0.5276897288254057,0.1,1.0,0.1,0.25
364010,mscoco,0.0969831956550479,0.34752493300418,0.09644545931369067,0.3842928656075951,0.1,0.25,0.1,1.0
148542,mscoco,0.14922724701464177,0.4296677042668534,0.16577281355857848,0.6054930779080306,0.0,0.0526315789473684,0.0,0.037037037037037
82405,mscoco,0.13285751454532146,0.5682213904888866,0.10498641356825829,0.39954891763625516,0.7,1.0,0.4,1.0
70755,mscoco,0.09265767559409141,0.3931540529790597,0.15935189500451089,0.561066311956806,0.1,0.1666666666666666,0.1,1.0
118927,mscoco,0.15902835950255395,0.44618415151031837,0.16306594833731652,0.696467257416674,0.1,1.0,0.1,0.3333333333333333
508915,mscoco,0.039087929856032134,0.15684996267377313,0.11502641327679157,0.3460962009365351,0.2,0.3333333333333333,0.1,0.2
491739,mscoco,0.40257388651371,0.5424860342055591,0.36079229936003687,0.8239400265350991,0.0,0.0147058823529411,0.1,0.3333333333333333
147546,mscoco,0.0935238366946578,0.3368479733330833,0.20320272780954837,0.45114132378878985,0.5,0.3333333333333333,0.3,0.5
262213,mscoco,0.2544067472219467,0.5483248980777059,0.32217263132333757,0.5818042842372928,0.9,0.5,0.7,1.0
415728,mscoco,0.10680254139006137,0.3620711026098511,0.10831021592020988,0.5226671742304443,0.5,1.0,0.5,1.0
506873,mscoco,0.24620592817664147,0.7074361093353296,0.27570725306868554,0.8346287608066155,0.6,1.0,0.7,1.0
538210,mscoco,0.2867819033563137,0.525372407998273,0.39415775835514066,0.6354382524141884,0.2,0.2,0.6,0.5
581127,mscoco,0.10514346845448017,0.3171624988917312,0.1468400064855814,0.47815974079920803,0.0,0.0185185185185185,0.1,0.5
110013,mscoco,0.12663276828825473,0.5204045960754714,0.05955537371337414,0.2642858634656422,0.3,1.0,0.3,1.0
502286,mscoco,0.21113332659006118,0.7318341599922619,0.20638036206364632,0.6637515710341293,0.0,0.04,0.1,0.5
99425,mscoco,0.33577563166618346,0.7022468706564975,0.4139407083392143,0.7434322717926519,0.1,0.125,0.4,1.0
103042,mscoco,0.2280469112098217,0.49768909665253297,0.30958660542964933,0.665362572112247,0.3,1.0,0.7,0.5
360440,mscoco,0.05403577946126461,0.28195200925699043,0.046056332718580964,0.2541104738491883,0.1,1.0,0.1,1.0
409668,mscoco,0.2074164405465126,0.5787819863808268,0.22680824995040894,0.5989150553741825,0.9,1.0,0.9,1.0
421639,mscoco,0.03491681492887437,0.23822233895878175,0.0535843662917614,0.21383591726220808,0.0,0.0526315789473684,0.1,0.1111111111111111
277717,mscoco,0.03594267265871167,0.15402324247136467,0.035032748524099586,0.1565278279620119,0.1,1.0,0.1,1.0
113851,mscoco,0.1367197722196579,0.3240273602663145,0.11534251049160957,0.3935657860136959,0.6,0.5,0.4,1.0
380100,mscoco,0.27384397834539415,0.5128379590784655,0.38534868955612184,0.5841819756534997,0.3,1.0,0.7,1.0
68601,mscoco,0.24734246134757995,0.6711040752980519,0.2324110522866249,0.7012053129074683,0.1,0.5,0.2,0.125
82229,mscoco,0.22202739417552947,0.5856175844916005,0.3737248256802559,0.7882210172264459,0.0,0.0909090909090909,0.0,0.0185185185185185
263462,mscoco,0.16791563257575035,0.44698492331734657,0.24246142134070398,0.5639164986123282,0.2,0.1666666666666666,0.4,0.5
352495,mscoco,0.0816701184026897,0.34565855448175525,0.15278308279812336,0.4867742521596637,0.5,1.0,0.6,0.5
64339,mscoco,0.143636479601264,0.5253180116736506,0.17108242884278296,0.541008157320974,0.1,1.0,0.1,0.3333333333333333
11156,mscoco,0.050107255671173336,0.2779369135692272,0.034971055248752235,0.21902102459130793,0.1,0.5,0.1,1.0
334872,mscoco,0.3844733715057373,0.7797464225464704,0.41375487148761747,0.751031152753905,0.3,0.3333333333333333,0.4,0.5
477820,mscoco,0.17042730674147605,0.480427850914543,0.2096718281507492,0.5353251131989109,0.3,0.25,0.2,0.5
283884,mscoco,0.2709146536886692,0.7054176913014941,0.4210701912641525,0.7116337840788838,0.4,0.3333333333333333,0.6,0.5
418868,mscoco,0.06431575454771518,0.22657354425927761,0.12656282857060433,0.44297470714350645,0.1,0.25,0.2,1.0
350309,mscoco,0.26461583450436593,0.5995519023158832,0.2900684028863907,0.5235433723139838,0.2,0.3333333333333333,0.1,0.25
14537,mscoco,0.11303602326661348,0.38993393992994574,0.10657865242101253,0.4655670329260277,0.1,0.5,0.1,1.0
575040,mscoco,0.11849470771849155,0.4581194570270442,0.0704128561541438,0.23798507771755925,0.0,0.006578947368421,0.0,0.0018115942028985
449455,mscoco,0.23835689723491668,0.6984265281224125,0.2873550198972225,0.7723214521449171,0.9,1.0,0.6,1.0
211686,mscoco,0.23553241044282913,0.4915121011602619,0.2032745823264122,0.483938136032258,0.1,1.0,0.1,1.0
154745,mscoco,0.2647671774029732,0.54506272884135,0.4271481953561306,0.7716035589792237,0.1,0.25,0.2,0.25
152084,mscoco,0.23254236802458764,0.725743255868208,0.20000027902424336,0.6528353689037165,0.1,0.1666666666666666,0.1,1.0
536390,mscoco,0.2668492585420609,0.7383269062908796,0.2958120904862881,0.6219078708468523,0.0,0.0666666666666666,0.3,0.3333333333333333
235906,mscoco,0.11619578190147876,0.3735141427389888,0.1071697372943163,0.3589650726484969,0.5,1.0,0.3,1.0
526126,mscoco,0.10598583780229091,0.3423087779783308,0.15930670350790024,0.55085486222828,0.0,0.037037037037037,0.2,1.0
3711,mscoco,0.15583783984184266,0.5288197116683073,0.1486748829483986,0.41577640007879485,0.3,0.1666666666666666,0.2,1.0
275938,mscoco,0.35736631155014037,0.6942544555037572,0.3980343624949455,0.7677677321548791,0.5,1.0,0.9,1.0
180130,mscoco,0.4564338117837906,0.8597908512595702,0.5908992402255535,0.9050195889930117,0.5,1.0,0.7,1.0
401037,mscoco,0.10676622372120619,0.4368745105387437,0.09953879565000534,0.4766242790488931,0.0,0.0178571428571428,0.1,1.0
348816,mscoco,0.19685141369700432,0.6030324642572833,0.1910155914723873,0.6880736934857349,0.3,1.0,0.2,1.0
358300,mscoco,0.32832223922014236,0.7974439421022816,0.2605354286730289,0.7269580448226383,0.1,1.0,0.0,0.0588235294117647
226577,mscoco,0.2260223314166069,0.4486899407565095,0.27310360968112946,0.7099778622107404,0.5,0.5,0.3,0.5
425100,mscoco,0.1092043187469244,0.32398683099612224,0.1653840184211731,0.4000135514584215,0.1,0.1666666666666666,0.1,0.2
11184,mscoco,0.07783951666206121,0.21738345380239824,0.1696573568508029,0.5456981916425624,0.0,0.0434782608695652,0.0,0.03125
391972,mscoco,0.03310972014442086,0.12224050511654054,0.032945008389651774,0.11099492809647352,0.1,0.5,0.0,0.0714285714285714
578072,mscoco,0.21284810304641724,0.5239151413647621,0.1511238295584917,0.5023265470150239,0.2,1.0,0.1,1.0
558798,mscoco,0.1740628495812416,0.4546170856511548,0.1382475823163986,0.494935493626581,0.1,0.25,0.0,0.0181818181818181
353559,mscoco,0.09247541818767786,0.2559510703327024,0.10965692298486829,0.5170975728252432,0.3,0.2,0.3,0.5
291117,mscoco,0.19113171994686126,0.5135002429960059,0.27537720650434494,0.6974580588350524,0.0,0.0769230769230769,0.6,1.0
372201,mscoco,0.08637810461223125,0.28180697453113834,0.16793157979846002,0.4211475556954374,0.0,0.0303030303030303,0.2,0.1666666666666666
204085,mscoco,0.1162774533033371,0.33740195031731757,0.10908163785934448,0.33021022197788524,0.6,1.0,0.6,1.0
218965,mscoco,0.1844024643301964,0.5995255659004711,0.26875523179769517,0.6147607339103958,0.2,1.0,0.2,1.0
343012,mscoco,0.021411199308931827,0.09207067383405866,0.025282280519604683,0.10392460998798478,0.1,1.0,0.1,0.25
271941,mscoco,0.16170052327215673,0.5654472084750358,0.1276054996997118,0.4380523281888115,0.1,0.1666666666666666,0.2,0.5
230141,mscoco,0.13613206036388875,0.4694901887097847,0.21491866931319237,0.7237509549300544,0.1,0.25,0.1,0.2
58232,mscoco,0.4133097484707832,0.793936571352563,0.4059895992279053,0.5301514789239704,0.0,0.0434782608695652,0.0,0.0303030303030303
175437,mscoco,0.06477889269590378,0.25109515014153677,0.13491909205913544,0.5617723361224259,0.1,0.5,0.0,0.0175438596491228
541010,mscoco,0.4703235626220703,0.5806332945248452,0.602126544713974,0.8409226776572988,0.1,0.5,0.1,0.1666666666666666
140,drawbench,0.12507812920957803,0.4739864831363275,0.18644960299134256,0.5367568654777213,0.0,0.0,0.0,0.0
170558,mscoco,0.12190752811729907,0.30404209730864273,0.1367452010512352,0.45087226162049643,0.1,0.3333333333333333,0.2,0.3333333333333333
148267,mscoco,0.4059114813804626,0.8170332499758141,0.4228279307484627,0.8118467797770716,0.1,1.0,0.1,1.0
531896,mscoco,0.049814008409157395,0.25925820746791006,0.08546842820942402,0.32946986849874765,0.0,0.0769230769230769,0.1,1.0
153620,mscoco,0.1329645451158285,0.4612746833498465,0.12823828347027302,0.41722702748128054,0.1,0.125,0.1,0.25
450,mscoco,0.2357433930039406,0.6049432104070585,0.3494802713394165,0.7569879619367013,0.2,1.0,0.3,0.3333333333333333
186605,mscoco,0.18358131423592566,0.5039538794892476,0.21568989157676696,0.5200413795111408,0.1,1.0,0.1,0.25
188845,mscoco,0.060872837295755745,0.20630408059229938,0.2147327721118927,0.6855217965338162,0.0,0.0039682539682539,0.0,0.0333333333333333
442400,mscoco,0.0317878651432693,0.1930232599789755,0.049306734232231975,0.26902580588480046,0.0,0.0416666666666666,0.1,0.25
493416,mscoco,0.08718750849366189,0.36229350482400696,0.12433308102190495,0.38074462676821924,0.0,0.0069444444444444,0.1,0.5
239532,mscoco,0.2156252980232239,0.5546735374168186,0.22998365312814711,0.7081221914343404,0.0,0.0263157894736842,0.1,1.0
5862,mscoco,0.05514078587293625,0.20383028955629653,0.07755361590534449,0.3941164341951043,0.1,0.1428571428571428,0.3,1.0
194744,mscoco,0.27514866441488267,0.5774499946734706,0.259692457318306,0.6428299976290259,0.1,0.5,0.2,0.1428571428571428
570512,mscoco,0.0367940625641495,0.200343851731537,0.04967469247058034,0.19286174634845352,0.0,0.0666666666666666,0.1,1.0
18191,mscoco,0.03355448708171025,0.2244730202126703,0.024266978562809526,0.09333139635063445,0.1,0.1666666666666666,0.0,0.0833333333333333
346093,mscoco,0.27244268655776976,0.5863138521302809,0.36797062009572984,0.7577686250219828,0.3,0.3333333333333333,0.3,1.0
549978,mscoco,0.17787042520940305,0.3892285583440077,0.23521576821804047,0.5707619009368622,0.0,0.0833333333333333,0.3,0.5
114468,mscoco,0.18486452773213385,0.48899114708406577,0.2484691936522722,0.6153456813005337,0.1,0.5,0.2,1.0
45490,mscoco,0.07472243076190352,0.39595124837724877,0.07776297591626644,0.3299040812758452,0.1,0.25,0.1,1.0
99701,mscoco,0.20437628626823426,0.5501770433502071,0.16045474708080293,0.4218183801163479,0.2,0.5,0.2,0.1666666666666666
228336,mscoco,0.20887502580881118,0.6414923840386267,0.29494854658842085,0.6713133679988491,0.0,0.0625,0.3,0.5
442148,mscoco,0.24240361573174596,0.559748831725266,0.21989434957504272,0.5245033851297036,0.3,1.0,0.2,1.0
155,drawbench,0.05627764016389847,0.21952054513904012,0.07449087537825108,0.4258010841720186,0.0,4.697702823319397e-05,0.0,0.000124254473161
539287,mscoco,0.1255054332315922,0.28640931703264705,0.3054241716861725,0.6780689269519925,0.0,0.0588235294117647,0.6,1.0
151466,mscoco,0.058458448853343725,0.3514101983993585,0.17066633701324463,0.6453465885488316,0.1,1.0,0.3,0.25
329908,mscoco,0.27132081538438796,0.6750670224496228,0.2720725372433662,0.6786162711800416,0.2,0.3333333333333333,0.4,0.3333333333333333
384986,mscoco,0.12249256111681461,0.4941794078432875,0.16701107397675513,0.440785907150669,0.0,0.0068493150684931,0.0,0.0111111111111111
444801,mscoco,0.1617765247821808,0.33531577664977824,0.24173616021871566,0.5216136066083668,0.1,0.125,0.5,0.5
223875,mscoco,0.1047411235049367,0.3694520960946123,0.130964769795537,0.6393859592518296,0.0,0.04,0.1,1.0
84493,mscoco,0.1085324689745903,0.3207170761099983,0.11655003763735294,0.4411064369494192,0.4,1.0,0.4,1.0
484206,mscoco,0.2605097860097885,0.5705608921038346,0.2193288840353489,0.5506564949658084,0.1,0.3333333333333333,0.2,1.0
223869,mscoco,0.14373704940080642,0.4303461122422871,0.20853259824216366,0.47033627379232656,0.3,0.5,0.5,1.0
13800,mscoco,0.16777181178331374,0.2954660154016058,0.27316282093524935,0.632783016933697,0.2,0.1428571428571428,0.2,0.3333333333333333
62250,mscoco,0.07094106692820787,0.2755390634213553,0.08978288844227791,0.4165127379528969,0.1,0.5,0.2,0.3333333333333333
401092,mscoco,0.11509875543415546,0.4120386080965719,0.12303029745817184,0.4605617879111992,0.4,0.5,0.2,0.125
407626,mscoco,0.12807347141206266,0.46742925520027945,0.14964277409017085,0.5075772215772769,0.1,0.3333333333333333,0.0,0.0083333333333333
479866,mscoco,0.1845334693789482,0.5829875125312101,0.3368035674095154,0.760909502020385,0.5,1.0,0.5,0.5
579247,mscoco,0.06829653950408102,0.3451884579730704,0.10192138701677322,0.3709781551366394,0.3,1.0,0.4,1.0
432832,mscoco,0.05715788239613175,0.27841657909444256,0.05512351896613836,0.24273626519202998,0.3,0.3333333333333333,0.4,1.0
297695,mscoco,0.03390483194962144,0.13666637435655257,0.05427243108861148,0.23677095908421278,0.1,0.1,0.1,1.0
440793,mscoco,0.0905561663210392,0.34487369333312207,0.27946701645851135,0.5844225440137973,0.1,1.0,0.1,1.0
484338,mscoco,0.18103210702538491,0.4106259436791327,0.22198983877897263,0.5835463165277285,0.1,0.1111111111111111,0.4,0.1428571428571428
28654,mscoco,0.2578992687165737,0.5894149358681,0.2536855682730675,0.5208844252793768,0.2,0.5,0.0,0.0227272727272727
372580,mscoco,0.03346014935523271,0.13380890026164918,0.05876934230327606,0.19323061393061308,0.0,0.0222222222222222,0.0,0.0227272727272727
53802,mscoco,0.10277455653995275,0.30608103446989154,0.07409492880105972,0.2624880325785024,0.1,1.0,0.1,1.0
72792,mscoco,0.25135992616415026,0.7298467978123238,0.3357181042432785,0.749148278838669,0.0,0.0263157894736842,0.0,0.0333333333333333
185844,mscoco,0.21413526982069014,0.5797808797594523,0.25564680695533754,0.7322127527441976,0.1,0.1666666666666666,0.3,1.0
355347,mscoco,0.25418260246515273,0.5598595860145864,0.4277771502733231,0.8038196476454796,0.3,0.2,0.3,0.5
55237,mscoco,0.11165468730032443,0.541546835836177,0.07988379057496786,0.22237013201048966,0.0,0.0344827586206896,0.0,0.0454545454545454
167910,mscoco,0.10842147059738635,0.3623625829254451,0.10232593901455403,0.3383015971022589,0.1,0.5,0.0,0.0166666666666666
398527,mscoco,0.3794165670871735,0.794482418692211,0.3552725035697222,0.7951599809933215,0.2,1.0,0.5,1.0
484666,mscoco,0.1072672490030527,0.36753115982992524,0.1434100165963173,0.5680945631387747,0.1,0.5,0.1,1.0
399461,mscoco,0.1657453928142786,0.5311233664064147,0.13808869384229183,0.532174122227178,0.1,0.5,0.2,1.0
71220,mscoco,0.167084101960063,0.49526131780097093,0.2927091926336288,0.7131678801560359,0.1,0.1666666666666666,0.7,1.0
430391,mscoco,0.23025112897157668,0.6046633694267234,0.3103715218603611,0.7366780000920119,0.6,1.0,0.4,1.0
81166,mscoco,0.1433109652251005,0.35357736822654945,0.2592867575585842,0.5150453155726122,0.0,0.0769230769230769,0.2,0.5
11690,mscoco,0.23078925125300884,0.4938370559142884,0.336583124101162,0.7991880246228612,0.3,0.5,0.6,1.0
74570,mscoco,0.1215692050755024,0.4600273601576605,0.15234462022781373,0.4212294306365922,0.7,0.5,0.7,1.0
495609,mscoco,0.19785801991820334,0.561329069475931,0.26319158002734183,0.7284413289094958,0.1,0.125,0.1,1.0
286874,mscoco,0.11701911389827728,0.35511179722121927,0.16057977750897406,0.4372064239596795,0.1,0.3333333333333333,0.1,1.0
310562,mscoco,0.48925637155771257,0.8025634678406175,0.4304815024137497,0.7443343424656438,0.7,1.0,0.6,1.0
49946,mscoco,0.1851456381380558,0.5365488167194538,0.20724757760763168,0.5797315424038637,0.1,1.0,0.1,1.0
546114,mscoco,0.18150416612625123,0.6988298096599657,0.2148545753210783,0.4954794458868108,0.4,1.0,0.5,0.5
229052,mscoco,0.03704913812689483,0.2939869235082605,0.023386315186508,0.12006907525595922,0.1,1.0,0.1,0.3333333333333333
218294,mscoco,0.1295775581151247,0.46167551985875693,0.16517703384160995,0.4545570077875066,0.1,1.0,0.3,1.0
262235,mscoco,0.3787378594279289,0.7752951327736896,0.44687208980321885,0.7532960954426196,0.6,1.0,1.0,1.0
53229,mscoco,0.05373981590382755,0.3450049713630107,0.040077556110918525,0.15116568429486285,0.3,1.0,0.8,0.5
447209,mscoco,0.07639842228963971,0.24528674376692966,0.11451872847974301,0.6214181141519529,0.2,1.0,0.1,0.3333333333333333
166096,mscoco,0.27748296558856966,0.6137796832254768,0.3282395228743553,0.5567082118311587,0.3,0.25,0.2,0.2
70363,mscoco,0.0862989652901888,0.2914604519712632,0.09881220832467079,0.2732901155463846,0.0,0.03125,0.1,0.1111111111111111
23355,mscoco,0.09760041823610663,0.38632412695501667,0.1131989125162363,0.4026521479343784,0.1,1.0,0.1,1.0
269886,mscoco,0.046768502425402404,0.22389326283360236,0.09462634837254882,0.38920654980363506,0.0,0.0185185185185185,0.2,0.125
237445,mscoco,0.03975757034495473,0.23804571650169434,0.09692781325429678,0.38491877171335936,0.0,0.0769230769230769,0.4,1.0
63835,mscoco,0.37127540707588197,0.5236986797359232,0.3355101779103279,0.5181392926888106,0.5,1.0,0.9,1.0
272255,mscoco,0.2574197445064783,0.5576347337970649,0.34327764213085177,0.75354584796046,0.5,0.3333333333333333,0.3,1.0
373414,mscoco,0.13766220305114985,0.5132391359908246,0.19517854712903498,0.5092501770993259,0.1,0.1111111111111111,0.5,1.0
466827,mscoco,0.21710619926452637,0.641309077777797,0.28299855887889863,0.6140835929487581,0.4,1.0,0.7,0.5
506026,mscoco,0.03494339538738132,0.1488863232684673,0.045300982892513275,0.21702516802205168,0.1,0.25,0.1,1.0
262145,mscoco,0.07949126660823821,0.3981572900861866,0.2742896657437086,0.6589683470793081,0.1,1.0,0.4,1.0
40210,mscoco,0.16205739229917526,0.464028615822024,0.18315504342317582,0.47424775672501107,0.1,1.0,0.1,0.3333333333333333
281652,mscoco,0.10160215385258198,0.3597658059326139,0.058753890730440614,0.2826361356810521,0.2,1.0,0.2,1.0
280808,mscoco,0.2780028641223907,0.5088514687531963,0.2794430643320084,0.5341298823431888,0.0,0.05,0.2,0.1666666666666666
244549,mscoco,0.29208741039037706,0.6670871508101002,0.33397037237882615,0.7140454583725091,0.1,0.25,0.2,1.0
179504,mscoco,0.043724171724170445,0.18935678845634832,0.03595350729301572,0.1724251234842234,0.0,0.0769230769230769,0.1,0.1428571428571428
177353,mscoco,0.058608022145926954,0.2149611250616544,0.055540365353226664,0.19588922492406033,0.1,1.0,0.1,1.0
298830,mscoco,0.3361464306712151,0.7505217505832191,0.40646123737096784,0.7280310009259812,0.1,1.0,0.3,0.5
126182,mscoco,0.09905728176236153,0.29981799817836974,0.14271762296557428,0.4992035414330593,0.0,0.0208333333333333,0.1,0.125
112904,mscoco,0.09547701887786389,0.31523602110811105,0.17934908159077168,0.6168860275654696,0.0,0.0555555555555555,0.1,0.1666666666666666
211080,mscoco,0.1058950312435627,0.329252906360207,0.150840749964118,0.4101681283002385,0.0,0.027027027027027,0.5,1.0
526729,mscoco,0.316900435090065,0.5724289624088291,0.3774485498666763,0.7202643845661223,0.2,0.25,0.1,0.1666666666666666
474180,mscoco,0.09955095564946533,0.30119556438640355,0.11124930083751679,0.2908255549235996,0.1,0.5,0.1,1.0
466083,mscoco,0.18548785597085954,0.48998103204063304,0.2257874585688114,0.45221509288484174,0.0,0.05,0.0,0.0285714285714285
154,drawbench,0.03545336732640862,0.2261409548294122,0.033637612219899894,0.22365906141624356,0.0,0.0,0.0,0.0
183805,mscoco,0.18231406211853027,0.6405671396314337,0.16792511623352765,0.6773218639719142,0.1,0.1,0.0,0.0263157894736842
185571,mscoco,0.08103994950652123,0.3277563536068825,0.09758989568799734,0.33852617583072414,0.1,0.5,0.1,1.0
27471,mscoco,0.2481646493077278,0.6024371905110968,0.35196681767702104,0.5421169622356887,0.3,1.0,0.2,0.5
21504,mscoco,0.08634061254560947,0.3655631069897533,0.13807947672903537,0.5195431911919547,0.1,1.0,0.1,0.1111111111111111
422676,mscoco,0.11902556791901589,0.5677734865777943,0.1479168303310871,0.4336473634739265,0.1,1.0,0.1,0.5
452930,mscoco,0.158599884621799,0.5407004310590287,0.15274318903684617,0.33459760187850457,0.0,0.0625,0.2,0.3333333333333333
473500,mscoco,0.22485725209116936,0.6663470606625095,0.234620850533247,0.765219830516226,0.1,0.5,0.1,0.1428571428571428
32708,mscoco,0.14166146162897347,0.43172136815481665,0.20611851662397385,0.7327658147859675,0.2,0.1666666666666666,0.4,1.0
578255,mscoco,0.22248160764575003,0.791001382261988,0.32661023885011675,0.7124695841485066,0.1,0.3333333333333333,0.1,1.0
249792,mscoco,0.054646600619889796,0.42503707957167486,0.05600112692918628,0.42664592240538846,0.1,1.0,0.1,1.0
188795,mscoco,0.3194871723651886,0.5923378573050936,0.25458296537399294,0.5954176065485427,0.3,1.0,0.5,0.3333333333333333
299205,mscoco,0.04340070756152272,0.18755074238048652,0.017443204252049326,0.08486893906026373,0.1,1.0,0.2,1.0
404406,mscoco,0.0502070021815598,0.22953346237194772,0.06120262835174799,0.24108043975272733,0.1,1.0,0.1,1.0
145690,mscoco,0.11847928706556558,0.5996848401616793,0.16309909708797932,0.5836622555271959,0.0,0.0277777777777777,0.1,1.0
400332,mscoco,0.3027577564120293,0.586792170582073,0.37676283717155457,0.7463210258282823,0.2,0.25,0.2,1.0
202810,mscoco,0.1312533061951399,0.4058849148614408,0.13805072456598283,0.4154613354217199,0.2,0.2,0.1,0.125
52,drawbench,0.07449535131454468,0.25623289717819,0.0741989966481924,0.32047180068123193,0.0,0.0,0.0,0.0
225700,mscoco,0.29196413308382035,0.6820413167141568,0.4212430968880653,0.7203741104907431,0.1,0.1428571428571428,0.2,0.25
273106,mscoco,0.19259956777095794,0.5693545958564863,0.23848216310143472,0.5792211801851873,0.0,0.0263157894736842,0.0,0.0588235294117647
394840,mscoco,0.15160579867661,0.4263572214877805,0.10747658554464579,0.4035827877378066,0.1,1.0,0.2,1.0
323810,mscoco,0.2975717607885599,0.7530973820904804,0.28867668807506563,0.7549578790662768,0.5,1.0,0.5,1.0
174892,mscoco,0.20502084493637085,0.641376070993825,0.19123267829418183,0.619662371895134,0.4,0.1428571428571428,0.2,0.1666666666666666
365507,mscoco,0.3225080668926239,0.7366680391095431,0.31843570321798326,0.7904983189704562,0.4,0.25,0.7,1.0
531963,mscoco,0.07367917653173209,0.2869101650075906,0.11974134892225266,0.47166199825003813,0.0,0.0555555555555555,0.1,0.1428571428571428
214127,mscoco,0.22431600391864776,0.5984239741628202,0.3051689058542252,0.643649991434645,0.2,0.3333333333333333,0.2,0.1111111111111111
230991,mscoco,0.27518279254436495,0.7300509630972555,0.2866597041487694,0.6574319019005448,0.1,1.0,0.6,1.0
552962,mscoco,0.3132719472050667,0.6899150491925801,0.28752594590187075,0.541440662830319,0.1,1.0,0.1,0.1111111111111111
534565,mscoco,0.26690664812922477,0.5685257092466447,0.3148835554718971,0.7038931791961297,0.8,1.0,0.7,1.0
423647,mscoco,0.13697678670287133,0.34729907936920246,0.1573607385158539,0.5593196600549205,0.2,0.1666666666666666,0.3,0.5
48,drawbench,0.07860535997897386,0.27977793721867217,0.0879811231046915,0.3501088820492257,0.0,0.0,0.0,0.0
50480,mscoco,0.089912885800004,0.3196551630319802,0.09024683441966772,0.3148444677448852,0.0,0.0089285714285714,0.1,0.125
138768,mscoco,0.09751862771809101,0.3933435479577011,0.11068348474800586,0.43014072981991525,0.2,0.5,0.1,0.25
480482,mscoco,0.13003954738378526,0.37486252066118697,0.1705659069120884,0.5492106309539774,0.1,0.5,0.1,0.5
150024,mscoco,0.10877258889377117,0.5166524689287766,0.11390362083911895,0.41874733736203124,0.2,0.5,0.2,1.0
94793,mscoco,0.05242033116519451,0.19145261669067137,0.11339955236762762,0.3641528003839266,0.0,0.04,0.2,1.0
378313,mscoco,0.058185961283743384,0.28186530044327374,0.0790709987282753,0.30222979847243836,0.0,0.0021231422505307,0.1,1.0
504921,mscoco,0.6173786610364914,0.8867436969547077,0.6468846052885056,0.8826566471983317,1.0,1.0,1.0,1.0
292116,mscoco,0.14288371298462152,0.4441928823376048,0.31858778893947604,0.6796021319573619,0.0,0.0084033613445378,0.1,1.0
109012,mscoco,0.21973705142736435,0.612354121854448,0.19475919827818872,0.45749630107420025,0.4,1.0,0.8,0.5
504657,mscoco,0.22681625746190548,0.527233035170043,0.423054139316082,0.8106327528069903,0.2,0.1428571428571428,0.9,1.0
72850,mscoco,0.2698811084032059,0.7364162532445326,0.31303696110844614,0.503722387236282,0.0,0.0434782608695652,0.4,1.0
273316,mscoco,0.19276147931814194,0.4928196266763273,0.2800571024417877,0.59786724604891,0.3,1.0,0.3,1.0
354261,mscoco,0.06184759456664324,0.31173537522173944,0.07802493926137685,0.32157583661899025,0.0,0.0909090909090909,0.0,0.0833333333333333
54437,mscoco,0.32477152198553083,0.6399695906886766,0.3430712789297104,0.6247513579350122,0.5,1.0,0.1,0.1666666666666666
249251,mscoco,0.19306516647338867,0.4519313372955362,0.28205169588327406,0.6584178750313259,0.2,0.5,0.1,0.5
99747,mscoco,0.06694730129092932,0.25948301948675045,0.07402635719627142,0.2405371780212161,0.6,0.5,0.6,1.0
23976,mscoco,0.24422953352332116,0.541318288405494,0.23366962745785713,0.5106491579573091,0.1,0.3333333333333333,0.3,0.2
295295,mscoco,0.32826843224465846,0.6723913902578368,0.38192748948931693,0.7777695657865566,0.3,0.25,0.4,0.3333333333333333
32712,mscoco,0.2518731903284788,0.3483200708041318,0.4383563846349716,0.599621034902671,0.0,0.0625,0.1,0.125
4616,mscoco,0.07483977284282446,0.34788111790966075,0.09541278779506683,0.26753171046223106,0.1,0.5,0.1,1.0
529096,mscoco,0.17162703797221185,0.5351814722067418,0.1638508804142475,0.5004058344118298,0.1,1.0,0.2,1.0
537349,mscoco,0.0975407736375928,0.38596666128693197,0.12231439538300037,0.5652720961162212,0.0,0.0625,0.0,0.0434782608695652
367853,mscoco,0.25424259155988693,0.6265943154457957,0.35246927589178084,0.647334271103896,0.2,1.0,0.5,1.0
323231,mscoco,0.12315058931708336,0.28231665176452314,0.1345015238970518,0.38234604258374777,0.0,0.003076923076923,0.1,0.125
385317,mscoco,0.27502972483634947,0.6255737853049979,0.25089585185050967,0.47224716042292453,0.3,0.3333333333333333,0.1,1.0
284192,mscoco,0.13407899141311647,0.518465384769669,0.18015672117471696,0.5435193384817756,0.1,1.0,0.1,1.0
384790,mscoco,0.3607613518834114,0.6913788156809282,0.332156590372324,0.795162988297837,0.0,0.0769230769230769,0.0,0.0384615384615384
237758,mscoco,0.21900519616901876,0.6060050606197017,0.22839919552206994,0.4829976958138309,0.4,1.0,0.5,0.25
201134,mscoco,0.1065808916464448,0.5986849719192852,0.1331256166100502,0.5095286808676398,0.1,1.0,0.1,0.5
33,drawbench,0.09894763417541981,0.4859665507681187,0.1079089691862464,0.4441753675597939,0.0,0.0,0.0,0.0
220118,mscoco,0.25585257858037946,0.6608826837466211,0.22924977093935012,0.6230122885253978,0.0,0.0169491525423728,0.1,1.0
182118,mscoco,0.03370946710929275,0.16890705994410157,0.05566747356206179,0.33371337918994176,0.0,0.0076923076923076,0.1,1.0
101569,mscoco,0.19969386346638202,0.5070912939308079,0.2513608127832413,0.4354667668744732,0.2,1.0,0.3,0.5
111754,mscoco,0.3420806936919689,0.5706319479262841,0.528310427069664,0.8341774269504714,0.2,0.2,0.8,1.0
209920,mscoco,0.10135506801307201,0.32338782871582206,0.12504385318607092,0.40743900170342073,0.0,0.0333333333333333,0.1,0.1666666666666666
534426,mscoco,0.10781596936285495,0.40370643572353104,0.11281540710479021,0.34520678623382967,0.1,0.125,0.4,0.5
165298,mscoco,0.09202983193099498,0.4164763242482141,0.17067790552973747,0.5788119171365244,0.1,0.1666666666666666,0.0,0.0833333333333333
289007,mscoco,0.11058854684233665,0.4651773680175898,0.09297577366232872,0.35569451270320007,0.0,0.0625,0.1,1.0
11796,mscoco,0.1833726868033409,0.4574679140992411,0.1780085012316704,0.55808820176278,0.1,0.5,0.1,1.0
537135,mscoco,0.22779122442007066,0.6890186171248259,0.20607923865318298,0.6897087817301399,0.1,0.5,0.2,1.0
120977,mscoco,0.09236475350335241,0.36784284668909756,0.06883433964103461,0.2755341600908244,0.1,0.5,0.1,0.25
259103,mscoco,0.1937885507941246,0.5426786374732613,0.1044600622728467,0.390270440943311,0.0,0.0357142857142857,0.1,0.5
49073,mscoco,0.296060799062252,0.7029541012212086,0.3196013480424881,0.6334490232583059,0.0,0.00074294205052,0.0,0.0049261083743842
387855,mscoco,0.06883100932464004,0.3932576389333184,0.06952506741508842,0.2515787362831833,0.0,0.0050251256281407,0.1,0.5
252549,mscoco,0.16405228041112424,0.4986882978011783,0.18178694918751717,0.6628090629964091,0.1,0.25,0.1,0.5
506232,mscoco,0.3022890128195286,0.6492821228108467,0.3401511892676353,0.760012702821194,0.1,1.0,0.4,1.0
178876,mscoco,0.3972430691123009,0.752578240067699,0.355783149600029,0.5958422212670226,0.1,0.1,0.1,1.0
98709,mscoco,0.1121284905821085,0.3708370415913383,0.12432162631303072,0.5115853887783556,0.2,0.3333333333333333,0.5,1.0
83328,mscoco,0.16482740193605422,0.6838452207395601,0.3031180616468191,0.8191232511658776,0.1,0.1,0.2,1.0
467180,mscoco,0.03159844623878598,0.12814189551129598,0.07485171519219876,0.2592013565004297,0.2,1.0,0.0,0.0833333333333333
362244,mscoco,0.24266743957996367,0.6432585797089132,0.20403704643249512,0.47930396145206206,0.3,1.0,0.1,0.1428571428571428
382182,mscoco,0.1580816086381674,0.40732916480647996,0.21064222417771816,0.6554667519566679,0.2,0.3333333333333333,0.3,1.0
79545,mscoco,0.2569417133927345,0.6530660152815042,0.32312205582857134,0.8061011423461791,0.0,0.0909090909090909,0.2,0.1666666666666666
516233,mscoco,0.02171443114057183,0.09997354916810919,0.03501021033152938,0.19560480120635607,0.1,0.3333333333333333,0.1,1.0
544127,mscoco,0.1799374919384718,0.49430862784606877,0.2033402942121029,0.5590416245971517,0.1,0.5,0.1,0.1428571428571428
97734,mscoco,0.09445295296609402,0.27969517494635515,0.09875678233802318,0.34609245550953854,0.2,0.5,0.4,1.0
29752,mscoco,0.10673735402524472,0.2221560773457454,0.1769338347017765,0.42758282985971874,0.1,0.5,0.1,1.0
412491,mscoco,0.047763507813215256,0.17946523945338722,0.07644924055784941,0.2725403497495224,0.1,0.3333333333333333,0.0,0.0526315789473684
111,drawbench,0.08757644891738892,0.38355391471907463,0.12258714269846678,0.5013157501783501,0.1,0.3333333333333333,0.0,0.0052910052910052
354929,mscoco,0.052701492048799994,0.18076627490581498,0.0877084570005536,0.3204487057222922,0.1,0.25,0.1,1.0
558242,mscoco,0.22330053374171258,0.5740641659509558,0.25029255673289297,0.6461760712619743,0.0,0.0416666666666666,0.1,0.25
462129,mscoco,0.03867989059071988,0.18060141568138655,0.0455699535086751,0.21914445866739016,0.0,0.0065359477124183,0.0,0.0555555555555555
462925,mscoco,0.18129337690770625,0.7233975078088947,0.2659433700144291,0.7367362579358305,0.3,0.5,0.3,1.0
45343,mscoco,0.05852759350091219,0.16076285482482902,0.07228899057954549,0.20042257182668533,0.1,1.0,0.1,1.0
538299,mscoco,0.17194440700113772,0.6270519879619925,0.16739439889788627,0.36925082733542325,0.1,1.0,0.2,0.2
245002,mscoco,0.34043085128068923,0.6515351683417824,0.4155707597732544,0.6610491114940121,0.6,0.3333333333333333,0.9,1.0
259414,mscoco,0.08456709012389182,0.291113917602836,0.08804466295987368,0.3213994654881058,0.0,0.0131578947368421,0.0,0.0147058823529411
130314,mscoco,0.0689089985564351,0.3385351228140187,0.0848788314498961,0.37765801917220954,0.1,1.0,0.1,1.0
544120,mscoco,0.2039800338447094,0.6774908653098884,0.1339016117155552,0.5083495491968565,0.0,0.0062111801242236,0.0,0.04
196510,mscoco,0.15870679467916488,0.6752649734314436,0.22393254758790135,0.6438560248259405,0.0,0.0172413793103448,0.0,0.0333333333333333
226197,mscoco,0.11425849534571171,0.30223979314855615,0.23548303097486495,0.48862635121186343,0.0,0.05,0.2,0.2
500568,mscoco,0.11125489436089993,0.41228663024419115,0.1187768004834652,0.4899859617979763,0.1,0.125,0.1,1.0
351149,mscoco,0.1589932430535555,0.5765367625736169,0.15349464528262616,0.529626459661243,0.0,0.0416666666666666,0.0,0.0769230769230769
298600,mscoco,0.06462042611092329,0.2713891751817166,0.11682240925729274,0.4812333361966108,0.0,0.024390243902439,0.3,1.0
434027,mscoco,0.2687803626060486,0.6384433537376076,0.30212741494178774,0.5988957640768073,0.0,0.037037037037037,0.2,1.0
116851,mscoco,0.10901686325669288,0.3960134256531227,0.12814851365983487,0.5080184133143624,0.4,1.0,0.5,1.0
364567,mscoco,0.3176200330257416,0.7285434147991907,0.5161024808883667,0.7356053810344674,0.2,0.3333333333333333,0.6,1.0
363957,mscoco,0.162651127576828,0.6184769897612171,0.12716559022665025,0.5150840141804142,0.8,1.0,0.9,1.0
568974,mscoco,0.025577702978625893,0.14601199138963308,0.03546825570520014,0.12904262752827325,0.0,0.0059523809523809,0.1,1.0
223739,mscoco,0.04758866392076015,0.2251437678634128,0.07463022163137793,0.21768425739502636,0.0,0.0588235294117647,0.0,0.0833333333333333
59171,mscoco,0.44037616103887556,0.7798070226904952,0.5632634997367859,0.8670358255732808,0.7,1.0,0.9,1.0
521218,mscoco,0.19223024249076842,0.5111211080393465,0.25075855404138564,0.5007419756145066,0.4,1.0,0.8,1.0
367329,mscoco,0.14373061209917068,0.40499539105704163,0.1635369576513767,0.5052468222571842,0.1,0.25,0.4,1.0
352061,mscoco,0.1501028575003147,0.4695353331393768,0.16913818344473838,0.5160787717804053,0.2,0.125,0.2,1.0
484636,mscoco,0.189848411642015,0.43460932093421456,0.25190253295004367,0.5752705755704485,0.1,0.1428571428571428,0.1,1.0
264461,mscoco,0.07918242868036032,0.2488629383512125,0.18036075085401534,0.54080486411657,0.0,0.0085470085470085,0.0,0.0384615384615384
148165,mscoco,0.03640877106226981,0.20126783627436273,0.05253102425485849,0.26007839704556596,0.1,1.0,0.0,0.024390243902439
429593,mscoco,0.07847785130143166,0.2384453643179633,0.07769776741042733,0.28417857343706215,0.1,0.5,0.1,1.0
15757,mscoco,0.30486361160874365,0.7533761936335936,0.3712948188185692,0.7693631500174017,0.0,0.0153846153846153,0.1,0.1111111111111111
37032,mscoco,0.09415785279124975,0.424667143441255,0.31489721685647964,0.715204389222209,0.0,0.0769230769230769,0.9,1.0
99515,mscoco,0.07876547910273075,0.3098423492473512,0.1222232423722744,0.36461678884235627,0.0,0.0022573363431151,0.0,0.0769230769230769
501624,mscoco,0.3296166308224201,0.65078291042648,0.37801591008901597,0.7833267398439321,0.7,1.0,0.8,1.0
91780,mscoco,0.2907075986266136,0.7813909038677515,0.3027829244732857,0.7751904297011346,0.1,0.5,0.1,0.5
473195,mscoco,0.11449443213641644,0.3498049815203941,0.13012528121471406,0.39862449478144146,0.0,0.0010111223458038,0.0,0.0059171597633136
200241,mscoco,0.11912317052483559,0.43398228346347606,0.11847982043400407,0.4641797725001606,0.1,1.0,0.1,1.0
20966,mscoco,0.10690840035676956,0.39249380310004295,0.15297395102679728,0.625041768715152,0.4,0.25,0.5,1.0
477005,mscoco,0.3056494422256947,0.6241003062919053,0.23730694651603698,0.5029214057839853,0.4,0.5,0.6,1.0
568281,mscoco,0.07012213934212923,0.24855869636962072,0.1321565169841051,0.5659674486636894,0.1,0.25,0.1,0.1428571428571428
289075,mscoco,0.11048983335494995,0.42737975234941056,0.1845211073756218,0.4819832525564946,0.1,1.0,0.1,1.0
315211,mscoco,0.01756727760657668,0.06110395550545852,0.03370103747583926,0.08978937077465414,0.1,1.0,0.1,1.0
370763,mscoco,0.10760951787233353,0.46086563778280876,0.13774175979197026,0.5066601541436256,0.1,1.0,0.4,1.0
245337,mscoco,0.08835548013448716,0.3159309462315312,0.13853998109698296,0.31199257776069694,0.3,1.0,0.2,0.5
359085,mscoco,0.14826555950567127,0.6747007706479664,0.16640691310167313,0.633915724790165,0.1,1.0,0.1,1.0
151956,mscoco,0.056632683426141736,0.22283820152261052,0.06972901728004217,0.23646263966983463,0.2,0.3333333333333333,0.2,1.0
442666,mscoco,0.09873310271650552,0.5495929154179133,0.08062234707176685,0.25176238973346,0.0,0.0833333333333333,0.1,0.1111111111111111
139214,mscoco,0.14952296614646912,0.43090751916514697,0.19536833390593528,0.4362750176797475,0.2,0.1666666666666666,0.2,0.5
112586,mscoco,0.22960491180419923,0.6288082270290322,0.1954263798892498,0.5816492134167964,0.6,1.0,0.3,1.0
277080,mscoco,0.4117895498871803,0.8444775752211379,0.47859490662813187,0.8113425784460516,0.5,0.5,0.4,0.5
497261,mscoco,0.12502642571926117,0.3638627032990513,0.17633457928895951,0.5360425298343292,0.0,0.032258064516129,0.0,0.024390243902439
421314,mscoco,0.19284055158495902,0.36373294595355754,0.31568983346223833,0.5620517715029887,0.3,0.1428571428571428,0.1,1.0
9288,mscoco,0.24276015348732471,0.6964568909500042,0.254706671833992,0.7883269544393702,0.7,1.0,0.6,1.0
249587,mscoco,0.11970546841621399,0.3075496192032527,0.22977902889251708,0.5501288214345211,0.2,0.5,0.3,0.25
169179,mscoco,0.21255027167499066,0.5084069539370902,0.3376154527068138,0.6386110540981879,0.2,0.1111111111111111,0.4,0.2
446521,mscoco,0.08766515119932591,0.32718854110942075,0.12117675710469485,0.676215640777604,0.0,0.0109890109890109,0.0,0.05
203098,mscoco,0.024550118995830417,0.1263400223170387,0.032415752811357376,0.1858668707916583,0.6,1.0,1.0,1.0
83102,mscoco,0.08787500131875277,0.4193588908855639,0.1298763409256935,0.44237815692087007,0.1,0.1428571428571428,0.0,0.0909090909090909
105,drawbench,0.4599572390317917,0.7952033304791094,0.57241230905056,0.7647108618456039,0.0,0.0175438596491228,0.0,0.0769230769230769
254989,mscoco,0.09597800076007842,0.3304401883187099,0.17244975864887238,0.5844922565036786,0.3,0.25,0.4,1.0
474528,mscoco,0.08377848281525076,0.43896208971944145,0.0862281986977905,0.4760199327977543,0.1,0.125,0.1,0.25
523546,mscoco,0.09370934907346964,0.4792998339083254,0.11960022989660501,0.4815952052529758,0.1,1.0,0.1,1.0
371256,mscoco,0.055333934351801874,0.2026092254902289,0.05846411576494574,0.32654448909318573,0.2,1.0,0.1,0.25
444453,mscoco,0.03175555467605591,0.178594259627154,0.033413470210507515,0.18443258493616121,0.1,1.0,0.1,1.0
127515,mscoco,0.1817052222788334,0.45442093274489614,0.22250555008649825,0.5107039257986072,0.0,0.015625,0.0,0.0909090909090909
15667,mscoco,0.26896464824676514,0.5815905866651532,0.39964963495731354,0.770420209861808,0.5,0.5,0.8,1.0
525851,mscoco,0.11289520841091871,0.5471922318644945,0.08863422125577927,0.4911154706043368,0.7,1.0,0.4,1.0
63777,mscoco,0.1308552160859108,0.39644169030296617,0.18092821799218656,0.5082554222979536,0.1,1.0,0.1,0.125
247422,mscoco,0.1594565013423562,0.44712569904094385,0.09864522982388735,0.32413414995394546,0.2,0.5,0.1,1.0
227724,mscoco,0.04864366133697331,0.2282490508619904,0.04386291783303022,0.14717203459998218,0.0,0.0344827586206896,0.1,0.1428571428571428
419828,mscoco,0.0422359703341499,0.27646945712599014,0.040367090865038334,0.27364045901091133,0.1,1.0,0.1,1.0
123166,mscoco,0.17420262582600116,0.45388242764186537,0.23295062482357026,0.5858264085596935,0.0,0.0285714285714285,0.1,0.5
146236,mscoco,0.04768604515120387,0.22323769267823085,0.0404029886238277,0.16574334653473863,0.1,0.1111111111111111,0.1,0.25
264406,mscoco,0.3404576174914837,0.8603818826117358,0.19781048819422722,0.6269983237096425,0.2,0.5,0.2,1.0
311709,mscoco,0.16184056103229522,0.40780029118587374,0.15643169917166233,0.47686936336787933,0.1,1.0,0.5,1.0
54086,mscoco,0.17627796158194542,0.4386239643862117,0.1778920941054821,0.6586724702099431,0.0,0.015625,0.0,0.0042918454935622
124729,mscoco,0.19216689690947533,0.7364168687710742,0.23428249955177308,0.6896490615919939,0.9,1.0,0.8,1.0
521334,mscoco,0.11607591174542904,0.4211275812479448,0.1256656613200903,0.3664336340721516,0.1,0.25,0.1,0.5
400309,mscoco,0.023177897091954947,0.09890337470001634,0.04340990595519543,0.18456730572405178,0.0,0.0625,0.1,1.0
385601,mscoco,0.14522844552993774,0.3516331438475025,0.2175634391605854,0.5941869556953074,0.4,0.5,0.5,1.0
39978,mscoco,0.18464405983686447,0.5178702046408435,0.13265372142195703,0.3436842002077397,0.3,0.25,0.3,1.0
444949,mscoco,0.20692871361970902,0.6430091131857754,0.28320992179214954,0.7329776354334122,0.1,0.3333333333333333,0.1,0.2
428178,mscoco,0.13108454644680023,0.42441374572683255,0.22753357291221618,0.6472137822089248,0.0,0.0069930069930069,0.0,0.0131578947368421
120416,mscoco,0.3498424842953682,0.6374124190928984,0.32605065777897835,0.5634873314255766,0.6,1.0,0.8,1.0
52281,mscoco,0.17771174982190133,0.3775404066279107,0.28141842484474183,0.6650867886735058,0.1,0.125,0.2,0.3333333333333333
187592,mscoco,0.1719404898583889,0.5615438113396682,0.18933172896504402,0.7161304639172095,0.2,0.25,0.3,1.0
98478,mscoco,0.011017056507989764,0.06947118987741868,0.012394727254286409,0.07253116005093786,0.1,0.1428571428571428,0.1,1.0
471599,mscoco,0.23623539581894876,0.6955327792278985,0.24287644922733306,0.5708080566812777,0.1,0.1666666666666666,0.2,1.0
136232,mscoco,0.12207847386598587,0.45410514337965885,0.15005201213061808,0.39592903483465497,0.0,0.0555555555555555,0.0,0.0833333333333333
270740,mscoco,0.24547918420284986,0.567269540301809,0.4106206357479095,0.6510164747825087,0.1,1.0,0.5,0.3333333333333333
310536,mscoco,0.3874397397041321,0.7785447137214654,0.5293288469314575,0.9101690387990805,0.2,1.0,0.4,0.5
469515,mscoco,0.037357303267344835,0.1782026418279921,0.05752921449020505,0.3228053878312968,0.0,0.0032051282051282,0.1,0.3333333333333333
251252,mscoco,0.27381449192762375,0.5258160430566795,0.4254384219646454,0.8319681720700592,0.2,0.2,0.4,1.0
560646,mscoco,0.11819258183240891,0.3961575611342424,0.14367716163396835,0.48649038628831087,0.6,1.0,1.0,1.0
36029,mscoco,0.09985092878341675,0.3765190828304457,0.11162984259426594,0.5142048680329442,0.1,0.5,0.1,1.0
302216,mscoco,0.19011129029095172,0.5869804268709102,0.2710528910160065,0.7090077767307097,0.1,0.3333333333333333,0.3,1.0
178156,mscoco,0.2062537305057049,0.5268026861524133,0.16794799789786338,0.5472908022727869,0.0,0.0022573363431151,0.0,0.0135135135135135
535604,mscoco,0.19237187951803209,0.6280414989047752,0.1821257419884205,0.42166124275589684,0.6,1.0,0.3,0.5
462577,mscoco,0.21860984116792678,0.5008158497480784,0.2602520138025284,0.5213574806173316,0.0,0.0666666666666666,0.4,0.5
360585,mscoco,0.2853171557188034,0.5999579574825483,0.36659966260194776,0.6353279299475807,0.4,0.25,0.6,0.5
336764,mscoco,0.09425534382462501,0.38810158086904273,0.08773232065141201,0.33923943937404377,0.0,0.0128205128205128,0.1,0.1111111111111111
277237,mscoco,0.05899019856005907,0.2674244705110805,0.05775818675756454,0.19174945861952838,0.1,0.1666666666666666,0.2,0.5
11326,mscoco,0.13581666871905326,0.41107189718941034,0.2219950869679451,0.5516837375934729,0.1,0.5,0.1,1.0
243443,mscoco,0.09892331175506115,0.3261349022794138,0.21120109483599664,0.6819617963697847,0.2,0.1666666666666666,0.3,0.25
97724,mscoco,0.11739062611013651,0.44730078945210683,0.21309166476130487,0.4240429490559429,0.0,0.0555555555555555,0.3,0.5
248753,mscoco,0.06458242079243064,0.2383874612614032,0.09419984938576817,0.4577121450941723,0.0,0.0277777777777777,0.0,0.0095238095238095
331676,mscoco,0.20429780408740045,0.48571399698075746,0.35901623368263247,0.8061434756190657,0.0,0.0217391304347826,0.1,1.0
169500,mscoco,0.12908956855535508,0.6730739775211848,0.13558728359639644,0.6289994768331402,0.1,0.125,0.2,1.0
475035,mscoco,0.23743077367544174,0.6646818566308854,0.2285834677517414,0.608084576913274,0.2,0.1428571428571428,0.3,0.3333333333333333
383923,mscoco,0.24234274849295617,0.5546419510542445,0.3110570266842842,0.5852484985447658,0.4,0.2,0.4,1.0
330229,mscoco,0.07190100569278002,0.26313036980826404,0.13009532615542413,0.3419869836353561,0.0,0.0476190476190476,0.3,1.0
259421,mscoco,0.2095928430557251,0.7114894687441862,0.28995018303394315,0.7203911128645907,0.1,1.0,0.1,0.2
453558,mscoco,0.19463961236178876,0.6591419268225859,0.17625417076051236,0.5378685297678073,0.1,0.1428571428571428,0.1,1.0
47632,mscoco,0.08871711436659098,0.3436364754114654,0.0764686468988657,0.326831169167618,0.0,0.0909090909090909,0.1,0.5
556406,mscoco,0.26656152307987213,0.5925257663472381,0.2981335029006004,0.6213949674237318,0.4,1.0,0.4,0.3333333333333333
205563,mscoco,0.22026957646012307,0.5452166289408876,0.2534309819340706,0.5773194897331663,0.5,0.25,0.2,1.0
358287,mscoco,0.147954523563385,0.5854512151750129,0.12505683861672878,0.5240938564702633,0.1,0.1428571428571428,0.3,0.5
172727,mscoco,0.18774827122688292,0.5338106530064659,0.18090808503329753,0.5449332350856921,0.1,1.0,0.1,1.0
274148,mscoco,0.11562513560056686,0.456113187656892,0.18908147290349006,0.5894749236142577,0.0,0.0147058823529411,0.2,0.125
395957,mscoco,0.11176799573004245,0.33221795826526723,0.13069116473197936,0.5171248315780016,0.0,0.0555555555555555,0.2,0.5
27656,mscoco,0.24190456569194793,0.415703203288968,0.37786770313978196,0.8216956393121346,0.5,1.0,0.9,1.0
535663,mscoco,0.22942428886890412,0.48581543175801495,0.24531863257288933,0.6228693463855568,0.3,0.3333333333333333,0.3,0.3333333333333333
59012,mscoco,0.12225015666335821,0.4182213491924114,0.16528984978795053,0.4910797056157989,0.1,0.5,0.1,1.0
338732,mscoco,0.0621299559250474,0.2845843739324284,0.04895477993413806,0.26420185186589124,0.1,1.0,0.1,1.0
34800,mscoco,0.0748794987797737,0.19450978533219834,0.13251704685389995,0.47410733865858273,0.0,0.027027027027027,0.3,0.5
78290,mscoco,0.15950020104646684,0.3974071342531051,0.3145947754383087,0.5779940134110205,0.0,0.0028328611898017,0.1,0.1428571428571428
34235,mscoco,0.2566743575036526,0.5885777676683582,0.2687439277768135,0.5418735938344796,0.0,0.0344827586206896,0.1,0.5
149993,mscoco,0.142285705730319,0.3532796668636027,0.1663522094488144,0.5726328583539664,0.1,0.1666666666666666,0.2,1.0
92,drawbench,0.1862170562148094,0.5641606668971123,0.2283270239830017,0.5361484045225204,0.0,0.0769230769230769,0.0,0.0019920318725099
289739,mscoco,0.08484911601990461,0.5482684593101977,0.08926977384835481,0.39022182778423214,0.1,0.1,0.0,0.0217391304347826
11,drawbench,0.27779375966638326,0.8314664830586717,0.25618317127227785,0.6163223877485356,0.0,1.886863655232273e-05,0.0,1.9478748685184465e-05
394681,mscoco,0.06187758049927652,0.24442405810275167,0.07638432206586003,0.25053969723308883,0.1,0.3333333333333333,0.1,0.1428571428571428
404984,mscoco,0.177576057985425,0.4531585066723541,0.19285889193415642,0.5777154723640922,0.0,0.003831417624521,0.0,0.0095238095238095
95777,mscoco,0.13072490990161895,0.464258047302139,0.1948092460632324,0.5513613126056279,0.2,0.5,0.2,0.25
516158,mscoco,0.06648094272240997,0.37861718148001483,0.07721359124407172,0.33680795629915505,0.0,0.015625,0.1,0.25
223569,mscoco,0.14390625059604645,0.30550912349922243,0.3264229640364647,0.6330031387511341,0.1,1.0,0.3,1.0
107782,mscoco,0.08259118432179094,0.33415568980541865,0.07348892129957676,0.21975835294709584,0.1,0.25,0.4,0.5
98881,mscoco,0.013108926801942289,0.09163172638383366,0.018264441937208175,0.10490386831570572,0.1,1.0,0.1,1.0
94045,mscoco,0.2255573257803917,0.5273096505352511,0.2823483839631081,0.5918331459023124,0.3,0.3333333333333333,1.0,1.0
498015,mscoco,0.04615606814622879,0.2012720879296726,0.030483854375779627,0.11932585635922027,0.1,1.0,0.0,0.0526315789473684
451172,mscoco,0.09787123948335648,0.3813616160048416,0.08082484751939774,0.39105518807414325,0.1,0.3333333333333333,0.1,1.0
535211,mscoco,0.06576638668775558,0.32227194915156354,0.09321907702833414,0.3931106524541462,0.1,0.25,0.1,0.5
18476,mscoco,0.045599986566230655,0.3022635253683453,0.048991797817870976,0.3113255996748112,0.1,1.0,0.1,1.0
275930,mscoco,0.08895102813839913,0.3313115105598018,0.14233430996537208,0.4561691091792926,0.0,0.0833333333333333,0.1,1.0
507434,mscoco,0.0712400447577238,0.23607846483873154,0.04486933443695307,0.21398606644146292,0.1,0.25,0.0,0.0020366598778004
29122,mscoco,0.09483862249180675,0.29741170144316614,0.13063515909016132,0.4207058534817041,0.0,0.0769230769230769,0.1,1.0
116204,mscoco,0.15042409375309945,0.36356842304830367,0.24351621121168138,0.5551363587346106,0.4,1.0,0.4,0.5
274815,mscoco,0.16758423969149588,0.46006987338555994,0.2720726951956749,0.6928842174475182,0.2,0.25,0.1,0.3333333333333333
507215,mscoco,0.10219979584217072,0.3357503822238737,0.1733899660408497,0.6805931660243765,0.4,0.25,0.2,0.5
559658,mscoco,0.1798897571861744,0.4973933388912669,0.2356607049703598,0.6715416199742912,0.4,0.3333333333333333,0.5,0.5
344157,mscoco,0.7871566712856293,0.8962582351467153,0.8355409860610962,0.9320344436400521,1.0,1.0,1.0,1.0
327768,mscoco,0.24295762553811073,0.5925361540065491,0.14519992060959339,0.5120086372371052,0.2,1.0,0.2,1.0
35424,mscoco,0.16633427292108535,0.4880959726808697,0.2303481623530388,0.45084278772508585,0.2,1.0,0.5,1.0
412698,mscoco,0.23815301209688186,0.6462484438342202,0.22070449516177176,0.6330654506086316,0.2,1.0,0.1,1.0
502588,mscoco,0.1473000727593899,0.45955182684775214,0.13968493826687337,0.45369763708612554,0.5,0.3333333333333333,0.5,1.0
515527,mscoco,0.07084497641772032,0.47280998337820734,0.1080470132175833,0.5420439474785042,0.1,1.0,0.1,1.0
382958,mscoco,0.1262158326804638,0.34739434563067,0.12700280100107192,0.3463195685191807,0.0,0.0666666666666666,0.1,0.5
166975,mscoco,0.11695964159443975,0.31076630813598116,0.10770278852432966,0.3058692067653187,0.1,0.5,0.1,0.125
397640,mscoco,0.36594954282045367,0.7616744752924067,0.4409914493560791,0.8072162091997526,0.1,0.25,0.1,0.1666666666666666
462880,mscoco,0.07230366049334407,0.3300627142342736,0.060937536880373955,0.3030208453830422,0.1,1.0,0.1,1.0
104808,mscoco,0.0696257397532463,0.2577383630638818,0.07167638167738914,0.2727938385135014,0.1,0.25,0.0,0.05
30235,mscoco,0.3014152035117149,0.5711658959070415,0.49507211744785307,0.6931065835639272,0.3,0.25,0.7,0.5
513219,mscoco,0.06558552458882332,0.21844641290853528,0.0799536095932126,0.353230216868866,0.1,0.25,0.2,1.0
63,drawbench,0.08264961130917073,0.5567530515447174,0.05264844540506601,0.26769326116446013,0.0,0.0,0.0,0.0
245771,mscoco,0.1393789067864418,0.49542241762765055,0.15965538695454598,0.5856294871008,0.4,0.5,0.4,1.0
1375,mscoco,0.25328504145145414,0.49235464671125806,0.4300700604915619,0.6675999513729731,0.4,0.5,0.3,0.1666666666666666
167479,mscoco,0.1498689755797386,0.37927737166518916,0.18233918845653535,0.5010374674491815,0.0,0.0232558139534883,0.3,1.0
124874,mscoco,0.06845016479492187,0.3830108117732755,0.05520929787307978,0.19561291464877156,0.1,0.3333333333333333,0.0,0.0056497175141242
506901,mscoco,0.09671684224158525,0.3752209345921529,0.10105685144662857,0.4500939180071936,0.3,0.2,0.5,1.0
519754,mscoco,0.1251181187108159,0.6620497788182864,0.1526578003540635,0.6650169599138611,0.1,1.0,0.1,1.0
336457,mscoco,0.07269297540187836,0.30288711894348996,0.13963586296886205,0.3884191473397705,0.0,0.0526315789473684,0.4,0.25
290974,mscoco,0.03180681662634015,0.11799902724927118,0.05261584771797061,0.31332837014013243,0.1,1.0,0.1,0.3333333333333333
18918,mscoco,0.30432321280241015,0.739950824900758,0.301914744079113,0.6972954406243622,1.0,1.0,0.7,0.3333333333333333
153140,mscoco,0.09090827815234662,0.24537110619088157,0.16520986333489418,0.516622152423284,0.0,0.0769230769230769,0.3,1.0
83481,mscoco,0.046427933825179936,0.2317001279245923,0.06750180907547473,0.4063208041772026,0.2,0.5,0.2,1.0
204473,mscoco,0.05118532492779195,0.1813629119894988,0.04994907598011196,0.2074289253924748,0.0,0.0526315789473684,0.0,0.0476190476190476
419074,mscoco,0.2968886211514473,0.5627745745828395,0.45130717307329177,0.7630513945939018,0.0,0.0357142857142857,0.1,0.125
261235,mscoco,0.0558422819711268,0.2410418718396309,0.1594541037455201,0.5946357369683758,0.0,0.0909090909090909,0.1,1.0
338971,mscoco,0.06479391399770976,0.2591340671269496,0.08670723773539066,0.26680856099965033,0.1,0.1,0.1,0.3333333333333333
223183,mscoco,0.4158565655350685,0.7494721708116456,0.4941697850823402,0.7956961101170634,0.9,1.0,0.7,1.0
450711,mscoco,0.11888913121074438,0.5416827494292785,0.13005289286375046,0.5691858985253341,0.1,0.5,0.1,1.0
490187,mscoco,0.34291703402996065,0.8089697630873952,0.31826554238796234,0.6478019843358839,0.1,0.5,0.1,0.3333333333333333
564602,mscoco,0.12483947537839413,0.317259070768794,0.20501475036144257,0.4671638322792493,0.0,0.0188679245283018,0.4,0.5
452201,mscoco,0.14810964381322264,0.4359522496999045,0.1177569430321455,0.3040542828310222,0.0,0.05,0.2,1.0
443334,mscoco,0.29184048250317574,0.5418240222377746,0.3489208608865738,0.6710401271759073,0.3,0.2,0.3,1.0
18075,mscoco,0.25817547291517257,0.648117652510656,0.40261419862508774,0.7218259937619078,0.4,0.3333333333333333,1.0,1.0
50,drawbench,0.08424520287662744,0.26637151996134995,0.07610585428774357,0.27333172718746346,0.0,0.0,0.0,0.0
86,drawbench,0.13223488815128803,0.410286530796726,0.16310517080128192,0.5450040588008092,0.1,0.125,0.0,0.0555555555555555
171808,mscoco,0.18389974236488343,0.611422343737891,0.2543960824608803,0.5677141328712245,0.2,0.1428571428571428,0.5,1.0
572487,mscoco,0.057284759171307084,0.23911706786799647,0.08500097393989563,0.3561684623432689,0.0,0.037037037037037,0.2,0.1666666666666666
566765,mscoco,0.13982617929577829,0.5469529103438957,0.13459750823676586,0.5096181529049241,0.1,1.0,0.2,0.5
163514,mscoco,0.15786445885896683,0.4185026840095194,0.1962880678474903,0.46233116526653933,0.1,1.0,0.1,1.0
311128,mscoco,0.15231870226562022,0.46939702071155276,0.1553345087915659,0.5496213440767866,1.0,1.0,0.9,1.0
520858,mscoco,0.2559680588543415,0.5907236656907074,0.4222970813512802,0.6915012462871754,0.0,0.0833333333333333,0.5,0.3333333333333333
271051,mscoco,0.05997068230062723,0.2652843158299115,0.07432797979563474,0.2127554978989225,0.1,0.5,0.1,1.0
532933,mscoco,0.10600301772356033,0.30508584446557085,0.11930705327540636,0.4436236252076474,0.0,0.0434782608695652,0.1,1.0
475974,mscoco,0.20025042369961737,0.561075715622458,0.2472706139087677,0.6411991241892161,0.1,0.3333333333333333,0.0,0.0217391304347826
206731,mscoco,0.042620880715548995,0.2841133914818833,0.04210649379529059,0.2773310396205497,0.1,0.5,0.1,0.3333333333333333
450212,mscoco,0.25276589691638945,0.7725965581993486,0.2306951865553856,0.6092533808105735,0.1,1.0,0.1,0.3333333333333333
188478,mscoco,0.2751192905008793,0.5672362164054812,0.2890109345316887,0.5874621524161976,0.4,1.0,0.2,1.0
463944,mscoco,0.04115129858255386,0.16953282248446722,0.06663711704313754,0.29488963030413523,0.1,0.1,0.0,0.0294117647058823
521657,mscoco,0.24918420612812042,0.5869991072908458,0.25254370383918284,0.6422754260563125,0.2,1.0,0.1,1.0
310511,mscoco,0.04568044515326619,0.16094109370542,0.13548246268182992,0.5102881767913183,0.1,0.3333333333333333,0.1,1.0
24859,mscoco,0.09200724307447672,0.38396260791686376,0.2143062449991703,0.5127147443853015,0.1,0.1,0.2,1.0
402662,mscoco,0.06314875045791268,0.2483017696414305,0.07507062703371048,0.279041352855649,0.2,0.25,0.4,1.0
109791,mscoco,0.13638794384896755,0.4829354171826862,0.23691588118672371,0.6619203541598817,0.2,0.3333333333333333,0.3,1.0
62,drawbench,0.20136286467313766,0.5841548562156185,0.22227136865258218,0.7468021092558103,0.0,0.0025839793281653,0.0,0.0023809523809523
298190,mscoco,0.09696242045611143,0.3742760350652271,0.12142501752823591,0.39749097788125515,0.1,0.125,0.3,1.0
86065,mscoco,0.4406249687075615,0.8170282853615081,0.6213492333889008,0.8469618800715559,0.4,0.5,0.4,0.25
127726,mscoco,0.04825442796573043,0.1937641882508586,0.05575514659285545,0.2189957676106048,0.2,1.0,0.1,1.0
572825,mscoco,0.14262790605425835,0.5014015696052085,0.23440188355743885,0.5931899563424974,0.4,0.5,0.7,1.0
246009,mscoco,0.295452119410038,0.8542822965884777,0.28797724917531015,0.6345331097753283,0.5,1.0,0.7,1.0
517906,mscoco,0.12139637544751167,0.5200308342122377,0.1566057074815035,0.4898855454500175,0.0,0.0909090909090909,0.1,0.1666666666666666
265256,mscoco,0.12224689200520515,0.49242056739858797,0.08575669340789319,0.24372037271568286,0.0,0.0833333333333333,0.2,1.0
373038,mscoco,0.09306448101997375,0.3395522678001055,0.10908961165696382,0.5876950976273378,0.0,0.0909090909090909,0.1,1.0
53720,mscoco,0.2473421808332205,0.39764287072189125,0.2512908935546875,0.4529620658134474,0.4,0.5,0.8,0.3333333333333333
514116,mscoco,0.10331161841750144,0.3557969119812929,0.16246369145810605,0.6344373744751196,0.0,0.0625,0.3,0.5
395396,mscoco,0.4056051507592201,0.8896858674491362,0.4860893815755844,0.8714297755464596,0.5,1.0,0.8,1.0
118851,mscoco,0.38623690232634544,0.7884755639015335,0.4532629519701004,0.8249118721505938,0.4,1.0,0.6,1.0
198625,mscoco,0.43431363105773924,0.7967791756213589,0.4336486503481865,0.8444977580735774,0.0,0.0333333333333333,0.2,0.2
53,drawbench,0.08914788961410522,0.26917143225850293,0.08334901593625546,0.3377124307504895,0.0,0.0,0.0,0.0
99,drawbench,0.030152103421278297,0.13686162444291378,0.017880542401690035,0.11082599979143581,0.0,0.0,0.0,0.0
132656,mscoco,0.48909798860549925,0.8209465876658285,0.39925537407398226,0.6591501982008062,0.2,0.3333333333333333,0.2,0.5
213276,mscoco,0.020730685954913498,0.12819711939233833,0.019632929877843708,0.1273478231939975,0.1,1.0,0.1,1.0
123974,mscoco,0.1722651243209839,0.6063754243756484,0.23855482041835785,0.6222775918087811,0.5,1.0,0.6,0.5
131,drawbench,0.18105552084743975,0.5874282777875286,0.30532705336809157,0.656031606495716,0.0,0.0,0.0,0.0
435096,mscoco,0.05477234050631523,0.31889700023078227,0.06947970585897564,0.3364780113686069,0.1,1.0,0.1,1.0
509764,mscoco,0.07099199555814266,0.3044598813603464,0.0639226316474378,0.16439053544286358,0.1,0.5,0.0,0.0454545454545454
204273,mscoco,0.2538858190178871,0.4576971643985281,0.19683402851223947,0.38545601413119884,0.1,0.2,0.1,0.125
299768,mscoco,0.27493476420640944,0.7118177246740475,0.44087139666080477,0.7794301427010523,0.0,0.003012048192771,0.3,0.25
135369,mscoco,0.4064834490418434,0.8297608546127009,0.3132309585809708,0.8659989527170777,0.8,1.0,0.6,1.0
508053,mscoco,0.16908660531044006,0.4542171677016852,0.3034456133842468,0.6019472188662369,0.1,0.2,0.2,0.5
475413,mscoco,0.09352188380435109,0.3634048507304765,0.23055696729570627,0.7762481805467172,0.0,0.0434782608695652,0.0,0.027027027027027
44328,mscoco,0.07136504463851452,0.32661930110764,0.0693057406693697,0.24441128810739607,0.1,1.0,0.1,0.3333333333333333
127743,mscoco,0.1313186701387167,0.451200553532601,0.0895193511620164,0.4185909354671787,0.2,1.0,0.2,1.0
316842,mscoco,0.20827319324016572,0.5662460328893498,0.18466391302645208,0.6092449747199649,0.0,0.0769230769230769,0.2,0.5
131075,mscoco,0.07353858258575201,0.25306334794297414,0.08787567876279354,0.25174565077352656,0.0,0.0059171597633136,0.2,1.0
323812,mscoco,0.1330366265028715,0.4011999097004981,0.1442728854715824,0.41550124382126224,0.4,1.0,0.6,1.0
354212,mscoco,0.3106771193444729,0.6000702151804945,0.3713365141302347,0.8719039895899325,0.3,1.0,0.7,1.0
33645,mscoco,0.06977277612313629,0.38009821860425275,0.07430556882172823,0.40876393914818104,0.1,0.5,0.1,0.25
285529,mscoco,0.22230188325047492,0.548565047378259,0.23922392018139363,0.6900554491634565,0.6,0.5,0.7,1.0
52669,mscoco,0.12978516332805157,0.3735740938448597,0.177354821190238,0.44439887176630927,0.0,0.0416666666666666,0.2,0.5
47328,mscoco,0.2308133713901043,0.7168424087388611,0.25764094293117523,0.7319258380127186,0.4,0.5,0.3,0.3333333333333333
256513,mscoco,0.08820618391036987,0.2876289040092271,0.17406022250652314,0.5576230888250395,0.0,0.0833333333333333,0.3,0.5
561196,mscoco,0.05586079601198435,0.2528828331193313,0.056097221374511716,0.26779690143562196,0.1,1.0,0.1,1.0
411261,mscoco,0.1071691176854074,0.4598644646091921,0.11202719956636428,0.45575739830717216,0.1,1.0,0.1,1.0
578056,mscoco,0.021840851055458188,0.11525901804662175,0.023910732939839363,0.11772125662873086,0.1,0.3333333333333333,0.1,1.0
110926,mscoco,0.1876606285572052,0.5031138061722299,0.2699669860303402,0.7774428405248387,0.0,0.0204081632653061,0.1,1.0
290175,mscoco,0.03417568150907755,0.12889767871339625,0.05431111315265298,0.22525573078638852,0.4,0.2,0.6,1.0
295589,mscoco,0.10642312429845333,0.2833666074059653,0.1552795559167862,0.44348327874740434,0.0,0.0028735632183908,0.0,0.0025316455696202
442478,mscoco,0.16000969260931014,0.45084570400461216,0.26409526690840723,0.5464546868880784,0.0,0.0108695652173913,0.0,0.0153846153846153
267598,mscoco,0.21143167838454247,0.6124596149171027,0.2723867781460285,0.7021668036448983,0.3,1.0,0.4,1.0
386424,mscoco,0.13910340368747712,0.5222587808826066,0.10212266854941845,0.2746308654502413,0.2,0.3333333333333333,0.1,0.1666666666666666
10727,mscoco,0.19530049040913583,0.4395378124172147,0.2208367172628641,0.6199222970396039,0.0,0.0454545454545454,0.1,0.1
7452,mscoco,0.27837997376918794,0.5020571798296518,0.3380570992827415,0.5955921571979933,0.2,0.1666666666666666,0.5,0.5
322560,mscoco,0.06778499763458967,0.24172295647862613,0.07789172604680061,0.27343648014789823,0.3,0.25,0.4,1.0
185849,mscoco,0.0799886791035533,0.20815211504826692,0.10772039163857698,0.41302192613442723,0.1,0.1666666666666666,0.0,0.0067567567567567
459827,mscoco,0.059512813575565815,0.20806227751009757,0.10266697481274605,0.3653765310724791,0.0,0.0769230769230769,0.3,0.5
415840,mscoco,0.12826962694525718,0.42006397483388724,0.10102837458252907,0.3124914015687898,0.0,0.0303030303030303,0.0,0.0057471264367816
206274,mscoco,0.11639063693583011,0.3743889811353046,0.10990604963153601,0.37682700384769885,0.1,1.0,0.2,1.0
239888,mscoco,0.3439111843705177,0.7304314450013707,0.38121817260980606,0.7073246877058893,0.1,0.3333333333333333,0.6,0.5
120,drawbench,0.13389901705086232,0.38431520154223214,0.1758541651070118,0.4858811836920164,0.0,0.0,0.0,0.0
309169,mscoco,0.09699148535728455,0.3268337295344235,0.24225243628025056,0.611299330641311,0.0,0.04,0.2,0.5
112996,mscoco,0.14338221102952958,0.5748232685452661,0.1587251465767622,0.5788384560752348,0.1,1.0,0.1,1.0
459343,mscoco,0.23051139414310456,0.6031851510073478,0.2416247695684433,0.6858772033519486,0.4,1.0,0.7,1.0
471488,mscoco,0.19474969282746316,0.5093996169562616,0.22948112338781357,0.5251609634057429,0.0,0.0024213075060532,0.0,0.025
252919,mscoco,0.2888211667537689,0.7124942330787191,0.3259021624922752,0.7596604026969561,0.3,1.0,0.4,0.5
7945,mscoco,0.11708097234368324,0.39481857938805065,0.11634363420307636,0.43226024964086085,0.0,0.0625,0.1,1.0
162215,mscoco,0.23924510031938553,0.5492865279846759,0.23754943162202835,0.5019849841147226,0.4,0.5,0.6,1.0
193889,mscoco,0.07951713651418686,0.24845295452510335,0.22509632259607315,0.5765514094127714,0.0,0.0070422535211267,0.1,1.0
46,drawbench,0.08345262706279755,0.2955389989974963,0.09300584606826305,0.3707803106636113,0.0,0.0,0.0,0.0
30,drawbench,0.11609323918819428,0.5353742592026461,0.13998856134712695,0.5450726374242434,0.0,0.0,0.0,0.0
386864,mscoco,0.1002116808667779,0.5659126010021663,0.1131165785714984,0.6473517537481122,0.1,0.25,0.2,0.25
232287,mscoco,0.07115716487169266,0.26978923246596653,0.09735749177634716,0.37720330826282417,0.0,0.0204081632653061,0.1,0.5
241027,mscoco,0.36278349459171294,0.7940213724554918,0.33115568608045576,0.7476347768716635,0.6,0.3333333333333333,0.3,0.1666666666666666
213795,mscoco,0.15428793281316758,0.5753518013841602,0.1715699702501297,0.418682090185318,0.1,0.25,0.2,0.25
12059,mscoco,0.0717705924063921,0.3661741608358842,0.08407702427357436,0.41366813104000916,0.1,1.0,0.1,1.0
162753,mscoco,0.20094625204801558,0.5821497535984884,0.2317487806081772,0.47042851221600535,0.2,1.0,0.0,0.0555555555555555
425458,mscoco,0.09441255237907172,0.4267390350440664,0.1162058686837554,0.41394756529582677,0.2,0.5,0.4,0.3333333333333333
368956,mscoco,0.2327822834253311,0.48970957855282465,0.1948274001479149,0.5845092077424063,0.1,0.1,0.0,0.0526315789473684
496410,mscoco,0.09665421098470688,0.42977566330136874,0.09431479126214981,0.39878674895197025,0.1,0.1111111111111111,0.2,0.5
532612,mscoco,0.1123748455196619,0.44116756234821425,0.11664038375020028,0.49154374057658906,0.1,1.0,0.0,0.0625
230837,mscoco,0.27678587585687636,0.5931927217116386,0.34492309391498566,0.7690339486269855,0.0,0.0196078431372549,0.0,0.0769230769230769
460882,mscoco,0.3835014447569847,0.7309568025044144,0.37850079983472823,0.5569676579353535,0.4,0.5,0.3,0.5
485852,mscoco,0.06833042353391647,0.271363627647751,0.12624674439430236,0.24933771516579006,0.1,0.3333333333333333,0.0,0.0416666666666666
72342,mscoco,0.29417943209409714,0.5083963803467761,0.2846029371023178,0.7388548867818925,0.2,1.0,0.1,0.2
81017,mscoco,0.1794811815023422,0.4372665495418074,0.22838223427534105,0.5314139569862454,0.0,0.0909090909090909,0.1,0.125
401828,mscoco,0.06301371864974499,0.23152669520208016,0.09244202673435212,0.380604463520643,0.2,0.1666666666666666,0.2,1.0
554138,mscoco,0.15241787657141687,0.3871501395425231,0.3458155021071434,0.7025013541863875,0.0,0.0666666666666666,0.1,0.1111111111111111
321742,mscoco,0.2742804802954197,0.5089863264333784,0.3660620331764221,0.7757028547416395,0.4,1.0,0.7,1.0
574384,mscoco,0.24318722411990165,0.5959564866007517,0.24526399821043016,0.5597542943456449,0.0,0.002020202020202,0.0,0.0014306151645207
446557,mscoco,0.1682561680674553,0.6676249132981804,0.19987164214253425,0.7289925757580041,0.1,0.1428571428571428,0.0,0.05
253498,mscoco,0.14237489998340608,0.3470197312387857,0.20490574538707734,0.737145511448717,0.1,0.3333333333333333,0.4,0.25
448251,mscoco,0.13237191624939443,0.4375647719395235,0.13854311853647233,0.44207497281364233,0.1,0.5,0.0,0.0188679245283018
116622,mscoco,0.519190889596939,0.7322552420777229,0.5459534376859665,0.8517197385989196,0.3,1.0,0.3,0.3333333333333333
486899,mscoco,0.2159505493938923,0.38876500579261064,0.28095138669013975,0.5543654021708216,0.2,1.0,0.0,0.0178571428571428
59295,mscoco,0.1382608324289322,0.44872555153805416,0.15596191659569741,0.5574483458528617,0.1,1.0,0.1,0.2
289012,mscoco,0.1307983510196209,0.4528210049374408,0.10659580491483212,0.3936711072065545,0.1,0.2,0.1,1.0
435902,mscoco,0.24940807819366456,0.5176153011036639,0.3016923382878304,0.6605615664990593,0.2,0.25,0.6,1.0
480518,mscoco,0.16428957106545566,0.6864562838116378,0.1351240649819374,0.6750830809983183,0.5,0.5,0.4,1.0
39272,mscoco,0.23764855787158012,0.6425533050734191,0.20249727480113505,0.7233071203475547,0.1,0.5,0.1,1.0
558579,mscoco,0.056093629403039816,0.22842206292063158,0.07864215318113565,0.31064676057825297,0.2,1.0,0.2,0.2
143348,mscoco,0.18697845935821533,0.3901132266595993,0.24522867947816848,0.504331532404003,0.1,1.0,0.4,0.2
16961,mscoco,0.08580628074705601,0.2667860236701553,0.07714283596724272,0.29748713547256744,0.1,0.5,0.1,0.1428571428571428
489939,mscoco,0.09252754934132099,0.3353845201785406,0.13997706361114978,0.4128007949130447,0.0,0.0116279069767441,0.1,0.3333333333333333
185281,mscoco,0.18007449712604284,0.6275467293059598,0.2066500259563327,0.6247423079913822,0.2,1.0,0.2,1.0
500622,mscoco,0.04007594026625157,0.1538788606385016,0.05835934188216925,0.1589775578140735,0.1,1.0,0.1,0.5
220772,mscoco,0.25533012822270396,0.5851420491233407,0.18795814216136933,0.4864139883425388,0.0,0.0060240963855421,0.0,0.0068965517241379
550400,mscoco,0.10423894003033637,0.3379813899857293,0.10398400872945786,0.35140415271634184,0.2,1.0,0.2,1.0
378906,mscoco,0.22529080733656884,0.3678702408059788,0.18804322071373464,0.5669242848505937,0.0,0.0769230769230769,0.1,1.0
542111,mscoco,0.18465209305286406,0.5576511777334269,0.28523031175136565,0.4861372071756586,0.1,0.1,0.0,0.0666666666666666
3217,mscoco,0.29558528065681455,0.7299726045227675,0.43031534403562544,0.6821331147572653,0.4,1.0,0.4,0.5
96625,mscoco,0.07165449280291795,0.24224873738573485,0.1324692402034998,0.38034631225664295,0.1,0.5,0.4,1.0
60328,mscoco,0.31458760201931,0.6003986392994047,0.45369264781475066,0.681598378870376,0.1,0.1666666666666666,0.3,0.1666666666666666
402287,mscoco,0.0830537885427475,0.42570959893473287,0.09670062810182571,0.43645574069193893,0.3,1.0,0.4,0.25
517909,mscoco,0.09316265489906073,0.3355350094127004,0.12577389348298312,0.6894474151552398,0.1,0.5,0.0,0.0285714285714285
113233,mscoco,0.09891921319067479,0.26647353906389387,0.21496353670954704,0.47666351286873865,0.0,0.0072463768115942,0.1,1.0
77181,mscoco,0.0951062461361289,0.391127702592349,0.13702105470001696,0.38866904944242175,0.1,0.5,0.0,0.0024752475247524
371243,mscoco,0.17835406288504602,0.4928994217595205,0.26378510147333145,0.5946687819438126,0.0,0.0666666666666666,0.8,1.0
146656,mscoco,0.16005493104457855,0.4326206768486598,0.20776374787092208,0.5520727573568683,0.1,0.2,0.0,0.0666666666666666
430688,mscoco,0.035623267851769926,0.15163830655141747,0.03174459845758974,0.13237088351113954,0.1,0.25,0.1,1.0
143449,mscoco,0.1791045542806387,0.5117065943664857,0.2498856045305729,0.6933862120676242,0.5,1.0,0.3,1.0
57433,mscoco,0.1742590807378292,0.40210328714621923,0.297537162899971,0.7411442249423017,0.1,0.2,0.0,0.0769230769230769
298736,mscoco,0.059078747406601906,0.197550826701958,0.13144997879862785,0.4991764282911704,0.1,1.0,0.4,1.0
406550,mscoco,0.2839981555938721,0.5742073032294558,0.2581809163093567,0.5738420530192143,0.1,0.1428571428571428,0.0,0.037037037037037
561903,mscoco,0.1146120436489582,0.3751541909138764,0.12645698711276054,0.481946765901518,0.0,0.0476190476190476,0.1,1.0
227699,mscoco,0.34250072240829466,0.7802596155207531,0.3950564473867416,0.7633758602281164,0.4,1.0,0.4,0.5
59821,mscoco,0.13080837056040764,0.5944993893224115,0.19432270005345345,0.5782900914237362,0.0,0.0083333333333333,0.0,0.04
265612,mscoco,0.07263389639556408,0.3197863524879311,0.06330688325688243,0.3157686027476133,0.3,1.0,0.2,1.0
24591,mscoco,0.10891878753900527,0.3519342876181166,0.19660455882549285,0.5445765970513511,0.0,0.0714285714285714,0.3,0.5
71,drawbench,0.14057126566767691,0.3346161984832237,0.16072586514055728,0.5208439989479042,0.0,0.000432525951557,0.0,0.0008771929824561
35,drawbench,0.4273680880665779,0.766559171349328,0.44977977946400644,0.6710496965669706,0.0,0.0454545454545454,0.0,0.0133333333333333
317833,mscoco,0.08658796269446611,0.28123469587170447,0.15178853645920753,0.47009354156093003,0.1,0.25,0.0,0.0454545454545454
544583,mscoco,0.15659614652395248,0.3958039299803876,0.3497937574982643,0.6686518469579513,0.0,0.0666666666666666,0.7,0.5
514544,mscoco,0.07851283736526966,0.29800918173467633,0.09355893097817898,0.34289734482054,0.5,1.0,0.4,1.0
160199,mscoco,0.09386407770216465,0.371454302935908,0.1267216645181179,0.39190161949147845,0.1,0.125,0.3,0.5
156445,mscoco,0.2400678027421236,0.8168252446658106,0.291026458889246,0.4851181641999548,0.2,1.0,0.4,1.0
46686,mscoco,0.14005449861288072,0.48285380345133055,0.13249866981059313,0.42984214212086097,0.2,1.0,0.2,0.3333333333333333
563457,mscoco,0.10990738309919834,0.568513095993874,0.09596692267805337,0.31631389895892553,0.2,0.5,0.2,1.0
520848,mscoco,0.20895197242498398,0.5670110486671351,0.18644882030785084,0.5898435680121992,0.4,1.0,0.5,0.25
433992,mscoco,0.08803071305155755,0.27616932012224826,0.11175633519887924,0.3875649120214806,0.0,0.0031746031746031,0.1,0.1666666666666666
415464,mscoco,0.154189395904541,0.3658719889141345,0.10927822068333626,0.4033271991195784,0.0,0.0136986301369863,0.0,0.0045871559633027
62543,mscoco,0.2567047491669655,0.5303585939367642,0.42296517342329026,0.7671609668133226,0.3,0.2,0.7,0.5
123175,mscoco,0.25777591317892073,0.7837421952237735,0.3230988450348377,0.6506717638988319,0.4,1.0,0.3,1.0
65383,mscoco,0.41011881455779076,0.7722036162537084,0.6294729679822921,0.8012960627352843,0.3,0.5,1.0,1.0
544001,mscoco,0.14820567332208157,0.4541097094741912,0.20935840532183647,0.49290649961266125,0.4,1.0,0.2,0.1428571428571428
41104,mscoco,0.3748171880841255,0.7566035779693606,0.33554698079824447,0.7414905847011165,0.5,1.0,0.5,1.0
355193,mscoco,0.7319577455520629,0.8378590456895967,0.767450612783432,0.9240140648191091,1.0,1.0,1.0,1.0
500940,mscoco,0.013403070438653231,0.06698492387405162,0.030730342958122492,0.19884364139360453,0.1,1.0,0.1,0.5
429142,mscoco,0.06985906325280666,0.23639063791393047,0.09406443051993847,0.39418149582258716,0.0,0.01,0.1,1.0
125252,mscoco,0.048350022081285714,0.2354586480221386,0.05858500748872757,0.3065536648829052,0.2,0.5,0.2,0.5
14683,mscoco,0.25030459426343443,0.6457552771481204,0.3440893068909645,0.695930884189023,0.2,1.0,0.3,1.0
109,drawbench,0.14767863564193248,0.4247507776328533,0.1914185513742268,0.7375302501349967,0.1,0.1428571428571428,0.0,0.0135135135135135
391662,mscoco,0.060191482119262216,0.27798201256414373,0.04422935349866748,0.17887088495332756,0.1,0.25,0.4,0.5
409131,mscoco,0.09324367605149746,0.2867130739975435,0.16059612073004245,0.5288747889450706,0.2,0.5,0.4,1.0
478880,mscoco,0.38140697926282885,0.6674553953059813,0.3914755582809448,0.6774717998208201,0.0,0.05,0.2,0.5
230972,mscoco,0.06032822877168655,0.24791213406666734,0.08951860815286636,0.2752154210458359,0.1,1.0,0.1,0.3333333333333333
233093,mscoco,0.015086374839302152,0.0521573506082579,0.02722321052569896,0.1467069824933587,0.0,0.0064102564102564,0.0,0.0023364485981308
143,drawbench,0.0245180943980813,0.11161558059026944,0.029334947024472056,0.20603656294026362,0.0,0.0,0.0,0.0
59918,mscoco,0.20018818601965904,0.5262611861885598,0.2806590974330902,0.616618542725415,0.2,1.0,0.7,1.0
575958,mscoco,0.1621752131730318,0.5386408965885889,0.16265210285782813,0.6014616611586897,0.0,0.0101010101010101,0.1,0.5
381160,mscoco,0.57893076390028,0.8846507558585457,0.35836700424551965,0.6632190683834155,0.0,0.0714285714285714,0.1,0.5
229067,mscoco,0.26670956015586855,0.4611551405811824,0.40039023458957673,0.7149471057061177,0.6,0.3333333333333333,0.6,1.0
412780,mscoco,0.04493390265852213,0.22235214751660054,0.10818149894475937,0.3388729164998018,0.0,0.0476190476190476,0.2,0.1428571428571428
515655,mscoco,0.14970290213823317,0.34854520897621954,0.14710261151194573,0.4483729184077458,0.0,0.0526315789473684,0.1,0.25
385037,mscoco,0.2722950201481581,0.7387812907905382,0.31555033922195436,0.6817189032085652,0.6,1.0,0.6,0.5
30281,mscoco,0.23192491382360458,0.6217871500686549,0.33211073726415635,0.6330044507495938,0.4,0.3333333333333333,0.5,0.3333333333333333
85472,mscoco,0.4605755314230919,0.8366164590396538,0.49323383942246435,0.8369597093049376,0.8,1.0,0.9,1.0
262146,mscoco,0.0846639120951295,0.27401401664710096,0.1952952563762665,0.5772515004434211,0.0,0.0833333333333333,0.5,1.0
85155,mscoco,0.3366348512470722,0.7436888794355853,0.32801814898848536,0.7116917259306381,0.4,1.0,0.3,0.5
406250,mscoco,0.2813111074268818,0.7262433362276464,0.353663457930088,0.8158521184516745,0.3,1.0,0.5,0.5
172143,mscoco,0.0532354449853301,0.23615876798764876,0.07173157688230276,0.3601579209710667,0.0,0.0625,0.1,0.5
455667,mscoco,0.4159050077199936,0.7917367299246085,0.43978234231472013,0.8244150250548081,0.3,0.2,0.6,1.0
169006,mscoco,0.23233275935053826,0.4660303696380041,0.2944191172719002,0.7105653350551613,0.2,0.5,0.4,0.5
173109,mscoco,0.05306729171425104,0.22708793617110995,0.09916024981066585,0.29684673663339767,0.1,1.0,0.2,1.0
192322,mscoco,0.2935898616909981,0.614737540980671,0.3295819379389286,0.7144381698456372,0.9,1.0,0.8,1.0
222266,mscoco,0.15141710303723813,0.5714248186467098,0.13228754475712776,0.5413146538833911,0.3,1.0,0.3,1.0
325806,mscoco,0.2700102299451828,0.7172603415431646,0.32859149724245074,0.7119253006157249,0.2,1.0,0.5,0.3333333333333333
449537,mscoco,0.20646481215953827,0.5901660004949417,0.23791160210967063,0.617384666574816,0.0,0.00625,0.0,0.0555555555555555
145284,mscoco,0.14225145131349565,0.4276334547833274,0.17212876826524734,0.6197969260444184,0.1,0.5,0.0,0.0909090909090909
465058,mscoco,0.27037851363420484,0.7055647233054184,0.5382057964801789,0.8004938870306142,0.3,0.5,0.9,1.0
165893,mscoco,0.06596779432147741,0.26045124021228677,0.14846297018229962,0.3549777634648539,0.1,1.0,0.1,1.0
537157,mscoco,0.20275091603398324,0.6110516906810721,0.2063746176660061,0.7242248618687626,0.0,0.0909090909090909,0.1,1.0
426323,mscoco,0.0695042005740106,0.3018063730077509,0.09007180891931058,0.3241659293234614,0.1,1.0,0.1,1.0
92280,mscoco,0.17102276980876924,0.5668610099804043,0.15490169674158097,0.5673758353175711,0.2,1.0,0.4,1.0
319118,mscoco,0.28562730848789214,0.7463310452317865,0.3026321530342102,0.7408283300478878,0.3,1.0,0.5,0.5
234713,mscoco,0.2631071716547012,0.6965956529877811,0.2666513755917549,0.6232820503562932,0.9,1.0,1.0,1.0
379165,mscoco,0.15145071223378181,0.4600442760021049,0.19988317787647247,0.7174179533679249,0.1,0.125,0.3,1.0
26551,mscoco,0.11236363649368286,0.3676103945519292,0.17737857401371002,0.586746084172903,0.0,0.0303030303030303,0.3,1.0
280242,mscoco,0.086173015832901,0.3155358458883104,0.12685029357671737,0.34400250780121955,0.2,0.2,0.1,0.1111111111111111
260307,mscoco,0.06436846451833844,0.3650054123211656,0.0811616413295269,0.242448188479927,0.0,0.0070422535211267,0.0,0.0526315789473684
433168,mscoco,0.26534275226294995,0.5816113654930889,0.29011186584830284,0.587216975225772,0.3,1.0,0.3,1.0
319043,mscoco,0.2091948628425598,0.42787116932913244,0.22391389906406403,0.4263294012819773,0.1,0.25,0.3,0.25
381994,mscoco,0.07815431077033282,0.40679928330674375,0.10778555609285831,0.2711751473953078,0.0,0.0151515151515151,0.1,0.25
206044,mscoco,0.2048760585486889,0.6077083440290296,0.21293483749032022,0.5851533199068164,0.1,1.0,0.1,1.0
211312,mscoco,0.08480108203366399,0.278972350654941,0.12118050828576088,0.356369406282705,0.0,0.0188679245283018,0.1,1.0
42196,mscoco,0.21856870427727698,0.5884299011584562,0.28437609374523165,0.694518842068971,0.0,0.0833333333333333,0.6,1.0
497096,mscoco,0.12347892113029957,0.5185701915965241,0.24615636095404625,0.5697737152070026,0.1,0.1666666666666666,0.4,0.2
81,mscoco,0.5264402762055397,0.7344786291774151,0.6382701188325882,0.8747241587566417,0.0,0.0119047619047619,0.0,0.0256410256410256
486123,mscoco,0.09105968587100506,0.30935508567845915,0.07417450733482837,0.24410227568936324,0.0,0.0476190476190476,0.1,0.125
322,mscoco,0.07388862054795027,0.25176455810433085,0.11305834911763668,0.4333474455535617,0.1,0.1666666666666666,0.1,0.125
493294,mscoco,0.335728195309639,0.6219018122035715,0.3280206173658371,0.6251598062677204,0.0,0.005,0.2,0.1428571428571428
187090,mscoco,0.14773501828312874,0.3278304491611656,0.300583703815937,0.6620555115209961,0.6,0.25,0.8,1.0
372902,mscoco,0.11881153807044029,0.4781104180462292,0.15642208382487297,0.5581019935905988,0.1,1.0,0.1,1.0
293979,mscoco,0.24963466003537177,0.5764626278961044,0.35029553025960924,0.6344518331194293,0.3,1.0,0.3,0.5
417090,mscoco,0.08651939891278744,0.369992925930955,0.11574948243796826,0.4591215878876967,0.0,0.0109890109890109,0.1,1.0
422172,mscoco,0.05370309334248304,0.2126223156448485,0.06946881208568811,0.29007401813135325,0.1,0.5,0.1,1.0
280988,mscoco,0.05873322105035186,0.20065296558287601,0.0829056548886001,0.41846241984898946,0.1,0.25,0.1,1.0
227558,mscoco,0.11643175035715103,0.526878299466161,0.11979731880128383,0.5977020261867112,0.6,0.5,0.9,1.0
348006,mscoco,0.052254701498895884,0.18915222089257833,0.06547811394557357,0.3883471345147354,0.1,0.25,0.1,1.0
166716,mscoco,0.10211688261479139,0.31794029223126336,0.20556696951389314,0.4331941514884818,0.0,0.0625,0.0,0.0138888888888888
124018,mscoco,0.3105348080396652,0.672375760504092,0.4592574641108513,0.7435214445941452,0.4,1.0,0.7,1.0
373792,mscoco,0.20342489928007126,0.723699430405494,0.29084024131298064,0.6660669377299373,0.5,1.0,0.7,0.5
334364,mscoco,0.09637048020958901,0.3267143449101463,0.19216982293874024,0.7044028690442932,0.1,0.2,0.1,1.0
196473,mscoco,0.047223558742553,0.2749365488118627,0.06223915759474039,0.2859817210285411,0.7,1.0,0.6,1.0
361866,mscoco,0.3235223203897476,0.5972919975954106,0.26372241601347923,0.7872935355528146,0.1,0.1,0.4,0.5
468932,mscoco,0.0997613014653325,0.37545829213519477,0.11381389684975148,0.49320591011388815,0.1,0.1428571428571428,0.1,0.5
447354,mscoco,0.4044338740408421,0.7277156602710567,0.38860668838024137,0.8572223246696374,0.3,1.0,0.2,1.0
85846,mscoco,0.20309349223971368,0.5785305796750728,0.18546752855181695,0.36776581782347745,0.1,1.0,0.0,0.0035971223021582
173631,mscoco,0.13853509537875652,0.34587629149052485,0.11526811253279448,0.5025664110416848,0.1,1.0,0.3,1.0
266805,mscoco,0.12082171142101288,0.24326559618587304,0.20567137822508813,0.6429906116284734,0.0,0.0256410256410256,0.3,1.0
299662,mscoco,0.18597474694252014,0.575199179503591,0.17499015666544437,0.406471560821104,0.0,0.0666666666666666,0.0,0.0068027210884353
569520,mscoco,0.08575821463018655,0.3852637770096448,0.11925825774669647,0.4712956426986475,0.1,0.125,0.2,1.0
193,drawbench,0.05437418445944786,0.20319617304330773,0.06779504884034396,0.25984623296070053,0.0,0.0,0.0,0.0
205356,mscoco,0.06981945857405662,0.20850119312688328,0.10802593119442463,0.31282273451219883,0.0,0.0555555555555555,0.1,0.1666666666666666
119,drawbench,0.05431893300265074,0.21788390787674775,0.08055664524435997,0.37846597439255253,0.0,0.0,0.0,0.0
394814,mscoco,0.0727817215025425,0.29925400140528025,0.1124511156231165,0.4741811285558293,0.0,0.0384615384615384,0.2,0.25
204940,mscoco,0.15525871142745018,0.3118086405097616,0.2504519373178482,0.5018196804827928,0.2,0.3333333333333333,0.3,1.0
167740,mscoco,0.3135551527142525,0.7971220673247936,0.34551401287317274,0.7939975958834319,0.0,0.0769230769230769,0.1,0.2
544590,mscoco,0.293652831017971,0.7460459689526764,0.2520108617842197,0.7828205824568757,0.5,0.5,0.4,1.0
344974,mscoco,0.1616858184337616,0.5926889363947895,0.1774917159229517,0.692742120053838,0.1,1.0,0.1,0.3333333333333333
440434,mscoco,0.019353916600812225,0.11036671037066886,0.03310168248135596,0.17376903754372297,0.1,1.0,0.1,0.1666666666666666
30752,mscoco,0.17353136613965034,0.5106843149953353,0.17563354223966599,0.5010175036641236,0.4,1.0,0.6,1.0
288975,mscoco,0.07268562400713563,0.2728166928372503,0.12456705588847398,0.4593456162456682,0.0,0.0114942528735632,0.1,0.2
45966,mscoco,0.01371318434830755,0.03779414118818194,0.019895460968837143,0.08887990562021057,0.1,1.0,0.0,0.037037037037037
136042,mscoco,0.0313213003333658,0.1647156460590498,0.052414345601573584,0.27324163877761415,0.1,0.25,0.1,0.1428571428571428
369514,mscoco,0.28778074160218237,0.6532080347533615,0.2869462132453918,0.5696606021702484,0.1,1.0,0.0,0.0666666666666666
483525,mscoco,0.17737073302268982,0.6415294505837595,0.21736167520284652,0.5557453812902496,0.2,0.1666666666666666,0.3,1.0
280347,mscoco,0.14626032225787639,0.5653054346425056,0.1493577653542161,0.5509355408382781,0.3,1.0,0.5,1.0
411343,mscoco,0.21072486639022828,0.43960932040506906,0.3006714716553688,0.6222599745269369,0.3,0.1428571428571428,0.8,0.5
567803,mscoco,0.6413847535848618,0.8904021726010272,0.6797038525342941,0.9148583311369464,0.2,0.3333333333333333,0.3,1.0
217458,mscoco,0.011379205074626952,0.05283372911164779,0.03245745723834261,0.23164142771308413,0.1,0.1666666666666666,0.1,1.0
166430,mscoco,0.11305513195693492,0.5063709127302279,0.1270554954186082,0.5150938105387597,0.1,0.3333333333333333,0.0,0.0666666666666666
556597,mscoco,0.19299104511737825,0.5279593937238781,0.26846264898777006,0.5266650940219237,0.0,0.0434782608695652,0.3,0.25
365556,mscoco,0.5925655454397202,0.8209358981825087,0.6081487625837326,0.8306292255594456,0.3,1.0,0.3,0.5
20987,mscoco,0.1480892203748226,0.41027014147557983,0.2341609861701727,0.5279873318640667,0.0,0.0263157894736842,0.1,1.0
162031,mscoco,0.04073273371905088,0.22031132942853335,0.036166022252291444,0.21249096588327207,0.2,1.0,0.2,1.0
485955,mscoco,0.02831049335654825,0.19132285358604526,0.044259946001693605,0.203481148092954,0.1,0.3333333333333333,0.1,1.0
202307,mscoco,0.26103901863098145,0.5039241586750038,0.35373075492680073,0.7933946456895945,0.5,0.5,0.9,1.0
502126,mscoco,0.10047569423913956,0.33086546713825654,0.16950723528862,0.5513977146186425,0.0,0.0666666666666666,0.1,0.1
10130,mscoco,0.09547057019080966,0.2928147642252102,0.04016772443428636,0.2364061372071732,0.1,1.0,0.1,1.0
33489,mscoco,0.041690583899617197,0.18754323655923338,0.0410938685759902,0.1449134380858381,0.1,0.5,0.1,0.2
167152,mscoco,0.41284475326538084,0.6711432892587368,0.3934593737125397,0.7684247124708546,0.0,0.0294117647058823,0.0,0.0188679245283018
554207,mscoco,0.0956150595098734,0.26035641947009613,0.23263382464647292,0.6095947908685428,0.1,1.0,0.2,0.3333333333333333
162827,mscoco,0.3347853943705559,0.8352361426976566,0.3720292426645756,0.8963289746227687,0.1,1.0,0.3,1.0
329217,mscoco,0.07112362515181303,0.3068323486152956,0.06261892402544618,0.2650663126114429,0.1,1.0,0.1,1.0
187194,mscoco,0.14457224532961846,0.5761648488577487,0.13588772527873516,0.6220339722328881,0.1,0.5,0.2,1.0
374357,mscoco,0.15736888330429794,0.4918389327073296,0.2086796049028635,0.5089419869997029,0.5,1.0,0.9,1.0
240976,mscoco,0.15584451276808978,0.390604959743949,0.23128131181001663,0.636044634785965,0.1,0.3333333333333333,0.0,0.0666666666666666
558171,mscoco,0.18981145173311234,0.6887077445077693,0.2526460163295269,0.6671336140400707,0.0,0.0068965517241379,0.0,0.0625
126714,mscoco,0.038460434321314095,0.17828069328816143,0.13118453789502382,0.6132661609096649,0.0,0.0006361323155216,0.1,0.2
132652,mscoco,0.3765850946307182,0.8086935505839672,0.49438357204198835,0.7898363066492514,0.7,1.0,0.8,1.0
87272,mscoco,0.10408832700923085,0.6696521567264315,0.16822559777647256,0.7108338588228647,0.1,1.0,0.2,1.0
18973,mscoco,0.11283297874033452,0.37546727273205616,0.14874822311103345,0.5265396448723042,0.2,1.0,0.0,0.0833333333333333
214261,mscoco,0.20636964067816735,0.6215406333651576,0.1982847698032856,0.5352536228407518,0.3,1.0,0.3,1.0
44136,mscoco,0.04083140669390559,0.19182584502899896,0.04080225066281855,0.20416976288150257,0.1,0.1,0.0,0.0769230769230769
204020,mscoco,0.00819077950436622,0.041532075753518374,0.02036944291321561,0.08404920851188157,0.0,0.0088495575221238,0.1,0.3333333333333333
226848,mscoco,0.19827000871300698,0.5137438298334837,0.24767272770404816,0.5865322810385428,0.3,0.1666666666666666,0.7,1.0
303570,mscoco,0.2730386208742857,0.6609001235956918,0.2691389635205269,0.6052071280307161,0.1,0.1111111111111111,0.0,0.0909090909090909
399983,mscoco,0.21118346080183983,0.4192739390119818,0.28569562286138533,0.6984251818801008,0.1,0.125,0.3,1.0
168843,mscoco,0.11804113499820232,0.46725601670611117,0.16418792456388473,0.4615330195690318,0.2,1.0,0.2,1.0
369074,mscoco,0.30965735837817193,0.8013463000932486,0.24968959614634514,0.797190770701672,0.1,1.0,0.2,1.0
364487,mscoco,0.13658978641033173,0.37073994169533875,0.16440484672784805,0.5203743497559795,0.0,0.0085470085470085,0.0,0.0051282051282051
232546,mscoco,0.07525004167109728,0.330953099276875,0.1110206425189972,0.4039096587677837,0.1,0.5,0.0,0.0052910052910052
159,drawbench,0.012321255495771765,0.08552381099006691,0.03180870348587632,0.21328785572906406,0.0,9.588095420725627e-06,0.0,1.7944300890037325e-05
329336,mscoco,0.19257218353450298,0.5657087450922917,0.36427620351314544,0.730454892949935,0.0,0.0476190476190476,0.0,0.0769230769230769
229481,mscoco,0.07602415159344673,0.2812716510633381,0.1835706491023302,0.5692810197616772,0.0,0.04,0.2,0.25
528575,mscoco,0.31040221601724627,0.7510233403334768,0.18857125751674175,0.6837877877664063,0.1,1.0,0.1,1.0
3694,mscoco,0.11241223104298115,0.328265006346737,0.21001813188195229,0.7126362066004035,0.0,0.0909090909090909,0.4,1.0
417016,mscoco,0.28695712238550186,0.45651195477054224,0.41871294677257537,0.7119129120179389,0.1,0.1666666666666666,0.2,0.1666666666666666
251418,mscoco,0.05705931838601828,0.2720945336823654,0.07103387527167797,0.28216313984720653,0.0,0.0476190476190476,0.0,0.0263157894736842
547866,mscoco,0.2867794193327427,0.5285159362796708,0.30858318135142326,0.6794421710249806,0.3,0.5,0.4,0.5
166998,mscoco,0.23194750323891639,0.4660109538602315,0.39413896948099136,0.7394290052605046,0.4,0.3333333333333333,0.6,1.0
570864,mscoco,0.042606132384389636,0.18282441941975644,0.03556665824726224,0.14848304972504614,0.6,1.0,0.4,0.5
462445,mscoco,0.0976418991573155,0.5628824193488935,0.1006165771279484,0.5662591243298742,0.1,1.0,0.1,1.0
300661,mscoco,0.029104383196681738,0.16327256412914104,0.03523738281801343,0.16749636250030686,0.1,0.1666666666666666,0.1,1.0
169502,mscoco,0.20957183316349984,0.6169537702999963,0.12976942546665668,0.5085417695028784,0.1,0.2,0.1,1.0
66144,mscoco,0.0810298841446638,0.2740887006694223,0.200050450861454,0.6279305628990637,0.1,0.1,0.1,1.0
269843,mscoco,0.06882008677348495,0.37468697814433155,0.06108952760696411,0.24205421338823577,0.1,0.25,0.1,1.0
54938,mscoco,0.0866059347987175,0.40354508952840074,0.11980889420956373,0.3878458326347919,0.0,0.0175438596491228,0.0,0.04
27390,mscoco,0.22580037713050843,0.4274372385046035,0.28575342148542404,0.6849035211079949,0.1,0.1666666666666666,0.1,0.3333333333333333
521978,mscoco,0.38078480064868925,0.8324726665119445,0.3860087111592293,0.85971900269265,0.1,1.0,0.1,0.5
429433,mscoco,0.16180396936833857,0.43571202502344714,0.18549973033368589,0.7963586478315793,0.1,0.25,0.0,0.0093457943925233
134,drawbench,0.12648143749684096,0.607965563902029,0.11474742144346237,0.3606775623116414,0.0,2.6367136001687492e-05,0.0,0.0021231422505307
378621,mscoco,0.07541531100869178,0.32334164125628684,0.12142199389636517,0.38365159069739285,0.1,0.1111111111111111,0.0,0.0476190476190476
222948,mscoco,0.07839419227093458,0.30435824147545104,0.08076667543500662,0.29436778417849696,0.0,0.0056497175141242,0.1,0.3333333333333333
77,drawbench,0.11824312452226877,0.505326569997011,0.07965910006314517,0.28700226896288134,0.0,0.0095238095238095,0.0,0.0084033613445378
124903,mscoco,0.28198845088481905,0.5462806198199542,0.3082218088209629,0.7792600633512513,0.1,0.3333333333333333,0.8,1.0
359375,mscoco,0.06338369883596898,0.2524507476486591,0.1001876462250948,0.35620256431589414,0.1,0.5,0.1,0.5
244760,mscoco,0.12472407557070256,0.38260781210654016,0.1345496591180563,0.4562180054445639,0.7,1.0,0.8,1.0
83097,mscoco,0.09604994207620621,0.3192140531146792,0.08059559091925621,0.2996062003365153,0.3,0.2,0.3,0.3333333333333333
337264,mscoco,0.0595054866746068,0.31526031492188084,0.06749582369811832,0.3374343685489505,0.1,1.0,0.1,1.0
145921,mscoco,0.3392354130744934,0.7399583471352247,0.38996934741735456,0.8113394050568256,0.2,0.2,0.0,0.0833333333333333
422155,mscoco,0.17331394515931606,0.7488975823725808,0.18192963153123856,0.7697957670017107,0.5,1.0,0.8,1.0
451969,mscoco,0.11635050922632217,0.24298798141390854,0.17840757668018342,0.3801064854955297,0.1,0.1666666666666666,0.1,0.2
484344,mscoco,0.10821577869355678,0.3436670739392728,0.16599583197385073,0.5905193658663479,0.2,0.25,0.3,0.3333333333333333
488952,mscoco,0.1791640691459179,0.5584513436444938,0.2269013412296772,0.8023405154094816,0.1,0.1666666666666666,0.1,1.0
67163,mscoco,0.12687143981456755,0.4207108786330335,0.16604720763862132,0.5123365692460439,0.1,1.0,0.1,0.3333333333333333
521068,mscoco,0.073985824175179,0.26444175034890866,0.08507781196385622,0.4210125327830211,0.1,0.1,0.0,0.0119047619047619
424340,mscoco,0.04239588165655732,0.16455395566376785,0.08183598928153515,0.4462930034591684,0.1,0.2,0.0,0.0769230769230769
364491,mscoco,0.11531679257750511,0.353972869166948,0.16245385222136974,0.5030508009068406,0.2,1.0,0.0,0.0909090909090909
556901,mscoco,0.3400316834449768,0.7751732765879916,0.36299452036619184,0.7926944311039958,0.2,0.5,0.0,0.0526315789473684
420826,mscoco,0.3207246094942093,0.7632791819336816,0.3368436023592949,0.7643880603329379,0.2,1.0,0.2,0.3333333333333333
283213,mscoco,0.11140848472714424,0.31566044837461854,0.1879054233431816,0.4947426141356467,0.0,0.0833333333333333,0.2,0.2
214363,mscoco,0.015982222836464645,0.07507469359429564,0.03521569538861513,0.15825235604617194,0.1,0.25,0.1,1.0
165350,mscoco,0.397391390055418,0.7692598484189713,0.4796349197626114,0.8302198660007349,0.0,0.0909090909090909,0.2,1.0
79806,mscoco,0.14308671057224273,0.4487775301818517,0.12593865171074867,0.5097651654018274,0.0,0.0833333333333333,0.1,0.125
279175,mscoco,0.09312213324010372,0.26692335507202297,0.08743783850222826,0.4129609282683409,0.3,0.5,0.4,1.0
200423,mscoco,0.11536823995411397,0.22913676946770917,0.24505986049771308,0.5183762434912783,0.1,0.1111111111111111,0.2,0.1111111111111111
11041,mscoco,0.32027291133999825,0.6506375207692139,0.5039378523826599,0.8760152753627888,0.7,1.0,0.7,0.3333333333333333
61377,mscoco,0.057074661180377004,0.22009987151553526,0.06016807686537504,0.29643833068044545,0.1,0.1,0.1,0.5
499094,mscoco,0.35145311802625656,0.5487095709970121,0.4556417614221573,0.7454819736517895,0.0,0.0476190476190476,0.3,0.25
65,drawbench,0.09481085743755102,0.4424845778344243,0.06340668722987175,0.2724858885949535,0.0,0.0,0.0,0.0
20542,mscoco,0.2893762648105621,0.5724621338657325,0.3249652341008186,0.6465285536249631,0.2,0.3333333333333333,0.2,1.0
295472,mscoco,0.09745106659829617,0.33966848245742265,0.18319525569677353,0.6452000464242633,0.2,0.3333333333333333,0.7,1.0
4471,mscoco,0.2405151505023241,0.5740265196756857,0.1305362328886986,0.41203828759619465,0.3,0.5,0.2,0.25
518816,mscoco,0.016359545430168508,0.0741689954523511,0.02247073359321803,0.13138771738909638,0.1,1.0,0.1,0.3333333333333333
267700,mscoco,0.18578351512551308,0.7367067929843241,0.3202934503555298,0.7030631656951204,0.8,1.0,0.5,1.0
436696,mscoco,0.1318542830646038,0.5350267816463136,0.16461801156401634,0.5873666548092247,0.0,0.0833333333333333,0.2,0.5
477351,mscoco,0.03770474065095186,0.16748449802080434,0.03267271025106311,0.15736549647900133,0.2,1.0,0.2,1.0
84084,mscoco,0.22911671325564384,0.5953140192638933,0.2647234439849854,0.5160175683631821,0.1,1.0,0.4,0.5
492314,mscoco,0.2340983733534813,0.49459370804596203,0.4394282102584839,0.7139763645431221,0.1,0.125,0.2,0.3333333333333333
13882,mscoco,0.059168370254337785,0.21216820132486927,0.03132813791744411,0.18806266605832558,0.1,1.0,0.1,1.0
125700,mscoco,0.0770565572194755,0.4209966700991637,0.1674166087061167,0.5898158225718102,0.2,0.5,0.1,1.0
370103,mscoco,0.2639893785119057,0.6365305378265576,0.31073456779122355,0.5467851997402541,0.3,1.0,0.0,0.0909090909090909
94,drawbench,0.07067657709121704,0.2230199029745139,0.084205955080688,0.30971100047796735,0.0,0.0769230769230769,0.0,0.0048543689320388
137273,mscoco,0.2523395024240017,0.7361731482244264,0.2679329298436642,0.7520702773438261,0.1,0.5,0.1,1.0
106935,mscoco,0.13884950876235963,0.5178208628913068,0.2365815110504627,0.6158889958806797,0.1,0.1111111111111111,0.1,0.125
797,mscoco,0.2533169791102409,0.6354971045293303,0.30252102166414263,0.6269456009331962,0.5,0.5,0.6,1.0
107362,mscoco,0.03890881212428212,0.1287592623627699,0.08713349662721157,0.4516072501728124,0.1,0.125,0.3,1.0
81128,mscoco,0.01679010388907045,0.07519494447737284,0.022383951966185124,0.1439480451752084,0.1,0.5,0.1,1.0
442554,mscoco,0.10702768731862307,0.6282266416674415,0.10458445902913809,0.6368300317103781,0.1,1.0,0.1,1.0
19413,mscoco,0.2403608188033104,0.6622739495590958,0.2158322550356388,0.5399317435688472,0.0,0.008,0.0,0.0033444816053511
7583,mscoco,0.08801718633621931,0.279834326748045,0.12356497347354889,0.3322813608168536,0.0,0.0909090909090909,0.4,1.0
464634,mscoco,0.05428318411577493,0.1714358693828095,0.06481639798730612,0.3810728699079835,0.1,0.5,0.2,1.0
257788,mscoco,0.27920019403100016,0.7603220805091587,0.2645018443465233,0.7832780432179033,0.4,1.0,0.3,0.5
385438,mscoco,0.13960312567651273,0.5022491317517815,0.15826954022049905,0.5228632744302277,0.0,0.04,0.0,0.0833333333333333
275432,mscoco,0.10940999425947666,0.31952854530232744,0.1928295947611332,0.40796624703370493,0.0,0.0232558139534883,0.1,1.0
490582,mscoco,0.0869302075356245,0.4681777631668453,0.15650505404919385,0.5219878770298637,0.1,0.5,0.1,1.0
399880,mscoco,0.05264282263815403,0.2553295646303994,0.08737440500408411,0.3189358235925045,0.2,1.0,0.2,1.0
256903,mscoco,0.1878582440316677,0.44003367646662506,0.3028853446245193,0.6501514973852984,0.0,0.0476190476190476,0.6,0.3333333333333333
2349,mscoco,0.10182095654308795,0.4694164994370793,0.12086193896830082,0.5484676672507881,0.1,0.5,0.1,1.0
70735,mscoco,0.18003294616937637,0.47154857749717527,0.21767690479755403,0.6471703768667807,0.4,0.3333333333333333,0.5,1.0
73634,mscoco,0.08286572992801666,0.3008446654640277,0.11888392139226198,0.457883472161659,0.4,1.0,0.5,1.0
495131,mscoco,0.09436896089464426,0.23205523507626757,0.1068191397935152,0.3031684330912958,0.0,0.0217391304347826,0.1,0.1
548953,mscoco,0.15117115043103696,0.4362932631767411,0.21627914607524873,0.5250065103424593,0.0,0.0119047619047619,0.0,0.0227272727272727
517780,mscoco,0.10041205249726773,0.3580749307528806,0.11931376308202743,0.3904543742615379,0.1,1.0,0.1,1.0
314616,mscoco,0.17836074754595757,0.5342043627778559,0.22090825214982032,0.5630256319225041,0.0,0.0909090909090909,0.1,1.0
51070,mscoco,0.04460899699479341,0.16897097093755667,0.12613054998219014,0.6491192761335621,0.0,0.0048076923076923,0.1,0.5
61761,mscoco,0.19006092250347137,0.6223926863189283,0.2096842758357525,0.6339134040949739,0.3,1.0,0.5,1.0
228657,mscoco,0.24330006390810013,0.5307873044942316,0.4103668689727783,0.6385935781741091,0.1,0.1428571428571428,0.6,0.3333333333333333
328732,mscoco,0.23580961860716343,0.4584447429268104,0.28062270432710645,0.6446105970767356,0.3,0.25,0.3,1.0
152108,mscoco,0.30583439618349073,0.5208552614917853,0.3420301258563995,0.6657952748267755,0.4,1.0,0.7,0.5
309192,mscoco,0.2999191530048847,0.8111820613124102,0.2798342175781727,0.5311162587764712,0.3,1.0,0.2,0.25
28085,mscoco,0.017770309944171458,0.12762716962672396,0.016071969564654863,0.123792802260288,0.1,1.0,0.1,1.0
392717,mscoco,0.09852771684527398,0.33445734170142843,0.052942803408950564,0.20632405592248726,0.0,0.003731343283582,0.1,1.0
373648,mscoco,0.2165680170059204,0.7242193038062391,0.18163101524114608,0.5836137272552953,0.2,0.5,0.2,0.5
186201,mscoco,0.15736377704888582,0.5771592757782547,0.19205318242311478,0.5444716461055069,0.3,1.0,0.1,0.25
556248,mscoco,0.12054205909371377,0.3996575824171952,0.14330203048884868,0.6038196574255786,0.3,0.5,0.1,0.3333333333333333
30631,mscoco,0.05798473181203008,0.1985744973135641,0.08397460058331489,0.28813452672846085,0.0,0.0012165450121654,0.1,0.25
109838,mscoco,0.18024396598339082,0.48667189211960765,0.16016827188432217,0.5723612484457953,0.1,1.0,0.4,0.2
97686,mscoco,0.16291930601000787,0.5905589301049519,0.15482495315372943,0.4340912389833192,0.1,1.0,0.1,0.1
22559,mscoco,0.07304776497185231,0.32850360318964694,0.0762483848258853,0.32607247051379556,0.1,1.0,0.1,1.0
163474,mscoco,0.2998531237244606,0.7250991532712315,0.2118914108723402,0.6697199456100624,0.0,0.0069930069930069,0.0,0.05
23489,mscoco,0.24059627577662468,0.5540249797889567,0.3216270640492439,0.7158527934902054,0.6,1.0,0.8,1.0
460417,mscoco,0.1457703337073326,0.37460882060786244,0.15385868772864342,0.5954769426313169,0.0,0.0103092783505154,0.1,1.0
143120,mscoco,0.14226690791547297,0.475710841409703,0.1640286859124899,0.486220232780677,0.1,0.3333333333333333,0.2,0.5
549649,mscoco,0.08835354736074805,0.3738221113238381,0.04023686461150646,0.21756953447291374,0.1,0.5,0.1,1.0
62132,mscoco,0.12030036021023989,0.690591446243196,0.12426285464316607,0.6012290727059719,0.1,0.5,0.1,1.0
371157,mscoco,0.09372041374444962,0.44804695477388257,0.05549453441053629,0.23543659055582783,0.0,0.04,0.1,0.1
376009,mscoco,0.03305862115230411,0.1838818696260223,0.05560758849605918,0.2528846938129922,0.1,1.0,0.0,0.0357142857142857
41997,mscoco,0.5867868721485138,0.7575721091071947,0.5358122378587723,0.7817441955163815,0.9,1.0,1.0,1.0
305338,mscoco,0.03837492847815156,0.2094076964563307,0.03712079869583249,0.22233601533858582,0.5,0.5,0.2,1.0
151922,mscoco,0.11804442033171654,0.5587528812749316,0.10902920085936785,0.4034542906173724,0.1,0.1428571428571428,0.3,1.0
169683,mscoco,0.1675535138696432,0.5062788727879223,0.17907686904072762,0.5247393038025714,0.5,1.0,0.7,1.0
504216,mscoco,0.022641417011618613,0.10447922681673759,0.01532329637557268,0.09443058933586608,0.1,1.0,0.1,0.5
42215,mscoco,0.33398101255297663,0.823413537417407,0.23643928505480288,0.679250856789612,0.5,1.0,0.5,1.0
285607,mscoco,0.44610353261232377,0.7351840614067852,0.5044567793607712,0.8156834710503533,0.0,0.0666666666666666,0.0,0.0192307692307692
345562,mscoco,0.06459220927208661,0.32745204042819137,0.04768906719982624,0.24454818343878992,0.1,0.2,0.1,0.1
155160,mscoco,0.1030842687934637,0.38256169274151436,0.14811043925583361,0.45241795310168365,0.1,1.0,0.1,1.0
576944,mscoco,0.0918943602591753,0.3108595048130492,0.15371271297335626,0.4728336999022749,0.1,0.3333333333333333,0.3,1.0
488360,mscoco,0.04616878479719162,0.18772936478335528,0.05285084319766611,0.1918024576713954,0.1,0.1428571428571428,0.1,0.3333333333333333
20641,mscoco,0.2168070010840893,0.5958151543819513,0.1887938052415848,0.7057088848496984,0.2,1.0,0.2,1.0
83268,mscoco,0.19090200494974852,0.3744892526131702,0.1684935376048088,0.5406178428988544,0.1,1.0,0.0,0.037037037037037
203618,mscoco,0.12953216321766375,0.3005186378706518,0.25177909396588805,0.7552349199196245,0.1,0.125,0.1,1.0
301870,mscoco,0.3783930629491806,0.7253639144329426,0.49682169780135155,0.8065329242374025,0.5,1.0,0.6,1.0
424788,mscoco,0.10649086646735668,0.3129691615249415,0.132428933493793,0.4548466857036775,0.1,1.0,0.5,1.0
292170,mscoco,0.07212925497442484,0.2931343440577485,0.17052694093436002,0.5412025340547666,0.1,0.1111111111111111,0.3,0.5
502823,mscoco,0.14979874454438685,0.6799526066414633,0.13338770009577275,0.36468071840218,0.2,1.0,0.4,1.0
40531,mscoco,0.21502740308642387,0.5571791074252088,0.2193833000957966,0.5268896989854253,0.6,0.3333333333333333,0.8,0.5
162020,mscoco,0.1230886910110712,0.4253639111734557,0.08375414405018092,0.3498083794740992,0.1,0.25,0.1,0.3333333333333333
84853,mscoco,0.33393271416425707,0.8401750547482456,0.32384471893310546,0.7202905668243004,0.5,0.5,0.7,1.0
139839,mscoco,0.13155838698148728,0.3519424398357548,0.13266690745949744,0.5255702761074276,0.1,0.125,0.1,0.1666666666666666
163296,mscoco,0.7533254206180573,0.9057985441661902,0.7594156622886657,0.9244082999206802,0.5,0.3333333333333333,0.4,1.0
268644,mscoco,0.2453910071402788,0.7147835473818993,0.29727794975042343,0.6113692407718333,0.7,1.0,0.9,1.0
69283,mscoco,0.025373558001592755,0.19086449508758602,0.03311086897738278,0.1426079984994293,0.0,0.0169491525423728,0.1,1.0
59610,mscoco,0.34972227960824964,0.783014686412797,0.4021347343921661,0.8186477470315101,0.5,1.0,0.7,1.0
471834,mscoco,0.1434821754693985,0.362700621906337,0.1976155135780573,0.4638909118473239,0.2,0.3333333333333333,0.7,0.5
15197,mscoco,0.1576271690428257,0.30343429416953666,0.1738869037479162,0.5364541856634614,0.4,0.5,0.6,0.5
343908,mscoco,0.04702464444562793,0.23293910009215976,0.054622074402868745,0.17918457165649496,0.0,0.0093457943925233,0.0,0.0208333333333333
451375,mscoco,0.044264731276780364,0.19237583966248495,0.020609343773685396,0.1407831114017612,0.1,0.3333333333333333,0.1,0.5
440027,mscoco,0.1669019877910614,0.3804926571127823,0.19871077984571456,0.3646317979433653,0.2,0.25,0.5,0.5
377777,mscoco,0.045178508199751374,0.1948230057535504,0.08606130061671138,0.5376126096084403,0.0,0.0060240963855421,0.3,1.0
130240,mscoco,0.352208648622036,0.7801609265985118,0.5197754800319672,0.856975136442434,0.4,0.25,0.8,0.5
121618,mscoco,0.07970034331083298,0.2540047701765302,0.10515484064817429,0.3063073027363109,0.3,0.5,0.3,0.5
273245,mscoco,0.07469225917011499,0.3524554535200085,0.12226394768804312,0.4577917316379623,0.1,0.2,0.0,0.0714285714285714
187978,mscoco,0.057852119021117684,0.18885841050510033,0.08901366172358394,0.2879939597540203,0.1,0.25,0.1,1.0
395933,mscoco,0.08388636726886034,0.3906030730828346,0.1016998639330268,0.3934397545406878,0.1,0.5,0.1,1.0
247184,mscoco,0.15297070518136024,0.42731605127733685,0.15439903400838376,0.5321760662045798,0.1,0.2,0.4,0.5
198397,mscoco,0.14343901127576827,0.31697760403077724,0.23505191504955292,0.47199282810986537,0.1,0.125,0.4,1.0
266207,mscoco,0.4916864275932312,0.836026440305747,0.491091787815094,0.8346154441271967,0.7,1.0,1.0,1.0
324816,mscoco,0.19044272899627684,0.482880759626107,0.18840465396642686,0.5543048277367864,0.1,0.1111111111111111,0.1,0.25
539311,mscoco,0.06415193006396294,0.26353756498755776,0.11663260739296674,0.37087139191000257,0.1,1.0,0.2,1.0
34,drawbench,0.1404112409800291,0.5670886627191554,0.16607640273869037,0.5710449906715247,0.0,0.0,0.0,0.0
214413,mscoco,0.12549171037971973,0.3737930431368825,0.1712350022047758,0.4920171599875541,0.0,0.0526315789473684,0.1,1.0
521574,mscoco,0.14474447909742594,0.47420731417066064,0.09341268576681613,0.33554879076605976,0.0,0.0007710100231303,0.0,0.0185185185185185
317112,mscoco,0.043892769631929694,0.21377816409064912,0.05287654048297554,0.30130214598640154,0.1,1.0,0.1,0.1111111111111111
552295,mscoco,0.1946189002133906,0.6376470487667428,0.19939368572086097,0.7120726004899772,0.0,0.037037037037037,0.1,0.25
579787,mscoco,0.36094528883695604,0.8621350911940009,0.42431284189224244,0.8031187951075331,0.3,1.0,0.5,1.0
384422,mscoco,0.08143342388793826,0.39824485633381734,0.1691327953711152,0.5682797218078218,0.1,1.0,0.0,0.0434782608695652
531725,mscoco,0.2880020871758461,0.582545465156318,0.37499784529209135,0.8108024931580581,0.4,0.5,0.7,1.0
491943,mscoco,0.0896842960268259,0.37224089333648397,0.10546436700969934,0.3305223636040741,0.1,0.5,0.1,1.0
56605,mscoco,0.24984070360660554,0.4662614187284089,0.19941599741578103,0.5927272307957829,0.1,0.5,0.4,1.0
444272,mscoco,0.04545114020584151,0.19809102417530614,0.036251936294138434,0.21324541649989534,0.0,0.0217391304347826,0.1,0.3333333333333333
220948,mscoco,0.1005147110670805,0.4045608596777974,0.1162528283894062,0.39817820851834546,0.1,0.1428571428571428,0.8,1.0
265176,mscoco,0.09433475993573666,0.29751092859857736,0.10081590600311756,0.3197290622159806,0.3,1.0,0.3,1.0
186,drawbench,0.16567079164087772,0.6350173954867091,0.29899332448840144,0.8050066235521584,0.0,0.0,0.0,0.0
275835,mscoco,0.0881570914760232,0.4161328228196023,0.09981837309896946,0.36960290371423254,0.2,0.5,0.2,0.1666666666666666
386036,mscoco,0.10793615095317363,0.2756598563912876,0.11210312955081463,0.26381419875434003,0.3,0.5,0.3,0.3333333333333333
165638,mscoco,0.23976635187864304,0.4879552340193641,0.2817156195640564,0.6587933509924505,0.1,0.1428571428571428,0.1,0.1666666666666666
388353,mscoco,0.15786232575774192,0.4082033085387658,0.21997709348797798,0.6300221509694806,0.1,0.125,0.2,1.0
4624,mscoco,0.3669706106185913,0.7491959921411946,0.39236007928848265,0.7691738898299624,0.4,1.0,0.6,1.0
206871,mscoco,0.37003418877720834,0.4882479044724769,0.4414814651012421,0.7778878259388184,0.3,0.3333333333333333,0.4,1.0
516805,mscoco,0.08753706365823746,0.3927690191861843,0.1068019311875105,0.4143939323821279,0.1,1.0,0.1,1.0
531798,mscoco,0.2012061681598425,0.6358055186612347,0.2780975438654423,0.6092664682520321,0.4,0.5,0.5,1.0
89095,mscoco,0.25774702429771423,0.5227412959347473,0.27101228684186934,0.636442949642275,0.1,0.1666666666666666,0.1,0.1666666666666666
18078,mscoco,0.10693952683359384,0.48552037173164764,0.08830599933862686,0.2910375039222817,0.7,0.5,0.6,1.0
136900,mscoco,0.5765912905335426,0.7941935880612885,0.5610721111297607,0.7227461354800389,0.2,0.125,0.5,0.5
16,drawbench,0.054300967045128344,0.20730765388973255,0.051455543469637634,0.20915937364155845,0.0,0.0,0.0,0.0
350724,mscoco,0.1683894768357277,0.612495561896919,0.29409942403435707,0.719100228968801,0.1,0.25,0.1,0.3333333333333333
477195,mscoco,0.0639833778142929,0.31100528173377,0.06897259037941694,0.3094443495009294,0.6,1.0,0.5,1.0
55059,mscoco,0.1287380328401923,0.5618956498945482,0.16552082523703576,0.5729809607838439,0.1,1.0,0.1,1.0
28214,mscoco,0.051304081454873085,0.27866371091677306,0.060086977668106556,0.25850643625518144,0.2,1.0,0.2,1.0
192812,mscoco,0.16802761033177377,0.4190559433652327,0.1679863404482603,0.4271897786527296,0.1,0.5,0.1,1.0
162717,mscoco,0.050102454423904416,0.241720255533328,0.07967622000724077,0.27206075913624855,0.1,0.25,0.1,1.0
547136,mscoco,0.17126381546258926,0.399497046377153,0.2001272276043892,0.5192183823285387,0.1,0.125,0.1,0.1
408182,mscoco,0.21451526693999767,0.5090304304855122,0.2291661726310849,0.6424669996941373,0.1,0.1666666666666666,0.1,0.2
360536,mscoco,0.1262763047590852,0.5560288203321047,0.12506444491446017,0.5507922619927128,0.1,1.0,0.1,1.0
485564,mscoco,0.229440525919199,0.41467108560210647,0.4638437509536743,0.7436277730131107,0.3,0.3333333333333333,0.3,0.1666666666666666
360695,mscoco,0.354283344745636,0.5060687113618797,0.49808806255459787,0.7769189323563463,0.4,0.25,0.6,0.5
514483,mscoco,0.1400799134746194,0.5413748046267287,0.19079285711050034,0.41433074235484285,0.1,0.25,0.2,1.0
409918,mscoco,0.08967736382037401,0.3853786688254659,0.11875412948429584,0.4416263595564318,0.1,0.5,0.1,1.0
34333,mscoco,0.01648757462389767,0.09442361353121166,0.021599199157208204,0.12437101492447897,0.1,1.0,0.1,0.5
156915,mscoco,0.16027563884854318,0.4312383103718987,0.15311063565313815,0.6348477613684919,0.1,0.125,0.1,1.0
16520,mscoco,0.35883562713861467,0.7632025619038947,0.3421535328030586,0.810691965134774,0.1,1.0,0.1,0.5
308441,mscoco,0.24823785945773125,0.5029946369653227,0.32790057361125946,0.6333966768892993,0.4,1.0,0.7,1.0
246146,mscoco,0.2629997208714485,0.6093818690508311,0.36100212931632997,0.7461340541198824,0.1,0.125,0.4,1.0
525342,mscoco,0.07666298411786557,0.4062833451382676,0.05864130612462759,0.18785756630887515,0.0,0.0217391304347826,0.1,0.3333333333333333
293306,mscoco,0.23416010588407515,0.6606142722306669,0.25327557176351545,0.6710463845102536,0.0,0.0769230769230769,0.0,0.0050761421319796
163431,mscoco,0.1468587748706341,0.42186981708488525,0.15961575582623483,0.6900942432628946,0.3,0.5,0.2,0.1666666666666666
41265,mscoco,0.2977734163403511,0.7447920489349068,0.3877084136009216,0.8096845167270715,0.1,1.0,0.0,0.0833333333333333
184610,mscoco,0.11362698823213577,0.3602049163011762,0.13458468578755856,0.4163409526390252,0.1,1.0,0.1,0.25
545673,mscoco,0.16800588546320797,0.6882840069554892,0.13895282223820687,0.5483097908141032,0.5,0.5,0.3,0.5
187757,mscoco,0.18945231847465038,0.5360475733512656,0.25516376867890356,0.7514948293219831,0.2,0.2,0.6,0.5
492065,mscoco,0.12530548833310604,0.46450328508777394,0.1566225714981556,0.5212724533828619,0.0,0.0277777777777777,0.2,0.25
352248,mscoco,0.19026453644037247,0.5652238899106614,0.18925340324640275,0.5745276461654467,0.3,1.0,0.3,1.0
360173,mscoco,0.21928203478455544,0.43137404389861606,0.35675846189260485,0.6394166395260539,0.2,0.2,0.5,0.5
443913,mscoco,0.07407789882272482,0.24159661726999893,0.11861066855490207,0.40147084434237884,0.0,0.0476190476190476,0.1,0.1428571428571428
475301,mscoco,0.1936220820993185,0.45432197778221955,0.27646698951721194,0.6603779793108004,0.1,0.5,0.3,1.0
196,drawbench,0.024352739844471217,0.09872491678690794,0.06815304020419717,0.34073505909585544,0.0,0.0,0.0,0.0
66192,mscoco,0.11876466795802117,0.31936575266820455,0.2380271378904581,0.6477786250240306,0.1,0.2,0.2,0.2
158950,mscoco,0.10764776431024074,0.4997797527739459,0.1718865931034088,0.5186565817406207,0.2,0.5,0.3,1.0
536278,mscoco,0.5219507038593292,0.8302168868878275,0.36283575631678106,0.6078235150043916,0.9,1.0,0.7,0.5
232417,mscoco,0.19903987012803553,0.6475915409289997,0.2656557813286781,0.6498278370537494,0.0,0.0454545454545454,0.0,0.0072992700729927
395013,mscoco,0.07068761624395847,0.22913326472815596,0.09567289464175702,0.4684417309148728,0.3,1.0,0.3,0.5
113839,mscoco,0.21204455494880675,0.5090190385251501,0.22125864885747432,0.5592405774834425,0.6,1.0,0.5,0.5
103512,mscoco,0.16432935632765294,0.36165201653805706,0.2543357491493225,0.46986518818192174,0.0,0.0038022813688212,0.0,0.0094339622641509
47597,mscoco,0.23276464492082596,0.6608292109496319,0.23397514298558236,0.6552495978968326,0.2,1.0,0.1,0.2
197427,mscoco,0.25886370055377483,0.736791760419498,0.2506032846868038,0.7504292350215619,0.7,1.0,0.4,0.3333333333333333
416604,mscoco,0.04426818983629346,0.21316649784393,0.04279000712558627,0.21500825283355193,0.1,1.0,0.1,1.0
513733,mscoco,0.19394945148378612,0.4801903439146563,0.23792226873338224,0.6814353353609803,0.8,1.0,0.8,1.0
182373,mscoco,0.17731495574116707,0.4046963634494179,0.345709964632988,0.6124257768124735,0.1,0.5,0.8,1.0
561919,mscoco,0.19792850110679866,0.6291323591877891,0.26492869332432745,0.8039889956546219,0.2,0.1111111111111111,0.7,1.0
221165,mscoco,0.18329813331365585,0.43604835065253245,0.2357872236520052,0.49400643063378097,0.0,0.0833333333333333,0.0,0.0133333333333333
13,drawbench,0.26199329644441605,0.4994455058324661,0.3492870330810547,0.6716145548756948,0.0,0.003690036900369,0.0,0.0178571428571428
490057,mscoco,0.24845919758081436,0.6730335971793429,0.31946244165301324,0.7428634966785089,0.1,1.0,0.4,1.0
561957,mscoco,0.381920100748539,0.7296320232824488,0.4445719987154007,0.71783835232759,0.3,0.5,1.0,1.0
451772,mscoco,0.5868793439120055,0.8720961120525735,0.6588202357292176,0.8909114900624339,0.8,1.0,0.9,1.0
247223,mscoco,0.18237282373011113,0.6034084517271275,0.13438296802341937,0.48488499110110134,0.2,1.0,0.2,0.5
532253,mscoco,0.026302640279754996,0.23127455984004225,0.025744807138107718,0.23215910046451815,0.1,1.0,0.1,1.0
178,drawbench,0.014342414564453065,0.08620610785117276,0.010640778520610183,0.05642671449030065,0.0,0.0,0.0,0.0
15621,mscoco,0.2464270055294037,0.5235491343785112,0.3037776619195938,0.6190252288792716,0.1,0.1,0.5,1.0
161634,mscoco,0.19178068786859512,0.4226554373303562,0.2076327059417963,0.46389059266794075,0.1,0.1,0.1,0.2
33555,mscoco,0.2505752585828304,0.5168675476899101,0.34897598028182986,0.680372837024855,0.1,0.5,0.2,1.0
59,drawbench,0.09376863054931164,0.27169507704114054,0.14873447213321925,0.39748437252069985,0.0,0.0,0.0,0.0
17869,mscoco,0.24137017726898194,0.6577708764618833,0.23759418055415155,0.5634691266155314,0.0,0.0909090909090909,0.3,0.3333333333333333
378790,mscoco,0.02521955978590995,0.19477729286345202,0.035323861648794266,0.15281665030008496,0.1,0.2,0.2,1.0
248876,mscoco,0.3067776016891003,0.703169961053264,0.2913244888186455,0.7860838747424789,0.0,0.0294117647058823,0.2,1.0
398130,mscoco,0.07146601062268018,0.30216172655357654,0.07735143909230828,0.47526665961078224,0.1,0.5,0.1,0.5
124236,mscoco,0.07709372229874134,0.3395394042972088,0.06982575627043844,0.27052913314569355,0.1,0.1666666666666666,0.1,0.25
441382,mscoco,0.10330501943826675,0.34675892152426474,0.11833474189043044,0.4851023697151625,0.2,0.3333333333333333,0.1,1.0
444670,mscoco,0.1521698221564293,0.6563046570887583,0.16623363196849822,0.6289999763260633,0.0,0.03125,0.1,1.0
482665,mscoco,0.1363637836650014,0.44229134364843964,0.15861762426793574,0.6914370222238305,0.1,0.5,0.1,1.0
170766,mscoco,0.1085531760007143,0.33376102578729927,0.14768790900707246,0.3624811634158004,0.1,1.0,0.1,0.5
156904,mscoco,0.14250163845717906,0.4240919452659692,0.0962134424597025,0.3912390390458394,0.2,0.5,0.1,0.3333333333333333
313156,mscoco,0.32037983611226084,0.7363192957162191,0.3176013343036175,0.7557964575626354,0.2,0.1428571428571428,0.2,1.0
129176,mscoco,0.46388251036405564,0.8192013489317859,0.5511099815368652,0.8413128112987566,0.4,0.5,0.6,0.5
295558,mscoco,0.3014648362994194,0.5595779607989615,0.3807705074548721,0.7820860866317041,0.0,0.0333333333333333,0.2,1.0
246358,mscoco,0.15375595390796662,0.5805004490736153,0.14570652395486833,0.38939145883211107,0.5,1.0,0.6,1.0
281052,mscoco,0.26457846611738206,0.462393199902227,0.3405592367053032,0.6386192908594581,0.1,0.5,0.3,1.0
324165,mscoco,0.10180902760475874,0.5556297324950994,0.14638462495058774,0.6462925355719994,0.1,1.0,0.1,1.0
536900,mscoco,0.20714403539896012,0.4471675689508274,0.18697960637509822,0.5624110007764175,0.5,0.5,0.7,1.0
579341,mscoco,0.17815769761800765,0.5599747860732607,0.27034971565008165,0.6603897708905515,0.5,1.0,0.6,0.5
149679,mscoco,0.02412610001047142,0.1660828699993287,0.026217734231613575,0.18770277312780034,0.0,0.0909090909090909,0.1,0.25
283840,mscoco,0.04225504482164979,0.2311917358545796,0.049367178417742255,0.27889934700078406,0.1,1.0,0.2,0.25
361351,mscoco,0.1478681668639183,0.5416812830549644,0.17714337781071662,0.5030867398259388,0.2,1.0,0.1,0.3333333333333333
415239,mscoco,0.25496073737740516,0.6973851975031353,0.2859415881335735,0.5510287136517933,0.3,0.3333333333333333,0.6,0.3333333333333333
99073,mscoco,0.14634915366768836,0.34719846624384965,0.1279736053198576,0.3617317037264254,0.3,0.5,0.4,0.3333333333333333
369653,mscoco,0.2612851671874523,0.7400350815583255,0.340989113599062,0.7553749327040267,0.2,1.0,0.1,0.125
72583,mscoco,0.024814050644636154,0.12052765973521606,0.018779578618705273,0.11176748883543544,0.1,1.0,0.1,1.0
565326,mscoco,0.11409130003303289,0.5225913156277614,0.12688119933009148,0.5719705899136016,0.0,0.0714285714285714,0.1,0.5
264660,mscoco,0.06939423903822899,0.3608546947547769,0.06688503827899694,0.37505352644693885,0.1,1.0,0.1,1.0
236552,mscoco,0.19453131556510925,0.7547394403559087,0.23242378160357474,0.7268263308472082,0.2,1.0,0.3,1.0
522491,mscoco,0.1182592798024416,0.37876108010869225,0.26585919260978697,0.7760077160835717,0.0,0.0769230769230769,0.0,0.0095238095238095
84757,mscoco,0.06951827723532915,0.3015103996961082,0.08041066890582442,0.2999111701634132,0.0,0.0096153846153846,0.1,0.1666666666666666
40957,mscoco,0.10580917662009597,0.4705817101363658,0.11194040030241012,0.38443584291811694,0.1,1.0,0.1,0.5
95679,mscoco,0.06368753034621477,0.2694980976223857,0.06595062362030149,0.28707294365657754,0.2,1.0,0.2,1.0
265279,mscoco,0.2243350237607956,0.47259324754738224,0.26203521713614464,0.5404329718087127,0.4,1.0,0.3,0.5
245938,mscoco,0.10821765400469303,0.5184176238662236,0.10329960826784372,0.5095275786392728,0.2,1.0,0.1,1.0
522639,mscoco,0.15407189317047595,0.37806159141329193,0.26094479113817215,0.6096224108060352,0.0,0.03125,0.1,0.25
225345,mscoco,0.036416401411406694,0.20660504240697056,0.04752786688040942,0.2610517566783115,0.1,0.5,0.1,1.0
24104,mscoco,0.17366028465330602,0.39200808282616845,0.23902587220072746,0.636687517115708,0.4,0.1666666666666666,0.8,1.0
317331,mscoco,0.19045514836907387,0.5223759605431577,0.36260305941104887,0.8430955657611194,0.5,1.0,0.3,0.3333333333333333
