caption_id,source,pred_clip_p10,pred_clip_rr,pred_blip2_p10,pred_blip2_rr,true_clip_p10,true_clip_rr,true_blip2_p10,true_blip2_rr
261342,mscoco,0.10530418381094933,0.26156708301454273,0.12113281451165676,0.29866472920970966,0.0,0.0192307692307692,0.0,0.04
203177,mscoco,0.013676348095759749,0.06010325267659088,0.02193329017609358,0.07463926202353505,0.1,1.0,0.1,1.0
239082,mscoco,0.15726969689130782,0.3317161477233456,0.22689151018857956,0.446786951154508,0.2,0.1666666666666666,0.4,1.0
166557,mscoco,0.4103467494249344,0.7051904487321166,0.4769615352153778,0.5470649757875677,0.7,1.0,0.7,1.0
70,drawbench,0.017855656705796717,0.07825136659920291,0.018403478851541876,0.0695766014304468,0.0,0.0,0.0,0.0
27585,mscoco,0.1355426974594593,0.27756385102013587,0.13955115154385567,0.28923172403467445,0.0,0.0833333333333333,0.4,0.25
44960,mscoco,0.3424792356789112,0.4800685988329411,0.3593037143349648,0.590323538602212,0.2,1.0,0.5,1.0
559685,mscoco,0.20310432836413383,0.44357700854166615,0.21045224890112876,0.5303154050543187,0.2,0.3333333333333333,0.1,0.5
577169,mscoco,0.1161694958806038,0.2581631887604999,0.12764067985117436,0.3095383449286786,0.2,0.25,0.4,1.0
276964,mscoco,0.04772164896130562,0.14860027166773565,0.05117726624011994,0.15338814088850083,0.1,1.0,0.1,0.5
480770,mscoco,0.05029331687837839,0.12152359249502069,0.05200719274580479,0.19854494201293535,0.3,0.5,0.3,1.0
56821,mscoco,0.0891204372048378,0.1948172006478521,0.10863182321190834,0.2580501638153326,0.1,0.2,0.1,0.25
298353,mscoco,0.03420068360865116,0.09189614301646644,0.028359087742865087,0.07513783638348762,0.0,0.0204081632653061,0.1,0.125
58492,mscoco,0.11041615679860114,0.27579358879278126,0.1153003565967083,0.2796815278543278,0.1,1.0,0.1,0.1428571428571428
530479,mscoco,0.0876116793602705,0.23007762719894448,0.09211860150098801,0.22491015249557936,0.0,0.05,0.0,0.0555555555555555
318426,mscoco,0.1032326977699995,0.23526916078170976,0.12924509942531587,0.2379109296970401,0.3,0.3333333333333333,0.5,0.5
386890,mscoco,0.22050224021077156,0.5131145698784889,0.2344902291893959,0.3918003272530958,0.0,0.0909090909090909,0.1,1.0
23309,mscoco,0.031269114930182695,0.11175744304744287,0.028623888175934552,0.09440070344710658,0.1,1.0,0.2,1.0
101270,mscoco,0.1956968229264021,0.270049908980519,0.24155753701925278,0.3388991013585451,0.0,0.0769230769230769,0.1,0.25
170809,mscoco,0.020530614908784627,0.07544823980083783,0.03377486253157258,0.09776505005442933,0.1,1.0,0.1,0.1
20150,mscoco,0.10197950899600983,0.2985168696230414,0.12951719909906387,0.25755453062170797,0.1,0.1428571428571428,0.1,0.2
142942,mscoco,0.14148397520184516,0.3135261081593918,0.1622922085225582,0.3953460882747659,0.2,0.125,0.2,1.0
63306,mscoco,0.11163993701338767,0.2788527884283525,0.20734873935580253,0.3714157903919117,0.1,0.1,0.2,1.0
561151,mscoco,0.17267681583762168,0.3109960816274898,0.19986863434314728,0.2893212306073267,0.0,0.0172413793103448,0.1,0.1
377619,mscoco,0.1804506279528141,0.3401108476598844,0.18745928704738618,0.3253295836197257,0.1,1.0,0.1,1.0
390068,mscoco,0.25650458931922915,0.4523852609305392,0.24100970327854157,0.44571944161055566,0.5,1.0,0.4,1.0
246004,mscoco,0.051613505370914935,0.14342610042386023,0.057063424959778786,0.18627292075251856,0.1,1.0,0.1,0.1
324789,mscoco,0.012538271700032055,0.03746371686466886,0.026159261795692147,0.10955651016156136,0.1,0.125,0.1,1.0
301541,mscoco,0.18932107612490653,0.3425114648890777,0.29680456668138505,0.48997196683267535,0.0,0.0526315789473684,0.2,0.25
233617,mscoco,0.16101224347949028,0.34911504330577847,0.16811807379126548,0.4840502700807785,0.1,0.3333333333333333,0.1,1.0
108452,mscoco,0.061104603856801984,0.1803264855819247,0.07494084537029266,0.19807125118444782,0.1,1.0,0.1,1.0
333049,mscoco,0.12065806649625302,0.3342947686280656,0.183414064347744,0.3433939276663229,0.2,0.125,0.3,1.0
144796,mscoco,0.0823205154389143,0.20558280783718444,0.11593935005366802,0.2278105558707046,0.1,0.3333333333333333,0.0,0.0303030303030303
488514,mscoco,0.10211593396961689,0.2722386071355182,0.1453978318721056,0.3018067757695819,0.1,1.0,0.1,0.125
47294,mscoco,0.17041847556829454,0.35262857645797474,0.20750138461589812,0.37059334003627986,0.1,0.2,0.3,1.0
306173,mscoco,0.10456907525658607,0.2503945834919264,0.08770310916006566,0.22211250890829057,0.1,1.0,0.1,0.5
253470,mscoco,0.026873753964900972,0.08604888670548126,0.0295883703045547,0.09106600233970963,0.0,0.0909090909090909,0.1,0.5
190700,mscoco,0.024391408637166025,0.0899638811030924,0.03359235394746065,0.10146025571502293,0.1,1.0,0.1,0.5
84089,mscoco,0.20942945033311844,0.43734364899970446,0.1772876687347889,0.2675797960788037,0.0,0.0178571428571428,0.0,0.0031347962382445
175954,mscoco,0.20692804977297782,0.35900787367627873,0.3112888544797897,0.5445303903707377,0.2,1.0,0.5,0.2
158223,mscoco,0.11537880450487137,0.2386891975828187,0.14548261538147927,0.4050689822163325,0.5,1.0,0.7,1.0
448607,mscoco,0.40438887774944304,0.7433322330007162,0.5352403193712234,0.87360463972356,0.4,0.5,0.3,0.5
248862,mscoco,0.14668275341391562,0.28797592337812356,0.17380219399929048,0.33091637722830414,0.1,0.5,0.1,1.0
227526,mscoco,0.071520084887743,0.15648779379135816,0.056872757710516454,0.149599482503474,0.0,0.0037593984962406,0.0,0.0022988505747126
549409,mscoco,0.027898704633116722,0.09542515723090854,0.03199159232899547,0.09347840186368066,0.1,0.3333333333333333,0.1,0.3333333333333333
123214,mscoco,0.13750638589262962,0.29259930040318016,0.0934872429817915,0.26601234438713545,0.3,0.25,0.1,0.3333333333333333
494957,mscoco,0.17387084811925888,0.3029304082976606,0.1829100653529167,0.3401906719367022,0.1,1.0,0.1,1.0
284176,mscoco,0.06961623020470142,0.2133302878151913,0.08942662887275218,0.1992234187054432,0.2,0.25,0.5,1.0
25430,mscoco,0.21953895986080169,0.47150792848211603,0.23855848163366317,0.33700647279951457,0.4,0.25,0.4,1.0
52746,mscoco,0.07474662736058235,0.17215530539483725,0.08612109124660491,0.2026262980135125,0.4,1.0,0.4,1.0
118598,mscoco,0.16774428486824036,0.33113546072537225,0.17065405026078223,0.3563383701453675,0.3,1.0,0.3,0.5
42622,mscoco,0.2702120989561081,0.4451154657463298,0.43019060492515565,0.6164223882297745,0.1,0.1111111111111111,0.6,1.0
128275,mscoco,0.12486499324440956,0.25165909856272495,0.1587882824242115,0.3053412547399895,0.1,0.3333333333333333,0.4,1.0
402255,mscoco,0.02969946516677737,0.10382260207365228,0.03790683289989829,0.09867301612334099,0.0,0.0285714285714285,0.1,0.25
24935,mscoco,0.12533014081418514,0.30822265376757424,0.14662505500018597,0.2770811495005849,0.1,0.5,0.1,1.0
39502,mscoco,0.056492089107632634,0.1522258493362874,0.06921813655644656,0.23394761168526415,0.0,0.0123456790123456,0.1,0.5
370391,mscoco,0.0659140970557928,0.19410937534467299,0.14320885092020036,0.27888746879457066,0.0,0.0138888888888888,0.3,0.3333333333333333
170700,mscoco,0.06125599220395088,0.16105159371716124,0.11186074241995811,0.27832407172799006,0.0,0.0212765957446808,0.1,1.0
438910,mscoco,0.19278942719101905,0.30588984668743197,0.17795422077178955,0.33030287090139854,0.1,0.25,0.3,1.0
160,drawbench,0.022235997021198273,0.06875335222365395,0.03743826728314161,0.13398614770072037,0.0,0.0,0.0,0.0
291526,mscoco,0.029282632935792207,0.08436552185458186,0.036495049484074116,0.11919199993083711,0.1,1.0,0.1,0.5
379596,mscoco,0.07868266589939595,0.23724432321759106,0.07785921432077884,0.19644786102527848,0.1,1.0,0.0,0.0769230769230769
12,drawbench,0.18331776931881905,0.34347106256110493,0.20373275876045227,0.37033056244533336,0.0,0.0,0.0,0.0
241148,mscoco,0.09058282747864724,0.20380540502145825,0.07608633507043124,0.1987089167864629,0.1,0.1428571428571428,0.2,1.0
319991,mscoco,0.1555125743150711,0.27256164022960994,0.10699438825249671,0.26271510061596903,0.1,0.5,0.1,1.0
310688,mscoco,0.026701459381729364,0.08151896763115345,0.02828281167894602,0.08617470488140404,0.1,1.0,0.1,1.0
243283,mscoco,0.14525185525417328,0.3515994679373159,0.15757579654455184,0.319304920249827,0.9,0.5,1.0,1.0
149,drawbench,0.04054956566542387,0.11818376743950201,0.031794834230095145,0.1127505944786627,0.0,0.0,0.0,0.0
558426,mscoco,0.1036069318652153,0.2697722703761297,0.11226646304130554,0.3239366475478452,0.2,0.3333333333333333,0.5,1.0
394214,mscoco,0.147866690158844,0.3073342383365381,0.163059052079916,0.2966700388754096,0.0,0.05,0.1,1.0
297699,mscoco,0.10972188264131547,0.2669079181025851,0.1468804344534874,0.2904267901321795,0.1,0.125,0.1,0.125
146972,mscoco,0.03848694222979247,0.12741667805237034,0.09922348046675325,0.22208229577411545,0.2,0.5,0.0,0.0909090909090909
401783,mscoco,0.551940068602562,0.659177064298278,0.5379102274775505,0.7409570832571651,0.8,0.5,0.9,1.0
182245,mscoco,0.1543621402233839,0.3977620913308439,0.23148636147379875,0.4325061421575251,0.0,0.0256410256410256,0.2,1.0
126018,mscoco,0.19760638996958732,0.3535941053665909,0.2050526574254036,0.5128254864010547,0.7,1.0,0.4,1.0
290549,mscoco,0.06964686997234822,0.24428771694441087,0.06692763660103082,0.17961392803451842,0.1,0.3333333333333333,0.1,1.0
399946,mscoco,0.10920471772551536,0.25514358706834755,0.136915373057127,0.30074513937852676,0.1,0.5,0.1,1.0
8,drawbench,0.2859981030225754,0.38919357058281656,0.266563443094492,0.3373649695418849,0.0,0.0001043296817944,0.0,6.345580303318739e-05
211678,mscoco,0.07943861819803714,0.1928957294627659,0.08528392054140568,0.2036982531283348,0.3,0.5,0.4,0.5
421539,mscoco,0.012220861553214491,0.041881085634968354,0.016279556136578322,0.059500835206000094,0.1,1.0,0.2,0.3333333333333333
264358,mscoco,0.07507870178669691,0.1807108125837607,0.07137024439871312,0.22849110957321472,0.1,0.5,0.1,1.0
430848,mscoco,0.13117382451891899,0.2956471206497389,0.12559111714363097,0.24834905164203389,0.2,1.0,0.2,0.5
133251,mscoco,0.22752556651830674,0.5398342958430711,0.2477993994951248,0.4826328521382382,0.5,0.5,0.2,0.1666666666666666
568560,mscoco,0.17908882796764375,0.3545201483293491,0.1750725820660591,0.41036671820282283,0.2,0.3333333333333333,0.0,0.0526315789473684
405612,mscoco,0.08652012944221496,0.2043749678920173,0.11193901896476746,0.24754653440123114,0.1,1.0,0.1,0.5
20794,mscoco,0.08244463279843331,0.20789818374556915,0.13959965966641902,0.31721187638537096,0.1,0.1428571428571428,0.1,0.5
6,drawbench,0.5651761591434479,0.6982142548257492,0.4039378106594086,0.5986326579011882,0.0,0.0011750881316098,0.0,0.0129870129870129
225306,mscoco,0.18137983828783036,0.3852383008501461,0.20936064198613166,0.4930680788434232,0.0,0.0833333333333333,0.1,1.0
103603,mscoco,0.1717590417712927,0.27917445235890564,0.23902994990348816,0.3994819437706165,0.6,0.3333333333333333,0.4,1.0
395,mscoco,0.03557427870109677,0.1358320680026935,0.04472743161022663,0.1152218196727088,0.2,1.0,0.1,0.25
80067,mscoco,0.04973187521100044,0.13708942862274143,0.053702761977911,0.17550770634925075,0.1,0.1428571428571428,0.1,1.0
490619,mscoco,0.0695990726351738,0.1748303750110657,0.07469643093645573,0.21481882606582683,0.0,0.0066666666666666,0.0,0.0109890109890109
167126,mscoco,0.14452324360609053,0.38044981388230503,0.21080701872706414,0.4543437904738416,0.4,1.0,0.1,1.0
442961,mscoco,0.22013883888721467,0.4204671308474743,0.2366626091301441,0.4239765057858134,0.1,0.5,0.5,0.5
260111,mscoco,0.13445108830928804,0.38232786982084144,0.11438490301370621,0.2619885371468911,0.0,0.0555555555555555,0.0,0.0161290322580645
68005,mscoco,0.05503612756729126,0.16172031739379455,0.06231562532484532,0.16859547870090988,0.1,1.0,0.1,1.0
73541,mscoco,0.14268297851085662,0.2716876783268299,0.20283171012997628,0.4460321136494754,0.2,0.5,0.0,0.0833333333333333
316190,mscoco,0.10678944773972035,0.22165735139890727,0.10676260739564895,0.28072515255903935,0.1,1.0,0.1,0.1428571428571428
519552,mscoco,0.06129967849701643,0.17781239760895176,0.04642818830907345,0.15731993641942693,0.1,0.3333333333333333,0.1,0.5
365419,mscoco,0.322855993360281,0.4814745578194689,0.3742693543434143,0.6544803166990584,0.1,0.2,0.2,0.5
55050,mscoco,0.06546213794499636,0.18869697310490305,0.07625334085896611,0.2010404813683882,0.1,1.0,0.1,1.0
150,drawbench,0.04931588917970657,0.1316996593288008,0.0821227764710784,0.17102666033347977,0.0,0.0,0.0,0.0
122,drawbench,0.12371274530887603,0.2501413104872741,0.10089553818106652,0.3648471429166745,0.0,0.000125786163522,0.0,4.940955580809328e-05
403464,mscoco,0.2939524337649345,0.5971898301783315,0.2378634385764599,0.4173057371701532,0.2,1.0,0.1,0.25
256809,mscoco,0.18266622498631477,0.3472434010267506,0.26108927130699155,0.4556732551939887,0.0,0.0434782608695652,0.6,0.5
481098,mscoco,0.06558293700218201,0.18044344746029928,0.09484231770038605,0.1913206583459807,0.0,0.0060240963855421,0.0,0.0909090909090909
163289,mscoco,0.09382894225418567,0.19709175918823987,0.09050776362419129,0.23762676942162766,0.0,0.0025839793281653,0.0,0.0476190476190476
383175,mscoco,0.20177186876535416,0.3718942669461601,0.23651498109102248,0.4543903483793296,0.3,0.3333333333333333,0.2,0.3333333333333333
71346,mscoco,0.17730371206998824,0.30589035965492695,0.235442915558815,0.39750447089721125,0.0,0.0161290322580645,0.1,0.5
15569,mscoco,0.11261121928691864,0.2578072792786334,0.1732719749212265,0.3522628279361335,0.1,0.125,0.3,0.25
314949,mscoco,0.13502845764160157,0.25476750761923667,0.13523888662457467,0.3082622056847988,0.1,1.0,0.1,1.0
424018,mscoco,0.07142363339662552,0.20806244787840042,0.0855267558246851,0.24650490037101103,0.3,0.3333333333333333,0.2,1.0
465153,mscoco,0.051449842751026154,0.14611702793645354,0.0709871795028448,0.19675634792766641,0.2,1.0,0.2,1.0
10540,mscoco,0.052398973144590855,0.17247290597756182,0.06636682711541653,0.19338268438677853,0.0,0.0294117647058823,0.0,0.0024509803921568
524401,mscoco,0.06368799433112145,0.1528166848872577,0.12073015309870243,0.25425604820703945,0.1,0.1111111111111111,0.4,0.5
277498,mscoco,0.11057595647871495,0.2177013465192526,0.16661764159798623,0.3715376582009112,0.0,0.0196078431372549,0.1,0.1
393583,mscoco,0.0275738968513906,0.09059473398855614,0.03464166279882193,0.11836501474276592,0.2,0.25,0.2,1.0
151339,mscoco,0.20326623022556306,0.3378862458481097,0.18153935447335243,0.3715302698158805,0.3,1.0,0.2,0.3333333333333333
300509,mscoco,0.09461644068360328,0.25015249313471827,0.1252778150141239,0.2543818994926265,0.1,0.5,0.0,0.0833333333333333
389145,mscoco,0.036021105013787746,0.10745352820923049,0.036550525575876236,0.11293206532224469,0.1,1.0,0.1,1.0
537667,mscoco,0.1038951300084591,0.18534089402578235,0.05467825680971146,0.16760799753681555,0.1,0.5,0.1,1.0
352143,mscoco,0.04067806908860803,0.11230230193004617,0.03349976828321814,0.10241430231913279,0.1,1.0,0.2,0.5
148,drawbench,0.2899193562567234,0.551735774262398,0.1398056738078594,0.2826087235751568,0.0,0.0,0.0,0.0
355826,mscoco,0.10944779291749,0.30338892378603477,0.11138183213770389,0.32367399507175204,0.2,1.0,0.1,1.0
251937,mscoco,0.19919444173574447,0.31783039568315535,0.25766953974962237,0.42720394447864596,0.3,1.0,0.3,1.0
135397,mscoco,0.10567480139434338,0.29462442790796,0.1330566354095936,0.33438463370318616,0.1,1.0,0.1,1.0
394658,mscoco,0.10784909427165985,0.2691331631118339,0.09351552426815032,0.27299310697485446,0.1,0.3333333333333333,0.1,1.0
485709,mscoco,0.14909228831529617,0.44370865650710206,0.09205219019204378,0.17732849120049995,0.2,1.0,0.1,0.1428571428571428
504167,mscoco,0.20789548009634018,0.4231619245137442,0.22726470679044725,0.46525166004973917,0.1,1.0,0.0,0.0263157894736842
230644,mscoco,0.08834023345261813,0.17553109886103607,0.08344654738903046,0.19857724129706725,0.1,0.1,0.2,0.3333333333333333
83510,mscoco,0.09210117012262345,0.23432089828928998,0.09166458360850811,0.2204334695416294,0.1,0.1428571428571428,0.0,0.02
401650,mscoco,0.03237097193486989,0.1123620220645157,0.05279970169067383,0.1244852527310596,0.1,0.125,0.1,0.2
136411,mscoco,0.09396364986896515,0.2080811912703702,0.08856654465198517,0.2512485144575056,0.0,0.037037037037037,0.1,0.1666666666666666
176120,mscoco,0.08710401654243469,0.24003142984175166,0.0682356022298336,0.18956183483507094,0.2,0.1111111111111111,0.3,0.25
348134,mscoco,0.050299680698662995,0.143956445253818,0.07612433824688196,0.21027647164412386,0.3,0.5,0.1,1.0
193398,mscoco,0.0514463372528553,0.1659991863729909,0.04409493934363127,0.13752671614215278,0.0,0.0833333333333333,0.1,1.0
540774,mscoco,0.28681799322366713,0.574059350549045,0.4066122978925705,0.5400687677088258,0.6,1.0,0.9,1.0
113211,mscoco,0.08942899852991104,0.23725986721938302,0.08183007091283798,0.23950324999984116,0.1,0.1111111111111111,0.2,1.0
406749,mscoco,0.04337734207510948,0.1287450815565769,0.041936142928898336,0.13439977054802124,0.2,1.0,0.2,1.0
280551,mscoco,0.0459098843857646,0.1263900041626076,0.05633731689304113,0.15763134023278583,0.1,0.3333333333333333,0.1,1.0
441358,mscoco,0.09546789452433586,0.27859070917889095,0.1415267087519169,0.3248841749591919,0.2,0.2,0.1,0.5
561314,mscoco,0.11488769724965095,0.28432321688675594,0.1849280573427677,0.31766752400135534,0.0,0.0454545454545454,0.6,1.0
130749,mscoco,0.08591636493802071,0.26401668746260026,0.09731136858463288,0.2616247280575809,0.0,0.0769230769230769,0.1,0.3333333333333333
25907,mscoco,0.07494604960083961,0.20529339780783656,0.06286768168210984,0.19287401507153262,0.1,1.0,0.1,1.0
364157,mscoco,0.0438951913267374,0.12013405397200178,0.04033452663570643,0.12353824417909795,0.3,1.0,0.3,0.3333333333333333
327529,mscoco,0.023717684857547282,0.08229131546697159,0.05014389408752322,0.18955431099448902,0.1,1.0,0.1,0.3333333333333333
214087,mscoco,0.13170758374035357,0.293151122587326,0.0799950484186411,0.23147539880379076,0.1,0.25,0.1,1.0
253763,mscoco,0.24026694744825364,0.36343038421990953,0.3166093364357948,0.3788262735235745,0.1,1.0,0.1,1.0
298065,mscoco,0.053524847701191904,0.1666857523615374,0.05250778514891863,0.1601908441924044,0.1,1.0,0.1,1.0
305803,mscoco,0.2155801959335804,0.4433403317761717,0.22604782059788703,0.41702517431887176,0.0,0.0151515151515151,0.0,0.0454545454545454
173,drawbench,0.06775924451649189,0.1786597311357834,0.23059169352054595,0.368877883700506,0.0,0.0,0.0,0.0
458339,mscoco,0.12994430102407933,0.3062170776117418,0.13317299708724023,0.2768801607426323,0.0,0.0833333333333333,0.1,0.5
428326,mscoco,0.07377342358231545,0.1640449733089264,0.10030005946755409,0.26505484109228866,0.0,0.0181818181818181,0.0,0.0103092783505154
530201,mscoco,0.1364392377436161,0.28916680262085914,0.12808101139962674,0.28736236764186585,0.1,1.0,0.1,1.0
59039,mscoco,0.12444263696670532,0.3096783717176364,0.16852981075644494,0.34237399168562277,0.3,1.0,0.7,0.5
333738,mscoco,0.3354296937584877,0.46821278876819383,0.2911966532468796,0.4163036805391588,0.6,0.5,1.0,1.0
132081,mscoco,0.059688486903905866,0.15147494014398832,0.06983401160687208,0.15986884385273206,0.1,0.25,0.1,0.5
26573,mscoco,0.39692350998520853,0.7348733143737177,0.3732026949524879,0.7046132778628219,0.3,1.0,0.4,0.3333333333333333
115893,mscoco,0.20342938639223576,0.49494131611531544,0.164329145103693,0.3941115826766439,0.2,1.0,0.4,1.0
49542,mscoco,0.2843352288007736,0.5376604020967947,0.42526896595954894,0.736928384348433,0.5,0.25,0.5,0.5
212864,mscoco,0.035472636576741934,0.12612531528694515,0.052057580463588236,0.12885814998744938,0.0,0.0454545454545454,0.0,0.0075187969924812
32967,mscoco,0.1659879706799984,0.4921775318100715,0.1856290318071842,0.4101831876170664,0.0,0.0015037593984962,0.2,0.2
98642,mscoco,0.02536798603832722,0.08451355573783842,0.03541069384664297,0.12236632834786643,0.1,0.3333333333333333,0.1,1.0
183719,mscoco,0.21583273857831956,0.46630102571370186,0.2703871414065361,0.4606835578552385,0.0,0.0060240963855421,0.0,0.006060606060606
401307,mscoco,0.21794997677206993,0.4259635160434378,0.23786707893013953,0.49736348264358765,0.2,1.0,0.3,1.0
467612,mscoco,0.31246997117996217,0.4563004287334451,0.34412786811590196,0.5430135681157076,0.6,0.5,0.4,0.3333333333333333
36034,mscoco,0.047002454102039334,0.13925051683238973,0.051903234981000426,0.13801490943817593,0.2,1.0,0.1,0.2
216378,mscoco,0.10864722728729248,0.22353906334374427,0.11858070082962513,0.2277667912581255,0.1,0.5,0.1,1.0
360441,mscoco,0.06873422339558602,0.18668330464260638,0.07860370893031358,0.16667825031936975,0.1,0.1666666666666666,0.1,0.1428571428571428
75057,mscoco,0.1359909851104021,0.37777432975422104,0.25254357755184176,0.4119085510029072,0.3,1.0,0.6,1.0
53870,mscoco,0.13665268048644066,0.29790928316021154,0.14104800149798394,0.3425815286264491,0.1,0.1428571428571428,0.0,0.0161290322580645
253323,mscoco,0.13149227276444436,0.4100633437742057,0.11015151888132095,0.21606112177817471,0.2,0.1666666666666666,0.3,0.5
433270,mscoco,0.16667204424738885,0.353830362515467,0.2016225516796112,0.37802794034148557,0.2,0.125,0.3,1.0
176758,mscoco,0.12716488484293223,0.23323980244316464,0.2243201032280922,0.520069220614424,0.1,0.2,0.2,1.0
420396,mscoco,0.06176442690193653,0.16100971199804265,0.0629972867667675,0.21926970530640771,0.1,0.1428571428571428,0.1,1.0
365792,mscoco,0.1784841611981392,0.4077120546057801,0.19547248780727386,0.3944095983689708,0.3,0.5,0.3,1.0
564382,mscoco,0.04622387979179621,0.1812746356367474,0.0371528884395957,0.1099025114537552,0.1,0.5,0.1,1.0
180667,mscoco,0.06994933392852545,0.16847449385152427,0.07560530602931977,0.21980347168685252,0.1,1.0,0.0,0.0020242914979757
154399,mscoco,0.08999915514141321,0.18019130411321174,0.15632442086935044,0.3266601799380151,0.1,0.2,0.0,0.0833333333333333
576537,mscoco,0.12204200811684132,0.2710990296268451,0.1919037587940693,0.47814903174196294,0.2,1.0,0.4,1.0
18194,mscoco,0.04582930747419596,0.15792870366380815,0.10969423465430736,0.29622462201731886,0.1,0.1666666666666666,0.2,0.5
278243,mscoco,0.06948171742260456,0.19900845901161324,0.06611241027712822,0.17120242286817408,0.1,0.5,0.1,0.5
253728,mscoco,0.10537098236382007,0.22275156709954955,0.14497288092970848,0.2605417329271836,0.1,1.0,0.1,1.0
306229,mscoco,0.27058441042900083,0.4165885265659779,0.3112900763750076,0.45420857041426405,0.6,1.0,0.8,1.0
413277,mscoco,0.22843683809041976,0.4528868128306719,0.21353975906968117,0.45919749855568914,0.1,0.1428571428571428,0.5,1.0
86951,mscoco,0.09653649367392063,0.23819047952027425,0.10890054441988468,0.23390718128604635,0.5,1.0,0.8,1.0
489942,mscoco,0.050428528990596536,0.18527039199653486,0.05649716071784496,0.18628577077731628,0.1,1.0,0.1,1.0
199141,mscoco,0.18255720883607865,0.368969369182192,0.15657357648015022,0.34742868589082354,0.4,0.5,0.5,0.5
170336,mscoco,0.12619088515639304,0.29621984700777887,0.15027163587510586,0.2561008518783016,0.1,0.3333333333333333,0.2,0.2
89549,mscoco,0.1115703135728836,0.26971220638521376,0.13236821219325065,0.30583133661435596,0.0,0.0909090909090909,0.1,1.0
372246,mscoco,0.05514948079362512,0.1702516837024171,0.05728986356407404,0.19016565282424078,0.1,1.0,0.1,1.0
535563,mscoco,0.04632173459976911,0.12013946328945257,0.07233888171613216,0.15156835588173365,0.1,1.0,0.1,1.0
228222,mscoco,0.14306434467434884,0.2684726568878855,0.11029841303825379,0.2599566438161921,0.4,0.5,0.6,1.0
195353,mscoco,0.1774559836834669,0.2607922772712301,0.2053813874721527,0.5618456727846476,0.4,0.3333333333333333,0.5,1.0
58624,mscoco,0.1574250865727663,0.3191707892037182,0.20434908717870712,0.4917328207021268,0.1,0.5,0.1,1.0
268900,mscoco,0.1347427949309349,0.2707226250656364,0.15855541676282883,0.3055724642601506,0.1,0.125,0.1,0.25
161019,mscoco,0.26189376339316367,0.5215602730199028,0.27775875478982925,0.4784275225912879,0.2,0.3333333333333333,0.4,1.0
379035,mscoco,0.12078178841620683,0.33228114312415447,0.18584396839141845,0.3605829003852995,0.0,0.0123456790123456,0.2,0.25
172276,mscoco,0.17245388999581338,0.42155836816861963,0.17459531128406525,0.3539348893666001,0.1,0.1428571428571428,0.1,0.1111111111111111
271120,mscoco,0.12561024725437164,0.29336235822000933,0.1186860378831625,0.3044078719151321,0.0,0.0555555555555555,0.1,0.1111111111111111
180445,mscoco,0.041894410736858845,0.12494529939455197,0.03471606243401766,0.11646999534568495,0.2,1.0,0.2,1.0
284362,mscoco,0.08335990384221077,0.21389272630172768,0.1137426108121872,0.2744509255760665,0.0,0.0384615384615384,0.1,1.0
466656,mscoco,0.12175919562578201,0.31612595418097544,0.13991308957338333,0.2989378947863924,0.5,1.0,0.5,1.0
271360,mscoco,0.0438747612759471,0.16246082813170207,0.044438629411160946,0.14793323131275207,0.1,1.0,0.0,0.0001578033769922
429290,mscoco,0.14386774338781833,0.28678700797531925,0.313075989484787,0.4581723598796459,0.0,0.0238095238095238,0.0,0.0769230769230769
464649,mscoco,0.4964077934622765,0.7358922605290408,0.22479846626520156,0.3768952311425577,0.0,0.0666666666666666,0.0,0.02
118260,mscoco,0.09529447723180055,0.18980505299539005,0.07508715651929379,0.21736620641139018,0.0,0.0263157894736842,0.0,0.0120481927710843
337062,mscoco,0.1219748567789793,0.2638531847289713,0.23878877013921737,0.33302443292320616,0.0,0.0625,0.4,0.5
249049,mscoco,0.19068668410182,0.35613934379725837,0.16824750006198883,0.36963817451086306,0.2,0.3333333333333333,0.1,1.0
497542,mscoco,0.06383978221565485,0.22933156206110134,0.07936134487390518,0.2029628320823192,0.0,0.0123456790123456,0.1,0.5
400940,mscoco,0.12701092287898064,0.3101883066964853,0.13789677023887634,0.2873801982420976,0.1,0.3333333333333333,0.1,0.5
254753,mscoco,0.13069218918681144,0.24357107571401013,0.15271675884723662,0.3189850211160809,0.1,0.2,0.1,1.0
550157,mscoco,0.19723572283983232,0.38965124349589275,0.20735878646373748,0.4372295990709656,0.4,1.0,0.5,1.0
113905,mscoco,0.05023170318454504,0.1433259179275812,0.07424835525453091,0.24136720856496763,0.1,0.2,0.3,1.0
471881,mscoco,0.09322916269302368,0.20919689829097368,0.07078905403614044,0.2024963504185739,0.1,1.0,0.1,1.0
524187,mscoco,0.17293356582522393,0.3581750331385496,0.22706636041402817,0.4499978322016389,0.1,0.1111111111111111,0.4,1.0
354409,mscoco,0.04695714395493269,0.14068309875447282,0.043976449966430665,0.1359803129119071,0.1,1.0,0.1,1.0
36713,mscoco,0.08175188302993774,0.24310459567193393,0.12080628499388694,0.28733722348139273,0.1,1.0,0.1,0.5
421005,mscoco,0.14390343502163888,0.28728400031167883,0.16589764058589934,0.34044400920980444,0.2,0.25,0.2,1.0
504639,mscoco,0.1067204087972641,0.270352680372006,0.10321750715374947,0.2865733477988093,0.7,1.0,0.8,1.0
356660,mscoco,0.2730803772807121,0.4721193232306533,0.31346668750047685,0.565171189548693,0.1,0.1111111111111111,0.2,0.2
1792,mscoco,0.3385670430958271,0.5799211607359368,0.40178020000457765,0.5738799258966015,0.7,1.0,1.0,1.0
30409,mscoco,0.08035982437431813,0.19342670756501573,0.12167403772473336,0.28683468509507803,0.0,0.0142857142857142,0.1,1.0
254060,mscoco,0.13051420412957668,0.3229485946064767,0.1798385761678219,0.43045667192503867,0.1,0.1111111111111111,0.3,1.0
169340,mscoco,0.06524197533726692,0.21160596556908662,0.09818976633250713,0.21729438676555005,0.1,0.3333333333333333,0.1,1.0
42513,mscoco,0.05730954203754664,0.16811562949718611,0.07770267277956008,0.1987486427000225,0.1,1.0,0.2,0.1428571428571428
402887,mscoco,0.35024381391704085,0.3938610225676152,0.24464746937155724,0.5059966980635499,0.1,0.3333333333333333,0.1,0.5
96435,mscoco,0.02806351985782385,0.08471143093725787,0.025695733726024628,0.08757987271587732,0.1,1.0,0.1,1.0
441541,mscoco,0.03620698247104883,0.13427110073023274,0.05821984596550465,0.15143522806673368,0.0,0.0833333333333333,0.0,0.0333333333333333
51663,mscoco,0.12188215404748917,0.33426118126819904,0.15671305283904075,0.37435534300152595,0.1,0.1111111111111111,0.1,0.2
474271,mscoco,0.06789334751665592,0.2378462211280479,0.0903696857392788,0.23341709265185442,0.1,1.0,0.1,1.0
72702,mscoco,0.17214511185884476,0.32381082616866164,0.22022540420293807,0.3771282559855354,0.1,1.0,0.1,1.0
182793,mscoco,0.3349007606506348,0.6493018676365112,0.3857142835855484,0.6413724034049259,0.0,0.0113636363636363,0.0,0.0434782608695652
21795,mscoco,0.19524070248007774,0.3075200587119001,0.14153662472963333,0.3028799977122915,0.1,1.0,0.1,1.0
566672,mscoco,0.1833607777953148,0.38165642497772895,0.20715427547693252,0.42986152282541595,0.2,0.25,0.5,1.0
2664,mscoco,0.07004448734223842,0.18213806565934337,0.10681942403316498,0.23887749514523976,0.0,0.0625,0.0,0.0476190476190476
333241,mscoco,0.06003582328557968,0.18707475422129974,0.06270121056586504,0.20029968055084982,0.1,1.0,0.1,0.3333333333333333
353402,mscoco,0.08490775600075721,0.1992379234398942,0.12044373229146003,0.32189627346175637,0.0,0.0285714285714285,0.1,0.5
18252,mscoco,0.24159878641366958,0.4469357980714198,0.2424219235777855,0.3778678051548502,0.6,1.0,1.0,1.0
387352,mscoco,0.08222634755074978,0.19537413231661055,0.1534879684448242,0.30981942768490245,0.1,0.5,0.3,0.5
198085,mscoco,0.5739073544740677,0.7309513223317287,0.4373071201145649,0.6822924293438167,0.1,0.1428571428571428,0.1,0.5
246625,mscoco,0.4474763721227646,0.5825847897441488,0.393342612683773,0.5402092350869079,0.5,0.3333333333333333,0.7,1.0
420045,mscoco,0.2293322890996933,0.45463400371864926,0.25745769739151003,0.49907121835162704,0.0,0.0303030303030303,0.0,0.0714285714285714
398225,mscoco,0.13201054111123084,0.29012462246498866,0.15640144273638726,0.35458398289293835,0.1,0.3333333333333333,0.0,0.0909090909090909
132964,mscoco,0.12395159378647805,0.3013508655760209,0.16361044943332673,0.4068092568452254,0.6,1.0,0.9,1.0
344632,mscoco,0.0068096733186393974,0.023367315369682482,0.008561668475158513,0.030028442914920087,0.0,0.0285714285714285,0.0,0.0434782608695652
508045,mscoco,0.11172227934002876,0.31432894465516154,0.1212958574295044,0.3394979489711201,0.3,1.0,0.2,1.0
236936,mscoco,0.02594629991799593,0.08063492242771654,0.031022989470511676,0.0978451152238119,0.0,0.0526315789473684,0.1,1.0
110330,mscoco,0.06359955817461013,0.14629829672075823,0.07034957148134709,0.22392336926559409,0.1,0.5,0.1,0.2
19292,mscoco,0.27069646343588827,0.3251640885079927,0.45605710446834563,0.6856530643267327,0.4,0.2,0.4,1.0
19,drawbench,0.04251184090971947,0.13414848617793254,0.031418504938483235,0.09044393725495974,0.0,0.0,0.0,0.0
345294,mscoco,0.14546091631054878,0.31456991436730164,0.15125791653990744,0.3135089638557764,0.1,0.125,0.2,1.0
250424,mscoco,0.06651335135102272,0.21743519349804089,0.07119694538414478,0.20006057329028312,0.0,0.0136986301369863,0.1,1.0
50583,mscoco,0.07207375392317772,0.19863061030096107,0.05507379584014416,0.17946307545996318,0.2,0.5,0.2,0.5
230879,mscoco,0.1423174224793911,0.2595794902664205,0.16632105112075807,0.35004164492822154,0.0,0.04,0.0,0.0833333333333333
168609,mscoco,0.04457990620285272,0.12784833356369607,0.057781281508505346,0.17438015290755388,0.0,0.0121951219512195,0.1,1.0
175923,mscoco,0.08715570494532585,0.18412198551895767,0.10142298564314842,0.22983545010614054,0.3,0.3333333333333333,0.3,0.2
530248,mscoco,0.1308013007044792,0.3102381382126777,0.139009303599596,0.32982535887020986,0.2,1.0,0.0,0.0294117647058823
421009,mscoco,0.115743837505579,0.2608313526753296,0.16858467683196068,0.3158721206124454,0.0,0.0666666666666666,0.1,0.5
450974,mscoco,0.11298867762088775,0.3236529154228247,0.1606852374970913,0.310565549899663,0.1,0.125,0.2,1.0
34922,mscoco,0.16544487178325654,0.3569291801598013,0.09707722906023264,0.1646666822425914,0.0,0.0625,0.2,0.5
134454,mscoco,0.15630872417241334,0.4114438077592374,0.23285901546478271,0.4719206158266859,0.3,1.0,0.3,0.5
91960,mscoco,0.06031807493418455,0.18508458671025776,0.05947201456874609,0.21448697582136556,0.0,0.03125,0.0,0.0238095238095238
570203,mscoco,0.2379861619323492,0.3211412756706251,0.19485875815153123,0.48364057662690163,0.1,0.125,0.5,1.0
46506,mscoco,0.017051261197775603,0.061748457616187226,0.02153802793473005,0.06327936234808292,0.0,0.0285714285714285,0.1,0.1428571428571428
460202,mscoco,0.08065916486084461,0.20758486836936121,0.08356079682707787,0.21229702372092493,0.3,1.0,0.3,0.5
358566,mscoco,0.11467681527137756,0.2800209425029327,0.15788722336292266,0.3187322565495786,0.2,0.5,0.6,0.3333333333333333
205206,mscoco,0.09920733273029328,0.2641631039770283,0.11482191383838654,0.25844368798940814,0.1,0.5,0.0,0.01
342273,mscoco,0.043112443201243876,0.15785052600856184,0.050792304798960686,0.18187599627271975,0.1,0.3333333333333333,0.1,0.1428571428571428
550466,mscoco,0.07135008666664362,0.2070036191264755,0.13190763518214227,0.295383904075822,0.3,1.0,0.5,1.0
303281,mscoco,0.6403390944004059,0.7975020960491706,0.6444401383399964,0.8161978495921807,0.8,1.0,0.9,1.0
464787,mscoco,0.014185764081776141,0.05082767558545192,0.017362003307789566,0.05841169547163216,0.0,0.0625,0.1,0.5
382210,mscoco,0.11103904396295547,0.28363727483042095,0.2159151915460825,0.5636343052221255,0.0,0.0078740157480314,0.0,0.0217391304347826
78413,mscoco,0.1129976563155651,0.29277861705503255,0.13990143686532974,0.3240785297089434,0.1,1.0,0.1,0.5
241530,mscoco,0.058330208621919157,0.13170272053884047,0.08926323913037777,0.22286687282702855,0.0,0.0185185185185185,0.0,0.0666666666666666
165419,mscoco,0.4161069691181183,0.6451182423343674,0.3942234590649605,0.655935386975605,0.4,1.0,0.8,1.0
152776,mscoco,0.054685328528285025,0.19775485187645508,0.06612817514687777,0.2015446360992928,0.1,1.0,0.1,1.0
103320,mscoco,0.16358053386211396,0.390437965875252,0.23481728956103326,0.3858418414406479,0.1,0.25,0.0,0.0714285714285714
391011,mscoco,0.3182182252407074,0.45228537561195076,0.37441810220479965,0.7059349403193275,0.6,1.0,1.0,1.0
36281,mscoco,0.06341727133840322,0.1705765370733609,0.08011068124324083,0.19044234761000048,0.1,1.0,0.1,1.0
485016,mscoco,0.04450495410710573,0.12906273122881762,0.10602569729089736,0.35422968835264157,0.0,0.0112359550561797,0.0,0.0833333333333333
524392,mscoco,0.3740987703204155,0.6049119841110614,0.44131729900836947,0.6769984084484815,1.0,1.0,0.9,1.0
299123,mscoco,0.18081754073500633,0.40106704449476993,0.18481937795877457,0.377480948658028,0.4,1.0,0.6,0.5
211905,mscoco,0.03860058169811964,0.10436220562647652,0.024500891752541065,0.07494066387940244,0.1,1.0,0.1,1.0
231381,mscoco,0.19640326797962188,0.45150564934398874,0.2334495022892952,0.46341352153298715,0.3,0.5,0.5,1.0
433896,mscoco,0.04324822835624218,0.12573578280980188,0.042548241838812825,0.12576607575305976,0.1,1.0,0.1,1.0
284259,mscoco,0.07541163749992848,0.189367236989118,0.09361297190189362,0.2173799814577618,0.2,1.0,0.1,1.0
540283,mscoco,0.22851708233356477,0.5464380979335711,0.2775526031851768,0.4450055376822186,0.2,1.0,0.0,0.0769230769230769
425010,mscoco,0.0945235151797533,0.2087000157710101,0.055685061402618884,0.17448199150505792,0.2,1.0,0.4,1.0
170525,mscoco,0.415793402493,0.5269938069615792,0.3774580493569374,0.5591952717191169,0.0,0.0434782608695652,0.2,0.125
432216,mscoco,0.1591185674071312,0.3404430640102082,0.22271075546741487,0.42500263880460887,0.1,0.2,0.1,0.3333333333333333
142402,mscoco,0.025181128457188607,0.09522841100263921,0.03237952161580324,0.14417681445121988,0.1,1.0,0.1,0.125
90820,mscoco,0.14741365537047385,0.38690657775982473,0.10086872596293688,0.3586317761907866,0.0,0.04,0.0,0.0833333333333333
208961,mscoco,0.0486043456941843,0.16018739127032652,0.06287348046898841,0.18268334493291158,0.1,1.0,0.1,1.0
140623,mscoco,0.07951563708484173,0.21722205752057724,0.10084221102297306,0.2506017389217748,0.3,1.0,0.3,0.3333333333333333
312015,mscoco,0.1276173833757639,0.3275102230070277,0.12637391388416291,0.3201352452820124,0.3,0.5,0.2,0.3333333333333333
388399,mscoco,0.22700973376631736,0.4830646617210651,0.20517998039722443,0.42527091458303123,0.2,0.3333333333333333,0.1,0.25
126659,mscoco,0.08210374601185322,0.23690229109623934,0.13749454095959662,0.315558384250377,0.2,0.2,0.4,0.25
234990,mscoco,0.10428966525942088,0.23771537706718346,0.12647584751248359,0.2554644633878517,0.0,0.04,0.2,0.1111111111111111
212445,mscoco,0.30366018414497375,0.5698060416416941,0.44264409095048907,0.7796959970530153,0.9,1.0,1.0,1.0
540885,mscoco,0.23880895525217055,0.42346018188199464,0.36892143785953524,0.5929427932027398,0.3,1.0,0.5,1.0
276417,mscoco,0.20184340849518775,0.4271148534041766,0.24816179499030114,0.4360804190023692,0.1,0.2,0.2,0.1111111111111111
46173,mscoco,0.1114799827337265,0.2590098681910783,0.18123067282140254,0.272991418125645,0.1,0.3333333333333333,0.0,0.0188679245283018
53641,mscoco,0.08712307382375002,0.22594323748918166,0.07436389289796352,0.1684369506403968,0.2,0.5,0.2,0.1666666666666666
367332,mscoco,0.302046637237072,0.5978104596283933,0.30184887647628783,0.5090516257962083,0.3,1.0,0.6,1.0
527134,mscoco,0.1278334751725197,0.26037369173455255,0.16887830272316934,0.3266252777670434,0.1,0.3333333333333333,0.1,0.1666666666666666
263970,mscoco,0.047057862393558025,0.14577865366318812,0.09946605041623116,0.24261905939286085,0.0,0.006060606060606,0.1,1.0
485696,mscoco,0.014086041366681457,0.04624898337085551,0.019990194635465742,0.05465980976133014,0.1,1.0,0.1,1.0
118870,mscoco,0.028696718998253344,0.11297639908727433,0.03543510716408491,0.10590545386180089,0.0,0.0909090909090909,0.1,0.5
11332,mscoco,0.23542119860649108,0.42536541386918614,0.23876191377639772,0.41182393125873595,0.0,0.0625,0.5,1.0
365523,mscoco,0.03944870587438345,0.14441774141146801,0.05299600940197706,0.16545967647651977,0.1,0.3333333333333333,0.1,1.0
479035,mscoco,0.03775462228804827,0.12042578540473386,0.03183709001168609,0.10173505801597962,0.1,0.1428571428571428,0.0,0.0294117647058823
416098,mscoco,0.09423947520554066,0.36212645994867937,0.15960221290588378,0.32229015032901326,0.1,0.5,0.5,1.0
13284,mscoco,0.03809505067765713,0.09668757406028057,0.020718493312597275,0.06826142606977478,0.1,1.0,0.1,1.0
110435,mscoco,0.06626725867390633,0.15461726126729133,0.07036100253462792,0.1811359278144244,0.1,1.0,0.1,1.0
116694,mscoco,0.12575259804725647,0.29559007872367465,0.17673104628920555,0.469414988864056,0.1,0.3333333333333333,0.0,0.037037037037037
244410,mscoco,0.19220278337597846,0.37646018706601914,0.33653449416160586,0.5815124104808714,0.3,1.0,1.0,1.0
428992,mscoco,0.03709414275363088,0.10826756356118516,0.036096550337970254,0.10930828655134157,0.2,1.0,0.6,1.0
337902,mscoco,0.13914000913500785,0.2908201246596618,0.12631673142313957,0.27065070692938,0.8,1.0,0.9,1.0
546074,mscoco,0.06476907338947058,0.18331030024058004,0.08594458848237992,0.24207862647432885,0.0,0.04,0.1,1.0
70033,mscoco,0.03492889404296875,0.10313426600025687,0.033635002188384534,0.10321602221665406,0.6,1.0,0.6,1.0
149268,mscoco,0.12658990658819674,0.24517295210030787,0.1299208588898182,0.2837987021803407,0.0,0.0476190476190476,0.3,0.3333333333333333
431370,mscoco,0.13929658085107804,0.2690165093544823,0.35422335714101794,0.6079197465647898,0.1,0.125,0.2,0.3333333333333333
254387,mscoco,0.055830638855695724,0.1546800033563681,0.0548107186332345,0.15493964333113094,0.2,0.1428571428571428,0.5,0.3333333333333333
177349,mscoco,0.03366118585690856,0.09786447835453374,0.03653031755238771,0.1226085520962056,0.1,0.3333333333333333,0.1,0.1666666666666666
287186,mscoco,0.21344409734010697,0.44463978869715554,0.3120553083717823,0.4702596462372143,0.0,0.0769230769230769,0.1,0.125
328284,mscoco,0.18075480237603186,0.2835912044445468,0.21387434378266335,0.44453673170794167,0.1,0.25,0.1,1.0
50409,mscoco,0.03314450662583113,0.12176173325849406,0.06583779565989971,0.176330015031469,0.0,0.032258064516129,0.1,0.1111111111111111
399183,mscoco,0.11516977362334728,0.27356667827540054,0.21227088198065758,0.3410705492294339,0.1,0.1111111111111111,0.6,0.5
76589,mscoco,0.07109186537563801,0.20144876988787694,0.07939598187804223,0.20861105278141348,0.2,1.0,0.3,1.0
534965,mscoco,0.13018235936760902,0.4562724048936995,0.06242300178855657,0.1691936712890647,0.1,0.25,0.0,0.0833333333333333
295759,mscoco,0.045661660470068456,0.13813897716914247,0.04076681267470121,0.12243497931600379,0.0,0.0037735849056603,0.0,0.0526315789473684
131725,mscoco,0.08999563939869404,0.20962496878644435,0.10840856544673443,0.22644590847299279,0.0,0.0588235294117647,0.1,1.0
214123,mscoco,0.09323115907609462,0.2600571933231925,0.10810388177633286,0.27218997708759357,0.1,1.0,0.0,0.0625
433075,mscoco,0.05161878950893879,0.16986385817104951,0.05256260931491852,0.14067770115565975,0.1,1.0,0.1,0.1666666666666666
21260,mscoco,0.08289287108927965,0.14976183026105164,0.07668312527239322,0.21394733085673215,0.0,0.0098039215686274,0.1,0.2
312870,mscoco,0.20876890532672404,0.43741686521579026,0.1915567249059677,0.4116398171098383,0.0,0.0476190476190476,0.1,0.25
6824,mscoco,0.3419793307781219,0.6078114575445469,0.4106480896472931,0.568083501581347,0.7,0.25,0.8,1.0
368014,mscoco,0.13910236805677414,0.3155197995546774,0.1827452514320612,0.31248517813080523,0.3,0.3333333333333333,0.3,1.0
227772,mscoco,0.0541652387008071,0.1684567770218102,0.08388127982616425,0.19826896568315963,0.1,0.1666666666666666,0.3,0.25
276671,mscoco,0.2735238805413246,0.5579235130523031,0.3674794867634773,0.7251636494464596,0.2,0.3333333333333333,0.6,0.5
74894,mscoco,0.24604884833097457,0.42114462474254694,0.22205818593502044,0.4558782346322839,0.3,1.0,0.5,1.0
395170,mscoco,0.11221520118415355,0.27594599179454393,0.11728923991322518,0.31883076703199625,0.4,0.5,0.6,1.0
362521,mscoco,0.12124780863523484,0.27041608641323517,0.14537763670086862,0.29031696884899916,0.0,0.02,0.1,0.2
543838,mscoco,0.007544428296387196,0.02695000189523989,0.007937465445138514,0.030380387331069805,0.1,1.0,0.1,0.3333333333333333
385580,mscoco,0.05336626311764121,0.18215277515292588,0.08074588822200894,0.18549742727183285,0.0,0.0153846153846153,0.0,0.0714285714285714
448131,mscoco,0.12392442487180233,0.34792476634107,0.16187731325626373,0.3366469517590299,0.1,0.2,0.6,1.0
33702,mscoco,0.34289169162511823,0.5796338236639703,0.4671544671058655,0.7191085496826174,0.0,0.0555555555555555,0.0,0.0769230769230769
109522,mscoco,0.14307934269309044,0.3050648963655665,0.2238013803958893,0.38583513583168777,0.0,0.0416666666666666,0.0,0.0256410256410256
268444,mscoco,0.11028223261237144,0.30123108879951693,0.14766366221010685,0.42432232445458556,0.2,0.5,0.3,1.0
526105,mscoco,0.09989523068070412,0.2762667398473365,0.10871507301926613,0.33681352100845,0.0,0.0714285714285714,0.0,0.0833333333333333
538709,mscoco,0.06761260554194451,0.19707498400241516,0.07782299071550369,0.21450731584220875,0.1,0.1666666666666666,0.2,0.5
455856,mscoco,0.018407186260446906,0.06159975372175128,0.02151418374851346,0.059237478094755595,0.1,0.5,0.1,0.5
246878,mscoco,0.13805832602083684,0.2688946964242934,0.22954818308353425,0.4904958098206581,0.0,0.0142857142857142,0.4,0.5
361472,mscoco,0.06570138297975063,0.18799107700493864,0.07721517384052276,0.2696687209492939,0.0,0.0384615384615384,0.1,1.0
422240,mscoco,0.04928440786898136,0.1275687332100149,0.05441930014640093,0.13408768152167944,0.1,1.0,0.1,1.0
233073,mscoco,0.06223557740449905,0.18240681357142324,0.06439421847462654,0.17770454817803502,0.1,0.3333333333333333,0.1,1.0
340621,mscoco,0.16925335973501204,0.34138090107986363,0.18680312409996985,0.38941608793949395,0.4,1.0,0.6,1.0
422804,mscoco,0.01700874443631619,0.04474258094432943,0.015245608892291785,0.05699519780039853,0.1,0.1666666666666666,0.1,1.0
440762,mscoco,0.2741024911403656,0.4852579310523651,0.33226870745420456,0.5131991992686479,0.1,0.125,0.1,0.1
165907,mscoco,0.19072029292583464,0.38911482554963434,0.1817087136209011,0.3948045299718834,0.4,0.5,0.6,1.0
540006,mscoco,0.018689486803486942,0.06898083166656556,0.014214671310037374,0.058390653334816536,0.1,0.1111111111111111,0.1,1.0
300267,mscoco,0.12196332141757012,0.2496262097921565,0.11342679597437381,0.2583144926588988,0.5,0.5,0.3,1.0
413852,mscoco,0.22577418759465218,0.34089902570345165,0.3258100405335426,0.5697941021323587,0.4,0.25,0.7,1.0
360975,mscoco,0.16271767318248748,0.3121071457004247,0.15435984656214713,0.33697447581893,0.4,0.25,0.3,1.0
211909,mscoco,0.152029575034976,0.3284264828914644,0.1812608689069748,0.4085164438827409,0.6,1.0,0.8,1.0
66389,mscoco,0.08973533138632775,0.24036844521405296,0.11913697347044945,0.24628979780537183,0.0,0.0030395136778115,0.0,0.0025575447570332
13285,mscoco,0.0439168456941843,0.12952162806535047,0.058596327900886536,0.20023148468947052,0.0,0.009009009009009,0.0,0.0026178010471204
573922,mscoco,0.25396459698677065,0.402920069260949,0.2882805414497852,0.5627994570127465,0.1,0.125,0.4,1.0
62619,mscoco,0.10972291231155396,0.22619632210214063,0.24772947952151297,0.4032602422642886,0.1,0.1,0.1,1.0
168563,mscoco,0.13754907250404358,0.3406969980969185,0.14753464981913567,0.3603824350257862,0.2,0.25,0.2,0.5
178504,mscoco,0.08183072060346604,0.23762158325540572,0.1503092624247074,0.2883072459238896,0.0,0.0909090909090909,0.1,1.0
176174,mscoco,0.11072983630001546,0.27848216373128726,0.13933657109737396,0.29473153644472105,0.1,0.1666666666666666,0.1,0.5
60903,mscoco,0.07591658048331737,0.2017775496926994,0.10391301289200783,0.264623553315997,0.1,0.1111111111111111,0.2,1.0
80554,mscoco,0.11800256371498108,0.2895696377280522,0.20345009714365006,0.4090569970138572,0.0,0.0714285714285714,0.2,0.3333333333333333
494852,mscoco,0.1372097112238407,0.3181130620222727,0.18877860084176062,0.36544257854579487,0.4,1.0,0.3,1.0
272832,mscoco,0.06200641077011824,0.16003579080557984,0.1211224276572466,0.2738954701062577,0.1,0.3333333333333333,0.1,1.0
497002,mscoco,0.0474128108471632,0.15327713496772047,0.05104248784482479,0.14125172141509512,0.1,0.5,0.0,0.0526315789473684
473918,mscoco,0.052258501015603545,0.16815675624645873,0.06716613471508026,0.20319531202362492,0.0,0.0454545454545454,0.1,0.5
78681,mscoco,0.11083502285182475,0.3438613271516562,0.10916931852698326,0.3303457405581175,0.5,1.0,0.5,1.0
261323,mscoco,0.08008707612752915,0.20913166255436935,0.09625068418681622,0.27908988377925176,0.0,0.0476190476190476,0.1,1.0
489482,mscoco,0.1274921290576458,0.2796305442620168,0.1377310924232006,0.3303727254843531,0.0,0.0909090909090909,0.1,0.5
513966,mscoco,0.06132799405604601,0.17499552867812584,0.14289649799466134,0.3191379115025568,0.1,0.2,0.0,0.04
326202,mscoco,0.12560325786471366,0.33365666144232375,0.1310237355530262,0.3449938741370883,0.3,1.0,0.3,1.0
394159,mscoco,0.25141638666391375,0.4500616927350077,0.2585217744112015,0.4938932707709972,0.1,0.3333333333333333,0.2,0.3333333333333333
392320,mscoco,0.19615681879222394,0.33897407689419184,0.19714235365390778,0.5612264032398875,0.7,1.0,0.6,1.0
428301,mscoco,0.14970569014549256,0.31464037747031337,0.1359648138284683,0.3073648370679218,0.3,1.0,0.3,1.0
304217,mscoco,0.10190885737538338,0.258234431346624,0.09701843187212944,0.23306660445246083,0.0,0.0217391304347826,0.0,0.0133333333333333
332131,mscoco,0.21757323667407036,0.3707698419142424,0.3449947848916054,0.4995796546577679,0.6,1.0,0.7,1.0
316336,mscoco,0.1069567434489727,0.22661952155693513,0.15228700488805771,0.2972774476323874,0.1,0.3333333333333333,0.1,1.0
575331,mscoco,0.051389722526073454,0.15074720958184123,0.06204513534903526,0.20253075427696154,0.0,0.0476190476190476,0.1,1.0
357578,mscoco,0.21448271870613098,0.3447636906135568,0.37892004251480105,0.6886198704367726,0.0,0.0625,0.2,0.25
201714,mscoco,0.3273851528763771,0.47649067948977325,0.240831408649683,0.5379599251717126,0.5,1.0,0.3,1.0
76899,mscoco,0.20805632919073105,0.3247522193773852,0.16212315447628498,0.2923280643155895,0.1,0.1666666666666666,0.0,0.0175438596491228
461445,mscoco,0.18638623207807542,0.32154886988947173,0.21487042605876921,0.3739169142570223,0.2,0.3333333333333333,0.1,1.0
317431,mscoco,0.29185507968068125,0.6412004158617874,0.3740927532315254,0.7118873835763461,0.9,1.0,0.9,1.0
74,drawbench,0.14294367805123329,0.2988319089704937,0.13949304446578026,0.399176780653778,0.0,0.0128205128205128,0.0,0.0181818181818181
413172,mscoco,0.09199852719902993,0.256354495685197,0.12798008881509304,0.34767718855485524,0.1,0.1428571428571428,0.4,0.3333333333333333
346754,mscoco,0.06328247860074043,0.1854025235043241,0.06993464455008506,0.20331549705759752,0.0,0.0038167938931297,0.0,0.0014245014245014
142349,mscoco,0.2233727090060711,0.47382604728938055,0.20386741757392884,0.39147701065666873,0.1,0.1666666666666666,0.3,0.25
495947,mscoco,0.12305049449205399,0.2883055020211695,0.15271327197551726,0.38605564237997053,0.0,0.0454545454545454,0.0,0.0416666666666666
105344,mscoco,0.23125894367694855,0.3916065244509269,0.2251445785164833,0.4458085851695763,0.2,0.25,0.5,1.0
466024,mscoco,0.2627347260713577,0.48507707293143165,0.3294366031885147,0.5213955151788975,0.7,1.0,1.0,1.0
579165,mscoco,0.060346368327736856,0.18602240121881974,0.1253319039940834,0.302296631194074,0.1,0.2,0.0,0.0256410256410256
323868,mscoco,0.11526481993496418,0.2937395644650318,0.2831808626651764,0.5018936697979992,0.1,0.1666666666666666,0.7,1.0
119947,mscoco,0.08424077443778515,0.2166936322128635,0.11259899996221065,0.27153313395560774,0.1,1.0,0.1,0.5
536201,mscoco,0.03456909917294979,0.10329477642326036,0.05193861648440361,0.14030441985746467,0.1,1.0,0.1,1.0
151432,mscoco,0.2509326681494713,0.44812579791608376,0.2609426110982895,0.4537656390384125,0.5,1.0,0.3,0.3333333333333333
50972,mscoco,0.14012423157691956,0.38219952729755324,0.14192083105444908,0.2843843685351313,0.2,1.0,0.2,0.3333333333333333
222361,mscoco,0.16221908926963807,0.28496681024703985,0.17157056629657746,0.31462647042389263,0.4,0.25,0.7,1.0
183,drawbench,0.05828878004103899,0.18202938098855148,0.03255081111565232,0.09020020380609209,0.0,0.0,0.0,0.0
356654,mscoco,0.08313523065298796,0.2158523921330393,0.09575459323823451,0.20703055749094643,0.1,1.0,0.0,0.0526315789473684
12377,mscoco,0.02661288985982537,0.10301429889272905,0.02833385542035103,0.08525945118006965,0.1,0.25,0.1,1.0
62589,mscoco,0.2726642146706581,0.5765203249508916,0.22732970714569092,0.5694683356124797,0.4,1.0,0.5,1.0
175,drawbench,0.07682667635381221,0.18149040737600536,0.07454195749014617,0.15823873110470263,0.0,0.0,0.0,0.0
97569,mscoco,0.027477802615612744,0.08663515030776113,0.03092289213091135,0.10949973052856332,0.1,0.1111111111111111,0.2,0.3333333333333333
118342,mscoco,0.2110511042177677,0.4171372973069567,0.198300252109766,0.36007071130180607,0.5,1.0,0.7,0.5
226348,mscoco,0.11351240500807762,0.29820843735023,0.1368075780570507,0.30757231992732803,0.1,0.5,0.1,1.0
507833,mscoco,0.02456532549113035,0.06930673836840873,0.015468357224017381,0.06098627484827228,0.1,1.0,0.1,1.0
509503,mscoco,0.09277545511722565,0.19633439352039256,0.07665430344641208,0.23699293911069463,0.4,1.0,0.3,0.5
265447,mscoco,0.0969591960310936,0.2569820961223669,0.10978524833917618,0.21885425450461124,0.6,1.0,0.6,1.0
39398,mscoco,0.3209208741784096,0.5042505406564144,0.49426169991493224,0.6945495164384397,0.1,0.5,0.2,1.0
475667,mscoco,0.2311037674546242,0.4412615809268689,0.1861089639365673,0.3938178431473124,0.3,0.3333333333333333,0.3,0.5
110829,mscoco,0.07060752008110285,0.1695045635930617,0.06890222672373056,0.20688712974460977,0.0,0.0434782608695652,0.2,1.0
423830,mscoco,0.19274750165641308,0.5332263089628996,0.159778368473053,0.43687396388834865,0.1,0.125,0.2,1.0
159567,mscoco,0.16736101321876048,0.24271807661165784,0.16466844230890273,0.4180128615837377,0.1,1.0,0.0,0.003012048192771
67422,mscoco,0.26245799139142034,0.3953890119262839,0.3070838674902916,0.6146859389881936,0.3,0.5,0.3,0.5
449210,mscoco,0.23934526294469832,0.5728172746133278,0.3410353422164917,0.5848753622818873,0.1,0.2,0.4,1.0
561386,mscoco,0.06983608845621347,0.1891808740755836,0.20769424587488175,0.41232215307837927,0.2,0.2,0.2,0.25
136267,mscoco,0.24215877056121826,0.39178923606854577,0.25491767302155494,0.5197517252450048,0.8,1.0,0.6,0.5
147294,mscoco,0.21608159989118575,0.3486126239960124,0.3008448176085949,0.36647043123184153,0.1,0.2,0.2,0.5
127074,mscoco,0.180106782913208,0.3985446104127836,0.21404539793729782,0.4054182088331001,0.3,1.0,0.6,1.0
355593,mscoco,0.07232933603227139,0.19944446153213743,0.087028107047081,0.28729374951940523,0.0,0.0005411255411255,0.0,0.0078740157480314
82,drawbench,0.12312606871128082,0.28390501056770123,0.19467678293585777,0.38146739037105715,0.1,0.1666666666666666,0.0,0.032258064516129
97614,mscoco,0.11904106847941875,0.34901081986269833,0.20110092759132386,0.4443028330058605,0.0,0.0196078431372549,0.0,0.0555555555555555
548219,mscoco,0.16107056736946107,0.39673246848632193,0.15026706457138062,0.37396526178432193,0.4,0.5,0.4,1.0
232031,mscoco,0.045229330845177176,0.1365528900933621,0.04353749938309193,0.13026289613644065,0.1,0.5,0.0,0.0526315789473684
212047,mscoco,0.045159603096544744,0.1283164941189158,0.046752603724598885,0.13837517053433393,0.1,1.0,0.1,1.0
532520,mscoco,0.022525014448910953,0.06886746595896118,0.026398090273141862,0.07919394913520805,0.2,0.3333333333333333,0.1,0.25
202923,mscoco,0.2236882343888283,0.3485297781646428,0.2823566049337387,0.5543604364745433,0.4,0.25,0.3,0.1666666666666666
32675,mscoco,0.21887701153755187,0.5395795926778668,0.24721936620771884,0.5227531035655318,0.1,1.0,0.1,1.0
280112,mscoco,0.27743450105190276,0.581292679526992,0.27771624326705935,0.44792165523064187,0.3,0.3333333333333333,0.2,1.0
230982,mscoco,0.0614531259983778,0.1613381820466867,0.09188108034431934,0.21605673499790964,0.1,0.5,0.0,0.0714285714285714
104340,mscoco,0.022844298323616386,0.06435885299881532,0.03493347829207778,0.11953554986454323,0.0,0.0256410256410256,0.1,1.0
444912,mscoco,0.025521556660532952,0.09732601785777414,0.035708944965153935,0.14656264371522618,0.0,0.0833333333333333,0.1,0.1666666666666666
210071,mscoco,0.1319919854402542,0.3219567952547936,0.14924252927303314,0.27137389815357676,0.9,1.0,1.0,1.0
541203,mscoco,0.11685375459492206,0.2592593387259309,0.1411336038261652,0.2747652501531585,0.1,0.1,0.2,1.0
64626,mscoco,0.1190900169312954,0.295800105865008,0.1798049218952656,0.44096975499864133,0.1,0.1111111111111111,0.0,0.0555555555555555
224060,mscoco,0.16858427599072456,0.3227030106685597,0.11363811530172825,0.2878685731174737,0.1,1.0,0.1,1.0
411028,mscoco,0.12184605970978737,0.2458974746146005,0.19602850414812564,0.4261182371577704,0.4,1.0,0.5,1.0
228712,mscoco,0.03524255882948637,0.13027453320426077,0.03388758832588792,0.12239463486550824,0.1,0.125,0.0,0.0256410256410256
170365,mscoco,0.16940389424562455,0.38070938443102137,0.1756339229643345,0.3820529290959102,0.0,0.0769230769230769,0.1,0.125
346403,mscoco,0.22019613161683083,0.4073368697430869,0.3262013331055641,0.4608556001551101,0.0,0.0163934426229508,0.2,1.0
265597,mscoco,0.4174994111061096,0.6144237317029828,0.40532186031341555,0.49558666026048004,1.0,1.0,0.9,0.5
11504,mscoco,0.07680240795016288,0.16665954849892758,0.09112100340425969,0.22583192096861612,0.1,0.125,0.2,0.3333333333333333
546010,mscoco,0.07600215077400208,0.20313917285607078,0.06251559024676681,0.21134578299750784,0.1,1.0,0.1,0.5
287003,mscoco,0.21203719526529313,0.4851647549177599,0.2528695732355118,0.4592421194991873,0.1,1.0,0.3,0.5
485406,mscoco,0.056933546997606756,0.21421634994637234,0.08666702769696713,0.2015834968704116,0.0,0.0416666666666666,0.1,1.0
299051,mscoco,0.11177505366504192,0.22412092249553886,0.15311127305030822,0.3337012288732928,0.3,1.0,0.5,1.0
67,drawbench,0.02364048734307289,0.07071476617437794,0.030581264616921545,0.14481509415672317,0.0,0.0,0.0,0.0
107481,mscoco,0.251283110678196,0.43205825620229305,0.3244613766670227,0.5588317851554654,0.4,0.3333333333333333,0.5,1.0
160968,mscoco,0.2908947512507439,0.43364468918299415,0.20962303429841994,0.385085317893167,0.1,0.1428571428571428,0.1,0.3333333333333333
447983,mscoco,0.08845197483897209,0.20314613929992076,0.17060089260339736,0.2829936333164807,0.1,1.0,0.1,1.0
192651,mscoco,0.11385454013943672,0.2965950455907598,0.1685117706656456,0.3547402649439594,0.3,0.5,0.5,1.0
341856,mscoco,0.06507107354700566,0.20043782285181452,0.08504731394350529,0.21249388017517962,0.3,0.5,0.2,1.0
45809,mscoco,0.1347945924848318,0.3193616326250933,0.16595737934112548,0.3662603950972149,0.6,1.0,0.6,1.0
552089,mscoco,0.06876127310097217,0.20269030226903872,0.06315263379365206,0.15920724108824733,0.1,0.1111111111111111,0.1,0.1
24097,mscoco,0.08257271647453308,0.22310277681422752,0.07053421456366778,0.20579087799041737,0.1,1.0,0.1,1.0
433451,mscoco,0.14431331008672715,0.2730985331047932,0.15990606993436812,0.2999589127973869,0.0,0.0909090909090909,0.1,0.1666666666666666
547100,mscoco,0.09324654117226601,0.20208531446803257,0.05930966399610042,0.17516038436054734,0.1,1.0,0.1,1.0
485595,mscoco,0.050948519818484785,0.15360896378813327,0.05164285451173782,0.16948074928287396,0.1,0.5,0.1,1.0
266209,mscoco,0.11560711860656739,0.2594913528211115,0.1282080478966236,0.26559424361774925,0.2,0.3333333333333333,0.8,1.0
559754,mscoco,0.056895785965025425,0.18953786225742605,0.04977558087557554,0.12156722424593346,0.3,0.25,0.5,1.0
253848,mscoco,0.13699644505977632,0.26826181334839705,0.11743674650788308,0.32082435981906227,0.0,0.0434782608695652,0.1,0.1666666666666666
51487,mscoco,0.03282348215579987,0.10955545724553277,0.040274394862353805,0.11830339658120824,0.1,1.0,0.1,1.0
8725,mscoco,0.2123280458152294,0.3804196066440909,0.22960343062877656,0.4377825287830988,0.0,0.003690036900369,0.0,0.0909090909090909
115,drawbench,0.12325612083077431,0.2933293771334615,0.0999318890273571,0.25424873183662966,0.0,0.0,0.0,0.0
168833,mscoco,0.16528925411403178,0.39210018978231764,0.23399120569229126,0.36924029634522026,0.0,0.02,0.0,0.0357142857142857
248682,mscoco,0.26014760322868824,0.407707869861459,0.2901813670992851,0.45251668472619655,0.6,0.5,0.8,1.0
488032,mscoco,0.21845095679163934,0.45747077978869854,0.36002635657787324,0.5823230507477756,0.3,1.0,0.6,1.0
24242,mscoco,0.07328964546322822,0.19599251067650011,0.1641879852861166,0.3586810912572173,0.0,0.05,0.5,1.0
150546,mscoco,0.08519470877945423,0.2591649084751893,0.09315165542066098,0.2309373654484497,0.1,0.5,0.1,1.0
67563,mscoco,0.3584187671542168,0.48517791580459113,0.3619734331965446,0.5324619191719997,0.2,1.0,0.0,0.0833333333333333
36783,mscoco,0.2696333691477776,0.6173821565933948,0.2829703688621521,0.4855019721778112,0.0,0.0040485829959514,0.1,0.1428571428571428
216015,mscoco,0.14327803514897824,0.3485380424733328,0.14752002097666264,0.37279611192171563,0.2,1.0,0.1,1.0
530904,mscoco,0.0537235165014863,0.17690605528055914,0.05485628433525562,0.16955513224257027,0.3,0.3333333333333333,0.3,1.0
15356,mscoco,0.16276244446635246,0.33815446962942985,0.18870699107646943,0.4051323120077414,0.4,0.3333333333333333,0.4,1.0
213809,mscoco,0.0448767026886344,0.15037789819574465,0.03987854029983282,0.14118255160839968,0.1,1.0,0.1,1.0
407057,mscoco,0.03183248173445463,0.09743687868139395,0.034350174106657506,0.12585692476431481,0.4,1.0,0.3,1.0
229142,mscoco,0.14847621992230414,0.34836659189256297,0.1496962308883667,0.3533686186292587,0.1,0.3333333333333333,0.1,0.1428571428571428
307990,mscoco,0.1881207898259163,0.33431904899002823,0.29728810042142867,0.452857265306887,0.3,0.25,0.2,0.5
185,drawbench,0.05377957988530398,0.1729782421269437,0.05551255438476801,0.17295421152040524,0.0,0.0,0.0,0.0
318820,mscoco,0.08656063303351402,0.242992136098749,0.08578676842153073,0.2506024293896391,0.1,1.0,0.1,1.0
575303,mscoco,0.03623586967587471,0.12352511096596196,0.03671126812696457,0.12481607637390045,0.1,1.0,0.1,1.0
578094,mscoco,0.07338009402155876,0.18761461578676114,0.08765018731355667,0.20430618237272463,0.4,1.0,0.7,1.0
54611,mscoco,0.07300301641225815,0.1611327253516916,0.09696870185434818,0.2726232377037165,0.2,0.3333333333333333,0.7,1.0
5903,mscoco,0.08906415589153767,0.2696225113129026,0.0961799155920744,0.26063586724457427,0.2,1.0,0.1,1.0
238603,mscoco,0.2251768596470356,0.39182296991185567,0.3121472328901291,0.6094299637052719,0.3,0.1666666666666666,0.7,1.0
113089,mscoco,0.06114647574722767,0.17326205712210152,0.10675024092197419,0.22711686731618574,0.1,1.0,0.1,1.0
381759,mscoco,0.03256928883492947,0.1097816767705152,0.054382205754518506,0.12426916711655744,0.0,0.0104166666666666,0.1,0.5
486580,mscoco,0.20204585790634155,0.41216308074747904,0.2725321814417839,0.531665935272841,0.0,0.0434782608695652,0.2,0.25
480720,mscoco,0.2715860575437546,0.4875216956811133,0.3384257644414902,0.526974687680356,0.6,0.3333333333333333,0.5,1.0
289140,mscoco,0.02432966632768512,0.06619392438990783,0.02592299208045006,0.07032084366600744,0.1,0.2,0.1,0.3333333333333333
91719,mscoco,0.15550963655114175,0.2686024174458424,0.23441118597984315,0.46313291080370633,0.2,0.3333333333333333,0.8,1.0
8944,mscoco,0.13853589966893196,0.34265088739229194,0.11604859903454781,0.23924867059968397,0.1,0.3333333333333333,0.0,0.0833333333333333
468742,mscoco,0.1173273429274559,0.2519911700337514,0.14003477282822133,0.25913720709126115,0.3,1.0,0.3,1.0
512723,mscoco,0.26556955128908155,0.5276957575114966,0.2605492904782295,0.3729081911456559,0.5,1.0,0.8,1.0
167962,mscoco,0.28782491087913514,0.399490457781687,0.4192563623189926,0.6353616404013275,0.2,0.1666666666666666,0.4,0.3333333333333333
132161,mscoco,0.095518209785223,0.21902715406650072,0.09445887170732022,0.2313969840172799,0.0,0.0416666666666666,0.1,1.0
260336,mscoco,0.10986828617751598,0.2650731232628213,0.10822390131652355,0.25126851263141575,0.6,1.0,0.8,1.0
320429,mscoco,0.18501395508646964,0.34947397037449907,0.21727700680494308,0.45949898830874203,0.1,0.1,0.2,1.0
465893,mscoco,0.12114208750426769,0.25476465384733804,0.16952697709202766,0.3690225143925147,0.2,0.1666666666666666,0.5,0.3333333333333333
34183,mscoco,0.07439476922154427,0.2164415273514224,0.06851366683840751,0.23378981703902374,0.2,1.0,0.2,1.0
531404,mscoco,0.01324607995338738,0.0514437014565467,0.01456976095214486,0.0564282058286268,0.0,0.015625,0.1,0.1666666666666666
551651,mscoco,0.13131238222122193,0.31417446628426,0.15138809531927108,0.3087813704106887,0.1,0.1428571428571428,0.2,0.5
140921,mscoco,0.3006364792585373,0.5423095543796328,0.4452316790819168,0.5852001916138078,0.2,1.0,0.2,1.0
449780,mscoco,0.23906560763716697,0.3859113090798301,0.2725637838244438,0.5216630658294001,0.1,0.1666666666666666,0.0,0.0588235294117647
560326,mscoco,0.08811317496001721,0.20769421686921663,0.09697382934391499,0.21448025198948265,0.2,0.5,0.3,1.0
440813,mscoco,0.033738501463085414,0.10507044315463229,0.04172932375222445,0.1519537386036868,0.1,0.5,0.1,0.25
126,drawbench,0.17746523320674895,0.33924901452255835,0.19030143022537233,0.3750965118365324,0.0,1.321684883889983e-05,0.0,4.428305730227615e-05
44,drawbench,0.2079575166106224,0.3022909842303936,0.2179608963429928,0.4461656178027896,0.0,2.0200795911358907e-05,0.0,0.0002699784017278
174417,mscoco,0.031382396398112175,0.09511217514686814,0.045543518289923667,0.1455913554680672,0.1,1.0,0.1,0.5
423215,mscoco,0.09126689024269581,0.23635230448675187,0.16329194605350494,0.3844855232776958,0.0,0.0017094017094017,0.0,0.0588235294117647
478090,mscoco,0.15809015184640884,0.3317328614452472,0.14371129795908927,0.3073568608520062,0.0,0.0588235294117647,0.1,0.1666666666666666
83034,mscoco,0.0375050000846386,0.14870359499264932,0.06636780574917793,0.19635446247070723,0.1,1.0,0.0,0.0833333333333333
325568,mscoco,0.1125623807311058,0.27825737179549925,0.1930327981710434,0.3733884703831587,0.0,0.0010660980810234,0.0,0.0007107320540156
517603,mscoco,0.17485156655311584,0.32123657717439724,0.2188620027154684,0.5894310886962706,0.4,0.25,0.1,0.2
460287,mscoco,0.13971939757466317,0.31640083142510494,0.1672796055674553,0.2903213649217153,0.2,1.0,0.2,1.0
337546,mscoco,0.13845255151391028,0.2749284438367176,0.1881799153983593,0.4099353072244881,0.1,0.1111111111111111,0.3,1.0
389491,mscoco,0.28820495381951333,0.5143458715900637,0.314914171397686,0.5409769213082845,0.0,0.024390243902439,0.2,0.5
557451,mscoco,0.0644848208874464,0.20471553606525458,0.05791784729808569,0.1541691874793227,0.2,1.0,0.2,1.0
20414,mscoco,0.10284227542579175,0.2405579217777269,0.11085593737661839,0.24103789223954772,0.4,1.0,0.7,1.0
402603,mscoco,0.09639716744422913,0.2443740242041446,0.10370493903756142,0.2570359862175704,0.1,0.5,0.1,1.0
93116,mscoco,0.056462539546191695,0.19238579543917664,0.060220105573534966,0.16951971389029968,0.3,0.25,0.4,1.0
202143,mscoco,0.09434383027255536,0.2847592381904636,0.2312828928232193,0.43629726581688166,0.4,0.5,0.8,1.0
477526,mscoco,0.25765917003154754,0.5337092986016098,0.2840783767402172,0.5423824964878637,0.2,1.0,0.3,1.0
557388,mscoco,0.19148156717419623,0.3899009962360549,0.19723323732614517,0.4448785918474969,0.5,1.0,0.2,1.0
120254,mscoco,0.1636929102241993,0.4235991162586051,0.17090022563934326,0.38871681148018766,0.1,0.1666666666666666,0.2,0.25
188606,mscoco,0.14928552508354187,0.3060590129242239,0.12748826146125794,0.37881829114910076,0.0,0.037037037037037,0.1,0.1
490336,mscoco,0.16125962734222413,0.29973441923143646,0.20262549966573715,0.38427393522092534,0.1,0.3333333333333333,0.4,0.5
82731,mscoco,0.057338854856789113,0.18980818479855288,0.06824200470000505,0.16226344942346757,0.1,0.1428571428571428,0.1,0.1
46674,mscoco,0.060658416338264944,0.16837311395815552,0.0752323230728507,0.17001048037763714,0.1,1.0,0.1,1.0
534366,mscoco,0.11649535819888115,0.3132038137021436,0.18786949142813683,0.36940844750994856,0.2,1.0,0.3,1.0
493774,mscoco,0.02703452194109559,0.09800750969639946,0.03034771466627717,0.09464477717754072,0.0,0.0833333333333333,0.2,0.5
417547,mscoco,0.07685707788914442,0.20067829271879734,0.1077923372387886,0.29164490255471354,0.0,0.0344827586206896,0.0,0.0119047619047619
63556,mscoco,0.029777603596448897,0.09301609768248913,0.043749629892408846,0.1252007536487238,0.1,0.3333333333333333,0.1,1.0
479036,mscoco,0.08430269993841648,0.29381657826904906,0.09566781409084797,0.26305470656173413,0.4,1.0,0.4,1.0
515424,mscoco,0.1470660001039505,0.3280725188272095,0.2705965295433998,0.5075658114318469,0.2,0.5,0.1,0.25
320899,mscoco,0.05195474978536367,0.16484780594740553,0.09265548698604106,0.2699825702274302,0.1,0.125,0.1,0.125
353378,mscoco,0.07750061508268118,0.20831207881092897,0.07263164054602385,0.18476329419272564,0.1,1.0,0.1,1.0
26517,mscoco,0.14148287922143937,0.2871142414036083,0.19123283848166467,0.3402925859437741,0.1,0.2,0.2,1.0
559912,mscoco,0.21365776360034944,0.3756136750289854,0.20144988596439362,0.41983308335951647,0.4,0.2,0.5,1.0
5913,mscoco,0.14336996600031854,0.27990818807739704,0.12538579553365709,0.31923763870221916,0.0,0.0833333333333333,0.0,0.0625
390474,mscoco,0.17453956678509713,0.3726622173254088,0.17754360884428025,0.34485930824352845,0.5,0.5,0.6,1.0
235062,mscoco,0.14586361795663833,0.305563330263325,0.1370415184646845,0.3238541751642171,0.2,0.3333333333333333,0.2,1.0
313015,mscoco,0.020976018346846103,0.07451215282220534,0.01939273001626134,0.062288439795576515,0.1,0.2,0.1,1.0
397857,mscoco,0.04465186893939972,0.19059926714151607,0.0582721097394824,0.2133950484355439,0.1,1.0,0.1,1.0
550140,mscoco,0.15974486395716667,0.3092954062020903,0.15413050688803195,0.3586110096548679,0.7,0.25,0.5,0.5
461836,mscoco,0.24576042965054512,0.3387274255767898,0.2585200309753418,0.4595302017143523,0.0,0.0666666666666666,0.0,0.0714285714285714
106,drawbench,0.07065937723964452,0.22002638983691158,0.13786252066493035,0.28090544973360704,0.0,0.02,0.1,0.1666666666666666
81779,mscoco,0.12814625576138497,0.29425429191288155,0.17189003080129622,0.39323197555351314,0.1,0.5,0.1,0.25
215134,mscoco,0.4133864909410477,0.4857554684982955,0.5152277737855911,0.6950402564148388,0.1,0.3333333333333333,0.1,0.25
523309,mscoco,0.031650688499212265,0.1019870640202531,0.04028983898460865,0.1805944780208343,0.0,0.0833333333333333,0.0,0.0833333333333333
171,drawbench,0.04928966797888279,0.13286205373555005,0.06634801086038351,0.18149366606004427,0.0,0.0,0.0,0.0
380500,mscoco,0.18410372287034987,0.3768002793414297,0.20870852395892142,0.5185121939905004,0.0,0.0192307692307692,0.2,1.0
156128,mscoco,0.3128614030778408,0.7823996778512419,0.3120331823825836,0.5982556271990805,0.2,1.0,0.4,1.0
125908,mscoco,0.11897829100489617,0.27004360026649776,0.18471546173095704,0.4004374260964812,0.4,0.5,0.4,0.5
488303,mscoco,0.0703912004828453,0.21191307070623286,0.07684975825250148,0.1632406433343087,0.1,0.3333333333333333,0.0,0.0476190476190476
49725,mscoco,0.16571999341249466,0.3702402401060245,0.19131381884217263,0.46390859950502683,0.1,0.5,0.1,0.5
556363,mscoco,0.06480796858668328,0.19577469780355006,0.06578794419765473,0.1819652110405213,0.1,1.0,0.1,0.1428571428571428
279947,mscoco,0.1488577328622341,0.3167219128352151,0.15667494162917137,0.3024340335424292,0.3,0.5,0.6,1.0
139083,mscoco,0.2080626230686903,0.37223331739313303,0.323386512696743,0.6875354590633398,0.2,0.3333333333333333,0.0,0.0666666666666666
325055,mscoco,0.09568208567798138,0.2285873031901333,0.09270722065120936,0.1782417583245976,0.3,0.25,0.3,0.3333333333333333
483311,mscoco,0.5813471674919128,0.7927355305766784,0.6378726333379745,0.8667082264055067,0.8,1.0,0.8,0.5
206410,mscoco,0.11306006610393524,0.2799300705525521,0.131688504293561,0.28276863154816334,0.2,1.0,0.0,0.0212765957446808
270290,mscoco,0.04019025973975658,0.1371103156204368,0.03793977834284305,0.10208687252034236,0.3,1.0,0.3,1.0
542937,mscoco,0.05173928681761027,0.1656888759643073,0.056246384419500826,0.15296420266346655,0.2,0.25,0.1,0.2
109178,mscoco,0.04618706898763776,0.16146932474464396,0.054308717139065266,0.14935252760416726,0.9,1.0,1.0,1.0
286116,mscoco,0.06048455126583576,0.16370731571699892,0.055445822328329085,0.1505971989197479,0.2,0.1428571428571428,0.3,1.0
369557,mscoco,0.1388195652514696,0.3492541535862799,0.1649693615734577,0.4046227634354956,0.2,0.5,0.5,1.0
195810,mscoco,0.15632001347839833,0.3508822973363878,0.15481259524822236,0.27737646095143564,0.1,1.0,0.1,0.5
561907,mscoco,0.055852227844297886,0.1678201847522502,0.046798682399094106,0.1516537977940083,0.0,0.03125,0.0,0.0010604453870625
100083,mscoco,0.05368079086765647,0.16936003980623873,0.05563701894134283,0.15801757031735453,0.9,1.0,0.5,1.0
427113,mscoco,0.08149358741939068,0.24996275475567634,0.11580067500472069,0.29266798748419715,0.3,1.0,0.5,1.0
504670,mscoco,0.08065418750047684,0.21064757076973992,0.08511445336043835,0.1992602661514673,0.0,0.0384615384615384,0.0,0.04
171656,mscoco,0.07504332214593887,0.2627832647555136,0.10182822048664093,0.27075625095564665,0.1,0.1428571428571428,0.1,1.0
337011,mscoco,0.041468543000519276,0.13878895217392453,0.0342361144721508,0.11814914608195662,0.0,0.0344827586206896,0.1,0.5
452031,mscoco,0.047357398364692924,0.12514127955433682,0.0640863910317421,0.21142903510857725,0.1,1.0,0.0,0.0769230769230769
59593,mscoco,0.15448507629334926,0.3519473278411333,0.17426609806716442,0.4802691357019673,0.3,0.3333333333333333,0.2,1.0
469894,mscoco,0.11648606285452842,0.23496064498808356,0.21056032851338385,0.3938733588415337,0.1,0.25,0.6,0.5
427688,mscoco,0.22842232920229436,0.2534166436095181,0.25018263310194017,0.47964995923034226,0.5,0.2,0.9,1.0
247394,mscoco,0.1491489440202713,0.3058737722560388,0.13297429531812668,0.2520775100132655,0.2,1.0,0.2,0.5
189197,mscoco,0.18253903537988664,0.3317021618129308,0.150286190956831,0.34176360068217715,0.0,0.024390243902439,0.0,0.0769230769230769
293218,mscoco,0.19531497210264206,0.36395464550164075,0.2400745004415512,0.5616551336403115,0.1,0.25,0.5,1.0
563257,mscoco,0.19948018714785576,0.365022769005073,0.21283862888813018,0.4721125159819518,0.0,0.0285714285714285,0.1,0.1
188556,mscoco,0.09766940325498581,0.25126134168995606,0.1323469363152981,0.3051017091542792,0.4,1.0,0.6,0.5
544348,mscoco,0.09461014345288277,0.24391237360554147,0.10163492746651173,0.2392436458384472,0.1,1.0,0.1,1.0
492817,mscoco,0.1276026964187622,0.27054461599786517,0.11786503866314887,0.27806016938330097,0.5,1.0,0.2,0.3333333333333333
5614,mscoco,0.08252953086048365,0.1657779406606799,0.13176886811852456,0.2621534589182157,0.1,0.1666666666666666,0.6,1.0
58250,mscoco,0.047128807939589026,0.1454662032454169,0.06307015772908926,0.21485113047311383,0.0,0.0212765957446808,0.1,1.0
110348,mscoco,0.13003263864666223,0.2923978473346463,0.1775137774646282,0.4064385355418945,0.8,1.0,0.9,1.0
502179,mscoco,0.16463756635785104,0.24153083583790935,0.23075902462005615,0.49506316300921893,0.0,0.0476190476190476,0.0,0.0833333333333333
357948,mscoco,0.03096414767205715,0.11950539363496385,0.0415888724848628,0.14466355557616326,0.1,1.0,0.1,0.5
293081,mscoco,0.2542358011007309,0.3815501153407319,0.3676735177636147,0.6478356897106015,0.3,0.5,0.6,0.5
531883,mscoco,0.09698255825787783,0.28608848506778467,0.09207711406052113,0.27003052170398006,0.2,1.0,0.2,1.0
241911,mscoco,0.05613276585936546,0.16135045867338707,0.07547021340578794,0.2257371433665589,0.1,0.1428571428571428,0.1,0.125
253480,mscoco,0.1509331189095974,0.28193344133795356,0.1898900479078293,0.5660339670770833,0.0,0.0588235294117647,0.3,0.5
7,drawbench,0.31863723397254945,0.6814316204228821,0.2308991491794586,0.410682507079174,0.0,5.006257822277847e-05,0.0,0.0001886080724254
418853,mscoco,0.11664614900946617,0.2821709829886515,0.1342466302216053,0.27335037967069675,0.1,0.3333333333333333,0.1,1.0
476341,mscoco,0.10820278525352478,0.2167309014750088,0.16204986870288848,0.31735510081185747,0.0,0.0181818181818181,0.0,0.0013351134846461
92554,mscoco,0.051003299094736575,0.11309812399232365,0.04655515551567078,0.1835452767629656,0.1,0.5,0.3,1.0
186145,mscoco,0.21907132267951965,0.48352680652089136,0.20946969389915465,0.4358584630239673,0.2,0.1666666666666666,0.5,0.3333333333333333
323424,mscoco,0.05636400952935219,0.17294945714009266,0.08337508775293827,0.1998289066759788,0.0,0.0357142857142857,0.2,0.1428571428571428
92670,mscoco,0.10470155328512191,0.24685352835632574,0.10021397136151791,0.27539285163589494,0.2,0.5,0.2,0.5
436333,mscoco,0.08571541421115399,0.17174063714908402,0.07663205303251744,0.23878634979724533,0.0,0.0285714285714285,0.1,0.5
25748,mscoco,0.0898092133924365,0.19222956364027913,0.07749370038509369,0.18615925234286543,0.0,0.0666666666666666,0.1,1.0
437156,mscoco,0.13346487544476987,0.351635493061645,0.1896214060485363,0.4270483607534976,0.5,1.0,1.0,1.0
40361,mscoco,0.1950073776766658,0.42423368046140425,0.26589969396591184,0.4048058923449334,0.1,0.125,0.4,0.3333333333333333
190,drawbench,0.06472954526543617,0.16885895378248839,0.11175483092665672,0.26659936774407855,0.0,0.0,0.0,0.0
477988,mscoco,0.0718652717769146,0.18412937752712785,0.06871433891355991,0.18997274466962744,0.2,1.0,0.2,1.0
108238,mscoco,0.11640167012810707,0.2797040495078553,0.1481784164905548,0.4355198686683652,0.0,0.03125,0.1,1.0
397575,mscoco,0.10972430035471917,0.2871620622288044,0.1083669550716877,0.26067646667096384,0.0,0.0192307692307692,0.1,1.0
442667,mscoco,0.13051669150590897,0.28982504246611834,0.16818101778626443,0.33738756265377357,0.0,0.0212765957446808,0.4,0.5
362839,mscoco,0.036018433142453433,0.11590045744845838,0.043566348403692244,0.13409486364974155,0.1,1.0,0.1,1.0
375004,mscoco,0.1324958961457014,0.3115702850868875,0.1806276999413967,0.38655512235890926,0.1,0.5,0.1,1.0
409949,mscoco,0.42370073348283765,0.7476897871800295,0.41013864427804947,0.5677115089826749,0.4,1.0,0.6,1.0
549532,mscoco,0.23857855275273324,0.408034461811418,0.23289373517036438,0.3952715601392478,0.5,0.3333333333333333,0.2,0.1111111111111111
434511,mscoco,0.12724247835576535,0.37778901603383114,0.185446660220623,0.4009030900978977,0.1,1.0,0.1,1.0
33481,mscoco,0.0733081491664052,0.15798315928746925,0.09200042635202407,0.191372132461976,0.3,1.0,0.2,1.0
306232,mscoco,0.10445749685168267,0.27545896387542534,0.1162961594760418,0.319541018657645,0.0,0.0222222222222222,0.0,0.0769230769230769
154119,mscoco,0.10581509470939636,0.2353047069948615,0.1335475981235504,0.32921904365311105,0.4,0.3333333333333333,0.6,1.0
525467,mscoco,0.171440689265728,0.4276947733513544,0.28197173923254015,0.39208518413490256,0.3,1.0,0.3,1.0
494360,mscoco,0.18428300470113754,0.4336434923826135,0.1573498137295246,0.44492261123334115,0.1,0.5,0.1,0.125
223574,mscoco,0.044513266161084176,0.11236258657925483,0.047101319581270215,0.1301654560960039,0.1,0.5,0.1,1.0
347113,mscoco,0.09708991907536983,0.23883189648850614,0.09797796234488487,0.24594542070991884,0.0,0.0014903129657228,0.0,0.0833333333333333
25697,mscoco,0.26945536136627196,0.3955784539277039,0.2621066778898239,0.41794244981899703,0.8,1.0,0.7,1.0
198978,mscoco,0.05579879861325025,0.18154689762804566,0.12175382301211357,0.30462216518681307,0.0,0.0666666666666666,0.3,0.25
172776,mscoco,0.17170805037021636,0.32807970313539925,0.3188066750764847,0.4594820590924417,0.2,0.25,0.7,0.25
59515,mscoco,0.04437670921906829,0.12493689294156986,0.0970902357250452,0.29033371862575885,0.0,0.0055555555555555,0.0,0.0017391304347826
35715,mscoco,0.07656888961791992,0.20778055344056495,0.07769934348762035,0.22646075019649345,0.0,0.05,0.1,1.0
386777,mscoco,0.12054414954036474,0.32436529962031074,0.09259303212165833,0.28268527535336524,0.2,1.0,0.1,0.1428571428571428
527342,mscoco,0.0805416762828827,0.20376477247839875,0.0827836386859417,0.20111688825527382,0.1,0.3333333333333333,0.1,1.0
408838,mscoco,0.266431400924921,0.5479073063533211,0.3490671508014202,0.6037936701025675,0.1,0.1666666666666666,0.0,0.02
53744,mscoco,0.035941059701144695,0.11870874851541233,0.060002103447914124,0.17482736196897444,0.1,1.0,0.8,1.0
218960,mscoco,0.191420529037714,0.38318122368944046,0.22862501442432404,0.4014176801171042,0.2,1.0,0.3,1.0
404367,mscoco,0.17121506184339524,0.38203053742286214,0.30707808434963224,0.5132065425994647,0.4,0.3333333333333333,0.5,1.0
500071,mscoco,0.036372956912964584,0.11522852566024647,0.03973858393728733,0.10754500932448882,0.0,0.009090909090909,0.1,1.0
74331,mscoco,0.26025330647826195,0.42942101303614305,0.2881069973111153,0.4825022934847128,0.2,1.0,0.1,1.0
47652,mscoco,0.17399926409125327,0.3439989450317995,0.22355962842702864,0.4154429609839634,0.0,0.0714285714285714,0.6,1.0
299154,mscoco,0.051093249954283236,0.1579839031624393,0.05889737233519554,0.1427568439412397,0.1,0.1666666666666666,0.2,0.5
499004,mscoco,0.17132661417126654,0.3469699533354305,0.15336587391793727,0.3276301910776153,0.1,0.2,0.3,0.25
13471,mscoco,0.14560721591114997,0.3539575481946388,0.13597311899065972,0.3129018125464217,0.3,1.0,0.6,1.0
280810,mscoco,0.08136447742581368,0.18569205184985213,0.14792857691645622,0.313201259381929,0.2,0.5,0.1,0.3333333333333333
322008,mscoco,0.06325407586991787,0.1796662256535088,0.13305004313588142,0.30053735655289154,0.1,0.1428571428571428,0.0,0.0909090909090909
108871,mscoco,0.09520363174378872,0.20851233966753485,0.1101553626358509,0.2621497506744652,0.1,0.5,0.1,1.0
509626,mscoco,0.07164410576224327,0.20996525617776796,0.08921917788684368,0.2714240797970064,0.1,0.2,0.0,0.0014492753623188
105853,mscoco,0.20006733313202857,0.38790590524503316,0.16413765102624894,0.359678755915058,0.0,0.024390243902439,0.3,1.0
478320,mscoco,0.12123852856457233,0.36928612935378174,0.14046553932130337,0.34209375520157465,0.5,1.0,0.2,1.0
517632,mscoco,0.13971371799707413,0.2996347631795639,0.13267590031027793,0.2952156755718143,0.2,1.0,0.2,1.0
194105,mscoco,0.10761628895998002,0.25767361512112946,0.12740136310458183,0.37069945226833123,0.0,0.032258064516129,0.0,0.0227272727272727
323208,mscoco,0.1156378798186779,0.27589263266795366,0.10595782026648522,0.2872170319477357,0.1,0.25,0.1,0.3333333333333333
116,drawbench,0.21756572052836418,0.3755973181456128,0.21008543595671653,0.5518028476363377,0.0,0.0,0.0,0.0
246746,mscoco,0.13940647877752782,0.25741742871439444,0.33637927323579786,0.4450544330531407,0.0,0.0052356020942408,0.2,0.25
243292,mscoco,0.07521480917930604,0.1750165684936499,0.1055216409265995,0.23309310915963166,0.2,0.5,0.3,0.5
125,drawbench,0.2640874832868576,0.48712810601418693,0.3089489251375198,0.4779348049203353,0.0,0.0,0.0,0.0
392363,mscoco,0.25850487798452376,0.37029830830533267,0.28044353872537614,0.5460948161599835,0.0,0.0714285714285714,0.1,0.2
6107,mscoco,0.11159312017261983,0.250838714693744,0.1974528357386589,0.3836617989248097,0.1,0.1666666666666666,0.3,0.5
279605,mscoco,0.10801511444151402,0.27338065102993553,0.24537993147969245,0.3888110621698867,0.3,0.25,0.3,0.2
518199,mscoco,0.0892304603010416,0.24699834679449,0.10036730654537677,0.23858314902425865,0.0,0.05,0.0,0.0909090909090909
516990,mscoco,0.4051636293530464,0.5916971687655235,0.46521649360656736,0.6596052687931218,0.7,1.0,0.8,1.0
474504,mscoco,0.16419368013739585,0.3224812195655234,0.24418671876192094,0.4862315270489556,0.0,0.0454545454545454,0.1,0.5
323788,mscoco,0.3819661229848862,0.6481210125878181,0.356426066160202,0.40771966435333257,0.6,1.0,0.6,1.0
210136,mscoco,0.16871464774012565,0.33963665865310855,0.16538329049944878,0.34981776466383424,0.3,0.2,0.1,0.3333333333333333
450558,mscoco,0.08143550232052803,0.2323909340444914,0.09169146753847598,0.2321342220563137,0.0,0.0588235294117647,0.2,0.3333333333333333
542178,mscoco,0.07077415902167558,0.162897174773306,0.06728073693811894,0.20893419056250642,0.0,0.0076923076923076,0.0,0.0909090909090909
59525,mscoco,0.15781733095645906,0.2743911234326248,0.1833420291543007,0.4004852611966309,0.0,0.0454545454545454,0.2,0.1666666666666666
50201,mscoco,0.10428363159298897,0.23151204549502655,0.08394550569355488,0.22801753879842807,0.1,1.0,0.1,1.0
311629,mscoco,0.06542367078363895,0.1783438222384574,0.08811373151838779,0.1971888081728016,0.2,1.0,0.2,1.0
151594,mscoco,0.07765960190445184,0.23223066495629907,0.08861644715070724,0.1948564491644375,0.4,0.5,0.6,1.0
305545,mscoco,0.018364991154521705,0.06412550447534929,0.029106474295258523,0.08267135014628174,0.1,1.0,0.1,1.0
162393,mscoco,0.21029320359230042,0.45414300400857965,0.27022607773542406,0.5269809483547818,0.2,1.0,0.2,1.0
297967,mscoco,0.08800879381597042,0.23624388817861314,0.18522072806954384,0.37283628726811924,0.1,0.1428571428571428,0.1,1.0
237833,mscoco,0.02522116480395198,0.07421085636657715,0.016626070067286492,0.05155680270095494,0.0,0.0181818181818181,0.0,0.0049504950495049
234274,mscoco,0.03994430508464575,0.13246678807317494,0.04844081047922373,0.1458813243055727,0.1,0.5,0.1,0.2
111742,mscoco,0.1516761738806963,0.30311332285820997,0.16640077717602253,0.3108607849012188,0.5,1.0,0.4,1.0
109061,mscoco,0.23699652403593063,0.4224060136853443,0.2016320839524269,0.414536294455075,0.1,1.0,0.1,1.0
190035,mscoco,0.08236450664699077,0.22208253496998837,0.07065678723156452,0.20197180319199584,0.2,0.25,0.1,1.0
62995,mscoco,0.05874890591949224,0.18941210380438506,0.07403818294405937,0.27286024065252384,0.1,1.0,0.1,0.3333333333333333
285484,mscoco,0.06611879039555787,0.1639796990084342,0.05285468772053718,0.16498498997819142,0.0,0.0185185185185185,0.0,0.05
36850,mscoco,0.11167220547795295,0.298064773434617,0.15076952427625656,0.2842004869358341,0.2,0.5,0.3,1.0
110324,mscoco,0.15900815166532994,0.29362386920899336,0.18477293998003005,0.2869554182431191,0.1,0.5,0.0,0.0909090909090909
388566,mscoco,0.3369396910071373,0.7682630939701927,0.3251265838742256,0.7244426680289485,0.7,1.0,1.0,1.0
74466,mscoco,0.12405150756239891,0.2461914778507043,0.10937201827764512,0.4136076695792249,0.1,0.1111111111111111,0.1,1.0
358438,mscoco,0.13472267165780066,0.35234270648796523,0.13176470324397088,0.26855193468880817,0.1,0.25,0.1,0.3333333333333333
302137,mscoco,0.18970650285482407,0.35155938859487096,0.24580135941505432,0.46577099450023823,0.2,0.3333333333333333,0.4,0.25
144,drawbench,0.08380340598523617,0.22244810290911643,0.07004871852695942,0.20819637553536793,0.0,0.0,0.0,0.0
404766,mscoco,0.33328733742237093,0.6737737740291124,0.48629005551338195,0.7329760337371354,0.3,0.5,0.3,0.3333333333333333
322937,mscoco,0.2888704687356949,0.4674052602260637,0.397345831990242,0.5404771730359793,0.4,1.0,0.9,1.0
245902,mscoco,0.09897021986544133,0.2181878707765886,0.12339537516236306,0.2745821559036312,0.0,0.0222222222222222,0.0,0.0833333333333333
27528,mscoco,0.05421233493834734,0.118086350519874,0.05647983662784099,0.12758811660116604,0.6,1.0,0.8,1.0
254392,mscoco,0.05529441349208355,0.17041412148224913,0.053370189294219016,0.17374837123931094,0.2,1.0,0.2,1.0
34827,mscoco,0.30535786747932436,0.6098836057158165,0.373880472779274,0.5137893194825994,0.9,1.0,1.0,1.0
291752,mscoco,0.4544875890016556,0.5803643490934212,0.5216791301965713,0.626053321666195,0.9,1.0,1.0,1.0
126895,mscoco,0.09096020497381688,0.20264992887864386,0.13652923777699472,0.3016476087620731,0.0,0.0833333333333333,0.3,1.0
312316,mscoco,0.20176131576299666,0.3498574632935518,0.2797823190689087,0.5682975001149313,0.0,0.0769230769230769,0.4,1.0
439657,mscoco,0.04350858628749847,0.13459255997719327,0.05896121095865965,0.13604532326025215,0.2,1.0,0.2,1.0
438446,mscoco,0.140358891710639,0.38939653354583875,0.16589169427752495,0.42163324964215876,0.5,0.5,0.7,1.0
470932,mscoco,0.07514494843780994,0.19314084351320832,0.08997690565884113,0.2411722912032776,0.2,0.1428571428571428,0.5,0.5
500829,mscoco,0.06312712393701077,0.215509242911751,0.06488113291561604,0.17521876392713595,0.5,1.0,0.7,0.5
53550,mscoco,0.14478354342281818,0.3650352530843066,0.2096363313496113,0.37359175365123,0.1,1.0,0.2,1.0
395340,mscoco,0.14677930139005185,0.34129922927993483,0.11443854458630084,0.23239028202241324,0.1,0.1666666666666666,0.1,0.5
257983,mscoco,0.30930458605289457,0.5054138231136922,0.36691570580005645,0.5999296107196176,0.4,1.0,0.7,0.5
573052,mscoco,0.06463133487850428,0.201098931302725,0.07303953059017658,0.17311435521030108,0.1,0.5,0.2,0.1666666666666666
475457,mscoco,0.06460933238267899,0.18688053776186173,0.10644302517175674,0.27910882114277535,0.0,0.0588235294117647,0.2,0.1428571428571428
75,drawbench,0.2449999824166298,0.37306422581410353,0.22504926100373268,0.35506135162119656,0.0,0.0833333333333333,0.1,1.0
11288,mscoco,0.20892923772335054,0.43236696555226123,0.28734143227338793,0.6016199720111719,0.0,0.0909090909090909,0.3,1.0
276852,mscoco,0.22673412561416625,0.4832376409635391,0.27444894462823866,0.5252774305434614,0.0,0.0303030303030303,0.1,1.0
557780,mscoco,0.1353127218782902,0.32676831005848034,0.13700018897652627,0.304977821842518,0.2,1.0,0.2,1.0
363165,mscoco,0.1246933739632368,0.2877731250237609,0.12969519719481468,0.36802161975149505,0.1,0.2,0.4,1.0
541880,mscoco,0.27124035358428955,0.385418464896241,0.27575730681419375,0.5327415662516234,0.7,0.5,0.7,1.0
313526,mscoco,0.05839946027845144,0.16736962403171984,0.06460515558719634,0.21466710165761632,0.1,0.5,0.2,1.0
214055,mscoco,0.1979869320988655,0.40412275127587466,0.311125685274601,0.4718115608598394,0.0,0.0625,0.1,0.125
458675,mscoco,0.06723751239478588,0.15393720160389068,0.11843888834118843,0.3355452147299703,0.0,0.0294117647058823,0.4,0.3333333333333333
175277,mscoco,0.08655053991824388,0.22843479073824424,0.07793610040098428,0.24010881140514562,0.2,0.3333333333333333,0.5,1.0
295076,mscoco,0.12502918113023043,0.28988299385269145,0.1223623115569353,0.34934050634288283,0.4,1.0,0.5,1.0
63075,mscoco,0.3137124124914408,0.4991154259219424,0.4243253543972969,0.5180648681669441,0.4,1.0,0.8,0.5
533159,mscoco,0.31039446145296096,0.41840306507956615,0.4678368330001831,0.6902838606971762,0.6,0.25,0.8,0.5
292810,mscoco,0.06289092479273677,0.17558800906015223,0.07235486237332225,0.23346062280834057,0.1,0.2,0.1,1.0
333978,mscoco,0.4069311425089836,0.659806714181315,0.5048648089170455,0.5940844808634475,0.6,1.0,0.8,0.5
487264,mscoco,0.14521234706044198,0.3773143249745673,0.18533506542444228,0.39214593736919034,0.1,1.0,0.4,1.0
429074,mscoco,0.11361773461103439,0.24705014539145867,0.17985106408596038,0.3732467703343009,0.2,0.3333333333333333,0.1,0.1
39789,mscoco,0.026476246863603593,0.0877713085446438,0.03439692985266447,0.10850226796896396,0.1,0.5,0.0,0.05
429353,mscoco,0.07896273247897626,0.18286378779120235,0.07989463321864605,0.22301285069234247,0.3,1.0,0.4,1.0
110683,mscoco,0.02757565206848085,0.09752059943914014,0.05170746482908726,0.16098052783497424,0.0,0.04,0.0,0.0175438596491228
4132,mscoco,0.08119003996253013,0.21500644921179077,0.10568181872367859,0.2665096392562381,0.2,0.1666666666666666,0.1,1.0
278134,mscoco,0.1531640373170376,0.3251634027961696,0.1488055981695652,0.3311617876849368,0.1,1.0,0.0,0.0034722222222222
238709,mscoco,0.05722007863223553,0.13845955911918909,0.11991130001842976,0.2402817958929965,0.1,0.1111111111111111,0.6,1.0
485300,mscoco,0.009884271898772567,0.03191464823687616,0.015444586472585797,0.03708809781022012,0.0,0.0769230769230769,0.1,0.25
296620,mscoco,0.03457455839961767,0.12011589928055227,0.03956515751779079,0.11098637503109254,0.0,0.0454545454545454,0.0,0.0142857142857142
193077,mscoco,0.03671282976865768,0.12892950088248584,0.03258826397359371,0.1172217195277027,0.0,0.05,0.2,0.5
103,drawbench,0.03688281299546361,0.09450181893175962,0.018419448658823966,0.08143882908136446,0.0,0.0,0.0,0.0
310749,mscoco,0.13854669630527497,0.31170022458851787,0.1710849992930889,0.3193069886946226,0.2,0.5,0.3,1.0
293864,mscoco,0.2682430656626821,0.5271455339186274,0.3396992042660713,0.4691587750713735,0.3,0.5,0.5,1.0
493806,mscoco,0.19176302328705788,0.4226081998386314,0.20075039938092232,0.49621713019327135,0.2,1.0,0.4,0.5
39535,mscoco,0.1964043214917183,0.35694877471183667,0.24156721979379653,0.4599020611964799,0.0,0.04,0.0,0.0526315789473684
481252,mscoco,0.045495315454900265,0.13064070295632124,0.11347005181014538,0.26647944746707775,0.2,1.0,0.1,0.5
522535,mscoco,0.15421450063586234,0.3599580768167595,0.23708209171891212,0.49333240566731973,0.0,0.0434782608695652,0.0,0.0476190476190476
482765,mscoco,0.19562221989035605,0.36840732997282666,0.21613354086875916,0.4804639720522955,0.1,0.1666666666666666,0.0,0.0769230769230769
81954,mscoco,0.08208164162933826,0.19934956476303742,0.10780304074287414,0.2333324528821585,0.1,0.2,0.1,0.5
333124,mscoco,0.062312538363039495,0.1695365990716309,0.06983744902536274,0.19682383198288597,0.2,1.0,0.2,1.0
529258,mscoco,0.0606838371604681,0.17288241618883407,0.05364948883652687,0.15813961603864093,0.0,0.0142857142857142,0.1,0.25
2567,mscoco,0.11513457745313645,0.2673612755242371,0.19832106530666352,0.35027653096715516,0.1,1.0,0.6,0.5
53803,mscoco,0.12194765619933605,0.3052345982158185,0.09866354390978813,0.22620671568995346,0.1,0.5,0.1,0.1111111111111111
172351,mscoco,0.16974008604884147,0.39206947766736294,0.30403648465871813,0.42624808138605247,0.2,0.5,0.4,0.5
311251,mscoco,0.2682611770927906,0.5220665749257049,0.37823764979839325,0.7308755520844138,0.2,1.0,0.5,1.0
356869,mscoco,0.21369460821151734,0.4007346732770256,0.27153059765696524,0.40467237548687957,0.1,0.2,0.0,0.0068965517241379
203406,mscoco,0.4848965689539909,0.5058740263741099,0.529130543768406,0.8143604717944579,0.9,1.0,0.9,1.0
119870,mscoco,0.14678623974323274,0.272078493747786,0.23663848340511323,0.4279767587860202,0.1,0.1428571428571428,0.2,0.5
442125,mscoco,0.05173973068594932,0.13987820879530757,0.06538984514772891,0.16108490493454394,0.1,0.3333333333333333,0.3,1.0
530619,mscoco,0.13367893695831298,0.34367308871525803,0.12877160385251046,0.2780735319512437,0.6,1.0,0.8,1.0
73196,mscoco,0.08502112422138453,0.21348458612972004,0.09120184443891048,0.22009314871792415,0.1,0.5,0.0,0.0303030303030303
507714,mscoco,0.061941005475819114,0.24137813741284647,0.12421403378248215,0.29910263766482614,0.0,0.0072992700729927,0.0,0.0416666666666666
376144,mscoco,0.016055837646126746,0.050534372232388686,0.015715464251115918,0.0480407618561559,0.3,1.0,0.5,1.0
211063,mscoco,0.1089886624366045,0.3106024945310617,0.1357976958155632,0.34876824778076393,0.1,1.0,0.1,0.3333333333333333
436799,mscoco,0.11044083125889301,0.2406311362670413,0.10982749238610268,0.2617471606365287,0.1,0.3333333333333333,0.2,0.5
204256,mscoco,0.05829878896474838,0.17118174378289008,0.07295657321810722,0.22985852789263472,0.0,0.0714285714285714,0.1,1.0
314048,mscoco,0.08563164211809635,0.1797520881700856,0.11588647924363613,0.27740241312611175,0.2,1.0,0.3,1.0
447009,mscoco,0.08902294207364321,0.22238838892390128,0.08873742558062077,0.23693305357848207,0.1,0.1,0.2,1.0
455079,mscoco,0.27486788630485537,0.4631339100182084,0.28392606526613234,0.49593906257449005,0.2,1.0,0.3,0.5
157617,mscoco,0.2152830369770527,0.45288122050270396,0.30047250241041185,0.5246635695062856,0.2,0.5,0.1,0.25
546877,mscoco,0.29631196334958076,0.4080927643668489,0.35526902601122856,0.6405555635287299,0.1,0.2,0.7,1.0
41392,mscoco,0.087382772564888,0.20302671889458218,0.10220839455723763,0.22703789093643742,0.1,1.0,0.1,1.0
556462,mscoco,0.094860003516078,0.24827960295555382,0.14697026312351227,0.2787239400841255,0.6,0.5,0.4,1.0
80053,mscoco,0.13900771364569664,0.3186447895913103,0.3204964712262154,0.5570632644698795,0.0,0.0714285714285714,0.7,0.5
553304,mscoco,0.15603455230593682,0.33447068047605744,0.1644497148692608,0.4209492376677191,0.1,0.2,0.1,1.0
102,drawbench,0.05839604511857033,0.14407371830169857,0.1139982022345066,0.2084281961949157,0.0,0.0,0.0,0.0
463168,mscoco,0.04533175006508827,0.14049123420610482,0.06953226607292891,0.18567404495157225,0.1,0.5,0.1,0.3333333333333333
398463,mscoco,0.0604245088994503,0.15944229594628218,0.10451820753514766,0.28030963110968055,0.1,0.3333333333333333,0.5,1.0
454916,mscoco,0.12760380208492278,0.26158969041284463,0.1656456246972084,0.3085032524722647,0.0,0.0625,0.1,0.125
317022,mscoco,0.10870239287614822,0.22786186550899412,0.12318287938833236,0.26732051816611285,0.0,0.0476190476190476,0.1,0.1111111111111111
61943,mscoco,0.34515501856803893,0.6256403505974736,0.3454135090112686,0.44426509667202857,0.0,0.0099009900990099,0.0,0.0833333333333333
543521,mscoco,0.15060971304774284,0.3066616884481964,0.11893122792243957,0.27880639416168856,0.1,1.0,0.1,1.0
509490,mscoco,0.1036619283258915,0.23956223621420591,0.1054387405514717,0.24266738671688506,0.0,0.0208333333333333,0.1,1.0
413970,mscoco,0.029688252508640288,0.0969856024412186,0.031790900975465775,0.10711515773731295,0.0,0.0263157894736842,0.0,0.0833333333333333
67331,mscoco,0.06209054179489613,0.20099239476974778,0.11605799868702889,0.3060867418406577,0.1,0.3333333333333333,0.1,1.0
230669,mscoco,0.156192197278142,0.3969659930029306,0.214834139123559,0.5266650764509183,0.3,0.25,0.1,0.1428571428571428
487266,mscoco,0.22111687660217286,0.37410349962556905,0.20079943537712097,0.3369948406248544,0.5,1.0,0.8,1.0
525024,mscoco,0.16395942866802216,0.3838523385815076,0.17208173051476477,0.32405223433434527,0.2,0.3333333333333333,0.6,1.0
14257,mscoco,0.09621301293373108,0.23214816443526787,0.12442384921014309,0.27760437024821005,0.1,1.0,0.1,0.1
478240,mscoco,0.09556829296052456,0.20931277688409772,0.13108176961541176,0.3243281841187996,0.2,0.3333333333333333,0.0,0.0344827586206896
7211,mscoco,0.014548106119036674,0.04668229670676894,0.016819400899112224,0.04879368043975499,0.3,1.0,0.2,0.3333333333333333
23250,mscoco,0.18387789130210877,0.27009985073289083,0.2630463145673275,0.5075742099729272,0.1,0.1,0.5,1.0
3590,mscoco,0.3871113359928131,0.6061510936619029,0.44969545751810075,0.5878614697285803,0.7,1.0,1.0,1.0
580511,mscoco,0.17653855308890343,0.3367083056291352,0.16502801403403283,0.3960413505280415,0.2,1.0,0.7,1.0
40658,mscoco,0.09064215943217277,0.21331991311456835,0.1303853239864111,0.2798936682647346,0.1,1.0,0.1,1.0
322350,mscoco,0.0975126575678587,0.219233646760087,0.15424071215093135,0.31430542884419055,0.2,1.0,0.1,1.0
125635,mscoco,0.23948990181088448,0.3969339830472599,0.2658167272806168,0.5508065016523067,0.5,0.25,0.6,1.0
283631,mscoco,0.17716759741306304,0.3606601692402798,0.20676424354314804,0.4321569267236442,0.1,0.5,0.3,0.5
528729,mscoco,0.027612612769007682,0.08830548788295219,0.04323033280670643,0.11342171364831043,0.1,1.0,0.1,1.0
167021,mscoco,0.1735075980424881,0.3855816062864199,0.1971700444817543,0.4146117445282923,0.2,0.2,0.5,0.2
140100,mscoco,0.13201470524072648,0.22960268530683958,0.23109184131026267,0.3688158765259861,0.1,0.25,0.2,0.5
252213,mscoco,0.11227419599890709,0.29008167528840956,0.09429463036358357,0.2317090735326655,0.1,0.25,0.1,0.2
501364,mscoco,0.17274827398359777,0.3804287430796824,0.2810861632227898,0.49474963327444704,0.5,1.0,0.8,1.0
580390,mscoco,0.042698203772306445,0.15081940532597884,0.045560717955231665,0.15000154673974353,0.1,1.0,0.1,1.0
463859,mscoco,0.05678938161581755,0.1773137807529146,0.043968967907130715,0.15821993155105898,0.1,1.0,0.1,1.0
391657,mscoco,0.21693721562623977,0.46354038889700416,0.22918112128973006,0.47136832075572294,0.1,0.1111111111111111,0.6,0.3333333333333333
391415,mscoco,0.04155774563550949,0.12655022026027998,0.05223447363823652,0.13816297585986306,0.0,0.0123456790123456,0.1,1.0
333099,mscoco,0.04081292990595102,0.1418000951870233,0.05553648341447115,0.14750776605788837,0.1,0.5,0.1,0.2
405574,mscoco,0.0261595506221056,0.09146930075722137,0.04183386927470565,0.1260916173923875,0.0,0.0140845070422535,0.1,1.0
575823,mscoco,0.07709264941513538,0.2013481433060586,0.08681628070771694,0.2351739778753176,0.0,0.0023923444976076,0.0,0.0222222222222222
57088,mscoco,0.17274316027760506,0.4609796582045919,0.2628233879804611,0.5568744152210223,0.1,0.1428571428571428,0.2,0.3333333333333333
226957,mscoco,0.07241007182747125,0.1549257353536803,0.05300253462046385,0.14662080655761023,0.1,1.0,0.1,0.25
184329,mscoco,0.12573807165026665,0.23983524316267502,0.12410683333873748,0.27459038563029264,0.0,0.0104166666666666,0.0,0.0043103448275862
550324,mscoco,0.33813451081514356,0.42293449861508875,0.4521621555089951,0.7027909503628951,0.6,0.25,1.0,1.0
575174,mscoco,0.2142440378665924,0.3819418423771831,0.1971377208828926,0.3808580791246944,0.1,1.0,0.3,0.25
24380,mscoco,0.23443360775709152,0.4781513674769989,0.17920577004551888,0.37131844395257313,0.4,0.3333333333333333,0.2,0.3333333333333333
506394,mscoco,0.12523993700742722,0.28772280379555504,0.1304086484014988,0.2763718993151069,0.5,0.5,0.9,1.0
195463,mscoco,0.13591816350817681,0.24582249631422276,0.12185398414731026,0.2687004042657163,0.2,1.0,0.3,1.0
308892,mscoco,0.14293790571391582,0.3543573507347672,0.18734493851661682,0.38312284826847276,0.0,0.0588235294117647,0.1,0.5
361913,mscoco,0.08569598011672497,0.19622183982630628,0.13324110135436057,0.23702533579349333,0.1,0.1111111111111111,0.1,0.3333333333333333
293532,mscoco,0.12818674966692925,0.2670382390426605,0.13733282089233398,0.32495486014365627,0.4,0.3333333333333333,0.6,1.0
338118,mscoco,0.1013796042650938,0.2728461373474564,0.10682759881019592,0.32254959193209604,0.1,1.0,0.1,1.0
521250,mscoco,0.12631721906363963,0.28509454509420584,0.15986469238996506,0.43468220468175417,0.2,0.5,0.2,0.25
85353,mscoco,0.02963667269796133,0.09082637437897532,0.028304986841976642,0.09732046528825407,0.2,1.0,0.0,0.0666666666666666
35951,mscoco,0.03197755916044116,0.09483557484252801,0.02616963963955641,0.09114765236063208,0.0,0.009090909090909,0.1,0.1666666666666666
16764,mscoco,0.12451963275671005,0.29674556419551273,0.15956777930259705,0.3595662483057866,0.0,0.0434782608695652,0.2,1.0
397427,mscoco,0.0862087782472372,0.23124416826622196,0.11166185662150382,0.2777688919078936,0.1,1.0,0.1,0.5
515561,mscoco,0.07425953075289726,0.19261586131772857,0.10055978279560804,0.25841054520096635,0.0,0.037037037037037,0.1,1.0
366829,mscoco,0.04960310058668256,0.14350256662872415,0.06799942832440138,0.20271509611658642,0.0,0.0131578947368421,0.1,0.5
432410,mscoco,0.23488619104027747,0.4064349865468048,0.3240543395280838,0.4602479745910567,0.0,0.0666666666666666,0.2,0.1428571428571428
61972,mscoco,0.03644784428179264,0.13221713856729117,0.05667430181056261,0.16074376595228826,0.1,1.0,0.1,1.0
499054,mscoco,0.0752581361681223,0.221299237082831,0.05441995076835156,0.17102083446847735,0.1,0.1,0.4,1.0
569021,mscoco,0.0395107414573431,0.107935439039326,0.039883970841765405,0.14175997598739226,0.1,0.5,0.0,0.0909090909090909
9029,mscoco,0.1162866547703743,0.2693345815761337,0.13356467373669148,0.2892268052418191,0.3,1.0,0.4,1.0
18373,mscoco,0.24346178770065308,0.43891637667383376,0.38451690375804903,0.6338001341634771,0.7,1.0,0.9,1.0
336001,mscoco,0.11368307992815971,0.23110505726106326,0.108268753439188,0.23308150325335905,0.2,0.25,0.4,0.3333333333333333
461475,mscoco,0.0666191790252924,0.1994454104378526,0.07595342416316271,0.16994897284033433,0.0,0.0285714285714285,0.2,0.5
388841,mscoco,0.13531225472688674,0.354179548825792,0.14877156168222427,0.3451667219509557,0.5,0.3333333333333333,0.4,1.0
284940,mscoco,0.11679730489850045,0.23659920329230844,0.1561316080391407,0.2899472675157915,0.1,0.5,0.4,0.5
394759,mscoco,0.14210279062390327,0.30082750655101836,0.1335407316684723,0.40469238705861477,0.5,0.5,0.3,1.0
358411,mscoco,0.03304189927875996,0.11509135005214978,0.0687363974750042,0.16307916177068343,0.2,0.5,0.5,1.0
284421,mscoco,0.2146895244717598,0.43012084598490685,0.22013959139585496,0.4985820361770469,0.6,1.0,0.2,0.3333333333333333
237716,mscoco,0.06779255103319884,0.22887120265454325,0.07141868714243174,0.19359865715477065,0.2,0.5,0.2,1.0
167520,mscoco,0.048985731415450574,0.13684287677526077,0.01661034133285284,0.07309765754105722,0.1,0.2,0.1,0.5
568611,mscoco,0.16611918732523917,0.2930218546134929,0.20464551448822021,0.40549703972318735,0.4,0.25,0.5,0.5
159356,mscoco,0.34120226204395293,0.625294502358054,0.22259359657764435,0.46192038540989255,0.1,0.5,0.1,0.2
301261,mscoco,0.10560616478323936,0.26368469838576664,0.24855101779103278,0.32078697235789216,0.0,0.0625,0.0,0.037037037037037
113787,mscoco,0.05915766134858132,0.19843391651601883,0.08780660592019558,0.2338060042699814,0.1,0.125,0.1,0.1428571428571428
375809,mscoco,0.12408302798867225,0.2776869534758647,0.10981462746858597,0.23185284035731507,0.3,0.3333333333333333,0.4,0.3333333333333333
64460,mscoco,0.23067127019166947,0.4539985377330684,0.22610571682453157,0.4881638444607692,0.5,0.5,0.5,1.0
470799,mscoco,0.11628575548529625,0.2469960803413388,0.141772048920393,0.25168773523075777,0.4,1.0,0.5,1.0
382046,mscoco,0.13780678287148476,0.2704037312186439,0.21952809989452363,0.3942511149301279,0.0,0.0625,0.5,1.0
170974,mscoco,0.16150827780365945,0.3394336659762131,0.2560951322317123,0.42510920739054053,0.0,0.0303030303030303,0.3,0.25
562160,mscoco,0.10587346255779266,0.2621948481990483,0.11581054069101811,0.28267295539277765,0.1,1.0,0.1,0.25
562248,mscoco,0.11079351678490638,0.36020503877634213,0.1334367997944355,0.26575187802851535,0.2,1.0,0.3,1.0
96638,mscoco,0.18032461777329445,0.3409531407443067,0.3753174915909767,0.574761019323246,0.2,0.25,0.6,1.0
164234,mscoco,0.2402963273227215,0.3493943214366856,0.1715379238128662,0.3154964916187828,0.7,1.0,0.6,1.0
278962,mscoco,0.10430498756468295,0.2857561546611509,0.10631603300571442,0.30608506280063824,0.2,0.3333333333333333,0.4,1.0
553248,mscoco,0.0883170586079359,0.2319637696134776,0.10206555351614952,0.2779806364524791,0.2,0.5,0.1,0.5
523371,mscoco,0.13704423531889914,0.2949341956892148,0.15548845529556274,0.40968715028778896,0.1,0.2,0.2,1.0
141283,mscoco,0.05464791879057884,0.17777093646182549,0.06537701785564423,0.1868465946109445,0.0,0.0051020408163265,0.0,0.0033003300330033
320292,mscoco,0.3143934652209282,0.5725554884575943,0.30275444537401197,0.5640011975023203,0.5,1.0,0.7,1.0
269588,mscoco,0.11056385822594166,0.2412649631233155,0.15886161364614965,0.270058219713436,0.1,0.2,0.5,1.0
113594,mscoco,0.05475020259618759,0.18409161206109534,0.07332810088992119,0.19923190595040371,0.0,0.0011627906976744,0.0,0.0038022813688212
349622,mscoco,0.12594467364251613,0.2482856965808018,0.1630246438086033,0.36924778860681134,0.1,0.1,0.3,0.3333333333333333
215226,mscoco,0.08612963594496251,0.18238480172211913,0.08030678555369378,0.19264913737536962,0.1,0.5,0.1,0.5
78371,mscoco,0.04736272841691971,0.1509752768576384,0.07132164426147938,0.19914013287142943,0.0,0.024390243902439,0.0,0.0163934426229508
451972,mscoco,0.09370156303048134,0.29406930153948174,0.11755017749965191,0.24867907293407823,0.1,1.0,0.1,0.5
163,drawbench,0.05271634925156832,0.2104179355760507,0.0663172297179699,0.1759633144983014,0.0,0.0,0.0,0.0
150360,mscoco,0.051193774491548535,0.14829761474671047,0.07727543711662292,0.1946310293176156,0.0,0.0178571428571428,0.2,1.0
138567,mscoco,0.10613923706114292,0.2820146784203438,0.11085948012769223,0.22629254735694923,0.0,0.0149253731343283,0.1,1.0
383220,mscoco,0.15110389068722724,0.2964757960659366,0.1202802985906601,0.2900112999007663,0.1,1.0,0.1,1.0
557272,mscoco,0.05977288503199816,0.15886532635773556,0.04383106231689453,0.14095804015015512,0.1,0.25,0.1,0.5
17073,mscoco,0.029242963530123234,0.1139481877028962,0.03370574186556041,0.10293500739048066,0.1,1.0,0.1,1.0
441083,mscoco,0.19122692346572875,0.3192670342947921,0.17963881120085717,0.2960010064971749,0.9,0.5,0.8,0.5
109750,mscoco,0.07375905588269234,0.18910180986450364,0.1361118420958519,0.30505891870052254,0.1,0.5,0.1,1.0
20279,mscoco,0.12215011715888976,0.260872184620128,0.09629668332636357,0.19513756628575107,0.2,1.0,0.2,0.5
324845,mscoco,0.0980280328541994,0.23578795648369305,0.14760259240865709,0.3011649379297168,0.1,0.2,0.3,1.0
303520,mscoco,0.10529836118221284,0.19183119133445095,0.0925709594041109,0.22812734672158,0.1,1.0,0.1,1.0
363136,mscoco,0.15728076472878455,0.3201982727220704,0.203146730363369,0.34607235193209374,0.1,0.125,0.1,1.0
161622,mscoco,0.05080250725150108,0.16111902582948703,0.055265795812010764,0.15287210445490093,0.1,1.0,0.2,0.5
315242,mscoco,0.17186955213546753,0.4711273493419201,0.19630144760012627,0.41495408299374226,0.0,0.0222222222222222,0.1,1.0
418723,mscoco,0.040895776078104976,0.1539491920114463,0.06725043840706349,0.1632534373745633,0.1,1.0,0.1,0.1666666666666666
65440,mscoco,0.15582228675484658,0.3346303816954353,0.18272015266120434,0.37819418191039667,0.1,0.1111111111111111,0.0,0.0016
111907,mscoco,0.09086862988770009,0.22261924255727986,0.14206087812781334,0.35785989526628065,0.2,0.3333333333333333,0.4,1.0
465140,mscoco,0.06617800928652287,0.16474083305825862,0.07374456357210875,0.1856676900320732,0.1,0.5,0.1,0.5
21083,mscoco,0.1405518174171448,0.23242683535844885,0.21225910633802414,0.4093588705189374,0.1,0.1,0.1,0.2
200202,mscoco,0.08199079185724259,0.2553524086988721,0.09199381209909915,0.28012665279672455,0.3,0.3333333333333333,0.7,1.0
215320,mscoco,0.033006977289915085,0.11306356361610059,0.04712855331599712,0.15800682515862294,0.0,0.0666666666666666,0.2,0.25
28978,mscoco,0.19326045960187913,0.3078413654604401,0.13890362083911895,0.3147582866464927,0.0,0.0769230769230769,0.4,1.0
281427,mscoco,0.0766721524298191,0.21898569742792354,0.13286142721772193,0.27657328427657385,0.0,0.0161290322580645,0.2,1.0
357663,mscoco,0.1140961553901434,0.30245174623988835,0.0993229366838932,0.284699367897713,0.1,1.0,0.1,1.0
186171,mscoco,0.18175505548715593,0.3386937814475513,0.17813668698072432,0.5910744905363521,0.0,0.05,0.1,0.3333333333333333
386788,mscoco,0.12202023416757583,0.25416411681841844,0.1008488204330206,0.2527235244711971,0.1,0.5,0.0,0.0909090909090909
492363,mscoco,0.06823049429804087,0.165970834684318,0.09774259310215712,0.23891416182065162,0.1,1.0,0.1,1.0
486547,mscoco,0.37158887684345243,0.5485514669330076,0.37734487652778625,0.5555135403765085,0.1,1.0,0.1,0.5
516570,mscoco,0.042525846511125565,0.12863442994242932,0.060486781597137454,0.17755947063643096,0.1,0.2,0.1,0.1
152662,mscoco,0.08616815730929375,0.2074332336928992,0.11287841573357582,0.2447522827882588,0.0,0.0277777777777777,0.0,0.037037037037037
415280,mscoco,0.06032029911875725,0.17426876712171582,0.07588356360793114,0.19697852743724642,0.1,1.0,0.1,1.0
397404,mscoco,0.1060707725584507,0.24234642746202747,0.18670381382107734,0.3761492134880251,0.0,0.0095238095238095,0.0,0.0526315789473684
488801,mscoco,0.31751915663480756,0.6149054505818601,0.350863616168499,0.6110469329594085,0.7,1.0,0.8,1.0
544956,mscoco,0.017202724190428852,0.06497928056359317,0.019471680955030025,0.07193979337097735,0.1,1.0,0.1,1.0
576859,mscoco,0.10254497304558755,0.2490760110111527,0.14456823095679283,0.39329393821887443,0.1,0.2,0.0,0.0106382978723404
280370,mscoco,0.09235172793269157,0.21845890754181968,0.08870734013617039,0.20642327119159773,0.1,0.1666666666666666,0.1,0.1
310853,mscoco,0.10732808485627174,0.20593558529246295,0.1533128410577774,0.27206244362801546,0.1,0.2,0.2,0.5
363527,mscoco,0.1476517103612423,0.23786695963747367,0.17200103290379049,0.2780952518996091,0.1,0.5,0.2,1.0
47548,mscoco,0.09123141132295132,0.24330006761729214,0.10238703787326812,0.25260393959899796,0.2,1.0,0.2,0.5
542313,mscoco,0.24545579850673677,0.47611051632070117,0.2991091929376125,0.4297222717990343,0.2,0.3333333333333333,0.2,0.5
183386,mscoco,0.19466083645820617,0.3087591393355578,0.1895316943526268,0.35813778046440853,0.5,0.25,0.3,0.2
131101,mscoco,0.04036168772727251,0.12348950011761321,0.05714276917278767,0.18963375159018236,0.1,0.3333333333333333,0.4,1.0
130981,mscoco,0.146291770786047,0.31952498077735425,0.22324912622570992,0.4773183476429305,0.1,0.1111111111111111,0.8,1.0
443547,mscoco,0.06666026525199413,0.16523133896147627,0.04950967449694872,0.1528910430496967,0.1,0.25,0.1,1.0
103978,mscoco,0.22199240066111087,0.4388741699237637,0.3103165999054909,0.5225186418179882,0.2,0.5,0.3,1.0
7669,mscoco,0.20010879933834075,0.4293929172209415,0.20733433812856675,0.40922352405386075,0.4,1.0,0.7,1.0
111245,mscoco,0.02972253616899252,0.08724869533345969,0.03814566321671009,0.10568265207231925,0.1,1.0,0.1,1.0
326948,mscoco,0.38987544924020767,0.6602787534543907,0.25509717464447024,0.5524842640192682,0.5,1.0,0.7,1.0
486807,mscoco,0.019800459453836083,0.07578440937601001,0.02768375244922936,0.0999007742079298,0.1,1.0,0.1,0.5
303652,mscoco,0.04558289786800742,0.13386218390090965,0.08066991195082665,0.23835165946586997,0.0,0.0044843049327354,0.1,1.0
173547,mscoco,0.11609699577093124,0.21679002580048223,0.10824601203203202,0.24020158959524973,0.6,1.0,0.6,1.0
325239,mscoco,0.04460702557116747,0.13829892137513966,0.07979282177984715,0.16647676570116607,0.1,0.125,0.0,0.037037037037037
353357,mscoco,0.059013454243540764,0.17205730583467765,0.05180149748921394,0.14620642306379597,0.1,0.1111111111111111,0.0,0.0105263157894736
426429,mscoco,0.08485942333936691,0.20872315725668064,0.058378216624259946,0.152380175317843,0.2,0.3333333333333333,0.2,0.5
261207,mscoco,0.21172038540244104,0.4100295275706074,0.18229836001992225,0.3710387549571489,0.3,0.3333333333333333,0.2,0.1666666666666666
461506,mscoco,0.0617646262049675,0.203874957920859,0.09286213703453541,0.22465228371737733,0.1,0.125,0.0,0.0909090909090909
44856,mscoco,0.11710227206349373,0.2708747662083054,0.11236214563250542,0.34076196447724794,0.2,0.3333333333333333,0.2,0.5
180817,mscoco,0.06754746502265334,0.18963138558071269,0.049845248274505136,0.12421833005953836,0.1,0.5,0.1,0.1428571428571428
390435,mscoco,0.4633547723293304,0.8020676610768219,0.5437464594841004,0.8077474552208539,0.3,1.0,0.5,1.0
49648,mscoco,0.24529605507850646,0.4448382569254987,0.35706549137830734,0.47811338079787385,0.1,0.2,0.1,1.0
172498,mscoco,0.06737275999039412,0.182068854781778,0.11272033974528313,0.2197602358478276,0.1,1.0,0.5,1.0
67126,mscoco,0.154615556076169,0.28254367963902766,0.18927768021821975,0.35636498949631984,0.1,0.5,0.0,0.0769230769230769
478029,mscoco,0.24641058295965196,0.517239427695365,0.23135886266827582,0.34604618612113713,0.1,0.2,0.1,1.0
508567,mscoco,0.09032673686742783,0.2114664336212035,0.1264633782207966,0.3228439216079612,0.2,0.2,0.8,0.5
81,drawbench,0.08586095497012139,0.2674666064541764,0.22333152517676352,0.3327320522622632,0.0,0.0232558139534883,0.0,0.027027027027027
109355,mscoco,0.16633704006671907,0.3651908854641603,0.21102989092469215,0.39762575013990875,0.0,0.0043668122270742,0.0,0.0333333333333333
48935,mscoco,0.18767271041870118,0.3763671778003984,0.1976461574435234,0.35977226335005685,0.2,1.0,0.3,0.25
84886,mscoco,0.07757269702851773,0.22526892825784905,0.08671845570206642,0.23662213534134977,0.0,0.05,0.4,1.0
217271,mscoco,0.23013478219509126,0.4849927169117005,0.2802986279129982,0.6201632749539169,0.1,0.5,0.2,1.0
480140,mscoco,0.00929491058923304,0.03395484517365329,0.01580018545500934,0.05140960692891743,0.0,0.0476190476190476,0.0,0.0357142857142857
327105,mscoco,0.19112177193164825,0.3685545353374548,0.2776989698410034,0.43950101398783714,0.2,1.0,0.5,0.2
55768,mscoco,0.16708955988287927,0.26792829561923115,0.2814187690615654,0.5492036132329295,0.1,0.1,0.7,1.0
129030,mscoco,0.02868229611776769,0.12464770743237508,0.03804130423814058,0.13988746725632376,0.1,1.0,0.1,1.0
565387,mscoco,0.21269312128424644,0.37361965955861515,0.2918544262647629,0.3786926419959233,0.0,0.0666666666666666,0.1,0.5
553501,mscoco,0.02738840002566576,0.08253818825489917,0.03084401898086071,0.08590816934929357,0.1,0.1666666666666666,0.1,1.0
170193,mscoco,0.14059722162783145,0.23668165977154243,0.16371876709163188,0.29266037688429236,0.2,1.0,0.2,1.0
199,drawbench,0.04162877220660448,0.09561772829103256,0.03926481315866113,0.125618729920274,0.0,0.0,0.0,0.0
65162,mscoco,0.17119561657309532,0.2915614722955186,0.14027345702052116,0.35951049941359653,0.1,0.5,0.1,0.3333333333333333
334542,mscoco,0.27615042924880984,0.45828925400582793,0.2255067527294159,0.46958466377232067,0.3,0.2,0.6,1.0
185559,mscoco,0.6191335707902909,0.7177525194555404,0.6876712024211884,0.8801264258395958,0.8,1.0,1.0,1.0
134066,mscoco,0.3203141078352928,0.43989092836633853,0.36739103198051454,0.6592815639264304,0.2,0.3333333333333333,0.2,0.25
19318,mscoco,0.2663665980100632,0.5491708599977707,0.3774830847978592,0.6689404759801157,0.2,1.0,0.2,1.0
122896,mscoco,0.1402988351881504,0.28839156447408476,0.26080364137887957,0.3804871002192053,0.2,0.1666666666666666,0.0,0.0909090909090909
484175,mscoco,0.08354304358363152,0.18614600797470007,0.13510948047041893,0.31650986755825106,0.0,0.0256410256410256,0.1,0.25
550049,mscoco,0.23800088316202164,0.45494835177958876,0.2988053172826767,0.5201053515054838,0.7,1.0,0.6,1.0
558966,mscoco,0.04853245727717877,0.15737884407442365,0.06342658214271069,0.1734940744141013,0.4,1.0,0.6,1.0
303177,mscoco,0.3710488021373749,0.5676498041300883,0.32789300978183744,0.5157304905738864,0.0,0.0344827586206896,0.0,0.001727115716753
300047,mscoco,0.05720839314162731,0.15826251964859034,0.07444620579481125,0.2002949652364153,0.2,1.0,0.1,0.25
281977,mscoco,0.0759168479591608,0.20095461668767955,0.10874830856919289,0.3159462784391139,0.8,1.0,1.0,1.0
100169,mscoco,0.11677463315427303,0.23635660783338908,0.24826354235410691,0.5071388339435249,0.2,0.3333333333333333,0.3,1.0
35217,mscoco,0.031670120730996135,0.10528209221869382,0.0650500401854515,0.1666636503517196,0.1,0.5,0.0,0.0049019607843137
195863,mscoco,0.176390178501606,0.37896540356019653,0.23307112753391265,0.3466818898666398,0.3,0.3333333333333333,0.6,0.5
55753,mscoco,0.023180258413776755,0.06996310535627522,0.022369471238926054,0.06656502679033338,0.0,0.0119047619047619,0.0,0.0277777777777777
189504,mscoco,0.03572182664647698,0.12622170340830838,0.02980679217725992,0.09281230452105553,0.0,0.0175438596491228,0.1,1.0
257236,mscoco,0.054983139596879484,0.13729558307450382,0.044219771027565004,0.1260920111393613,0.0,0.02,0.1,0.2
15830,mscoco,0.060932841151952744,0.19985735915898192,0.09023009613156319,0.2549124296112132,0.1,1.0,0.1,1.0
382423,mscoco,0.19281151741743088,0.38324582908635646,0.17010143101215364,0.40510140440422243,0.1,1.0,0.2,1.0
182,drawbench,0.03419729126617312,0.10478255958836658,0.022230580262839795,0.07153905204933064,0.0,0.0,0.0,0.0
261431,mscoco,0.037173201143741605,0.12363416312190126,0.03530999692156911,0.12509729789814156,0.2,1.0,0.2,1.0
286021,mscoco,0.12811139971017838,0.3293801803134368,0.12562365420162677,0.2755764985264278,0.0,0.0909090909090909,0.0,0.037037037037037
179,drawbench,0.0553072988986969,0.13186432125314157,0.034396627265959975,0.09543580921712382,0.0,0.0,0.0,0.0
20145,mscoco,0.07729651033878326,0.1926884638649466,0.10693784356117249,0.2603031558464048,0.0,0.0909090909090909,0.0,0.0666666666666666
545274,mscoco,0.080402198061347,0.2603570159185207,0.09017511531710624,0.22692092952409912,0.0,0.0526315789473684,0.2,1.0
93,drawbench,0.09042877145111561,0.3054645322352456,0.11909524016082287,0.29866696597291187,0.0,0.0003133813851457,0.0,0.0013586956521739
254726,mscoco,0.11524107344448567,0.2455942770056103,0.12203151360154152,0.23458408822475743,0.3,1.0,0.4,0.3333333333333333
182125,mscoco,0.16325372979044914,0.35199024534719975,0.2699053779244423,0.47836114598615753,0.1,0.1111111111111111,0.2,0.3333333333333333
46055,mscoco,0.05300862826406956,0.16384193284747156,0.04183092163875699,0.11759804448136485,0.0,0.027027027027027,0.1,1.0
336933,mscoco,0.09944548681378365,0.21448466973726998,0.11934968456625938,0.2821903049039655,0.0,0.0013717421124828,0.1,0.1
175597,mscoco,0.13491162471473217,0.2886005921875601,0.2178456723690033,0.37552399911273604,0.1,1.0,0.0,0.0303030303030303
370157,mscoco,0.030653145909309388,0.10186803791539636,0.035319526121020316,0.10627151143471984,0.0,0.0227272727272727,0.1,0.25
361356,mscoco,0.02602627081796527,0.10151629984092869,0.044844765961170194,0.12380067740319918,0.2,1.0,0.3,1.0
452806,mscoco,0.3602071195840836,0.5524725030935388,0.4686625123023987,0.8076396178793745,0.4,0.25,0.6,0.5
136,drawbench,0.09603926930576563,0.24450805651403873,0.0861856110394001,0.22529426115397402,0.0,7.48839299086416e-05,0.0,1.80446786242737e-05
191314,mscoco,0.05188015382736921,0.1499026468993012,0.06069809403270483,0.19525224210744568,0.1,0.5,0.1,1.0
26,drawbench,0.23517790883779527,0.45766257536818655,0.1907634347677231,0.4221502758496236,0.0,0.0,0.0,0.0
24414,mscoco,0.18256030976772308,0.41853263787070455,0.1479809656739235,0.36011523960429,0.2,1.0,0.5,1.0
499634,mscoco,0.03679793588817119,0.10906899061509996,0.042777905985713,0.13146397299975082,0.0,0.037037037037037,0.0,0.0121951219512195
13482,mscoco,0.13573156334459782,0.28265474898877124,0.10768168680369854,0.26354073097491443,0.1,1.0,0.1,1.0
267861,mscoco,0.1311144173145294,0.26442769736332244,0.15759230256080628,0.3780448405429606,0.1,0.1666666666666666,0.1,1.0
498967,mscoco,0.0852866604924202,0.225528806979447,0.1341776244342327,0.2610742481194414,0.3,0.3333333333333333,0.2,1.0
247979,mscoco,0.008276669029146432,0.029862343601624212,0.006728653749451041,0.02718226444654542,0.1,1.0,0.1,1.0
438196,mscoco,0.0893102802336216,0.2446913074520715,0.12452116012573242,0.23264397784469537,0.3,1.0,0.3,1.0
230700,mscoco,0.24680127277970315,0.5009096488012649,0.25600391775369646,0.3774625893362181,0.0,0.0076335877862595,0.0,0.0909090909090909
22660,mscoco,0.07405058778822422,0.23793785248094557,0.06032077074050903,0.1925192660102765,0.3,1.0,0.3,1.0
227982,mscoco,0.05149525329470635,0.17550504127931513,0.04679930340498686,0.13672524613673667,0.1,0.25,0.2,0.5
134807,mscoco,0.01404367471113801,0.05500336135074033,0.017745775124058127,0.05948200948087241,0.1,1.0,0.1,1.0
209788,mscoco,0.06393135786056518,0.15022066043214316,0.1184812482446432,0.3009939447669841,0.0,0.0263157894736842,0.0,0.02
139518,mscoco,0.17547559291124343,0.29197350150374435,0.15761199668049813,0.3586092456895345,0.0,0.0454545454545454,0.1,0.25
232625,mscoco,0.09248937927186489,0.20899717870887588,0.10721004158258438,0.2856682478667977,0.0,0.0303030303030303,0.2,0.25
423875,mscoco,0.02792149791494012,0.07359922072696565,0.04380991496145725,0.11421897147725422,0.1,1.0,0.1,1.0
87878,mscoco,0.16757464930415153,0.32917273055171503,0.14125369116663933,0.31808213924518797,0.0,0.0416666666666666,0.1,0.5
55,drawbench,0.08357275314629078,0.167685415526615,0.03602173905819654,0.12506766062028066,0.0,0.0,0.0,0.0
315273,mscoco,0.132899758964777,0.2542663914031631,0.22675421684980393,0.40522039422244305,0.3,1.0,0.5,0.5
118968,mscoco,0.09834055081009865,0.24732431726713433,0.10747546851634979,0.21084406337048206,0.1,0.5,0.0,0.0714285714285714
426459,mscoco,0.21530706509947778,0.44603706498555196,0.2092882752418518,0.38772949726957434,0.3,0.2,0.1,0.1
310695,mscoco,0.07120023369789123,0.24411173196773195,0.06917401608079672,0.18405847251843258,0.1,1.0,0.3,1.0
266912,mscoco,0.20969027206301688,0.38218208262450276,0.1855942603200674,0.3831049912243353,0.1,0.5,0.1,1.0
70187,mscoco,0.10794988796114921,0.2623765012104127,0.1635552391409874,0.35340836885681537,0.1,0.5,0.1,1.0
75352,mscoco,0.23993465155363083,0.49198328799519103,0.2940793469548225,0.3858668240473517,0.2,0.5,0.5,0.5
485187,mscoco,0.06659203637391328,0.17825920378342283,0.06945133805274964,0.19285454005671318,0.3,0.25,0.3,1.0
446310,mscoco,0.18759845718741416,0.3227396107327632,0.2767920151352882,0.5271226924695728,0.0,0.0416666666666666,0.6,1.0
172702,mscoco,0.03291958998888731,0.09016484718233024,0.04236355619505048,0.1033282983542691,0.1,1.0,0.1,1.0
41838,mscoco,0.2471580758690834,0.5686440575569514,0.3066424667835236,0.5912697823006867,0.8,1.0,1.0,1.0
348083,mscoco,0.03056020513176918,0.09543040660082991,0.04086044151335955,0.137467381113331,0.1,0.1111111111111111,0.1,0.2
465198,mscoco,0.1437421754002571,0.3212739406577556,0.23538925796747207,0.4819506908589781,0.0,0.0454545454545454,0.1,1.0
458123,mscoco,0.19636814594268798,0.4295385387310111,0.2077285699546337,0.3845387162575286,0.1,0.2,0.3,1.0
215558,mscoco,0.1852790392935276,0.4410478909751726,0.19370227232575415,0.4246222964931195,0.0,0.0769230769230769,0.4,1.0
201019,mscoco,0.17431549951434136,0.334244188723641,0.29831972569227216,0.4528165985146238,0.2,0.1428571428571428,0.9,0.5
153921,mscoco,0.15898172818124295,0.34740912017519293,0.21587999016046525,0.4424265818406978,0.1,0.2,0.1,0.1428571428571428
345389,mscoco,0.00849888811353594,0.031446312044938765,0.010303301364183426,0.0394283693322971,0.1,0.1111111111111111,0.1,1.0
359066,mscoco,0.03890890846960247,0.14004980629741365,0.06956462506204844,0.19108876403956387,0.1,1.0,0.2,0.25
22102,mscoco,0.10378641113638878,0.26790996866244043,0.11878154389560222,0.2905419648710111,0.7,1.0,0.9,1.0
194419,mscoco,0.17825960665941237,0.2996590278662951,0.18719150722026826,0.33773730639660143,0.5,0.5,0.5,1.0
391053,mscoco,0.11449428126215935,0.3218409301625751,0.12922986634075642,0.28501606646192484,0.1,0.25,0.0,0.0033783783783783
20171,mscoco,0.17639729231595994,0.4055928506683206,0.17180711403489113,0.32534984435458664,0.3,1.0,0.7,1.0
538001,mscoco,0.18850559704005718,0.34594813212366,0.251698387414217,0.3855704181255767,0.0,0.0095238095238095,0.0,0.0024570024570024
575490,mscoco,0.03884815918281674,0.11687738290762495,0.06945422831922769,0.19932881455726384,0.2,0.5,0.7,0.3333333333333333
75427,mscoco,0.10199559852480888,0.23925345742190118,0.11384081915020942,0.26297547380488123,0.1,1.0,0.1,0.5
510564,mscoco,0.10667662657797336,0.21082034532705077,0.11678886786103249,0.37556995221805123,0.0,0.0454545454545454,0.1,0.5
58117,mscoco,0.1556852139532566,0.27820371427125257,0.10458510667085648,0.29902390818386415,0.1,0.5,0.1,0.1666666666666666
294416,mscoco,0.11342300921678543,0.30241574221585393,0.1700675453990698,0.4564042923007133,0.0,0.0416666666666666,0.3,1.0
525176,mscoco,0.16764345094561578,0.3624338729827136,0.16689210385084152,0.3708843575512751,0.0,0.0133333333333333,0.0,0.0588235294117647
316522,mscoco,0.03493317300453782,0.1365207550991263,0.05426275252830237,0.15373591246377086,0.1,1.0,0.1,0.2
198832,mscoco,0.1069408692419529,0.2464026254861615,0.19494081288576126,0.3856825198159676,0.0,0.0113636363636363,0.0,0.0294117647058823
378022,mscoco,0.05021944660693407,0.16899567681165384,0.057378324866294864,0.14000649916330268,0.1,0.25,0.3,1.0
306037,mscoco,0.11766829043626785,0.27629197068817485,0.11091888081282378,0.33338044664922495,0.0,0.0333333333333333,0.1,1.0
51021,mscoco,0.16995323449373245,0.3680764964116933,0.22587772756814956,0.45031294301647135,0.4,1.0,0.8,1.0
225392,mscoco,0.05659920042380691,0.12319590885246456,0.09746919870376587,0.2762440110755281,0.0,0.0232558139534883,0.3,0.3333333333333333
543490,mscoco,0.07465769164264202,0.18068264191160027,0.09119083471596241,0.1968207690660486,0.2,1.0,0.4,0.5
305117,mscoco,0.03642132338136435,0.11196853964068858,0.05349214803427458,0.1673738780741876,0.0,0.0192307692307692,0.1,1.0
519387,mscoco,0.03537641279399395,0.11785125310436033,0.02598717175424099,0.08545121402270464,0.0,0.00177304964539,0.0,0.0192307692307692
98501,mscoco,0.11242997609078884,0.28337863599268515,0.15733600333333014,0.32647086785160956,0.1,0.1111111111111111,0.0,0.0120481927710843
249791,mscoco,0.1041753713041544,0.3409773127662481,0.12045347169041634,0.28249075661795736,0.1,0.3333333333333333,0.0,0.0147058823529411
327664,mscoco,0.14981938116252422,0.34549477927451205,0.22377001941204072,0.4356212385310631,0.1,0.25,0.2,1.0
22,drawbench,0.015278909914195537,0.059977978464976316,0.022896625474095343,0.08222250136208775,0.0,0.0,0.0,0.0
225654,mscoco,0.10973242819309234,0.2317545994016739,0.10921173244714737,0.3272477315604104,0.0,0.0384615384615384,0.1,1.0
47700,mscoco,0.22194950357079507,0.5350526646744626,0.27821636497974395,0.4507336074918548,0.3,0.5,0.2,0.2
77159,mscoco,0.1170838538557291,0.2818275634694549,0.15905895158648492,0.3614358068925173,0.1,0.1111111111111111,0.3,1.0
501773,mscoco,0.08799917288124562,0.2344365068145059,0.10566521175205708,0.26178274627090425,0.1,1.0,0.1,1.0
355137,mscoco,0.20451992750167847,0.450466244277279,0.22846902012825013,0.43361566925102074,0.1,0.2,0.4,1.0
476055,mscoco,0.10700637474656105,0.25979985734403116,0.1209410410374403,0.309302350092842,0.1,0.1666666666666666,0.2,0.5
446898,mscoco,0.08884355016052722,0.2156094076412541,0.15549261309206486,0.3400746363849418,0.2,1.0,0.5,1.0
336645,mscoco,0.21049641072750092,0.4159184974172051,0.266440786421299,0.47296952624252636,0.2,1.0,0.4,0.3333333333333333
57242,mscoco,0.0874279174953699,0.2813147369051948,0.08549982104450464,0.26996548151663385,0.1,0.5,0.1,1.0
137178,mscoco,0.27617948204278947,0.5271049862309902,0.33413420915603637,0.564704785376203,0.4,0.5,0.4,1.0
113113,mscoco,0.09979154095053673,0.2679426910359929,0.20806900262832642,0.5091362924998172,0.6,1.0,0.5,1.0
403028,mscoco,0.2636849120259285,0.42061283059013016,0.3188800811767578,0.5212408922410914,0.1,0.1111111111111111,0.1,1.0
346795,mscoco,0.03614365262910724,0.09544066502851739,0.03442649347707629,0.10833022059219388,0.1,0.1,0.0,0.0909090909090909
145682,mscoco,0.1744985669851303,0.30253611976908434,0.15167877823114395,0.31009258662201583,0.1,0.1111111111111111,0.0,0.0163934426229508
418791,mscoco,0.0453087255358696,0.14252928157904132,0.05412492081522942,0.15143286000164657,0.0,0.0833333333333333,0.1,1.0
107838,mscoco,0.20853788182139396,0.40515318789948196,0.22734968960285187,0.536299985756718,0.2,1.0,0.5,1.0
149577,mscoco,0.15188647769391536,0.3963501010029535,0.26751491129398347,0.4394457568050312,0.1,1.0,0.1,1.0
10,drawbench,0.13998161777853965,0.3387100837819967,0.14813465923070906,0.3603144905055491,0.0,0.0,0.0,0.0
544614,mscoco,0.516962680220604,0.762710010557909,0.5787580192089081,0.7661087859360689,0.9,1.0,1.0,1.0
419150,mscoco,0.1573409430682659,0.3226118074116464,0.2556134589016438,0.6868972529828963,0.1,0.1666666666666666,0.2,1.0
496783,mscoco,0.07283940333873033,0.18965404393759286,0.10528621170669794,0.22419503932714294,0.2,1.0,0.2,1.0
195062,mscoco,0.23795081228017806,0.42052083571068327,0.21890914291143418,0.4230413538725923,0.1,0.1111111111111111,0.6,1.0
183481,mscoco,0.14856031574308873,0.29317209659724247,0.1571495585143566,0.3057328105667538,0.7,0.5,0.7,1.0
495288,mscoco,0.08381467051804066,0.25850530253673754,0.09759855307638646,0.2258789806045607,0.0,0.0416666666666666,0.1,1.0
162,drawbench,0.08056915774941445,0.20853522581606224,0.12780078165233136,0.3157396310968213,0.0,0.0,0.0,0.0
99321,mscoco,0.08472351729869843,0.22615836471030298,0.09358176440000535,0.23646618472778316,0.6,0.5,1.0,1.0
502637,mscoco,0.0992294929921627,0.22379669943984576,0.10860938727855682,0.2716684981985234,0.4,0.3333333333333333,0.7,1.0
136458,mscoco,0.1004541665315628,0.3205041314870457,0.15320013612508773,0.39434483807239845,0.1,0.5,0.1,0.3333333333333333
113333,mscoco,0.1150071918964386,0.2689732496995639,0.12444654032588005,0.2773871609081664,0.3,0.5,0.1,1.0
473448,mscoco,0.10325986295938491,0.2742897244725555,0.12530001848936081,0.27623574532806994,0.3,1.0,0.0,0.05
450598,mscoco,0.38634494990110396,0.6401244580281462,0.449473175406456,0.7432374479111329,0.4,1.0,0.9,1.0
474157,mscoco,0.1956210009753704,0.35274190477456097,0.3815689727663994,0.5941873433052005,0.1,0.1111111111111111,0.2,1.0
74499,mscoco,0.06588156037032604,0.18923940007299908,0.09127041138708591,0.2509322883054546,0.1,1.0,0.2,1.0
107610,mscoco,0.3666285812854767,0.6006933711198246,0.48827836811542513,0.7622783787183719,0.4,1.0,0.6,0.5
200959,mscoco,0.2515922859311104,0.5298854423373268,0.3154319539666176,0.6207432092365404,0.3,1.0,0.7,1.0
463430,mscoco,0.18026710972189902,0.5811183443613768,0.10964634194970131,0.2705891260441107,0.0,0.0123456790123456,0.0,0.0085470085470085
512509,mscoco,0.07348332367837429,0.18946351218187318,0.11032169163227082,0.23702611625390535,0.2,0.5,0.1,0.5
458921,mscoco,0.03282060595229268,0.09798381902227926,0.0464157298207283,0.13603047755196312,0.0,0.025,0.1,1.0
282667,mscoco,0.07059252131730318,0.2113085115308171,0.11832401342689991,0.24844260989865777,0.1,0.3333333333333333,0.1,0.5
448771,mscoco,0.03850040519610047,0.10561248840719042,0.056452632509171964,0.16664034108139666,0.0,0.0196078431372549,0.0,0.05
293598,mscoco,0.45994718074798585,0.6046219569356769,0.5454521000385284,0.7436450801082795,0.7,1.0,0.8,1.0
541193,mscoco,0.07111700177192688,0.21464527569573816,0.10250572040677071,0.2812778190996187,0.0,0.0666666666666666,0.0,0.0588235294117647
356569,mscoco,0.07975002340972423,0.1995831272154448,0.11796103715896607,0.2611881003142681,0.1,0.125,0.0,0.0714285714285714
334513,mscoco,0.22352916598320008,0.4173889424790719,0.31859522610902785,0.5423214379627193,0.1,0.1111111111111111,0.6,1.0
430167,mscoco,0.09954428449273109,0.27134423457972223,0.10842173062264919,0.2943265540711078,0.0,0.025,0.0,0.032258064516129
513125,mscoco,0.21637818366289138,0.40150448101811576,0.22423204332590102,0.44482278070329284,0.1,0.1428571428571428,0.2,0.3333333333333333
356257,mscoco,0.07149124331772327,0.20363153305025863,0.1234423689544201,0.31345285480253327,0.1,1.0,0.1,0.25
364010,mscoco,0.0860428411513567,0.2160759088607935,0.09020230993628502,0.2148199238346257,0.1,0.25,0.1,1.0
148542,mscoco,0.1154622670263052,0.2908317471820244,0.1353621758520603,0.3699917963127028,0.0,0.0526315789473684,0.0,0.037037037037037
82405,mscoco,0.10513515323400498,0.34026489113066904,0.08484676741063595,0.27945782708409317,0.7,1.0,0.4,1.0
70755,mscoco,0.08241591118276119,0.24012489500298387,0.1047068726271391,0.2359905497028524,0.1,0.1666666666666666,0.1,1.0
118927,mscoco,0.1326529823243618,0.29423895377171183,0.12239424847066402,0.3955102849722062,0.1,1.0,0.1,0.3333333333333333
508915,mscoco,0.038752912729978564,0.13305121237746073,0.08186160996556283,0.21629419000572986,0.2,0.3333333333333333,0.1,0.2
491739,mscoco,0.29411420226097107,0.4352265369676725,0.25073121041059493,0.5551825830568088,0.0,0.0147058823529411,0.1,0.3333333333333333
147546,mscoco,0.1170792642980814,0.2676959507163563,0.2157559148967266,0.33847538544850986,0.5,0.3333333333333333,0.3,0.5
262213,mscoco,0.17178162187337875,0.34166033061631,0.23339097797870637,0.3620945153594478,0.9,0.5,0.7,1.0
415728,mscoco,0.06700552944093943,0.17347983150788204,0.056402359157800674,0.18060079734003442,0.5,1.0,0.5,1.0
506873,mscoco,0.14916790425777435,0.3147342043256101,0.15724219605326653,0.39822215466308947,0.6,1.0,0.7,1.0
538210,mscoco,0.24459416419267654,0.3852633613877451,0.32445306330919266,0.45264349064771336,0.2,0.2,0.6,0.5
581127,mscoco,0.10011173710227013,0.22924807628570745,0.11282950788736343,0.2962530140908597,0.0,0.0185185185185185,0.1,0.5
110013,mscoco,0.1010853759944439,0.24350790868832956,0.07238614037632943,0.18545701790082664,0.3,1.0,0.3,1.0
502286,mscoco,0.1487230196595192,0.37564483697586365,0.14211649373173713,0.3490278297152812,0.0,0.04,0.1,0.5
99425,mscoco,0.23698590099811553,0.40813072488536195,0.37044783383607865,0.554850139842278,0.1,0.125,0.4,1.0
103042,mscoco,0.14809756502509117,0.33767608139486327,0.2199084334075451,0.4184724506032677,0.3,1.0,0.7,0.5
360440,mscoco,0.046609378419816494,0.15100666250131056,0.045249877497553825,0.14073849788362547,0.1,1.0,0.1,1.0
409668,mscoco,0.2160598911345005,0.4308635586447716,0.22184899151325227,0.3936909304936987,0.9,1.0,0.9,1.0
421639,mscoco,0.024761166796088217,0.09419905659886633,0.03541268538683653,0.1057881919522424,0.0,0.0526315789473684,0.1,0.1111111111111111
277717,mscoco,0.038298580422997476,0.11201973027321768,0.03492378816008568,0.10750612431859392,0.1,1.0,0.1,1.0
113851,mscoco,0.09372323490679264,0.23176131128975458,0.06917074397206306,0.20370882460382028,0.6,0.5,0.4,1.0
380100,mscoco,0.290412200987339,0.419911156619305,0.42382867485284803,0.5102572672514671,0.3,1.0,0.7,1.0
68601,mscoco,0.17045206502079963,0.38160494699606357,0.18367076441645622,0.45027882196520497,0.1,0.5,0.2,0.125
82229,mscoco,0.13297335281968117,0.2833299853427358,0.26135834455490115,0.45454266921124054,0.0,0.0909090909090909,0.0,0.0185185185185185
263462,mscoco,0.1095268815755844,0.288524084305416,0.1577148273587227,0.3867293265847196,0.2,0.1666666666666666,0.4,0.5
352495,mscoco,0.06608404107391834,0.16459888281985427,0.0959620539098978,0.2394962515223596,0.5,1.0,0.6,0.5
64339,mscoco,0.11958109438419343,0.25560606777365996,0.11288417242467404,0.2655063823530276,0.1,1.0,0.1,0.3333333333333333
11156,mscoco,0.04518761392682791,0.13431556027880953,0.02296417038887739,0.08504480676311645,0.1,0.5,0.1,1.0
334872,mscoco,0.32579046562314035,0.6092814317489452,0.3195463284850121,0.5736920742304011,0.3,0.3333333333333333,0.4,0.5
477820,mscoco,0.1515915274620056,0.3247129996171369,0.16511254981160164,0.34388727368737027,0.3,0.25,0.2,0.5
283884,mscoco,0.21445208489894868,0.5216920736743441,0.31129100918769836,0.5329504340379135,0.4,0.3333333333333333,0.6,0.5
418868,mscoco,0.039236412616446614,0.12793548806633515,0.07038761638104915,0.17021945133781743,0.1,0.25,0.2,1.0
350309,mscoco,0.20132295787334442,0.44173882170018997,0.2298728622496128,0.34875912707152396,0.2,0.3333333333333333,0.1,0.25
14537,mscoco,0.07446483857929706,0.20808046875798336,0.06247416473925114,0.21082047465794243,0.1,0.5,0.1,1.0
575040,mscoco,0.10125618632882834,0.29638964857020883,0.06372601892799139,0.16468595905625882,0.0,0.006578947368421,0.0,0.0018115942028985
449455,mscoco,0.1395292103290558,0.33621882059391306,0.17308994382619858,0.4072873825025833,0.9,1.0,0.6,1.0
211686,mscoco,0.17388230934739113,0.3231041835194755,0.13893542289733887,0.32359962449946145,0.1,1.0,0.1,1.0
154745,mscoco,0.22365612760186196,0.3317183115279351,0.41360383480787277,0.6675909276956378,0.1,0.25,0.2,0.25
152084,mscoco,0.20927137210965158,0.4951170392890589,0.1878724806010723,0.35800507650335184,0.1,0.1666666666666666,0.1,1.0
536390,mscoco,0.19423433616757393,0.3667184804882573,0.19566027745604514,0.3618970020590499,0.0,0.0666666666666666,0.3,0.3333333333333333
235906,mscoco,0.08610298782587052,0.20401610612891735,0.08431205041706562,0.1894576582433103,0.5,1.0,0.3,1.0
526126,mscoco,0.08561982549726962,0.22444402722846493,0.12057112082839012,0.32549526430086423,0.0,0.037037037037037,0.2,1.0
3711,mscoco,0.10821137018501759,0.24625442815774973,0.12130616419017315,0.231879793248069,0.3,0.1666666666666666,0.2,1.0
275938,mscoco,0.2800185367465019,0.4609625436766826,0.31075463593006136,0.47397414175564684,0.5,1.0,0.9,1.0
180130,mscoco,0.39925689846277235,0.6262843504048916,0.4483207069337368,0.7308661541697008,0.5,1.0,0.7,1.0
401037,mscoco,0.08314416818320751,0.23715320724929825,0.07411850467324257,0.1759578343180602,0.0,0.0178571428571428,0.1,1.0
348816,mscoco,0.12517955377697945,0.3183714897733483,0.12461021207273007,0.3667127854146844,0.3,1.0,0.2,1.0
358300,mscoco,0.23658548891544343,0.6067775641027368,0.17282907739281655,0.4101535099311583,0.1,1.0,0.0,0.0588235294117647
226577,mscoco,0.24673962071537972,0.32738754639682366,0.27437046617269517,0.5631650808692065,0.5,0.5,0.3,0.5
425100,mscoco,0.08765486050397157,0.19331708083466392,0.13043587803840637,0.26639426348834094,0.1,0.1666666666666666,0.1,0.2
11184,mscoco,0.08277996815741062,0.17775080932678683,0.10710884034633636,0.2544760492149148,0.0,0.0434782608695652,0.0,0.03125
391972,mscoco,0.0342947481200099,0.09975910564726075,0.04121609479188919,0.10998721164168183,0.1,0.5,0.0,0.0714285714285714
578072,mscoco,0.11672784835100174,0.27113759890751926,0.09524274207651615,0.2541716230009642,0.2,1.0,0.1,1.0
558798,mscoco,0.10969296246767044,0.2446394862587628,0.07502977196127177,0.2383665404421617,0.1,0.25,0.0,0.0181818181818181
353559,mscoco,0.07752720452845097,0.16203630230034763,0.06846990659832955,0.21838293928806848,0.3,0.2,0.3,0.5
291117,mscoco,0.16762780398130417,0.34468498246368406,0.19335149228572845,0.41575366269911485,0.0,0.0769230769230769,0.6,1.0
372201,mscoco,0.07848274502903223,0.18629253885638056,0.13039228990674018,0.27131742789387897,0.0,0.0303030303030303,0.2,0.1666666666666666
204085,mscoco,0.09420141316950321,0.21888554578971042,0.08732030093669892,0.21452501985942735,0.6,1.0,0.6,1.0
218965,mscoco,0.12002450749278068,0.30128127110156167,0.15432512238621712,0.319080858555217,0.2,1.0,0.2,1.0
343012,mscoco,0.022549111302942036,0.06998351096198167,0.022708391956984996,0.06793195552281155,0.1,1.0,0.1,0.25
271941,mscoco,0.1276474568992853,0.36365364027383473,0.11527780741453171,0.3029873547485128,0.1,0.1666666666666666,0.2,0.5
230141,mscoco,0.12651978842914105,0.26123790133745917,0.14251233488321305,0.3442216107200898,0.1,0.25,0.1,0.2
58232,mscoco,0.29474920630455015,0.5080656026616636,0.3421777307987213,0.36628775919951967,0.0,0.0434782608695652,0.0,0.0303030303030303
175437,mscoco,0.06283705700188875,0.1540440625629632,0.09663893394172192,0.2504625648732701,0.1,0.5,0.0,0.0175438596491228
541010,mscoco,0.35234431326389315,0.4191129345246045,0.4767758071422577,0.6877766477972688,0.1,0.5,0.1,0.1666666666666666
140,drawbench,0.07273432295769452,0.20326256944448529,0.15340332239866256,0.3275929177828433,0.0,0.0,0.0,0.0
170558,mscoco,0.12724266797304154,0.2995731973143584,0.11905369497835636,0.3328785651987539,0.1,0.3333333333333333,0.2,0.3333333333333333
148267,mscoco,0.3464162707328796,0.6816418135216763,0.3580903187394142,0.6708052384982414,0.1,1.0,0.1,1.0
531896,mscoco,0.04537314083427191,0.14281822060423255,0.07754500396549702,0.22290248491057407,0.0,0.0769230769230769,0.1,1.0
153620,mscoco,0.10099328123033047,0.2302756054946619,0.09449012074619531,0.23142890720578704,0.1,0.125,0.1,0.25
450,mscoco,0.178678747266531,0.35820747900406974,0.2542218118906021,0.47329733160002063,0.2,1.0,0.3,0.3333333333333333
186605,mscoco,0.1706360638141632,0.3026412942291471,0.16543294936418534,0.2947635319694402,0.1,1.0,0.1,0.25
188845,mscoco,0.06639690715819598,0.17556981451218193,0.1769537679851055,0.41416032192416113,0.0,0.0039682539682539,0.0,0.0333333333333333
442400,mscoco,0.030032393429428338,0.12264724104113658,0.03876935746520758,0.1345848588541723,0.0,0.0416666666666666,0.1,0.25
493416,mscoco,0.062477759458124636,0.1892677303418139,0.06853667944669724,0.19814082915710513,0.0,0.0069444444444444,0.1,0.5
239532,mscoco,0.17162282541394233,0.37714697271696984,0.16580395847558976,0.3842836959975015,0.0,0.0263157894736842,0.1,1.0
5862,mscoco,0.046349146962165834,0.1421366191976927,0.044417815282940865,0.14963599012278353,0.1,0.1428571428571428,0.3,1.0
194744,mscoco,0.18486082032322884,0.37077484264539246,0.19790887087583542,0.4240708620583402,0.1,0.5,0.2,0.1428571428571428
570512,mscoco,0.034982800297439096,0.11564436667519656,0.036249750293791294,0.09492317580850602,0.0,0.0666666666666666,0.1,1.0
18191,mscoco,0.028609884157776832,0.12122018574121501,0.024753047060221432,0.07908909197574945,0.1,0.1666666666666666,0.0,0.0833333333333333
346093,mscoco,0.14009402506053448,0.2851640176444518,0.20083157047629357,0.45117298049627896,0.3,0.3333333333333333,0.3,1.0
549978,mscoco,0.18700184896588326,0.33883139549874275,0.2427244484424591,0.4725851388010567,0.0,0.0833333333333333,0.3,0.5
114468,mscoco,0.11384200900793076,0.23660087211359,0.11524576731026173,0.26220471558308356,0.1,0.5,0.2,1.0
45490,mscoco,0.05244756452739239,0.17822513888563846,0.05869828164577484,0.17285938096948678,0.1,0.25,0.1,1.0
99701,mscoco,0.1429831713438034,0.29424742012844524,0.11284997090697288,0.23837628810752173,0.2,0.5,0.2,0.1666666666666666
228336,mscoco,0.1760636366903782,0.379281316567402,0.20843645185232162,0.410290071088929,0.0,0.0625,0.3,0.5
442148,mscoco,0.15657526552677153,0.321308175095595,0.16612011045217515,0.29306928295930634,0.3,1.0,0.2,1.0
155,drawbench,0.061287746950984004,0.17178079276347336,0.055440136790275575,0.16958790789577077,0.0,4.697702823319397e-05,0.0,0.000124254473161
539287,mscoco,0.12326828017830849,0.23957605116676117,0.2885483607649803,0.5743897840017115,0.0,0.0588235294117647,0.6,1.0
151466,mscoco,0.04412895552814007,0.13812728018952955,0.10243991985917092,0.297937861689049,0.1,1.0,0.3,0.25
329908,mscoco,0.19083768799901007,0.44889493938507674,0.22099815607070922,0.4727155577562882,0.2,0.3333333333333333,0.4,0.3333333333333333
384986,mscoco,0.07751954384148121,0.2250782726644887,0.10492257475852966,0.22767250201023884,0.0,0.0068493150684931,0.0,0.0111111111111111
444801,mscoco,0.14990552589297296,0.27604848421343625,0.19853335171937941,0.3697493703633952,0.1,0.125,0.5,0.5
223875,mscoco,0.08202166762202978,0.17299301004576237,0.09792509451508521,0.24985618874555668,0.0,0.04,0.1,1.0
84493,mscoco,0.08287959471344948,0.19847430233704724,0.0889783788472414,0.23659884055440544,0.4,1.0,0.4,1.0
484206,mscoco,0.18982367515563964,0.3426746160431147,0.16314750760793686,0.352551464021004,0.1,0.3333333333333333,0.2,1.0
223869,mscoco,0.10872403830289841,0.2289274022888835,0.13082745671272278,0.2641710551381918,0.3,0.5,0.5,1.0
13800,mscoco,0.15512313544750214,0.23621158934042746,0.23667080998420714,0.4444060817374359,0.2,0.1428571428571428,0.2,0.3333333333333333
62250,mscoco,0.05447820611298084,0.15527543915102926,0.06562475264072418,0.18476273398324658,0.1,0.5,0.2,0.3333333333333333
401092,mscoco,0.07630675286054611,0.18158211119469422,0.0763238850980997,0.20012184688760845,0.4,0.5,0.2,0.125
407626,mscoco,0.08361674807965755,0.24607982962168723,0.09726815037429333,0.22416711481767745,0.1,0.3333333333333333,0.0,0.0083333333333333
479866,mscoco,0.111965436860919,0.350222081422062,0.21991743743419648,0.532981084697503,0.5,1.0,0.5,0.5
579247,mscoco,0.0675579572096467,0.20316131078761346,0.09682912658900023,0.2207218483938949,0.3,1.0,0.4,1.0
432832,mscoco,0.04749020095914602,0.1271085431016545,0.04670981522649527,0.13305582457198029,0.3,0.3333333333333333,0.4,1.0
297695,mscoco,0.02851096661761403,0.08577579351699584,0.04566423892974854,0.1339103771700733,0.1,0.1,0.1,1.0
440793,mscoco,0.09649740606546402,0.2715801750585919,0.26364447772502897,0.447821260524175,0.1,1.0,0.1,1.0
484338,mscoco,0.12891524508595467,0.27102502561857966,0.15431531444191932,0.3680858231561148,0.1,0.1111111111111111,0.4,0.1428571428571428
28654,mscoco,0.21233834475278854,0.3145519020584608,0.24041978716850282,0.40075273376910653,0.2,0.5,0.0,0.0227272727272727
372580,mscoco,0.03172040842473507,0.09942841936289179,0.04653739910572767,0.14143046208816884,0.0,0.0222222222222222,0.0,0.0227272727272727
53802,mscoco,0.07291160523891449,0.17534139849323496,0.07017255537211894,0.16094927708331702,0.1,1.0,0.1,1.0
72792,mscoco,0.15388702899217604,0.4074060623926781,0.21949413642287255,0.4158848817789781,0.0,0.0263157894736842,0.0,0.0333333333333333
185844,mscoco,0.16143097057938577,0.3536139650001504,0.1805559553205967,0.3655039331218499,0.1,0.1666666666666666,0.3,1.0
355347,mscoco,0.2064669117331505,0.34835343389364065,0.3639265805482864,0.5165335007027394,0.3,0.2,0.3,0.5
55237,mscoco,0.056108764745295046,0.17597969877877573,0.05325183710083366,0.12737066023439472,0.0,0.0344827586206896,0.0,0.0454545454545454
167910,mscoco,0.09740772135555745,0.21818049180885954,0.0910887610167265,0.1992003207072767,0.1,0.5,0.0,0.0166666666666666
398527,mscoco,0.21844749003648758,0.4428844522500745,0.20279450602829457,0.44199732487169635,0.2,1.0,0.5,1.0
484666,mscoco,0.08944769203662872,0.21256378197213868,0.11511362791061401,0.3454964581200573,0.1,0.5,0.1,1.0
399461,mscoco,0.12534795254468917,0.2867095367729422,0.11320805102586746,0.25632539449988156,0.1,0.5,0.2,1.0
71220,mscoco,0.13923913352191447,0.2794978046633965,0.21554188728332518,0.4731932769630045,0.1,0.1666666666666666,0.7,1.0
430391,mscoco,0.16644135490059853,0.33155451638443595,0.19836437702178955,0.4394509407491982,0.6,1.0,0.4,1.0
81166,mscoco,0.11158844530582428,0.28162365163095004,0.21560306325554848,0.4389320002199961,0.0,0.0769230769230769,0.2,0.5
11690,mscoco,0.12561387345194816,0.22855025308814617,0.206453063711524,0.468638446286103,0.3,0.5,0.6,1.0
74570,mscoco,0.1294160842895508,0.3259224835606625,0.1421864375472069,0.2945399624951292,0.7,0.5,0.7,1.0
495609,mscoco,0.13054489195346833,0.34548078954654154,0.1942905530333519,0.3964271670521937,0.1,0.125,0.1,1.0
286874,mscoco,0.10163714736700058,0.25926612602203125,0.12119377590715885,0.23359954707595015,0.1,0.3333333333333333,0.1,1.0
310562,mscoco,0.37530691772699354,0.5403727253904732,0.34962601885199546,0.5776567810866337,0.7,1.0,0.6,1.0
49946,mscoco,0.13598087206482887,0.29615985264648015,0.12362122163176537,0.29869140897621954,0.1,1.0,0.1,1.0
546114,mscoco,0.09683361202478409,0.34096380882386096,0.11962361857295037,0.28469093823193853,0.4,1.0,0.5,0.5
229052,mscoco,0.019052379997447133,0.07108076550658725,0.019099596375599503,0.06843692172522725,0.1,1.0,0.1,0.3333333333333333
218294,mscoco,0.10338346995413303,0.3039987718848015,0.12466432750225068,0.285566274345111,0.1,1.0,0.3,1.0
262235,mscoco,0.226500903069973,0.4284528013299021,0.27992555797100066,0.44045265797675665,0.6,1.0,1.0,1.0
53229,mscoco,0.03693194594234228,0.16406389521660694,0.04912881273776293,0.12806143923652466,0.3,1.0,0.8,0.5
447209,mscoco,0.060981173813343045,0.17484995466069705,0.07741780839860439,0.23568756847874497,0.2,1.0,0.1,0.3333333333333333
166096,mscoco,0.25827780216932295,0.43766466742146737,0.265382818877697,0.39963234197087605,0.3,0.25,0.2,0.2
70363,mscoco,0.05580544248223305,0.15346472135512917,0.08041463643312455,0.18323898900803406,0.0,0.03125,0.1,0.1111111111111111
23355,mscoco,0.06706449612975121,0.2044471350143397,0.08104942925274372,0.22128114241321178,0.1,1.0,0.1,1.0
269886,mscoco,0.04196200016885996,0.1352000240983539,0.07002077531069517,0.17242275227408987,0.0,0.0185185185185185,0.2,0.125
237445,mscoco,0.029521127045154572,0.1182737293510234,0.05423641670495272,0.15395845615025489,0.0,0.0769230769230769,0.4,1.0
63835,mscoco,0.2873358204960823,0.379673203179043,0.2640331625938416,0.3958573825059232,0.5,1.0,0.9,1.0
272255,mscoco,0.25354016199707985,0.3765254194706318,0.313465017080307,0.5738737261273302,0.5,0.3333333333333333,0.3,1.0
373414,mscoco,0.10858445428311825,0.2772441698561909,0.14398732483386995,0.3467391198430675,0.1,0.1111111111111111,0.5,1.0
466827,mscoco,0.17947344854474068,0.36513399337619046,0.24823167622089387,0.45741819097930586,0.4,1.0,0.7,0.5
506026,mscoco,0.02912964429706335,0.09815043207688309,0.03638448715209961,0.10063591064120518,0.1,0.25,0.1,1.0
262145,mscoco,0.0812524938955903,0.22918031582516316,0.2770535796880722,0.44118436064273026,0.1,1.0,0.4,1.0
40210,mscoco,0.12167608514428138,0.2808636743384808,0.14415530115365982,0.3196955024015323,0.1,1.0,0.1,0.3333333333333333
281652,mscoco,0.06077910903841257,0.17380653387793216,0.041743965819478035,0.14008539577321943,0.2,1.0,0.2,1.0
280808,mscoco,0.20973048359155655,0.37408058707527747,0.20483920127153396,0.384473629138803,0.0,0.05,0.2,0.1666666666666666
244549,mscoco,0.24171457290649415,0.39163182867574,0.2746517449617386,0.4347645262081624,0.1,0.25,0.2,1.0
179504,mscoco,0.042763452231884005,0.12405802445527463,0.04005297236144543,0.13497900827448553,0.0,0.0769230769230769,0.1,0.1428571428571428
177353,mscoco,0.05665422324091196,0.15672424049235661,0.05598261505365372,0.14023308456229097,0.1,1.0,0.1,1.0
298830,mscoco,0.21174009144306183,0.4809460585038469,0.2603798046708107,0.44286963197145623,0.1,1.0,0.3,0.5
126182,mscoco,0.0726975828409195,0.1927730825450907,0.08533337712287903,0.2739949061677678,0.0,0.0208333333333333,0.1,0.125
112904,mscoco,0.1047806266695261,0.23947460644547316,0.15955627374351025,0.323148693620751,0.0,0.0555555555555555,0.1,0.1666666666666666
211080,mscoco,0.08303110972046852,0.20066665356717084,0.1287738736718893,0.28938092974027185,0.0,0.027027027027027,0.5,1.0
526729,mscoco,0.3070455104112625,0.4419735953235466,0.3267374634742737,0.48845320708666434,0.2,0.25,0.1,0.1666666666666666
474180,mscoco,0.10237964764237403,0.21479987626151728,0.10237950496375561,0.21572073618279888,0.1,0.5,0.1,1.0
466083,mscoco,0.12751365229487419,0.27745761857783074,0.15893262699246408,0.3221016569018958,0.0,0.05,0.0,0.0285714285714285
154,drawbench,0.029545184690505266,0.13269762374504002,0.028741824720054866,0.10358131290285022,0.0,0.0,0.0,0.0
183805,mscoco,0.10818112306296826,0.2655253572411463,0.09070037417113781,0.27018080599641114,0.1,0.1,0.0,0.0263157894736842
185571,mscoco,0.0636374393478036,0.19845242976933497,0.06639718897640705,0.1696640465754118,0.1,0.5,0.1,1.0
27471,mscoco,0.2211862809956074,0.49591815763210195,0.30408290922641756,0.4606227679065164,0.3,1.0,0.2,0.5
21504,mscoco,0.07914088778197766,0.2330645076409505,0.09962748661637306,0.2594774382336365,0.1,1.0,0.1,0.1111111111111111
422676,mscoco,0.10055971946567296,0.2702157721985884,0.10470878891646862,0.25320017251553606,0.1,1.0,0.1,0.5
452930,mscoco,0.12188717164099216,0.3231090444034237,0.13688079863786698,0.2506702062042706,0.0,0.0625,0.2,0.3333333333333333
473500,mscoco,0.16368431821465493,0.37223752058711446,0.17419640347361565,0.40379784621110104,0.1,0.5,0.1,0.1428571428571428
32708,mscoco,0.11350380331277847,0.23022517508544219,0.17191181890666485,0.47712580280597994,0.2,0.1666666666666666,0.4,1.0
578255,mscoco,0.1488126315176487,0.3929146163895208,0.21197817623615264,0.38420237154574105,0.1,0.3333333333333333,0.1,1.0
249792,mscoco,0.021216014958918096,0.08613521781702724,0.021572638349607588,0.08932076908150104,0.1,1.0,0.1,1.0
188795,mscoco,0.22757152542471887,0.4055452513959198,0.17683060169219972,0.3888538309559891,0.3,1.0,0.5,0.3333333333333333
299205,mscoco,0.03976251147687435,0.12073820885373908,0.022713096160441638,0.07626792623810018,0.1,1.0,0.2,1.0
404406,mscoco,0.04877910427749157,0.15067800586569668,0.06564939264208078,0.16315440542179915,0.1,1.0,0.1,1.0
145690,mscoco,0.1268266037106514,0.48526389545427895,0.1835309237241745,0.3683033270621558,0.0,0.0277777777777777,0.1,1.0
400332,mscoco,0.21863821744918824,0.42098281520174946,0.24582886099815368,0.5173935033530134,0.2,0.25,0.2,1.0
202810,mscoco,0.11071638986468316,0.2601441342961114,0.12566426023840904,0.29596891732682823,0.2,0.2,0.1,0.125
52,drawbench,0.05863959677517414,0.13756872085866334,0.05756560303270817,0.16425944389988498,0.0,0.0,0.0,0.0
225700,mscoco,0.3048138216137886,0.5105847796553911,0.39521061778068545,0.6712454795560477,0.1,0.1428571428571428,0.2,0.25
273106,mscoco,0.13114545121788979,0.28270572259867377,0.14597279205918312,0.3162716593441553,0.0,0.0263157894736842,0.0,0.0588235294117647
394840,mscoco,0.09308653958141803,0.26360619952494185,0.07509962134063244,0.2445445995559159,0.1,1.0,0.2,1.0
323810,mscoco,0.23731422051787376,0.48097762195063554,0.25055766850709915,0.49267535660407596,0.5,1.0,0.5,1.0
174892,mscoco,0.15177031978964806,0.33519998998981376,0.13046850338578225,0.2941154538030247,0.4,0.1428571428571428,0.2,0.1666666666666666
365507,mscoco,0.2417885586619377,0.415272325436808,0.22788792997598648,0.49408864615120474,0.4,0.25,0.7,1.0
531963,mscoco,0.06519333496689797,0.19515973613200122,0.09650127850472927,0.2564393855074799,0.0,0.0555555555555555,0.1,0.1428571428571428
214127,mscoco,0.21353496313095094,0.49126754701255193,0.2688108406960964,0.523380842625001,0.2,0.3333333333333333,0.2,0.1111111111111111
230991,mscoco,0.18957187756896018,0.39209942846733636,0.20879166722297668,0.4853663499236559,0.1,1.0,0.6,1.0
552962,mscoco,0.18443138748407364,0.37376399405223937,0.1881179228425026,0.32413485633821426,0.1,1.0,0.1,0.1111111111111111
534565,mscoco,0.2316891744732857,0.4264041588984962,0.2859741076827049,0.5331672096622998,0.8,1.0,0.7,1.0
423647,mscoco,0.10888993702828884,0.22981653805644994,0.11415413543581962,0.33322493785289975,0.2,0.1666666666666666,0.3,0.5
48,drawbench,0.05169597305357456,0.15007600240442198,0.06499140560626984,0.1611366848999162,0.0,0.0,0.0,0.0
50480,mscoco,0.05860301069915295,0.15575415268994425,0.06567076295614242,0.16614340787179474,0.0,0.0089285714285714,0.1,0.125
138768,mscoco,0.08814713209867478,0.25283438427676175,0.08883682526648044,0.2231496787891452,0.2,0.5,0.1,0.25
480482,mscoco,0.07977128624916077,0.21340978774085925,0.10400343462824821,0.287971996630186,0.1,0.5,0.1,0.5
150024,mscoco,0.06204623132944107,0.1841663931476814,0.07428129427134991,0.21958366017462128,0.2,0.5,0.2,1.0
94793,mscoco,0.0616888128221035,0.18572183288356545,0.11507753878831864,0.283769532444965,0.0,0.04,0.2,1.0
378313,mscoco,0.041621481999754906,0.12214668891132861,0.05662926957011223,0.15605030331369588,0.0,0.0021231422505307,0.1,1.0
504921,mscoco,0.5853336781263352,0.8113650292093246,0.5835265547037125,0.8288764861172678,1.0,1.0,1.0,1.0
292116,mscoco,0.11410046555101871,0.2734222774888342,0.2463999256491661,0.4901415376647274,0.0,0.0084033613445378,0.1,1.0
109012,mscoco,0.1914571277797222,0.3903214583372646,0.18393061831593513,0.3580126677951645,0.4,1.0,0.8,0.5
504657,mscoco,0.20845066606998444,0.37418535278775,0.3497326999902725,0.6133253185894094,0.2,0.1428571428571428,0.9,1.0
72850,mscoco,0.1610945865511894,0.3739356972791343,0.18445770479738713,0.2880871545693438,0.0,0.0434782608695652,0.4,1.0
273316,mscoco,0.18964968621730804,0.4249402879079559,0.25814495533704757,0.5113867080346978,0.3,1.0,0.3,1.0
354261,mscoco,0.03625451335683465,0.11796854078405403,0.05198906920850277,0.14688806421707987,0.0,0.0909090909090909,0.0,0.0833333333333333
54437,mscoco,0.32718404531478884,0.5322686220212085,0.34077394008636475,0.5557484150488619,0.5,1.0,0.1,0.1666666666666666
249251,mscoco,0.17809984385967254,0.3328385842318594,0.2131844162940979,0.3727543772153829,0.2,0.5,0.1,0.5
99747,mscoco,0.05529938414692879,0.1633873426808457,0.0688526751473546,0.1624418324288152,0.6,0.5,0.6,1.0
23976,mscoco,0.2236565262079239,0.3809062257825071,0.18838049620389938,0.3512332028822864,0.1,0.3333333333333333,0.3,0.2
295295,mscoco,0.2271380629390478,0.4842710943870652,0.28410287499427794,0.4315103481952172,0.3,0.25,0.4,0.3333333333333333
32712,mscoco,0.21803898625075818,0.295522476974835,0.31836028695106505,0.48206244874753845,0.0,0.0625,0.1,0.125
4616,mscoco,0.06316654160618781,0.20076559938479605,0.08768943957984447,0.19793809866074655,0.1,0.5,0.1,1.0
529096,mscoco,0.10600722432136536,0.3076892986952479,0.10913265570998192,0.2808964480893387,0.1,1.0,0.2,1.0
537349,mscoco,0.053198793344199656,0.16139566081915258,0.05451492462307215,0.16588328645243913,0.0,0.0625,0.0,0.0434782608695652
367853,mscoco,0.20745920538902282,0.3498506422509185,0.25872118175029757,0.389762651776821,0.2,1.0,0.5,1.0
323231,mscoco,0.116613445058465,0.2250022371426648,0.1281391642987728,0.26079843328260943,0.0,0.003076923076923,0.1,0.125
385317,mscoco,0.2127724975347519,0.4222743833377484,0.20885762050747872,0.29567522625791287,0.3,0.3333333333333333,0.1,1.0
284192,mscoco,0.10274540334939956,0.27182369320855293,0.1349620372056961,0.3054544502157735,0.1,1.0,0.1,1.0
384790,mscoco,0.21494763866066932,0.3892245090741993,0.20831142030656338,0.5338455242352129,0.0,0.0769230769230769,0.0,0.0384615384615384
237758,mscoco,0.16259414367377759,0.40768411296614565,0.16846277415752411,0.3313714236425037,0.4,1.0,0.5,0.25
201134,mscoco,0.054021815210580824,0.22542979805717556,0.08161451071500778,0.2067675776422801,0.1,1.0,0.1,0.5
33,drawbench,0.0692921120673418,0.2306368634766857,0.08693957850337028,0.22853369509626906,0.0,0.0,0.0,0.0
220118,mscoco,0.22676643431186677,0.37676844102356827,0.23121127635240554,0.4559118719630761,0.0,0.0169491525423728,0.1,1.0
182118,mscoco,0.035437650699168446,0.12407872023841555,0.038129109097644685,0.13145866075266327,0.0,0.0076923076923076,0.1,1.0
101569,mscoco,0.1449390769004822,0.35949053966934513,0.19057257249951362,0.314421500898845,0.2,1.0,0.3,0.5
111754,mscoco,0.29647607877850535,0.35465351962755925,0.401575930416584,0.5598301747565207,0.2,0.2,0.8,1.0
209920,mscoco,0.0852802712470293,0.2269528909945056,0.09465635158121585,0.24684739269267278,0.0,0.0333333333333333,0.1,0.1666666666666666
534426,mscoco,0.10561961941421032,0.2968033177278434,0.09322607629001141,0.21988518170693377,0.1,0.125,0.4,0.5
165298,mscoco,0.07199645284563302,0.23063174487080587,0.08328157439827918,0.2093957125501233,0.1,0.1666666666666666,0.0,0.0833333333333333
289007,mscoco,0.06681556217372417,0.18519494160227756,0.07549644261598587,0.2191164972504787,0.0,0.0625,0.1,1.0
11796,mscoco,0.11850175075232983,0.21927694825446029,0.12971094623208046,0.26909342212401716,0.1,0.5,0.1,1.0
537135,mscoco,0.15527153760194778,0.3983058748361673,0.14034540504217147,0.35548481959695455,0.1,0.5,0.2,1.0
120977,mscoco,0.06955178286880255,0.1761967128241985,0.05938715878874064,0.18655517053002393,0.1,0.5,0.1,0.25
259103,mscoco,0.11472235433757305,0.22102064356010231,0.06822065897285938,0.21263869100626875,0.0,0.0357142857142857,0.1,0.5
49073,mscoco,0.27447208017110825,0.4533324979803259,0.30629319697618484,0.5232590671013116,0.0,0.00074294205052,0.0,0.0049261083743842
387855,mscoco,0.03579532532021403,0.12164385603673868,0.04458936899900436,0.13927200348032986,0.0,0.0050251256281407,0.1,0.5
252549,mscoco,0.1256374806165695,0.2854197424791068,0.13033192455768586,0.335622372203845,0.1,0.25,0.1,0.5
506232,mscoco,0.22787331715226172,0.47632004707321085,0.26736587285995483,0.5002023922034188,0.1,1.0,0.4,1.0
178876,mscoco,0.32930307984352114,0.5617094623925823,0.3244501635432243,0.4005356414234679,0.1,0.1,0.1,1.0
98709,mscoco,0.08160603865981102,0.2094854157124836,0.1007488027215004,0.24935037205746116,0.2,0.3333333333333333,0.5,1.0
83328,mscoco,0.14990089312195778,0.3716399008494147,0.25358890518546107,0.5507480016352353,0.1,0.1,0.2,1.0
467180,mscoco,0.0332963902503252,0.09992761607030458,0.0779987957328558,0.19179551528034375,0.2,1.0,0.0,0.0833333333333333
362244,mscoco,0.17536753714084624,0.3180075870748625,0.1881529539823532,0.3695311355165065,0.3,1.0,0.1,0.1428571428571428
382182,mscoco,0.13731469660997392,0.2748478501176751,0.1610498834401369,0.3778900244774745,0.2,0.3333333333333333,0.3,1.0
79545,mscoco,0.1716836765408516,0.3476531588562548,0.22950974330306054,0.5049304283013984,0.0,0.0909090909090909,0.2,0.1666666666666666
516233,mscoco,0.028231036197394133,0.07910776160220245,0.0276136189699173,0.09044015436314709,0.1,0.3333333333333333,0.1,1.0
544127,mscoco,0.12656101882457732,0.2796790422702794,0.13350157998502254,0.2649475559140076,0.1,0.5,0.1,0.1428571428571428
97734,mscoco,0.06654639206826687,0.16428160820454538,0.07661928012967109,0.1974556698283702,0.2,0.5,0.4,1.0
29752,mscoco,0.10186341311782598,0.18018714847496162,0.13649604395031928,0.27422177859448077,0.1,0.5,0.1,1.0
412491,mscoco,0.048393839970231056,0.13859547188738197,0.0727461725473404,0.21197213311925886,0.1,0.3333333333333333,0.0,0.0526315789473684
111,drawbench,0.050700608640909195,0.1618235883919,0.07668956704437732,0.1892417240129511,0.1,0.3333333333333333,0.0,0.0052910052910052
354929,mscoco,0.050745947286486626,0.13675945625822103,0.07211547773331403,0.1695266118959329,0.1,0.25,0.1,1.0
558242,mscoco,0.1257592186331749,0.28029259928609734,0.13200317993760108,0.28511909457026635,0.0,0.0416666666666666,0.1,0.25
462129,mscoco,0.03636723412200808,0.0961357341125514,0.04140631202608347,0.11439748905261306,0.0,0.0065359477124183,0.0,0.0555555555555555
462925,mscoco,0.12443466484546661,0.35558559268136253,0.17827457711100578,0.39600854126806573,0.3,0.5,0.3,1.0
45343,mscoco,0.07338767610490322,0.15402911036570202,0.06081718672066927,0.1590045705717626,0.1,1.0,0.1,1.0
538299,mscoco,0.1309824887663126,0.3419631978405206,0.14649427607655524,0.3031748212449686,0.1,1.0,0.2,0.2
245002,mscoco,0.26193185746669767,0.35499148872871267,0.3961893618106842,0.5494125220779361,0.6,0.3333333333333333,0.9,1.0
259414,mscoco,0.07181383967399597,0.2012989892688477,0.07548855729401112,0.22517339228270122,0.0,0.0131578947368421,0.0,0.0147058823529411
130314,mscoco,0.058618278615176676,0.16204457766309951,0.06949218176305294,0.1859871159083762,0.1,1.0,0.1,1.0
544120,mscoco,0.15514578744769097,0.40449274881973973,0.0844083584845066,0.23611201640881782,0.0,0.0062111801242236,0.0,0.04
196510,mscoco,0.10268124714493751,0.3348983399204852,0.1421684019267559,0.30222099862002577,0.0,0.0172413793103448,0.0,0.0333333333333333
226197,mscoco,0.1147906094789505,0.2660964234705439,0.20409369394183158,0.3861993873345386,0.0,0.05,0.2,0.2
500568,mscoco,0.07017262764275074,0.19143362027305003,0.07073083780705929,0.21753921768731585,0.1,0.125,0.1,1.0
351149,mscoco,0.12503246814012528,0.338403064273724,0.1165552269667387,0.3023368063703445,0.0,0.0416666666666666,0.0,0.0769230769230769
298600,mscoco,0.035610500164330004,0.09207301382035228,0.06338459625840187,0.19074919466903342,0.0,0.024390243902439,0.3,1.0
434027,mscoco,0.20850109606981276,0.43632266156357824,0.20889304354786872,0.3390120199675105,0.0,0.037037037037037,0.2,1.0
116851,mscoco,0.10603527501225471,0.24773073644094826,0.116536470875144,0.3422326833672118,0.4,1.0,0.5,1.0
364567,mscoco,0.22983892522752286,0.5394713185747203,0.48246532380580903,0.621161800911609,0.2,0.3333333333333333,0.6,1.0
363957,mscoco,0.13001586869359016,0.31549635514193475,0.09758280888199806,0.2613412411168179,0.8,1.0,0.9,1.0
568974,mscoco,0.025299205211922526,0.08540762676040338,0.0369794855825603,0.09469882333804389,0.0,0.0059523809523809,0.1,1.0
223739,mscoco,0.04661443959921598,0.16709904463924333,0.06144041493535042,0.1601335965261829,0.0,0.0588235294117647,0.0,0.0833333333333333
59171,mscoco,0.4689706087112427,0.7299653956168014,0.553041622042656,0.8077851388860338,0.7,1.0,0.9,1.0
521218,mscoco,0.10834157802164554,0.26711804962230307,0.15228640139102936,0.2601543533021046,0.4,1.0,0.8,1.0
367329,mscoco,0.0846519012004137,0.20697233248801972,0.1167624793946743,0.28588422053037693,0.1,0.25,0.4,1.0
352061,mscoco,0.09378799758851528,0.25495063487876174,0.09752815514802933,0.21931834742707607,0.2,0.125,0.2,1.0
484636,mscoco,0.18827465325593948,0.3408672238548983,0.2453845165669918,0.3447044924082158,0.1,0.1428571428571428,0.1,1.0
264461,mscoco,0.0758960772305727,0.19416641046837668,0.15747874602675438,0.35001366537429235,0.0,0.0085470085470085,0.0,0.0384615384615384
148165,mscoco,0.036801783740520476,0.12519224043921842,0.03970556519925594,0.14137852875318144,0.1,1.0,0.0,0.024390243902439
429593,mscoco,0.06456880792975425,0.16279493413473717,0.06299920212477446,0.17033261635990163,0.1,0.5,0.1,1.0
15757,mscoco,0.3002812847495079,0.5075151323502097,0.3796041339635849,0.6541777757291722,0.0,0.0153846153846153,0.1,0.1111111111111111
37032,mscoco,0.06345120556652546,0.21187835276267136,0.17696771547198295,0.34877852822086725,0.0,0.0769230769230769,0.9,1.0
99515,mscoco,0.1073368564248085,0.2837267849039087,0.13121714927256106,0.3396039005549855,0.0,0.0022573363431151,0.0,0.0769230769230769
501624,mscoco,0.243299762904644,0.37650528987698273,0.2669085279107094,0.5082916221544446,0.7,1.0,0.8,1.0
91780,mscoco,0.1707591600716114,0.3646352138558865,0.17963668555021287,0.33959865442150416,0.1,0.5,0.1,0.5
473195,mscoco,0.09378081634640693,0.2029971682323435,0.09574596621096135,0.21896376289073363,0.0,0.0010111223458038,0.0,0.0059171597633136
200241,mscoco,0.06093514878302812,0.17524349276576331,0.06089884117245674,0.18296969212411257,0.1,1.0,0.1,1.0
20966,mscoco,0.11827183403074741,0.25016967980460364,0.12374879866838455,0.37168704175847406,0.4,0.25,0.5,1.0
477005,mscoco,0.2201348826289177,0.3654563703119328,0.2003887388855219,0.3165617264856126,0.4,0.5,0.6,1.0
568281,mscoco,0.04183284938335419,0.12993098904801886,0.07838187366724014,0.2656712798708811,0.1,0.25,0.1,0.1428571428571428
289075,mscoco,0.08234061077237129,0.2236689271673241,0.1201797179877758,0.26047723956277996,0.1,1.0,0.1,1.0
315211,mscoco,0.029558097757399083,0.0826243282123857,0.044245221000164744,0.10375228506828284,0.1,1.0,0.1,1.0
370763,mscoco,0.0948763694614172,0.28409140863606275,0.1321896217763424,0.30923311115596575,0.1,1.0,0.4,1.0
245337,mscoco,0.08496099058538675,0.2524544226003653,0.13035717308521272,0.24985819812890633,0.3,1.0,0.2,0.5
359085,mscoco,0.08405601605772972,0.2584433235977348,0.11023753210902214,0.24053723991332662,0.1,1.0,0.1,1.0
151956,mscoco,0.043167556077241896,0.12969041195000175,0.05037534739822149,0.12291260221456247,0.2,0.3333333333333333,0.2,1.0
442666,mscoco,0.059936707466840745,0.24782897811492904,0.07031597848981619,0.1651318607727522,0.0,0.0833333333333333,0.1,0.1111111111111111
139214,mscoco,0.12966373786330224,0.29732815196059453,0.16944323256611823,0.3300890101139401,0.2,0.1666666666666666,0.2,0.5
112586,mscoco,0.1463817846029997,0.35736532533926757,0.13433861881494522,0.272054508409151,0.6,1.0,0.3,1.0
277080,mscoco,0.28731979951262476,0.5961754240201885,0.2964196354150772,0.5506897978684999,0.5,0.5,0.4,0.5
497261,mscoco,0.07240799888968467,0.1966760093903833,0.11922205463051797,0.2910972456972701,0.0,0.032258064516129,0.0,0.024390243902439
421314,mscoco,0.13979338482022285,0.22792962638522415,0.23067540265619754,0.32722679010293254,0.3,0.1428571428571428,0.1,1.0
9288,mscoco,0.17335553839802742,0.38082044425853784,0.19030651152133943,0.4708757519366243,0.7,1.0,0.6,1.0
249587,mscoco,0.12306896820664406,0.25885535944298615,0.18996948450803758,0.39162147625243876,0.2,0.5,0.3,0.25
169179,mscoco,0.16264715567231178,0.2829601801258033,0.22498032748699187,0.39753046450100765,0.2,0.1111111111111111,0.4,0.2
446521,mscoco,0.07506336756050587,0.20105459653228458,0.07358936294913292,0.23364864453709722,0.0,0.0109890109890109,0.0,0.05
203098,mscoco,0.02191208777949214,0.07634999723560561,0.023124591261148453,0.08680064968484127,0.6,1.0,1.0,1.0
83102,mscoco,0.07083120029419661,0.22309993391758787,0.08290064670145511,0.2346019013737897,0.1,0.1428571428571428,0.0,0.0909090909090909
105,drawbench,0.38847336620092393,0.5470565736149207,0.47419544160366056,0.6180810234145954,0.0,0.0175438596491228,0.0,0.0769230769230769
254989,mscoco,0.07435751799494028,0.2160897959275686,0.11639529317617417,0.2840766458112997,0.3,0.25,0.4,1.0
474528,mscoco,0.05890219118446112,0.1576773644653849,0.050428416952490805,0.17397214323826818,0.1,0.125,0.1,0.25
523546,mscoco,0.06963352374732494,0.2074311362417369,0.0944994766265154,0.2320859877905599,0.1,1.0,0.1,1.0
371256,mscoco,0.07758599352091551,0.17415398665091988,0.05560235232114792,0.17805924462092368,0.2,1.0,0.1,0.25
444453,mscoco,0.028437282145023345,0.10087675868682328,0.029431894049048425,0.1037635030384073,0.1,1.0,0.1,1.0
127515,mscoco,0.14565167725086212,0.31796062257914076,0.15857162252068518,0.35262566702895165,0.0,0.015625,0.0,0.0909090909090909
15667,mscoco,0.1919394850730896,0.3284622007185596,0.28230005502700806,0.45488773989271447,0.5,0.5,0.8,1.0
525851,mscoco,0.057978355791419744,0.19698165939224238,0.04895189870148897,0.16511701928842887,0.7,1.0,0.4,1.0
63777,mscoco,0.09088376238942146,0.21098886468236536,0.12436065822839737,0.30470506421317706,0.1,1.0,0.1,0.125
247422,mscoco,0.11759275179356336,0.28434113525877686,0.08382994849234819,0.22068672085024527,0.2,0.5,0.1,1.0
227724,mscoco,0.05902321357280016,0.17507999476200223,0.051325724087655546,0.12907139175636922,0.0,0.0344827586206896,0.1,0.1428571428571428
419828,mscoco,0.02911408580839634,0.0996883464831468,0.03426745776087046,0.099533931929088,0.1,1.0,0.1,1.0
123166,mscoco,0.13498756811022758,0.2677404757794517,0.19199087768793105,0.38437491558214454,0.0,0.0285714285714285,0.1,0.5
146236,mscoco,0.03279653266072273,0.09176207386611648,0.03526533655822277,0.10526890173227951,0.1,0.1111111111111111,0.1,0.25
264406,mscoco,0.18920481204986572,0.4940488605200787,0.11328247971832753,0.310143730382973,0.2,0.5,0.2,1.0
311709,mscoco,0.09197180233895778,0.19605305972913495,0.09413645938038825,0.2584141551195888,0.1,1.0,0.5,1.0
54086,mscoco,0.1377184696495533,0.2801054361845893,0.13988970518112182,0.40770942372696783,0.0,0.015625,0.0,0.0042918454935622
124729,mscoco,0.17292832881212233,0.4392005697501097,0.16627302914857864,0.4307849942084054,0.9,1.0,0.8,1.0
521334,mscoco,0.0800160113722086,0.22667921029839536,0.09870960004627705,0.18696907057310888,0.1,0.25,0.1,0.5
400309,mscoco,0.027715523540973664,0.09505716092683394,0.04167846068739891,0.12810096711632843,0.0,0.0625,0.1,1.0
385601,mscoco,0.1516495428979397,0.27817320143028224,0.1739929925650358,0.3216489164548953,0.4,0.5,0.5,1.0
39978,mscoco,0.1654466763138771,0.37258791029520627,0.12853016704320908,0.28788215510559817,0.3,0.25,0.3,1.0
444949,mscoco,0.1528102196753025,0.34529515868316996,0.23683880344033242,0.6059910463292356,0.1,0.3333333333333333,0.1,0.2
428178,mscoco,0.09327644929289818,0.2666284061865808,0.10592050477862358,0.2837353584169526,0.0,0.0069930069930069,0.0,0.0131578947368421
120416,mscoco,0.2591135762631893,0.46268384736495516,0.25908157229423523,0.4602023701924229,0.6,1.0,0.8,1.0
52281,mscoco,0.19273217767477036,0.3411576834679344,0.3036629021167755,0.4982879273838048,0.1,0.125,0.2,0.3333333333333333
187592,mscoco,0.11142491400241852,0.27638483031696975,0.1327771581709385,0.39763676784170826,0.2,0.25,0.3,1.0
98478,mscoco,0.013942493963986636,0.051107405057279884,0.01849745390936732,0.06453486343559128,0.1,0.1428571428571428,0.1,1.0
471599,mscoco,0.20858051702380181,0.3810792115230392,0.19476924687623978,0.3338358559031321,0.1,0.1666666666666666,0.2,1.0
136232,mscoco,0.07893655691295862,0.18600757451640093,0.11494489721953868,0.20569078717471811,0.0,0.0555555555555555,0.0,0.0833333333333333
270740,mscoco,0.20244285389780997,0.420952071876347,0.31536558270454407,0.4888563512004144,0.1,1.0,0.5,0.3333333333333333
310536,mscoco,0.3408478438854218,0.5863742429127347,0.46800931096076964,0.7552480848648848,0.2,1.0,0.4,0.5
469515,mscoco,0.0251772815361619,0.08271305872405386,0.03392054340802133,0.10436442328075601,0.0,0.0032051282051282,0.1,0.3333333333333333
251252,mscoco,0.18709172159433365,0.37651733518445285,0.28874401450157167,0.6082991118171605,0.2,0.2,0.4,1.0
560646,mscoco,0.10651545003056526,0.2515169267373771,0.134102251380682,0.2932571077127209,0.6,1.0,1.0,1.0
36029,mscoco,0.07955504953861237,0.20813735980238537,0.08236509561538696,0.2740109546081881,0.1,0.5,0.1,1.0
302216,mscoco,0.16090146377682685,0.3342609469307073,0.23275169283151625,0.5351369042436648,0.1,0.3333333333333333,0.3,1.0
178156,mscoco,0.13765298947691917,0.29547890819831035,0.12313008457422256,0.26352231360702427,0.0,0.0022573363431151,0.0,0.0135135135135135
535604,mscoco,0.16045692339539527,0.30491169703352117,0.15582020729780197,0.29926695911233353,0.6,1.0,0.3,0.5
462577,mscoco,0.20159572958946229,0.36193345030851803,0.23416578471660615,0.3555467335112169,0.0,0.0666666666666666,0.4,0.5
360585,mscoco,0.20820681117475032,0.3450392660316217,0.24978258162736894,0.45280189919331143,0.4,0.25,0.6,0.5
336764,mscoco,0.04832962863147259,0.1574343843499349,0.04971897266805172,0.1327797318115911,0.0,0.0128205128205128,0.1,0.1111111111111111
277237,mscoco,0.050569637306034566,0.168511810571999,0.05301050953567028,0.13199354769201224,0.1,0.1666666666666666,0.2,0.5
11326,mscoco,0.11652827337384224,0.2505362275720082,0.17234425768256187,0.36490107266798444,0.1,0.5,0.1,1.0
243443,mscoco,0.08383240140974521,0.22626595956395112,0.09380107782781125,0.2813368388029649,0.2,0.1666666666666666,0.3,0.25
97724,mscoco,0.08587302193045616,0.2525922232143983,0.15454863309860228,0.3276199545169111,0.0,0.0555555555555555,0.3,0.5
248753,mscoco,0.05085331564769149,0.155656483332548,0.05048172790557146,0.17843170662127547,0.0,0.0277777777777777,0.0,0.0095238095238095
331676,mscoco,0.17229340299963952,0.36570794173188476,0.3477537646889687,0.7406857485723329,0.0,0.0217391304347826,0.1,1.0
169500,mscoco,0.07095182090997695,0.22658003536723226,0.09271800071001053,0.3292355720435131,0.1,0.125,0.2,1.0
475035,mscoco,0.13098551910370587,0.3496884968154665,0.13651284351944923,0.3355415020367313,0.2,0.1428571428571428,0.3,0.3333333333333333
383923,mscoco,0.16526709794998168,0.3133775579700144,0.18183077797293662,0.3521722145916218,0.4,0.2,0.4,1.0
330229,mscoco,0.0674042109400034,0.1900383294894679,0.12065892145037652,0.2449860662486583,0.0,0.0476190476190476,0.3,1.0
259421,mscoco,0.16580883488059045,0.4340486385948096,0.21462483331561089,0.5309356220112563,0.1,1.0,0.1,0.2
453558,mscoco,0.1365245647728443,0.34100721241064275,0.1387973740696907,0.32699077039140395,0.1,0.1428571428571428,0.1,1.0
47632,mscoco,0.06417782679200172,0.15748953294725704,0.048119953647255895,0.14129837356795738,0.0,0.0909090909090909,0.1,0.5
556406,mscoco,0.15335754081606864,0.3129214575250376,0.1937360130250454,0.36953421561006916,0.4,1.0,0.4,0.3333333333333333
205563,mscoco,0.16048413664102554,0.30009080129093524,0.15281887948513032,0.3451646010984091,0.5,0.25,0.2,1.0
358287,mscoco,0.11850544661283494,0.25563459222596974,0.0932776939123869,0.2514811336599648,0.1,0.1428571428571428,0.3,0.5
172727,mscoco,0.15894056633114814,0.3410184293228461,0.16062875986099243,0.3601345843994412,0.1,1.0,0.1,1.0
274148,mscoco,0.09172973148524761,0.26467733549255473,0.14590463265776635,0.37858602636772587,0.0,0.0147058823529411,0.2,0.125
395957,mscoco,0.06039508432149887,0.16936955595212103,0.06181742940098047,0.1871050396807429,0.0,0.0555555555555555,0.2,0.5
27656,mscoco,0.17154797688126563,0.26256914757286853,0.277497299015522,0.5834836018824704,0.5,1.0,0.9,1.0
535663,mscoco,0.19188088104128836,0.3056137759673286,0.226961849629879,0.41852251532860685,0.3,0.3333333333333333,0.3,0.3333333333333333
59012,mscoco,0.091868319734931,0.25011107079409656,0.1345183730125427,0.3219535542591741,0.1,0.5,0.1,1.0
338732,mscoco,0.05451456876471639,0.14359867812409785,0.04587282221764326,0.13598411637674213,0.1,1.0,0.1,1.0
34800,mscoco,0.0836505115032196,0.1854407176588118,0.12810540795326233,0.3188875776866061,0.0,0.027027027027027,0.3,0.5
78290,mscoco,0.16143936216831206,0.31814158321372366,0.2896790847182274,0.48422341386701284,0.0,0.0028328611898017,0.1,0.1428571428571428
34235,mscoco,0.1886868230998516,0.32560226849432544,0.18916405141353607,0.3354726870158212,0.0,0.0344827586206896,0.1,0.5
149993,mscoco,0.08903938625007868,0.20159420042193474,0.10182490795850754,0.2794983052633779,0.1,0.1666666666666666,0.2,1.0
92,drawbench,0.12109918184578419,0.2596315204247916,0.14201649650931358,0.26910245700745367,0.0,0.0769230769230769,0.0,0.0019920318725099
289739,mscoco,0.05433652065694332,0.17432144902955812,0.0579337302595377,0.16654510970148492,0.1,0.1,0.0,0.0217391304347826
11,drawbench,0.17069620117545128,0.4224103891967637,0.15224514603614808,0.3398697676363568,0.0,1.886863655232273e-05,0.0,1.9478748685184465e-05
394681,mscoco,0.05564874149858952,0.14729484153304295,0.06042854869738221,0.14198197987781883,0.1,0.3333333333333333,0.1,0.1428571428571428
404984,mscoco,0.11530869193375111,0.26339198076868525,0.11336577013134956,0.2540048733571784,0.0,0.003831417624521,0.0,0.0095238095238095
95777,mscoco,0.09276640638709069,0.2562268197824939,0.15016301944851876,0.2929626306045087,0.2,0.5,0.2,0.25
516158,mscoco,0.04136779671534896,0.14702006007614352,0.06132916435599327,0.21680045793490538,0.0,0.015625,0.1,0.25
223569,mscoco,0.14590744785964488,0.2762584038481838,0.29346362352371214,0.5408705181228131,0.1,1.0,0.3,1.0
107782,mscoco,0.07162648737430573,0.21307148158092526,0.0763473354279995,0.1873673139921786,0.1,0.25,0.4,0.5
98881,mscoco,0.013695819023996591,0.04159513353872579,0.01857290677726269,0.05002540402648256,0.1,1.0,0.1,1.0
94045,mscoco,0.18591670617461203,0.31499844218214623,0.2563267648220062,0.42254345388393244,0.3,0.3333333333333333,1.0,1.0
498015,mscoco,0.032532604038715364,0.11796313101443526,0.03186024269089103,0.09754916825139064,0.1,1.0,0.0,0.0526315789473684
451172,mscoco,0.08830967843532563,0.21726709165369013,0.08447423540055751,0.2520975690028585,0.1,0.3333333333333333,0.1,1.0
535211,mscoco,0.045239617861807344,0.1470395714094168,0.05437220185995102,0.17805444164520354,0.1,0.25,0.1,0.5
18476,mscoco,0.029529308062046768,0.09935076408338325,0.03570388555526734,0.10083320576002554,0.1,1.0,0.1,1.0
275930,mscoco,0.06578743811696768,0.17618216194582664,0.10051253028213977,0.24669828728000423,0.0,0.0833333333333333,0.1,1.0
507434,mscoco,0.07201262395828963,0.18237413052768467,0.04105008412152529,0.13201095545156336,0.1,0.25,0.0,0.0020366598778004
29122,mscoco,0.06057855281978845,0.14878367332624254,0.0690243061631918,0.19957090819500375,0.0,0.0769230769230769,0.1,1.0
116204,mscoco,0.0994446013122797,0.2128838453881661,0.12429698929190636,0.25428889669905985,0.4,1.0,0.4,0.5
274815,mscoco,0.12202080637216568,0.31996511107811154,0.1805745169520378,0.38421096824572587,0.2,0.25,0.1,0.3333333333333333
507215,mscoco,0.07641091756522655,0.18686449088573978,0.09061074294149876,0.27758531003209486,0.4,0.25,0.2,0.5
559658,mscoco,0.1447488099336624,0.3391271067898542,0.17284415513277054,0.37213045891943897,0.4,0.3333333333333333,0.5,0.5
344157,mscoco,0.7763605117797852,0.8572306011083611,0.809499192237854,0.9192584401661147,1.0,1.0,1.0,1.0
327768,mscoco,0.1258778341114521,0.2433952338636259,0.07700879387557506,0.2353788961589389,0.2,1.0,0.2,1.0
35424,mscoco,0.12350168563425541,0.28175736445588184,0.1764048807322979,0.3148729903314396,0.2,1.0,0.5,1.0
412698,mscoco,0.1808798596262932,0.4158246761169854,0.18351287990808487,0.407318819089688,0.2,1.0,0.1,1.0
502588,mscoco,0.10952659770846367,0.2602484969327562,0.09894326403737068,0.2486332227402049,0.5,0.3333333333333333,0.5,1.0
515527,mscoco,0.05124150980263949,0.19943582310771193,0.07331290990114211,0.2689045617244578,0.1,1.0,0.1,1.0
382958,mscoco,0.1183053694665432,0.22862139629778383,0.114824428409338,0.24595433946729645,0.0,0.0666666666666666,0.1,0.5
166975,mscoco,0.0837876632809639,0.16241381469591737,0.07573674470186234,0.17170004716537965,0.1,0.5,0.1,0.125
397640,mscoco,0.21763030737638472,0.36758960915238614,0.28140256106853484,0.43399794564846383,0.1,0.25,0.1,0.1666666666666666
462880,mscoco,0.05855453461408615,0.14649837536290175,0.04319862127304077,0.1257254067023309,0.1,1.0,0.1,1.0
104808,mscoco,0.07889835461974144,0.192478689532523,0.06629822198301553,0.1755363904862722,0.1,0.25,0.0,0.05
30235,mscoco,0.2644989751279354,0.41026375075292676,0.3866344094276428,0.5377409896427932,0.3,0.25,0.7,0.5
513219,mscoco,0.04711237493902445,0.1105532131095553,0.057886261492967606,0.19254548431212898,0.1,0.25,0.2,1.0
63,drawbench,0.03720085639506578,0.17898116580433568,0.035102180764079095,0.11696617053210566,0.0,0.0,0.0,0.0
245771,mscoco,0.08603261522948742,0.2328797443995712,0.09641609266400337,0.248522071291192,0.4,0.5,0.4,1.0
1375,mscoco,0.21469342410564424,0.3812472193532723,0.33808784782886503,0.5374729091784378,0.4,0.5,0.3,0.1666666666666666
167479,mscoco,0.07934432290494442,0.19099696502834015,0.09746062308549881,0.2450044869123802,0.0,0.0232558139534883,0.3,1.0
124874,mscoco,0.03884802646934986,0.13740463092404107,0.033213998470455405,0.0968529198610163,0.1,0.3333333333333333,0.0,0.0056497175141242
506901,mscoco,0.07902524955570697,0.2408508979114415,0.08858901634812355,0.24990611339810215,0.3,0.2,0.5,1.0
519754,mscoco,0.08131697699427605,0.26854296031237884,0.10209287628531456,0.2733940042018671,0.1,1.0,0.1,1.0
336457,mscoco,0.06322530210018158,0.1889661527498245,0.10179070234298707,0.23536161085013516,0.0,0.0526315789473684,0.4,0.25
290974,mscoco,0.043643610551953316,0.09400015870291517,0.042084851302206516,0.12450657469312322,0.1,1.0,0.1,0.3333333333333333
18918,mscoco,0.18585923835635185,0.4087326862024671,0.1839330166578293,0.3558765318304879,1.0,1.0,0.7,0.3333333333333333
153140,mscoco,0.07351039163768291,0.16528671806042247,0.10677831247448921,0.243406096297084,0.0,0.0769230769230769,0.3,1.0
83481,mscoco,0.027341485302895308,0.09432270744700158,0.0364846964366734,0.09502766581756249,0.2,0.5,0.2,1.0
204473,mscoco,0.05530549082905054,0.15137244048243156,0.05032152384519577,0.1453084149486565,0.0,0.0526315789473684,0.0,0.0476190476190476
419074,mscoco,0.21844928711652756,0.363684314101438,0.34383413940668106,0.5674512383083684,0.0,0.0357142857142857,0.1,0.125
261235,mscoco,0.05578710250556469,0.13957178162888365,0.12050988096743823,0.26686495922700265,0.0,0.0909090909090909,0.1,1.0
338971,mscoco,0.05169692095369101,0.17748664584988008,0.07144084945321083,0.1934599682650897,0.1,0.1,0.1,0.3333333333333333
223183,mscoco,0.42416900396347046,0.5663850641620665,0.4974781274795532,0.7704408016415757,0.9,1.0,0.7,1.0
450711,mscoco,0.0761236872524023,0.22532435304346102,0.0755056081339717,0.21213263249645928,0.1,0.5,0.1,1.0
490187,mscoco,0.23904347121715547,0.5240606253251167,0.2301580101251602,0.4202871060435212,0.1,0.5,0.1,0.3333333333333333
564602,mscoco,0.12555629685521125,0.26623946474582194,0.19607172161340714,0.37891398791315634,0.0,0.0188679245283018,0.4,0.5
452201,mscoco,0.0940985313616693,0.253329247312022,0.0873313531279564,0.22164772897255455,0.0,0.05,0.2,1.0
443334,mscoco,0.21554365307092666,0.34370487776287145,0.299333781003952,0.4615716348523494,0.3,0.2,0.3,1.0
18075,mscoco,0.25045173093676565,0.47310098595090355,0.41157369762659074,0.5314013961907706,0.4,0.3333333333333333,1.0,1.0
50,drawbench,0.05344564020633698,0.14301218716392516,0.05847737528383732,0.16215298244501813,0.0,0.0,0.0,0.0
86,drawbench,0.10943418815732002,0.24440394933593945,0.10679673850536346,0.29619880272962296,0.1,0.125,0.0,0.0555555555555555
171808,mscoco,0.15764688402414323,0.40509185961591326,0.17958519235253334,0.34069012880139715,0.2,0.1428571428571428,0.5,1.0
572487,mscoco,0.046771440841257575,0.13429683464267742,0.07826537005603314,0.22478324174710027,0.0,0.037037037037037,0.2,0.1666666666666666
566765,mscoco,0.08251870162785054,0.24532976695940645,0.1046737391501665,0.25960642568238035,0.1,1.0,0.2,0.5
163514,mscoco,0.10769969038665295,0.2546879494533251,0.1314455099403858,0.27018166457606313,0.1,1.0,0.1,1.0
311128,mscoco,0.11051994785666466,0.3052622346663502,0.11232095807790757,0.29890683708175125,1.0,1.0,0.9,1.0
520858,mscoco,0.1633903294801712,0.3116809904537164,0.2874160557985306,0.4724201813168856,0.0,0.0833333333333333,0.5,0.3333333333333333
271051,mscoco,0.042413340881466866,0.12480786866903487,0.05746837165206671,0.12621164224102085,0.1,0.5,0.1,1.0
532933,mscoco,0.12551865503191947,0.24140480393674585,0.11299674175679683,0.3086497158614282,0.0,0.0434782608695652,0.1,1.0
475974,mscoco,0.1916982725262642,0.4102776707825628,0.25185026228427887,0.5707977035242294,0.1,0.3333333333333333,0.0,0.0217391304347826
206731,mscoco,0.04645269680768251,0.15003360735299387,0.04516723733395338,0.14662612379986292,0.1,0.5,0.1,0.3333333333333333
450212,mscoco,0.1364049378782511,0.3071987414187693,0.13176812082529069,0.3479643226835867,0.1,1.0,0.1,0.3333333333333333
188478,mscoco,0.19176067635416985,0.3236198084567711,0.19373770356178283,0.3327163145464074,0.4,1.0,0.2,1.0
463944,mscoco,0.03155637569725513,0.09153415867290307,0.0374127795919776,0.12631558195985512,0.1,0.1,0.0,0.0294117647058823
521657,mscoco,0.16136097609996797,0.2995510421121476,0.163763190805912,0.34526752895278023,0.2,1.0,0.1,1.0
310511,mscoco,0.04375247256830335,0.11707590896906048,0.10360862910747529,0.24571205878081037,0.1,0.3333333333333333,0.1,1.0
24859,mscoco,0.06176364310085773,0.18177679144362346,0.11263621188700199,0.2481253208948295,0.1,0.1,0.2,1.0
402662,mscoco,0.049546840228140356,0.1541345380379418,0.05775277875363827,0.1724630799658795,0.2,0.25,0.4,1.0
109791,mscoco,0.09035530276596546,0.2526813105104114,0.13813241049647332,0.32742769971106,0.2,0.3333333333333333,0.3,1.0
62,drawbench,0.1480732575058937,0.2821285892250369,0.13166376054286957,0.37271870072933755,0.0,0.0025839793281653,0.0,0.0023809523809523
298190,mscoco,0.08692786078900099,0.2532842815744024,0.11307367384433746,0.20390083032123815,0.1,0.125,0.3,1.0
86065,mscoco,0.3332640014588833,0.6574153992269538,0.5573527306318283,0.64354109053773,0.4,0.5,0.4,0.25
127726,mscoco,0.043075671512633563,0.1251640880759652,0.04524489007890224,0.12547275425810395,0.2,1.0,0.1,1.0
572825,mscoco,0.12245316877961158,0.35052801133839895,0.17292595356702806,0.3579145082776861,0.4,0.5,0.7,1.0
246009,mscoco,0.20630294159054757,0.5093212526576734,0.21748801693320274,0.35716071944315314,0.5,1.0,0.7,1.0
517906,mscoco,0.08715467508882284,0.21701598455582724,0.10927184633910655,0.22692356115821974,0.0,0.0909090909090909,0.1,0.1666666666666666
265256,mscoco,0.08104532584547997,0.2231693769700525,0.0760173112154007,0.16868402732097507,0.0,0.0833333333333333,0.2,1.0
373038,mscoco,0.05818168316036463,0.17262820881831606,0.06630583330988885,0.17176729294216245,0.0,0.0909090909090909,0.1,1.0
53720,mscoco,0.20510682873427868,0.29163493051131856,0.24537730664014817,0.39483492988589813,0.4,0.5,0.8,0.3333333333333333
514116,mscoco,0.0957517322152853,0.24576269453331454,0.13057949319481849,0.3993975472188572,0.0,0.0625,0.3,0.5
395396,mscoco,0.4038401022553444,0.8377901814535145,0.40228516012430193,0.6210663892746928,0.5,1.0,0.8,1.0
118851,mscoco,0.2449544996023178,0.4772438091888647,0.3009927198290825,0.5657853895588031,0.4,1.0,0.6,1.0
198625,mscoco,0.19872598201036454,0.3703581680195373,0.22991956472396852,0.4719999983273007,0.0,0.0333333333333333,0.2,0.2
53,drawbench,0.060858025774359704,0.14458545030520964,0.0651775874197483,0.17874536226876891,0.0,0.0,0.0,0.0
99,drawbench,0.01869189226999879,0.0718857383061353,0.014316431246697903,0.04800950190911609,0.0,0.0,0.0,0.0
132656,mscoco,0.39806117862463,0.6504179876321678,0.29372343569993975,0.46204357158031406,0.2,0.3333333333333333,0.2,0.5
213276,mscoco,0.016124632302671672,0.050470255946099926,0.014149410696700216,0.05135074400521709,0.1,1.0,0.1,1.0
123974,mscoco,0.1149941086769104,0.3122783519224513,0.1349645033478737,0.2714230044159138,0.5,1.0,0.6,0.5
131,drawbench,0.13650850504636763,0.2647685961000142,0.21136946380138397,0.3582470506758052,0.0,0.0,0.0,0.0
435096,mscoco,0.0314811990596354,0.11703761120312678,0.04195334520190954,0.12735788464618356,0.1,1.0,0.1,1.0
509764,mscoco,0.04310179967433214,0.12488846499082533,0.05267736152745783,0.12835775095313928,0.1,0.5,0.0,0.0454545454545454
204273,mscoco,0.20722560733556747,0.34808209952802227,0.17718083336949347,0.32427287595224413,0.1,0.2,0.1,0.125
299768,mscoco,0.2941621318459511,0.6321234600076308,0.44695978462696073,0.6265243557259668,0.0,0.003012048192771,0.3,0.25
135369,mscoco,0.30839670449495316,0.5303782105749719,0.24616268426179885,0.591432069298071,0.8,1.0,0.6,1.0
508053,mscoco,0.12504006177186966,0.3056927297556474,0.2169900894165039,0.4091075028114656,0.1,0.2,0.2,0.5
475413,mscoco,0.08361974395811558,0.24656841406788288,0.22827965300530195,0.4848744034503187,0.0,0.0434782608695652,0.0,0.027027027027027
44328,mscoco,0.06500858943909407,0.16849177366887466,0.0751581285148859,0.17313059158120508,0.1,1.0,0.1,0.3333333333333333
127743,mscoco,0.0865330021828413,0.22899327634169064,0.06569531559944153,0.21165772010260095,0.2,1.0,0.2,1.0
316842,mscoco,0.1759810820221901,0.40027916942090314,0.1475815862417221,0.35942455658612965,0.0,0.0769230769230769,0.2,0.5
131075,mscoco,0.06903861369937658,0.18161289913693726,0.09292028248310089,0.1973621041593203,0.0,0.0059171597633136,0.2,1.0
323812,mscoco,0.11303011141717434,0.2748094941553533,0.12170427106320858,0.28072217705563557,0.4,1.0,0.6,1.0
354212,mscoco,0.24477975964546203,0.4285577479377959,0.354644725471735,0.7179070307466716,0.3,1.0,0.7,1.0
33645,mscoco,0.05186997540295124,0.14097769345589778,0.05192756541073322,0.15323633322840058,0.1,0.5,0.1,0.25
285529,mscoco,0.15361339077353478,0.3217381537136097,0.16712382063269615,0.3314691119927108,0.6,0.5,0.7,1.0
52669,mscoco,0.12781224250793458,0.3137367168958922,0.1771525926887989,0.3536834510282243,0.0,0.0416666666666666,0.2,0.5
47328,mscoco,0.15321838334202767,0.3949884902382241,0.15963076278567315,0.40441272845307397,0.4,0.5,0.3,0.3333333333333333
256513,mscoco,0.06628013029694557,0.17123317279818662,0.12981311976909637,0.33199802933672734,0.0,0.0833333333333333,0.3,0.5
561196,mscoco,0.04693366419523955,0.15422171976379917,0.05615699589252472,0.16432533509030156,0.1,1.0,0.1,1.0
411261,mscoco,0.06447682222351432,0.19577732685399157,0.09214716404676437,0.21920476774764616,0.1,1.0,0.1,1.0
578056,mscoco,0.014057391742244362,0.05529517752320395,0.01970400707796216,0.06079390707829132,0.1,0.3333333333333333,0.1,1.0
110926,mscoco,0.1635177917778492,0.32751842130834624,0.22171274647116662,0.4708861762920573,0.0,0.0204081632653061,0.1,1.0
290175,mscoco,0.03249619398266077,0.09667533209265565,0.03879809621721506,0.1413624385029859,0.4,0.2,0.6,1.0
295589,mscoco,0.08900589123368263,0.21399862831898073,0.12532056793570517,0.3162416162010931,0.0,0.0028735632183908,0.0,0.0025316455696202
442478,mscoco,0.1617194101214409,0.32804186983413963,0.23007586896419524,0.4163780842259636,0.0,0.0108695652173913,0.0,0.0153846153846153
267598,mscoco,0.170588605850935,0.4024158490674714,0.19951702058315277,0.4548513354323725,0.3,1.0,0.4,1.0
386424,mscoco,0.09168441481888294,0.2102273334929475,0.07501728422939777,0.17382964823026403,0.2,0.3333333333333333,0.1,0.1666666666666666
10727,mscoco,0.13798630572855472,0.2771055810296466,0.16612772271037102,0.36482947860805426,0.0,0.0454545454545454,0.1,0.1
7452,mscoco,0.3103254497051239,0.37082906629231865,0.38994530737400057,0.5335326979111967,0.2,0.1666666666666666,0.5,0.5
322560,mscoco,0.051579908840358256,0.137332582602008,0.055196595191955564,0.148202705655058,0.3,0.25,0.4,1.0
185849,mscoco,0.06976333092898131,0.14815573999708673,0.07433220986276864,0.22993490133876557,0.1,0.1666666666666666,0.0,0.0067567567567567
459827,mscoco,0.04459685515612364,0.13510786715037368,0.06503237709403038,0.19899426798539377,0.0,0.0769230769230769,0.3,0.5
415840,mscoco,0.09989817254245281,0.23180883707536976,0.08599102087318897,0.20615316676079232,0.0,0.0303030303030303,0.0,0.0057471264367816
206274,mscoco,0.10295423045754433,0.2518829700349004,0.0908770851790905,0.24041195715523475,0.1,1.0,0.2,1.0
239888,mscoco,0.3009327605366707,0.49542871453881354,0.28638816326856614,0.47423194019533066,0.1,0.3333333333333333,0.6,0.5
120,drawbench,0.10111643671989441,0.2541794928870033,0.15042828768491745,0.3017387766074338,0.0,0.0,0.0,0.0
309169,mscoco,0.07283604480326175,0.1731623961244842,0.1834392838180065,0.37638075008295657,0.0,0.04,0.2,0.5
112996,mscoco,0.11246865466237069,0.3495099299537692,0.12463909313082695,0.34663071760522973,0.1,1.0,0.1,1.0
459343,mscoco,0.1816618524491787,0.3960036812031058,0.18059516921639443,0.4887311291408185,0.4,1.0,0.7,1.0
471488,mscoco,0.16184710562229157,0.3006785172666799,0.17531524896621703,0.34081143780339274,0.0,0.0024213075060532,0.0,0.025
252919,mscoco,0.17915892153978347,0.34324986620236675,0.1975780487060547,0.3674277050634664,0.3,1.0,0.4,0.5
7945,mscoco,0.0685621988028288,0.17056434257572473,0.07141312025487423,0.19735513610543431,0.0,0.0625,0.1,1.0
162215,mscoco,0.2575972959399223,0.42991296480739666,0.24941297322511674,0.4390764472592307,0.4,0.5,0.6,1.0
193889,mscoco,0.049966765381395814,0.14493361460882234,0.10887846350669861,0.27798188774932836,0.0,0.0070422535211267,0.1,1.0
46,drawbench,0.05497228484600782,0.15941083284943852,0.06427271887660027,0.17182211895857916,0.0,0.0,0.0,0.0
30,drawbench,0.0837053969502449,0.2482748055900735,0.08472692854702472,0.22924816278938512,0.0,0.0,0.0,0.0
386864,mscoco,0.06601949837058782,0.24338868798150287,0.06668207012116908,0.2386512545848816,0.1,0.25,0.2,0.25
232287,mscoco,0.04906025696545839,0.15856077015617254,0.050294441357254985,0.1555233404234837,0.0,0.0204081632653061,0.1,0.5
241027,mscoco,0.3413976296782494,0.5981203498195569,0.3116050183773041,0.42100952166289135,0.6,0.3333333333333333,0.3,0.1666666666666666
213795,mscoco,0.10906881392002106,0.31930592477791137,0.15334610156714917,0.24875536499932407,0.1,0.25,0.2,0.25
12059,mscoco,0.06904502008110285,0.17566252966658855,0.05759325791150331,0.20144714267116243,0.1,1.0,0.1,1.0
162753,mscoco,0.14790393486618997,0.41984726175734494,0.1673062801361084,0.3431179038018224,0.2,1.0,0.0,0.0555555555555555
425458,mscoco,0.05464877560734749,0.19506654696385242,0.08404711484909058,0.1909257430980062,0.2,0.5,0.4,0.3333333333333333
368956,mscoco,0.21809949800372125,0.365019766034685,0.16465416625142099,0.3703860836005527,0.1,0.1,0.0,0.0526315789473684
496410,mscoco,0.06985275708138942,0.21198429604725852,0.07295516207814216,0.23243482387729197,0.1,0.1111111111111111,0.2,0.5
532612,mscoco,0.09094755575060845,0.26924893575287584,0.0946683146059513,0.2623358515719943,0.1,1.0,0.0,0.0625
230837,mscoco,0.13294904120266438,0.266903177138141,0.18577152937650682,0.41961177856141385,0.0,0.0196078431372549,0.0,0.0769230769230769
460882,mscoco,0.30816287994384767,0.605632197085065,0.34727690145373347,0.48484831379230275,0.4,0.5,0.3,0.5
485852,mscoco,0.04011735711246729,0.11991213086898496,0.0854930780827999,0.1762108849687644,0.1,0.3333333333333333,0.0,0.0416666666666666
72342,mscoco,0.2547523155808449,0.3744058291560777,0.22611853182315828,0.5012480266483986,0.2,1.0,0.1,0.2
81017,mscoco,0.14529023095965385,0.3110605626357171,0.15364127084612847,0.34068004039165267,0.0,0.0909090909090909,0.1,0.125
401828,mscoco,0.07870866842567921,0.18807259245416538,0.09211923964321614,0.25379097132107636,0.2,0.1666666666666666,0.2,1.0
554138,mscoco,0.13803003318607807,0.28233290560453367,0.2892042137682438,0.512334060019409,0.0,0.0666666666666666,0.1,0.1111111111111111
321742,mscoco,0.26113575100898745,0.3915558535510601,0.21135756373405457,0.41978019744179756,0.4,1.0,0.7,1.0
574384,mscoco,0.1997397616505623,0.36390612243698195,0.21394837498664857,0.41879783075772875,0.0,0.002020202020202,0.0,0.0014306151645207
446557,mscoco,0.09156911335885524,0.25679306980740835,0.09997483342885971,0.2635147924616639,0.1,0.1428571428571428,0.0,0.05
253498,mscoco,0.11859708763659,0.24363997181672328,0.15626669228076934,0.48478614496646133,0.1,0.3333333333333333,0.4,0.25
448251,mscoco,0.07306038402020931,0.17941024734062974,0.07141480147838593,0.194364399192175,0.1,0.5,0.0,0.0188679245283018
116622,mscoco,0.4402489960193634,0.5579598354470652,0.4546579748392105,0.7197903283327823,0.3,1.0,0.3,0.3333333333333333
486899,mscoco,0.1668343275785446,0.3074381467915519,0.2100071132183075,0.4106695266033718,0.2,1.0,0.0,0.0178571428571428
59295,mscoco,0.1081835888326168,0.27117065550464126,0.11096557900309563,0.30914185803672467,0.1,1.0,0.1,0.2
289012,mscoco,0.10798721723258495,0.26205797230173555,0.12627776488661765,0.2988632541409563,0.1,0.2,0.1,1.0
435902,mscoco,0.16526603996753692,0.2879718280748561,0.2344404712319374,0.41910346857775116,0.2,0.25,0.6,1.0
480518,mscoco,0.09473981149494648,0.28123722183312044,0.07881798967719078,0.23019396742170914,0.5,0.5,0.4,1.0
39272,mscoco,0.17359142675995826,0.37827161247570223,0.16284328401088716,0.4061318857222168,0.1,0.5,0.1,1.0
558579,mscoco,0.055637013539671897,0.16542691484538907,0.06694761961698532,0.20990075970529054,0.2,1.0,0.2,0.2
143348,mscoco,0.17501643672585487,0.3221639673751113,0.22400448769330977,0.4137808450597199,0.1,1.0,0.4,0.2
16961,mscoco,0.07606695871800184,0.18156390263371489,0.06746067851781845,0.1723491361572407,0.1,0.5,0.1,0.1428571428571428
489939,mscoco,0.08478599488735199,0.26208223601385316,0.13747799955308437,0.3169782915563564,0.0,0.0116279069767441,0.1,0.3333333333333333
185281,mscoco,0.09923222362995147,0.27680277208309984,0.11980127394199372,0.28165538766842685,0.2,1.0,0.2,1.0
500622,mscoco,0.0400847127661109,0.10704846003095164,0.05136615950614214,0.12729341392739435,0.1,1.0,0.1,0.5
220772,mscoco,0.2015127010643482,0.3730510035403886,0.1815792962908745,0.3897955047003724,0.0,0.0060240963855421,0.0,0.0068965517241379
550400,mscoco,0.07477118838578463,0.1693763005955522,0.06489812266081571,0.1734490692754432,0.2,1.0,0.2,1.0
378906,mscoco,0.15642230063676835,0.2666716243650097,0.1817255698144436,0.3978529024500763,0.0,0.0769230769230769,0.1,1.0
542111,mscoco,0.16595127433538437,0.4131818392313181,0.2715316563844681,0.4299915440591519,0.1,0.1,0.0,0.0666666666666666
3217,mscoco,0.2308663010597229,0.4851879492984119,0.32897177785634996,0.4614849830744178,0.4,1.0,0.4,0.5
96625,mscoco,0.06501945853233337,0.1989405526236089,0.12592952996492385,0.27711256047243393,0.1,0.5,0.4,1.0
60328,mscoco,0.29928760379552843,0.49630658377062525,0.4281919479370117,0.6411728680626265,0.1,0.1666666666666666,0.3,0.1666666666666666
402287,mscoco,0.05116119552403688,0.16140527021405157,0.060139982402324675,0.19904497496509202,0.3,1.0,0.4,0.25
517909,mscoco,0.0664258923381567,0.15891819268816662,0.07532487642019987,0.23821110415835842,0.1,0.5,0.0,0.0285714285714285
113233,mscoco,0.09819439463317395,0.2023883636975858,0.1775178238749504,0.327567729620498,0.0,0.0072463768115942,0.1,1.0
77181,mscoco,0.05822069980204105,0.16930660776920034,0.09978968352079391,0.23306263162590155,0.1,0.5,0.0,0.0024752475247524
371243,mscoco,0.11952151022851468,0.2695637609610731,0.1899272620677948,0.4046256467806163,0.0,0.0666666666666666,0.8,1.0
146656,mscoco,0.1175322912633419,0.26974766402110906,0.15228763744235038,0.28549322848862707,0.1,0.2,0.0,0.0666666666666666
430688,mscoco,0.03710516020655632,0.09694767411546612,0.041467174887657166,0.11685556938864683,0.1,0.25,0.1,1.0
143449,mscoco,0.11213377788662911,0.26415721099492107,0.14871781542897225,0.3830816865805523,0.5,1.0,0.3,1.0
57433,mscoco,0.19444032162427902,0.29001708604562404,0.23682541772723198,0.4633547461994052,0.1,0.2,0.0,0.0769230769230769
298736,mscoco,0.0636551633477211,0.17400622885051467,0.0946198645979166,0.26229846047553806,0.1,1.0,0.4,1.0
406550,mscoco,0.2154151104390621,0.3739537868849378,0.16366715878248214,0.3170938996939909,0.1,0.1428571428571428,0.0,0.037037037037037
561903,mscoco,0.06297163367271423,0.17736715888951288,0.06954586766660213,0.18905385439799083,0.0,0.0476190476190476,0.1,1.0
227699,mscoco,0.37069079130887983,0.76178014989942,0.36128035485744475,0.6511615649080374,0.4,1.0,0.4,0.5
59821,mscoco,0.11548199728131295,0.30611982719304104,0.1518193908035755,0.35158759546716656,0.0,0.0083333333333333,0.0,0.04
265612,mscoco,0.05141315143555403,0.1625855163447238,0.058368929848074916,0.16655140684035227,0.3,1.0,0.2,1.0
24591,mscoco,0.10207846686244011,0.25458466762819537,0.19124831557273864,0.4281588207310988,0.0,0.0714285714285714,0.3,0.5
71,drawbench,0.1310046799480915,0.2214065980106162,0.1181937087327242,0.3490871082505741,0.0,0.000432525951557,0.0,0.0008771929824561
35,drawbench,0.355818010866642,0.5503957232285019,0.34861270785331727,0.515555185719052,0.0,0.0454545454545454,0.0,0.0133333333333333
317833,mscoco,0.07107655331492424,0.16566083109058863,0.10403136759996415,0.26065785149478554,0.1,0.25,0.0,0.0454545454545454
544583,mscoco,0.15134555399417876,0.30713039801750464,0.31065380573272705,0.5037079244731005,0.0,0.0666666666666666,0.7,0.5
514544,mscoco,0.05351239629089832,0.14798820548957062,0.05016294568777084,0.14536426024279828,0.5,1.0,0.4,1.0
160199,mscoco,0.07312047444283962,0.21535431519393153,0.13085830807685853,0.28578017428830116,0.1,0.125,0.3,0.5
156445,mscoco,0.2112198255956173,0.516922845255992,0.2464183658361435,0.3560384939007247,0.2,1.0,0.4,1.0
46686,mscoco,0.0978438001126051,0.24251391953306978,0.08443337194621563,0.2115897210660537,0.2,1.0,0.2,0.3333333333333333
563457,mscoco,0.09022990129888057,0.2626610339365559,0.08671328760683536,0.2300774496480961,0.2,0.5,0.2,1.0
520848,mscoco,0.13744278326630593,0.2933832364392595,0.14976468831300735,0.320960172692981,0.4,1.0,0.5,0.25
433992,mscoco,0.08400340899825096,0.18595369162619604,0.0979635041207075,0.28144416293179164,0.0,0.0031746031746031,0.1,0.1666666666666666
415464,mscoco,0.10977220982313156,0.2667230468899477,0.07218771576881408,0.21089200213461212,0.0,0.0136986301369863,0.0,0.0045871559633027
62543,mscoco,0.15513271540403367,0.25253238347779555,0.22916101217269896,0.4237259578561774,0.3,0.2,0.7,0.5
123175,mscoco,0.240222030878067,0.4637248285964106,0.22703503221273422,0.458401425873121,0.4,1.0,0.3,1.0
65383,mscoco,0.34103317409753797,0.6045972041638018,0.592815974354744,0.728054540191585,0.3,0.5,1.0,1.0
544001,mscoco,0.10882979854941369,0.2680166448935423,0.1575860172510147,0.3163648189388041,0.4,1.0,0.2,0.1428571428571428
41104,mscoco,0.2094947248697281,0.36599909948685605,0.23399968817830086,0.3821921969314399,0.5,1.0,0.5,1.0
355193,mscoco,0.6741160839796067,0.7462027901719729,0.7379027366638183,0.8570835812178959,1.0,1.0,1.0,1.0
500940,mscoco,0.01242377357557416,0.046971034295986605,0.019166092853993177,0.06916545749336832,0.1,1.0,0.1,0.5
429142,mscoco,0.06943768560886383,0.17629390703319073,0.0716154795140028,0.23121423454197187,0.0,0.01,0.1,1.0
125252,mscoco,0.033052345365285875,0.11475235881710528,0.03781031928956509,0.11582227310302114,0.2,0.5,0.2,0.5
14683,mscoco,0.1520037591457367,0.34393567691180926,0.20537146925926208,0.3728401432225621,0.2,1.0,0.3,1.0
109,drawbench,0.11689685881137848,0.23291385031516443,0.11486035659909248,0.30955894610170615,0.1,0.1428571428571428,0.0,0.0135135135135135
391662,mscoco,0.04381158798933029,0.14465156294959447,0.050540060736238956,0.1428270671680401,0.1,0.25,0.4,0.5
409131,mscoco,0.06766785681247711,0.15431016774323913,0.11235105581581592,0.2978806477061745,0.2,0.5,0.4,1.0
478880,mscoco,0.27917504161596296,0.4338672057649736,0.3214992366731167,0.5247465812703976,0.0,0.05,0.2,0.5
230972,mscoco,0.048541016317903994,0.1491416583755759,0.06361288540065288,0.18623876264592734,0.1,1.0,0.1,0.3333333333333333
233093,mscoco,0.01943091177381575,0.06081971081324102,0.01934733223170042,0.06500881726543882,0.0,0.0064102564102564,0.0,0.0023364485981308
143,drawbench,0.035093235224485396,0.08467417946355667,0.024486002419143914,0.10519319964454782,0.0,0.0,0.0,0.0
59918,mscoco,0.13751577138900756,0.34659571494043756,0.20328613072633744,0.4473867015531894,0.2,1.0,0.7,1.0
575958,mscoco,0.09596392624080181,0.23650367013707393,0.09596831053495407,0.2510794450391206,0.0,0.0101010101010101,0.1,0.5
381160,mscoco,0.4932985082268715,0.677750368419205,0.3042245179414749,0.5138167254200529,0.0,0.0714285714285714,0.1,0.5
229067,mscoco,0.2654303953051567,0.3997730867340891,0.3515273749828339,0.5572850220317775,0.6,0.3333333333333333,0.6,1.0
412780,mscoco,0.04406257756054401,0.15516756532559814,0.07997609823942184,0.16651756587731517,0.0,0.0476190476190476,0.2,0.1428571428571428
515655,mscoco,0.0942844107747078,0.21025650108071678,0.09596005752682686,0.25989538360285624,0.0,0.0526315789473684,0.1,0.25
385037,mscoco,0.16747686713933946,0.41650274301578133,0.20057909786701203,0.3898437247228404,0.6,1.0,0.6,0.5
30281,mscoco,0.2413347363471985,0.5411238103109687,0.33487134873867036,0.5259547663662963,0.4,0.3333333333333333,0.5,0.3333333333333333
85472,mscoco,0.34426761567592623,0.5650806055379398,0.38239676207304,0.7024535196337905,0.8,1.0,0.9,1.0
262146,mscoco,0.09630346857011318,0.22492049288246566,0.1921181634068489,0.4069902569088736,0.0,0.0833333333333333,0.5,1.0
85155,mscoco,0.17733712270855903,0.38499544239486866,0.1780022367835045,0.3940349136077081,0.4,1.0,0.3,0.5
406250,mscoco,0.23565459996461868,0.46740380372323276,0.298674688488245,0.5855022782893258,0.3,1.0,0.5,0.5
172143,mscoco,0.04415190974250436,0.1155096991296693,0.06663971357047557,0.1894420715032816,0.0,0.0625,0.1,0.5
455667,mscoco,0.26647344380617144,0.46650931619492436,0.3014438435435295,0.5494752786137204,0.3,0.2,0.6,1.0
169006,mscoco,0.2120148427784443,0.33146032991832286,0.26121118739247323,0.5922008621617063,0.2,0.5,0.4,0.5
173109,mscoco,0.053965714573860166,0.18983040110031033,0.07840179018676281,0.21374844286229472,0.1,1.0,0.2,1.0
192322,mscoco,0.25321219116449356,0.4891259810698573,0.270556964725256,0.49288255865463426,0.9,1.0,0.8,1.0
222266,mscoco,0.1035317812114954,0.27577485391059636,0.1037357036024332,0.2622988154370385,0.3,1.0,0.3,1.0
325806,mscoco,0.1997938334941864,0.41334224798619357,0.23325669020414352,0.48565406441142384,0.2,1.0,0.5,0.3333333333333333
449537,mscoco,0.20580755695700645,0.45244183437132984,0.25602890849113463,0.46164284833746577,0.0,0.00625,0.0,0.0555555555555555
145284,mscoco,0.13398403078317642,0.3057061752364456,0.142379829287529,0.405749758725235,0.1,0.5,0.0,0.0909090909090909
465058,mscoco,0.21300516426563262,0.4905480297419714,0.38309034407138826,0.5980019854036683,0.3,0.5,0.9,1.0
165893,mscoco,0.05468568578362465,0.15275373517951701,0.10693545266985893,0.23166860184388352,0.1,1.0,0.1,1.0
537157,mscoco,0.11890276148915291,0.2658012032209618,0.15703838989138602,0.4518875880215831,0.0,0.0909090909090909,0.1,1.0
426323,mscoco,0.05680991895496845,0.17638087401946612,0.07852737754583358,0.1959045533371925,0.1,1.0,0.1,1.0
92280,mscoco,0.15973955057561398,0.3127289719667364,0.1418014496564865,0.30687602416792714,0.2,1.0,0.4,1.0
319118,mscoco,0.2566067136824131,0.5470539966528571,0.257794289290905,0.5147063788459588,0.3,1.0,0.5,0.5
234713,mscoco,0.20363698303699493,0.3894914650774534,0.20405070185661317,0.359236688942708,0.9,1.0,1.0,1.0
379165,mscoco,0.1339837521314621,0.2590863635009905,0.14785700887441636,0.35439257327361645,0.1,0.125,0.3,1.0
26551,mscoco,0.08746405821293593,0.2135833971548336,0.11851514056324959,0.3123150058993424,0.0,0.0303030303030303,0.3,1.0
280242,mscoco,0.07723595909774303,0.20261970483288752,0.10344413481652737,0.2335779509756041,0.2,0.2,0.1,0.1111111111111111
260307,mscoco,0.04818144589662552,0.17841233225972963,0.072849016264081,0.16264175952842497,0.0,0.0070422535211267,0.0,0.0526315789473684
433168,mscoco,0.17992833517491819,0.38521549476349354,0.18993731923401355,0.3812812261456139,0.3,1.0,0.3,1.0
319043,mscoco,0.1225967414677143,0.26963487069379966,0.15581466779112815,0.27228053099158905,0.1,0.25,0.3,0.25
381994,mscoco,0.06828981600701808,0.30961049661433776,0.10098397582769394,0.20609451790349276,0.0,0.0151515151515151,0.1,0.25
206044,mscoco,0.12696157470345498,0.29892588938218034,0.11008978113532067,0.29626965096652624,0.1,1.0,0.1,1.0
211312,mscoco,0.06034397073090077,0.16996904059226364,0.09441937357187272,0.20364219359423016,0.0,0.0188679245283018,0.1,1.0
42196,mscoco,0.15091831609606743,0.28770768638111544,0.20519532412290573,0.38301079663528914,0.0,0.0833333333333333,0.6,1.0
497096,mscoco,0.07774581089615822,0.2065052568881583,0.18302295878529548,0.3535376545443019,0.1,0.1666666666666666,0.4,0.2
81,mscoco,0.45559676736593246,0.637653028384327,0.5455780655145646,0.7348152919731169,0.0,0.0119047619047619,0.0,0.0256410256410256
486123,mscoco,0.06546214334666729,0.18091250916922524,0.05902152918279171,0.16145560903728354,0.0,0.0476190476190476,0.1,0.125
322,mscoco,0.07024965323507786,0.17283447799380994,0.09673124551773071,0.2830428695784038,0.1,0.1666666666666666,0.1,0.125
493294,mscoco,0.2332076296210289,0.46679727248264796,0.21885507479310035,0.3855184147913484,0.0,0.005,0.2,0.1428571428571428
187090,mscoco,0.1583286479115486,0.2667024447225471,0.24068761467933655,0.46867413194722424,0.6,0.25,0.8,1.0
372902,mscoco,0.09910891726613044,0.27628338797613244,0.13920736126601696,0.37489385987090834,0.1,1.0,0.1,1.0
293979,mscoco,0.18286150693893433,0.3599002942268188,0.22951892018318176,0.31343159923709796,0.3,1.0,0.3,0.5
417090,mscoco,0.07743737492710352,0.2183552969651534,0.10647137723863125,0.25631086583249935,0.0,0.0109890109890109,0.1,1.0
422172,mscoco,0.0477293610572815,0.14965934864247593,0.05076985936611891,0.18632823916515132,0.1,0.5,0.1,1.0
280988,mscoco,0.08567848838865758,0.20409185458525833,0.07926549538969993,0.2726792278389509,0.1,0.25,0.1,1.0
227558,mscoco,0.06986290924251079,0.20925537376600392,0.06432963162660599,0.2047840964972815,0.6,0.5,0.9,1.0
348006,mscoco,0.043335387483239174,0.13279621221803004,0.04850178137421608,0.16124011949211026,0.1,0.25,0.1,1.0
166716,mscoco,0.09217994101345539,0.2316724845367215,0.17324873432517052,0.3114216581556883,0.0,0.0625,0.0,0.0138888888888888
124018,mscoco,0.2723985701799393,0.4728245579567413,0.3745277225971222,0.6289365661495827,0.4,1.0,0.7,1.0
373792,mscoco,0.13358657509088517,0.38865628397490126,0.20616701394319534,0.3847060864407612,0.5,1.0,0.7,0.5
334364,mscoco,0.0771018099039793,0.1772747195856656,0.13507372960448266,0.38042670934533007,0.1,0.2,0.1,1.0
196473,mscoco,0.03870496973395347,0.12810346016734186,0.05079364916309714,0.1501405649575374,0.7,1.0,0.6,1.0
361866,mscoco,0.1647623173892498,0.2892570819259053,0.1324921242892742,0.30517866246658276,0.1,0.1,0.4,0.5
468932,mscoco,0.08935499861836434,0.27647454361289725,0.08504666797816754,0.2740554691691796,0.1,0.1428571428571428,0.1,0.5
447354,mscoco,0.2864826500415802,0.5691028622671189,0.28153507485985757,0.5766778914181906,0.3,1.0,0.2,1.0
85846,mscoco,0.1556612618267536,0.3572655466135753,0.14871174171566964,0.2991699493663079,0.1,1.0,0.0,0.0035971223021582
173631,mscoco,0.076635417714715,0.1825712609970494,0.07394847646355629,0.22426729200322862,0.1,1.0,0.3,1.0
266805,mscoco,0.1179547630250454,0.22640818070443144,0.14592937156558036,0.37270871081152807,0.0,0.0256410256410256,0.3,1.0
299662,mscoco,0.129523965716362,0.4060546110589168,0.12952332608401776,0.2533724916927271,0.0,0.0666666666666666,0.0,0.0068027210884353
569520,mscoco,0.0516049686819315,0.1601424500468983,0.07535989955067635,0.16986326216123465,0.1,0.125,0.2,1.0
193,drawbench,0.046923739835619926,0.1316619756139324,0.05430153198540211,0.1622920759707276,0.0,0.0,0.0,0.0
205356,mscoco,0.06868778541684151,0.15880167137219736,0.10295303761959076,0.2504138663221313,0.0,0.0555555555555555,0.1,0.1666666666666666
119,drawbench,0.05555940382182598,0.16667605470314645,0.05185129009187221,0.16734775185440745,0.0,0.0,0.0,0.0
394814,mscoco,0.06347060315310955,0.1772284064550674,0.08913429640233517,0.25583488324184495,0.0,0.0384615384615384,0.2,0.25
204940,mscoco,0.15103150717914104,0.2610893110100017,0.2126954600214958,0.3956756389585801,0.2,0.3333333333333333,0.3,1.0
167740,mscoco,0.22035723589360715,0.4616135151402038,0.25088717266917226,0.5016242060141951,0.0,0.0769230769230769,0.1,0.2
544590,mscoco,0.21011170446872712,0.46379435953837067,0.19509966894984246,0.4230306620160939,0.5,0.5,0.4,1.0
344974,mscoco,0.13368858210742474,0.33515592754803003,0.14023568406701087,0.37635877149078034,0.1,1.0,0.1,0.3333333333333333
440434,mscoco,0.017158464808017016,0.05620635253458158,0.021934871654957534,0.08057302720700131,0.1,1.0,0.1,0.1666666666666666
30752,mscoco,0.1524595893919468,0.31081064957701665,0.1576386958360672,0.3000255857491842,0.4,1.0,0.6,1.0
288975,mscoco,0.06383184678852558,0.18677988440265847,0.08826573193073273,0.2527246260508371,0.0,0.0114942528735632,0.1,0.2
45966,mscoco,0.01691238912753761,0.04218786426577774,0.02072633975185454,0.07301601003870496,0.1,1.0,0.0,0.037037037037037
136042,mscoco,0.033789655100554226,0.11956447078061089,0.03586403457447886,0.12983519841112398,0.1,0.25,0.1,0.1428571428571428
369514,mscoco,0.17498240396380424,0.35551515856600097,0.19412241205573083,0.3120318678126152,0.1,1.0,0.0,0.0666666666666666
483525,mscoco,0.11693763136863708,0.3000992608599438,0.13989570811390878,0.28935482177865457,0.2,0.1666666666666666,0.3,1.0
280347,mscoco,0.11609338745474815,0.275288414463581,0.09489362798631192,0.26020797809932056,0.3,1.0,0.5,1.0
411343,mscoco,0.15838638320565224,0.3013313587294654,0.21928502321243287,0.44199315143122936,0.3,0.1428571428571428,0.8,0.5
567803,mscoco,0.5956463634967804,0.7664088015584283,0.6050404876470565,0.7285643772325634,0.2,0.3333333333333333,0.3,1.0
217458,mscoco,0.018461836967617273,0.06305606221005565,0.02461227625608444,0.09261268714641009,0.1,0.1666666666666666,0.1,1.0
166430,mscoco,0.06747016720473767,0.20503693639321935,0.07840003482997418,0.21721737811630032,0.1,0.3333333333333333,0.0,0.0666666666666666
556597,mscoco,0.14518099948763846,0.33366655467092643,0.18873950839042664,0.2791511316360935,0.0,0.0434782608695652,0.3,0.25
365556,mscoco,0.5753277093172073,0.7698576228688707,0.5893022626638412,0.8215535457954002,0.3,1.0,0.3,0.5
20987,mscoco,0.11706265471875668,0.27320871421090775,0.15983056351542474,0.3141948819890868,0.0,0.0263157894736842,0.1,1.0
162031,mscoco,0.037653766386210916,0.11508955344844692,0.032439910992980006,0.11018910804982918,0.2,1.0,0.2,1.0
485955,mscoco,0.016605931194499136,0.07344659091695659,0.031663835793733594,0.11068152089580191,0.1,0.3333333333333333,0.1,1.0
202307,mscoco,0.16656759455800058,0.2974961596899239,0.18266468197107316,0.4488105123815731,0.5,0.5,0.9,1.0
502126,mscoco,0.09511840976774692,0.23503342094222376,0.12294388301670552,0.33886944481281345,0.0,0.0666666666666666,0.1,0.1
10130,mscoco,0.05382815282791853,0.129991411935775,0.03316767271608114,0.10805988860278876,0.1,1.0,0.1,1.0
33489,mscoco,0.037187159340828654,0.11406113709873134,0.0440406084060669,0.1211723576891979,0.1,0.5,0.1,0.2
167152,mscoco,0.23106516748666764,0.3583375839521581,0.2101455494761467,0.4685963314414063,0.0,0.0294117647058823,0.0,0.0188679245283018
554207,mscoco,0.06151012871414423,0.15836963776306803,0.14133091345429422,0.3551857570435063,0.1,1.0,0.2,0.3333333333333333
162827,mscoco,0.197380880266428,0.4427139748014504,0.29146655201911925,0.5252904904642208,0.1,1.0,0.3,1.0
329217,mscoco,0.05694793481379747,0.16958422958599545,0.04897193377837539,0.1435676709104905,0.1,1.0,0.1,1.0
187194,mscoco,0.0971494272351265,0.22456827173804017,0.09175219275057316,0.19849126480972754,0.1,0.5,0.2,1.0
374357,mscoco,0.10858132261782885,0.2581681636383758,0.1463033150881529,0.2653487171891728,0.5,1.0,0.9,1.0
240976,mscoco,0.09027575366199017,0.24436389636684536,0.09853720217943192,0.2483069816451345,0.1,0.3333333333333333,0.0,0.0666666666666666
558171,mscoco,0.14465545453131198,0.38283558022302683,0.21186430007219315,0.3989754076295923,0.0,0.0068965517241379,0.0,0.0625
126714,mscoco,0.042952661775052546,0.12928901557705977,0.08333403896540403,0.23275752129841404,0.0,0.0006361323155216,0.1,0.2
132652,mscoco,0.2305201545357704,0.46360175353372274,0.3148628309369087,0.4923191356939301,0.7,1.0,0.8,1.0
87272,mscoco,0.06046963687986136,0.2737258273804314,0.10162377748638392,0.3301094290796016,0.1,1.0,0.2,1.0
18973,mscoco,0.08011295013129711,0.20298709631843107,0.08811929672956467,0.22489679810421506,0.2,1.0,0.0,0.0833333333333333
214261,mscoco,0.19435082897543907,0.4550544975250454,0.1917988546192646,0.35005268795381134,0.3,1.0,0.3,1.0
44136,mscoco,0.03602083791047335,0.1085606461671467,0.03429638319648802,0.12784144055599697,0.1,0.1,0.0,0.0769230769230769
204020,mscoco,0.01228133044205606,0.0438477648961619,0.019676315318793058,0.061516662554572,0.0,0.0088495575221238,0.1,0.3333333333333333
226848,mscoco,0.18439799696207046,0.3572908013935207,0.2086779333651066,0.422537203366687,0.3,0.1666666666666666,0.7,1.0
303570,mscoco,0.19156306907534598,0.3507197493798156,0.17089968621730806,0.31150644582366827,0.1,0.1111111111111111,0.0,0.0909090909090909
399983,mscoco,0.17979696467518808,0.29379002635061086,0.24689793437719346,0.5123487994850595,0.1,0.125,0.3,1.0
168843,mscoco,0.083737763017416,0.2233414324775975,0.11166656911373138,0.23330458570546025,0.2,1.0,0.2,1.0
369074,mscoco,0.25754047334194186,0.4784582995709697,0.19996750615537168,0.4773435294649504,0.1,1.0,0.2,1.0
364487,mscoco,0.12416637912392617,0.276338994376165,0.15875114351511002,0.3222009501422707,0.0,0.0085470085470085,0.0,0.0051282051282051
232546,mscoco,0.06503491178154945,0.20946194660908782,0.09551307149231433,0.21581800698729575,0.1,0.5,0.0,0.0052910052910052
159,drawbench,0.014898770768195391,0.0551894280858723,0.030452121794223786,0.09939893277544042,0.0,9.588095420725627e-06,0.0,1.7944300890037325e-05
329336,mscoco,0.11191363856196404,0.2569687329412973,0.19011679887771607,0.36907524265814634,0.0,0.0476190476190476,0.0,0.0769230769230769
229481,mscoco,0.058070660755038264,0.17417019266144976,0.1143803171813488,0.24218711130338424,0.0,0.04,0.2,0.25
528575,mscoco,0.21433277800679207,0.4089310908305827,0.13922525718808174,0.3185433343880092,0.1,1.0,0.1,1.0
3694,mscoco,0.10600005239248275,0.23628147061199392,0.17641031071543695,0.4839327810934826,0.0,0.0909090909090909,0.4,1.0
417016,mscoco,0.2998301565647125,0.4080378614014381,0.4542331099510193,0.7066642167105791,0.1,0.1666666666666666,0.2,0.1666666666666666
251418,mscoco,0.050181342847645284,0.16838862381650405,0.06502477638423443,0.18832387730253972,0.0,0.0476190476190476,0.0,0.0263157894736842
547866,mscoco,0.20023287758231162,0.30695937255439243,0.20418767035007476,0.4552837693332113,0.3,0.5,0.4,0.5
166998,mscoco,0.14494624957442284,0.25843313346104885,0.20799446403980254,0.3522622951672365,0.4,0.3333333333333333,0.6,1.0
570864,mscoco,0.03254759348928928,0.11644604251683445,0.0273185096681118,0.10030126669145321,0.6,1.0,0.4,0.5
462445,mscoco,0.06460376475006342,0.20635745117465001,0.06328238751739264,0.21284963860263825,0.1,1.0,0.1,1.0
300661,mscoco,0.03599513927474618,0.1149354046032781,0.041705443523824215,0.11163416299067222,0.1,0.1666666666666666,0.1,1.0
169502,mscoco,0.1467596184462309,0.30161528662750414,0.09497737623751164,0.2271651713269982,0.1,0.2,0.1,1.0
66144,mscoco,0.06970716193318367,0.17234914820988578,0.1322140835225582,0.3036679631678477,0.1,0.1,0.1,1.0
269843,mscoco,0.04843432661145926,0.1753432027769568,0.05094906594604254,0.12866069040540548,0.1,0.25,0.1,1.0
54938,mscoco,0.09373193010687828,0.2648822066526481,0.10068036019802093,0.26386344260159167,0.0,0.0175438596491228,0.0,0.04
27390,mscoco,0.19149370566010476,0.2959607262951894,0.20272254422307015,0.3504129635185999,0.1,0.1666666666666666,0.1,0.3333333333333333
521978,mscoco,0.18373136669397355,0.3654908723829232,0.16414925903081895,0.41564147171356824,0.1,1.0,0.1,0.5
429433,mscoco,0.1264612477272749,0.23227524839246658,0.13066778406500817,0.40275898988091896,0.1,0.25,0.0,0.0093457943925233
134,drawbench,0.07792714713141322,0.21957870528987206,0.06943534910678864,0.1757918443031148,0.0,2.6367136001687492e-05,0.0,0.0021231422505307
378621,mscoco,0.043431257084012034,0.14220643904415417,0.06869124472141266,0.1889209979497184,0.1,0.1111111111111111,0.0,0.0476190476190476
222948,mscoco,0.0592000350356102,0.180837998190359,0.07467127740383148,0.2048866548361443,0.0,0.0056497175141242,0.1,0.3333333333333333
77,drawbench,0.08407192789018154,0.2497138604912829,0.06632949784398079,0.21179795729958967,0.0,0.0095238095238095,0.0,0.0084033613445378
124903,mscoco,0.2460800439119339,0.36755537706197694,0.2598624974489212,0.44014881674971684,0.1,0.3333333333333333,0.8,1.0
359375,mscoco,0.05634805113077164,0.1731911744709998,0.08148911781609058,0.22124988957368688,0.1,0.5,0.1,0.5
244760,mscoco,0.07659847773611546,0.18650675677020778,0.08562053143978118,0.19912666763693726,0.7,1.0,0.8,1.0
83097,mscoco,0.06124923769384623,0.15601979176308364,0.045457837730646135,0.12634092615431367,0.3,0.2,0.3,0.3333333333333333
337264,mscoco,0.03841503616422415,0.1248214290484301,0.0405756613239646,0.12942639477098322,0.1,1.0,0.1,1.0
145921,mscoco,0.2410325139760971,0.49199142393255874,0.2895901843905449,0.5510573903293357,0.2,0.2,0.0,0.0833333333333333
422155,mscoco,0.12762612365186216,0.455338542478443,0.11040976047515869,0.28185426902387295,0.5,1.0,0.8,1.0
451969,mscoco,0.07124683018773795,0.1623705162653422,0.10860697738826275,0.2223581622307092,0.1,0.1666666666666666,0.1,0.2
484344,mscoco,0.06735791936516762,0.18708778541554263,0.08623499497771263,0.24395312535595756,0.2,0.25,0.3,0.3333333333333333
488952,mscoco,0.14386301785707473,0.317648146176247,0.18795288130640983,0.34253914207517694,0.1,0.1666666666666666,0.1,1.0
67163,mscoco,0.1225443534553051,0.26606783633200826,0.13824190944433212,0.32424082023868067,0.1,1.0,0.1,0.3333333333333333
521068,mscoco,0.05545247141271829,0.1456367600720931,0.059968608990311624,0.16125297563018867,0.1,0.1,0.0,0.0119047619047619
424340,mscoco,0.04509494043886662,0.11581175586447727,0.06273701153695584,0.1831963723364246,0.1,0.2,0.0,0.0769230769230769
364491,mscoco,0.09133815243840218,0.21361530640086887,0.09702966436743736,0.23973192939445914,0.2,1.0,0.0,0.0909090909090909
556901,mscoco,0.27215126156806946,0.47495748012544814,0.25760890543460846,0.5509646110140819,0.2,0.5,0.0,0.0526315789473684
420826,mscoco,0.2893151745200157,0.5702135376336734,0.2829817861318588,0.46125266164428563,0.2,1.0,0.2,0.3333333333333333
283213,mscoco,0.11315647326409817,0.2773119085927493,0.18434032127261163,0.39112823731579915,0.0,0.0833333333333333,0.2,0.2
214363,mscoco,0.018679439648985864,0.062127969379870855,0.031990889273583886,0.10126675079599103,0.1,0.25,0.1,1.0
165350,mscoco,0.29296065419912337,0.5319615379433713,0.3407768040895462,0.593310585218887,0.0,0.0909090909090909,0.2,1.0
79806,mscoco,0.10712681151926517,0.24890890608892857,0.09876647256314755,0.2442808979770468,0.0,0.0833333333333333,0.1,0.125
279175,mscoco,0.07410150356590747,0.17348823225053683,0.06266188807785511,0.21165137562596045,0.3,0.5,0.4,1.0
200423,mscoco,0.0975538033992052,0.19231263497312628,0.1704026199877262,0.33497621578721626,0.1,0.1111111111111111,0.2,0.1111111111111111
11041,mscoco,0.32410747483372687,0.5010453283306158,0.5253476709127426,0.7800229381663213,0.7,1.0,0.7,0.3333333333333333
61377,mscoco,0.04357939064502716,0.13879245382180178,0.045159072428941724,0.1525292782385003,0.1,0.1,0.1,0.5
499094,mscoco,0.29183642417192457,0.4155336687345819,0.3809119924902916,0.6082282084822961,0.0,0.0476190476190476,0.3,0.25
65,drawbench,0.06694359760731458,0.18659783406561298,0.046840217895805836,0.11983740140353709,0.0,0.0,0.0,0.0
20542,mscoco,0.2154415838420391,0.3916427992756053,0.24826878309249878,0.4166075876289399,0.2,0.3333333333333333,0.2,1.0
295472,mscoco,0.10800672098994255,0.24807412046730645,0.13667448610067368,0.3118011222398872,0.2,0.3333333333333333,0.7,1.0
4471,mscoco,0.1635063596069813,0.3456266901308498,0.11822284795343876,0.24967629937846092,0.3,0.5,0.2,0.25
518816,mscoco,0.011449544038623572,0.03868606126652682,0.017706543579697608,0.060475377120757165,0.1,1.0,0.1,0.3333333333333333
267700,mscoco,0.17911771386861802,0.4584726929397116,0.2996071085333824,0.4320356856308779,0.8,1.0,0.5,1.0
436696,mscoco,0.11244762167334557,0.36011770816555394,0.13880455121397972,0.35993427246113624,0.0,0.0833333333333333,0.2,0.5
477351,mscoco,0.02916763601824641,0.09204744231979967,0.025761103350669147,0.07856354830217133,0.2,1.0,0.2,1.0
84084,mscoco,0.19208499193191528,0.4059072172266525,0.23165636360645295,0.37167769707571147,0.1,1.0,0.4,0.5
492314,mscoco,0.24456331878900528,0.4531531972104983,0.48167888522148133,0.67817218646402,0.1,0.125,0.2,0.3333333333333333
13882,mscoco,0.052322229743003844,0.12916175006748265,0.027439412381500005,0.10753799118183237,0.1,1.0,0.1,1.0
125700,mscoco,0.044479590840637684,0.16061572156094078,0.08698621913790702,0.21407940888035126,0.2,0.5,0.1,1.0
370103,mscoco,0.2398505203425884,0.4440431792717874,0.2533522270619869,0.42864748009751247,0.3,1.0,0.0,0.0909090909090909
94,drawbench,0.05876310877501965,0.15496989214998916,0.06256900038570165,0.18413647402199038,0.0,0.0769230769230769,0.0,0.0048543689320388
137273,mscoco,0.19773885011672973,0.45424245956272824,0.23203578144311904,0.5564320414967974,0.1,0.5,0.1,1.0
106935,mscoco,0.0834469422698021,0.2311962846268186,0.1627929151058197,0.34084672132678917,0.1,0.1111111111111111,0.1,0.125
797,mscoco,0.19393603578209878,0.46481224448292363,0.22994809001684188,0.37872612299363556,0.5,0.5,0.6,1.0
107362,mscoco,0.04466470303013921,0.11851521759943139,0.06675767377018929,0.22257157502076197,0.1,0.125,0.3,1.0
81128,mscoco,0.02684130850248039,0.07578796454976428,0.02137595694512129,0.0903296153701653,0.1,0.5,0.1,1.0
442554,mscoco,0.07415399122983217,0.3067471621490241,0.07004321720451116,0.30767050469049245,0.1,1.0,0.1,1.0
19413,mscoco,0.16378686726093292,0.3837483759269856,0.17335695400834084,0.361356409554571,0.0,0.008,0.0,0.0033444816053511
7583,mscoco,0.05845787674188614,0.14864146426596025,0.10432660356163978,0.2388942006537729,0.0,0.0909090909090909,0.4,1.0
464634,mscoco,0.03380169589072466,0.08880849837381956,0.035128986462950706,0.10944798116096674,0.1,0.5,0.2,1.0
257788,mscoco,0.24884666725993157,0.5494752155742815,0.19457636624574662,0.5293465366600933,0.4,1.0,0.3,0.5
385438,mscoco,0.09697632268071174,0.22623046208920053,0.10701971910893918,0.236831414992566,0.0,0.04,0.0,0.0833333333333333
275432,mscoco,0.10625515654683113,0.22892282098635208,0.1885159570723772,0.30163583124193527,0.0,0.0232558139534883,0.1,1.0
490582,mscoco,0.04408916849642992,0.16904728300333627,0.0839124746620655,0.18755536648683507,0.1,0.5,0.1,1.0
399880,mscoco,0.054335817694664,0.15689001911925263,0.0671218253672123,0.19041724232618737,0.2,1.0,0.2,1.0
256903,mscoco,0.14618679881095886,0.29172901985221283,0.20292625576257706,0.42053290272382504,0.0,0.0476190476190476,0.6,0.3333333333333333
2349,mscoco,0.06782784201204776,0.20055505526200818,0.08001181110739708,0.20218989255635605,0.1,0.5,0.1,1.0
70735,mscoco,0.14073478057980537,0.2845226167971151,0.15004103034734725,0.2997287059586436,0.4,0.3333333333333333,0.5,1.0
73634,mscoco,0.05652025826275349,0.16856596782206293,0.08437565453350544,0.20751507887605342,0.4,1.0,0.5,1.0
495131,mscoco,0.08989149685949087,0.1921446644195181,0.09357045870274305,0.22044550252501807,0.0,0.0217391304347826,0.1,0.1
548953,mscoco,0.13288458697497846,0.3111536650920479,0.17659077420830727,0.3443822572119607,0.0,0.0119047619047619,0.0,0.0227272727272727
517780,mscoco,0.0879335705190897,0.2189235654082097,0.08973525203764439,0.23331706562692375,0.1,1.0,0.1,1.0
314616,mscoco,0.1476651355624199,0.318278994232647,0.1557707257568836,0.3501912262771259,0.0,0.0909090909090909,0.1,1.0
51070,mscoco,0.04109147060662508,0.13318692517759673,0.08501013219356537,0.22082121507667046,0.0,0.0048076923076923,0.1,0.5
61761,mscoco,0.09633968025445938,0.25370594107329425,0.09467295482754708,0.24859372955219675,0.3,1.0,0.5,1.0
228657,mscoco,0.21652618050575256,0.39657155850947534,0.39196471869945526,0.5451015770885714,0.1,0.1428571428571428,0.6,0.3333333333333333
328732,mscoco,0.21272173374891282,0.34422647217051133,0.25925666838884354,0.5192238153685609,0.3,0.25,0.3,1.0
152108,mscoco,0.2032842218875885,0.31483207967594423,0.2445342943072319,0.4563973900458343,0.4,1.0,0.7,0.5
309192,mscoco,0.1987597808241844,0.44176517069471594,0.17434234395623208,0.30088411089069483,0.3,1.0,0.2,0.25
28085,mscoco,0.013593256613239646,0.051856786257398556,0.011812110315077007,0.04479830264575724,0.1,1.0,0.1,1.0
392717,mscoco,0.08822693638503551,0.20204083127315034,0.05953855998814106,0.17033492773552397,0.0,0.003731343283582,0.1,1.0
373648,mscoco,0.16295264661312103,0.405092313419258,0.16715463250875473,0.4276913911096424,0.2,0.5,0.2,0.5
186201,mscoco,0.14190866388380527,0.3269664244971475,0.16815563142299653,0.3534160175809826,0.3,1.0,0.1,0.25
556248,mscoco,0.07911300454288721,0.18049737247154038,0.10367557760328054,0.2580362703808619,0.3,0.5,0.1,0.3333333333333333
30631,mscoco,0.04322170652449131,0.12105328933173,0.06623189188539982,0.18886304154101716,0.0,0.0012165450121654,0.1,0.25
109838,mscoco,0.1580557357519865,0.2969720996324668,0.11957831755280494,0.29554716084807875,0.1,1.0,0.4,0.2
97686,mscoco,0.09463173598051071,0.20144927784614808,0.08736779987812042,0.21100238368188692,0.1,1.0,0.1,0.1
22559,mscoco,0.07163486219942569,0.24997845919296965,0.08408683389425278,0.26119491743347384,0.1,1.0,0.1,1.0
163474,mscoco,0.29268996715545653,0.5401399497698217,0.19744178280234337,0.43720004843576277,0.0,0.0069930069930069,0.0,0.05
23489,mscoco,0.20780882686376573,0.353437813591822,0.21776227205991744,0.42009782488517733,0.6,1.0,0.8,1.0
460417,mscoco,0.13147768452763559,0.2667432881131865,0.11856955513358117,0.2974370926297786,0.0,0.0103092783505154,0.1,1.0
143120,mscoco,0.12062613666057587,0.2408164779314234,0.11288813948631286,0.2646715652719203,0.1,0.3333333333333333,0.2,0.5
549649,mscoco,0.06035470087081194,0.16640338921215114,0.04378334376960993,0.13377760089385826,0.1,0.5,0.1,1.0
62132,mscoco,0.061328118294477464,0.24408341280386864,0.06920849718153477,0.2349819582517984,0.1,0.5,0.1,1.0
371157,mscoco,0.06449182704091072,0.1877540667214706,0.03831530045717955,0.1294749712480148,0.0,0.04,0.1,0.1
376009,mscoco,0.035434131510555744,0.13468007868450013,0.0643068676814437,0.15942302586831042,0.1,1.0,0.0,0.0357142857142857
41997,mscoco,0.5872522592544556,0.6386876368383458,0.5306140542030334,0.6994067860145581,0.9,1.0,1.0,1.0
305338,mscoco,0.03650135844945908,0.12362742248554903,0.03133869916200638,0.1059969897264032,0.5,0.5,0.2,1.0
151922,mscoco,0.08768048509955406,0.2775239943127388,0.0966577623039484,0.23929375618039844,0.1,0.1428571428571428,0.3,1.0
169683,mscoco,0.1306300450116396,0.2634768516917846,0.1278240829706192,0.3020336478618446,0.5,1.0,0.7,1.0
504216,mscoco,0.026956606283783914,0.08233324200754158,0.01583887729793787,0.057131872758122156,0.1,1.0,0.1,0.5
42215,mscoco,0.26626873537898066,0.5181164745783573,0.18411594741046428,0.4028047349280411,0.5,1.0,0.5,1.0
285607,mscoco,0.3770692363381386,0.5655703109661797,0.3997050777077675,0.6068981231300352,0.0,0.0666666666666666,0.0,0.0192307692307692
345562,mscoco,0.048530823364853856,0.15071028843919834,0.05021573174744844,0.13319475890294286,0.1,0.2,0.1,0.1
155160,mscoco,0.09485218562185764,0.23267334074389054,0.10546807684004307,0.2671827623690793,0.1,1.0,0.1,1.0
576944,mscoco,0.059254216775298116,0.16923752829889274,0.10476942211389542,0.24154301860799793,0.1,0.3333333333333333,0.3,1.0
488360,mscoco,0.035982028627768156,0.09354064055667115,0.039740277780219914,0.10591242979461195,0.1,0.1428571428571428,0.1,0.3333333333333333
20641,mscoco,0.14950054846704006,0.3248128868718696,0.13306152131408452,0.36017724406169976,0.2,1.0,0.2,1.0
83268,mscoco,0.14964553974568845,0.2814306487933391,0.11883018650114537,0.2990271546626438,0.1,1.0,0.0,0.037037037037037
203618,mscoco,0.14703457839787007,0.2367121938385211,0.21392753794789315,0.4405892973722964,0.1,0.125,0.1,1.0
301870,mscoco,0.25354101210832597,0.5145462168992888,0.3534761816263199,0.5762009627820928,0.5,1.0,0.6,1.0
424788,mscoco,0.09157361537218094,0.1763719413236917,0.10156340040266514,0.2598188794420713,0.1,1.0,0.5,1.0
292170,mscoco,0.09199439063668251,0.2132589384801416,0.17092758119106294,0.37151741435110475,0.1,0.1111111111111111,0.3,0.5
502823,mscoco,0.10895232055336238,0.35067896351359756,0.108053127117455,0.21698563533430343,0.2,1.0,0.4,1.0
40531,mscoco,0.15380467474460602,0.3288169951155803,0.14722832776606082,0.3023042809114413,0.6,0.3333333333333333,0.8,0.5
162020,mscoco,0.09272862672805786,0.19101157362333662,0.07954608611762523,0.24536275182773748,0.1,0.25,0.1,0.3333333333333333
84853,mscoco,0.2144370459020138,0.4495174252248168,0.21685354486107827,0.34558488741062254,0.5,0.5,0.7,1.0
139839,mscoco,0.08891304805874825,0.21989632677015947,0.11255491226911545,0.29918228733812713,0.1,0.125,0.1,0.1666666666666666
163296,mscoco,0.7262800455093383,0.853978633140298,0.7045201390981675,0.8494026713067391,0.5,0.3333333333333333,0.4,1.0
268644,mscoco,0.16213761493563653,0.4017834353462406,0.19558163955807686,0.34368539024751654,0.7,1.0,0.9,1.0
69283,mscoco,0.01669285409152508,0.074642212253085,0.0255925971083343,0.08206888592542193,0.0,0.0169491525423728,0.1,1.0
59610,mscoco,0.24801622927188874,0.42753657592068517,0.25669665187597274,0.4655433456319036,0.5,1.0,0.7,1.0
471834,mscoco,0.0891240730881691,0.19747458558437198,0.1162223394960165,0.26574849828690106,0.2,0.3333333333333333,0.7,0.5
15197,mscoco,0.14709413051605225,0.24034492991114112,0.14659381657838821,0.335098092230992,0.4,0.5,0.6,0.5
343908,mscoco,0.03692716900259256,0.11400314328262805,0.052816814929246905,0.12689625014965442,0.0,0.0093457943925233,0.0,0.0208333333333333
451375,mscoco,0.03971546096727252,0.13184138437146778,0.021314645558595656,0.09051326715355369,0.1,0.3333333333333333,0.1,0.5
440027,mscoco,0.12488302439451218,0.270770685112553,0.1456794485449791,0.25106178605718277,0.2,0.25,0.5,0.5
377777,mscoco,0.043677494302392005,0.12530036881902004,0.05024056639522314,0.18095901549046595,0.0,0.0060240963855421,0.3,1.0
130240,mscoco,0.19976686760783197,0.33946050978895836,0.2840071991086006,0.4674329499482737,0.4,0.25,0.8,0.5
121618,mscoco,0.06237200032919645,0.1583405929632448,0.08446045070886612,0.20820457353804542,0.3,0.5,0.3,0.5
273245,mscoco,0.06089597009122372,0.18207364972625004,0.0814222477376461,0.22461363623097572,0.1,0.2,0.0,0.0714285714285714
187978,mscoco,0.05382146742194891,0.1417604373537968,0.0661815159022808,0.1682741958459913,0.1,0.25,0.1,1.0
395933,mscoco,0.07871222607791424,0.21006572649950037,0.07619099542498589,0.23345426178756298,0.1,0.5,0.1,1.0
247184,mscoco,0.10990113541483879,0.2674157655070435,0.1258577287197113,0.2991983558938771,0.1,0.2,0.4,0.5
198397,mscoco,0.13879035040736198,0.24141724796836428,0.16458414793014525,0.326626599150596,0.1,0.125,0.4,1.0
266207,mscoco,0.3405802398920059,0.5098125253361308,0.39176281690597536,0.6238759302722777,0.7,1.0,1.0,1.0
324816,mscoco,0.12416989728808403,0.29165548408987063,0.1437537595629692,0.3457071295532676,0.1,0.1111111111111111,0.1,0.25
539311,mscoco,0.056959619745612144,0.16033289567975773,0.08594907000660897,0.22094640037555097,0.1,1.0,0.2,1.0
34,drawbench,0.11603179052472115,0.2818894465228731,0.12267759591341018,0.33134246028055164,0.0,0.0,0.0,0.0
214413,mscoco,0.08669227249920368,0.2033091998076424,0.09850314743816853,0.2424548139985956,0.0,0.0526315789473684,0.1,1.0
521574,mscoco,0.0790209960192442,0.22377217579932723,0.06053899601101875,0.1974748441731467,0.0,0.0007710100231303,0.0,0.0185185185185185
317112,mscoco,0.036101079639047386,0.10725572264774332,0.02389019993133843,0.08117771890944465,0.1,1.0,0.1,0.1111111111111111
552295,mscoco,0.11428458988666534,0.29734963987523605,0.12638976760208606,0.33496861001560113,0.0,0.037037037037037,0.1,0.25
579787,mscoco,0.24151766151189805,0.5629243725682106,0.24668887704610826,0.43649806748276404,0.3,1.0,0.5,1.0
384422,mscoco,0.05789671447128057,0.18082760408958354,0.10388267859816551,0.2603592027173307,0.1,1.0,0.0,0.0434782608695652
531725,mscoco,0.2540642455220222,0.40033381127839757,0.28754343912005426,0.6350895094464972,0.4,0.5,0.7,1.0
491943,mscoco,0.07700788713991642,0.19120013120751783,0.09767600484192371,0.22336932613650493,0.1,0.5,0.1,1.0
56605,mscoco,0.1556831829249859,0.2675545224256661,0.11156625412404537,0.23504594194412542,0.1,0.5,0.4,1.0
444272,mscoco,0.03141202065162361,0.10563807485902477,0.027506875712424515,0.10294442434293918,0.0,0.0217391304347826,0.1,0.3333333333333333
220948,mscoco,0.06306681931018829,0.1865475662866986,0.07221766375005245,0.18504120187137257,0.1,0.1428571428571428,0.8,1.0
265176,mscoco,0.08517023138701915,0.19414893483466214,0.0895640455186367,0.19860479052267882,0.3,1.0,0.3,1.0
186,drawbench,0.1112102884799242,0.3114051733066104,0.18534046560525894,0.4308188162307741,0.0,0.0,0.0,0.0
275835,mscoco,0.08098620399832726,0.20543272931143908,0.08429650217294693,0.22732601002965516,0.2,0.5,0.2,0.1666666666666666
386036,mscoco,0.09368669390678405,0.22543220684529597,0.1082667525857687,0.2384604961089342,0.3,0.5,0.3,0.3333333333333333
165638,mscoco,0.12480553835630417,0.24077385097107296,0.17645757421851158,0.43576376889520446,0.1,0.1428571428571428,0.1,0.1666666666666666
388353,mscoco,0.11168700344860553,0.2407896278901577,0.1339724414050579,0.2956008911017966,0.1,0.125,0.2,1.0
4624,mscoco,0.27085518911480905,0.4845981324430637,0.2772105440497398,0.474214253733638,0.4,1.0,0.6,1.0
206871,mscoco,0.26968153826892377,0.38078036239484947,0.30215426757931707,0.6051252551088783,0.3,0.3333333333333333,0.4,1.0
516805,mscoco,0.062292150035500524,0.19835737810290854,0.06553635224699975,0.1968561398907358,0.1,1.0,0.1,1.0
531798,mscoco,0.16466850861907006,0.3396884245846411,0.22971395179629325,0.36374704353082626,0.4,0.5,0.5,1.0
89095,mscoco,0.25741768777370455,0.44494236206756066,0.2756580114364624,0.5176744942326632,0.1,0.1666666666666666,0.1,0.1666666666666666
18078,mscoco,0.07368168011307716,0.22339350262256236,0.07525127083063125,0.19649003848967742,0.7,0.5,0.6,1.0
136900,mscoco,0.4284793987870216,0.578594045148559,0.3760025814175606,0.44670985983099976,0.2,0.125,0.5,0.5
16,drawbench,0.04228292247280478,0.12106470495212786,0.054016338754445316,0.1430944328029131,0.0,0.0,0.0,0.0
350724,mscoco,0.12357959374785424,0.3745454596308355,0.17852889746427536,0.38118390605373514,0.1,0.25,0.1,0.3333333333333333
477195,mscoco,0.04158264882862568,0.12659256512363148,0.04524109177291393,0.14371902000835454,0.6,1.0,0.5,1.0
55059,mscoco,0.08131190221756697,0.2632463800430355,0.09124251268804073,0.2737554127935608,0.1,1.0,0.1,1.0
28214,mscoco,0.04855992533266544,0.17312414989134572,0.06379241570830345,0.17939709191253866,0.2,1.0,0.2,1.0
192812,mscoco,0.12601410672068597,0.22816155205783212,0.13303247652947903,0.24378634340591981,0.1,0.5,0.1,1.0
162717,mscoco,0.05930334106087685,0.17831913855458484,0.06839424967765809,0.17969170786750008,0.1,0.25,0.1,1.0
547136,mscoco,0.10730925016105175,0.22365806866063795,0.14297141022980214,0.30590889197785803,0.1,0.125,0.1,0.1
408182,mscoco,0.1381728809326887,0.25709448439720606,0.13889402002096177,0.3203519729658111,0.1,0.1666666666666666,0.1,0.2
360536,mscoco,0.06514641717076301,0.1673915893276933,0.05999773554503918,0.16001546422868268,0.1,1.0,0.1,1.0
485564,mscoco,0.17972613424062728,0.31364280771736053,0.3728771939873695,0.5575225786646465,0.3,0.3333333333333333,0.3,0.1666666666666666
360695,mscoco,0.3579991698265076,0.4701671832358274,0.4769333004951477,0.5606628064712879,0.4,0.25,0.6,0.5
514483,mscoco,0.06730596087872982,0.20234164898231286,0.09900549352169037,0.20238489521923736,0.1,0.25,0.2,1.0
409918,mscoco,0.07187551185488701,0.2229573098560961,0.09047965630888939,0.22999324598368526,0.1,0.5,0.1,1.0
34333,mscoco,0.01757372682914138,0.058516111162765796,0.019248480349779128,0.07094008482780893,0.1,1.0,0.1,0.5
156915,mscoco,0.10986814498901368,0.21428697085659745,0.09107457473874092,0.2881829251934806,0.1,0.125,0.1,1.0
16520,mscoco,0.28529766499996184,0.5011398974039754,0.20624515116214753,0.5034251257974258,0.1,1.0,0.1,0.5
308441,mscoco,0.28000425547361374,0.45700524537787424,0.37070578038692475,0.5859943327056911,0.4,1.0,0.7,1.0
246146,mscoco,0.19896534755825995,0.4192347727464537,0.29154251962900163,0.48937803624737336,0.1,0.125,0.4,1.0
525342,mscoco,0.048023599572479723,0.16447981104543785,0.0611288832500577,0.1408689647736978,0.0,0.0217391304347826,0.1,0.3333333333333333
293306,mscoco,0.1638401947915554,0.3726288480485303,0.19140081852674484,0.41717829440841,0.0,0.0769230769230769,0.0,0.0050761421319796
163431,mscoco,0.08212862648069859,0.18018316621939712,0.10210097730159759,0.3835654181836559,0.3,0.5,0.2,0.1666666666666666
41265,mscoco,0.20976540446281433,0.4150463107528788,0.23623913377523423,0.5051158148810507,0.1,1.0,0.0,0.0833333333333333
184610,mscoco,0.06661974303424359,0.20236604650429857,0.07855777107179165,0.21715389059503185,0.1,1.0,0.1,0.25
545673,mscoco,0.08245931044220925,0.23368626327205214,0.0727260559797287,0.21477066944389303,0.5,0.5,0.3,0.5
187757,mscoco,0.13652384132146836,0.25666792735128274,0.1750585250556469,0.39033902428252065,0.2,0.2,0.6,0.5
492065,mscoco,0.09033680632710457,0.22783162618527744,0.11812878623604775,0.2529834339048351,0.0,0.0277777777777777,0.2,0.25
352248,mscoco,0.11558159366250038,0.25836815473081975,0.10774007290601731,0.2772600871745323,0.3,1.0,0.3,1.0
360173,mscoco,0.20932309329509735,0.34464431428394515,0.3348389357328415,0.5361829136681127,0.2,0.2,0.5,0.5
443913,mscoco,0.047409902699291705,0.12855381589479412,0.06538476180285216,0.17493116868401415,0.0,0.0476190476190476,0.1,0.1428571428571428
475301,mscoco,0.1703178785741329,0.33095624021941644,0.21683245301246643,0.473804516813443,0.1,0.5,0.3,1.0
196,drawbench,0.02846403643488884,0.08174643784710907,0.041741548012942074,0.1543122629690592,0.0,0.0,0.0,0.0
66192,mscoco,0.10224746875464916,0.22613927934074418,0.17176918350160122,0.3487225713786782,0.1,0.2,0.2,0.2
158950,mscoco,0.06985688395798206,0.2244691060530446,0.12115050554275512,0.2838047427305224,0.2,0.5,0.3,1.0
536278,mscoco,0.45498198866844175,0.6676143249451865,0.32453529313206675,0.44950146290978205,0.9,1.0,0.7,0.5
232417,mscoco,0.15854573324322702,0.3887217511369616,0.2275253139436245,0.36159285618562564,0.0,0.0454545454545454,0.0,0.0072992700729927
395013,mscoco,0.04193278141319752,0.10073734468503417,0.05041894689202309,0.17035949846561954,0.3,1.0,0.3,0.5
113839,mscoco,0.1928318738937378,0.3793079309693134,0.20381436347961426,0.4644677043091445,0.6,1.0,0.5,0.5
103512,mscoco,0.1300718292593956,0.23883257392879664,0.1901914060115814,0.3678863578336894,0.0,0.0038022813688212,0.0,0.0094339622641509
47597,mscoco,0.15681170895695687,0.32918557822034766,0.1461019918322563,0.3581894341628816,0.2,1.0,0.1,0.2
197427,mscoco,0.22188489139080048,0.4524937148263002,0.19163624048233033,0.36343517411379384,0.7,1.0,0.4,0.3333333333333333
416604,mscoco,0.04807377886027098,0.14322515925580456,0.04048475287854671,0.13668541538060727,0.1,1.0,0.1,1.0
513733,mscoco,0.09246795363724232,0.21452171722779803,0.09609575979411603,0.2636619372813867,0.8,1.0,0.8,1.0
182373,mscoco,0.16416766867041588,0.36504641755304956,0.3423869043588638,0.5565539292336695,0.1,0.5,0.8,1.0
561919,mscoco,0.22800557985901831,0.6256298632256724,0.3010213762521744,0.7514038683203691,0.2,0.1111111111111111,0.7,1.0
221165,mscoco,0.15723669156432152,0.31271190824613326,0.1690827265381813,0.30660289231655324,0.0,0.0833333333333333,0.0,0.0133333333333333
13,drawbench,0.24331384748220444,0.38827158776844806,0.29877802580595014,0.4461460431161701,0.0,0.003690036900369,0.0,0.0178571428571428
490057,mscoco,0.15958878360688686,0.439539992811489,0.25310925096273423,0.5240824006343042,0.1,1.0,0.4,1.0
561957,mscoco,0.31759763658046725,0.5980564270403226,0.3839816480875015,0.5979856544116382,0.3,0.5,1.0,1.0
451772,mscoco,0.5566696725785732,0.7855067451370317,0.6340111702680588,0.8143847267343753,0.8,1.0,0.9,1.0
247223,mscoco,0.10262871067970991,0.277398507172046,0.10278219282627106,0.29289190595629694,0.2,1.0,0.2,0.5
532253,mscoco,0.014511567028239369,0.06221370581376487,0.012219258164986969,0.06345103506067068,0.1,1.0,0.1,1.0
178,drawbench,0.0157442569732666,0.05509643755306919,0.01035634633153677,0.0391443539791096,0.0,0.0,0.0,0.0
15621,mscoco,0.18543783128261565,0.34757267939309106,0.23944444507360457,0.4225670335436209,0.1,0.1,0.5,1.0
161634,mscoco,0.1977534808218479,0.39970201286247686,0.18072640672326087,0.34197268972430717,0.1,0.1,0.1,0.2
33555,mscoco,0.1932475134730339,0.37435943726506193,0.27870129644870756,0.5290501264477245,0.1,0.5,0.2,1.0
59,drawbench,0.07808838486671447,0.1907393552868603,0.10349106639623643,0.2407221968220774,0.0,0.0,0.0,0.0
17869,mscoco,0.2047811008989811,0.44259139224666516,0.23547016382217406,0.42803569797705443,0.0,0.0909090909090909,0.3,0.3333333333333333
378790,mscoco,0.017375527508556844,0.06926217189625532,0.034280203841626646,0.0886508214015983,0.1,0.2,0.2,1.0
248876,mscoco,0.24019152000546456,0.44857769471013326,0.227535193413496,0.4025975408310394,0.0,0.0294117647058823,0.2,1.0
398130,mscoco,0.08229657113552094,0.2527514072580672,0.07980993241071702,0.27894971951619296,0.1,0.5,0.1,0.5
124236,mscoco,0.05346398316323757,0.14608287595147953,0.05203963164240122,0.1581327740178714,0.1,0.1666666666666666,0.1,0.25
441382,mscoco,0.08866591192781925,0.20325624531702102,0.113882527500391,0.2707402300464236,0.2,0.3333333333333333,0.1,1.0
444670,mscoco,0.11208381950855255,0.40581038743695513,0.09336610734462739,0.22050648065369555,0.0,0.03125,0.1,1.0
482665,mscoco,0.09586877785623074,0.24670015634940037,0.08274283912032843,0.2851124490023877,0.1,0.5,0.1,1.0
170766,mscoco,0.0903870515525341,0.21793993670623316,0.13636934533715248,0.28433385041523984,0.1,1.0,0.1,0.5
156904,mscoco,0.09848161023110151,0.1995044829429406,0.08305819425731897,0.2432957380120979,0.2,0.5,0.1,0.3333333333333333
313156,mscoco,0.2729439549148083,0.4582196726004131,0.2600628674030304,0.471982337869172,0.2,0.1428571428571428,0.2,1.0
129176,mscoco,0.2979873068630695,0.5032404572452606,0.41193799376487733,0.5332703970806936,0.4,0.5,0.6,0.5
295558,mscoco,0.21835107654333114,0.371854751321109,0.23150942027568816,0.45723647557294145,0.0,0.0333333333333333,0.2,1.0
246358,mscoco,0.10789204761385918,0.3069350600908712,0.11806318834424019,0.27838902323214443,0.5,1.0,0.6,1.0
281052,mscoco,0.21226714476943015,0.3143157099467408,0.22578720077872277,0.3203216209432778,0.1,0.5,0.3,1.0
324165,mscoco,0.061281098052859306,0.21759686991906924,0.09517016299068928,0.30264065317811073,0.1,1.0,0.1,1.0
536900,mscoco,0.12680244594812393,0.22967990275716604,0.1298010516911745,0.24980554263907065,0.5,0.5,0.7,1.0
579341,mscoco,0.12214701659977437,0.3080832160453801,0.19483111798763275,0.4307815993078006,0.5,1.0,0.6,0.5
149679,mscoco,0.017208475479856135,0.07699181212610562,0.01721695503219962,0.07245842064901786,0.0,0.0909090909090909,0.1,0.25
283840,mscoco,0.02815750613808632,0.09202967553476737,0.032496419921517375,0.1285670759857656,0.1,1.0,0.2,0.25
361351,mscoco,0.08661112934350967,0.23227593249456488,0.10598703101277351,0.21416477624375005,0.2,1.0,0.1,0.3333333333333333
415239,mscoco,0.20706239044666291,0.4446934469666943,0.2336457222700119,0.40338023574914567,0.3,0.3333333333333333,0.6,0.3333333333333333
99073,mscoco,0.11086850389838218,0.24257393176339456,0.10267561674118042,0.23460861707255024,0.3,0.5,0.4,0.3333333333333333
369653,mscoco,0.19810688346624375,0.4908486755796368,0.24824582040309906,0.4215227810195292,0.2,1.0,0.1,0.125
72583,mscoco,0.026144036557525396,0.07606488488523162,0.019362638145685195,0.06290567513416977,0.1,1.0,0.1,1.0
565326,mscoco,0.06874801442027093,0.1982380929660673,0.07858029827475548,0.22798724997696218,0.0,0.0714285714285714,0.1,0.5
264660,mscoco,0.05620493702590466,0.18023626146868346,0.052929789014160636,0.19312306898150536,0.1,1.0,0.1,1.0
236552,mscoco,0.13202673867344855,0.3230593693263314,0.15813433676958083,0.37520254775631046,0.2,1.0,0.3,1.0
522491,mscoco,0.1082928091287613,0.2814865829158515,0.15308259353041648,0.34054428858406854,0.0,0.0769230769230769,0.0,0.0095238095238095
84757,mscoco,0.048910888470709325,0.15449999580788887,0.05757152698934078,0.17522953471394265,0.0,0.0096153846153846,0.1,0.1666666666666666
40957,mscoco,0.07166394516825676,0.218626089657152,0.08098069354891776,0.20090841092615674,0.1,1.0,0.1,0.5
95679,mscoco,0.045069278590381144,0.16871173071544313,0.04750511571764946,0.1622454036169455,0.2,1.0,0.2,1.0
265279,mscoco,0.22440411597490312,0.3953724242290291,0.2093038484454155,0.42492417890466655,0.4,1.0,0.3,0.5
245938,mscoco,0.06895248852670192,0.2203746390947288,0.06436134539544583,0.2190969367359665,0.2,1.0,0.1,1.0
522639,mscoco,0.15250321701169015,0.27952381787498265,0.2399281606078148,0.47789781480744725,0.0,0.03125,0.1,0.25
225345,mscoco,0.032524832617491485,0.11856276355949855,0.035836133360862735,0.11088583751294455,0.1,0.5,0.1,1.0
24104,mscoco,0.15404479280114175,0.305102119706949,0.20267180353403091,0.43761652635802345,0.4,0.1666666666666666,0.8,1.0
317331,mscoco,0.1531912788748741,0.3199248648713049,0.2777811512351036,0.6453310546800588,0.5,1.0,0.3,0.3333333333333333
