caption_id,source,pred_clip_p10,pred_clip_rr,pred_blip2_p10,pred_blip2_rr,true_clip_p10,true_clip_rr,true_blip2_p10,true_blip2_rr
261342,mscoco,0.123960492759943,0.31408411581719153,0.13238520324230194,0.2752744417021596,0.0,0.0192307692307692,0.0,0.04
203177,mscoco,0.024529466591775417,0.10296957373423751,0.02661879686638713,0.10652179423329487,0.1,1.0,0.1,1.0
239082,mscoco,0.26297284960746764,0.4894920471708273,0.27330504059791566,0.5171508830383723,0.2,0.1666666666666666,0.4,1.0
166557,mscoco,0.4876111954450607,0.79647036444469,0.5686035543680191,0.6456215850665872,0.7,1.0,0.7,1.0
70,drawbench,0.0068225042894482614,0.03019227306731133,0.004561380611266941,0.020867542655772457,0.0,0.0,0.0,0.0
27585,mscoco,0.10516551211476326,0.2509054454232982,0.14742567986249924,0.3690908847445077,0.0,0.0833333333333333,0.4,0.25
44960,mscoco,0.299836565554142,0.5323703651371229,0.35580126345157626,0.5359394706951858,0.2,1.0,0.5,1.0
559685,mscoco,0.1937731571495533,0.42672688528271263,0.18729880936443805,0.49096364145739374,0.2,0.3333333333333333,0.1,0.5
577169,mscoco,0.10596134662628173,0.2242083418758896,0.12074215859174728,0.3872995977017574,0.2,0.25,0.4,1.0
276964,mscoco,0.09977251403033734,0.24993973618024393,0.09061357602477074,0.2367735432561128,0.1,1.0,0.1,0.5
480770,mscoco,0.15074599757790566,0.2979502289161486,0.13296740036457777,0.5157564366918652,0.3,0.5,0.3,1.0
56821,mscoco,0.13284180350601674,0.26769594902586774,0.1265476193279028,0.33090963895349573,0.1,0.2,0.1,0.25
298353,mscoco,0.04692571088671684,0.12477266082437018,0.033100794069468975,0.08709499513554762,0.0,0.0204081632653061,0.1,0.125
58492,mscoco,0.14945140164345502,0.33874370328090425,0.16000834256410598,0.34519420426296354,0.1,1.0,0.1,0.1428571428571428
530479,mscoco,0.06828574500977994,0.1721867396839708,0.07533548101782798,0.20119744966706146,0.0,0.05,0.0,0.0555555555555555
318426,mscoco,0.10298066139221192,0.2391557178813822,0.11002441756427288,0.255520390003837,0.3,0.3333333333333333,0.5,0.5
386890,mscoco,0.2550151914358139,0.45389038691962796,0.22456283420324324,0.4964573942760378,0.0,0.0909090909090909,0.1,1.0
23309,mscoco,0.0680288840085268,0.21983756247586428,0.08031711056828499,0.28266922606042283,0.1,1.0,0.2,1.0
101270,mscoco,0.3602153450250626,0.42211822909707175,0.4246645003557205,0.5550493552877743,0.0,0.0769230769230769,0.1,0.25
170809,mscoco,0.022519753593951464,0.07959571725475009,0.01618513639550656,0.04746938506178334,0.1,1.0,0.1,0.1
20150,mscoco,0.13169973008334637,0.3757024481338943,0.13168153408914804,0.3103501115581194,0.1,0.1428571428571428,0.1,0.2
142942,mscoco,0.11973664276301861,0.32766630519741413,0.1850229397416115,0.40194803211121327,0.2,0.125,0.2,1.0
63306,mscoco,0.11112115271389485,0.24967130762363218,0.19592298418283463,0.35879741970674517,0.1,0.1,0.2,1.0
561151,mscoco,0.25197734758257867,0.4686978405407465,0.283757808804512,0.4649500884315935,0.0,0.0172413793103448,0.1,0.1
377619,mscoco,0.21218265742063522,0.5372263491947468,0.17619472295045852,0.47451825543737036,0.1,1.0,0.1,1.0
390068,mscoco,0.2897173948585987,0.6203158716951748,0.2580187745392323,0.6226613118989975,0.5,1.0,0.4,1.0
246004,mscoco,0.047753171809017655,0.16433691484773824,0.03977197278290987,0.12158273818687709,0.1,1.0,0.1,0.1
324789,mscoco,0.013316099694930018,0.04783284992703637,0.024440082721412182,0.086904035361015,0.1,0.125,0.1,1.0
301541,mscoco,0.22184116244316102,0.3648476654770479,0.27226619273424146,0.5430586648044763,0.0,0.0526315789473684,0.2,0.25
233617,mscoco,0.18265500850975513,0.45742629334568063,0.1787415560334921,0.5921898936130953,0.1,0.3333333333333333,0.1,1.0
108452,mscoco,0.13396532610058784,0.41205972876754215,0.14488228373229503,0.41860947817161975,0.1,1.0,0.1,1.0
333049,mscoco,0.1578288994729519,0.3510020902250072,0.21231508105993271,0.3548954077132305,0.2,0.125,0.3,1.0
144796,mscoco,0.07464014813303947,0.19266134313208952,0.08155988045036792,0.19014411513744367,0.1,0.3333333333333333,0.0,0.0303030303030303
488514,mscoco,0.09233023207634687,0.3077568823470603,0.10517911948263645,0.2849135322339022,0.1,1.0,0.1,0.125
47294,mscoco,0.15985555946826935,0.30931918671017483,0.22795354947447777,0.4231731559926521,0.1,0.2,0.3,1.0
306173,mscoco,0.03999296631664038,0.131188183045025,0.04170379973948002,0.16117465579081872,0.1,1.0,0.1,0.5
253470,mscoco,0.03992409771308303,0.1416611907906545,0.0464884664863348,0.13435049386132844,0.0,0.0909090909090909,0.1,0.5
190700,mscoco,0.05275232363492251,0.18281825561461298,0.05742829442024231,0.1908887469029453,0.1,1.0,0.1,0.5
84089,mscoco,0.10875793397426606,0.3040054943731164,0.0771682821214199,0.16360839725233578,0.0,0.0178571428571428,0.0,0.0031347962382445
175954,mscoco,0.20409007444977761,0.35627143483218676,0.36154647916555405,0.6508051807670215,0.2,1.0,0.5,0.2
158223,mscoco,0.20403088852763177,0.45285730003852387,0.22808084785938262,0.49970229142204003,0.5,1.0,0.7,1.0
448607,mscoco,0.32849373370409013,0.6341738029523055,0.4221419647336006,0.7568702954194463,0.4,0.5,0.3,0.5
248862,mscoco,0.08906590193510056,0.2643893541534184,0.09490755945444107,0.28322808918065834,0.1,0.5,0.1,1.0
227526,mscoco,0.09744138196110726,0.19097000730802016,0.07017026916146278,0.18097206884394168,0.0,0.0037593984962406,0.0,0.0022988505747126
549409,mscoco,0.04675435144454241,0.15110420572389865,0.03958161370828748,0.12549783169353282,0.1,0.3333333333333333,0.1,0.3333333333333333
123214,mscoco,0.24963384345173836,0.5150148871055362,0.22728693187236787,0.3663360018251968,0.3,0.25,0.1,0.3333333333333333
494957,mscoco,0.1547623910009861,0.3353658548268455,0.15049614384770393,0.34644996520705873,0.1,1.0,0.1,1.0
284176,mscoco,0.07505072727799415,0.22886518997388033,0.14184714406728743,0.2642000863733877,0.2,0.25,0.5,1.0
25430,mscoco,0.23515646308660507,0.48097310900604967,0.25556603968143465,0.36437354142716777,0.4,0.25,0.4,1.0
52746,mscoco,0.10419052727520466,0.2613615321971159,0.13544258400797843,0.2752220514792386,0.4,1.0,0.4,1.0
118598,mscoco,0.13845936730504035,0.36670899144258573,0.21361116021871568,0.461662395579486,0.3,1.0,0.3,0.5
42622,mscoco,0.2658685714006424,0.4135646176999761,0.3886727973818779,0.575254245602913,0.1,0.1111111111111111,0.6,1.0
128275,mscoco,0.115920365229249,0.2843393052996734,0.16457173973321915,0.4006064665369702,0.1,0.3333333333333333,0.4,1.0
402255,mscoco,0.04224500339478254,0.139912037596593,0.028730719862505794,0.08749682462941952,0.0,0.0285714285714285,0.1,0.25
24935,mscoco,0.15099120810627936,0.42929932146341504,0.15895103812217712,0.40816632947208176,0.1,0.5,0.1,1.0
39502,mscoco,0.032496641669422385,0.10577571858754742,0.03405602127313614,0.12208507076392372,0.0,0.0123456790123456,0.1,0.5
370391,mscoco,0.06692270562052727,0.18451891853091887,0.17075130715966225,0.3752590532103723,0.0,0.0138888888888888,0.3,0.3333333333333333
170700,mscoco,0.03390557700768113,0.08513137539629637,0.1047150312922895,0.3180742197760879,0.0,0.0212765957446808,0.1,1.0
438910,mscoco,0.21809882596135138,0.42712037503119343,0.2809686705470085,0.46958863053325206,0.1,0.25,0.3,1.0
160,drawbench,0.02091176537796855,0.071778394016387,0.008556509669870139,0.03655093601069602,0.0,0.0,0.0,0.0
291526,mscoco,0.03810610813088715,0.12709036899543025,0.03768594628199935,0.12739616967651954,0.1,1.0,0.1,0.5
379596,mscoco,0.10068703144788742,0.29384621201999656,0.13001562282443047,0.3501466408146718,0.1,1.0,0.0,0.0769230769230769
12,drawbench,0.21706215143203736,0.3931234542295533,0.18178088441491128,0.32581990919736736,0.0,0.0,0.0,0.0
241148,mscoco,0.12220871523022651,0.22501971638583057,0.09649689644575118,0.2721583562538113,0.1,0.1428571428571428,0.2,1.0
319991,mscoco,0.1490517444908619,0.2842463529010937,0.10229994952678681,0.2861820468635228,0.1,0.5,0.1,1.0
310688,mscoco,0.05717017538845539,0.18354520021991055,0.04892746154218912,0.15884239288672408,0.1,1.0,0.1,1.0
243283,mscoco,0.19910074174404144,0.3439945526623788,0.20666918456554412,0.4672419882179902,0.9,0.5,1.0,1.0
149,drawbench,0.03910358250141144,0.16597721137680146,0.040079998411238195,0.14364291497652804,0.0,0.0,0.0,0.0
558426,mscoco,0.19785168245434762,0.441083701696311,0.23187758177518844,0.49926845031927347,0.2,0.3333333333333333,0.5,1.0
394214,mscoco,0.17330724969506264,0.32295546200818787,0.21722372993826866,0.3722974695903086,0.0,0.05,0.1,1.0
297699,mscoco,0.09938835948705674,0.25661872459811086,0.1436098150908947,0.32422695024887055,0.1,0.125,0.1,0.125
146972,mscoco,0.05214154487475753,0.17484209105422446,0.06135987564921379,0.16536396464014405,0.2,0.5,0.0,0.0909090909090909
401783,mscoco,0.6548241138458252,0.7418204849217278,0.5671058714389801,0.7275931022096062,0.8,0.5,0.9,1.0
182245,mscoco,0.23837787695229054,0.48655839251653266,0.39229397773742675,0.6723523399383912,0.0,0.0256410256410256,0.2,1.0
126018,mscoco,0.3154410537332296,0.5531193324330315,0.28866333663463595,0.6531526148490338,0.7,1.0,0.4,1.0
290549,mscoco,0.07956062257289886,0.2627674292073452,0.0921024166047573,0.28872228068378886,0.1,0.3333333333333333,0.1,1.0
399946,mscoco,0.1065858606249094,0.25699150818587946,0.12228033225983381,0.3219488573932378,0.1,0.5,0.1,1.0
8,drawbench,0.38203113824129104,0.5959226315714422,0.3263195112347603,0.47126924219121524,0.0,0.0001043296817944,0.0,6.345580303318739e-05
211678,mscoco,0.11549043320119382,0.25732540141853966,0.1094173688441515,0.27203411389906296,0.3,0.5,0.4,0.5
421539,mscoco,0.014828222431242466,0.04664241073706373,0.015794311231002212,0.059738764847073654,0.1,1.0,0.2,0.3333333333333333
264358,mscoco,0.08752160519361496,0.2122803053365935,0.08692203760147095,0.2977100317123094,0.1,0.5,0.1,1.0
430848,mscoco,0.1944170631468296,0.5523993903906772,0.23644292056560517,0.43949555868266804,0.2,1.0,0.2,0.5
133251,mscoco,0.24661301523447038,0.5511996534372344,0.24204926788806916,0.48937369464414915,0.5,0.5,0.2,0.1666666666666666
568560,mscoco,0.1666033796966076,0.3158059102050685,0.17289257794618607,0.4162000419722096,0.2,0.3333333333333333,0.0,0.0526315789473684
405612,mscoco,0.15525618717074394,0.27548152934737374,0.12753483429551124,0.32826790609885226,0.1,1.0,0.1,0.5
20794,mscoco,0.13192498870193958,0.30246819444711837,0.23569505512714387,0.4767958203917169,0.1,0.1428571428571428,0.1,0.5
6,drawbench,0.7095601290464402,0.8259849063050306,0.4576353542506695,0.5858843909695521,0.0,0.0011750881316098,0.0,0.0129870129870129
225306,mscoco,0.20392968356609345,0.47416018341142774,0.25443805307149886,0.4882760114528895,0.0,0.0833333333333333,0.1,1.0
103603,mscoco,0.13714717477560043,0.2550194837320837,0.1767806328833103,0.3669862945288178,0.6,0.3333333333333333,0.4,1.0
395,mscoco,0.0906083283945918,0.3086541494826826,0.12430565562099219,0.27936650862661694,0.2,1.0,0.1,0.25
80067,mscoco,0.05447928234934807,0.15255089877290734,0.05267118588089943,0.21625077117294778,0.1,0.1428571428571428,0.1,1.0
490619,mscoco,0.0937549665570259,0.22148182158302138,0.08615993056446314,0.20993361735248106,0.0,0.0066666666666666,0.0,0.0109890109890109
167126,mscoco,0.16258418187499046,0.4349895725779974,0.21083574667572974,0.49459843625698424,0.4,1.0,0.1,1.0
442961,mscoco,0.2267806425690651,0.4523256653405365,0.24731310904026033,0.4113682631147466,0.1,0.5,0.5,0.5
260111,mscoco,0.19319846518337727,0.47027403893038916,0.12628858759999276,0.2788393312048067,0.0,0.0555555555555555,0.0,0.0161290322580645
68005,mscoco,0.07951314188539982,0.23277474910003274,0.10200797468423843,0.243280484026024,0.1,1.0,0.1,1.0
73541,mscoco,0.23345743790268897,0.36946935455609586,0.2749129831790924,0.6351864856915711,0.2,0.5,0.0,0.0833333333333333
316190,mscoco,0.07489432170987129,0.1854473639885087,0.08253701440989972,0.23837896829262764,0.1,1.0,0.1,0.1428571428571428
519552,mscoco,0.05668441262096167,0.2061065952728633,0.04017138797789812,0.1457006799054482,0.1,0.3333333333333333,0.1,0.5
365419,mscoco,0.24491056352853774,0.3906884437132417,0.2682138025760651,0.5314463567515868,0.1,0.2,0.2,0.5
55050,mscoco,0.11026761904358864,0.3808932104064096,0.1122052539139986,0.3642613154066961,0.1,1.0,0.1,1.0
150,drawbench,0.07168036885559559,0.17124913351266743,0.05749518107622862,0.17260177643546254,0.0,0.0,0.0,0.0
122,drawbench,0.08791244775056839,0.21967831374182145,0.09708299115300179,0.3768774910098675,0.0,0.000125786163522,0.0,4.940955580809328e-05
403464,mscoco,0.22429148033261298,0.45378722429403057,0.2469371423125267,0.4585084981705013,0.2,1.0,0.1,0.25
256809,mscoco,0.25200100541114806,0.4299531163269128,0.2829530522227287,0.5243095332655556,0.0,0.0434782608695652,0.6,0.5
481098,mscoco,0.06469355225563049,0.16546853555593552,0.11190919540822505,0.2170808860702995,0.0,0.0060240963855421,0.0,0.0909090909090909
163289,mscoco,0.1435620091855526,0.2945372363720821,0.1976175181567669,0.4299211796337226,0.0,0.0025839793281653,0.0,0.0476190476190476
383175,mscoco,0.187123291939497,0.33414024425200783,0.225943623483181,0.49652926289978516,0.3,0.3333333333333333,0.2,0.3333333333333333
71346,mscoco,0.19133948907256126,0.34264721581699414,0.25459158420562744,0.3823923505821872,0.0,0.0161290322580645,0.1,0.5
15569,mscoco,0.12627551555633545,0.2901810987239715,0.1657768316566944,0.3572646619591712,0.1,0.125,0.3,0.25
314949,mscoco,0.05989497359842062,0.19672351332435228,0.08536646496504545,0.2326707139233291,0.1,1.0,0.1,1.0
424018,mscoco,0.0922226395457983,0.3075534105885648,0.11719972789287567,0.34125257123083635,0.3,0.3333333333333333,0.2,1.0
465153,mscoco,0.10019662715494633,0.2572408868652238,0.11441503502428532,0.36815605616308744,0.2,1.0,0.2,1.0
10540,mscoco,0.0854840986430645,0.2253593895694018,0.11267222203314305,0.2663162332846036,0.0,0.0294117647058823,0.0,0.0024509803921568
524401,mscoco,0.10276839062571526,0.2206414519916577,0.19479260221123695,0.39795192760291237,0.1,0.1111111111111111,0.4,0.5
277498,mscoco,0.10349418632686139,0.2170173016226208,0.16220579147338868,0.3531785932652274,0.0,0.0196078431372549,0.1,0.1
393583,mscoco,0.07151101808995008,0.20858223092833958,0.07154587581753731,0.2218883912934608,0.2,0.25,0.2,1.0
151339,mscoco,0.09734768737107516,0.2858178799388009,0.12560608610510826,0.3297085696590498,0.3,1.0,0.2,0.3333333333333333
300509,mscoco,0.12361410707235336,0.2543148841758997,0.1392503473907709,0.3240528399636623,0.1,0.5,0.0,0.0833333333333333
389145,mscoco,0.10671342480927706,0.33504628027538974,0.0994158273562789,0.3332302521844046,0.1,1.0,0.1,1.0
537667,mscoco,0.13368931040167809,0.25464136951310934,0.0715799506753683,0.2568160467333495,0.1,0.5,0.1,1.0
352143,mscoco,0.08009090274572372,0.2065776377489073,0.0656650373712182,0.1713009490914967,0.1,1.0,0.2,0.5
148,drawbench,0.15332287400960923,0.3793385650057366,0.08364658504724502,0.2796903044427676,0.0,0.0,0.0,0.0
355826,mscoco,0.18298225924372674,0.5244509908448642,0.19894089438021184,0.5579809794651925,0.2,1.0,0.1,1.0
251937,mscoco,0.07270811758935451,0.19588856558258022,0.10700825080275536,0.2039675405018286,0.3,1.0,0.3,1.0
135397,mscoco,0.0618808638304472,0.19566026986443893,0.0694042481482029,0.21985704127111635,0.1,1.0,0.1,1.0
394658,mscoco,0.132454227283597,0.3245877629180309,0.10094569176435471,0.32769502449734456,0.1,0.3333333333333333,0.1,1.0
485709,mscoco,0.20460978224873544,0.5195703792951506,0.10989733226597309,0.26027304182431993,0.2,1.0,0.1,0.1428571428571428
504167,mscoco,0.13022690154612065,0.30094338057856723,0.1166205495595932,0.28071011912679555,0.1,1.0,0.0,0.0263157894736842
230644,mscoco,0.13303616568446158,0.22416065047195294,0.15282573476433753,0.3200238539795752,0.1,0.1,0.2,0.3333333333333333
83510,mscoco,0.06967529822140932,0.20178287942041698,0.1098077144473791,0.3363616811396298,0.1,0.1428571428571428,0.0,0.02
401650,mscoco,0.05513692582026124,0.14341058288511635,0.07397735565900802,0.1583930627890448,0.1,0.125,0.1,0.2
136411,mscoco,0.06867648363113403,0.17113923634038633,0.09633025974035263,0.27382640280093795,0.0,0.037037037037037,0.1,0.1666666666666666
176120,mscoco,0.14862576723098755,0.3877942551470461,0.13122136294841766,0.28621192732072476,0.2,0.1111111111111111,0.3,0.25
348134,mscoco,0.06761411242187024,0.17633344643451943,0.11596392653882504,0.31767157817416636,0.3,0.5,0.1,1.0
193398,mscoco,0.05847123190760613,0.16398817166857863,0.057690241187810895,0.19821352908537174,0.0,0.0833333333333333,0.1,1.0
540774,mscoco,0.2986166745424271,0.39940530764595955,0.4469935730099678,0.7210037216711807,0.6,1.0,0.9,1.0
113211,mscoco,0.06830233931541443,0.22430848997818703,0.060193612985312936,0.17802453578514998,0.1,0.1111111111111111,0.2,1.0
406749,mscoco,0.06759693585336209,0.17405595482839126,0.06510302908718586,0.17488400018792113,0.2,1.0,0.2,1.0
280551,mscoco,0.08721896149218082,0.2365747964324706,0.0993178310804069,0.31881523996532385,0.1,0.3333333333333333,0.1,1.0
441358,mscoco,0.0999456636607647,0.26645078992230536,0.143156810849905,0.3345875953596454,0.2,0.2,0.1,0.5
561314,mscoco,0.14027201607823372,0.2816440879639644,0.25327392369508744,0.4315318474684367,0.0,0.0454545454545454,0.6,1.0
130749,mscoco,0.06509244292974473,0.2139949466024602,0.09287028461694717,0.24589940770095337,0.0,0.0769230769230769,0.1,0.3333333333333333
25907,mscoco,0.06837411895394326,0.21173884294375792,0.06927430965006351,0.20214035743548286,0.1,1.0,0.1,1.0
364157,mscoco,0.05502900257706642,0.183408551349098,0.06762639777734876,0.23740343692597732,0.3,1.0,0.3,0.3333333333333333
327529,mscoco,0.06239050244912505,0.22805458350452804,0.10724104717373847,0.2872428125331635,0.1,1.0,0.1,0.3333333333333333
214087,mscoco,0.11868675723671913,0.295919417326568,0.09015343692153692,0.35561207820935836,0.1,0.25,0.1,1.0
253763,mscoco,0.19977417066693307,0.39751388375323277,0.233709866553545,0.39457712884135104,0.1,1.0,0.1,1.0
298065,mscoco,0.08478159941732884,0.353755638131231,0.07818542625755072,0.3419177801670333,0.1,1.0,0.1,1.0
305803,mscoco,0.2591943427920341,0.44431767422620183,0.2598175011575222,0.42451237386215157,0.0,0.0151515151515151,0.0,0.0454545454545454
173,drawbench,0.03260837020352483,0.09715741218184443,0.115984196215868,0.2551027971596166,0.0,0.0,0.0,0.0
458339,mscoco,0.22318167239427567,0.5006214764632052,0.21220710277557372,0.41554274075201697,0.0,0.0833333333333333,0.1,0.5
428326,mscoco,0.11304037347435951,0.20411874922611933,0.1034463256597519,0.22089031391064437,0.0,0.0181818181818181,0.0,0.0103092783505154
530201,mscoco,0.1838167354464531,0.4669950185500316,0.17790645621716977,0.46802357522584676,0.1,1.0,0.1,1.0
59039,mscoco,0.1724458694458008,0.4481504931531202,0.18904606029391288,0.35132032419524895,0.3,1.0,0.7,0.5
333738,mscoco,0.4045619979500771,0.5877509403185653,0.3938611298799515,0.6194694242638658,0.6,0.5,1.0,1.0
132081,mscoco,0.050921518541872504,0.16583406832558617,0.05901321042329073,0.1650873307155944,0.1,0.25,0.1,0.5
26573,mscoco,0.38594873547554015,0.7177945244868993,0.32605371028184893,0.5655982718870572,0.3,1.0,0.4,0.3333333333333333
115893,mscoco,0.32164458334445956,0.6895976403047801,0.25792371667921543,0.4836659105478517,0.2,1.0,0.4,1.0
49542,mscoco,0.24043713212013246,0.4782268493130743,0.3538406416773796,0.6329474380527818,0.5,0.25,0.5,0.5
212864,mscoco,0.043280393444001676,0.14720010296809832,0.052059446834027766,0.12429594401566553,0.0,0.0454545454545454,0.0,0.0075187969924812
32967,mscoco,0.17692291364073753,0.4856467027695441,0.2642629615962505,0.5530617760083458,0.0,0.0015037593984962,0.2,0.2
98642,mscoco,0.020390758756548166,0.07139351631421044,0.028606213442981244,0.09801084899213998,0.1,0.3333333333333333,0.1,1.0
183719,mscoco,0.19175913333892822,0.45011842942634456,0.2005984790623188,0.4294619746045852,0.0,0.0060240963855421,0.0,0.006060606060606
401307,mscoco,0.2328035295009613,0.5574833627524801,0.2881004109978676,0.6001893491833725,0.2,1.0,0.3,1.0
467612,mscoco,0.38058396577835085,0.45994335407557707,0.38211892247200013,0.6139786298355419,0.6,0.5,0.4,0.3333333333333333
36034,mscoco,0.05359272826462984,0.16016794613455157,0.058373524062335494,0.1511846141474506,0.2,1.0,0.1,0.2
216378,mscoco,0.21832161545753478,0.34855657198904944,0.23540687672793864,0.38066014448149854,0.1,0.5,0.1,1.0
360441,mscoco,0.14749213084578514,0.3443885530365442,0.10822030529379845,0.25027805236446443,0.1,0.1666666666666666,0.1,0.1428571428571428
75057,mscoco,0.14040340222418307,0.45818918115214613,0.27627309784293175,0.5021458586434574,0.3,1.0,0.6,1.0
53870,mscoco,0.08941878005862236,0.24185795667359558,0.11318254210054875,0.256733098888953,0.1,0.1428571428571428,0.0,0.0161290322580645
253323,mscoco,0.10848968289792538,0.36554093706514107,0.125914104282856,0.2584495302979198,0.2,0.1666666666666666,0.3,0.5
433270,mscoco,0.20298845171928406,0.39262295082734794,0.2325111448764801,0.45008015352463815,0.2,0.125,0.3,1.0
176758,mscoco,0.08908390551805496,0.2403186956130651,0.11637191995978355,0.328617421629763,0.1,0.2,0.2,1.0
420396,mscoco,0.053041028417646886,0.15381743930887423,0.07899161446839571,0.3035536140667753,0.1,0.1428571428571428,0.1,1.0
365792,mscoco,0.30826241970062257,0.6540100873665223,0.31565781161189077,0.6973001134435545,0.3,0.5,0.3,1.0
564382,mscoco,0.05472598038613796,0.19668573115651386,0.05045269187539816,0.19000501034997305,0.1,0.5,0.1,1.0
180667,mscoco,0.06613529957830906,0.17997331201880518,0.08554191626608372,0.2527059143180517,0.1,1.0,0.0,0.0020242914979757
154399,mscoco,0.17525321654975415,0.2838321031669747,0.14098641276359558,0.3013275738046825,0.1,0.2,0.0,0.0833333333333333
576537,mscoco,0.09249351024627686,0.2375444500352677,0.18004715517163278,0.43411556447527705,0.2,1.0,0.4,1.0
18194,mscoco,0.03451346773654222,0.11286945173077903,0.06553249917924404,0.20585685410331112,0.1,0.1666666666666666,0.2,0.5
278243,mscoco,0.05621476210653782,0.16579752185880806,0.04525147974491119,0.13738429923140236,0.1,0.5,0.1,0.5
253728,mscoco,0.10941824465990066,0.2754451528125496,0.15534581802785397,0.3096447878584486,0.1,1.0,0.1,1.0
306229,mscoco,0.41938587129116056,0.5842822622394063,0.4881167709827423,0.6547141382614063,0.6,1.0,0.8,1.0
413277,mscoco,0.09208269864320755,0.2588236532186044,0.15580251663923264,0.37216881930047757,0.1,0.1428571428571428,0.5,1.0
86951,mscoco,0.1394255593419075,0.32955890350079975,0.13962229937314988,0.30525262353535626,0.5,1.0,0.8,1.0
489942,mscoco,0.08552519083023072,0.32523467270212036,0.11769296117126941,0.3424583128733611,0.1,1.0,0.1,1.0
199141,mscoco,0.24393321797251702,0.5232829846298735,0.26715536788105965,0.5154754556570416,0.4,0.5,0.5,0.5
170336,mscoco,0.20900731682777404,0.39935288385323725,0.2153276801109314,0.4104700421897762,0.1,0.3333333333333333,0.2,0.2
89549,mscoco,0.08023579828441144,0.2352351990661529,0.12354389950633049,0.39223732898427244,0.0,0.0909090909090909,0.1,1.0
372246,mscoco,0.11667406428605318,0.4260503138504581,0.10971726812422275,0.4324254331452395,0.1,1.0,0.1,1.0
535563,mscoco,0.05651559047400952,0.18610356706406614,0.08496446721255779,0.2196212000207402,0.1,1.0,0.1,1.0
228222,mscoco,0.10411295220255852,0.24172656760233624,0.12625047490000724,0.2732391305426331,0.4,0.5,0.6,1.0
195353,mscoco,0.2057977095246315,0.37994962159741436,0.24504584819078445,0.5982899929125285,0.4,0.3333333333333333,0.5,1.0
58624,mscoco,0.15273243114352225,0.35741633807059653,0.1831398980692029,0.5865565711218951,0.1,0.5,0.1,1.0
268900,mscoco,0.09545555710792542,0.23572069605306292,0.09560584649443626,0.1783762690519004,0.1,0.125,0.1,0.25
161019,mscoco,0.4167480289936066,0.6950174292678541,0.3807710111141205,0.6559475607880287,0.2,0.3333333333333333,0.4,1.0
379035,mscoco,0.20136029683053494,0.3956642852650707,0.21301208585500717,0.42365576585751424,0.0,0.0123456790123456,0.2,0.25
172276,mscoco,0.3877157151699066,0.7942862227832478,0.41691800504922866,0.6953500541185752,0.1,0.1428571428571428,0.1,0.1111111111111111
271120,mscoco,0.164464171230793,0.3522632643483093,0.17629811987280847,0.39808355766794024,0.0,0.0555555555555555,0.1,0.1111111111111111
180445,mscoco,0.0351010711863637,0.13711542991828107,0.029980999976396562,0.1362373776897856,0.2,1.0,0.2,1.0
284362,mscoco,0.2225671589374542,0.40086245702482487,0.2512785613536835,0.4413755500441844,0.0,0.0384615384615384,0.1,1.0
466656,mscoco,0.16576307862997056,0.35172210669739146,0.1546420305967331,0.33301022967980676,0.5,1.0,0.5,1.0
271360,mscoco,0.04092777296900749,0.15941121253943522,0.04221437200903892,0.18108620680257487,0.1,1.0,0.0,0.0001578033769922
429290,mscoco,0.16578721515834333,0.37770972746597953,0.2567786768078804,0.37170999110570746,0.0,0.0238095238095238,0.0,0.0769230769230769
464649,mscoco,0.35348418951034544,0.659776023049806,0.2209978248924017,0.37414406979880227,0.0,0.0666666666666666,0.0,0.02
118260,mscoco,0.06440012194216252,0.1635567766447819,0.0698208000510931,0.2119347529812761,0.0,0.0263157894736842,0.0,0.0120481927710843
337062,mscoco,0.06979484446346759,0.16571494049286103,0.1726995252072811,0.28390043770591533,0.0,0.0625,0.4,0.5
249049,mscoco,0.16314966827630997,0.36019197137955905,0.14620792269706726,0.41035927375881254,0.2,0.3333333333333333,0.1,1.0
497542,mscoco,0.02496639247983694,0.09345536703782854,0.05305960662662983,0.18924346449657495,0.0,0.0123456790123456,0.1,0.5
400940,mscoco,0.18287138566374778,0.39022889272315503,0.16979196220636367,0.42088490823799257,0.1,0.3333333333333333,0.1,0.5
254753,mscoco,0.09654160477221012,0.2258393558829918,0.10866234600543975,0.33490133382326087,0.1,0.2,0.1,1.0
550157,mscoco,0.253933385014534,0.46739516803957165,0.25161733850836754,0.5385312346237534,0.4,1.0,0.5,1.0
113905,mscoco,0.14621854536235332,0.288032607208217,0.13923124819993973,0.3503090635122369,0.1,0.2,0.3,1.0
471881,mscoco,0.09828850999474525,0.36639587025687326,0.08174371831119061,0.36395511786454204,0.1,1.0,0.1,1.0
524187,mscoco,0.17084993571043014,0.3646613673440488,0.21844288557767869,0.467009829686996,0.1,0.1111111111111111,0.4,1.0
354409,mscoco,0.09055854706093669,0.3658410322396849,0.08977705724537373,0.38707591302100897,0.1,1.0,0.1,1.0
36713,mscoco,0.13036733418703078,0.29366898597131896,0.12187519297003746,0.24315586296862532,0.1,1.0,0.1,0.5
421005,mscoco,0.17283228561282157,0.3291980332521691,0.1763887070119381,0.38930140392197465,0.2,0.25,0.2,1.0
504639,mscoco,0.1522213339805603,0.3293284524739506,0.1622471809387207,0.3669733896785231,0.7,1.0,0.8,1.0
356660,mscoco,0.28961079865694045,0.47590749835320484,0.3352128840982914,0.554228980136585,0.1,0.1111111111111111,0.2,0.2
1792,mscoco,0.33506619110703467,0.5377420857129739,0.40032844841480253,0.5805326153010977,0.7,1.0,1.0,1.0
30409,mscoco,0.057292652502655986,0.1768809789358333,0.12731514498591423,0.31249894877704554,0.0,0.0142857142857142,0.1,1.0
254060,mscoco,0.1257948286831379,0.310352808156908,0.1863610152155161,0.43191064897738096,0.1,0.1111111111111111,0.3,1.0
169340,mscoco,0.06178536918014288,0.18660013149974009,0.09285693913698197,0.263347447095843,0.1,0.3333333333333333,0.1,1.0
42513,mscoco,0.05592706520110369,0.1778622755952956,0.07708144634962082,0.19522172349374303,0.1,1.0,0.2,0.1428571428571428
402887,mscoco,0.1317669628188014,0.2576731610548932,0.1058120271191001,0.4227341699618636,0.1,0.3333333333333333,0.1,0.5
96435,mscoco,0.06588178984820843,0.2563151371276059,0.047428197134286164,0.23560837768643766,0.1,1.0,0.1,1.0
441541,mscoco,0.04340188764035702,0.14698404395106987,0.050087539851665495,0.14891530209625567,0.0,0.0833333333333333,0.0,0.0333333333333333
51663,mscoco,0.08079396672546864,0.2199786303776942,0.07478704992681742,0.18502075207543384,0.1,0.1111111111111111,0.1,0.2
474271,mscoco,0.12417459115386009,0.3217450926512117,0.115657639503479,0.2751769940197792,0.1,1.0,0.1,1.0
72702,mscoco,0.231759425252676,0.472594198490825,0.31076966822147367,0.5303380667759109,0.1,1.0,0.1,1.0
182793,mscoco,0.4577265948057175,0.7705587162580559,0.5492862731218338,0.7099209291157812,0.0,0.0113636363636363,0.0,0.0434782608695652
21795,mscoco,0.09774665459990502,0.29404005183960036,0.05988537985831499,0.24305371390973926,0.1,1.0,0.1,1.0
566672,mscoco,0.19023317620158195,0.3838868624922356,0.2137269914150238,0.43483967665203,0.2,0.25,0.5,1.0
2664,mscoco,0.09813276417553425,0.26270166453086374,0.09699511006474495,0.2671987871737753,0.0,0.0625,0.0,0.0476190476190476
333241,mscoco,0.06063421461731196,0.2750438879989424,0.06429153969511389,0.21397972746972282,0.1,1.0,0.1,0.3333333333333333
353402,mscoco,0.13677814975380898,0.2758483111546,0.1606164738535881,0.38334111081296196,0.0,0.0285714285714285,0.1,0.5
18252,mscoco,0.24777864143252373,0.4364087775222983,0.3021825760602951,0.45857583251443235,0.6,1.0,1.0,1.0
387352,mscoco,0.09510497599840165,0.2261550068047179,0.16286809146404266,0.3306055385856267,0.1,0.5,0.3,0.5
198085,mscoco,0.43156227469444275,0.615026947303627,0.2765635967254639,0.4741349441705857,0.1,0.1428571428571428,0.1,0.5
246625,mscoco,0.42942712903022767,0.6024078019271286,0.396655835211277,0.583459288407657,0.5,0.3333333333333333,0.7,1.0
420045,mscoco,0.28776107132434847,0.5409853714727605,0.28348885737359525,0.5312300114583051,0.0,0.0303030303030303,0.0,0.0714285714285714
398225,mscoco,0.13091749809682368,0.2867353796509464,0.18060385286808014,0.35688346795389764,0.1,0.3333333333333333,0.0,0.0909090909090909
132964,mscoco,0.1724783383309841,0.36845525220840125,0.19654114842414855,0.4327268884579329,0.6,1.0,0.9,1.0
344632,mscoco,0.004557013174053282,0.015479173468205208,0.0058339502895250915,0.023069959370509645,0.0,0.0285714285714285,0.0,0.0434782608695652
508045,mscoco,0.1625518448650837,0.42801928772523506,0.1681819036602974,0.4385585471199135,0.3,1.0,0.2,1.0
236936,mscoco,0.0540262745693326,0.17309435319745756,0.04312422955408692,0.15484796204362652,0.0,0.0526315789473684,0.1,1.0
110330,mscoco,0.03948241015896201,0.1347685588229466,0.05231512952595949,0.16147412919561002,0.1,0.5,0.1,0.2
19292,mscoco,0.31818547248840334,0.360615183497996,0.44294577836990356,0.5912274629735079,0.4,0.2,0.4,1.0
19,drawbench,0.03651457447558641,0.1145224124673496,0.024986172979697584,0.07104443831327577,0.0,0.0,0.0,0.0
345294,mscoco,0.1977208934724331,0.3735585925979856,0.16603710167109967,0.4276787047207807,0.1,0.125,0.2,1.0
250424,mscoco,0.07187253255397082,0.28239307514857026,0.0784164447337389,0.2168494933081522,0.0,0.0136986301369863,0.1,1.0
50583,mscoco,0.09337144643068314,0.4158288526057296,0.06804951094090939,0.2024491191066161,0.2,0.5,0.2,0.5
230879,mscoco,0.1465975720435381,0.2780393918548426,0.16294080018997192,0.3920739650822471,0.0,0.04,0.0,0.0833333333333333
168609,mscoco,0.04354295898228884,0.13085299434347342,0.05314936339855194,0.18458647831373243,0.0,0.0121951219512195,0.1,1.0
175923,mscoco,0.10002556070685387,0.2226180493104904,0.11584759876132011,0.24269921396874486,0.3,0.3333333333333333,0.3,0.2
530248,mscoco,0.13832127600908278,0.36732992177753776,0.14805680848658084,0.27698657444990527,0.2,1.0,0.0,0.0294117647058823
421009,mscoco,0.12567731216549874,0.29271442131085423,0.16430917382240295,0.3313378843711112,0.0,0.0666666666666666,0.1,0.5
450974,mscoco,0.1724433980882168,0.3559406200799246,0.22875790670514107,0.5032218416555169,0.1,0.125,0.2,1.0
34922,mscoco,0.16254617385566233,0.3518854497518702,0.12477234974503518,0.16855278740059232,0.0,0.0625,0.2,0.5
134454,mscoco,0.147061138227582,0.4066901668190103,0.22436362355947495,0.4584668399851869,0.3,1.0,0.3,0.5
91960,mscoco,0.18968612626194953,0.41538616110238386,0.16838546618819236,0.5589156612271955,0.0,0.03125,0.0,0.0238095238095238
570203,mscoco,0.17738795503973961,0.27059566875403024,0.1511832293123007,0.4079280196242464,0.1,0.125,0.5,1.0
46506,mscoco,0.03613095004111529,0.10037964111287663,0.03431172566488385,0.09678342920244766,0.0,0.0285714285714285,0.1,0.1428571428571428
460202,mscoco,0.102587715908885,0.24588723622937808,0.08509111665189266,0.1862984064502725,0.3,1.0,0.3,0.5
358566,mscoco,0.1608162507414818,0.3213699826204483,0.16846898570656776,0.3612711121285309,0.2,0.5,0.6,0.3333333333333333
205206,mscoco,0.12167632766067982,0.3705735086036785,0.1060243308544159,0.27608589333305816,0.1,0.5,0.0,0.01
342273,mscoco,0.05458143353462219,0.23300477966999644,0.08632927909493446,0.2426878419003251,0.1,0.3333333333333333,0.1,0.1428571428571428
550466,mscoco,0.10745895132422448,0.26817757741522175,0.17841813564300538,0.3498997580684055,0.3,1.0,0.5,1.0
303281,mscoco,0.7555033922195434,0.8769119142536367,0.7694783210754395,0.8726378462561765,0.8,1.0,0.9,1.0
464787,mscoco,0.0281535018235445,0.09168658129053069,0.0348744073882699,0.12547361060428713,0.0,0.0625,0.1,0.5
382210,mscoco,0.05306435916572809,0.14768265458087168,0.10735053941607475,0.33666040877558356,0.0,0.0078740157480314,0.0,0.0217391304347826
78413,mscoco,0.11771280691027641,0.26480365178762644,0.1264765165746212,0.27656192731905266,0.1,1.0,0.1,0.5
241530,mscoco,0.062073597125709055,0.14544031235691046,0.0750368196517229,0.257734466060582,0.0,0.0185185185185185,0.0,0.0666666666666666
165419,mscoco,0.46283510625362395,0.6730131091305266,0.42732447683811187,0.7223405500508466,0.4,1.0,0.8,1.0
152776,mscoco,0.06019768640398979,0.2500585317133259,0.07727811690419913,0.2720269820628104,0.1,1.0,0.1,1.0
103320,mscoco,0.1743415780365467,0.35751469191041696,0.19373018592596053,0.40821766461279885,0.1,0.25,0.0,0.0714285714285714
391011,mscoco,0.3956201493740082,0.5908812105226818,0.5018891230225563,0.8176084065372192,0.6,1.0,1.0,1.0
36281,mscoco,0.04347399407997728,0.21589735639181962,0.06708654910326003,0.2590446814845392,0.1,1.0,0.1,1.0
485016,mscoco,0.05272835455834866,0.15256267927462996,0.11928775003179908,0.41619217759865984,0.0,0.0112359550561797,0.0,0.0833333333333333
524392,mscoco,0.333833672106266,0.5407512245719611,0.3596066787838936,0.5912839616599839,1.0,1.0,0.9,1.0
299123,mscoco,0.19797719419002532,0.3783225035725626,0.20119801089167594,0.386693283295124,0.4,1.0,0.6,0.5
211905,mscoco,0.02460497710853815,0.09251435779041943,0.018104506935924292,0.08070784243194963,0.1,1.0,0.1,1.0
231381,mscoco,0.19409988522529603,0.43214213482207137,0.24009597077965736,0.489840522800257,0.3,0.5,0.5,1.0
433896,mscoco,0.06194426380097866,0.24957951516013158,0.054197192937135694,0.23574161734979882,0.1,1.0,0.1,1.0
284259,mscoco,0.1279469344764948,0.2757932213892518,0.14357440434396268,0.2792884477932742,0.2,1.0,0.1,1.0
540283,mscoco,0.11035975590348243,0.27918424701374145,0.13400089591741562,0.2856794786118911,0.2,1.0,0.0,0.0769230769230769
425010,mscoco,0.09617405384778976,0.25324623302912846,0.06079800985753536,0.22178771917263215,0.2,1.0,0.4,1.0
170525,mscoco,0.42923666536808014,0.6075010597984842,0.43657094389200213,0.6216544025799118,0.0,0.0434782608695652,0.2,0.125
432216,mscoco,0.1785012476146221,0.3645229013681526,0.2428969442844391,0.5138500621740425,0.1,0.2,0.1,0.3333333333333333
142402,mscoco,0.049638592079281806,0.1638184654885436,0.05287641268223524,0.20421360415289377,0.1,1.0,0.1,0.125
90820,mscoco,0.16752713061869146,0.5259454431891006,0.11791277453303337,0.42516245390039376,0.0,0.04,0.0,0.0833333333333333
208961,mscoco,0.045586167741566895,0.19466901906285083,0.034590558521449564,0.19148800294613255,0.1,1.0,0.1,1.0
140623,mscoco,0.10286988765001297,0.2723351242439682,0.1327443741261959,0.2608622223957201,0.3,1.0,0.3,0.3333333333333333
312015,mscoco,0.15335017591714858,0.3372853468963896,0.1277880735695362,0.35087024267496475,0.3,0.5,0.2,0.3333333333333333
388399,mscoco,0.1987428441643715,0.49791100557634854,0.19339186251163482,0.40279863759893997,0.2,0.3333333333333333,0.1,0.25
126659,mscoco,0.1260218732059002,0.29468827663155317,0.20864674896001817,0.41073677472243564,0.2,0.2,0.4,0.25
234990,mscoco,0.12225074023008346,0.29247249880887277,0.13932209759950637,0.29522822729778136,0.0,0.04,0.2,0.1111111111111111
212445,mscoco,0.3016216062009335,0.5445745007157424,0.39185109436511995,0.7470828826521001,0.9,1.0,1.0,1.0
540885,mscoco,0.2729606211185455,0.4353057776697096,0.36233956813812257,0.5888392214391589,0.3,1.0,0.5,1.0
276417,mscoco,0.14002882353961468,0.3688052527537633,0.2069326438009739,0.38045287445235554,0.1,0.2,0.2,0.1111111111111111
46173,mscoco,0.10377983190119267,0.25907631509555573,0.15877826362848282,0.29416297659233276,0.1,0.3333333333333333,0.0,0.0188679245283018
53641,mscoco,0.12058992497622967,0.2883439092852968,0.11310112569481134,0.2775036891170429,0.2,0.5,0.2,0.1666666666666666
367332,mscoco,0.29616175815463064,0.6042417357188365,0.3193699151277542,0.5193268209457615,0.3,1.0,0.6,1.0
527134,mscoco,0.1344836488366127,0.2701821237697971,0.1795216903090477,0.3388123193544267,0.1,0.3333333333333333,0.1,0.1666666666666666
263970,mscoco,0.05874394252896309,0.18367750055627616,0.09381651058793068,0.23022232816108174,0.0,0.006060606060606,0.1,1.0
485696,mscoco,0.052191559597849844,0.15949802284005374,0.06274413410574198,0.1706833377822964,0.1,1.0,0.1,1.0
118870,mscoco,0.048861251771450044,0.193855046953069,0.030578799732029437,0.11157086645211985,0.0,0.0909090909090909,0.1,0.5
11332,mscoco,0.30161247923970225,0.6271559719602069,0.25009876787662505,0.4347794328701288,0.0,0.0625,0.5,1.0
365523,mscoco,0.06822091042995453,0.23295735582307925,0.059493887424469,0.24573814904936395,0.1,0.3333333333333333,0.1,1.0
479035,mscoco,0.04373096153140068,0.12906406229463943,0.03586344365030527,0.10681945417580652,0.1,0.1428571428571428,0.0,0.0294117647058823
416098,mscoco,0.2354358285665512,0.6726237420713748,0.2047586366534233,0.6032150824043271,0.1,0.5,0.5,1.0
13284,mscoco,0.02312691481783986,0.10437665727370611,0.022416740376502275,0.09493044282215024,0.1,1.0,0.1,1.0
110435,mscoco,0.06363474242389203,0.22009401820167582,0.053773660724982617,0.22493640818363467,0.1,1.0,0.1,1.0
116694,mscoco,0.24203028604388238,0.5414267389963902,0.30975393429398534,0.584468065657552,0.1,0.3333333333333333,0.0,0.037037037037037
244410,mscoco,0.12751850187778474,0.33066218591135893,0.21185620203614236,0.3980975725316146,0.3,1.0,1.0,1.0
428992,mscoco,0.03580100685358047,0.13751409957970046,0.043149948678910734,0.15418314862954116,0.2,1.0,0.6,1.0
337902,mscoco,0.2796797588467598,0.45594965842516594,0.25217742584645747,0.4295828726181531,0.8,1.0,0.9,1.0
546074,mscoco,0.047131136432290076,0.1292336897137946,0.04961039498448372,0.14521117587243015,0.0,0.04,0.1,1.0
70033,mscoco,0.019758407026529312,0.06605447830856029,0.019245052756741644,0.07911373260382099,0.6,1.0,0.6,1.0
149268,mscoco,0.07479796875268221,0.1892921282643807,0.0722675770521164,0.18075922822064386,0.0,0.0476190476190476,0.3,0.3333333333333333
431370,mscoco,0.17648689337074758,0.3282763005039526,0.444721320271492,0.6968306955489515,0.1,0.125,0.2,0.3333333333333333
254387,mscoco,0.0888328056782484,0.1975553791054333,0.09916053004562855,0.23510107923310078,0.2,0.1428571428571428,0.5,0.3333333333333333
177349,mscoco,0.11008452735841275,0.33943206239661233,0.09068503845483064,0.2842490980411905,0.1,0.3333333333333333,0.1,0.1666666666666666
287186,mscoco,0.2155001036822796,0.4741779713504057,0.27548308819532397,0.3957309513466589,0.0,0.0769230769230769,0.1,0.125
328284,mscoco,0.2914811708033085,0.3852033622963805,0.30720965266227723,0.6080906385031247,0.1,0.25,0.1,1.0
50409,mscoco,0.04569418225437403,0.16630812536427753,0.08441624045372009,0.22715377762008893,0.0,0.032258064516129,0.1,0.1111111111111111
399183,mscoco,0.12008364759385586,0.29254649007232386,0.23415241837501527,0.37722847429794143,0.1,0.1111111111111111,0.6,0.5
76589,mscoco,0.12559201531112194,0.3079444391955865,0.1171840064227581,0.2534156665381414,0.2,1.0,0.3,1.0
534965,mscoco,0.255020771920681,0.5226712009264832,0.22335850074887276,0.448992207312645,0.1,0.25,0.0,0.0833333333333333
295759,mscoco,0.03692590948194265,0.11063463863337072,0.040129396319389346,0.11470103398271331,0.0,0.0037735849056603,0.0,0.0526315789473684
131725,mscoco,0.07777280174195766,0.21715289999144557,0.07988733407109976,0.22673523692805095,0.0,0.0588235294117647,0.1,1.0
214123,mscoco,0.13259233608841897,0.35038024564361586,0.12376137226819992,0.27979802644054413,0.1,1.0,0.0,0.0625
433075,mscoco,0.04836819712072611,0.15605604288194846,0.04795813206583262,0.12815492325336383,0.1,1.0,0.1,0.1666666666666666
21260,mscoco,0.05977940522134304,0.1491390302076578,0.07383313290774822,0.16009187615096757,0.0,0.0098039215686274,0.1,0.2
312870,mscoco,0.17680579274892808,0.39107284161035805,0.17916990518569947,0.4090717173892307,0.0,0.0476190476190476,0.1,0.25
6824,mscoco,0.3489278435707092,0.5330778481977285,0.3810920834541321,0.505569456648655,0.7,0.25,0.8,1.0
368014,mscoco,0.1661906935274601,0.33186573715993584,0.2007447738200426,0.3585029526695404,0.3,0.3333333333333333,0.3,1.0
227772,mscoco,0.09892685562372208,0.288323493772238,0.14750151187181473,0.3162114810443809,0.1,0.1666666666666666,0.3,0.25
276671,mscoco,0.36510000228881834,0.6394529445049894,0.46547150909900664,0.8009206664205131,0.2,0.3333333333333333,0.6,0.5
74894,mscoco,0.3415134400129318,0.6063014503107951,0.32799879759550093,0.5810755025425621,0.3,1.0,0.5,1.0
395170,mscoco,0.18128834739327432,0.3944492745368479,0.16576083675026893,0.35568714791363687,0.4,0.5,0.6,1.0
362521,mscoco,0.17759127765893937,0.3412611385041786,0.20190562754869462,0.3305249703191387,0.0,0.02,0.1,0.2
543838,mscoco,0.02204920439980924,0.09885695180344803,0.02403382775373757,0.0713017841277728,0.1,1.0,0.1,0.3333333333333333
385580,mscoco,0.04583009108901024,0.17684112504475932,0.0738192668184638,0.15761547481719318,0.0,0.0153846153846153,0.0,0.0714285714285714
448131,mscoco,0.15089572742581367,0.3906162017533636,0.17891443222761155,0.36892019091988415,0.1,0.2,0.6,1.0
33702,mscoco,0.25410687923431396,0.5162021072678803,0.35735020488500596,0.5016001175197916,0.0,0.0555555555555555,0.0,0.0769230769230769
109522,mscoco,0.17370707169175148,0.3170278610527009,0.19854661002755164,0.3910935785115877,0.0,0.0416666666666666,0.0,0.0256410256410256
268444,mscoco,0.14681734070181846,0.3475235821070156,0.24495544135570527,0.5191305068058292,0.2,0.5,0.3,1.0
526105,mscoco,0.061283882893621924,0.16930951075174155,0.07331359907984733,0.24807610393165413,0.0,0.0714285714285714,0.0,0.0833333333333333
538709,mscoco,0.051960000023245814,0.16725151290022322,0.06129082776606083,0.20087009298841396,0.1,0.1666666666666666,0.2,0.5
455856,mscoco,0.024189325142651798,0.08162471205365632,0.02730901800096035,0.07644219978946445,0.1,0.5,0.1,0.5
246878,mscoco,0.13754963502287865,0.2759635323541548,0.2434719279408455,0.5099045754792232,0.0,0.0142857142857142,0.4,0.5
361472,mscoco,0.07140434924513102,0.2003530312661485,0.08401134982705116,0.2365215995900851,0.0,0.0384615384615384,0.1,1.0
422240,mscoco,0.057794957980513574,0.15635127442113936,0.04482261529192329,0.15144036458408344,0.1,1.0,0.1,1.0
233073,mscoco,0.0947144340723753,0.26040711782057413,0.0866917286068201,0.22670132224322173,0.1,0.3333333333333333,0.1,1.0
340621,mscoco,0.24572455883026123,0.4329488660608332,0.2437916487455368,0.4808424438814168,0.4,1.0,0.6,1.0
422804,mscoco,0.011590716894716024,0.034322997304101655,0.012356488266959786,0.06254971600335911,0.1,0.1666666666666666,0.1,1.0
440762,mscoco,0.4604651689529419,0.699837609849746,0.4869076907634735,0.6949134452088683,0.1,0.125,0.1,0.1
165907,mscoco,0.2431170552968979,0.4867781278576384,0.26216228008270265,0.498664031504751,0.4,0.5,0.6,1.0
540006,mscoco,0.03469586903229356,0.1111059178550859,0.03872455693781376,0.1357338059180461,0.1,0.1111111111111111,0.1,1.0
300267,mscoco,0.13201024159789085,0.2689540607514973,0.13939531967043878,0.3434804406241595,0.5,0.5,0.3,1.0
413852,mscoco,0.22014511339366435,0.3055221818615601,0.30710272789001464,0.5449311126604552,0.4,0.25,0.7,1.0
360975,mscoco,0.18012973815202712,0.35873311886418224,0.14718610011041164,0.32217442133113183,0.4,0.25,0.3,1.0
211909,mscoco,0.23118267580866814,0.5354052629864312,0.33056301772594454,0.5319093464380442,0.6,1.0,0.8,1.0
66389,mscoco,0.10262368097901345,0.2513114683521481,0.10920097939670086,0.30836221122837254,0.0,0.0030395136778115,0.0,0.0025575447570332
13285,mscoco,0.07525480259209871,0.23213767774140606,0.08271520026028156,0.2559829789922709,0.0,0.009009009009009,0.0,0.0026178010471204
573922,mscoco,0.26938160955905915,0.5063191244166753,0.3245085082948208,0.6062091830890142,0.1,0.125,0.4,1.0
62619,mscoco,0.10756813809275627,0.2711144955774017,0.17350055649876595,0.38235214841434306,0.1,0.1,0.1,1.0
168563,mscoco,0.17694960236549379,0.3148259829128892,0.18107147216796876,0.3827957463045932,0.2,0.25,0.2,0.5
178504,mscoco,0.06722497707232833,0.15539968523486086,0.1598295144736767,0.4009355766256113,0.0,0.0909090909090909,0.1,1.0
176174,mscoco,0.19710690379142762,0.3752483464830316,0.24099671095609665,0.4242795321657331,0.1,0.1666666666666666,0.1,0.5
60903,mscoco,0.10701097883284091,0.2798593831250048,0.19642638191580772,0.4379704185874229,0.1,0.1111111111111111,0.2,1.0
80554,mscoco,0.16095528677105903,0.38128080203875026,0.2156278282403946,0.39919766195709094,0.0,0.0714285714285714,0.2,0.3333333333333333
494852,mscoco,0.16407619901001452,0.35055931054902245,0.21434566378593445,0.4607917142472227,0.4,1.0,0.3,1.0
272832,mscoco,0.07972254771739244,0.1867684071547914,0.11515779979526997,0.32501516992590224,0.1,0.3333333333333333,0.1,1.0
497002,mscoco,0.05373924942687154,0.17351015819526472,0.0514738473109901,0.132698212365839,0.1,0.5,0.0,0.0526315789473684
473918,mscoco,0.044399673491716383,0.14026726002189097,0.05449154805392027,0.1759586320488859,0.0,0.0454545454545454,0.1,0.5
78681,mscoco,0.19461086429655552,0.3977930469886642,0.16932172179222107,0.4024011891337106,0.5,1.0,0.5,1.0
261323,mscoco,0.11008318215608597,0.2530499807279415,0.10993157550692559,0.28023513647889664,0.0,0.0476190476190476,0.1,1.0
489482,mscoco,0.14081796780228614,0.3062547234477892,0.1868084378540516,0.3198448916896292,0.0,0.0909090909090909,0.1,0.5
513966,mscoco,0.05419711023569107,0.17490482018425188,0.1127805944532156,0.2892300458156595,0.1,0.2,0.0,0.04
326202,mscoco,0.22588856890797615,0.4763801537817508,0.22536684721708297,0.5305635649407499,0.3,1.0,0.3,1.0
394159,mscoco,0.3211200475692749,0.5768333365213748,0.36706614643335345,0.5673567660685342,0.1,0.3333333333333333,0.2,0.3333333333333333
392320,mscoco,0.09015712477266788,0.20686686748449276,0.09587809983640909,0.318406396979709,0.7,1.0,0.6,1.0
428301,mscoco,0.21276521384716035,0.4189850044056423,0.1995568737387657,0.44211530161259577,0.3,1.0,0.3,1.0
304217,mscoco,0.1278577610850334,0.3476936900726551,0.10459771864116192,0.3172264281531992,0.0,0.0217391304347826,0.0,0.0133333333333333
332131,mscoco,0.312818443775177,0.48285613678520706,0.40463257431983946,0.5276896901509526,0.6,1.0,0.7,1.0
316336,mscoco,0.10940852668136358,0.23782886245718002,0.1793876715004444,0.3719334931752648,0.1,0.3333333333333333,0.1,1.0
575331,mscoco,0.06388330925256014,0.17337759273462555,0.06940854340791702,0.21126974219577122,0.0,0.0476190476190476,0.1,1.0
357578,mscoco,0.20358524322509766,0.3842867613931788,0.3100250758230686,0.5543267196916094,0.0,0.0625,0.2,0.25
201714,mscoco,0.42396517395973204,0.6489850300310905,0.26505762040615083,0.6316405444588683,0.5,1.0,0.3,1.0
76899,mscoco,0.2269815482199192,0.4103151150037932,0.16967257484793663,0.28559853339920405,0.1,0.1666666666666666,0.0,0.0175438596491228
461445,mscoco,0.3458507537841797,0.5158045965558581,0.32685724049806597,0.6003093941102889,0.2,0.3333333333333333,0.1,1.0
317431,mscoco,0.291659501940012,0.6696097494996762,0.30911203026771544,0.63126213121313,0.9,1.0,0.9,1.0
74,drawbench,0.08071851804852485,0.21826946673543407,0.09527497701346874,0.3856014901795306,0.0,0.0128205128205128,0.0,0.0181818181818181
413172,mscoco,0.14269488751888276,0.32632782591398296,0.19971085265278815,0.42290189020012964,0.1,0.1428571428571428,0.4,0.3333333333333333
346754,mscoco,0.08005491010844708,0.21565888710464007,0.07327461801469326,0.21264803425908232,0.0,0.0038167938931297,0.0,0.0014245014245014
142349,mscoco,0.20291290879249574,0.4156023744032417,0.1897483617067337,0.35644513066266603,0.1,0.1666666666666666,0.3,0.25
495947,mscoco,0.1569279558956623,0.4084337368929555,0.13578095212578772,0.3127457734523425,0.0,0.0454545454545454,0.0,0.0416666666666666
105344,mscoco,0.3308412253856659,0.5307900428973583,0.33455006033182144,0.6201318201543894,0.2,0.25,0.5,1.0
466024,mscoco,0.27320503145456315,0.5377123869484843,0.3114400252699852,0.5332880825076702,0.7,1.0,1.0,1.0
579165,mscoco,0.11151173785328865,0.2881388629658653,0.1628725439310074,0.375332920941103,0.1,0.2,0.0,0.0256410256410256
323868,mscoco,0.1561187230050564,0.3124722618635842,0.3604624256491661,0.592914775562026,0.1,0.1666666666666666,0.7,1.0
119947,mscoco,0.12613616548478604,0.3023219720729896,0.162342382222414,0.3490893329081295,0.1,1.0,0.1,0.5
536201,mscoco,0.03818244766443968,0.15598026110059046,0.033522788621485236,0.14673710364516518,0.1,1.0,0.1,1.0
151432,mscoco,0.2991019532084465,0.48063470237960365,0.29526699483394625,0.47270986475294363,0.5,1.0,0.3,0.3333333333333333
50972,mscoco,0.13987307026982307,0.47213437126403573,0.1345474049448967,0.26692959893681006,0.2,1.0,0.2,0.3333333333333333
222361,mscoco,0.23106665760278702,0.37431373977736093,0.22222532480955123,0.4106199822530108,0.4,0.25,0.7,1.0
183,drawbench,0.0483966963365674,0.122039179936723,0.03724769027903676,0.1218337542016015,0.0,0.0,0.0,0.0
356654,mscoco,0.057544173672795296,0.19152541783046756,0.07573949117213488,0.17668421910357024,0.1,1.0,0.0,0.0526315789473684
12377,mscoco,0.03567989384755492,0.1594997682836219,0.047312543634325264,0.1397247967894899,0.1,0.25,0.1,1.0
62589,mscoco,0.2509109616279602,0.460146893736041,0.24223145246505737,0.46145649196472377,0.4,1.0,0.5,1.0
175,drawbench,0.045045119058340785,0.1807171088388391,0.04649886600673199,0.11835711490394639,0.0,0.0,0.0,0.0
97569,mscoco,0.03160050045698881,0.10759092383786407,0.03582436610013247,0.11000090906420469,0.1,0.1111111111111111,0.2,0.3333333333333333
118342,mscoco,0.2515364035964012,0.4877881487538941,0.26579163372516634,0.4630798001070865,0.5,1.0,0.7,0.5
226348,mscoco,0.14223804287612438,0.39526882703321276,0.15817071720957757,0.4075133631264898,0.1,0.5,0.1,1.0
507833,mscoco,0.031034998875111342,0.10225952285276829,0.01708073136396706,0.08808587029232089,0.1,1.0,0.1,1.0
509503,mscoco,0.183303751796484,0.2840520447868915,0.11009190008044242,0.2937683630096391,0.4,1.0,0.3,0.5
265447,mscoco,0.16121156737208367,0.39158301719201655,0.15025102943181992,0.316912789411064,0.6,1.0,0.6,1.0
39398,mscoco,0.2823514029383659,0.46123134190678805,0.4782165616750717,0.6745683803452917,0.1,0.5,0.2,1.0
475667,mscoco,0.23588651567697524,0.4621995156701512,0.2435697726905346,0.42757281085907933,0.3,0.3333333333333333,0.3,0.5
110829,mscoco,0.04626474548131228,0.1802729253233473,0.0455767996609211,0.14116578641472463,0.0,0.0434782608695652,0.2,1.0
423830,mscoco,0.29422247111797334,0.5999594514269266,0.22580201923847198,0.5980452791992729,0.1,0.125,0.2,1.0
159567,mscoco,0.1632428362965584,0.38872554651199065,0.1678241491317749,0.3745362350132153,0.1,1.0,0.0,0.003012048192771
67422,mscoco,0.32870330661535263,0.4648073160198272,0.37969230115413666,0.6891297690102779,0.3,0.5,0.3,0.5
449210,mscoco,0.2625363141298294,0.5859876229777353,0.3337412476539612,0.5729720115261214,0.1,0.2,0.4,1.0
561386,mscoco,0.07177186943590641,0.1758552582032699,0.19063742309808732,0.3788714308906727,0.2,0.2,0.2,0.25
136267,mscoco,0.26754671782255174,0.4435405615296903,0.30438462048769,0.4959792724340463,0.8,1.0,0.6,0.5
147294,mscoco,0.1410294681787491,0.2915433789070957,0.20310474820435048,0.2838864333040392,0.1,0.2,0.2,0.5
127074,mscoco,0.13791000619530677,0.3074765088072688,0.15264987722039222,0.48595399103529185,0.3,1.0,0.6,1.0
355593,mscoco,0.10087546221911907,0.34750539817445464,0.13154545724391936,0.3200426896681255,0.0,0.0005411255411255,0.0,0.0078740157480314
82,drawbench,0.154080268740654,0.37167610574941556,0.20999040976166725,0.5408132671408843,0.1,0.1666666666666666,0.0,0.032258064516129
97614,mscoco,0.09808988124132156,0.270542380989942,0.18625019043684005,0.4613048953559879,0.0,0.0196078431372549,0.0,0.0555555555555555
548219,mscoco,0.10287836194038391,0.3129458680882161,0.09287761747837067,0.41681014189987237,0.4,0.5,0.4,1.0
232031,mscoco,0.10096601918339729,0.2516843060727768,0.09451708570122719,0.21510788741316617,0.1,0.5,0.0,0.0526315789473684
212047,mscoco,0.05731923468410969,0.18841284193436497,0.06299920808523893,0.20643955265054498,0.1,1.0,0.1,1.0
532520,mscoco,0.022768027614802122,0.07485224990777739,0.024368579406291245,0.07402304390277352,0.2,0.3333333333333333,0.1,0.25
202923,mscoco,0.17505106143653393,0.34875851504559513,0.26317542791366577,0.5644226766315751,0.4,0.25,0.3,0.1666666666666666
32675,mscoco,0.19298665672540666,0.5420058287991442,0.19550914391875268,0.5312979158862332,0.1,1.0,0.1,1.0
280112,mscoco,0.3805186107754707,0.7063631732019751,0.3673514470458031,0.5442882432519169,0.3,0.3333333333333333,0.2,1.0
230982,mscoco,0.08511521257460117,0.24577310649190226,0.07497462891042232,0.2267191855890742,0.1,0.5,0.0,0.0714285714285714
104340,mscoco,0.021446023788303136,0.06763195843384649,0.019484637398272754,0.06844860359901753,0.0,0.0256410256410256,0.1,1.0
444912,mscoco,0.05701727606356144,0.1594814308370841,0.06390338242053986,0.22527637464901942,0.0,0.0833333333333333,0.1,0.1666666666666666
210071,mscoco,0.34531069323420527,0.4829854144610289,0.3144025236368179,0.4823971654559939,0.9,1.0,1.0,1.0
541203,mscoco,0.11892834156751633,0.35394293148739386,0.1169483664445579,0.2817602555711109,0.1,0.1,0.2,1.0
64626,mscoco,0.13019978925585746,0.3139964658428074,0.14869814217090607,0.37072243159378815,0.1,0.1111111111111111,0.0,0.0555555555555555
224060,mscoco,0.142773712053895,0.4169725990960232,0.10738869607448578,0.3643181060118149,0.1,1.0,0.1,1.0
411028,mscoco,0.12392684817314148,0.26114231233673013,0.21969305351376534,0.5009843827232416,0.4,1.0,0.5,1.0
228712,mscoco,0.026293226331472398,0.0832300030666164,0.026213948149234056,0.07948943805893315,0.1,0.125,0.0,0.0256410256410256
170365,mscoco,0.15950706973671913,0.37943401560720086,0.1609698049724102,0.4243911748685081,0.0,0.0769230769230769,0.1,0.125
346403,mscoco,0.15556895211338997,0.34710389194567,0.26629449278116224,0.5800822159858591,0.0,0.0163934426229508,0.2,1.0
265597,mscoco,0.375989206135273,0.5831891678321854,0.39138456135988237,0.5094374425694685,1.0,1.0,0.9,0.5
11504,mscoco,0.13519190140068532,0.2368028381838602,0.1555752784013748,0.3999630585202629,0.1,0.125,0.2,0.3333333333333333
546010,mscoco,0.042945895716547965,0.19936718540852166,0.04161428799852729,0.17266499589605758,0.1,1.0,0.1,0.5
287003,mscoco,0.2946991309523582,0.6380203839565631,0.2650632306933403,0.4853873926619683,0.1,1.0,0.3,0.5
485406,mscoco,0.025646989420056342,0.07947020419242862,0.03602058510296047,0.14089544401340168,0.0,0.0416666666666666,0.1,1.0
299051,mscoco,0.10128981508314609,0.21659809325387727,0.1345359653234482,0.3351345552194297,0.3,1.0,0.5,1.0
67,drawbench,0.017780712665989996,0.06297122081771989,0.007685260963626206,0.03380305481987068,0.0,0.0,0.0,0.0
107481,mscoco,0.27690628468990325,0.4568902743225842,0.3324285715818405,0.5520307894192298,0.4,0.3333333333333333,0.5,1.0
160968,mscoco,0.2731833167374134,0.4438382964003354,0.20808665603399276,0.3728291735348206,0.1,0.1428571428571428,0.1,0.3333333333333333
447983,mscoco,0.06607222482562065,0.2720541923054869,0.1250300131738186,0.32084552873978633,0.1,1.0,0.1,1.0
192651,mscoco,0.16197748780250548,0.3750592729381517,0.23674571067094802,0.4926891015943427,0.3,0.5,0.5,1.0
341856,mscoco,0.07165614161640406,0.27798874810335483,0.11151054687798023,0.29022755645717074,0.3,0.5,0.2,1.0
45809,mscoco,0.22573604583740234,0.4803595315109845,0.2141926772892475,0.43097079271435046,0.6,1.0,0.6,1.0
552089,mscoco,0.14645092599093915,0.393971775537914,0.11117790900170803,0.22980085951342097,0.1,0.1111111111111111,0.1,0.1
24097,mscoco,0.10457930900156498,0.37234077364676194,0.08067078478634357,0.34096382214684007,0.1,1.0,0.1,1.0
433451,mscoco,0.18190690763294698,0.36041304321181866,0.17630980014801026,0.3839467359283948,0.0,0.0909090909090909,0.1,0.1666666666666666
547100,mscoco,0.12450935803353787,0.49153126798475494,0.11310125943273305,0.48325924188934805,0.1,1.0,0.1,1.0
485595,mscoco,0.03611485678702593,0.1446630067254978,0.05413832403719425,0.16975156549605033,0.1,0.5,0.1,1.0
266209,mscoco,0.1746731400489807,0.36916067291490845,0.1816559135913849,0.36823237195972397,0.2,0.3333333333333333,0.8,1.0
559754,mscoco,0.06659868061542511,0.2098250390838839,0.06108145695179701,0.18045840905127164,0.3,0.25,0.5,1.0
253848,mscoco,0.18594936691224576,0.42926743695125735,0.1763310141861439,0.35887142719742854,0.0,0.0434782608695652,0.1,0.1666666666666666
51487,mscoco,0.04781056800857186,0.17875675870849814,0.055726243555545805,0.1821701420646716,0.1,1.0,0.1,1.0
8725,mscoco,0.25617751106619835,0.4778250114528773,0.2048432447016239,0.4333787242097889,0.0,0.003690036900369,0.0,0.0909090909090909
115,drawbench,0.1566459983587265,0.42213503755882664,0.15470021180808544,0.40569570569959296,0.0,0.0,0.0,0.0
168833,mscoco,0.19357312992215156,0.3955313369664794,0.27116910070180894,0.43713123247118785,0.0,0.02,0.0,0.0357142857142857
248682,mscoco,0.2966067612171173,0.5198369352542535,0.36208987832069395,0.5588658811691316,0.6,0.5,0.8,1.0
488032,mscoco,0.30037426501512526,0.5946125960345937,0.4244247704744339,0.6159182173104957,0.3,1.0,0.6,1.0
24242,mscoco,0.06595484465360642,0.188496541731521,0.12487265691161156,0.2766647573407259,0.0,0.05,0.5,1.0
150546,mscoco,0.07101700529456138,0.2404740505015899,0.06880303323268891,0.20399678473147942,0.1,0.5,0.1,1.0
67563,mscoco,0.3401685953140259,0.4505132153248451,0.25556266456842425,0.42304207497428264,0.2,1.0,0.0,0.0833333333333333
36783,mscoco,0.3060257837176323,0.6610756695567166,0.25331452339887617,0.46611650964188084,0.0,0.0040485829959514,0.1,0.1428571428571428
216015,mscoco,0.15028324387967587,0.3520173023102643,0.13892552964389324,0.35738405778258897,0.2,1.0,0.1,1.0
530904,mscoco,0.12303989231586457,0.30859308726409784,0.14749617651104927,0.4254383349370899,0.3,0.3333333333333333,0.3,1.0
15356,mscoco,0.1840835079550743,0.4004112743986805,0.20044667050242423,0.44055916901706144,0.4,0.3333333333333333,0.4,1.0
213809,mscoco,0.07859018109738827,0.3031817400127392,0.10378221161663533,0.3346777637669057,0.1,1.0,0.1,1.0
407057,mscoco,0.03553546443581581,0.11948002034605094,0.03399860626086593,0.11161644348121572,0.4,1.0,0.3,1.0
229142,mscoco,0.1757450632750988,0.37724025045859166,0.22958393543958663,0.554529288471226,0.1,0.3333333333333333,0.1,0.1428571428571428
307990,mscoco,0.18845880180597305,0.3172539916366002,0.34640001505613327,0.5814877097226983,0.3,0.25,0.2,0.5
185,drawbench,0.08227993808686733,0.19203544727024208,0.06054932288825512,0.15360237709445046,0.0,0.0,0.0,0.0
318820,mscoco,0.0929615307599306,0.32967031287346904,0.08298322036862374,0.3199206588976593,0.1,1.0,0.1,1.0
575303,mscoco,0.05212230095639825,0.2913773463842109,0.05512395687401295,0.2920935635296022,0.1,1.0,0.1,1.0
578094,mscoco,0.06587829533964396,0.19244065913092068,0.09228477496653795,0.23002514331217833,0.4,1.0,0.7,1.0
54611,mscoco,0.07900847606360913,0.19281026769531134,0.11906609684228897,0.27520459450792795,0.2,0.3333333333333333,0.7,1.0
5903,mscoco,0.10691748224198819,0.3609253393660292,0.13664917908608915,0.36025005935090026,0.2,1.0,0.1,1.0
238603,mscoco,0.28050741404294965,0.4379269026203969,0.36375926733016967,0.6789287438019721,0.3,0.1666666666666666,0.7,1.0
113089,mscoco,0.07180281654000283,0.23431077147767795,0.09766063205897808,0.24494635903456646,0.1,1.0,0.1,1.0
381759,mscoco,0.06283458936959505,0.18840039493060298,0.07224958688020706,0.2004255234104923,0.0,0.0104166666666666,0.1,0.5
486580,mscoco,0.15920890420675277,0.34931700110136954,0.22200403213500977,0.43322302434627635,0.0,0.0434782608695652,0.2,0.25
480720,mscoco,0.3779766321182251,0.6096293089227697,0.3422120600938797,0.5732687153242342,0.6,0.3333333333333333,0.5,1.0
289140,mscoco,0.03921976536512375,0.10116671664151108,0.04193766433745623,0.11030796267845773,0.1,0.2,0.1,0.3333333333333333
91719,mscoco,0.13101061135530473,0.2636589562828892,0.2407272905111313,0.4428231315416338,0.2,0.3333333333333333,0.8,1.0
8944,mscoco,0.21436662524938582,0.40523112626466096,0.23846101872622966,0.4479254093540319,0.1,0.3333333333333333,0.0,0.0833333333333333
468742,mscoco,0.12648816257715226,0.2812328643646069,0.15504466816782952,0.3031899730095179,0.3,1.0,0.3,1.0
512723,mscoco,0.34744534492492674,0.5983357222956013,0.3798287183046341,0.5283741035929385,0.5,1.0,0.8,1.0
167962,mscoco,0.28373933583498,0.43428568297579817,0.42203987538814547,0.6145680605513435,0.2,0.1666666666666666,0.4,0.3333333333333333
132161,mscoco,0.0586633300408721,0.17390176469820212,0.046834259480237964,0.11840547740751652,0.0,0.0416666666666666,0.1,1.0
260336,mscoco,0.12110992483794689,0.3019087971789425,0.12406366132199764,0.2649565715043735,0.6,1.0,0.8,1.0
320429,mscoco,0.17807996906340123,0.30957802908877907,0.2171391099691391,0.512753714447085,0.1,0.1,0.2,1.0
465893,mscoco,0.13389737196266652,0.2916942542775244,0.2159326396882534,0.43917523550304366,0.2,0.1666666666666666,0.5,0.3333333333333333
34183,mscoco,0.11221263315528632,0.37894034827223283,0.08065484464168549,0.35248030607722936,0.2,1.0,0.2,1.0
531404,mscoco,0.02321440912783146,0.1028249205468546,0.031906099896878,0.11111769920800442,0.0,0.015625,0.1,0.1666666666666666
551651,mscoco,0.10792332515120506,0.28832520769745723,0.11863428726792336,0.25326461294236724,0.1,0.1428571428571428,0.2,0.5
140921,mscoco,0.32877332866191866,0.6401277839413562,0.3808979347348213,0.6475061325357605,0.2,1.0,0.2,1.0
449780,mscoco,0.2994167856872082,0.45764553707357847,0.27553857713937757,0.6463766131056553,0.1,0.1666666666666666,0.0,0.0588235294117647
560326,mscoco,0.11966470405459403,0.28599243136640196,0.15861029475927352,0.3904179777941851,0.2,0.5,0.3,1.0
440813,mscoco,0.05574026852846146,0.13950293900106517,0.044700350053608416,0.14395979669029213,0.1,0.5,0.1,0.25
126,drawbench,0.20746428593993188,0.3769871547812276,0.2196790799498558,0.44818625540299517,0.0,1.321684883889983e-05,0.0,4.428305730227615e-05
44,drawbench,0.3286583378911018,0.4498860750475802,0.3564178302884102,0.5930886296079882,0.0,2.0200795911358907e-05,0.0,0.0002699784017278
174417,mscoco,0.06052298881113529,0.18272405922427185,0.06251135412603617,0.2071717280284974,0.1,1.0,0.1,0.5
423215,mscoco,0.08134230971336365,0.19251460230138306,0.13914985135197638,0.34998136178420786,0.0,0.0017094017094017,0.0,0.0588235294117647
478090,mscoco,0.14912606105208398,0.29273142622355935,0.16184369698166848,0.36129523422990945,0.0,0.0588235294117647,0.1,0.1666666666666666
83034,mscoco,0.05675151841714978,0.23908642103006175,0.07446019090712071,0.22850591335284665,0.1,1.0,0.0,0.0833333333333333
325568,mscoco,0.07514745257794857,0.20088270006335976,0.13685040473937987,0.27334634383133816,0.0,0.0010660980810234,0.0,0.0007107320540156
517603,mscoco,0.1728076793253422,0.3240263049665849,0.2072305589914322,0.4845288913385998,0.4,0.25,0.1,0.2
460287,mscoco,0.12523258477449417,0.41910034982676925,0.1188305914402008,0.3749737248805975,0.2,1.0,0.2,1.0
337546,mscoco,0.12714964523911476,0.28071603417100344,0.17768798545002937,0.36961046953336835,0.1,0.1111111111111111,0.3,1.0
389491,mscoco,0.3282513812184334,0.5632944847517334,0.367058627307415,0.6263399075296104,0.0,0.024390243902439,0.2,0.5
557451,mscoco,0.04584262426942587,0.16104859783770697,0.052092093788087365,0.1562497879798628,0.2,1.0,0.2,1.0
20414,mscoco,0.11400693710893392,0.33055995395310606,0.14928512647747993,0.3607141243493434,0.4,1.0,0.7,1.0
402603,mscoco,0.11753745637834072,0.325240430857484,0.10230048075318336,0.24909266819337095,0.1,0.5,0.1,1.0
93116,mscoco,0.1130169115960598,0.28112960330750036,0.10420965254306794,0.26864479728498997,0.3,0.25,0.4,1.0
202143,mscoco,0.10007865950465203,0.28080864741748646,0.2086559407413006,0.3729403992598995,0.4,0.5,0.8,1.0
477526,mscoco,0.28986976444721224,0.5591824065745885,0.3112794175744057,0.5628417741025262,0.2,1.0,0.3,1.0
557388,mscoco,0.2312931515276432,0.44726969904782704,0.2607754603028297,0.5060686330495278,0.5,1.0,0.2,1.0
120254,mscoco,0.12114093378186226,0.3683144578462283,0.15070880502462386,0.3634415727549132,0.1,0.1666666666666666,0.2,0.25
188606,mscoco,0.16760308835655452,0.4024709183881285,0.16959663890302182,0.3612367619795375,0.0,0.037037037037037,0.1,0.1
490336,mscoco,0.1823409043252468,0.2903927371184053,0.21514824777841568,0.43531721248004307,0.1,0.3333333333333333,0.4,0.5
82731,mscoco,0.2021197907626629,0.4036416153075091,0.15089694671332837,0.25667684352376546,0.1,0.1428571428571428,0.1,0.1
46674,mscoco,0.08670392595231532,0.27672257466125944,0.09064178075641394,0.28499653868611335,0.1,1.0,0.1,1.0
534366,mscoco,0.15997860468924047,0.5000375116209497,0.22511317320168017,0.44975477601436525,0.2,1.0,0.3,1.0
493774,mscoco,0.0236845713108778,0.07758218959614734,0.022117762826383114,0.06690479014741661,0.0,0.0833333333333333,0.2,0.5
417547,mscoco,0.042734493128955366,0.13765042828405935,0.05105137638747692,0.16994286096029404,0.0,0.0344827586206896,0.0,0.0119047619047619
63556,mscoco,0.03627723697572947,0.13699610071589113,0.04174004141241312,0.13394207839707017,0.1,0.3333333333333333,0.1,1.0
479036,mscoco,0.23823718912899494,0.6811937027845704,0.17038403656333684,0.4140894842747608,0.4,1.0,0.4,1.0
515424,mscoco,0.12742918059229852,0.33691984332503855,0.2365053713321686,0.5335993679213409,0.2,0.5,0.1,0.25
320899,mscoco,0.05109436083585024,0.1404126888542886,0.08644278794527054,0.24495689408545326,0.1,0.125,0.1,0.125
353378,mscoco,0.15199125409126282,0.5009605763707881,0.1427437424659729,0.45866740623825897,0.1,1.0,0.1,1.0
26517,mscoco,0.14159590229392052,0.2716166203066843,0.1839861549437046,0.38227956702466065,0.1,0.2,0.2,1.0
559912,mscoco,0.22388828322291374,0.3214908617541606,0.2598645642399788,0.4335970143765087,0.4,0.2,0.5,1.0
5913,mscoco,0.16425093859434128,0.3740604034747221,0.12866740822792053,0.3778598528868062,0.0,0.0833333333333333,0.0,0.0625
390474,mscoco,0.16111813113093376,0.40871420840588774,0.16750204265117646,0.35134692627389796,0.5,0.5,0.6,1.0
235062,mscoco,0.21835347563028334,0.45310557788515254,0.14568605236709117,0.47781887662628986,0.2,0.3333333333333333,0.2,1.0
313015,mscoco,0.029566309973597528,0.09861172785121762,0.03098729280754924,0.1276481475690536,0.1,0.2,0.1,1.0
397857,mscoco,0.053589210659265515,0.23433003345016595,0.05103094503283501,0.2306802920682708,0.1,1.0,0.1,1.0
550140,mscoco,0.2800430878996849,0.4524688461998536,0.2556474506855011,0.4736490649013564,0.7,0.25,0.5,0.5
461836,mscoco,0.25341249704360963,0.3542495691886446,0.3046494260430336,0.5243451152791186,0.0,0.0666666666666666,0.0,0.0714285714285714
106,drawbench,0.062366272509098056,0.2099454614918702,0.11370227262377738,0.25056433146006857,0.0,0.02,0.1,0.1666666666666666
81779,mscoco,0.1322226520627737,0.2792117915322657,0.15033613238483667,0.32179671980010266,0.1,0.5,0.1,0.25
215134,mscoco,0.3577092930674553,0.47267383907221105,0.504405876994133,0.6384961275059706,0.1,0.3333333333333333,0.1,0.25
523309,mscoco,0.03188885860145092,0.08896998055478453,0.020688225608319046,0.08059604143148963,0.0,0.0833333333333333,0.0,0.0833333333333333
171,drawbench,0.04271119888871908,0.12236217994066823,0.042003580881282684,0.1662672665799482,0.0,0.0,0.0,0.0
380500,mscoco,0.23686707764863968,0.4262578076427259,0.22276708036661147,0.5756897414156171,0.0,0.0192307692307692,0.2,1.0
156128,mscoco,0.25086227506399156,0.6946731606535793,0.3008957229554653,0.6071222644951411,0.2,1.0,0.4,1.0
125908,mscoco,0.16831869632005692,0.37114004755946584,0.23658402785658836,0.48860286985285956,0.4,0.5,0.4,0.5
488303,mscoco,0.07732352651655675,0.25679264627226983,0.1185327721759677,0.224256889800694,0.1,0.3333333333333333,0.0,0.0476190476190476
49725,mscoco,0.29362867325544356,0.6113279254586453,0.2612247135490179,0.47760498742771207,0.1,0.5,0.1,0.5
556363,mscoco,0.08277614638209344,0.24652317360028816,0.06897487472742796,0.19713850285004028,0.1,1.0,0.1,0.1428571428571428
279947,mscoco,0.13333812430500985,0.25109261017985185,0.1415168300271034,0.30554065493735827,0.3,0.5,0.6,1.0
139083,mscoco,0.23255795165896415,0.4399427406035744,0.3192770168185234,0.6312898929188607,0.2,0.3333333333333333,0.0,0.0666666666666666
325055,mscoco,0.16077830716967584,0.3629672717911339,0.15871051028370858,0.28939169734193027,0.3,0.25,0.3,0.3333333333333333
483311,mscoco,0.41849628239870074,0.6515743858101367,0.4999001920223236,0.7677066301509462,0.8,1.0,0.8,0.5
206410,mscoco,0.12642626836895943,0.28412087826831395,0.16008198484778405,0.36691974407109174,0.2,1.0,0.0,0.0212765957446808
270290,mscoco,0.02233275445178151,0.09110310071824342,0.028580874018371106,0.10089722461125794,0.3,1.0,0.3,1.0
542937,mscoco,0.10225490890443326,0.3523190040095222,0.0944152221083641,0.24517251670391843,0.2,0.25,0.1,0.2
109178,mscoco,0.08561226390302182,0.28421088677875567,0.09276281092315912,0.2622712120008941,0.9,1.0,1.0,1.0
286116,mscoco,0.08192198872566223,0.20501042654232432,0.08051369059830904,0.24762065037027658,0.2,0.1428571428571428,0.3,1.0
369557,mscoco,0.2040101896971464,0.4692752326640624,0.23344640359282492,0.5516656864603295,0.2,0.5,0.5,1.0
195810,mscoco,0.20470370948314667,0.4912828836630058,0.1686934545636177,0.339415187679095,0.1,1.0,0.1,0.5
561907,mscoco,0.04204903896898031,0.17014300662569348,0.04277709666639566,0.13592847662404778,0.0,0.03125,0.0,0.0010604453870625
100083,mscoco,0.08754330184310674,0.21409314045811365,0.08977948278188705,0.22729728922166284,0.9,1.0,0.5,1.0
427113,mscoco,0.15052383653819562,0.4332521110903381,0.2210276186466217,0.47479490704185434,0.3,1.0,0.5,1.0
504670,mscoco,0.12554074861109257,0.3354032236818275,0.12568246405571698,0.22930542538095497,0.0,0.0384615384615384,0.0,0.04
171656,mscoco,0.06519780345261098,0.1702317155456443,0.056106978096067905,0.18742463972471377,0.1,0.1428571428571428,0.1,1.0
337011,mscoco,0.0533252714201808,0.1554909723878179,0.031388095766305926,0.10721807096475815,0.0,0.0344827586206896,0.1,0.5
452031,mscoco,0.028962705563753844,0.10545873452712227,0.05443561095744372,0.16091813962509538,0.1,1.0,0.0,0.0769230769230769
59593,mscoco,0.18797359839081765,0.3909321940209153,0.1835686292499304,0.5125757276867008,0.3,0.3333333333333333,0.2,1.0
469894,mscoco,0.10455039963126182,0.2285530551287664,0.16662765592336654,0.34391261650984456,0.1,0.25,0.6,0.5
427688,mscoco,0.36107114478945734,0.3221312630699772,0.38549131378531454,0.5948033140815023,0.5,0.2,0.9,1.0
247394,mscoco,0.2883023709058762,0.47679686188966874,0.18575419597327708,0.35437051147106924,0.2,1.0,0.2,0.5
189197,mscoco,0.12231540568172931,0.29838946010571354,0.08537907153367996,0.22480859057983663,0.0,0.024390243902439,0.0,0.0769230769230769
293218,mscoco,0.23092059642076493,0.4400109507347225,0.2517401993274689,0.6226443268546931,0.1,0.25,0.5,1.0
563257,mscoco,0.2596668988466263,0.4965488512934473,0.25269960016012194,0.49941468777068054,0.0,0.0285714285714285,0.1,0.1
188556,mscoco,0.15690767243504525,0.41581108240754333,0.2050946518778801,0.5005931173378844,0.4,1.0,0.6,0.5
544348,mscoco,0.08868086263537407,0.23135994374892555,0.06572195813059807,0.20228349844750848,0.1,1.0,0.1,1.0
492817,mscoco,0.1692463256418705,0.34822027305302655,0.15737492963671684,0.300930576473123,0.5,1.0,0.2,0.3333333333333333
5614,mscoco,0.0694440195336938,0.14865655587397852,0.11197237372398376,0.25789935065044095,0.1,0.1666666666666666,0.6,1.0
58250,mscoco,0.12667915895581244,0.32050337803256124,0.1507602859288454,0.6034177051190572,0.0,0.0212765957446808,0.1,1.0
110348,mscoco,0.17713030204176902,0.41163411574508896,0.1922531794756651,0.4332155830386943,0.8,1.0,0.9,1.0
502179,mscoco,0.23353822231292726,0.34292764074897986,0.24493617713451385,0.38842665421424005,0.0,0.0476190476190476,0.0,0.0833333333333333
357948,mscoco,0.03833136325702071,0.15671803151585306,0.03101424314081669,0.1299066337488007,0.1,1.0,0.1,0.5
293081,mscoco,0.24812134206295014,0.3274931647323446,0.35458195507526397,0.6673665892837333,0.3,0.5,0.6,0.5
531883,mscoco,0.10937589146196842,0.2822511814191019,0.12863124087452887,0.32150261062127766,0.2,1.0,0.2,1.0
241911,mscoco,0.07226919597014785,0.21271117222115749,0.11061406824737788,0.2955642290886722,0.1,0.1428571428571428,0.1,0.125
253480,mscoco,0.10477973222732544,0.25997989745509026,0.13448677510023116,0.3791213573015734,0.0,0.0588235294117647,0.3,0.5
7,drawbench,0.5255728982388973,0.8562493171813563,0.31983276829123497,0.4536430874907683,0.0,5.006257822277847e-05,0.0,0.0001886080724254
418853,mscoco,0.06733511164784431,0.19819215196220227,0.07583277337253094,0.24650021489802218,0.1,0.3333333333333333,0.1,1.0
476341,mscoco,0.14345535561442374,0.30986493832540907,0.18345158249139787,0.35569322413536775,0.0,0.0181818181818181,0.0,0.0013351134846461
92554,mscoco,0.13127268105745316,0.24474621844204572,0.10680884309113026,0.35240380279555883,0.1,0.5,0.3,1.0
186145,mscoco,0.21442082300782203,0.633848731204521,0.2684130102396011,0.5271385454935544,0.2,0.1666666666666666,0.5,0.3333333333333333
323424,mscoco,0.05285443142056465,0.1639337503823179,0.10107686519622802,0.23965623367574873,0.0,0.0357142857142857,0.2,0.1428571428571428
92670,mscoco,0.1301233761012554,0.28072842823519656,0.1151678815484047,0.36950130809417236,0.2,0.5,0.2,0.5
436333,mscoco,0.10580401886254549,0.22789385164228587,0.11106867045164108,0.2721913344077788,0.0,0.0285714285714285,0.1,0.5
25748,mscoco,0.06026229616254568,0.1529007580916063,0.07574801705777645,0.2153601052070608,0.0,0.0666666666666666,0.1,1.0
437156,mscoco,0.22439973056316376,0.5056068711381775,0.2884342223405838,0.620976301394532,0.5,1.0,1.0,1.0
40361,mscoco,0.19789640866219999,0.4579930116897851,0.28171487152576447,0.38554734193045676,0.1,0.125,0.4,0.3333333333333333
190,drawbench,0.0393443257547915,0.11694550052272797,0.04224929194897413,0.16078451897364063,0.0,0.0,0.0,0.0
477988,mscoco,0.20617438182234765,0.5157968272000114,0.18229287713766099,0.5339597696310998,0.2,1.0,0.2,1.0
108238,mscoco,0.09421056546270848,0.22762547568534625,0.17115331403911113,0.5752013092483396,0.0,0.03125,0.1,1.0
397575,mscoco,0.12354676201939582,0.30747662750159616,0.1112244788557291,0.3190219048954086,0.0,0.0192307692307692,0.1,1.0
442667,mscoco,0.14484239146113395,0.31854445151296235,0.22863851487636566,0.4048186796895573,0.0,0.0212765957446808,0.4,0.5
362839,mscoco,0.04718979448080063,0.18305502831620438,0.05119174784049392,0.19403507572611237,0.1,1.0,0.1,1.0
375004,mscoco,0.07486636303365231,0.20156373643752196,0.12550722248852253,0.304665624243589,0.1,0.5,0.1,1.0
409949,mscoco,0.4910844087600708,0.7501534244767422,0.4843114227056503,0.6544495685845957,0.4,1.0,0.6,1.0
549532,mscoco,0.3756906285881996,0.479462500642913,0.3936749123036861,0.510080703539756,0.5,0.3333333333333333,0.2,0.1111111111111111
434511,mscoco,0.09273824766278267,0.3890829854520238,0.14866829961538314,0.4433381574377511,0.1,1.0,0.1,1.0
33481,mscoco,0.07669284325093031,0.21297267834357875,0.09614021740853787,0.2480386238138381,0.3,1.0,0.2,1.0
306232,mscoco,0.1252996504306793,0.31399892953839276,0.09493292830884456,0.24588032804235974,0.0,0.0222222222222222,0.0,0.0769230769230769
154119,mscoco,0.07434772253036499,0.19413899825908665,0.13287762701511383,0.357432121545905,0.4,0.3333333333333333,0.6,1.0
525467,mscoco,0.1756597101688385,0.46914975962759703,0.2601085565984249,0.3726642922386967,0.3,1.0,0.3,1.0
494360,mscoco,0.18374387696385383,0.43091658577350395,0.11730256676673889,0.31263974119643745,0.1,0.5,0.1,0.125
223574,mscoco,0.030014138482511044,0.08364484963413923,0.05755811389535666,0.14432770216515128,0.1,0.5,0.1,1.0
347113,mscoco,0.11982733123004437,0.30018374792322733,0.09009693078696727,0.22756630427938604,0.0,0.0014903129657228,0.0,0.0833333333333333
25697,mscoco,0.4108858495950699,0.5879896101336975,0.39744569063186647,0.5824525323170113,0.8,1.0,0.7,1.0
198978,mscoco,0.0920259989798069,0.2605764225202176,0.18799388259649277,0.44293075472942994,0.0,0.0666666666666666,0.3,0.25
172776,mscoco,0.1861344210803509,0.32970311741109815,0.3400526225566864,0.46005738465911056,0.2,0.25,0.7,0.25
59515,mscoco,0.04435999989509583,0.1326371574578086,0.10472808592021465,0.3634265613762429,0.0,0.0055555555555555,0.0,0.0017391304347826
35715,mscoco,0.10207713730633258,0.29158093254961,0.089727346226573,0.2491427695121748,0.0,0.05,0.1,1.0
386777,mscoco,0.19797345232218505,0.5528946006548281,0.1176680613309145,0.3150015628600938,0.2,1.0,0.1,0.1428571428571428
527342,mscoco,0.08133261427283286,0.2197672005322705,0.10059108007699251,0.2462737185061171,0.1,0.3333333333333333,0.1,1.0
408838,mscoco,0.30560320913791655,0.6835889329421634,0.3350933089852333,0.5354714691229782,0.1,0.1666666666666666,0.0,0.02
53744,mscoco,0.04394613420590758,0.1574323422428803,0.08489518724381924,0.2307398579416853,0.1,1.0,0.8,1.0
218960,mscoco,0.16828308440744877,0.5006217836070429,0.1996995747089386,0.49764779864869974,0.2,1.0,0.3,1.0
404367,mscoco,0.1695023223757744,0.3494923086185083,0.281650148332119,0.4775943441723346,0.4,0.3333333333333333,0.5,1.0
500071,mscoco,0.030719736032187937,0.1143873076264605,0.03894201777875424,0.15916136182559332,0.0,0.009090909090909,0.1,1.0
74331,mscoco,0.2759887345135212,0.5809801756530808,0.28492422103881837,0.6051883899950317,0.2,1.0,0.1,1.0
47652,mscoco,0.19186943620443345,0.34790523724257655,0.24589594230055808,0.36168624833157076,0.0,0.0714285714285714,0.6,1.0
299154,mscoco,0.0548019758425653,0.1836234028066271,0.053841053415089844,0.1658648333772527,0.1,0.1666666666666666,0.2,0.5
499004,mscoco,0.2131623264402151,0.5462256157013118,0.19090941399335862,0.47788538798618896,0.1,0.2,0.3,0.25
13471,mscoco,0.17337757721543312,0.40943242353206594,0.2079523853957653,0.4368725355319007,0.3,1.0,0.6,1.0
280810,mscoco,0.1151147060096264,0.26204198183291727,0.17136097736656666,0.4066095129309894,0.2,0.5,0.1,0.3333333333333333
322008,mscoco,0.10217567384243012,0.2683107283436126,0.24695834890007973,0.43730999114673963,0.1,0.1428571428571428,0.0,0.0909090909090909
108871,mscoco,0.15808312594890594,0.3438725316341665,0.1775269016623497,0.44219662096875517,0.1,0.5,0.1,1.0
509626,mscoco,0.14243412315845488,0.3377671069890308,0.1296900287270546,0.2927865600331372,0.1,0.2,0.0,0.0014492753623188
105853,mscoco,0.19712773934006692,0.43222361891106936,0.18037242144346238,0.4374662614946345,0.0,0.024390243902439,0.3,1.0
478320,mscoco,0.2715846300125122,0.4703432329372365,0.28455026894807817,0.5513026426880853,0.5,1.0,0.2,1.0
517632,mscoco,0.2102321892976761,0.7237414940750225,0.21684129238128663,0.7138942458575112,0.2,1.0,0.2,1.0
194105,mscoco,0.16058373227715492,0.35960270286375745,0.15345884189009668,0.34150920911518684,0.0,0.032258064516129,0.0,0.0227272727272727
323208,mscoco,0.25619832128286363,0.4973744310182834,0.24698351584374906,0.472752033316002,0.1,0.25,0.1,0.3333333333333333
116,drawbench,0.3677461326122284,0.5307117072018864,0.343727058917284,0.7165456244989814,0.0,0.0,0.0,0.0
246746,mscoco,0.13715824782848357,0.3061077773871085,0.20473521053791047,0.3549124058189607,0.0,0.0052356020942408,0.2,0.25
243292,mscoco,0.09476335719227791,0.24416987234174506,0.14975183680653573,0.3293550850215745,0.2,0.5,0.3,0.5
125,drawbench,0.43760138750076294,0.6183749598361956,0.445457461476326,0.6107910383376844,0.0,0.0,0.0,0.0
392363,mscoco,0.2187103398144245,0.32109301455957384,0.2860718198120594,0.5390500869183926,0.0,0.0714285714285714,0.1,0.2
6107,mscoco,0.22604728788137435,0.3835125676887101,0.29059221148490905,0.4790022802269301,0.1,0.1666666666666666,0.3,0.5
279605,mscoco,0.1122104749083519,0.28084918675485104,0.22513416782021523,0.4204137904291909,0.3,0.25,0.3,0.2
518199,mscoco,0.12979053556919098,0.3291532153766378,0.09792557135224342,0.2762082114848579,0.0,0.05,0.0,0.0909090909090909
516990,mscoco,0.4266778975725174,0.6055330650512007,0.47787206768989565,0.6372525271073786,0.7,1.0,0.8,1.0
474504,mscoco,0.1650831013917923,0.3310455092635991,0.3028724119067192,0.5579336389550985,0.0,0.0454545454545454,0.1,0.5
323788,mscoco,0.3373947963118553,0.6701878349574615,0.36002337336540224,0.4206963605487285,0.6,1.0,0.6,1.0
210136,mscoco,0.2781882882118225,0.4756156034631073,0.26160596013069154,0.4841504768039466,0.3,0.2,0.1,0.3333333333333333
450558,mscoco,0.15114433392882348,0.3818805039633946,0.17369553372263907,0.4185628230144535,0.0,0.0588235294117647,0.2,0.3333333333333333
542178,mscoco,0.07320642471313477,0.1896418683585062,0.08108798824250699,0.2119992472272542,0.0,0.0076923076923076,0.0,0.0909090909090909
59525,mscoco,0.2228078469634056,0.3668926833211439,0.22891082465648652,0.4557545813978674,0.0,0.0454545454545454,0.2,0.1666666666666666
50201,mscoco,0.0852562017738819,0.23545729962282144,0.0563645550981164,0.2207155090377512,0.1,1.0,0.1,1.0
311629,mscoco,0.12273087911307812,0.25214479817065366,0.12518594935536384,0.29690665141087025,0.2,1.0,0.2,1.0
151594,mscoco,0.10166458673775196,0.24558592859842004,0.13785048872232436,0.28169809485566477,0.4,0.5,0.6,1.0
305545,mscoco,0.0322323152795434,0.1569601806334137,0.034341333899647,0.15838032100039476,0.1,1.0,0.1,1.0
162393,mscoco,0.1874915175139904,0.4490508321517395,0.25397086292505267,0.5715122951972604,0.2,1.0,0.2,1.0
297967,mscoco,0.1319845337420702,0.2752445986547833,0.17706649973988534,0.47443149387437855,0.1,0.1428571428571428,0.1,1.0
237833,mscoco,0.035624033305794,0.11219313234182676,0.030920636653900147,0.09299612502633918,0.0,0.0181818181818181,0.0,0.0049504950495049
234274,mscoco,0.03863101955503225,0.11790758011021833,0.03962844312191009,0.13354837596019295,0.1,0.5,0.1,0.2
111742,mscoco,0.23767708539962767,0.4324287879650902,0.27015690207481385,0.4488998192929113,0.5,1.0,0.4,1.0
109061,mscoco,0.281742762029171,0.5718757171046026,0.23161365166306497,0.5260963366472052,0.1,1.0,0.1,1.0
190035,mscoco,0.1489259757101536,0.30886614968903314,0.15816374756395818,0.40174783116210205,0.2,0.25,0.1,1.0
62995,mscoco,0.05393610764294863,0.19292234155592786,0.048700043186545375,0.1489423188166948,0.1,1.0,0.1,0.3333333333333333
285484,mscoco,0.045381429325789216,0.1279442981406044,0.04324936298653483,0.1528909558151064,0.0,0.0185185185185185,0.0,0.05
36850,mscoco,0.2566905215382576,0.45684546353800953,0.2756379425525665,0.4526524249038954,0.2,0.5,0.3,1.0
110324,mscoco,0.11123229861259461,0.2486695906131664,0.10212892815470695,0.2759198441096751,0.1,0.5,0.0,0.0909090909090909
388566,mscoco,0.36150783449411394,0.7731879522670542,0.32492735683918,0.691826955988506,0.7,1.0,1.0,1.0
74466,mscoco,0.1028482934460044,0.23076342477841066,0.0913711728528142,0.4333605648512049,0.1,0.1111111111111111,0.1,1.0
358438,mscoco,0.17620101869106292,0.47244487916954825,0.14524757862091064,0.25126361164055305,0.1,0.25,0.1,0.3333333333333333
302137,mscoco,0.19382831901311875,0.36974676685983343,0.22985298335552215,0.49719597043018343,0.2,0.3333333333333333,0.4,0.25
144,drawbench,0.160783139616251,0.35980068422753914,0.15321220085024834,0.28748326383073686,0.0,0.0,0.0,0.0
404766,mscoco,0.3709492266178131,0.6752444940268928,0.4850004941225052,0.7388997703280498,0.3,0.5,0.3,0.3333333333333333
322937,mscoco,0.37805022299289703,0.5307896851385345,0.5058724462985993,0.6305071355230095,0.4,1.0,0.9,1.0
245902,mscoco,0.12408066317439079,0.2556319481285044,0.18578484207391738,0.3710308775227995,0.0,0.0222222222222222,0.0,0.0833333333333333
27528,mscoco,0.0684849912300706,0.1501658517539578,0.08176579140126705,0.1815115440229745,0.6,1.0,0.8,1.0
254392,mscoco,0.14950952231884002,0.4077511174106883,0.13977779410779476,0.407647386718627,0.2,1.0,0.2,1.0
34827,mscoco,0.2824644535779953,0.6021860325445569,0.32611793130636213,0.5104349114738087,0.9,1.0,1.0,1.0
291752,mscoco,0.5390562891960144,0.6408729120067356,0.624869304895401,0.7601134143575776,0.9,1.0,1.0,1.0
126895,mscoco,0.07043993677943945,0.17725427278312028,0.11690991260111332,0.29542244634740106,0.0,0.0833333333333333,0.3,1.0
312316,mscoco,0.263926112651825,0.4799040346975287,0.3641073703765869,0.7085774548206718,0.0,0.0769230769230769,0.4,1.0
439657,mscoco,0.09054360948503018,0.2627217360179721,0.12308254837989807,0.2807312107725145,0.2,1.0,0.2,1.0
438446,mscoco,0.13839276395738126,0.35957496265339794,0.1645466586574912,0.40378315421640154,0.5,0.5,0.7,1.0
470932,mscoco,0.09370008073747157,0.21969034512609484,0.10567465275526047,0.244151946037296,0.2,0.1428571428571428,0.5,0.5
500829,mscoco,0.06158496588468552,0.21934335913948783,0.06659757159650326,0.17650167098979233,0.5,1.0,0.7,0.5
53550,mscoco,0.2039891302585602,0.5128114923178042,0.19843953028321265,0.5147400343446178,0.1,1.0,0.2,1.0
395340,mscoco,0.1276270929723978,0.3268380747795555,0.11430207975208759,0.26456143965684875,0.1,0.1666666666666666,0.1,0.5
257983,mscoco,0.4081276208162308,0.6090155271509475,0.48993722796440126,0.628817062199026,0.4,1.0,0.7,0.5
573052,mscoco,0.09482346326112748,0.28433767576012964,0.07521878536790609,0.19874446601693072,0.1,0.5,0.2,0.1666666666666666
475457,mscoco,0.11559167653322219,0.2645649086755277,0.13884340077638627,0.32286954418705477,0.0,0.0588235294117647,0.2,0.1428571428571428
75,drawbench,0.13335100412368775,0.264973314804699,0.15305556505918502,0.3075615507377625,0.0,0.0833333333333333,0.1,1.0
11288,mscoco,0.19813731461763381,0.40730700598790104,0.26050579994916917,0.49407348583328903,0.0,0.0909090909090909,0.3,1.0
276852,mscoco,0.30439966171979904,0.6205939760623119,0.32852214127779006,0.6502650378514628,0.0,0.0303030303030303,0.1,1.0
557780,mscoco,0.2192375235259533,0.5486358422979972,0.1891435906291008,0.543304135883314,0.2,1.0,0.2,1.0
363165,mscoco,0.04557908605784178,0.13763771206789463,0.044300243817269803,0.1479102652189043,0.1,0.2,0.4,1.0
541880,mscoco,0.4117022708058357,0.5297923812326445,0.425663036108017,0.6868682100981274,0.7,0.5,0.7,1.0
313526,mscoco,0.041790138185024264,0.16470846720296503,0.04005997339263558,0.17125981330307552,0.1,0.5,0.2,1.0
214055,mscoco,0.23268402516841888,0.43173442738426765,0.3040278896689415,0.5026403108750709,0.0,0.0625,0.1,0.125
458675,mscoco,0.07505809143185616,0.1683426254397672,0.1492068037390709,0.42340469298687244,0.0,0.0294117647058823,0.4,0.3333333333333333
175277,mscoco,0.0473470919765532,0.12168933403871915,0.06570310965180397,0.20395123584451036,0.2,0.3333333333333333,0.5,1.0
295076,mscoco,0.25383638218045235,0.46385044901863715,0.2734028473496437,0.47294440476394717,0.4,1.0,0.5,1.0
63075,mscoco,0.2659132830798626,0.47719009584522415,0.3912745490670204,0.5202066412784397,0.4,1.0,0.8,0.5
533159,mscoco,0.37617364674806597,0.5393960194088572,0.5357918202877044,0.7415400403148414,0.6,0.25,0.8,0.5
292810,mscoco,0.14216973595321178,0.317762300839501,0.1641106516122818,0.44082265675749854,0.1,0.2,0.1,1.0
333978,mscoco,0.4352260038256645,0.6481509883193683,0.5206635445356369,0.5889140845074848,0.6,1.0,0.8,0.5
487264,mscoco,0.13353195004165172,0.340785183630641,0.14916143268346788,0.35765341627433495,0.1,1.0,0.4,1.0
429074,mscoco,0.14179788008332253,0.32764065760334604,0.24496273770928384,0.425140402390889,0.2,0.3333333333333333,0.1,0.1
39789,mscoco,0.02772195776924491,0.10359705431626676,0.025407170318067072,0.07795239699867482,0.1,0.5,0.0,0.05
429353,mscoco,0.09019849970936775,0.18852277782354412,0.08596011959016323,0.22965543911902472,0.3,1.0,0.4,1.0
110683,mscoco,0.046419374831020835,0.15245504940469765,0.06379439905285836,0.19399664934416921,0.0,0.04,0.0,0.0175438596491228
4132,mscoco,0.11806548871099949,0.27612742924876005,0.12693298161029815,0.3390526404418877,0.2,0.1666666666666666,0.1,1.0
278134,mscoco,0.08173605091869832,0.33006612734843593,0.0686789233237505,0.15385732366937327,0.1,1.0,0.0,0.0034722222222222
238709,mscoco,0.10638475436717272,0.216873951322856,0.19327209442853927,0.36302790600170726,0.1,0.1111111111111111,0.6,1.0
485300,mscoco,0.024822091683745384,0.08873929551700699,0.029291084315627814,0.07057069523808378,0.0,0.0769230769230769,0.1,0.25
296620,mscoco,0.05126355905085802,0.1801960034396002,0.03639722317457199,0.1078207049907168,0.0,0.0454545454545454,0.0,0.0142857142857142
193077,mscoco,0.03683012090623379,0.12911337062148898,0.043845282308757304,0.13673624978912186,0.0,0.05,0.2,0.5
103,drawbench,0.018175732251256703,0.05793652313006132,0.014751636516302824,0.07305607586354075,0.0,0.0,0.0,0.0
310749,mscoco,0.23362163603305816,0.4066975006547239,0.25434270948171617,0.4737311966325898,0.2,0.5,0.3,1.0
293864,mscoco,0.2265720322728157,0.4810822721388104,0.3155817911028862,0.45385499094721987,0.3,0.5,0.5,1.0
493806,mscoco,0.22727757543325425,0.48138979212824706,0.22405340000987053,0.5212385336780939,0.2,1.0,0.4,0.5
39535,mscoco,0.17253510653972626,0.329439038286578,0.18421773761510848,0.38243817984859746,0.0,0.04,0.0,0.0526315789473684
481252,mscoco,0.10015468522906304,0.2274582364957465,0.11426409855484962,0.2620581319879761,0.2,1.0,0.1,0.5
522535,mscoco,0.15862715393304824,0.351934177989058,0.2509468600153923,0.47328774590927225,0.0,0.0434782608695652,0.0,0.0476190476190476
482765,mscoco,0.18510620966553687,0.3711901443100309,0.17457702830433847,0.49216377213197315,0.1,0.1666666666666666,0.0,0.0769230769230769
81954,mscoco,0.07378641106188297,0.17871713159972547,0.08282978553324938,0.23698809849114447,0.1,0.2,0.1,0.5
333124,mscoco,0.07157096806913614,0.25689880003863025,0.07920407811179757,0.28309086045022885,0.2,1.0,0.2,1.0
529258,mscoco,0.08526826687157155,0.22919264079977245,0.06642880700528622,0.15063649158165787,0.0,0.0142857142857142,0.1,0.25
2567,mscoco,0.17596130669116974,0.47416248290695384,0.3405735597014427,0.4934346537366466,0.1,1.0,0.6,0.5
53803,mscoco,0.13651093430817127,0.34501780674599597,0.10489817820489407,0.2587331936722477,0.1,0.5,0.1,0.1111111111111111
172351,mscoco,0.18143089711666108,0.3986538020714623,0.3172749653458595,0.41862307323306963,0.2,0.5,0.4,0.5
311251,mscoco,0.14913753792643547,0.2997355812602458,0.21322804167866707,0.4933399512979496,0.2,1.0,0.5,1.0
356869,mscoco,0.19564177468419075,0.3731050450991239,0.25828710570931435,0.36806787383285805,0.1,0.2,0.0,0.0068965517241379
203406,mscoco,0.4994344174861908,0.6369978342113408,0.540398308634758,0.8501523859616656,0.9,1.0,0.9,1.0
119870,mscoco,0.14639975354075432,0.2785812501689091,0.20944354832172393,0.393774998906053,0.1,0.1428571428571428,0.2,0.5
442125,mscoco,0.06435884907841682,0.1621226247701319,0.07005041800439357,0.17267562784749255,0.1,0.3333333333333333,0.3,1.0
530619,mscoco,0.13834038153290748,0.36264090485067435,0.151656860858202,0.30814324758832556,0.6,1.0,0.8,1.0
73196,mscoco,0.14336448349058628,0.3213531138395202,0.1163712590932846,0.24936485220980184,0.1,0.5,0.0,0.0303030303030303
507714,mscoco,0.09929535314440727,0.30349937256671744,0.16144549921154977,0.35844453398445797,0.0,0.0072992700729927,0.0,0.0416666666666666
376144,mscoco,0.025810243934392928,0.0903126110110671,0.03411356583237648,0.09803263017495241,0.3,1.0,0.5,1.0
211063,mscoco,0.08507143221795559,0.2724053786861121,0.12842555521056057,0.3007540087392903,0.1,1.0,0.1,0.3333333333333333
436799,mscoco,0.07097627427428961,0.1646225261977083,0.07219421602785588,0.21340288346310635,0.1,0.3333333333333333,0.2,0.5
204256,mscoco,0.049264772422611715,0.15148639195943453,0.04645888218656182,0.16183588631506535,0.0,0.0714285714285714,0.1,1.0
314048,mscoco,0.07366856969892979,0.17387541546396115,0.08919932246208191,0.21591661024899303,0.2,1.0,0.3,1.0
447009,mscoco,0.0686005236580968,0.18886615527532605,0.06773178037256003,0.23545051314028698,0.1,0.1,0.2,1.0
455079,mscoco,0.31335766762495043,0.6554101758181436,0.36255371272563935,0.47497859502464995,0.2,1.0,0.3,0.5
157617,mscoco,0.2301172509789467,0.4795422675424487,0.3224259838461876,0.5372660122260063,0.2,0.5,0.1,0.25
546877,mscoco,0.27878152281045915,0.42137340985663474,0.33378955274820327,0.6299673491046868,0.1,0.2,0.7,1.0
41392,mscoco,0.0672201570123434,0.17348254737656266,0.08503770641982555,0.18927516231034325,0.1,1.0,0.1,1.0
556462,mscoco,0.1428251624107361,0.31810726513521337,0.1760837770998478,0.33858810788719435,0.6,0.5,0.4,1.0
80053,mscoco,0.17309629768133164,0.3632071339203613,0.3818377465009689,0.5438449768875753,0.0,0.0714285714285714,0.7,0.5
553304,mscoco,0.13440521880984307,0.35505790261515247,0.14847620725631713,0.3952600532467532,0.1,0.2,0.1,1.0
102,drawbench,0.06378568410873413,0.18362481274424072,0.10033704657107592,0.19681362216181034,0.0,0.0,0.0,0.0
463168,mscoco,0.06267770882695914,0.17526830010084793,0.0563389765098691,0.19505626706074777,0.1,0.5,0.1,0.3333333333333333
398463,mscoco,0.0899636346846819,0.20075180035664694,0.139608933031559,0.4082968845462534,0.1,0.3333333333333333,0.5,1.0
454916,mscoco,0.12360874228179455,0.28660832166090583,0.1665114603936672,0.2834914176604556,0.0,0.0625,0.1,0.125
317022,mscoco,0.12995421066880225,0.3013357035528755,0.14798408299684523,0.32374503756674927,0.0,0.0476190476190476,0.1,0.1111111111111111
61943,mscoco,0.2048311211168766,0.41473922056556145,0.14990544468164443,0.2590110208435934,0.0,0.0099009900990099,0.0,0.0833333333333333
543521,mscoco,0.1901426322758198,0.40675521267824577,0.14088766500353814,0.33869176702243353,0.1,1.0,0.1,1.0
509490,mscoco,0.08171497024595738,0.20810750528774424,0.10671208314597606,0.23002512202371164,0.0,0.0208333333333333,0.1,1.0
413970,mscoco,0.02657136181369424,0.09229787650953279,0.03242214564234018,0.10353421271525809,0.0,0.0263157894736842,0.0,0.0833333333333333
67331,mscoco,0.08425442548468709,0.24982486039461652,0.1568433754146099,0.5360314377066245,0.1,0.3333333333333333,0.1,1.0
230669,mscoco,0.25443281307816507,0.5537335493114328,0.29229964315891266,0.6328045817725223,0.3,0.25,0.1,0.1428571428571428
487266,mscoco,0.3160145953297615,0.5498497364470326,0.31392127424478533,0.5189371350980463,0.5,1.0,0.8,1.0
525024,mscoco,0.13404492363333703,0.3131026262206393,0.1430111423134804,0.30030237583862046,0.2,0.3333333333333333,0.6,1.0
14257,mscoco,0.05201153866946697,0.15452512177247152,0.08545823246240616,0.2124984474685899,0.1,1.0,0.1,0.1
478240,mscoco,0.14775676652789116,0.31975438509006615,0.14628907814621925,0.28217829026508284,0.2,0.3333333333333333,0.0,0.0344827586206896
7211,mscoco,0.03239321429282427,0.12715255603591255,0.02594953798688948,0.08107620204738519,0.3,1.0,0.2,0.3333333333333333
23250,mscoco,0.17071145586669445,0.2658014437575728,0.24300795719027518,0.47583035936009543,0.1,0.1,0.5,1.0
3590,mscoco,0.29176035672426226,0.5550611154590793,0.33146222233772277,0.4740546749944217,0.7,1.0,1.0,1.0
580511,mscoco,0.18716973587870597,0.4131550601739789,0.31918225437402725,0.537038030346187,0.2,1.0,0.7,1.0
40658,mscoco,0.06718737054616213,0.30305011531650766,0.10088149104267359,0.3607693356927366,0.1,1.0,0.1,1.0
322350,mscoco,0.13849236443638802,0.27273560752907244,0.18440599590539933,0.36829992903910985,0.2,1.0,0.1,1.0
125635,mscoco,0.31706290915608404,0.5369366240186088,0.3221355706453323,0.6132368416555246,0.5,0.25,0.6,1.0
283631,mscoco,0.17150956243276597,0.42377472830037366,0.18474405854940415,0.3750479301003669,0.1,0.5,0.3,0.5
528729,mscoco,0.024299364443868397,0.11583185298691531,0.04037628266960382,0.14390239879358602,0.1,1.0,0.1,1.0
167021,mscoco,0.1602230541408062,0.38475838045893274,0.22165317311882973,0.42140927714066595,0.2,0.2,0.5,0.2
140100,mscoco,0.1392694789916277,0.21210687313888285,0.27255773544311523,0.4899065087789492,0.1,0.25,0.2,0.5
252213,mscoco,0.1281043879687786,0.3295678123682783,0.08541604243218899,0.2446142243127627,0.1,0.25,0.1,0.2
501364,mscoco,0.21718009635806085,0.49147279644467734,0.3030304655432701,0.4670903246764653,0.5,1.0,0.8,1.0
580390,mscoco,0.04998061265796423,0.1997119503521192,0.05663743391633034,0.2023570843857506,0.1,1.0,0.1,1.0
463859,mscoco,0.08556198738515378,0.2923454110025162,0.06643225252628326,0.26011767645057526,0.1,1.0,0.1,1.0
391657,mscoco,0.31319509297609327,0.5935491602727617,0.3376836031675339,0.5640339759468399,0.1,0.1111111111111111,0.6,0.3333333333333333
391415,mscoco,0.07606414090842009,0.18631261138292024,0.08725442290306092,0.2389002643733895,0.0,0.0123456790123456,0.1,1.0
333099,mscoco,0.055157453566789624,0.15922530713506539,0.07588206306099891,0.2071627508296355,0.1,0.5,0.1,0.2
405574,mscoco,0.022564892098307608,0.07206485552533369,0.03506311681121588,0.1398226106611222,0.0,0.0140845070422535,0.1,1.0
575823,mscoco,0.08714344948530198,0.22509358062668233,0.08227586578577757,0.23931866682845176,0.0,0.0023923444976076,0.0,0.0222222222222222
57088,mscoco,0.1679081805050373,0.40295714048205467,0.20415858477354049,0.41777860548911583,0.1,0.1428571428571428,0.2,0.3333333333333333
226957,mscoco,0.06579740941524506,0.14819532433468538,0.04866271708160639,0.13382022540981464,0.1,1.0,0.1,0.25
184329,mscoco,0.11200838461518288,0.2669125442238117,0.11073450967669488,0.291440469158061,0.0,0.0104166666666666,0.0,0.0043103448275862
550324,mscoco,0.4286876112222672,0.44871697699203983,0.5445330619812012,0.7036302472688842,0.6,0.25,1.0,1.0
575174,mscoco,0.2588506296277046,0.4806948165736188,0.24486419856548308,0.44742436470051594,0.1,1.0,0.3,0.25
24380,mscoco,0.19546439051628112,0.4303962984986967,0.17206044234335421,0.3573479977279883,0.4,0.3333333333333333,0.2,0.3333333333333333
506394,mscoco,0.29187851026654243,0.42646109339356225,0.2597983106970787,0.41481685849937144,0.5,0.5,0.9,1.0
195463,mscoco,0.1294355146586895,0.33937821815765645,0.16172865107655526,0.36197560932306616,0.2,1.0,0.3,1.0
308892,mscoco,0.17132738195359706,0.4253235976239506,0.18994866237044333,0.42981359891401455,0.0,0.0588235294117647,0.1,0.5
361913,mscoco,0.14339678213000298,0.2858816664442047,0.20256584212183953,0.313557850008939,0.1,0.1111111111111111,0.1,0.3333333333333333
293532,mscoco,0.19182539880275726,0.3463261400110945,0.22421788722276687,0.4549099237766581,0.4,0.3333333333333333,0.6,1.0
338118,mscoco,0.11926348581910133,0.35441817294753164,0.11457273215055466,0.391163543069596,0.1,1.0,0.1,1.0
521250,mscoco,0.14172013327479363,0.3528848137342491,0.19744544252753257,0.44672539463550603,0.2,0.5,0.2,0.25
85353,mscoco,0.08609710587188601,0.3451188411548833,0.025670451438054444,0.08437294898527964,0.2,1.0,0.0,0.0666666666666666
35951,mscoco,0.013023193669505417,0.037514377201515375,0.02022455702535808,0.08579190362781923,0.0,0.009090909090909,0.1,0.1666666666666666
16764,mscoco,0.08420618660748005,0.20341319985972672,0.1486514151096344,0.35922502683459595,0.0,0.0434782608695652,0.2,1.0
397427,mscoco,0.09470806270837784,0.2855024084241011,0.09569093883037567,0.25125978352022854,0.1,1.0,0.1,0.5
515561,mscoco,0.06252272315323353,0.14917745431571774,0.0791654383763671,0.22812908530584172,0.0,0.037037037037037,0.1,1.0
366829,mscoco,0.05578469038009644,0.159730196958276,0.0672785634174943,0.22037436281504302,0.0,0.0131578947368421,0.1,0.5
432410,mscoco,0.25167867839336394,0.4623387587621195,0.3075722329318523,0.47262430641199776,0.0,0.0666666666666666,0.2,0.1428571428571428
61972,mscoco,0.030470404028892516,0.11797286188933379,0.0348651209846139,0.12009926207611349,0.1,1.0,0.1,1.0
499054,mscoco,0.10426021739840508,0.24467814489942494,0.0868801161646843,0.2850983042451583,0.1,0.1,0.4,1.0
569021,mscoco,0.03156570894643664,0.10016087563232143,0.03180407509207726,0.11738001641907042,0.1,0.5,0.0,0.0909090909090909
9029,mscoco,0.12602084949612619,0.4502794731877627,0.1670610174536705,0.45736778055926075,0.3,1.0,0.4,1.0
18373,mscoco,0.1555912896990776,0.3178002728055873,0.25800772234797476,0.49492286186753254,0.7,1.0,0.9,1.0
336001,mscoco,0.12361472398042679,0.38311732531684706,0.14564164131879806,0.3656692664852016,0.2,0.25,0.4,0.3333333333333333
461475,mscoco,0.06434054411947727,0.19044188695086328,0.05042713712900877,0.1385124601540311,0.0,0.0285714285714285,0.2,0.5
388841,mscoco,0.30079076886177064,0.5977129600455003,0.3409183368086815,0.5818780423049288,0.5,0.3333333333333333,0.4,1.0
284940,mscoco,0.11441737413406372,0.23820613364734383,0.15130070634186268,0.2962296813645228,0.1,0.5,0.4,0.5
394759,mscoco,0.0962849348783493,0.20541209300381288,0.07892474420368671,0.19717304146814932,0.5,0.5,0.3,1.0
358411,mscoco,0.040590946562588215,0.15772389121553043,0.06596944630146026,0.18110393254814688,0.2,0.5,0.5,1.0
284421,mscoco,0.18149824663996697,0.28971103079975025,0.18956920877099037,0.4325924415488658,0.6,1.0,0.2,0.3333333333333333
237716,mscoco,0.11344451420009136,0.3846511379516373,0.10381049886345864,0.2909526228100241,0.2,0.5,0.2,1.0
167520,mscoco,0.07344977576285601,0.18408543249712175,0.033081375900655983,0.1255012220835205,0.1,0.2,0.1,0.5
568611,mscoco,0.1470622666180134,0.2993171794774607,0.14376467913389207,0.3779324536741687,0.4,0.25,0.5,0.5
159356,mscoco,0.4115605816245079,0.5888237202447147,0.3872001677751541,0.6100816790796068,0.1,0.5,0.1,0.2
301261,mscoco,0.09802643433213235,0.25590365858986447,0.18234594203531743,0.3522286731848994,0.0,0.0625,0.0,0.037037037037037
113787,mscoco,0.08067407831549644,0.23517655709824203,0.07997657209634781,0.21807658476513314,0.1,0.125,0.1,0.1428571428571428
375809,mscoco,0.10181880667805672,0.24973057880370508,0.09307071752846241,0.20516166836760963,0.3,0.3333333333333333,0.4,0.3333333333333333
64460,mscoco,0.21503679379820823,0.4689719137032594,0.23281303495168687,0.48520862247155,0.5,0.5,0.5,1.0
470799,mscoco,0.10044669099152088,0.2493567937260857,0.08673175163567066,0.22947889060213456,0.4,1.0,0.5,1.0
382046,mscoco,0.13123619109392165,0.28803800836684956,0.18580217733979226,0.36976196209448486,0.0,0.0625,0.5,1.0
170974,mscoco,0.18374077826738358,0.4146708161358704,0.22164184749126434,0.4374974569465854,0.0,0.0303030303030303,0.3,0.25
562160,mscoco,0.17608770951628686,0.45764467175407203,0.11532423254102468,0.2644751584092291,0.1,1.0,0.1,0.25
562248,mscoco,0.09585104491561651,0.3155877250154988,0.11423663981258869,0.32676776205386565,0.2,1.0,0.3,1.0
96638,mscoco,0.1716937839984894,0.3165755377915196,0.38115282654762267,0.5632151969625638,0.2,0.25,0.6,1.0
164234,mscoco,0.328634312748909,0.47280431253424765,0.27407260686159135,0.5265650578680217,0.7,1.0,0.6,1.0
278962,mscoco,0.16323440335690975,0.4022403504658074,0.12638905756175517,0.29145465837570045,0.2,0.3333333333333333,0.4,1.0
553248,mscoco,0.10608808323740959,0.24956205189948097,0.08711256645619869,0.22489312117228716,0.2,0.5,0.1,0.5
523371,mscoco,0.13166741877794266,0.2854225005650483,0.1378010667860508,0.38659118934983994,0.1,0.2,0.2,1.0
141283,mscoco,0.04974352456629276,0.16705100529286004,0.058377559296786785,0.16934190078065975,0.0,0.0051020408163265,0.0,0.0033003300330033
320292,mscoco,0.3326249420642853,0.597698553968468,0.32140439599752424,0.6401570361625833,0.5,1.0,0.7,1.0
269588,mscoco,0.1299810901284218,0.2565231222722349,0.21383924782276154,0.3792134243489763,0.1,0.2,0.5,1.0
113594,mscoco,0.07681674920022488,0.22510443781227812,0.081634271889925,0.20519511692342485,0.0,0.0011627906976744,0.0,0.0038022813688212
349622,mscoco,0.16550295948982238,0.2921194262706735,0.18854272328317165,0.3259223203731437,0.1,0.1,0.3,0.3333333333333333
215226,mscoco,0.1330629803240299,0.3041968113851934,0.12169644236564636,0.266798480914326,0.1,0.5,0.1,0.5
78371,mscoco,0.0769330570474267,0.22686640515511441,0.0979804802685976,0.304524500202035,0.0,0.024390243902439,0.0,0.0163934426229508
451972,mscoco,0.12872887421399354,0.43571953406599656,0.13984914869070053,0.29376702573982294,0.1,1.0,0.1,0.5
163,drawbench,0.03501138961873949,0.1344102592479733,0.039420654997229576,0.1209166732961387,0.0,0.0,0.0,0.0
150360,mscoco,0.08020588122308255,0.2057866181181377,0.0929359333589673,0.2313445151937629,0.0,0.0178571428571428,0.2,1.0
138567,mscoco,0.053602829575538635,0.17216427323193062,0.07588432505726814,0.21615065388194005,0.0,0.0149253731343283,0.1,1.0
383220,mscoco,0.08129343185573816,0.30211752161915956,0.08883428126573563,0.2874336139825587,0.1,1.0,0.1,1.0
557272,mscoco,0.04730886872857809,0.14123999195824904,0.04035494104027748,0.1337997557675349,0.1,0.25,0.1,0.5
17073,mscoco,0.017081189760938288,0.06892309297013788,0.022385035827755927,0.07632573818117547,0.1,1.0,0.1,1.0
441083,mscoco,0.21934377104043962,0.3635950508245983,0.1974154721945524,0.3550951647749162,0.9,0.5,0.8,0.5
109750,mscoco,0.09483219683170319,0.24728342403305048,0.1541846625506878,0.370393637984243,0.1,0.5,0.1,1.0
20279,mscoco,0.11402623667381703,0.28899440256566483,0.08806012007407844,0.21909813463089278,0.2,1.0,0.2,0.5
324845,mscoco,0.10826684236526489,0.26758020482856043,0.1672379456460476,0.32867279006236816,0.1,0.2,0.3,1.0
303520,mscoco,0.08810977339744568,0.1937172693435579,0.06695534680038691,0.18473332156926092,0.1,1.0,0.1,1.0
363136,mscoco,0.15154569894075393,0.2689644702458399,0.11943495348095894,0.35061960007246945,0.1,0.125,0.1,1.0
161622,mscoco,0.065186807513237,0.2059953030289328,0.06770870350301265,0.17660025602506163,0.1,1.0,0.2,0.5
315242,mscoco,0.17168277949094773,0.4896541312690518,0.15037668868899345,0.3264352525085263,0.0,0.0222222222222222,0.1,1.0
418723,mscoco,0.06482155956327915,0.25502855873448893,0.06697711255401373,0.14398004889413563,0.1,1.0,0.1,0.1666666666666666
65440,mscoco,0.30436391234397886,0.5377789835183223,0.2359241083264351,0.5351293764530057,0.1,0.1111111111111111,0.0,0.0016
111907,mscoco,0.1359904684126377,0.25475735537078686,0.18607314601540564,0.48861715484888624,0.2,0.3333333333333333,0.4,1.0
465140,mscoco,0.09440526217222214,0.27237387987013806,0.0963398152962327,0.2725321680450312,0.1,0.5,0.1,0.5
21083,mscoco,0.07189537640661,0.16302064723285273,0.12050162926316262,0.3018675941733687,0.1,0.1,0.1,0.2
200202,mscoco,0.16720560565590858,0.40529527076686994,0.23972403667867184,0.5702725686113838,0.3,0.3333333333333333,0.7,1.0
215320,mscoco,0.03346218727529049,0.11698594995002688,0.05871176738291979,0.18588953433174046,0.0,0.0666666666666666,0.2,0.25
28978,mscoco,0.19781577214598656,0.3908521232458673,0.22730203419923783,0.4994015792284206,0.0,0.0769230769230769,0.4,1.0
281427,mscoco,0.09636228494346141,0.24602082575998807,0.16896627470850945,0.31502819822590716,0.0,0.0161290322580645,0.2,1.0
357663,mscoco,0.13912474662065505,0.329373927637129,0.1006895773112774,0.31677517206970796,0.1,1.0,0.1,1.0
186171,mscoco,0.12821206972002983,0.2751923130212907,0.12704012021422387,0.35845037468650126,0.0,0.05,0.1,0.3333333333333333
386788,mscoco,0.15760582610964774,0.36492878063644324,0.11376608386635781,0.2974350092636018,0.1,0.5,0.0,0.0909090909090909
492363,mscoco,0.0764638165012002,0.23866950429025816,0.0785264890640974,0.21125993535275112,0.1,1.0,0.1,1.0
486547,mscoco,0.49687365666031835,0.7037768254681028,0.46164570152759554,0.6443792388180903,0.1,1.0,0.1,0.5
516570,mscoco,0.05770738888531923,0.17478646566756176,0.07639877498149872,0.2208081035935269,0.1,0.2,0.1,0.1
152662,mscoco,0.0861799169331789,0.2352979467065313,0.16297849863767624,0.3398333105152717,0.0,0.0277777777777777,0.0,0.037037037037037
415280,mscoco,0.0842026699334383,0.2935243716673716,0.09154056794941426,0.2972315061255681,0.1,1.0,0.1,1.0
397404,mscoco,0.11497590877115726,0.24606620263842371,0.14650181755423547,0.3547058805359202,0.0,0.0095238095238095,0.0,0.0526315789473684
488801,mscoco,0.3255441352725029,0.6910858719048918,0.3769204571843147,0.6672201020017723,0.7,1.0,0.8,1.0
544956,mscoco,0.029176804097369315,0.1548734384181406,0.025986751588061453,0.14909202194066112,0.1,1.0,0.1,1.0
576859,mscoco,0.14123134166002274,0.328400012285844,0.15342064946889877,0.3808212758139054,0.1,0.2,0.0,0.0106382978723404
280370,mscoco,0.1066199067980051,0.25009548074223886,0.11556209158152342,0.2733643189524279,0.1,0.1666666666666666,0.1,0.1
310853,mscoco,0.1155122460797429,0.22918172290253763,0.12563512101769447,0.26668699860181627,0.1,0.2,0.2,0.5
363527,mscoco,0.16850450076162815,0.2531721480782607,0.16364507526159286,0.2849693211316252,0.1,0.5,0.2,1.0
47548,mscoco,0.07864390276372432,0.21840079785187738,0.09519953280687332,0.22471759134300504,0.2,1.0,0.2,0.5
542313,mscoco,0.18210176900029182,0.3661904612629194,0.24748483374714852,0.36251636756376376,0.2,0.3333333333333333,0.2,0.5
183386,mscoco,0.3426108479499817,0.5224731094540686,0.40578944981098175,0.5245675815574015,0.5,0.25,0.3,0.2
131101,mscoco,0.08906439077109099,0.2662448740204805,0.08173232115805149,0.25492135992439396,0.1,0.3333333333333333,0.4,1.0
130981,mscoco,0.2179740771651268,0.43669288271703766,0.26837340258061887,0.4773382119656428,0.1,0.1111111111111111,0.8,1.0
443547,mscoco,0.11330584324896335,0.23038018027188206,0.09522930309176444,0.27470229176538447,0.1,0.25,0.1,1.0
103978,mscoco,0.29607951194047927,0.5644680682887356,0.38761131167411805,0.5693358515552734,0.2,0.5,0.3,1.0
7669,mscoco,0.10207928046584129,0.2742067632644038,0.1150041788816452,0.28655659342033746,0.4,1.0,0.7,1.0
111245,mscoco,0.03368592392653227,0.11805899505897749,0.03677106518298388,0.13422458601800996,0.1,1.0,0.1,1.0
326948,mscoco,0.3584841787815094,0.580710721700511,0.2558790400624275,0.5825478987244598,0.5,1.0,0.7,1.0
486807,mscoco,0.022460369765758513,0.09075137967938211,0.03150351876392961,0.09875246711442512,0.1,1.0,0.1,0.5
303652,mscoco,0.04119985653087497,0.13340548860416518,0.05873056333512068,0.155689877686891,0.0,0.0044843049327354,0.1,1.0
173547,mscoco,0.13804855942726135,0.310482999285626,0.1534824214875698,0.31671583064326814,0.6,1.0,0.6,1.0
325239,mscoco,0.036622782982885835,0.1252133671721135,0.04265776304528117,0.10364156474226391,0.1,0.125,0.0,0.037037037037037
353357,mscoco,0.09451418928802013,0.275317149469614,0.05938415080308914,0.19816650915614037,0.1,0.1111111111111111,0.0,0.0105263157894736
426429,mscoco,0.1817007690668106,0.33821644940543005,0.1235018958337605,0.28944976440410947,0.2,0.3333333333333333,0.2,0.5
261207,mscoco,0.20292775183916092,0.47424392514709834,0.1857006475329399,0.49337430611146205,0.3,0.3333333333333333,0.2,0.1666666666666666
461506,mscoco,0.059818172454833986,0.17742097130219636,0.08950688019394874,0.23127743338806303,0.1,0.125,0.0,0.0909090909090909
44856,mscoco,0.20027216970920564,0.393183890226603,0.16657208800315856,0.4437641197976355,0.2,0.3333333333333333,0.2,0.5
180817,mscoco,0.041571049764752385,0.12992258903226386,0.03518491042777896,0.10854221398298255,0.1,0.5,0.1,0.1428571428571428
390435,mscoco,0.4668629109859467,0.8005243536501125,0.5472983300685883,0.7721071860015956,0.3,1.0,0.5,1.0
49648,mscoco,0.22578466087579727,0.3834519071299403,0.33400880396366117,0.4696472412581517,0.1,0.2,0.1,1.0
172498,mscoco,0.058953978680074216,0.15211683118038094,0.10454650148749352,0.23536979179766163,0.1,1.0,0.5,1.0
67126,mscoco,0.20664919912815094,0.29072988869427085,0.21728792060166596,0.4366307039298233,0.1,0.5,0.0,0.0769230769230769
478029,mscoco,0.3390908733010292,0.6678031793938748,0.3262611195445061,0.4558798046772073,0.1,0.2,0.1,1.0
508567,mscoco,0.10879056379199029,0.2596195569369431,0.15171037390828132,0.33698833422394414,0.2,0.2,0.8,0.5
81,drawbench,0.049003169126808646,0.16847222259493116,0.12282552905380725,0.23354000241397962,0.0,0.0232558139534883,0.0,0.027027027027027
109355,mscoco,0.18243950717151164,0.3876581853536443,0.2217155933380127,0.4528168041609669,0.0,0.0043668122270742,0.0,0.0333333333333333
48935,mscoco,0.2609080582857132,0.4771700812086947,0.2380629524588585,0.4073774450144099,0.2,1.0,0.3,0.25
84886,mscoco,0.10473142266273498,0.24159962736182106,0.11785162389278411,0.2929779790748977,0.0,0.05,0.4,1.0
217271,mscoco,0.1645339649170637,0.40659690652755676,0.244839333742857,0.5134540886340759,0.1,0.5,0.2,1.0
480140,mscoco,0.013961950223892928,0.05234418340334493,0.013595613092184067,0.04963582800111292,0.0,0.0476190476190476,0.0,0.0357142857142857
327105,mscoco,0.11850441433489323,0.3010559422975833,0.21854583844542502,0.41904166764687056,0.2,1.0,0.5,0.2
55768,mscoco,0.1589482955634594,0.27819117090208123,0.33990536630153656,0.6264562050187912,0.1,0.1,0.7,1.0
129030,mscoco,0.03943788325414062,0.18947855406105896,0.048711849562823775,0.2018198596676189,0.1,1.0,0.1,1.0
565387,mscoco,0.1479136422276497,0.3017089041094197,0.23476954102516173,0.5006394380619759,0.0,0.0666666666666666,0.1,0.5
553501,mscoco,0.0378273755311966,0.11584569723749434,0.03693576827645302,0.09532544342898851,0.1,0.1666666666666666,0.1,1.0
170193,mscoco,0.21397113054990768,0.5134970797542003,0.2280454095453024,0.5140278304757028,0.2,1.0,0.2,1.0
199,drawbench,0.02589496299624443,0.06834757860302214,0.009655891824513674,0.0320009114140767,0.0,0.0,0.0,0.0
65162,mscoco,0.25198047757148745,0.361703742248389,0.21439145058393477,0.49081502489676493,0.1,0.5,0.1,0.3333333333333333
334542,mscoco,0.27331999242305755,0.4476402142599517,0.23073649853467942,0.481425469354693,0.3,0.2,0.6,1.0
185559,mscoco,0.5866621434688568,0.7159335079337623,0.6000393152236938,0.8458284045734458,0.8,1.0,1.0,1.0
134066,mscoco,0.41688308119773865,0.5559123308164042,0.4969099164009094,0.6760969645128843,0.2,0.3333333333333333,0.2,0.25
19318,mscoco,0.3311197757720947,0.6524584411554081,0.5341362744569779,0.7598097499156505,0.2,1.0,0.2,1.0
122896,mscoco,0.12985759750008583,0.28449997120283527,0.2456822007894516,0.3891106043720706,0.2,0.1666666666666666,0.0,0.0909090909090909
484175,mscoco,0.13662839271128177,0.2942368833651178,0.1825961634516716,0.4414135487033946,0.0,0.0256410256410256,0.1,0.25
550049,mscoco,0.24707182496786118,0.471148069028022,0.3154170200228691,0.6551515374800998,0.7,1.0,0.6,1.0
558966,mscoco,0.07200768068432808,0.2672760398138221,0.09138499684631825,0.2421162550205666,0.4,1.0,0.6,1.0
303177,mscoco,0.34501462131738664,0.6183171208359656,0.2743895068764687,0.4990922490558234,0.0,0.0344827586206896,0.0,0.001727115716753
300047,mscoco,0.043440240621566775,0.13131030197062957,0.05110118351876736,0.1570843207318671,0.2,1.0,0.1,0.25
281977,mscoco,0.16397827491164207,0.37162153081016147,0.18321975097060203,0.4869475580446196,0.8,1.0,1.0,1.0
100169,mscoco,0.13978731259703636,0.2907325655190931,0.3022919803857803,0.6037233136268739,0.2,0.3333333333333333,0.3,1.0
35217,mscoco,0.061779748648405075,0.19007777601933748,0.08457499779760838,0.2154773312247249,0.1,0.5,0.0,0.0049019607843137
195863,mscoco,0.1177239716053009,0.29060517684627474,0.17605114877223968,0.311142761207007,0.3,0.3333333333333333,0.6,0.5
55753,mscoco,0.020623440155759454,0.08673859769233269,0.01630139092449099,0.052595872015094025,0.0,0.0119047619047619,0.0,0.0277777777777777
189504,mscoco,0.10755890198051929,0.273291383970443,0.0800447218120098,0.24100670771467753,0.0,0.0175438596491228,0.1,1.0
257236,mscoco,0.06616843212395906,0.18671332593794643,0.06951068053022028,0.17102754048722738,0.0,0.02,0.1,0.2
15830,mscoco,0.10135498810559511,0.5108192220638178,0.10328667089343072,0.5033174249793472,0.1,1.0,0.1,1.0
382423,mscoco,0.19195356573909522,0.4567699742495081,0.16566513571888208,0.3449472213816694,0.1,1.0,0.2,1.0
182,drawbench,0.047775056958198545,0.14486352240360087,0.041896932292729616,0.10435540409523994,0.0,0.0,0.0,0.0
261431,mscoco,0.05140568185597658,0.17291239754937757,0.055898739583790304,0.19988052577023174,0.2,1.0,0.2,1.0
286021,mscoco,0.1080240786075592,0.2696624107238119,0.12605484239757062,0.27105384767405377,0.0,0.0909090909090909,0.0,0.037037037037037
179,drawbench,0.062041799537837505,0.1856121730704231,0.0542181340046227,0.1899702232502339,0.0,0.0,0.0,0.0
20145,mscoco,0.10220531411468983,0.23186139879568993,0.13249438777565956,0.349754114253445,0.0,0.0909090909090909,0.0,0.0666666666666666
545274,mscoco,0.10084903985261917,0.28375536009885116,0.1114435687661171,0.28856323145181745,0.0,0.0526315789473684,0.2,1.0
93,drawbench,0.04088940322399139,0.1435824661984404,0.06597633883357049,0.18004552290530298,0.0,0.0003133813851457,0.0,0.0013586956521739
254726,mscoco,0.1482724655419588,0.29108949338119566,0.14385056421160697,0.2667073201094129,0.3,1.0,0.4,0.3333333333333333
182125,mscoco,0.16145209446549416,0.35071338486058873,0.23349499851465225,0.4394387526432347,0.1,0.1111111111111111,0.2,0.3333333333333333
46055,mscoco,0.10741738304495811,0.21419450197774206,0.06611798126250505,0.23286634688748767,0.0,0.027027027027027,0.1,1.0
336933,mscoco,0.08927301093935966,0.20189920131239308,0.10581671968102455,0.2791775753939833,0.0,0.0013717421124828,0.1,0.1
175597,mscoco,0.09670864716172219,0.2497617444072408,0.18268210142850877,0.34800125210946997,0.1,1.0,0.0,0.0303030303030303
370157,mscoco,0.03794226981699467,0.11978268967599873,0.044981146790087224,0.12609511772187684,0.0,0.0227272727272727,0.1,0.25
361356,mscoco,0.02655039755627513,0.08808898328247111,0.024001275096088646,0.08531983988735906,0.2,1.0,0.3,1.0
452806,mscoco,0.43228126764297486,0.5639785022600919,0.5064089894294739,0.7409926991558715,0.4,0.25,0.6,0.5
136,drawbench,0.06849547978490592,0.23075724229516154,0.02033904045820236,0.08016085647709213,0.0,7.48839299086416e-05,0.0,1.80446786242737e-05
191314,mscoco,0.06973201856017112,0.19737196144674177,0.07603316344320774,0.23765508522810758,0.1,0.5,0.1,1.0
26,drawbench,0.3653913974761963,0.6372703609522649,0.28925336748361585,0.5492133591685355,0.0,0.0,0.0,0.0
24414,mscoco,0.22400379180908203,0.5044434232576616,0.19725130684673786,0.4957236941792548,0.2,1.0,0.5,1.0
499634,mscoco,0.04679757356643677,0.13921226601497716,0.06059445664286613,0.1529906354182498,0.0,0.037037037037037,0.0,0.0121951219512195
13482,mscoco,0.14902219101786612,0.44016504816265434,0.11250531896948815,0.381086856693939,0.1,1.0,0.1,1.0
267861,mscoco,0.24724206365644932,0.4064704456718846,0.2768346831202507,0.6193503286663384,0.1,0.1666666666666666,0.1,1.0
498967,mscoco,0.08344887159764766,0.21747736347060162,0.1464015394449234,0.3323825011663992,0.3,0.3333333333333333,0.2,1.0
247979,mscoco,0.013868430722504854,0.06155407505565726,0.0136728226672858,0.05649129301990701,0.1,1.0,0.1,1.0
438196,mscoco,0.11170503199100494,0.32233496939829676,0.10946726109832525,0.22929728116762302,0.3,1.0,0.3,1.0
230700,mscoco,0.21631020158529282,0.5373134852039358,0.24256373047828675,0.4230054630448524,0.0,0.0076335877862595,0.0,0.0909090909090909
22660,mscoco,0.05904933419078588,0.22926870016686904,0.06251373849809169,0.21405234219451733,0.3,1.0,0.3,1.0
227982,mscoco,0.05993021726608276,0.15590648246459976,0.05921549685299397,0.1465576782906432,0.1,0.25,0.2,0.5
134807,mscoco,0.053975099697709084,0.2052769040410101,0.05447495803236961,0.20108030889494938,0.1,1.0,0.1,1.0
209788,mscoco,0.10720042437314987,0.24912804781994077,0.2153054043650627,0.3758692205903366,0.0,0.0263157894736842,0.0,0.02
139518,mscoco,0.10597685612738132,0.2697317231891776,0.11424036920070649,0.2789219307160129,0.0,0.0454545454545454,0.1,0.25
232625,mscoco,0.16287019848823547,0.3072304881316357,0.1738678492605686,0.4351519457228925,0.0,0.0303030303030303,0.2,0.25
423875,mscoco,0.04018162935972214,0.11636681033492031,0.03385587017983198,0.11661746431454506,0.1,1.0,0.1,1.0
87878,mscoco,0.19176616594195367,0.38740553602797934,0.1637495316565037,0.37582014651381856,0.0,0.0416666666666666,0.1,0.5
55,drawbench,0.047431614622473715,0.12783476508216102,0.025340169575065373,0.0846110788728894,0.0,0.0,0.0,0.0
315273,mscoco,0.21359493136405944,0.3298208550958202,0.28503951579332354,0.590797186947511,0.3,1.0,0.5,0.5
118968,mscoco,0.11051603630185128,0.26306976104700347,0.11542017012834549,0.26379919201801216,0.1,0.5,0.0,0.0714285714285714
426459,mscoco,0.26061160787940024,0.4624960471638009,0.21897681280970574,0.37210280609924307,0.3,0.2,0.1,0.1
310695,mscoco,0.06264198869466782,0.23337569103471922,0.06885363878682256,0.17732640678507994,0.1,1.0,0.3,1.0
266912,mscoco,0.2568858988583088,0.4200453826086242,0.21300266981124877,0.610858492686949,0.1,0.5,0.1,1.0
70187,mscoco,0.15129012987017632,0.3155334818313004,0.20853105559945107,0.42218706743717477,0.1,0.5,0.1,1.0
75352,mscoco,0.27620374113321305,0.4988717865053595,0.37489696890115737,0.5705328357000231,0.2,0.5,0.5,0.5
485187,mscoco,0.05382881704717875,0.16628777844433043,0.04973980747163296,0.16941620787941447,0.3,0.25,0.3,1.0
446310,mscoco,0.23867791444063186,0.4308446352861172,0.3337863177061081,0.5722979638296445,0.0,0.0416666666666666,0.6,1.0
172702,mscoco,0.10977524742484093,0.37631089621932073,0.12156483419239521,0.35344952181304407,0.1,1.0,0.1,1.0
41838,mscoco,0.22147652171552182,0.5305379024669188,0.3096449747681618,0.587315770289162,0.8,1.0,1.0,1.0
348083,mscoco,0.039984185993671414,0.10742719780062182,0.051130834594368936,0.1835429554190325,0.1,0.1111111111111111,0.1,0.2
465198,mscoco,0.1287548489868641,0.30593689658468837,0.22448404505848885,0.4420274584045276,0.0,0.0454545454545454,0.1,1.0
458123,mscoco,0.34989641755819323,0.6162933505097673,0.30662688314914704,0.4177571033864848,0.1,0.2,0.3,1.0
215558,mscoco,0.13809174597263335,0.3172022029741073,0.14091758877038957,0.44054877684920907,0.0,0.0769230769230769,0.4,1.0
201019,mscoco,0.19417348727583886,0.3471238715020307,0.3140569984912872,0.40032479133457916,0.2,0.1428571428571428,0.9,0.5
153921,mscoco,0.12224187254905701,0.33799310511166475,0.2216982886195183,0.42683800240174846,0.1,0.2,0.1,0.1428571428571428
345389,mscoco,0.011254382878541946,0.030431785543352352,0.007786038075573742,0.03972541162910708,0.1,0.1111111111111111,0.1,1.0
359066,mscoco,0.06992423059418798,0.23693782229962992,0.09324697218835354,0.2541811779483892,0.1,1.0,0.2,0.25
22102,mscoco,0.13073069006204605,0.29797885901661214,0.1755616471171379,0.36674903505006123,0.7,1.0,0.9,1.0
194419,mscoco,0.22393887639045715,0.36463553188549935,0.23518243432044983,0.4435630165674675,0.5,0.5,0.5,1.0
391053,mscoco,0.1449739769101143,0.32509312295651166,0.12676840368658304,0.3440465026429135,0.1,0.25,0.0,0.0033783783783783
20171,mscoco,0.18819511011242868,0.37996646862619443,0.1733451321721077,0.34204813494020275,0.3,1.0,0.7,1.0
538001,mscoco,0.22433508932590485,0.44874015097258757,0.30607373267412186,0.42733066950883297,0.0,0.0095238095238095,0.0,0.0024570024570024
575490,mscoco,0.08095539659261704,0.1792094270493898,0.12510849684476852,0.32229262003832565,0.2,0.5,0.7,0.3333333333333333
75427,mscoco,0.1226371981203556,0.2992068053541572,0.12615586556494235,0.319631976673109,0.1,1.0,0.1,0.5
510564,mscoco,0.0846931528300047,0.19961440635854696,0.14387485682964324,0.41712174864311163,0.0,0.0454545454545454,0.1,0.5
58117,mscoco,0.1539764180779457,0.3210006865262398,0.18327307552099228,0.3887986933064449,0.1,0.5,0.1,0.1666666666666666
294416,mscoco,0.16832808181643485,0.3830516802061827,0.2529384050518274,0.6016894353675797,0.0,0.0416666666666666,0.3,1.0
525176,mscoco,0.16265020072460173,0.36726042681595955,0.1983383223414421,0.38317943785035685,0.0,0.0133333333333333,0.0,0.0588235294117647
316522,mscoco,0.05476402882486582,0.32954401937965777,0.07587963212281465,0.17578981763035267,0.1,1.0,0.1,0.2
198832,mscoco,0.09119204916059971,0.22936298720068385,0.16050545796751975,0.3471009624197785,0.0,0.0113636363636363,0.0,0.0294117647058823
378022,mscoco,0.05985173936933279,0.15154357814511663,0.08839049115777016,0.23131221599535842,0.1,0.25,0.3,1.0
306037,mscoco,0.10283520333468914,0.23577985487245695,0.06916225012391805,0.2604167875458999,0.0,0.0333333333333333,0.1,1.0
51021,mscoco,0.16470636315643788,0.359624773103505,0.2267497256398201,0.4529110067928636,0.4,1.0,0.8,1.0
225392,mscoco,0.026065529510378837,0.07579163614415944,0.03680974412709474,0.13601070430286985,0.0,0.0232558139534883,0.3,0.3333333333333333
543490,mscoco,0.11189381405711174,0.2998828978351656,0.13136922866106032,0.2814616952310829,0.2,1.0,0.4,0.5
305117,mscoco,0.05079600363969803,0.1658200817381561,0.08867545165121556,0.26112478661855,0.0,0.0192307692307692,0.1,1.0
519387,mscoco,0.0443491829559207,0.14486253609945196,0.06288826409727336,0.23148748394500795,0.0,0.00177304964539,0.0,0.0192307692307692
98501,mscoco,0.1034851735457778,0.3011747246079128,0.12358910366892814,0.33440905598885967,0.1,0.1111111111111111,0.0,0.0120481927710843
249791,mscoco,0.18605651333928108,0.4026258046719638,0.18018552474677563,0.3986861763703238,0.1,0.3333333333333333,0.0,0.0147058823529411
327664,mscoco,0.27694722414016726,0.44440514797245556,0.37649624347686766,0.6040080429240328,0.1,0.25,0.2,1.0
22,drawbench,0.011962253600358963,0.04228984383219084,0.014032039325684309,0.06072515411459676,0.0,0.0,0.0,0.0
225654,mscoco,0.07525674030184745,0.22320586168611908,0.10023550949990749,0.3841994411841195,0.0,0.0384615384615384,0.1,1.0
47700,mscoco,0.27542501986026763,0.5727835847682015,0.29368025809526443,0.4191890089405437,0.3,0.5,0.2,0.2
77159,mscoco,0.15511736944317817,0.3206259602329655,0.22114095985889434,0.40354202747216206,0.1,0.1111111111111111,0.3,1.0
501773,mscoco,0.1276091907173395,0.36493894371901603,0.12273295857012272,0.362150468890418,0.1,1.0,0.1,1.0
355137,mscoco,0.3951549619436264,0.6737183069475221,0.42606395184993745,0.6013144186172605,0.1,0.2,0.4,1.0
476055,mscoco,0.11494485586881638,0.24920268094726677,0.14817039892077447,0.3475811050463841,0.1,0.1666666666666666,0.2,0.5
446898,mscoco,0.07496339622884989,0.18654589380708297,0.16166561059653758,0.3716733430240428,0.2,1.0,0.5,1.0
336645,mscoco,0.25433980002999307,0.47598095221527326,0.32198508977890017,0.5869990191903489,0.2,1.0,0.4,0.3333333333333333
57242,mscoco,0.17085082903504373,0.4237226021038006,0.18892006650567056,0.6001900197948844,0.1,0.5,0.1,1.0
137178,mscoco,0.31411934494972227,0.5383348822933898,0.3009873777627945,0.4841949452744256,0.4,0.5,0.4,1.0
113113,mscoco,0.20472874343395234,0.4317659698998245,0.2976045921444893,0.7041367721064908,0.6,1.0,0.5,1.0
403028,mscoco,0.22910967022180556,0.3886381331024366,0.26404055058956144,0.45831011441748815,0.1,0.1111111111111111,0.1,1.0
346795,mscoco,0.07993227299302816,0.19778590344151012,0.060615478083491325,0.17502991079243785,0.1,0.1,0.0,0.0909090909090909
145682,mscoco,0.21978207677602768,0.35642211732970625,0.09805635344237089,0.2262504346012384,0.1,0.1111111111111111,0.0,0.0163934426229508
418791,mscoco,0.05092383176088333,0.15473325710733693,0.06185637041926384,0.21650208301971888,0.0,0.0833333333333333,0.1,1.0
107838,mscoco,0.22527417466044425,0.44068229078683774,0.2519074857234955,0.5496887841691359,0.2,1.0,0.5,1.0
149577,mscoco,0.17383336871862412,0.7132434617005227,0.3053735014051199,0.7439166848987444,0.1,1.0,0.1,1.0
10,drawbench,0.17001657485961913,0.5359307352571542,0.12146279811859131,0.3218093855699096,0.0,0.0,0.0,0.0
544614,mscoco,0.6322693318128586,0.8272062128661194,0.6726076424121856,0.8181685123216618,0.9,1.0,1.0,1.0
419150,mscoco,0.23080300018191338,0.4512824244869949,0.2364668607711792,0.6158111585147117,0.1,0.1666666666666666,0.2,1.0
496783,mscoco,0.08537090718746185,0.2760727694199545,0.10266644470393657,0.2839975907671546,0.2,1.0,0.2,1.0
195062,mscoco,0.267687926441431,0.4477946641856454,0.27444636821746826,0.5133445042401014,0.1,0.1111111111111111,0.6,1.0
183481,mscoco,0.2496320404112339,0.45439475568261767,0.2904378369450569,0.4303071465889366,0.7,0.5,0.7,1.0
495288,mscoco,0.15210639983415603,0.38140243167089904,0.19766191132366656,0.39012512745925737,0.0,0.0416666666666666,0.1,1.0
162,drawbench,0.021865715412423013,0.09389206506653962,0.04418482417240739,0.19340986329394366,0.0,0.0,0.0,0.0
99321,mscoco,0.25943838581442835,0.46915768560979476,0.2561804674565792,0.5309971767792567,0.6,0.5,1.0,1.0
502637,mscoco,0.13578389585018158,0.26195061010158305,0.12033461406826973,0.3166868828423038,0.4,0.3333333333333333,0.7,1.0
136458,mscoco,0.09960413314402103,0.2772672775317385,0.11852365024387837,0.27136924357071773,0.1,0.5,0.1,0.3333333333333333
113333,mscoco,0.13290595933794974,0.28434624465403424,0.16041092053055764,0.3399690328817521,0.3,0.5,0.1,1.0
473448,mscoco,0.15065938383340835,0.4386049253417912,0.1884267508983612,0.3608568560734425,0.3,1.0,0.0,0.05
450598,mscoco,0.438714924454689,0.6518208075837729,0.4550048977136612,0.7121258633748901,0.4,1.0,0.9,1.0
474157,mscoco,0.21205027252435685,0.39677635083999113,0.2979686751961708,0.49766071819152685,0.1,0.1111111111111111,0.2,1.0
74499,mscoco,0.06425441410392523,0.21986063302534228,0.07465781569480896,0.25758317451896673,0.1,1.0,0.2,1.0
107610,mscoco,0.41217916905879975,0.625992510189232,0.49035668671131133,0.7074804185615983,0.4,1.0,0.6,0.5
200959,mscoco,0.2903667390346527,0.6125155215596352,0.420550836622715,0.7003101944260975,0.3,1.0,0.7,1.0
463430,mscoco,0.14330115541815758,0.406944907064739,0.08756936565041543,0.2114043861633435,0.0,0.0123456790123456,0.0,0.0085470085470085
512509,mscoco,0.06216071397066116,0.18963770764852306,0.09740685150027276,0.2654221000245563,0.2,0.5,0.1,0.5
458921,mscoco,0.031146667152643203,0.09253864898568272,0.027030027750879527,0.08550456939339737,0.0,0.025,0.1,1.0
282667,mscoco,0.05404961574822664,0.206477756747282,0.06497786473482847,0.2225442313868258,0.1,0.3333333333333333,0.1,0.5
448771,mscoco,0.05032116342335939,0.16636860117409774,0.0712224304676056,0.1943051157705506,0.0,0.0196078431372549,0.0,0.05
293598,mscoco,0.4782009214162827,0.6474616308946102,0.5517319113016128,0.7078299632072699,0.7,1.0,0.8,1.0
541193,mscoco,0.09384640157222748,0.29481696941366364,0.09713182374835014,0.2896221303517437,0.0,0.0666666666666666,0.0,0.0588235294117647
356569,mscoco,0.16169706955552102,0.28623835283651516,0.13061137199401857,0.29662537578380793,0.1,0.125,0.0,0.0714285714285714
334513,mscoco,0.19067345783114434,0.3376031340363215,0.2465909793972969,0.4361388225680955,0.1,0.1111111111111111,0.6,1.0
430167,mscoco,0.09987970357760786,0.31460004493874827,0.13188793566077947,0.45784859342646145,0.0,0.025,0.0,0.032258064516129
513125,mscoco,0.3549774706363678,0.52332674611194,0.3819537952542305,0.6327734404360829,0.1,0.1428571428571428,0.2,0.3333333333333333
356257,mscoco,0.04346784884110093,0.192444230543001,0.0781810387969017,0.21007411414414245,0.1,1.0,0.1,0.25
364010,mscoco,0.0627657812088728,0.19062480281711283,0.079912119358778,0.193877112987875,0.1,0.25,0.1,1.0
148542,mscoco,0.19155925437808036,0.3615694091660034,0.1765778824687004,0.377216822600912,0.0,0.0526315789473684,0.0,0.037037037037037
82405,mscoco,0.24332268089056014,0.4432336322207006,0.2029065504670143,0.4896051892067267,0.7,1.0,0.4,1.0
70755,mscoco,0.08419605847448111,0.2118936925370368,0.10550861954689025,0.283303022166873,0.1,0.1666666666666666,0.1,1.0
118927,mscoco,0.12945482954382898,0.376858479186926,0.13376979045569898,0.40684772031682914,0.1,1.0,0.1,0.3333333333333333
508915,mscoco,0.08198751658201217,0.23420466803242276,0.14488405957818032,0.34806132006050833,0.2,0.3333333333333333,0.1,0.2
491739,mscoco,0.2548982031643391,0.38075875644523405,0.24873223751783372,0.564456556750301,0.0,0.0147058823529411,0.1,0.3333333333333333
147546,mscoco,0.1433805614709854,0.31717547941039725,0.2029299959540367,0.3593739963697513,0.5,0.3333333333333333,0.3,0.5
262213,mscoco,0.33455541282892226,0.5211236766493561,0.40062283873558047,0.5956527393951349,0.9,0.5,0.7,1.0
415728,mscoco,0.10888281930238008,0.2852653925802821,0.10797781832516193,0.3763024872527193,0.5,1.0,0.5,1.0
506873,mscoco,0.2626933500170708,0.4472137485955886,0.2363286182284355,0.5479298276688341,0.6,1.0,0.7,1.0
538210,mscoco,0.16720055788755417,0.2724870987523819,0.2936065077781677,0.3840320715736272,0.2,0.2,0.6,0.5
581127,mscoco,0.10604786574840545,0.23996290704142317,0.12249930612742901,0.2619648128578987,0.0,0.0185185185185185,0.1,0.5
110013,mscoco,0.10064033791422844,0.22156248294497158,0.05093451766297221,0.1699759298378789,0.3,1.0,0.3,1.0
502286,mscoco,0.11674596704542636,0.32683278842890484,0.1029103472828865,0.33235703516996085,0.0,0.04,0.1,0.5
99425,mscoco,0.24954453855752945,0.46924530779945345,0.29411849230527876,0.43100713779721544,0.1,0.125,0.4,1.0
103042,mscoco,0.2372254580259323,0.4573993355489995,0.31539002507925035,0.5357671824756699,0.3,1.0,0.7,0.5
360440,mscoco,0.06653421260416507,0.3441023483702306,0.05328904874622822,0.3308402253086526,0.1,1.0,0.1,1.0
409668,mscoco,0.28305087983608246,0.5061285999652076,0.3064110517501831,0.5774131633209985,0.9,1.0,0.9,1.0
421639,mscoco,0.04395977258682251,0.12767528096679748,0.06238275095820427,0.17511327884239747,0.0,0.0526315789473684,0.1,0.1111111111111111
277717,mscoco,0.04954656735062599,0.21513456989608676,0.04405220346525311,0.2060309921129571,0.1,1.0,0.1,1.0
113851,mscoco,0.0511159835383296,0.15158454881573707,0.03931806311011314,0.14236428925000422,0.6,0.5,0.4,1.0
380100,mscoco,0.26404687762260437,0.40899628538583344,0.39308544248342514,0.5045011143652356,0.3,1.0,0.7,1.0
68601,mscoco,0.16970838457345963,0.3965394204093291,0.19640085250139236,0.4933229004736216,0.1,0.5,0.2,0.125
82229,mscoco,0.15745454132556916,0.34505332509712494,0.19144835770130159,0.3833371581519513,0.0,0.0909090909090909,0.0,0.0185185185185185
263462,mscoco,0.14960905611515046,0.3524712940329989,0.20518095046281815,0.4753795184250858,0.2,0.1666666666666666,0.4,0.5
352495,mscoco,0.07427088320255279,0.18141013258878688,0.08249359466135502,0.20095854020404905,0.5,1.0,0.6,0.5
64339,mscoco,0.14815597794950008,0.3380302957302168,0.12439526673406362,0.31704014321892565,0.1,1.0,0.1,0.3333333333333333
11156,mscoco,0.042212415114045145,0.1412633592926924,0.03870994262397289,0.14591501920436875,0.1,0.5,0.1,1.0
334872,mscoco,0.4709180310368538,0.7378735481882847,0.5413037747144699,0.6969365709903045,0.3,0.3333333333333333,0.4,0.5
477820,mscoco,0.20271464437246323,0.450602757464532,0.23290888965129852,0.4167780837974464,0.3,0.25,0.2,0.5
283884,mscoco,0.23341100960969924,0.4838853997942775,0.37655750662088394,0.5359290731132695,0.4,0.3333333333333333,0.6,0.5
418868,mscoco,0.03501030672341585,0.10485108190363931,0.07683857381343842,0.20447906155850537,0.1,0.25,0.2,1.0
350309,mscoco,0.23584915399551393,0.4442599475007214,0.24457404613494874,0.39842211431879865,0.2,0.3333333333333333,0.1,0.25
14537,mscoco,0.11145395301282406,0.32631344763342546,0.11034413650631905,0.3515536553650022,0.1,0.5,0.1,1.0
575040,mscoco,0.10573985166847706,0.3343156110626559,0.04801388997584581,0.14653237613315828,0.0,0.006578947368421,0.0,0.0018115942028985
449455,mscoco,0.164994702488184,0.3570178614228815,0.18908763974905013,0.4178839298278887,0.9,1.0,0.6,1.0
211686,mscoco,0.2299140602350235,0.49258270597946013,0.22769501358270644,0.5044809107346361,0.1,1.0,0.1,1.0
154745,mscoco,0.34616082310676577,0.4820290159697394,0.5180645644664764,0.7529652255432907,0.1,0.25,0.2,0.25
152084,mscoco,0.21195551306009291,0.39686844983244485,0.2149462953209877,0.3784042812741077,0.1,0.1666666666666666,0.1,1.0
536390,mscoco,0.2640815570950508,0.5075785732987499,0.29744709432125094,0.49310865880307847,0.0,0.0666666666666666,0.3,0.3333333333333333
235906,mscoco,0.11609947085380554,0.2524785282150321,0.0928881425410509,0.23680637885440672,0.5,1.0,0.3,1.0
526126,mscoco,0.1016483549028635,0.2887820315756223,0.13195596188306807,0.3748135289235705,0.0,0.037037037037037,0.2,1.0
3711,mscoco,0.14107420220971106,0.3207156602878435,0.12421885877847672,0.29057733000449293,0.3,0.1666666666666666,0.2,1.0
275938,mscoco,0.24870272800326348,0.4888629942624728,0.3160816267132759,0.5727316121777984,0.5,1.0,0.9,1.0
180130,mscoco,0.42249939143657683,0.6890969860707519,0.5065380528569221,0.7839799523277216,0.5,1.0,0.7,1.0
401037,mscoco,0.0810770383104682,0.19512432846351344,0.05814579203724861,0.1850713489611023,0.0,0.0178571428571428,0.1,1.0
348816,mscoco,0.1570759003981948,0.39289884475513925,0.1281820796430111,0.35942552061806265,0.3,1.0,0.2,1.0
358300,mscoco,0.21238912120461464,0.5980378278496231,0.18038304448127745,0.4058064975133542,0.1,1.0,0.0,0.0588235294117647
226577,mscoco,0.24437042139470577,0.314999815625453,0.17660916186869144,0.47615179008215575,0.5,0.5,0.3,0.5
425100,mscoco,0.13968944028019906,0.2574907497862404,0.1617723572999239,0.3262243407223327,0.1,0.1666666666666666,0.1,0.2
11184,mscoco,0.10241303779184818,0.2013723762463552,0.1272101391106844,0.2984102560916505,0.0,0.0434782608695652,0.0,0.03125
391972,mscoco,0.02579937931150198,0.08402690746645088,0.02485960992053151,0.0859880246908796,0.1,0.5,0.0,0.0714285714285714
578072,mscoco,0.14150560349226,0.3616145556357534,0.10859208833426237,0.3635854399253146,0.2,1.0,0.1,1.0
558798,mscoco,0.1105562150478363,0.23974283123280474,0.07005731910467147,0.30444980917958586,0.1,0.25,0.0,0.0181818181818181
353559,mscoco,0.045478769578039646,0.1446007310784762,0.045416826754808425,0.15592410521477107,0.3,0.2,0.3,0.5
291117,mscoco,0.1676843360066414,0.3712310753785393,0.23336730003356934,0.4986668718562362,0.0,0.0769230769230769,0.6,1.0
372201,mscoco,0.0974395141005516,0.2733050065081621,0.14055958539247512,0.30922536955488544,0.0,0.0303030303030303,0.2,0.1666666666666666
204085,mscoco,0.14172849357128142,0.3314396234437236,0.14918872863054275,0.32823008710896245,0.6,1.0,0.6,1.0
218965,mscoco,0.24218738451600075,0.5878331134045296,0.23966086506843567,0.5861033173873836,0.2,1.0,0.2,1.0
343012,mscoco,0.025693799089640378,0.07017110620971759,0.022116402070969342,0.0647083202088739,0.1,1.0,0.1,0.25
271941,mscoco,0.17759646698832512,0.3752901918118229,0.1451057128608227,0.3687426202706398,0.1,0.1666666666666666,0.2,0.5
230141,mscoco,0.10537857878953219,0.2888374318056546,0.1720485918223858,0.4034651302630818,0.1,0.25,0.1,0.2
58232,mscoco,0.27304494827985765,0.5209134805205908,0.2924985021352768,0.3642943402188925,0.0,0.0434782608695652,0.0,0.0303030303030303
175437,mscoco,0.060750748962163925,0.1471692694196461,0.06518557630479335,0.19443737532475047,0.1,0.5,0.0,0.0175438596491228
541010,mscoco,0.30907205641269686,0.38735012292609594,0.38958985507488253,0.5599688186485009,0.1,0.5,0.1,0.1666666666666666
140,drawbench,0.08620666805654764,0.3736680410136735,0.04282822608947754,0.1744273437138639,0.0,0.0,0.0,0.0
170558,mscoco,0.1355716001242399,0.3094266316299213,0.0934704439714551,0.2775360779253579,0.1,0.3333333333333333,0.2,0.3333333333333333
148267,mscoco,0.4089537084102631,0.7243554373838448,0.40007214844226835,0.7170169634395015,0.1,1.0,0.1,1.0
531896,mscoco,0.07436994686722756,0.20055624964701987,0.12446915283799172,0.3256936462063652,0.0,0.0769230769230769,0.1,1.0
153620,mscoco,0.091520119830966,0.22509657432609717,0.07568235900253058,0.18398546072711333,0.1,0.125,0.1,0.25
450,mscoco,0.2510270431637764,0.47205823900274413,0.3944051206111908,0.6137751170778775,0.2,1.0,0.3,0.3333333333333333
186605,mscoco,0.11274470463395118,0.28569749049788745,0.10882242619991303,0.3035218373346904,0.1,1.0,0.1,0.25
188845,mscoco,0.04517453573644161,0.1314159899096005,0.08650478385388852,0.20621683671156002,0.0,0.0039682539682539,0.0,0.0333333333333333
442400,mscoco,0.04055941756814718,0.14726578235956472,0.045571953896433114,0.15535678134711342,0.0,0.0416666666666666,0.1,0.25
493416,mscoco,0.05745523553341627,0.17964363928432112,0.03820303548127413,0.1378747719277087,0.0,0.0069444444444444,0.1,0.5
239532,mscoco,0.21880108565092088,0.4446521070163254,0.249672781676054,0.5514786287644946,0.0,0.0263157894736842,0.1,1.0
5862,mscoco,0.0884714249521494,0.23355785105501048,0.10080844610929489,0.24774324535178324,0.1,0.1428571428571428,0.3,1.0
194744,mscoco,0.2526788763701916,0.5191956961760011,0.2102363169193268,0.37505302689278536,0.1,0.5,0.2,0.1428571428571428
570512,mscoco,0.028488946612924337,0.08584090889666193,0.017403167160227894,0.06795130243433373,0.0,0.0666666666666666,0.1,1.0
18191,mscoco,0.0168308743275702,0.06535363419763125,0.012998238415457308,0.051666391292198834,0.1,0.1666666666666666,0.0,0.0833333333333333
346093,mscoco,0.19435601234436034,0.35951127524884363,0.2292313791811466,0.46968979760788515,0.3,0.3333333333333333,0.3,1.0
549978,mscoco,0.1979791596531868,0.3360554829778403,0.21147510409355164,0.4245690419965044,0.0,0.0833333333333333,0.3,0.5
114468,mscoco,0.12332090809941292,0.2879814573719639,0.14061563313007355,0.3527971644744712,0.1,0.5,0.2,1.0
45490,mscoco,0.15654181987047194,0.44817695965167403,0.17507020197808743,0.4081929579743111,0.1,0.25,0.1,1.0
99701,mscoco,0.18143448382616043,0.3697886494283806,0.14193518999964,0.2680146518118301,0.2,0.5,0.2,0.1666666666666666
228336,mscoco,0.1982877530157566,0.45144419908118577,0.2588558614253998,0.46689482541862953,0.0,0.0625,0.3,0.5
442148,mscoco,0.16966692954301835,0.4013006865439453,0.1663590667769313,0.3689717293637733,0.3,1.0,0.2,1.0
155,drawbench,0.029473833460360765,0.10110904217969743,0.026063224393874408,0.06414627455813207,0.0,4.697702823319397e-05,0.0,0.000124254473161
539287,mscoco,0.1038323376327753,0.22122828536831163,0.2642258659005165,0.5102839654689737,0.0,0.0588235294117647,0.6,1.0
151466,mscoco,0.05479774195700884,0.20627702508455031,0.128159986063838,0.3615908915394915,0.1,1.0,0.3,0.25
329908,mscoco,0.19767532721161843,0.4641835716877472,0.22066642493009567,0.40009792144865136,0.2,0.3333333333333333,0.4,0.3333333333333333
384986,mscoco,0.13976535052061081,0.36620443252537477,0.13937387093901635,0.30327815618312226,0.0,0.0068493150684931,0.0,0.0111111111111111
444801,mscoco,0.21927949860692025,0.3266276359505061,0.30009651035070417,0.46934571631074523,0.1,0.125,0.5,0.5
223875,mscoco,0.07204354600980878,0.20818503420532394,0.08034608159214258,0.26344904209708353,0.0,0.04,0.1,1.0
84493,mscoco,0.10374776721000671,0.24661399941592022,0.09866395890712738,0.2550777281962196,0.4,1.0,0.4,1.0
484206,mscoco,0.27281035035848616,0.4143572632047291,0.25249886214733125,0.4069570236481934,0.1,0.3333333333333333,0.2,1.0
223869,mscoco,0.21287961155176163,0.3639491433776583,0.21447805613279342,0.36759869948524376,0.3,0.5,0.5,1.0
13800,mscoco,0.12977733239531516,0.21047321098748908,0.17381298765540124,0.3220430459121201,0.2,0.1428571428571428,0.2,0.3333333333333333
62250,mscoco,0.08069311715662479,0.2578746820878557,0.08999102711677551,0.2594152393217557,0.1,0.5,0.2,0.3333333333333333
401092,mscoco,0.10906753800809384,0.2828487307038202,0.10785913914442062,0.23831762156395728,0.4,0.5,0.2,0.125
407626,mscoco,0.07678012121468783,0.20174687123125323,0.05417371429502964,0.14727681860499464,0.1,0.3333333333333333,0.0,0.0083333333333333
479866,mscoco,0.2858181320130825,0.6373820226126002,0.4189844399690628,0.7265735844626107,0.5,1.0,0.5,0.5
579247,mscoco,0.16351052112877368,0.5543543325815167,0.1460965195670724,0.49723711581142516,0.3,1.0,0.4,1.0
432832,mscoco,0.07834257204085589,0.19392918805169151,0.059465338476002216,0.30176594545629826,0.3,0.3333333333333333,0.4,1.0
297695,mscoco,0.029936126433312893,0.08782854083734593,0.03636800274252892,0.12296193540778763,0.1,0.1,0.1,1.0
440793,mscoco,0.0943795919418335,0.2854204118506102,0.22027904987335206,0.45486517726064574,0.1,1.0,0.1,1.0
484338,mscoco,0.08328047581017017,0.22191901568403194,0.09680321216583251,0.2499185907895782,0.1,0.1111111111111111,0.4,0.1428571428571428
28654,mscoco,0.23013857305049895,0.37637717896791556,0.22964269965887069,0.40003769862808236,0.2,0.5,0.0,0.0227272727272727
372580,mscoco,0.018900800868868826,0.06418519312306817,0.03279819134622812,0.1041154697275244,0.0,0.0222222222222222,0.0,0.0227272727272727
53802,mscoco,0.07346676699817181,0.2130892890172478,0.08050376400351525,0.21376200664081868,0.1,1.0,0.1,1.0
72792,mscoco,0.11199977248907089,0.3196710823972951,0.14630874507129193,0.2801376157565358,0.0,0.0263157894736842,0.0,0.0333333333333333
185844,mscoco,0.2217630747705698,0.4645181015061077,0.25221824198961257,0.5612544414140948,0.1,0.1666666666666666,0.3,1.0
355347,mscoco,0.26010778546333313,0.45629100712075965,0.2989479586482048,0.43183118655133984,0.3,0.2,0.3,0.5
55237,mscoco,0.1516140319406986,0.3974891104326604,0.20515073658898472,0.3123401339252416,0.0,0.0344827586206896,0.0,0.0454545454545454
167910,mscoco,0.08727873787283898,0.2532924116571907,0.07090729400515557,0.16865003092266445,0.1,0.5,0.0,0.0166666666666666
398527,mscoco,0.16619474515318872,0.42428859797888824,0.17863598540425302,0.4396784295580904,0.2,1.0,0.5,1.0
484666,mscoco,0.08900450952351094,0.20811249839712298,0.06771451532840729,0.23227007975791045,0.1,0.5,0.1,1.0
399461,mscoco,0.1998789433389902,0.47657656707379775,0.18889192789793013,0.38335220139759163,0.1,0.5,0.2,1.0
71220,mscoco,0.1520578570663929,0.308652527479303,0.2379556968808174,0.5773518624399888,0.1,0.1666666666666666,0.7,1.0
430391,mscoco,0.14459965974092484,0.29194312373720416,0.20516868382692338,0.4072872235209631,0.6,1.0,0.4,1.0
81166,mscoco,0.12132611982524395,0.2702335138263665,0.20865214318037034,0.4195543954313918,0.0,0.0769230769230769,0.2,0.5
11690,mscoco,0.15395111739635467,0.3195171181421301,0.28840363919734957,0.6069439514979912,0.3,0.5,0.6,1.0
74570,mscoco,0.1432363823056221,0.35651053292799395,0.18976016491651534,0.3645511853310835,0.7,0.5,0.7,1.0
495609,mscoco,0.19951434880495073,0.41950462908834835,0.2447332262992859,0.6519962354912084,0.1,0.125,0.1,1.0
286874,mscoco,0.09594052359461784,0.2514687529516265,0.12036295384168624,0.27572058473929817,0.1,0.3333333333333333,0.1,1.0
310562,mscoco,0.3272432625293732,0.5360495235357359,0.2929691106081009,0.4919586425024902,0.7,1.0,0.6,1.0
49946,mscoco,0.12260696068406104,0.291979918521419,0.11690606027841569,0.28863855908182406,0.1,1.0,0.1,1.0
546114,mscoco,0.09535469003021717,0.30497783726956323,0.10664075538516045,0.26284182936419986,0.4,1.0,0.5,0.5
229052,mscoco,0.035422397311776876,0.11262435727161992,0.03217280218377709,0.10823878483334795,0.1,1.0,0.1,0.3333333333333333
218294,mscoco,0.17375027164816856,0.4055714996572951,0.2012966826558113,0.4989017394805266,0.1,1.0,0.3,1.0
262235,mscoco,0.3685265600681305,0.5762671230110294,0.3710541069507599,0.48705090110831406,0.6,1.0,1.0,1.0
53229,mscoco,0.04376921579241753,0.18860264437440244,0.05860826466232538,0.13579641427616224,0.3,1.0,0.8,0.5
447209,mscoco,0.11829677447676659,0.23838460110188453,0.13323549404740334,0.38941320145884006,0.2,1.0,0.1,0.3333333333333333
166096,mscoco,0.32001554071903227,0.49868775268851906,0.34223116636276246,0.5334720882329221,0.3,0.25,0.2,0.2
70363,mscoco,0.04729146473109722,0.14197956675175283,0.06285048220306635,0.14198539654729903,0.0,0.03125,0.1,0.1111111111111111
23355,mscoco,0.06918906699866056,0.22710534292459347,0.06591293625533581,0.222613391954521,0.1,1.0,0.1,1.0
269886,mscoco,0.03745928574353456,0.11854185013416538,0.052077348530292514,0.13316647392127876,0.0,0.0185185185185185,0.2,0.125
237445,mscoco,0.0277206476777792,0.11763168718959474,0.07269807383418084,0.1954954239405036,0.0,0.0769230769230769,0.4,1.0
63835,mscoco,0.33915179818868635,0.46231221611110423,0.4107789725065231,0.5070879924479162,0.5,1.0,0.9,1.0
272255,mscoco,0.20926091820001602,0.3653307783106354,0.2311604518443346,0.5123723131082456,0.5,0.3333333333333333,0.3,1.0
373414,mscoco,0.09992278497666121,0.26872179244299765,0.14594811107963324,0.2890973090958495,0.1,0.1111111111111111,0.5,1.0
466827,mscoco,0.2591622233390808,0.48840406497431865,0.31738217622041703,0.5681444258398674,0.4,1.0,0.7,0.5
506026,mscoco,0.031034869328141212,0.11585453315613721,0.03744127955287695,0.12487641268716312,0.1,0.25,0.1,1.0
262145,mscoco,0.1154349323362112,0.3331492114535637,0.19997559860348701,0.4632424981446028,0.1,1.0,0.4,1.0
40210,mscoco,0.08268340863287449,0.2376024956290653,0.09791826978325843,0.2434874233026757,0.1,1.0,0.1,0.3333333333333333
281652,mscoco,0.12959212213754653,0.368073325279128,0.099349151737988,0.35089519059774765,0.2,1.0,0.2,1.0
280808,mscoco,0.2583152838051319,0.5210603232942772,0.30101060718297956,0.5360900431470667,0.0,0.05,0.2,0.1666666666666666
244549,mscoco,0.3227121978998184,0.5490050865918729,0.34941511452198026,0.5783548395113561,0.1,0.25,0.2,1.0
179504,mscoco,0.04775138571858406,0.15393965884162203,0.06270965160802007,0.18506829404514386,0.0,0.0769230769230769,0.1,0.1428571428571428
177353,mscoco,0.06659006923437119,0.22256411533844914,0.07333407811820507,0.21568629878432163,0.1,1.0,0.1,1.0
298830,mscoco,0.29118323102593424,0.6850685825281184,0.36113186925649643,0.5670896822438467,0.1,1.0,0.3,0.5
126182,mscoco,0.07826629355549812,0.19309993710663934,0.10311493203043938,0.30568081565259764,0.0,0.0208333333333333,0.1,0.125
112904,mscoco,0.03298249021172524,0.11098063184465244,0.04453401993960142,0.12691914848655939,0.0,0.0555555555555555,0.1,0.1666666666666666
211080,mscoco,0.11229725629091263,0.24175849358796175,0.1532505303621292,0.37193028262395855,0.0,0.027027027027027,0.5,1.0
526729,mscoco,0.3081796929240227,0.4913757544872189,0.305635429918766,0.5259299854116872,0.2,0.25,0.1,0.1666666666666666
474180,mscoco,0.20055708661675453,0.4886068362655794,0.12797712571918965,0.42212234227667095,0.1,0.5,0.1,1.0
466083,mscoco,0.12418998964130878,0.3579362185430925,0.14457847066223622,0.32077380446972575,0.0,0.05,0.0,0.0285714285714285
154,drawbench,0.034216286474838854,0.12185117096833016,0.026631391351111235,0.11309794350287092,0.0,0.0,0.0,0.0
183805,mscoco,0.09248617347329854,0.2557939266843679,0.07275707740336657,0.25266908899128376,0.1,0.1,0.0,0.0263157894736842
185571,mscoco,0.060334014147520064,0.15611416380680707,0.057838918268680574,0.16871469035826117,0.1,0.5,0.1,1.0
27471,mscoco,0.2358020842075348,0.4342489957742459,0.3567252531647682,0.48304620838831386,0.3,1.0,0.2,0.5
21504,mscoco,0.06912842215970158,0.24739404577487606,0.08292402839288116,0.2438884033668715,0.1,1.0,0.1,0.1111111111111111
422676,mscoco,0.11790707632899285,0.4548341892235444,0.11748959422111512,0.3108170036760874,0.1,1.0,0.1,0.5
452930,mscoco,0.12927831821143626,0.3073350878707341,0.13026672452688218,0.24743666495562414,0.0,0.0625,0.2,0.3333333333333333
473500,mscoco,0.18671855106949806,0.4243912477387989,0.15472519397735596,0.4045305790652904,0.1,0.5,0.1,0.1428571428571428
32708,mscoco,0.09191090576350688,0.22852727204713078,0.1625816162675619,0.4117379646613165,0.2,0.1666666666666666,0.4,1.0
578255,mscoco,0.13432421050965787,0.3545461059860603,0.22304726243019105,0.42652574996930404,0.1,0.3333333333333333,0.1,1.0
249792,mscoco,0.05249077212065458,0.20407820613610372,0.054248194210231304,0.20734525439416898,0.1,1.0,0.1,1.0
188795,mscoco,0.2208544060587883,0.39263134607116174,0.25947598814964296,0.4874007139249046,0.3,1.0,0.5,0.3333333333333333
299205,mscoco,0.013620991632342339,0.05361206633994841,0.015774555411189793,0.05945587928133753,0.1,1.0,0.2,1.0
404406,mscoco,0.06050899182446301,0.19058946902916524,0.06770848333835602,0.17448364992321772,0.1,1.0,0.1,1.0
145690,mscoco,0.1697949357330799,0.4742037432702515,0.1992359757423401,0.5495934075401883,0.0,0.0277777777777777,0.1,1.0
400332,mscoco,0.2762953981757164,0.49357203694436186,0.37262399047613143,0.7222237140700664,0.2,0.25,0.2,1.0
202810,mscoco,0.17732976227998734,0.36527852252214865,0.2009652130305767,0.34033110014368073,0.2,0.2,0.1,0.125
52,drawbench,0.083962388522923,0.1932860843549469,0.11275161802768707,0.23861972283176958,0.0,0.0,0.0,0.0
225700,mscoco,0.22283734530210494,0.4640312762262468,0.2666012391448021,0.5153101966949364,0.1,0.1428571428571428,0.2,0.25
273106,mscoco,0.12692762091755866,0.28029019618906365,0.18932773172855377,0.3989864438165433,0.0,0.0263157894736842,0.0,0.0588235294117647
394840,mscoco,0.07917470820248126,0.25638193745885207,0.09090552888810635,0.2763207976886273,0.1,1.0,0.2,1.0
323810,mscoco,0.34478266462683677,0.6134979428005981,0.3251081809401512,0.6124851709015018,0.5,1.0,0.5,1.0
174892,mscoco,0.26091857999563217,0.5192144665232001,0.2526977688074112,0.44822951918072135,0.4,0.1428571428571428,0.2,0.1666666666666666
365507,mscoco,0.21859225183725356,0.3907460950589912,0.28038167357444765,0.4571374444067534,0.4,0.25,0.7,1.0
531963,mscoco,0.06685117352753878,0.2134873998005257,0.1158390611410141,0.2972218443282169,0.0,0.0555555555555555,0.1,0.1428571428571428
214127,mscoco,0.22786622270941734,0.5081157512650625,0.29997687339782714,0.5840950345053451,0.2,0.3333333333333333,0.2,0.1111111111111111
230991,mscoco,0.22612498253583907,0.4667320954570468,0.25911091864109037,0.40763520684338794,0.1,1.0,0.6,1.0
552962,mscoco,0.15762387365102767,0.3594942586052359,0.19875255078077317,0.343837976023348,0.1,1.0,0.1,0.1111111111111111
534565,mscoco,0.30038632452487946,0.4961617641455591,0.3198042020201683,0.5270841760504907,0.8,1.0,0.7,1.0
423647,mscoco,0.14502401798963546,0.2996331034490047,0.13737450093030928,0.3703210549350603,0.2,0.1666666666666666,0.3,0.5
48,drawbench,0.08333387468010187,0.2214539423207256,0.10270325094461441,0.2374534790528556,0.0,0.0,0.0,0.0
50480,mscoco,0.06516849743202328,0.1525398024572005,0.06374731808900833,0.20347074291890285,0.0,0.0089285714285714,0.1,0.125
138768,mscoco,0.1553488366305828,0.3797438723829301,0.18872188329696654,0.42489333744395574,0.2,0.5,0.1,0.25
480482,mscoco,0.13108657635748386,0.2855841382586783,0.1364610604941845,0.3792599636832297,0.1,0.5,0.1,0.5
150024,mscoco,0.10182882323861123,0.2825872783808749,0.09960666000843048,0.4027967404407735,0.2,0.5,0.2,1.0
94793,mscoco,0.06509705521166324,0.19945727748546435,0.08512733019888401,0.2384344099752405,0.0,0.04,0.2,1.0
378313,mscoco,0.025693931337445974,0.08612892970514076,0.05680637024343014,0.1675428729014437,0.0,0.0021231422505307,0.1,1.0
504921,mscoco,0.48429823815822604,0.7991301709577303,0.4944580465555191,0.7626279479608516,1.0,1.0,1.0,1.0
292116,mscoco,0.12045112363994122,0.34566658941187356,0.20549746751785278,0.43906001280841006,0.0,0.0084033613445378,0.1,1.0
109012,mscoco,0.24619486331939697,0.4687491255874134,0.24947159886360168,0.4131348471008172,0.4,1.0,0.8,0.5
504657,mscoco,0.26902122497558595,0.4012112215241145,0.47102952003479004,0.6730367869168632,0.2,0.1428571428571428,0.9,1.0
72850,mscoco,0.20811879113316537,0.4527895806860648,0.23019963204860688,0.36004051487689537,0.0,0.0434782608695652,0.4,1.0
273316,mscoco,0.23704321235418319,0.5460317983351166,0.3176066502928734,0.6278760609939967,0.3,1.0,0.3,1.0
354261,mscoco,0.044844310730695724,0.12530360067306656,0.038768346142023805,0.12303610329367247,0.0,0.0909090909090909,0.0,0.0833333333333333
54437,mscoco,0.43875912129878997,0.6577115472668186,0.42460152208805085,0.5553549860611052,0.5,1.0,0.1,0.1666666666666666
249251,mscoco,0.10324716307222843,0.21535883704735256,0.15804117880761623,0.26791312531197126,0.2,0.5,0.1,0.5
99747,mscoco,0.08318988159298897,0.20398853475794168,0.08192411810159683,0.19640333192728487,0.6,0.5,0.6,1.0
23976,mscoco,0.23764047399163246,0.40466918596400997,0.2132459044456482,0.3835691168845328,0.1,0.3333333333333333,0.3,0.2
295295,mscoco,0.2111681081354618,0.4681922984202519,0.21305858716368675,0.3266050570700261,0.3,0.25,0.4,0.3333333333333333
32712,mscoco,0.24730052947998046,0.32990077458188777,0.3406814679503441,0.5002971606737161,0.0,0.0625,0.1,0.125
4616,mscoco,0.029700764268636704,0.10496481194526087,0.0512890350073576,0.1345377100738839,0.1,0.5,0.1,1.0
529096,mscoco,0.20413130298256874,0.5267089928858927,0.20519049614667892,0.5022557049325467,0.1,1.0,0.2,1.0
537349,mscoco,0.12304751761257648,0.22376814113712368,0.11997058130800724,0.37508358473319414,0.0,0.0625,0.0,0.0434782608695652
367853,mscoco,0.20275575220584868,0.4286294714819487,0.2542199492454529,0.44503595192804085,0.2,1.0,0.5,1.0
323231,mscoco,0.1038882553577423,0.2365228736951818,0.11538928858935833,0.2798865433135509,0.0,0.003076923076923,0.1,0.125
385317,mscoco,0.24398390501737593,0.46306560877627617,0.17941875085234643,0.339792190289598,0.3,0.3333333333333333,0.1,1.0
284192,mscoco,0.10530197024345397,0.2762842841495047,0.10407808050513268,0.3031434318632236,0.1,1.0,0.1,1.0
384790,mscoco,0.22038714662194253,0.4121679910393278,0.20589440539479256,0.5346550966807375,0.0,0.0769230769230769,0.0,0.0384615384615384
237758,mscoco,0.20061054229736328,0.42002851563650034,0.16540031582117082,0.3640426428161629,0.4,1.0,0.5,0.25
201134,mscoco,0.1169950844720006,0.6197115901109701,0.14518444500863553,0.4133432806825925,0.1,1.0,0.1,0.5
33,drawbench,0.08005199767649174,0.3178697773807751,0.05099941911175847,0.142757673094645,0.0,0.0,0.0,0.0
220118,mscoco,0.24423217102885247,0.42118737237700915,0.2539672374725342,0.5050020165701069,0.0,0.0169491525423728,0.1,1.0
182118,mscoco,0.02253454700112343,0.0731624183930261,0.02473864029161632,0.07173118002072741,0.0,0.0076923076923076,0.1,1.0
101569,mscoco,0.1342894732952118,0.3418566442121308,0.17101858481764792,0.30627269272982083,0.2,1.0,0.3,0.5
111754,mscoco,0.2809264108538628,0.37430138528309065,0.33436154276132585,0.479831271902491,0.2,0.2,0.8,1.0
209920,mscoco,0.13125155940651895,0.3128553114427996,0.11476951278746128,0.32589153294434187,0.0,0.0333333333333333,0.1,0.1666666666666666
534426,mscoco,0.09931336417794227,0.29934060425057624,0.1079439640045166,0.26247576767509295,0.1,0.125,0.4,0.5
165298,mscoco,0.07505949828773736,0.23515597034647062,0.07004661969840527,0.18528381569960883,0.1,0.1666666666666666,0.0,0.0833333333333333
289007,mscoco,0.07053437270224094,0.1891341553053464,0.10457302890717983,0.2820333439424954,0.0,0.0625,0.1,1.0
11796,mscoco,0.11934031918644905,0.22180005407367182,0.11018032357096672,0.3122429676968537,0.1,0.5,0.1,1.0
537135,mscoco,0.1646368119865656,0.4768729332403865,0.1145210798829794,0.40960526381920975,0.1,0.5,0.2,1.0
120977,mscoco,0.07605087012052536,0.183953965229573,0.06982224974781275,0.23017114221992951,0.1,0.5,0.1,0.25
259103,mscoco,0.13534818291664125,0.2743973061665577,0.10305391848087311,0.2591006997388583,0.0,0.0357142857142857,0.1,0.5
49073,mscoco,0.24699199497699736,0.5303505488649407,0.28387562185525894,0.5156101717094936,0.0,0.00074294205052,0.0,0.0049261083743842
387855,mscoco,0.055051013454794885,0.16137458865020543,0.06265976633876562,0.21874497829001702,0.0,0.0050251256281407,0.1,0.5
252549,mscoco,0.17950648069381714,0.4492046930375124,0.1663797155022621,0.46805874244175566,0.1,0.25,0.1,0.5
506232,mscoco,0.26025806963443754,0.5387962944430619,0.285154826939106,0.5387581939461712,0.1,1.0,0.4,1.0
178876,mscoco,0.3981857880949974,0.550910170558185,0.4041379913687706,0.5469480320671902,0.1,0.1,0.1,1.0
98709,mscoco,0.07908646948635578,0.20308513521186575,0.10021302588284016,0.2909001823039092,0.2,0.3333333333333333,0.5,1.0
83328,mscoco,0.09037434253841639,0.2584233990261525,0.14975312687456607,0.4399483184731891,0.1,0.1,0.2,1.0
467180,mscoco,0.03229016102850437,0.10452174066362144,0.08100381381809711,0.20992489112480062,0.2,1.0,0.0,0.0833333333333333
362244,mscoco,0.06933708079159259,0.22043211529652024,0.07463058643043041,0.20481892944943994,0.3,1.0,0.1,0.1428571428571428
382182,mscoco,0.13980889022350312,0.2503279501115102,0.14544013515114784,0.4050823617967545,0.2,0.3333333333333333,0.3,1.0
79545,mscoco,0.24842009991407393,0.39792358817162116,0.27126542702317236,0.582063683021478,0.0,0.0909090909090909,0.2,0.1666666666666666
516233,mscoco,0.02147281337529421,0.0830096317979144,0.023498845007270574,0.10619953352267233,0.1,0.3333333333333333,0.1,1.0
544127,mscoco,0.13619994074106218,0.3055794709710177,0.12802061550319194,0.3318818443078933,0.1,0.5,0.1,0.1428571428571428
97734,mscoco,0.09353916980326175,0.20482264238937978,0.09178385064005852,0.2290600706283253,0.2,0.5,0.4,1.0
29752,mscoco,0.17733699977397918,0.27177167751842135,0.27999513745307925,0.4513042139808485,0.1,0.5,0.1,1.0
412491,mscoco,0.04529586937278509,0.14141371011050194,0.03956295438110828,0.13833639731575348,0.1,0.3333333333333333,0.0,0.0526315789473684
111,drawbench,0.05065359156578779,0.1754610146727149,0.07459101229906082,0.18810258061718838,0.1,0.3333333333333333,0.0,0.0052910052910052
354929,mscoco,0.04112875610589981,0.11324879541590653,0.0460750063881278,0.14913721000477,0.1,0.25,0.1,1.0
558242,mscoco,0.16298190951347352,0.3636858282016239,0.18006436452269553,0.3337456432289152,0.0,0.0416666666666666,0.1,0.25
462129,mscoco,0.05774158723652363,0.16804465191853205,0.05987273808568716,0.1606107686608728,0.0,0.0065359477124183,0.0,0.0555555555555555
462925,mscoco,0.29237343072891236,0.6819484484972187,0.35905213207006453,0.7514019681096644,0.3,0.5,0.3,1.0
45343,mscoco,0.11669162437319755,0.3256226106700372,0.07044434491544962,0.301554589053484,0.1,1.0,0.1,1.0
538299,mscoco,0.2612414635717869,0.5321086260165245,0.2329145647585392,0.35411497785392815,0.1,1.0,0.2,0.2
245002,mscoco,0.3234009653329849,0.41582901965416624,0.4329611212015152,0.5874526361786704,0.6,0.3333333333333333,0.9,1.0
259414,mscoco,0.11008342951536179,0.2889730458697162,0.08958803750574588,0.2517120848185872,0.0,0.0131578947368421,0.0,0.0147058823529411
130314,mscoco,0.10992575138807296,0.35607006179652745,0.1107527431100607,0.3742064150343451,0.1,1.0,0.1,1.0
544120,mscoco,0.1025915265083313,0.2722458720440242,0.060156119801104066,0.2619326384204713,0.0,0.0062111801242236,0.0,0.04
196510,mscoco,0.09286205843091011,0.32540317561248283,0.10189123079180717,0.27782146449300005,0.0,0.0172413793103448,0.0,0.0333333333333333
226197,mscoco,0.1023376889526844,0.2262770417089888,0.1976408064365387,0.37210454146909483,0.0,0.05,0.2,0.2
500568,mscoco,0.1200668528676033,0.3321127262213368,0.1335096202790737,0.42770038108411557,0.1,0.125,0.1,1.0
351149,mscoco,0.1312665518373251,0.32729146747713017,0.1239793911576271,0.3350871328765534,0.0,0.0416666666666666,0.0,0.0769230769230769
298600,mscoco,0.04852605927735567,0.11594791000592883,0.06269297935068607,0.18949565744120322,0.0,0.024390243902439,0.3,1.0
434027,mscoco,0.25881503969430925,0.4542694938417461,0.3134064242243767,0.4833094518695041,0.0,0.037037037037037,0.2,1.0
116851,mscoco,0.08916892856359482,0.22804518282561242,0.10593223683536053,0.29441112241792694,0.4,1.0,0.5,1.0
364567,mscoco,0.2431702759116888,0.49767339710683056,0.37748182415962217,0.5349955281941499,0.2,0.3333333333333333,0.6,1.0
363957,mscoco,0.10971410796046258,0.2834136983643038,0.10039645582437515,0.22972008575297126,0.8,1.0,0.9,1.0
568974,mscoco,0.01195043120533228,0.045210864492626825,0.017112998059019446,0.05199780714636952,0.0,0.0059523809523809,0.1,1.0
223739,mscoco,0.11620788648724556,0.31537099129819474,0.14703191369771956,0.4113255989638743,0.0,0.0588235294117647,0.0,0.0833333333333333
59171,mscoco,0.23246815651655198,0.5051229531968273,0.3365023784339428,0.5633144330931943,0.7,1.0,0.9,1.0
521218,mscoco,0.1517285920679569,0.3585676704024573,0.19602214992046357,0.35190812935569515,0.4,1.0,0.8,1.0
367329,mscoco,0.06821830160915851,0.17693458555540986,0.09270711243152618,0.25800691510316803,0.1,0.25,0.4,1.0
352061,mscoco,0.08842588774859905,0.26938386665218755,0.11725492551922798,0.2624244547062398,0.2,0.125,0.2,1.0
484636,mscoco,0.164100743830204,0.4567838594924494,0.152055337280035,0.26193678362656586,0.1,0.1428571428571428,0.1,1.0
264461,mscoco,0.08582615368068218,0.20899891932755665,0.1583194587379694,0.3778707498675413,0.0,0.0085470085470085,0.0,0.0384615384615384
148165,mscoco,0.02314280066639185,0.11184146657820529,0.04405282251536846,0.15699104498720431,0.1,1.0,0.0,0.024390243902439
429593,mscoco,0.063818534091115,0.1272012198799419,0.06261280942708254,0.17568629604118446,0.1,0.5,0.1,1.0
15757,mscoco,0.2657949410378933,0.5259376658214255,0.37307031974196436,0.6203608377830077,0.0,0.0153846153846153,0.1,0.1111111111111111
37032,mscoco,0.07813127413392067,0.22953598739874959,0.2864089161157608,0.522313738186245,0.0,0.0769230769230769,0.9,1.0
99515,mscoco,0.08795351311564445,0.25901862737744885,0.08761444054543972,0.2801279585618142,0.0,0.0022573363431151,0.0,0.0769230769230769
501624,mscoco,0.45828880816698075,0.5944703944118341,0.5002796858549118,0.6976914832403267,0.7,1.0,0.8,1.0
91780,mscoco,0.2052711308002472,0.4879045378158476,0.22034511864185333,0.4812932131394621,0.1,0.5,0.1,0.5
473195,mscoco,0.09337288755923509,0.22032343212697061,0.10468043237924576,0.25107759062437585,0.0,0.0010111223458038,0.0,0.0059171597633136
200241,mscoco,0.09227929785847663,0.30832983771940103,0.08095288649201393,0.30778028517732553,0.1,1.0,0.1,1.0
20966,mscoco,0.10001479759812355,0.21363838235072147,0.09303563050925731,0.25313695106688006,0.4,0.25,0.5,1.0
477005,mscoco,0.2799741357564926,0.44137354206651774,0.27534548938274384,0.5195283872750086,0.4,0.5,0.6,1.0
568281,mscoco,0.0554221099242568,0.145402755600484,0.10203672833740711,0.3237577189775539,0.1,0.25,0.1,0.1428571428571428
289075,mscoco,0.09586885999888181,0.30565107028516547,0.1759629189968109,0.36202528982296944,0.1,1.0,0.1,1.0
315211,mscoco,0.050467506796121595,0.19232867682084362,0.05333927515894175,0.18676605303062022,0.1,1.0,0.1,1.0
370763,mscoco,0.10671477168798446,0.34076294037232835,0.136537317186594,0.34923086263214775,0.1,1.0,0.4,1.0
245337,mscoco,0.06861427873373031,0.2271100665178236,0.09095826037228108,0.1955167492352589,0.3,1.0,0.2,0.5
359085,mscoco,0.07741277869790793,0.2612677068395792,0.07106818128377199,0.2380239910513083,0.1,1.0,0.1,1.0
151956,mscoco,0.0877571977674961,0.35308262200552937,0.1068017954006791,0.22956130144924633,0.2,0.3333333333333333,0.2,1.0
442666,mscoco,0.08071952778846025,0.24472643891527113,0.0654789824038744,0.17693772312209158,0.0,0.0833333333333333,0.1,0.1111111111111111
139214,mscoco,0.09795147441327572,0.24513744753664324,0.10651379674673081,0.21340779122913048,0.2,0.1666666666666666,0.2,0.5
112586,mscoco,0.2204783119261265,0.4664339606535555,0.23072951287031174,0.46646263059684956,0.6,1.0,0.3,1.0
277080,mscoco,0.37774318009614943,0.7483968463660183,0.4146668568253517,0.7109474458017114,0.5,0.5,0.4,0.5
497261,mscoco,0.10988507866859436,0.2874767744597042,0.11909194998443126,0.2437381303278883,0.0,0.032258064516129,0.0,0.024390243902439
421314,mscoco,0.19440290592610837,0.26929881409393996,0.2483004242181778,0.36933116727351234,0.3,0.1428571428571428,0.1,1.0
9288,mscoco,0.267275520414114,0.5265093113087119,0.26878722459077836,0.6792739686982863,0.7,1.0,0.6,1.0
249587,mscoco,0.14536392092704772,0.28015513229520167,0.23131014555692672,0.43218486601983064,0.2,0.5,0.3,0.25
169179,mscoco,0.20058215633034707,0.3343800040262041,0.27178395688533785,0.42439815978051965,0.2,0.1111111111111111,0.4,0.2
446521,mscoco,0.0784414041787386,0.22206563219851527,0.09222155213356018,0.32712534457571657,0.0,0.0109890109890109,0.0,0.05
203098,mscoco,0.05931010190397501,0.20225313099088088,0.07778318300843239,0.18977902510327582,0.6,1.0,1.0,1.0
83102,mscoco,0.10695870518684387,0.35704616600625266,0.09833753369748592,0.2784998722200525,0.1,0.1428571428571428,0.0,0.0909090909090909
105,drawbench,0.1646084373816848,0.29025290489129546,0.26371888518333436,0.46476583064606813,0.0,0.0175438596491228,0.0,0.0769230769230769
254989,mscoco,0.11513635702431202,0.2687904306055822,0.1684657670557499,0.35586056772647884,0.3,0.25,0.4,1.0
474528,mscoco,0.10722879581153393,0.304677424888287,0.09130728393793106,0.20802102467876696,0.1,0.125,0.1,0.25
523546,mscoco,0.07631011810153723,0.35390084968401037,0.08345302753150463,0.34325619527997164,0.1,1.0,0.1,1.0
371256,mscoco,0.0744131226092577,0.22054997846978838,0.047594767063856125,0.15647752555297162,0.2,1.0,0.1,0.25
444453,mscoco,0.07308711633086204,0.3298439090425914,0.06469220407307148,0.3169271357897564,0.1,1.0,0.1,1.0
127515,mscoco,0.1630354791879654,0.3514792598805229,0.14619691744446756,0.30987834411613363,0.0,0.015625,0.0,0.0909090909090909
15667,mscoco,0.3088913694024086,0.5266868999625743,0.3429734826087952,0.5326181648240356,0.5,0.5,0.8,1.0
525851,mscoco,0.1368783388286829,0.36212652590380445,0.11353054232895374,0.33264565116880024,0.7,1.0,0.4,1.0
63777,mscoco,0.10021184775978327,0.21028387935372433,0.13137901499867438,0.30351050243339306,0.1,1.0,0.1,0.125
247422,mscoco,0.16962844748049974,0.362454027983356,0.1186876330524683,0.2677796625306346,0.2,0.5,0.1,1.0
227724,mscoco,0.08440402206033468,0.22465053423154133,0.07054774314165116,0.1762632718495872,0.0,0.0344827586206896,0.1,0.1428571428571428
419828,mscoco,0.02873061769641936,0.1258807290046119,0.025296499021351337,0.12205134111207531,0.1,1.0,0.1,1.0
123166,mscoco,0.25878279134631155,0.3925265660154619,0.27082505971193316,0.4577394647538157,0.0,0.0285714285714285,0.1,0.5
146236,mscoco,0.040902968123555185,0.09471085111170506,0.04276348073035478,0.13264978834397953,0.1,0.1111111111111111,0.1,0.25
264406,mscoco,0.32649251371622084,0.6558916729653815,0.2014232635498047,0.4749201918262387,0.2,0.5,0.2,1.0
311709,mscoco,0.17010608837008476,0.29845389961778995,0.18735543712973596,0.38101975809833005,0.1,1.0,0.5,1.0
54086,mscoco,0.11030738279223443,0.26889073364388044,0.09054581616073847,0.2837628009565013,0.0,0.015625,0.0,0.0042918454935622
124729,mscoco,0.19586043134331704,0.46235936428290636,0.1969902917742729,0.4292961369565486,0.9,1.0,0.8,1.0
521334,mscoco,0.05646134689450264,0.18479693082925666,0.067364470846951,0.16068613173745877,0.1,0.25,0.1,0.5
400309,mscoco,0.04041675496846438,0.13382669613077924,0.05439221039414406,0.16388612091102125,0.0,0.0625,0.1,1.0
385601,mscoco,0.18816583678126336,0.31575885246232843,0.2265894077718258,0.3421980494871062,0.4,0.5,0.5,1.0
39978,mscoco,0.25949145555496217,0.4764104976056173,0.22208185195922853,0.3852408966868551,0.3,0.25,0.3,1.0
444949,mscoco,0.24085822701454163,0.49776055569738076,0.19620714634656905,0.3732499060443418,0.1,0.3333333333333333,0.1,0.2
428178,mscoco,0.11493640989065171,0.32314530298693095,0.08857755921781063,0.23707070169305436,0.0,0.0069930069930069,0.0,0.0131578947368421
120416,mscoco,0.14471743553876876,0.2928219613853791,0.14772504903376102,0.33305633810401275,0.6,1.0,0.8,1.0
52281,mscoco,0.15673778727650642,0.2940260279374043,0.23611016273498536,0.4080901899175141,0.1,0.125,0.2,0.3333333333333333
187592,mscoco,0.15265072844922542,0.367727613708027,0.16121561788022518,0.39955566433228695,0.2,0.25,0.3,1.0
98478,mscoco,0.020277651492506266,0.0701523352753481,0.029402521997690202,0.11289256257326981,0.1,0.1428571428571428,0.1,1.0
471599,mscoco,0.24394623041152955,0.43241635376316934,0.2026139248162508,0.4104843793955752,0.1,0.1666666666666666,0.2,1.0
136232,mscoco,0.07611572071909904,0.21662246705243587,0.13147470243275167,0.25947501727104133,0.0,0.0555555555555555,0.0,0.0833333333333333
270740,mscoco,0.22410022616386413,0.41403392368380554,0.3046626359224319,0.48585815139344896,0.1,1.0,0.5,0.3333333333333333
310536,mscoco,0.38472801744937896,0.6675253286341787,0.5051870614290237,0.7760268002822817,0.2,1.0,0.4,0.5
469515,mscoco,0.02103311181999743,0.06690214482927498,0.02682581078261137,0.08684514346671113,0.0,0.0032051282051282,0.1,0.3333333333333333
251252,mscoco,0.1747675783932209,0.3195939624678315,0.20207579508423806,0.4494485282241885,0.2,0.2,0.4,1.0
560646,mscoco,0.14391756877303125,0.2972613671363356,0.1733927272260189,0.34075179379581405,0.6,1.0,1.0,1.0
36029,mscoco,0.14470394402742387,0.3115003089044931,0.15260041877627373,0.4098650550735675,0.1,0.5,0.1,1.0
302216,mscoco,0.3609814070165157,0.6166602269039756,0.4873692601919174,0.6965902018629898,0.1,0.3333333333333333,0.3,1.0
178156,mscoco,0.12598596662282943,0.353421315556918,0.09146368205547332,0.20902643156211448,0.0,0.0022573363431151,0.0,0.0135135135135135
535604,mscoco,0.294859254360199,0.5374395058252588,0.2999426409602165,0.48793052555472066,0.6,1.0,0.3,0.5
462577,mscoco,0.2699527382850647,0.4421389306001566,0.32210583835840223,0.5410809221110062,0.0,0.0666666666666666,0.4,0.5
360585,mscoco,0.08470682166516781,0.21495777205065217,0.08084960281848907,0.2334531445091951,0.4,0.25,0.6,0.5
336764,mscoco,0.0978859517723322,0.24137062704809253,0.08858218900859356,0.2564372953923621,0.0,0.0128205128205128,0.1,0.1111111111111111
277237,mscoco,0.08407787829637528,0.2456381856007775,0.10032905489206315,0.23816287573190884,0.1,0.1666666666666666,0.2,0.5
11326,mscoco,0.17126029580831528,0.395999620363683,0.17417674511671066,0.49008167973862193,0.1,0.5,0.1,1.0
243443,mscoco,0.09500182382762432,0.2438302825683908,0.09607798941433429,0.2510218747331486,0.2,0.1666666666666666,0.3,0.25
97724,mscoco,0.10918285623192787,0.3132546237016007,0.16720094829797744,0.3175273349115483,0.0,0.0555555555555555,0.3,0.5
248753,mscoco,0.060622000508010386,0.18923661672596928,0.06064055357128382,0.23761057441082092,0.0,0.0277777777777777,0.0,0.0095238095238095
331676,mscoco,0.13933510184288025,0.26322893456071583,0.37619580030441285,0.7938882392080867,0.0,0.0217391304347826,0.1,1.0
169500,mscoco,0.10700971037149429,0.36280753590358983,0.11946024671196938,0.2509956654327138,0.1,0.125,0.2,1.0
475035,mscoco,0.18101843744516372,0.49367436466455844,0.19968469738960265,0.39216820135580255,0.2,0.1428571428571428,0.3,0.3333333333333333
383923,mscoco,0.2681322231888771,0.39499086501083874,0.27416841611266135,0.487209879165677,0.4,0.2,0.4,1.0
330229,mscoco,0.09300110340118409,0.2305287762139194,0.14762669503688813,0.28875276587023596,0.0,0.0476190476190476,0.3,1.0
259421,mscoco,0.17543812990188598,0.4837142805635005,0.23450943678617478,0.43714353995349664,0.1,1.0,0.1,0.2
453558,mscoco,0.1616471942514181,0.41244037589911614,0.18439799621701242,0.39354669810532517,0.1,0.1428571428571428,0.1,1.0
47632,mscoco,0.08381336219608784,0.21655861460268194,0.07360100820660591,0.19406222847461987,0.0,0.0909090909090909,0.1,0.5
556406,mscoco,0.18040931224822998,0.36025271824464694,0.22134683281183243,0.4361619487871307,0.4,1.0,0.4,0.3333333333333333
205563,mscoco,0.2392669975757599,0.3784126831609189,0.231106036901474,0.4433056665874453,0.5,0.25,0.2,1.0
358287,mscoco,0.1685473620891571,0.3610840021272954,0.15448265187442303,0.34383037207393813,0.1,0.1428571428571428,0.3,0.5
172727,mscoco,0.24270916506648063,0.5462423128103203,0.2442062258720398,0.5372291141227526,0.1,1.0,0.1,1.0
274148,mscoco,0.10238474309444427,0.29375188328044294,0.14582008197903634,0.361150550192738,0.0,0.0147058823529411,0.2,0.125
395957,mscoco,0.08585180342197418,0.22139735457621218,0.09860838577151299,0.24030046332484195,0.0,0.0555555555555555,0.2,0.5
27656,mscoco,0.2803418405354023,0.35785767118395734,0.42414095997810364,0.7424761778275544,0.5,1.0,0.9,1.0
535663,mscoco,0.24469414204359055,0.35849868290220455,0.3111406177282333,0.48111018701976765,0.3,0.3333333333333333,0.3,0.3333333333333333
59012,mscoco,0.10850773490965367,0.26375606773875937,0.1694082073867321,0.37316569752678863,0.1,0.5,0.1,1.0
338732,mscoco,0.05527743017300964,0.13563147977880585,0.0340337966568768,0.12537806603493706,0.1,1.0,0.1,1.0
34800,mscoco,0.07148302812129259,0.1540775846817375,0.10280469376593829,0.26711505775954003,0.0,0.027027027027027,0.3,0.5
78290,mscoco,0.12982337772846222,0.2845139506091607,0.24854760318994523,0.47796851249095973,0.0,0.0028328611898017,0.1,0.1428571428571428
34235,mscoco,0.24157723113894464,0.44083269321399987,0.24309833645820617,0.4012488551946589,0.0,0.0344827586206896,0.1,0.5
149993,mscoco,0.0927293099462986,0.24635455604473144,0.10659738220274448,0.3322377148083826,0.1,0.1666666666666666,0.2,1.0
92,drawbench,0.14894902668893337,0.30247692054718023,0.1680065304040909,0.2932695278727482,0.0,0.0769230769230769,0.0,0.0019920318725099
289739,mscoco,0.09087468851357698,0.2761621203142055,0.08433761280030012,0.24272614942529883,0.1,0.1,0.0,0.0217391304347826
11,drawbench,0.18588865101337432,0.5312226567501255,0.15644903145730496,0.3542792275660703,0.0,1.886863655232273e-05,0.0,1.9478748685184465e-05
394681,mscoco,0.04067175276577473,0.12628380695116323,0.051483459398150445,0.12010430504895558,0.1,0.3333333333333333,0.1,0.1428571428571428
404984,mscoco,0.14568528532981873,0.3158778178644818,0.11976480484008789,0.29908952782253834,0.0,0.003831417624521,0.0,0.0095238095238095
95777,mscoco,0.136458932608366,0.3382738951701046,0.18658212944865227,0.4402534489606811,0.2,0.5,0.2,0.25
516158,mscoco,0.019730899878777564,0.055675639075667076,0.02118776962161064,0.07887381817460432,0.0,0.015625,0.1,0.25
223569,mscoco,0.1149838212877512,0.25733910697556867,0.22962780818343162,0.5103054403048257,0.1,1.0,0.3,1.0
107782,mscoco,0.09874750897288323,0.26865720653921055,0.08693813681602477,0.195295132463426,0.1,0.25,0.4,0.5
98881,mscoco,0.018084302451461552,0.0693677317838171,0.0260947035625577,0.0882019026408937,0.1,1.0,0.1,1.0
94045,mscoco,0.25157615542411804,0.3911850171326499,0.2777567431330681,0.49231905317523594,0.3,0.3333333333333333,1.0,1.0
498015,mscoco,0.016762262815609573,0.07607352558153843,0.008519465057179331,0.031163384692406138,0.1,1.0,0.0,0.0526315789473684
451172,mscoco,0.05408410131931305,0.17584149947249653,0.04058223622851074,0.18260504605380695,0.1,0.3333333333333333,0.1,1.0
535211,mscoco,0.0584480170160532,0.17080148900142433,0.05673066917806864,0.14739254337550786,0.1,0.25,0.1,0.5
18476,mscoco,0.03640427486971021,0.13447428626938615,0.04366386914625764,0.13049598215073804,0.1,1.0,0.1,1.0
275930,mscoco,0.08698475882411003,0.23908975800174095,0.11799230352044106,0.30847294013023996,0.0,0.0833333333333333,0.1,1.0
507434,mscoco,0.05377874746918678,0.15383747429902486,0.02930465480312705,0.09782546079780759,0.1,0.25,0.0,0.0020366598778004
29122,mscoco,0.045642702654004094,0.11859164249410159,0.05192697159945965,0.1999679789620921,0.0,0.0769230769230769,0.1,1.0
116204,mscoco,0.13630993887782097,0.263414764962047,0.16438414976000787,0.32498589146706575,0.4,1.0,0.4,0.5
274815,mscoco,0.16337105855345727,0.2844754902609145,0.11187455132603645,0.28145137030187234,0.2,0.25,0.1,0.3333333333333333
507215,mscoco,0.10191567502915859,0.24864127301158923,0.11911255605518818,0.32686489641260796,0.4,0.25,0.2,0.5
559658,mscoco,0.15235749259591103,0.3087203934229797,0.1742063857614994,0.3559443078983781,0.4,0.3333333333333333,0.5,0.5
344157,mscoco,0.7318794369697571,0.865331037172089,0.7898766338825226,0.9090661719362341,1.0,1.0,1.0,1.0
327768,mscoco,0.12255724370479584,0.29444890965434656,0.10443469304591417,0.3491026515845304,0.2,1.0,0.2,1.0
35424,mscoco,0.13444236293435097,0.2908142708322697,0.21055249944329263,0.3333806619554737,0.2,1.0,0.5,1.0
412698,mscoco,0.31743256449699403,0.6028232309947149,0.3073335334658623,0.597014661850616,0.2,1.0,0.1,1.0
502588,mscoco,0.28952548950910567,0.4514657042555373,0.20784929506480693,0.42780387425307526,0.5,0.3333333333333333,0.5,1.0
515527,mscoco,0.10097087863832713,0.34089352523739014,0.09681274369359016,0.3253304045586749,0.1,1.0,0.1,1.0
382958,mscoco,0.14093042761087418,0.28653784259312476,0.14263899773359298,0.28426017594008085,0.0,0.0666666666666666,0.1,0.5
166975,mscoco,0.07259995248168707,0.16649341258828507,0.08236172832548619,0.28856960194667736,0.1,0.5,0.1,0.125
397640,mscoco,0.1958453744649887,0.42296018145136977,0.2539404764771461,0.553877621563646,0.1,0.25,0.1,0.1666666666666666
462880,mscoco,0.04631799887865782,0.1785618037718581,0.035977315809577706,0.16691503736616276,0.1,1.0,0.1,1.0
104808,mscoco,0.07090523019433022,0.18160922481949704,0.05915577067062259,0.1669552659369259,0.1,0.25,0.0,0.05
30235,mscoco,0.27887189388275146,0.44240313520139446,0.3234655514359474,0.5608733773323203,0.3,0.25,0.7,0.5
513219,mscoco,0.03667602818459272,0.11767152064930472,0.04237466612830758,0.1577680539381644,0.1,0.25,0.2,1.0
63,drawbench,0.01956923520192504,0.0747530794111043,0.024092069640755654,0.07414519109549432,0.0,0.0,0.0,0.0
245771,mscoco,0.07612995989620686,0.20286144662014588,0.08889090567827225,0.22754238761150505,0.4,0.5,0.4,1.0
1375,mscoco,0.27917257100343706,0.44803392085891663,0.3973217487335205,0.6327561658301719,0.4,0.5,0.3,0.1666666666666666
167479,mscoco,0.09780471101403236,0.2386069720809567,0.11516382023692132,0.2656058315960492,0.0,0.0232558139534883,0.3,1.0
124874,mscoco,0.07928126119077206,0.2612629230254181,0.06452982388436794,0.16161324625272322,0.1,0.3333333333333333,0.0,0.0056497175141242
506901,mscoco,0.06554159186780453,0.19007613988022098,0.06475183218717576,0.18940474598398999,0.3,0.2,0.5,1.0
519754,mscoco,0.06653184369206429,0.37986445150151316,0.060135464556515215,0.3789820898129294,0.1,1.0,0.1,1.0
336457,mscoco,0.04479379635304213,0.1569723940263387,0.08275473024696112,0.20444847166227773,0.0,0.0526315789473684,0.4,0.25
290974,mscoco,0.0470574788749218,0.16540646753224172,0.041558776143938304,0.14503219209127938,0.1,1.0,0.1,0.3333333333333333
18918,mscoco,0.41739315539598465,0.6728690509627048,0.39117065966129305,0.5743355460112278,1.0,1.0,0.7,0.3333333333333333
153140,mscoco,0.08931181654334068,0.20661254299819248,0.10291410088539124,0.2637478387293541,0.0,0.0769230769230769,0.3,1.0
83481,mscoco,0.034527100063860415,0.14255377317709758,0.06110959965735674,0.13220591424449202,0.2,0.5,0.2,1.0
204473,mscoco,0.03976925387978554,0.13149564896019608,0.0409028978087008,0.10797971114956766,0.0,0.0526315789473684,0.0,0.0476190476190476
419074,mscoco,0.3146326422691345,0.5179040969364993,0.29654031693935395,0.5487102404446331,0.0,0.0357142857142857,0.1,0.125
261235,mscoco,0.09072745591402054,0.20802522998037454,0.15268071219325066,0.4591676753871371,0.0,0.0909090909090909,0.1,1.0
338971,mscoco,0.057416686415672304,0.168347535351843,0.08578965310007333,0.23131333832122272,0.1,0.1,0.1,0.3333333333333333
223183,mscoco,0.2169941782951355,0.3648484028613796,0.2944648966193199,0.5886871585143586,0.9,1.0,0.7,1.0
450711,mscoco,0.1000100053846836,0.2831941750088382,0.10681500397622586,0.39854514180788697,0.1,0.5,0.1,1.0
490187,mscoco,0.33178223818540575,0.6411376920608657,0.316120021045208,0.6182022032124245,0.1,0.5,0.1,0.3333333333333333
564602,mscoco,0.10461614131927491,0.2444584093711524,0.13306924253702163,0.29427036928881506,0.0,0.0188679245283018,0.4,0.5
452201,mscoco,0.10776874087750912,0.2840338413998252,0.07809115927666425,0.21813715505190526,0.0,0.05,0.2,1.0
443334,mscoco,0.20484696701169014,0.3488361709936136,0.25634836256504057,0.5053539889749981,0.3,0.2,0.3,1.0
18075,mscoco,0.20643633157014846,0.45456736437967404,0.2901936933398247,0.43204133872353595,0.4,0.3333333333333333,1.0,1.0
50,drawbench,0.08776180427521467,0.20792758599438074,0.12011663094162942,0.24828056818377706,0.0,0.0,0.0,0.0
86,drawbench,0.06855308432132005,0.1845404833373951,0.0762361184693873,0.2389338484062316,0.1,0.125,0.0,0.0555555555555555
171808,mscoco,0.20482461228966714,0.45613168059016695,0.20471832975745202,0.414594503570261,0.2,0.1428571428571428,0.5,1.0
572487,mscoco,0.10431254468858242,0.286316039375862,0.14977421686053277,0.33692061408219237,0.0,0.037037037037037,0.2,0.1666666666666666
566765,mscoco,0.0640930755995214,0.21083846459671968,0.059119956009089945,0.17430325254291784,0.1,1.0,0.2,0.5
163514,mscoco,0.14804874286055564,0.4111038162271671,0.14971090704202653,0.39155323673875214,0.1,1.0,0.1,1.0
311128,mscoco,0.19328828379511834,0.3947192493297756,0.20446707606315612,0.45883279245940667,1.0,1.0,0.9,1.0
520858,mscoco,0.18468113094568253,0.39158504301291785,0.33441985994577406,0.5431869635656386,0.0,0.0833333333333333,0.5,0.3333333333333333
271051,mscoco,0.045206839218735695,0.16370846378904458,0.05288667939603329,0.14129990784800373,0.1,0.5,0.1,1.0
532933,mscoco,0.11090870574116707,0.24234580987292326,0.09117979742586613,0.25844345207250746,0.0,0.0434782608695652,0.1,1.0
475974,mscoco,0.11625060290098191,0.33088927002622104,0.19444363713264465,0.4314058541913614,0.1,0.3333333333333333,0.0,0.0217391304347826
206731,mscoco,0.1043941305950284,0.3830426755828752,0.10775957647711039,0.33051237921098797,0.1,0.5,0.1,0.3333333333333333
450212,mscoco,0.1298340789973736,0.3030788845042876,0.0937616504728794,0.223747286184321,0.1,1.0,0.1,0.3333333333333333
188478,mscoco,0.1784496374428272,0.30905601677855665,0.17311802580952645,0.3189818048934065,0.4,1.0,0.2,1.0
463944,mscoco,0.05395022593438625,0.140281057466104,0.053519734926521775,0.15946087530573064,0.1,0.1,0.0,0.0294117647058823
521657,mscoco,0.37372183948755267,0.5300811974366478,0.3377161994576454,0.5684825998278119,0.2,1.0,0.1,1.0
310511,mscoco,0.039526494964957234,0.10900837719567028,0.062313472479581834,0.25979111011874956,0.1,0.3333333333333333,0.1,1.0
24859,mscoco,0.081230029463768,0.16074089810841063,0.16406971737742423,0.35603851426507843,0.1,0.1,0.2,1.0
402662,mscoco,0.09292285814881325,0.2615407938688003,0.09784795120358467,0.2424886434444541,0.2,0.25,0.4,1.0
109791,mscoco,0.18723851814866066,0.39765891622915694,0.2143660917878151,0.4479539495185953,0.2,0.3333333333333333,0.3,1.0
62,drawbench,0.1840405933558941,0.364026070000181,0.15222638994455337,0.38814192489052374,0.0,0.0025839793281653,0.0,0.0023809523809523
298190,mscoco,0.13045497611165047,0.32818857596898615,0.20093520656228064,0.4144261722669631,0.1,0.125,0.3,1.0
86065,mscoco,0.44650603979825976,0.7016477231280318,0.556727659702301,0.6691627132909502,0.4,0.5,0.4,0.25
127726,mscoco,0.05647764168679714,0.2758855056829734,0.041516567952930926,0.24316546221506036,0.2,1.0,0.1,1.0
572825,mscoco,0.2378045991063118,0.5188156997253478,0.3100777089595795,0.4511846145567819,0.4,0.5,0.7,1.0
246009,mscoco,0.13939629793167113,0.3179784541907565,0.12604303658008575,0.28178357072502713,0.5,1.0,0.7,1.0
517906,mscoco,0.11238162443041802,0.2761227440898194,0.10363158546388149,0.23986173353189863,0.0,0.0909090909090909,0.1,0.1666666666666666
265256,mscoco,0.1046304065734148,0.3063933972018277,0.10318517126142979,0.2580510728322725,0.0,0.0833333333333333,0.2,1.0
373038,mscoco,0.10994863603264093,0.23379356345584562,0.0917045271024108,0.32849538065490774,0.0,0.0909090909090909,0.1,1.0
53720,mscoco,0.23225154131650924,0.34174471569926457,0.24772294461727143,0.3990073604468604,0.4,0.5,0.8,0.3333333333333333
514116,mscoco,0.058142080716788766,0.17141536856156198,0.0810061015188694,0.28900343352292246,0.0,0.0625,0.3,0.5
395396,mscoco,0.3606696233153343,0.8128990879969807,0.41209250688552856,0.6225849472191236,0.5,1.0,0.8,1.0
118851,mscoco,0.32089702151715754,0.6375020521878293,0.3990839347243309,0.6929228935399873,0.4,1.0,0.6,1.0
198625,mscoco,0.5211493343114852,0.6698772253812478,0.5361207902431488,0.8009910589795232,0.0,0.0333333333333333,0.2,0.2
53,drawbench,0.09117372762411832,0.2037731036504543,0.1312021903693676,0.26947846617951804,0.0,0.0,0.0,0.0
99,drawbench,0.008151622489094734,0.0326024706005547,0.006551863555796444,0.023443790011105255,0.0,0.0,0.0,0.0
132656,mscoco,0.29347010552883146,0.4942311302260178,0.23489299416542053,0.3898858942115066,0.2,0.3333333333333333,0.2,0.5
213276,mscoco,0.04855288360267877,0.14304372205551713,0.030980335734784602,0.10760460705745019,0.1,1.0,0.1,1.0
123974,mscoco,0.10407795682549477,0.2719604571615931,0.15757678002119063,0.25049220274601147,0.5,1.0,0.6,0.5
131,drawbench,0.14360242076218127,0.4488406447559668,0.1577041156589985,0.49448727494195344,0.0,0.0,0.0,0.0
435096,mscoco,0.05273450836539269,0.20822459166571808,0.0592755988240242,0.2153921961755253,0.1,1.0,0.1,1.0
509764,mscoco,0.02855845857411623,0.10187432496110672,0.041645815456286074,0.1011862953232899,0.1,0.5,0.0,0.0454545454545454
204273,mscoco,0.2323396235704422,0.4127625753800511,0.21756419241428376,0.37111352945049697,0.1,0.2,0.1,0.125
299768,mscoco,0.2877508744597435,0.6107261177140639,0.38653564006090163,0.5400016649547417,0.0,0.003012048192771,0.3,0.25
135369,mscoco,0.33494880348443984,0.6493270505732959,0.29485688358545303,0.5763957743837733,0.8,1.0,0.6,1.0
508053,mscoco,0.1379121758043766,0.3118588004452133,0.2504399001598358,0.44524061603876336,0.1,0.2,0.2,0.5
475413,mscoco,0.06900889072567225,0.20586508571139753,0.17116077430546284,0.40431556206491287,0.0,0.0434782608695652,0.0,0.027027027027027
44328,mscoco,0.06438368260860443,0.1974998650346098,0.05552056096494198,0.14130033984575294,0.1,1.0,0.1,0.3333333333333333
127743,mscoco,0.1851160541176796,0.3864609579140606,0.13288013637065887,0.31586196078003054,0.2,1.0,0.2,1.0
316842,mscoco,0.14635334461927413,0.30536843147100473,0.15920336209237576,0.3528250427587551,0.0,0.0769230769230769,0.2,0.5
131075,mscoco,0.10100199170410633,0.24529454123328062,0.12134224027395249,0.28434278448004047,0.0,0.0059171597633136,0.2,1.0
323812,mscoco,0.17172580137848853,0.3800594138026565,0.15447651967406273,0.3544820092664669,0.4,1.0,0.6,1.0
354212,mscoco,0.2189057931303978,0.3587495401019459,0.30545294657349586,0.6933013630736178,0.3,1.0,0.7,1.0
33645,mscoco,0.035742076486349104,0.1256445330075333,0.03317623129114509,0.10303853700924463,0.1,0.5,0.1,0.25
285529,mscoco,0.2940641224384308,0.5513611930643734,0.3181216150522232,0.513623334039607,0.6,0.5,0.7,1.0
52669,mscoco,0.07174726538360118,0.2149348165813826,0.08736212514340877,0.2200902733395418,0.0,0.0416666666666666,0.2,0.5
47328,mscoco,0.1765670321881771,0.44824629910432695,0.15896730422973632,0.41809905373405887,0.4,0.5,0.3,0.3333333333333333
256513,mscoco,0.07675706595182419,0.20030271399373745,0.1915911205112934,0.40268402231123074,0.0,0.0833333333333333,0.3,0.5
561196,mscoco,0.03467744207009673,0.13703465576935728,0.03846114929765463,0.14055180688857008,0.1,1.0,0.1,1.0
411261,mscoco,0.10265743974596261,0.30783794873410913,0.17408574000000954,0.33404106107994086,0.1,1.0,0.1,1.0
578056,mscoco,0.04925475213676691,0.17284030466926797,0.05580954179167748,0.16984541823018476,0.1,0.3333333333333333,0.1,1.0
110926,mscoco,0.13957076519727707,0.29637448880649486,0.28637807071208954,0.5650335875253245,0.0,0.0204081632653061,0.1,1.0
290175,mscoco,0.01634390796534717,0.050688783287787066,0.020349674532189964,0.0785434262521133,0.4,0.2,0.6,1.0
295589,mscoco,0.08310386165976524,0.22028772338710645,0.09904285781085491,0.2753066051840086,0.0,0.0028735632183908,0.0,0.0025316455696202
442478,mscoco,0.1389095440506935,0.3036799679832519,0.22856583967804908,0.40394078458267707,0.0,0.0108695652173913,0.0,0.0153846153846153
267598,mscoco,0.24853653460741043,0.47727472242099683,0.2880769491195679,0.5702998536105532,0.3,1.0,0.4,1.0
386424,mscoco,0.103635760769248,0.2442956534578886,0.08412486072629691,0.20331634988604755,0.2,0.3333333333333333,0.1,0.1666666666666666
10727,mscoco,0.14636893011629581,0.303098989084523,0.2111485168337822,0.5012150077333591,0.0,0.0454545454545454,0.1,0.1
7452,mscoco,0.26945803314447403,0.3860412447964762,0.3702046737074852,0.5259491369605273,0.2,0.1666666666666666,0.5,0.5
322560,mscoco,0.08775549866259098,0.24897622364864624,0.0770305771380663,0.21178841515120583,0.3,0.25,0.4,1.0
185849,mscoco,0.0654593713581562,0.15800869403334133,0.07761404886841775,0.2591957940887632,0.1,0.1666666666666666,0.0,0.0067567567567567
459827,mscoco,0.03323633577674627,0.10597009321325469,0.050810448825359344,0.1685914053817921,0.0,0.0769230769230769,0.3,0.5
415840,mscoco,0.11211583912372589,0.2702705896951634,0.11341881081461906,0.22668597880291197,0.0,0.0303030303030303,0.0,0.0057471264367816
206274,mscoco,0.1601320758461952,0.4276859988846061,0.15288197211921215,0.43614241305951046,0.1,1.0,0.2,1.0
239888,mscoco,0.2214702144265175,0.436688411831624,0.2625675514340401,0.5099008594043083,0.1,0.3333333333333333,0.6,0.5
120,drawbench,0.12142623141407967,0.28646087666684783,0.12114888727664948,0.2953707321745301,0.0,0.0,0.0,0.0
309169,mscoco,0.0848829761147499,0.19986789806531843,0.14349083229899406,0.31918582198753687,0.0,0.04,0.2,0.5
112996,mscoco,0.11396650783717632,0.4413794135522537,0.11575334370136262,0.43685568639608746,0.1,1.0,0.1,1.0
459343,mscoco,0.19477865174412728,0.4590466405729609,0.2041384384036064,0.48153161687530854,0.4,1.0,0.7,1.0
471488,mscoco,0.16922131776809693,0.3643252139930458,0.16506921276450157,0.31189045769766083,0.0,0.0024213075060532,0.0,0.025
252919,mscoco,0.3368692219257355,0.5181378405029922,0.3791712820529938,0.5676425922947044,0.3,1.0,0.4,0.5
7945,mscoco,0.11848533768206834,0.3048706418669098,0.1220234263688326,0.3897974686299978,0.0,0.0625,0.1,1.0
162215,mscoco,0.32419304400682447,0.6041254858806853,0.33624064475297927,0.5557264887850224,0.4,0.5,0.6,1.0
193889,mscoco,0.056390493735671045,0.15866983126384676,0.12314397096633911,0.2989184935781595,0.0,0.0070422535211267,0.1,1.0
46,drawbench,0.08603403028100728,0.22792389787004916,0.1153411865234375,0.2608461402794935,0.0,0.0,0.0,0.0
30,drawbench,0.04795004967600107,0.2205515196528239,0.04082346167415381,0.15235896702531668,0.0,0.0,0.0,0.0
386864,mscoco,0.04946499923244119,0.1715756052001506,0.04312364514917135,0.1330057253993987,0.1,0.25,0.2,0.25
232287,mscoco,0.05853844545781613,0.1613525644464475,0.06142473295331001,0.1769109064211095,0.0,0.0204081632653061,0.1,0.5
241027,mscoco,0.43773824274539946,0.7037138545487314,0.3647760167717934,0.41170461736064257,0.6,0.3333333333333333,0.3,0.1666666666666666
213795,mscoco,0.137950461730361,0.41521159688027887,0.2072472505271435,0.31444486430155344,0.1,0.25,0.2,0.25
12059,mscoco,0.04144823672249913,0.18125501462165897,0.03588899730239063,0.19177016260483826,0.1,1.0,0.1,1.0
162753,mscoco,0.23734179735183716,0.6251245374320399,0.2398251101374626,0.3890307184616629,0.2,1.0,0.0,0.0555555555555555
425458,mscoco,0.08054054528474808,0.2628403129856561,0.11530476361513138,0.2826493430112307,0.2,0.5,0.4,0.3333333333333333
368956,mscoco,0.20543800070881843,0.335963093744891,0.15438623428344728,0.32098227375920013,0.1,0.1,0.0,0.0526315789473684
496410,mscoco,0.08827500008046626,0.23448769190504562,0.08548614270985126,0.2594357655327438,0.1,0.1111111111111111,0.2,0.5
532612,mscoco,0.1440384142100811,0.3166966318454249,0.12010459154844284,0.2870742037999174,0.1,1.0,0.0,0.0625
230837,mscoco,0.17076145857572556,0.3379069215592305,0.2051367588341236,0.4215719884401834,0.0,0.0196078431372549,0.0,0.0769230769230769
460882,mscoco,0.29585424065589905,0.520517073800579,0.3497985914349556,0.5050487199960543,0.4,0.5,0.3,0.5
485852,mscoco,0.06602238193154335,0.1917505894823751,0.13684301376342772,0.24771313220644917,0.1,0.3333333333333333,0.0,0.0416666666666666
72342,mscoco,0.2609544903039932,0.4019167951120004,0.2557732626795769,0.4631241455372869,0.2,1.0,0.1,0.2
81017,mscoco,0.1297024145722389,0.2718871844589983,0.1344282977283001,0.30988844952173067,0.0,0.0909090909090909,0.1,0.125
401828,mscoco,0.11462211087346078,0.25161860167670047,0.12177653014659881,0.31381064292406574,0.2,0.1666666666666666,0.2,1.0
554138,mscoco,0.12768425419926643,0.2659226947708785,0.23742178082466125,0.5124720501299295,0.0,0.0666666666666666,0.1,0.1111111111111111
321742,mscoco,0.2984026730060577,0.48955107876508347,0.21797355264425278,0.4513291104588084,0.4,1.0,0.7,1.0
574384,mscoco,0.19693870097398758,0.3433893298754717,0.19186370223760604,0.38680021282963795,0.0,0.002020202020202,0.0,0.0014306151645207
446557,mscoco,0.1342963997274637,0.3243796843305773,0.12679670788347722,0.2849120563425859,0.1,0.1428571428571428,0.0,0.05
253498,mscoco,0.10801114328205585,0.2491651544648247,0.2182869829237461,0.5573422335566076,0.1,0.3333333333333333,0.4,0.25
448251,mscoco,0.08105087243020534,0.23039687095915412,0.07789592742919922,0.20782310903828213,0.1,0.5,0.0,0.0188679245283018
116622,mscoco,0.5728440105915069,0.7233727737954774,0.5695633918046952,0.799718203625024,0.3,1.0,0.3,0.3333333333333333
486899,mscoco,0.20113200843334197,0.355312751385054,0.19141533300280572,0.37914543477914064,0.2,1.0,0.0,0.0178571428571428
59295,mscoco,0.14095181822776795,0.32188346077946656,0.14301698356866838,0.40717504842366914,0.1,1.0,0.1,0.2
289012,mscoco,0.10703591741621495,0.2572245951459665,0.07733539268374442,0.24974558716850304,0.1,0.2,0.1,1.0
435902,mscoco,0.25915210992097854,0.44893185235853666,0.3143362209200859,0.4759031575925526,0.2,0.25,0.6,1.0
480518,mscoco,0.17960216403007506,0.44126118750742316,0.15347618758678436,0.3971026976048871,0.5,0.5,0.4,1.0
39272,mscoco,0.26769196093082426,0.5908403570548233,0.23551239930093287,0.6609943948922273,0.1,0.5,0.1,1.0
558579,mscoco,0.07270723544061183,0.24658570025631726,0.08097710236907005,0.21175409788790842,0.2,1.0,0.2,0.2
143348,mscoco,0.18005288392305374,0.3731870820382571,0.21849617809057237,0.45866230647498984,0.1,1.0,0.4,0.2
16961,mscoco,0.06923506129533052,0.17914074356218002,0.057574469782412055,0.20040484126280833,0.1,0.5,0.1,0.1428571428571428
489939,mscoco,0.08012051694095135,0.21255984253241167,0.14601394906640053,0.3667995425946593,0.0,0.0116279069767441,0.1,0.3333333333333333
185281,mscoco,0.17170421816408635,0.5862245918030278,0.1938375199213624,0.5662745722805098,0.2,1.0,0.2,1.0
500622,mscoco,0.06618507616221905,0.20873764607754097,0.07423344291746617,0.19137402730094052,0.1,1.0,0.1,0.5
220772,mscoco,0.20963649302721024,0.48987115567772327,0.14612698815762998,0.39358383840560496,0.0,0.0060240963855421,0.0,0.0068965517241379
550400,mscoco,0.1383570570498705,0.4009157896644004,0.15799940433353185,0.425343188581413,0.2,1.0,0.2,1.0
378906,mscoco,0.25905548185110094,0.3613877761145222,0.19762299656867982,0.43558707768282817,0.0,0.0769230769230769,0.1,1.0
542111,mscoco,0.1453113429248333,0.32560828626205396,0.27416954189538956,0.5015976678099188,0.1,0.1,0.0,0.0666666666666666
3217,mscoco,0.3410251036286354,0.657050900031574,0.4073706641793251,0.5364745249217803,0.4,1.0,0.4,0.5
96625,mscoco,0.056926097720861435,0.17800527562228485,0.09570715427398682,0.23372097634844105,0.1,0.5,0.4,1.0
60328,mscoco,0.34625375270843506,0.5508776255064762,0.45570906102657316,0.639295529127756,0.1,0.1666666666666666,0.3,0.1666666666666666
402287,mscoco,0.08481318894773722,0.26082652814381013,0.08514313511550427,0.23500185330755186,0.3,1.0,0.4,0.25
517909,mscoco,0.06588018648326396,0.1848420032839918,0.060650427266955374,0.22123882635560735,0.1,0.5,0.0,0.0285714285714285
113233,mscoco,0.16335102096199988,0.2894510447927253,0.25554791241884234,0.40166712051429737,0.0,0.0072463768115942,0.1,1.0
77181,mscoco,0.05061987191438675,0.15508649618333642,0.052631115354597566,0.15192062676397816,0.1,0.5,0.0,0.0024752475247524
371243,mscoco,0.15777755081653594,0.35408295112722116,0.24785500913858413,0.4999132980327347,0.0,0.0666666666666666,0.8,1.0
146656,mscoco,0.10099823549389839,0.23732311690411323,0.10071545802056789,0.22545090260887812,0.1,0.2,0.0,0.0666666666666666
430688,mscoco,0.0316190427634865,0.09970725912868389,0.03310835286974907,0.13269678860794384,0.1,0.25,0.1,1.0
143449,mscoco,0.21061760932207108,0.4312464927352973,0.21821705549955367,0.4624066024099179,0.5,1.0,0.3,1.0
57433,mscoco,0.23618614599108695,0.39900404489128644,0.33791705071926115,0.5796777769662209,0.1,0.2,0.0,0.0769230769230769
298736,mscoco,0.09494231641292572,0.2154953087307165,0.13667650744318963,0.37856347512077876,0.1,1.0,0.4,1.0
406550,mscoco,0.19334774240851402,0.3716543353731566,0.12074437066912651,0.2586598198865802,0.1,0.1428571428571428,0.0,0.037037037037037
561903,mscoco,0.06597329154610634,0.19982354890415754,0.048377055674791336,0.15492955272269893,0.0,0.0476190476190476,0.1,1.0
227699,mscoco,0.43063569217920306,0.7378923332698255,0.42330660223960875,0.7481580454906027,0.4,1.0,0.4,0.5
59821,mscoco,0.15862113162875174,0.35905121886517144,0.14753405153751373,0.3265729646008982,0.0,0.0083333333333333,0.0,0.04
265612,mscoco,0.1581504363566637,0.45224465879572234,0.1215141024440527,0.450794377284519,0.3,1.0,0.2,1.0
24591,mscoco,0.08352143950760364,0.20464987905400325,0.15806239023804664,0.39825831632635406,0.0,0.0714285714285714,0.3,0.5
71,drawbench,0.06475927140563727,0.20867749730508023,0.0512443857267499,0.17020259472616914,0.0,0.000432525951557,0.0,0.0008771929824561
35,drawbench,0.27415222525596616,0.5610089450391902,0.3208342961966991,0.5032046545333309,0.0,0.0454545454545454,0.0,0.0133333333333333
317833,mscoco,0.1373247727751732,0.25509716856052106,0.14605231769382954,0.3262804024012027,0.1,0.25,0.0,0.0454545454545454
544583,mscoco,0.14699216037988663,0.29825698916505283,0.31147451400756837,0.4920692685372435,0.0,0.0666666666666666,0.7,0.5
514544,mscoco,0.09338653087615967,0.24534824454930787,0.1028944879770279,0.2805884377787367,0.5,1.0,0.4,1.0
160199,mscoco,0.09988724663853646,0.2575256153856136,0.126026501506567,0.314515055363803,0.1,0.125,0.3,0.5
156445,mscoco,0.1692638248205185,0.5073659916781847,0.20881947353482247,0.39803164755953774,0.2,1.0,0.4,1.0
46686,mscoco,0.04523558644577861,0.1495224471775718,0.04999559679999947,0.13906579878332928,0.2,1.0,0.2,0.3333333333333333
563457,mscoco,0.06923028603196144,0.2518923407270638,0.08398722745478153,0.22915572099891662,0.2,0.5,0.2,1.0
520848,mscoco,0.14556721225380898,0.3326611033980572,0.18978926315903663,0.432108462073551,0.4,1.0,0.5,0.25
433992,mscoco,0.09869836755096913,0.2337324222691782,0.1190504066646099,0.2769683150856583,0.0,0.0031746031746031,0.1,0.1666666666666666
415464,mscoco,0.17154502123594284,0.35187117319962363,0.08093630522489548,0.25160089326012025,0.0,0.0136986301369863,0.0,0.0045871559633027
62543,mscoco,0.16637468934059144,0.30378128068529625,0.24551746472716332,0.4338948024871083,0.3,0.2,0.7,0.5
123175,mscoco,0.2840434119105339,0.6030091530590289,0.3285955026745796,0.573866679468273,0.4,1.0,0.3,1.0
65383,mscoco,0.3315957210958004,0.5707905537716756,0.5615546375513076,0.7505865630324791,0.3,0.5,1.0,1.0
544001,mscoco,0.11229714900255203,0.2512534783680269,0.16039979979395866,0.31900075625956037,0.4,1.0,0.2,0.1428571428571428
41104,mscoco,0.27562952488660813,0.4956607836761927,0.2669371858239174,0.48071916731027975,0.5,1.0,0.5,1.0
355193,mscoco,0.7629217207431793,0.8369192278142885,0.7725161433219909,0.8853024843589341,1.0,1.0,1.0,1.0
500940,mscoco,0.012642933893948794,0.0592305674338466,0.024226218368858098,0.07985180237130939,0.1,1.0,0.1,0.5
429142,mscoco,0.09543433412909508,0.2568672487556001,0.09283141642808915,0.3015685340179397,0.0,0.01,0.1,1.0
125252,mscoco,0.09200085215270519,0.23994898609542298,0.10424124225974082,0.2763343354139802,0.2,0.5,0.2,0.5
14683,mscoco,0.16841842830181122,0.3647861711916842,0.19813139587640763,0.3690893802948321,0.2,1.0,0.3,1.0
109,drawbench,0.04126682784408331,0.1396004867309603,0.04697530278936028,0.14507521215197103,0.1,0.1428571428571428,0.0,0.0135135135135135
391662,mscoco,0.07299309466034173,0.19387131434485325,0.0792961984872818,0.21807137934326382,0.1,0.25,0.4,0.5
409131,mscoco,0.06861070040613412,0.19015517269752613,0.14189914539456366,0.3471822372736341,0.2,0.5,0.4,1.0
478880,mscoco,0.3091299518942833,0.5007819233184279,0.3406845837831497,0.5724402945011939,0.0,0.05,0.2,0.5
230972,mscoco,0.0382677948102355,0.13149007999359622,0.053840412944555285,0.16756345912633772,0.1,1.0,0.1,0.3333333333333333
233093,mscoco,0.02190456255339086,0.08213329750130383,0.027466988237574697,0.0871984399220034,0.0,0.0064102564102564,0.0,0.0023364485981308
143,drawbench,0.013022327842190862,0.03819033700586076,0.004915334796532988,0.021583071679533973,0.0,0.0,0.0,0.0
59918,mscoco,0.1332085058093071,0.3680590511982184,0.21370902881026269,0.4172827626453559,0.2,1.0,0.7,1.0
575958,mscoco,0.13023059889674188,0.32780408909622016,0.16130413860082626,0.35487037019283774,0.0,0.0101010101010101,0.1,0.5
381160,mscoco,0.6600003838539124,0.7679666971941298,0.4387786462903023,0.6762377577693998,0.0,0.0714285714285714,0.1,0.5
229067,mscoco,0.2776100240647793,0.40097000655393666,0.37279499471187594,0.5929117865621618,0.6,0.3333333333333333,0.6,1.0
412780,mscoco,0.026168216206133365,0.10777843345412728,0.055219846218824385,0.14642612429072166,0.0,0.0476190476190476,0.2,0.1428571428571428
515655,mscoco,0.1717304989695549,0.319872769793938,0.12369988448917865,0.2935076813147673,0.0,0.0526315789473684,0.1,0.25
385037,mscoco,0.23241286501288413,0.49110078088635617,0.2869596123695374,0.5299724483017717,0.6,1.0,0.6,0.5
30281,mscoco,0.23860240131616592,0.5226059999577993,0.315293125808239,0.49318503776308903,0.4,0.3333333333333333,0.5,0.3333333333333333
85472,mscoco,0.38709830641746523,0.6083586038033799,0.4243480235338211,0.7577140291919761,0.8,1.0,0.9,1.0
262146,mscoco,0.07231208793818951,0.19144770281826118,0.11783917024731635,0.26237027782093203,0.0,0.0833333333333333,0.5,1.0
85155,mscoco,0.3274216778576374,0.6386790217317285,0.31176227554678915,0.6236037722923217,0.4,1.0,0.3,0.5
406250,mscoco,0.2881010130047798,0.6235190161988593,0.34459085017442703,0.6836371568671307,0.3,1.0,0.5,0.5
172143,mscoco,0.1147663788869977,0.26420422777244384,0.1357136692851782,0.37656971873494577,0.0,0.0625,0.1,0.5
455667,mscoco,0.36167316436767577,0.5854031284134672,0.45442221462726595,0.6910979178256981,0.3,0.2,0.6,1.0
169006,mscoco,0.2505215808749199,0.3687246010895119,0.29214925318956375,0.6894936828321581,0.2,0.5,0.4,0.5
173109,mscoco,0.07554054223001003,0.26711342453454734,0.09964397065341472,0.2740131860075642,0.1,1.0,0.2,1.0
192322,mscoco,0.27995325326919557,0.5128306209838629,0.3030595675110817,0.5380335006024562,0.9,1.0,0.8,1.0
222266,mscoco,0.09276259019970894,0.2753269116398971,0.07279780954122543,0.25795355748850207,0.3,1.0,0.3,1.0
325806,mscoco,0.17376590594649316,0.370005198041584,0.22236679568886758,0.4988049327845818,0.2,1.0,0.5,0.3333333333333333
449537,mscoco,0.18206778168678284,0.4964679215258293,0.1927181825041771,0.38833676426840774,0.0,0.00625,0.0,0.0555555555555555
145284,mscoco,0.12624309733510017,0.3120526247717293,0.11577210538089275,0.3667423261875522,0.1,0.5,0.0,0.0909090909090909
465058,mscoco,0.4074885994195938,0.6097719867661978,0.5900278687477112,0.781817831250382,0.3,0.5,0.9,1.0
165893,mscoco,0.039165977574884894,0.14395856960834186,0.04979563131928444,0.15840830428818709,0.1,1.0,0.1,1.0
537157,mscoco,0.15700771734118463,0.3212235811069784,0.18239103332161904,0.5813238037805075,0.0,0.0909090909090909,0.1,1.0
426323,mscoco,0.025541782565414905,0.0977653781706962,0.029060251731425523,0.098720520511044,0.1,1.0,0.1,1.0
92280,mscoco,0.25633546710014343,0.50590120845508,0.22333309277892113,0.5085823633083764,0.2,1.0,0.4,1.0
319118,mscoco,0.21583749502897262,0.5337048010588296,0.2309603735804558,0.42948893844511016,0.3,1.0,0.5,0.5
234713,mscoco,0.29031798988580704,0.5481418472251327,0.24760958030819893,0.43737153496015274,0.9,1.0,1.0,1.0
379165,mscoco,0.30608164742588995,0.5238440386417823,0.2550469573587179,0.6018304792463386,0.1,0.125,0.3,1.0
26551,mscoco,0.09970024228096008,0.21731056340903024,0.12358407229185105,0.3154124925206659,0.0,0.0303030303030303,0.3,1.0
280242,mscoco,0.0777218345552683,0.1803839011833329,0.13582223504781724,0.2808582025507128,0.2,0.2,0.1,0.1111111111111111
260307,mscoco,0.060636932402849196,0.22138523004685356,0.08660170622169971,0.1793942113708458,0.0,0.0070422535211267,0.0,0.0526315789473684
433168,mscoco,0.1677235398441553,0.4295523332501887,0.13622448183596134,0.3854265886425743,0.3,1.0,0.3,1.0
319043,mscoco,0.12793155051767827,0.2634284119340508,0.17355894967913627,0.2960603853323527,0.1,0.25,0.3,0.25
381994,mscoco,0.08640696257352828,0.30543425795020546,0.10599019639194011,0.2024199361099569,0.0,0.0151515151515151,0.1,0.25
206044,mscoco,0.16241632476449014,0.3674806670341601,0.1571698784828186,0.35048490803418997,0.1,1.0,0.1,1.0
211312,mscoco,0.06951980032026768,0.17155056631227503,0.08446371369063854,0.20894190413915914,0.0,0.0188679245283018,0.1,1.0
42196,mscoco,0.1601493813097477,0.27656569913327544,0.20218136310577392,0.3643362108626927,0.0,0.0833333333333333,0.6,1.0
497096,mscoco,0.14026139713823796,0.3286301345691154,0.24534168988466262,0.41470256386494225,0.1,0.1666666666666666,0.4,0.2
81,mscoco,0.5835199996829032,0.7541267538723362,0.5933897823095322,0.8376033689324067,0.0,0.0119047619047619,0.0,0.0256410256410256
486123,mscoco,0.06850958354771138,0.17338656714453057,0.06054878085851669,0.16889716400409244,0.0,0.0476190476190476,0.1,0.125
322,mscoco,0.05311352163553238,0.14266167122186543,0.06279437951743602,0.20288062873998988,0.1,0.1666666666666666,0.1,0.125
493294,mscoco,0.25682744905352595,0.5188205453907333,0.24451701194047928,0.43839592416947615,0.0,0.005,0.2,0.1428571428571428
187090,mscoco,0.15698242783546448,0.2707923210305145,0.23279236555099486,0.47613333619904313,0.6,0.25,0.8,1.0
372902,mscoco,0.05633073402568698,0.18898760077984567,0.05299075171351433,0.18084398742871838,0.1,1.0,0.1,1.0
293979,mscoco,0.21967789009213448,0.5116390582382109,0.2506882041692734,0.39811354935890797,0.3,1.0,0.3,0.5
417090,mscoco,0.03379515334963799,0.11060385594873648,0.08277686517685652,0.2317161800044239,0.0,0.0109890109890109,0.1,1.0
422172,mscoco,0.03901743264868855,0.12351119881996772,0.04533965494483709,0.17055754419782784,0.1,0.5,0.1,1.0
280988,mscoco,0.07992201000452041,0.19203979903065435,0.05431639477610588,0.23451573418006877,0.1,0.25,0.1,1.0
227558,mscoco,0.06341256722807884,0.19526821543651218,0.06367413066327572,0.21339669114344395,0.6,0.5,0.9,1.0
348006,mscoco,0.05031799953430891,0.1692479729159078,0.06393452100455761,0.2660261339800425,0.1,0.25,0.1,1.0
166716,mscoco,0.13547177612781525,0.2952081881387492,0.21304396241903306,0.34815819827421474,0.0,0.0625,0.0,0.0138888888888888
124018,mscoco,0.2855675041675568,0.5246233594660288,0.4193046823143959,0.7040328721548592,0.4,1.0,0.7,1.0
373792,mscoco,0.15651861000806094,0.42474429192354707,0.22646752297878264,0.403799896896574,0.5,1.0,0.7,0.5
334364,mscoco,0.09627613872289657,0.23574393744695957,0.10743795540183783,0.43582429486812185,0.1,0.2,0.1,1.0
196473,mscoco,0.031153666973114013,0.09485131851398106,0.03436679858714342,0.10904889576793293,0.7,1.0,0.6,1.0
361866,mscoco,0.23885719776153563,0.3185873782702371,0.224486742913723,0.5311813193234279,0.1,0.1,0.4,0.5
468932,mscoco,0.07223056387156249,0.20332984078486493,0.08715614899992943,0.2752870944662665,0.1,0.1428571428571428,0.1,0.5
447354,mscoco,0.28204112499952316,0.5530132720411642,0.29325592070817946,0.6433662110471591,0.3,1.0,0.2,1.0
85846,mscoco,0.18425443805754185,0.3845886933199169,0.0964871522039175,0.20564352800674107,0.1,1.0,0.0,0.0035971223021582
173631,mscoco,0.16888400092720984,0.37699432878392747,0.15969255417585373,0.4155532344957753,0.1,1.0,0.3,1.0
266805,mscoco,0.08738920837640762,0.20431791103029065,0.10501107051968575,0.2589741600892875,0.0,0.0256410256410256,0.3,1.0
299662,mscoco,0.21576494127511978,0.4974825681869844,0.1859123058617115,0.3145063992813956,0.0,0.0666666666666666,0.0,0.0068027210884353
569520,mscoco,0.08205744884908199,0.25012608828900856,0.1025247659534216,0.23314511909441318,0.1,0.125,0.2,1.0
193,drawbench,0.040930597297847274,0.1377989458053312,0.020191341429017483,0.05734535405462301,0.0,0.0,0.0,0.0
205356,mscoco,0.05487808622419834,0.13216356228384707,0.10666343420743943,0.2863492614335914,0.0,0.0555555555555555,0.1,0.1666666666666666
119,drawbench,0.07598989009857178,0.18971752503838032,0.04614761313423514,0.13183397694457663,0.0,0.0,0.0,0.0
394814,mscoco,0.08697951454669237,0.18027119969806593,0.08434641472995281,0.21512566193567398,0.0,0.0384615384615384,0.2,0.25
204940,mscoco,0.23352004662156106,0.35707735982402194,0.33769111782312394,0.5647429599576179,0.2,0.3333333333333333,0.3,1.0
167740,mscoco,0.2242784708738327,0.5761754179542756,0.22474282532930373,0.4730563864892223,0.0,0.0769230769230769,0.1,0.2
544590,mscoco,0.29994874745607375,0.5678809446490971,0.20892375856637954,0.5786549367038535,0.5,0.5,0.4,1.0
344974,mscoco,0.18563242815434933,0.5973640957278862,0.12199404463171959,0.3603109132431147,0.1,1.0,0.1,0.3333333333333333
440434,mscoco,0.04420727463439107,0.17350159612216076,0.06631855629384517,0.20210827728423414,0.1,1.0,0.1,0.1666666666666666
30752,mscoco,0.13740225434303283,0.3422237999506026,0.14516157060861587,0.34767884004778715,0.4,1.0,0.6,1.0
288975,mscoco,0.1100999180227518,0.2812460328757461,0.14075928255915643,0.3183819994784516,0.0,0.0114942528735632,0.1,0.2
45966,mscoco,0.017767849564552306,0.06925701284353562,0.016100382967852055,0.05133472492284493,0.1,1.0,0.0,0.037037037037037
136042,mscoco,0.09308270923793316,0.2681644497530475,0.08516551814973354,0.17721114291165263,0.1,0.25,0.1,0.1428571428571428
369514,mscoco,0.16324317082762718,0.3416099144596331,0.1860070124268532,0.3386075557369404,0.1,1.0,0.0,0.0666666666666666
483525,mscoco,0.15465901270508767,0.3783857140092058,0.17568853124976158,0.33343858743408,0.2,0.1666666666666666,0.3,1.0
280347,mscoco,0.08948740959167481,0.22613117716253825,0.08363506048917771,0.24332333322170055,0.3,1.0,0.5,1.0
411343,mscoco,0.18167372345924376,0.3438872851175918,0.23776218444108962,0.43830576060586385,0.3,0.1428571428571428,0.8,0.5
567803,mscoco,0.6391964763402939,0.8210572969343282,0.6565110176801682,0.8215678350606025,0.2,0.3333333333333333,0.3,1.0
217458,mscoco,0.020370618207380176,0.08238129996435745,0.025703454110771417,0.08939782345506318,0.1,0.1666666666666666,0.1,1.0
166430,mscoco,0.10834278874099254,0.2622585444496517,0.10806121788918972,0.2560596800302665,0.1,0.3333333333333333,0.0,0.0666666666666666
556597,mscoco,0.18633660823106765,0.37781642327062714,0.21609691232442857,0.36991966918754,0.0,0.0434782608695652,0.3,0.25
365556,mscoco,0.5422430545091629,0.750699179059847,0.5588535606861115,0.8211477305404602,0.3,1.0,0.3,0.5
20987,mscoco,0.13756209686398507,0.32772668218163353,0.17659508734941481,0.3498905803058807,0.0,0.0263157894736842,0.1,1.0
162031,mscoco,0.02925114342942834,0.12317429935023137,0.028683643229305743,0.10605530396675454,0.2,1.0,0.2,1.0
485955,mscoco,0.022185117844492196,0.08991197112526451,0.02852171892300248,0.10094717904148279,0.1,0.3333333333333333,0.1,1.0
202307,mscoco,0.196441213786602,0.36649250901523645,0.21765640676021575,0.49089709120538744,0.5,0.5,0.9,1.0
502126,mscoco,0.09290150068700313,0.22931827232885071,0.15027432031929494,0.4160491818621175,0.0,0.0666666666666666,0.1,0.1
10130,mscoco,0.05256605818867684,0.2052742051762192,0.0353727163746953,0.17758097154153515,0.1,1.0,0.1,1.0
33489,mscoco,0.05194718930870294,0.1500818097255333,0.05951991677284241,0.14760069882407786,0.1,0.5,0.1,0.2
167152,mscoco,0.3190644308924675,0.5114788460127212,0.29198351204395295,0.5207529461271565,0.0,0.0294117647058823,0.0,0.0188679245283018
554207,mscoco,0.0830191694200039,0.21277130291943755,0.1694487527012825,0.3746797864927755,0.1,1.0,0.2,0.3333333333333333
162827,mscoco,0.46856742203235624,0.7751293181499594,0.4349301740527153,0.7332726484740485,0.1,1.0,0.3,1.0
329217,mscoco,0.08334696479141712,0.2879869363779496,0.08196428827941418,0.2582997012351331,0.1,1.0,0.1,1.0
187194,mscoco,0.0878242652863264,0.199801941928131,0.1139537014067173,0.24149600639679245,0.1,0.5,0.2,1.0
374357,mscoco,0.21408449076116084,0.4378902221089458,0.28578353896737096,0.4475950344822707,0.5,1.0,0.9,1.0
240976,mscoco,0.11546563059091568,0.29450329121384533,0.09934333637356758,0.2853435924771478,0.1,0.3333333333333333,0.0,0.0666666666666666
558171,mscoco,0.20265104323625566,0.574987510677394,0.2461540073156357,0.5024170130785524,0.0,0.0068965517241379,0.0,0.0625
126714,mscoco,0.01591262212023139,0.050354798182825185,0.03827133122831583,0.13471702358986376,0.0,0.0006361323155216,0.1,0.2
132652,mscoco,0.40986964851617813,0.7577100747685418,0.47578476965427396,0.5675946398278164,0.7,1.0,0.8,1.0
87272,mscoco,0.07530188597738743,0.4146718839531661,0.09811589159071446,0.4459068792650997,0.1,1.0,0.2,1.0
18973,mscoco,0.10973359309136868,0.23730867951589663,0.12477248087525368,0.28877578481366295,0.2,1.0,0.0,0.0833333333333333
214261,mscoco,0.2318243309855461,0.5255499121288072,0.22523297257721425,0.4229866126807298,0.3,1.0,0.3,1.0
44136,mscoco,0.05243856133893132,0.14548817499100428,0.04172512297518551,0.15808981641463601,0.1,0.1,0.0,0.0769230769230769
204020,mscoco,0.009283749829046428,0.035407144176369615,0.012674487894400954,0.05213685818483705,0.0,0.0088495575221238,0.1,0.3333333333333333
226848,mscoco,0.2919637367129326,0.46363773225039456,0.27955412715673444,0.49360696503978785,0.3,0.1666666666666666,0.7,1.0
303570,mscoco,0.18594310879707338,0.34404779197630886,0.16435637883841991,0.30585222576849785,0.1,0.1111111111111111,0.0,0.0909090909090909
399983,mscoco,0.21359335035085678,0.31586967021990997,0.2912424638867378,0.5747219005617703,0.1,0.125,0.3,1.0
168843,mscoco,0.1302330743521452,0.35602660088917626,0.14444435313344,0.326574616305985,0.2,1.0,0.2,1.0
369074,mscoco,0.1707536805421114,0.4807617247816162,0.1589222550392151,0.48787442061198216,0.1,1.0,0.2,1.0
364487,mscoco,0.13477860316634177,0.27631637119171176,0.1665938526391983,0.3805725048688281,0.0,0.0085470085470085,0.0,0.0051282051282051
232546,mscoco,0.0397016360424459,0.12224317800099824,0.04092341465875506,0.11696633249058148,0.1,0.5,0.0,0.0052910052910052
159,drawbench,0.012253047060221433,0.0488309044937239,0.009588543768040836,0.037499144050051475,0.0,9.588095420725627e-06,0.0,1.7944300890037325e-05
329336,mscoco,0.12819707952439785,0.3205338125636951,0.18065382689237594,0.3778980803295491,0.0,0.0476190476190476,0.0,0.0769230769230769
229481,mscoco,0.04093878548592329,0.15051756655908116,0.08622797280550003,0.20739733183891007,0.0,0.04,0.2,0.25
528575,mscoco,0.21740755438804626,0.4631870328518878,0.13583064787089824,0.3877625225076457,0.1,1.0,0.1,1.0
3694,mscoco,0.11314834952354431,0.2562300429280843,0.17883519381284713,0.4336951506974096,0.0,0.0909090909090909,0.4,1.0
417016,mscoco,0.22954964637756348,0.37995102989415114,0.38361397981643675,0.648693771572329,0.1,0.1666666666666666,0.2,0.1666666666666666
251418,mscoco,0.084695003926754,0.24719553940853986,0.09858628325164318,0.2548707519905207,0.0,0.0476190476190476,0.0,0.0263157894736842
547866,mscoco,0.404523691534996,0.6359398001298493,0.36685341596603394,0.6898921413719338,0.3,0.5,0.4,0.5
166998,mscoco,0.11926147527992725,0.2373909191552875,0.18456376045942308,0.38958357777075414,0.4,0.3333333333333333,0.6,1.0
570864,mscoco,0.09778540581464767,0.2558660904032367,0.06949581913650035,0.19259254333837955,0.6,1.0,0.4,0.5
462445,mscoco,0.045777096319943665,0.16181494544311883,0.04834902063012123,0.1626938208921676,0.1,1.0,0.1,1.0
300661,mscoco,0.050819536298513414,0.16060829528712373,0.038967840000987054,0.1432889437963704,0.1,0.1666666666666666,0.1,1.0
169502,mscoco,0.21258373856544494,0.392018360559922,0.12060767747461795,0.42300754569962334,0.1,0.2,0.1,1.0
66144,mscoco,0.05501759666949511,0.1481461795014343,0.08990654535591602,0.25633334346137804,0.1,0.1,0.1,1.0
269843,mscoco,0.047466378286480905,0.16151698892779798,0.04258784465491772,0.18396927307364971,0.1,0.25,0.1,1.0
54938,mscoco,0.08316454999148845,0.19555847950804353,0.10680210627615452,0.2571144171101119,0.0,0.0175438596491228,0.0,0.04
27390,mscoco,0.1483013354241848,0.2704834786610301,0.1575355686247349,0.28002503564430703,0.1,0.1666666666666666,0.1,0.3333333333333333
521978,mscoco,0.3705242514610291,0.6629740906816752,0.31537980288267137,0.6926795632874976,0.1,1.0,0.1,0.5
429433,mscoco,0.09898214153945446,0.22239832910378762,0.10243290364742279,0.31556663369842874,0.1,0.25,0.0,0.0093457943925233
134,drawbench,0.055784357339143754,0.17476041177050677,0.028760941978543998,0.0770322251154645,0.0,2.6367136001687492e-05,0.0,0.0021231422505307
378621,mscoco,0.07543864101171494,0.21299807331356613,0.1179065216332674,0.30786540399644896,0.1,0.1111111111111111,0.0,0.0476190476190476
222948,mscoco,0.07184067107737065,0.21478284951107693,0.10172776244580746,0.2486899790771048,0.0,0.0056497175141242,0.1,0.3333333333333333
77,drawbench,0.02065112702548504,0.07322307256178377,0.02179669225588441,0.0715555575869698,0.0,0.0095238095238095,0.0,0.0084033613445378
124903,mscoco,0.29693193137645724,0.41470338322191946,0.30767830461263657,0.5002395232412705,0.1,0.3333333333333333,0.8,1.0
359375,mscoco,0.07366208769381047,0.18750157440384926,0.11699550524353981,0.327530307451009,0.1,0.5,0.1,0.5
244760,mscoco,0.10943896789103746,0.28646386230511445,0.13119870275259018,0.2753397144596306,0.7,1.0,0.8,1.0
83097,mscoco,0.07670525684952736,0.20544787769759085,0.0599698469042778,0.1798684303374176,0.3,0.2,0.3,0.3333333333333333
337264,mscoco,0.04917930727824569,0.2112232476587184,0.07941726092249154,0.2529778476716015,0.1,1.0,0.1,1.0
145921,mscoco,0.3065972402691841,0.5364714703268123,0.34528038203716277,0.6748273832365795,0.2,0.2,0.0,0.0833333333333333
422155,mscoco,0.21666710451245308,0.5349986724579497,0.18116719760000705,0.4179244684271458,0.5,1.0,0.8,1.0
451969,mscoco,0.1069125235080719,0.21492814278885683,0.1568601280450821,0.29125531677021627,0.1,0.1666666666666666,0.1,0.2
484344,mscoco,0.024978887382894756,0.08709573752214195,0.027140863705426455,0.09918401312980715,0.2,0.25,0.3,0.3333333333333333
488952,mscoco,0.23573192581534386,0.4216206866917048,0.29508672580122947,0.6381695496925932,0.1,0.1666666666666666,0.1,1.0
67163,mscoco,0.18213867731392383,0.7452287027994737,0.18015947453677655,0.4213888954126238,0.1,1.0,0.1,0.3333333333333333
521068,mscoco,0.08339551985263824,0.23770583937089534,0.10689158365130424,0.23064795150253573,0.1,0.1,0.0,0.0119047619047619
424340,mscoco,0.03690049815922976,0.08514232676915506,0.045651649311184886,0.13378893799578384,0.1,0.2,0.0,0.0769230769230769
364491,mscoco,0.09477357566356659,0.22831442845166772,0.07455919459462165,0.27487202938523514,0.2,1.0,0.0,0.0909090909090909
556901,mscoco,0.4236173748970032,0.6376438270720237,0.41501970738172533,0.6083269284663052,0.2,0.5,0.0,0.0526315789473684
420826,mscoco,0.2159071147441864,0.4642286030055823,0.23034202307462692,0.37590177859534657,0.2,1.0,0.2,0.3333333333333333
283213,mscoco,0.11891237571835518,0.26989045453245863,0.169197865575552,0.3721013131798731,0.0,0.0833333333333333,0.2,0.2
214363,mscoco,0.022945920750498772,0.07290630524023489,0.02866334533318877,0.1003394949972149,0.1,0.25,0.1,1.0
165350,mscoco,0.24222042188048362,0.5018318066919375,0.3508538082242012,0.6209694128086473,0.0,0.0909090909090909,0.2,1.0
79806,mscoco,0.20169925540685654,0.4274101865592936,0.2091499000787735,0.44333614240046654,0.0,0.0833333333333333,0.1,0.125
279175,mscoco,0.10332749765366316,0.25961530590610893,0.09224542491137981,0.28408118427772044,0.3,0.5,0.4,1.0
200423,mscoco,0.09721993748098612,0.17695031501972114,0.1722379706799984,0.3688162760408931,0.1,0.1111111111111111,0.2,0.1111111111111111
11041,mscoco,0.43251769840717313,0.6278440927271941,0.5903959929943084,0.8382097140881914,0.7,1.0,0.7,0.3333333333333333
61377,mscoco,0.05813048910349607,0.1588201401672141,0.05768068190664053,0.18403581896802754,0.1,0.1,0.1,0.5
499094,mscoco,0.2467108204960823,0.3191191736214652,0.2974600553512573,0.43218678559707446,0.0,0.0476190476190476,0.3,0.25
65,drawbench,0.026562010496854783,0.13119887087061397,0.03787703989073634,0.0926462861728891,0.0,0.0,0.0,0.0
20542,mscoco,0.239006856828928,0.38682513460741846,0.2674965813755989,0.4439617676177211,0.2,0.3333333333333333,0.2,1.0
295472,mscoco,0.11897867098450661,0.2590671139455932,0.1503547929227352,0.39826260721843093,0.2,0.3333333333333333,0.7,1.0
4471,mscoco,0.06573135089129209,0.17291692748637952,0.05574830789119005,0.1597192292012177,0.3,0.5,0.2,0.25
518816,mscoco,0.02310350500047207,0.08309060884236545,0.015842019487172364,0.07496773879185296,0.1,1.0,0.1,0.3333333333333333
267700,mscoco,0.23737721741199494,0.5241354546560415,0.33847916424274443,0.5451627846528956,0.8,1.0,0.5,1.0
436696,mscoco,0.14979473371058702,0.426776635840503,0.15671096444129945,0.3487321141044831,0.0,0.0833333333333333,0.2,0.5
477351,mscoco,0.05109699405729771,0.1568627644257974,0.04377226456999779,0.15451771141287557,0.2,1.0,0.2,1.0
84084,mscoco,0.2047791972756386,0.440211328435006,0.21764978915452957,0.3729128968768655,0.1,1.0,0.4,0.5
492314,mscoco,0.18650265783071518,0.38346690044878456,0.38284156322479246,0.6040889800655407,0.1,0.125,0.2,0.3333333333333333
13882,mscoco,0.023885212559252977,0.07383465900561423,0.014195984089747071,0.05979561343482219,0.1,1.0,0.1,1.0
125700,mscoco,0.07592377886176109,0.22202422786157835,0.14265340194106102,0.36185854494479197,0.2,0.5,0.1,1.0
370103,mscoco,0.3122539520263672,0.577974500640025,0.3305646896362305,0.5395207844886439,0.3,1.0,0.0,0.0909090909090909
94,drawbench,0.08505295887589455,0.19904210735754863,0.07143733762204647,0.16880262773578375,0.0,0.0769230769230769,0.0,0.0048543689320388
137273,mscoco,0.24955484680831433,0.5026395578057247,0.23753164224326612,0.7226426883822819,0.1,0.5,0.1,1.0
106935,mscoco,0.1240897860378027,0.3552358396880785,0.1800249546766281,0.3557989494979037,0.1,0.1111111111111111,0.1,0.125
797,mscoco,0.2005163885653019,0.4252468572608255,0.2616817161440849,0.4378532771894566,0.5,0.5,0.6,1.0
107362,mscoco,0.025839953403919935,0.07174407972099561,0.036710995342582466,0.16409875018139178,0.1,0.125,0.3,1.0
81128,mscoco,0.02823591623455286,0.09278930284653793,0.025474694184958936,0.10937301428235885,0.1,0.5,0.1,1.0
442554,mscoco,0.04309776853770018,0.23267176079986046,0.043635232653468844,0.2371850457482602,0.1,1.0,0.1,1.0
19413,mscoco,0.14904764741659166,0.34939598640568864,0.1270997293293476,0.31008837247452126,0.0,0.008,0.0,0.0033444816053511
7583,mscoco,0.053053336404263976,0.17862073588488805,0.10834356993436814,0.22452954860609217,0.0,0.0909090909090909,0.4,1.0
464634,mscoco,0.05264047393575311,0.15178048935462077,0.050775182992219926,0.19468292130057827,0.1,0.5,0.2,1.0
257788,mscoco,0.1880229838192463,0.4234231487308353,0.23128734529018402,0.4516923348745125,0.4,1.0,0.3,0.5
385438,mscoco,0.12501254826784133,0.36453645162272585,0.14587615355849265,0.3247627577776016,0.0,0.04,0.0,0.0833333333333333
275432,mscoco,0.09457610100507736,0.24653242571940057,0.14200321920216083,0.299314898605229,0.0,0.0232558139534883,0.1,1.0
490582,mscoco,0.06253069154918194,0.27198857863798936,0.10285383258014917,0.222544024644796,0.1,0.5,0.1,1.0
399880,mscoco,0.08754200339317322,0.2515590898759141,0.09109580740332604,0.24622876450327558,0.2,1.0,0.2,1.0
256903,mscoco,0.1997718408703804,0.39088427974326845,0.2522088080644608,0.48680049069422704,0.0,0.0476190476190476,0.6,0.3333333333333333
2349,mscoco,0.061946988292038443,0.192347609873484,0.07891868129372596,0.23344805576218997,0.1,0.5,0.1,1.0
70735,mscoco,0.3256165996193886,0.5151338162794747,0.347865429520607,0.6231882232760657,0.4,0.3333333333333333,0.5,1.0
73634,mscoco,0.14770397618412973,0.38409157886592604,0.17705830410122872,0.34189311751745793,0.4,1.0,0.5,1.0
495131,mscoco,0.07672607116401195,0.19518079654895612,0.06107092685997486,0.2023210913746167,0.0,0.0217391304347826,0.1,0.1
548953,mscoco,0.1298924170434475,0.2949393334795292,0.2019895613193512,0.34611937274433396,0.0,0.0119047619047619,0.0,0.0227272727272727
517780,mscoco,0.1316985882818699,0.42007592902216456,0.13738929852843285,0.420667124990379,0.1,1.0,0.1,1.0
314616,mscoco,0.09252224266529083,0.2112993104650449,0.08820242844522,0.2498612201244852,0.0,0.0909090909090909,0.1,1.0
51070,mscoco,0.050727448984980585,0.14125264241131216,0.10491616800427436,0.2802630081423168,0.0,0.0048076923076923,0.1,0.5
61761,mscoco,0.18728106319904328,0.5207413170355092,0.17874675318598748,0.5102770572479132,0.3,1.0,0.5,1.0
228657,mscoco,0.22235227525234222,0.39676070829746457,0.3710091352462769,0.5886253249580771,0.1,0.1428571428571428,0.6,0.3333333333333333
328732,mscoco,0.3797900423407555,0.5494781047672963,0.44507412910461425,0.7622245548735689,0.3,0.25,0.3,1.0
152108,mscoco,0.2697055242955685,0.3833498765898068,0.30029760897159574,0.47683040220768125,0.4,1.0,0.7,0.5
309192,mscoco,0.21411649212241174,0.3930571138107916,0.17758914455771446,0.3098599459312989,0.3,1.0,0.2,0.25
28085,mscoco,0.03353025019168854,0.1442229333586797,0.032006077282130715,0.1330281518590367,0.1,1.0,0.1,1.0
392717,mscoco,0.06302299723029137,0.19084380664115239,0.04866414405405521,0.12407499785255766,0.0,0.003731343283582,0.1,1.0
373648,mscoco,0.27439832389354707,0.5615943110502106,0.2708091750741005,0.5668530454816489,0.2,0.5,0.2,0.5
186201,mscoco,0.2377788782119751,0.4552061937161011,0.21844318360090256,0.5608821057491704,0.3,1.0,0.1,0.25
556248,mscoco,0.09635651111602783,0.23055663515029787,0.08354373313486577,0.22218431254563023,0.3,0.5,0.1,0.3333333333333333
30631,mscoco,0.05470751319080591,0.1543645983409267,0.08324494622647763,0.22050408614774422,0.0,0.0012165450121654,0.1,0.25
109838,mscoco,0.15168432742357255,0.37922949699373465,0.1690254732966423,0.3244570167123491,0.1,1.0,0.4,0.2
97686,mscoco,0.17230328395962716,0.533869434285411,0.21237332187592983,0.37773684669106067,0.1,1.0,0.1,0.1
22559,mscoco,0.07154181487858295,0.2593374437260146,0.05713864210993051,0.24541533673277868,0.1,1.0,0.1,1.0
163474,mscoco,0.26088453233242037,0.5080466027423233,0.17903959080576898,0.41355666223176263,0.0,0.0069930069930069,0.0,0.05
23489,mscoco,0.30447331815958023,0.504450590881141,0.32757882624864576,0.5988399082632203,0.6,1.0,0.8,1.0
460417,mscoco,0.11409809440374374,0.21406648642557263,0.08760825134813785,0.2412892289058715,0.0,0.0103092783505154,0.1,1.0
143120,mscoco,0.07716454192996025,0.2072320285684085,0.06441758982837201,0.1995300675498282,0.1,0.3333333333333333,0.2,0.5
549649,mscoco,0.029743224661797286,0.0865654924689418,0.017649611365050076,0.07331760930570841,0.1,0.5,0.1,1.0
62132,mscoco,0.10276899505406618,0.5042951529081366,0.05329938679933548,0.3528737886720114,0.1,0.5,0.1,1.0
371157,mscoco,0.07413277216255665,0.20926458304318693,0.06921638548374176,0.2028346147945246,0.0,0.04,0.1,0.1
376009,mscoco,0.09308723146095872,0.25854677492230876,0.10456918720155954,0.18542260499684066,0.1,1.0,0.0,0.0357142857142857
41997,mscoco,0.562688747048378,0.6016795075053974,0.47710747122764585,0.6578551791169468,0.9,1.0,1.0,1.0
305338,mscoco,0.09115495681762695,0.2720219575414788,0.0849609687924385,0.2450421961605341,0.5,0.5,0.2,1.0
151922,mscoco,0.1335801064968109,0.3274781216354986,0.18977150991559028,0.4375826633749738,0.1,0.1428571428571428,0.3,1.0
169683,mscoco,0.09658802598714829,0.27201607955519597,0.10325984582304955,0.29777630152625695,0.5,1.0,0.7,1.0
504216,mscoco,0.02942007966339588,0.10923272525943675,0.01573480889201164,0.06248956347601043,0.1,1.0,0.1,0.5
42215,mscoco,0.1704292394220829,0.36024361341206895,0.13422136344015598,0.34842294591357975,0.5,1.0,0.5,1.0
285607,mscoco,0.3220459520816803,0.5235548898229248,0.36273847073316573,0.5653556827357112,0.0,0.0666666666666666,0.0,0.0192307692307692
345562,mscoco,0.07818530406802893,0.23885703869077612,0.10660548582673073,0.2965939490746086,0.1,0.2,0.1,0.1
155160,mscoco,0.08897999674081802,0.269798836011346,0.08253936823457479,0.28221956650048863,0.1,1.0,0.1,1.0
576944,mscoco,0.0517495047301054,0.1437884446876051,0.05933783613145351,0.19536658541960872,0.1,0.3333333333333333,0.3,1.0
488360,mscoco,0.044966893084347245,0.10286694808557682,0.04094683565199375,0.11128196809426472,0.1,0.1428571428571428,0.1,0.3333333333333333
20641,mscoco,0.161188106238842,0.32140285925625006,0.17577744126319886,0.3398932573723015,0.2,1.0,0.2,1.0
83268,mscoco,0.17868889942765237,0.3972488584641201,0.1709893636405468,0.37052891324357373,0.1,1.0,0.0,0.037037037037037
203618,mscoco,0.22192610502243043,0.30359456946667623,0.2571506515145302,0.5567492291095745,0.1,0.125,0.1,1.0
301870,mscoco,0.431070850789547,0.6836019582321864,0.49542614035308363,0.6981094985472688,0.5,1.0,0.6,1.0
424788,mscoco,0.07045433484017849,0.18165819047599585,0.09218810088932514,0.24748442784970567,0.1,1.0,0.5,1.0
292170,mscoco,0.09173692278563976,0.1981491772848742,0.18630141541361808,0.45144291972040573,0.1,0.1111111111111111,0.3,0.5
502823,mscoco,0.12280212491750717,0.35692211824737297,0.16086197048425674,0.30199604843494854,0.2,1.0,0.4,1.0
40531,mscoco,0.09796463549137116,0.24186085148023914,0.10998653247952461,0.25386776205932676,0.6,0.3333333333333333,0.8,0.5
162020,mscoco,0.1502292688935995,0.26006267320143484,0.12962770760059356,0.3241906788913417,0.1,0.25,0.1,0.3333333333333333
84853,mscoco,0.3103641405701637,0.583284571031027,0.26528466269373896,0.42881434573473987,0.5,0.5,0.7,1.0
139839,mscoco,0.09884423650801182,0.2120018009160157,0.12921349853277206,0.36529834506452696,0.1,0.125,0.1,0.1666666666666666
163296,mscoco,0.6903252124786377,0.8634508296778494,0.6699548572301864,0.8647360787041932,0.5,0.3333333333333333,0.4,1.0
268644,mscoco,0.22954775728285312,0.5160415433819622,0.29464650750160215,0.5229445514144826,0.7,1.0,0.9,1.0
69283,mscoco,0.035753757879137996,0.12744299739368395,0.03431648891419172,0.11854544886311567,0.0,0.0169491525423728,0.1,1.0
59610,mscoco,0.3337428033351898,0.6279221714140697,0.36730200946331026,0.6647321745137378,0.5,1.0,0.7,1.0
471834,mscoco,0.11877393126487731,0.22410059159597914,0.12259556129574775,0.2713589712735686,0.2,0.3333333333333333,0.7,0.5
15197,mscoco,0.2312743194401264,0.32836320757515586,0.2852779969573021,0.44228978892185544,0.4,0.5,0.6,0.5
343908,mscoco,0.056936657149344684,0.15798600690151762,0.06853560470044613,0.1563297502228286,0.0,0.0093457943925233,0.0,0.0208333333333333
451375,mscoco,0.04431930612772703,0.15174213960805535,0.03344606817699969,0.13232439413106467,0.1,0.3333333333333333,0.1,0.5
440027,mscoco,0.15894277170300483,0.3174247303277453,0.18110597655177116,0.37912658330985166,0.2,0.25,0.5,0.5
377777,mscoco,0.04013142730109394,0.12777871724405446,0.048282140772789715,0.14474766872302888,0.0,0.0060240963855421,0.3,1.0
130240,mscoco,0.2823280647397041,0.4493434981519176,0.4534021496772766,0.5983156117618645,0.4,0.25,0.8,0.5
121618,mscoco,0.15210260525345803,0.3459722041094599,0.16034798212349416,0.30238767416809564,0.3,0.5,0.3,0.5
273245,mscoco,0.10697533097118139,0.3030382228714841,0.10477125011384487,0.25912486960511166,0.1,0.2,0.0,0.0714285714285714
187978,mscoco,0.03433068804442883,0.09973892181732893,0.02865171916782856,0.10488671413454957,0.1,0.25,0.1,1.0
395933,mscoco,0.054519393108785154,0.17606611828307148,0.07045289576053619,0.2050069993851158,0.1,0.5,0.1,1.0
247184,mscoco,0.17486162967979907,0.3664648316194476,0.16746870279312134,0.307797479197627,0.1,0.2,0.4,0.5
198397,mscoco,0.12977657914161683,0.2518631220508185,0.16293903291225434,0.3984843134042506,0.1,0.125,0.4,1.0
266207,mscoco,0.39714541733264924,0.5963515048128799,0.4300836145877838,0.6366209462932227,0.7,1.0,1.0,1.0
324816,mscoco,0.16789284944534302,0.37950106447350707,0.1555453985929489,0.37713995365489367,0.1,0.1111111111111111,0.1,0.25
539311,mscoco,0.03483560932800174,0.12120790027557021,0.030602305475622416,0.11819453158730513,0.1,1.0,0.2,1.0
34,drawbench,0.2118169903755188,0.43498514640073405,0.1908458910882473,0.45960965662498776,0.0,0.0,0.0,0.0
214413,mscoco,0.04617071133106947,0.1255968810067718,0.04278734978288412,0.13647228109023596,0.0,0.0526315789473684,0.1,1.0
521574,mscoco,0.12818980552256107,0.3371795403117396,0.11821907833218574,0.34525694930731105,0.0,0.0007710100231303,0.0,0.0185185185185185
317112,mscoco,0.0576851861551404,0.18993556046984125,0.06395731642842292,0.2261133640369646,0.1,1.0,0.1,0.1111111111111111
552295,mscoco,0.14000756815075874,0.38612588041470847,0.11332640536129475,0.39840019145427374,0.0,0.037037037037037,0.1,0.25
579787,mscoco,0.36325199753046034,0.7965521546263324,0.36897778809070586,0.6823835459595378,0.3,1.0,0.5,1.0
384422,mscoco,0.07320890836417675,0.20820535977089688,0.10335431508719921,0.27702770697322604,0.1,1.0,0.0,0.0434782608695652
531725,mscoco,0.23793174773454667,0.43022495393575866,0.3083333894610405,0.6723945236389627,0.4,0.5,0.7,1.0
491943,mscoco,0.09000861756503582,0.21646396473570104,0.14030230678617955,0.29750687715195817,0.1,0.5,0.1,1.0
56605,mscoco,0.12751419246196746,0.25842507556109867,0.09431971739977599,0.21662325587616782,0.1,0.5,0.4,1.0
444272,mscoco,0.036846363358199595,0.09955587448147239,0.02588895158842206,0.09643182121640542,0.0,0.0217391304347826,0.1,0.3333333333333333
220948,mscoco,0.0998838797211647,0.23653239861672692,0.13304104134440423,0.3181808658541246,0.1,0.1428571428571428,0.8,1.0
265176,mscoco,0.07324243783950805,0.17392157677450953,0.07012429088354111,0.18317262254921185,0.3,1.0,0.3,1.0
186,drawbench,0.057672361843287945,0.22865636637836498,0.10886215344071389,0.35697133311119633,0.0,0.0,0.0,0.0
275835,mscoco,0.14314419254660607,0.3366830888479496,0.11736100167036057,0.26937446631795464,0.2,0.5,0.2,0.1666666666666666
386036,mscoco,0.07839831598103046,0.1888833336685428,0.07793155163526536,0.18203454253532148,0.3,0.5,0.3,0.3333333333333333
165638,mscoco,0.1878815099596977,0.34138067136604877,0.18536764457821847,0.40222918630007926,0.1,0.1428571428571428,0.1,0.1666666666666666
388353,mscoco,0.13880430683493614,0.29834673237048476,0.15675713941454889,0.40229054519404794,0.1,0.125,0.2,1.0
4624,mscoco,0.4290377303957939,0.6568195845026178,0.4086632549762726,0.6347148690562486,0.4,1.0,0.6,1.0
206871,mscoco,0.17678917422890664,0.34943871516488695,0.21535288468003272,0.4422530453877921,0.3,0.3333333333333333,0.4,1.0
516805,mscoco,0.053599038533866404,0.19448273128997356,0.06110608987510204,0.21279838007881868,0.1,1.0,0.1,1.0
531798,mscoco,0.2154471218585968,0.37936351037934285,0.30204018503427504,0.4787435565814553,0.4,0.5,0.5,1.0
89095,mscoco,0.16182588785886765,0.329675894821762,0.21328243762254714,0.4177932994206565,0.1,0.1666666666666666,0.1,0.1666666666666666
18078,mscoco,0.17065888792276382,0.3640439607565908,0.1355939693748951,0.315005708827464,0.7,0.5,0.6,1.0
136900,mscoco,0.4031860500574112,0.5642420559467132,0.3853607848286629,0.5027677977575489,0.2,0.125,0.5,0.5
16,drawbench,0.09487144462764263,0.2152001998455963,0.06932683307677508,0.1995188644170982,0.0,0.0,0.0,0.0
350724,mscoco,0.09039014000445604,0.2796444455442457,0.15145708657801152,0.34724596442467354,0.1,0.25,0.1,0.3333333333333333
477195,mscoco,0.06296638548374175,0.20405627093988282,0.05931767765432596,0.18067235524739625,0.6,1.0,0.5,1.0
55059,mscoco,0.12839084342122078,0.4551065724943024,0.16034197807312012,0.47042681187235835,0.1,1.0,0.1,1.0
28214,mscoco,0.08278126567602158,0.38428133998605885,0.10058591775596142,0.37621027684518504,0.2,1.0,0.2,1.0
192812,mscoco,0.1471489429473877,0.2997757520300898,0.11895277202129365,0.309374853997938,0.1,0.5,0.1,1.0
162717,mscoco,0.059344235062599185,0.1760664035476092,0.06598618980497122,0.20959795043439164,0.1,0.25,0.1,1.0
547136,mscoco,0.1635994642972946,0.3083574495292744,0.16203458979725838,0.3091418369418969,0.1,0.125,0.1,0.1
408182,mscoco,0.17523158565163613,0.3153017499496696,0.16340985670685768,0.3843557215310101,0.1,0.1666666666666666,0.1,0.2
360536,mscoco,0.1642997544258833,0.47198751466239464,0.13192491382360458,0.45244886497507847,0.1,1.0,0.1,1.0
485564,mscoco,0.2393782041966915,0.3427172909743868,0.4360973984003067,0.5736436285745657,0.3,0.3333333333333333,0.3,0.1666666666666666
360695,mscoco,0.5162136286497117,0.5490522122551211,0.6230733603239059,0.6862721577671254,0.4,0.25,0.6,0.5
514483,mscoco,0.131733313575387,0.3642073345840638,0.15776212960481645,0.33598092787057254,0.1,0.25,0.2,1.0
409918,mscoco,0.17023145109415055,0.43044388717705356,0.17917573153972627,0.4018975011938234,0.1,0.5,0.1,1.0
34333,mscoco,0.015503019979223608,0.05723881536240764,0.015708553604781628,0.0670840390644214,0.1,1.0,0.1,0.5
156915,mscoco,0.23892508447170258,0.35488997767668806,0.23353257402777672,0.5784119693407057,0.1,0.125,0.1,1.0
16520,mscoco,0.06039718985557556,0.19284476279270646,0.05019301138818264,0.17138494656785022,0.1,1.0,0.1,0.5
308441,mscoco,0.24286437034606934,0.43993287279119037,0.3459398031234741,0.6173470662195674,0.4,1.0,0.7,1.0
246146,mscoco,0.1838221274316311,0.3868473756858515,0.24873587042093276,0.49322104442828707,0.1,0.125,0.4,1.0
525342,mscoco,0.07635087724775076,0.2951983929896371,0.0935976579785347,0.2144108554548256,0.0,0.0217391304347826,0.1,0.3333333333333333
293306,mscoco,0.25279457271099093,0.5228695363718376,0.2544751510024071,0.42784431032085424,0.0,0.0769230769230769,0.0,0.0050761421319796
163431,mscoco,0.12741896286606788,0.29256780240311947,0.1514153465628624,0.49927391298681556,0.3,0.5,0.2,0.1666666666666666
41265,mscoco,0.25111740082502365,0.5187518707624834,0.22569638341665268,0.41897660278308374,0.1,1.0,0.0,0.0833333333333333
184610,mscoco,0.07075604237616062,0.24510702162178793,0.12282529361546039,0.2805618614127529,0.1,1.0,0.1,0.25
545673,mscoco,0.17951646745204924,0.39139252704979577,0.1401251818984747,0.4781904597642829,0.5,0.5,0.3,0.5
187757,mscoco,0.1746672134846449,0.239771306773187,0.21617509461939335,0.5054508257349695,0.2,0.2,0.6,0.5
492065,mscoco,0.09970508888363838,0.2682170898098439,0.17125128246843815,0.30785986504010643,0.0,0.0277777777777777,0.2,0.25
352248,mscoco,0.13565617948770523,0.30251731808946664,0.11887216754257679,0.2655422243898128,0.3,1.0,0.3,1.0
360173,mscoco,0.27223232537508013,0.4219785536086722,0.390068981051445,0.5240396302001328,0.2,0.2,0.5,0.5
443913,mscoco,0.07179918978363276,0.1831259441440141,0.09762393608689308,0.2846340695258706,0.0,0.0476190476190476,0.1,0.1428571428571428
475301,mscoco,0.17055740766227245,0.3407276114361164,0.20913920551538467,0.43116401140003174,0.1,0.5,0.3,1.0
196,drawbench,0.031071756221354007,0.09453428228517395,0.012852983153425156,0.044765395265410665,0.0,0.0,0.0,0.0
66192,mscoco,0.12420096024870872,0.273424632082624,0.19119843095541,0.3691058492362832,0.1,0.2,0.2,0.2
158950,mscoco,0.09996110945940018,0.28686602018284124,0.1761794477701187,0.35635042232344694,0.2,0.5,0.3,1.0
536278,mscoco,0.39415677785873415,0.6123546158587784,0.3064654655754566,0.429041532325336,0.9,1.0,0.7,0.5
232417,mscoco,0.0758259903639555,0.2421811599907772,0.1262658204883337,0.27653640128546225,0.0,0.0454545454545454,0.0,0.0072992700729927
395013,mscoco,0.10201784577220678,0.2146146631322011,0.11712485030293465,0.28442689025289153,0.3,1.0,0.3,0.5
113839,mscoco,0.16727909930050372,0.3015948400795342,0.18585962541401385,0.44222012063013605,0.6,1.0,0.5,0.5
103512,mscoco,0.12457123100757599,0.24171863568388685,0.14672112613916397,0.31456015998800235,0.0,0.0038022813688212,0.0,0.0094339622641509
47597,mscoco,0.22859429121017455,0.5856151022843364,0.15736033245921136,0.29285433007079353,0.2,1.0,0.1,0.2
197427,mscoco,0.2945910573005676,0.5876967992642314,0.2471129447221756,0.5311077032396085,0.7,1.0,0.4,0.3333333333333333
416604,mscoco,0.08998932242393494,0.2657913991298283,0.07406738810241223,0.2528232316343672,0.1,1.0,0.1,1.0
513733,mscoco,0.1808464433066547,0.359197109431071,0.1900347225368023,0.4271556729685206,0.8,1.0,0.8,1.0
182373,mscoco,0.18970028758049012,0.4058094469076693,0.32727222293615343,0.5054113529628372,0.1,0.5,0.8,1.0
561919,mscoco,0.2017311468720436,0.5232587450475861,0.2319037802517414,0.598272151006748,0.2,0.1111111111111111,0.7,1.0
221165,mscoco,0.1819959856569767,0.2844948042347607,0.16210733652114867,0.29461873387593,0.0,0.0833333333333333,0.0,0.0133333333333333
13,drawbench,0.2436378464102745,0.4212628601953926,0.3058741897344589,0.48041944542610704,0.0,0.003690036900369,0.0,0.0178571428571428
490057,mscoco,0.11266161426901818,0.3284359630392652,0.17322732955217363,0.3454736767880944,0.1,1.0,0.4,1.0
561957,mscoco,0.40126105695962905,0.6257766253754717,0.39323544800281524,0.6185507454975196,0.3,0.5,1.0,1.0
451772,mscoco,0.5828725039958954,0.7524423107417887,0.6262737601995468,0.8611199188158293,0.8,1.0,0.9,1.0
247223,mscoco,0.30567029789090155,0.6639571680488815,0.2707622036337852,0.4369325116759335,0.2,1.0,0.2,0.5
532253,mscoco,0.014586296724155545,0.08538742777708777,0.013862531259655952,0.08750835047348318,0.1,1.0,0.1,1.0
178,drawbench,0.008386175171472133,0.02686088752884994,0.0028331174748018385,0.011272511828956082,0.0,0.0,0.0,0.0
15621,mscoco,0.15976312831044198,0.32701387376912433,0.15609404668211938,0.3247836694826575,0.1,0.1,0.5,1.0
161634,mscoco,0.20311644524335862,0.3470276559137625,0.18504708185791968,0.35260140793663636,0.1,0.1,0.1,0.2
33555,mscoco,0.2475883185863495,0.4603266055215706,0.3629938453435898,0.5925157854702561,0.1,0.5,0.2,1.0
59,drawbench,0.060588964633643626,0.19953639747912327,0.06327777691185474,0.19649365225368087,0.0,0.0,0.0,0.0
17869,mscoco,0.29151102900505066,0.4383462908699885,0.2493010327219963,0.4205781435159154,0.0,0.0909090909090909,0.3,0.3333333333333333
378790,mscoco,0.03005382642149925,0.0955147045132629,0.027480003284290434,0.09377353793072687,0.1,0.2,0.2,1.0
248876,mscoco,0.2519283667206764,0.4561803718435482,0.24423757568001747,0.4548812449342002,0.0,0.0294117647058823,0.2,1.0
398130,mscoco,0.1141958188265562,0.35662235774446455,0.10905337072908879,0.30671032835119366,0.1,0.5,0.1,0.5
124236,mscoco,0.0626177504658699,0.15053370467892108,0.0568750275298953,0.17120943950025333,0.1,0.1666666666666666,0.1,0.25
441382,mscoco,0.09633145257830619,0.36844995221526244,0.09649769961833954,0.25658744181258625,0.2,0.3333333333333333,0.1,1.0
444670,mscoco,0.1111215315759182,0.3589806122946659,0.11266749799251556,0.3425327203560973,0.0,0.03125,0.1,1.0
482665,mscoco,0.09806015715003014,0.26679808774399233,0.07341458946466446,0.3554916573081681,0.1,0.5,0.1,1.0
170766,mscoco,0.10202689990401267,0.2860420136891002,0.1641160324215889,0.3449420731922799,0.1,1.0,0.1,0.5
156904,mscoco,0.13124022632837296,0.3463963204052011,0.09897943027317524,0.26408308670591957,0.2,0.5,0.1,0.3333333333333333
313156,mscoco,0.26167556568980216,0.43580115059878166,0.24677300006151198,0.48680404938713134,0.2,0.1428571428571428,0.2,1.0
129176,mscoco,0.286614628136158,0.49321179058761394,0.3004512920975685,0.4833251946533379,0.4,0.5,0.6,0.5
295558,mscoco,0.24949833676218985,0.38851509519752025,0.25981359034776685,0.490309912331941,0.0,0.0333333333333333,0.2,1.0
246358,mscoco,0.22326261475682257,0.47051226870618496,0.2381878986954689,0.4294000387409943,0.5,1.0,0.6,1.0
281052,mscoco,0.19096217975020408,0.3448640902756609,0.12127762585878372,0.2759315622854809,0.1,0.5,0.3,1.0
324165,mscoco,0.027976229973137378,0.09482772486449512,0.03125104140490294,0.11757107004503169,0.1,1.0,0.1,1.0
536900,mscoco,0.1834653675556183,0.2770886347302877,0.20929217599332334,0.41165673318465235,0.5,0.5,0.7,1.0
579341,mscoco,0.2155626729130745,0.4244600643523893,0.2865467071533203,0.4987187952059,0.5,1.0,0.6,0.5
149679,mscoco,0.011523287044838071,0.04615042390490387,0.01589140072464943,0.07084531154287281,0.0,0.0909090909090909,0.1,0.25
283840,mscoco,0.02108953669667244,0.07454451368509708,0.02488936362788081,0.09120022362256613,0.1,1.0,0.2,0.25
361351,mscoco,0.11793666966259479,0.40059875995264427,0.11407861299812794,0.3136023159673018,0.2,1.0,0.1,0.3333333333333333
415239,mscoco,0.26127673536539076,0.5625933508656876,0.26150578260421753,0.42375228163904793,0.3,0.3333333333333333,0.6,0.3333333333333333
99073,mscoco,0.12365138903260231,0.25824674609688764,0.12327235788106919,0.3000420022883493,0.3,0.5,0.4,0.3333333333333333
369653,mscoco,0.3272797651588917,0.6029081183933837,0.37677116245031356,0.6849429219128056,0.2,1.0,0.1,0.125
72583,mscoco,0.02296622544527054,0.13299829107937325,0.024002826400101186,0.14045627562806426,0.1,1.0,0.1,1.0
565326,mscoco,0.0676328593865037,0.18698219772668861,0.07638645432889461,0.19171854443281952,0.0,0.0714285714285714,0.1,0.5
264660,mscoco,0.06632481068372727,0.2071814061770352,0.05746851246803999,0.2218371376353482,0.1,1.0,0.1,1.0
236552,mscoco,0.19918001145124437,0.4699480554295861,0.2183725580573082,0.5621214334370249,0.2,1.0,0.3,1.0
522491,mscoco,0.10066319853067399,0.2725748645784576,0.14606794863939285,0.2912397634435084,0.0,0.0769230769230769,0.0,0.0095238095238095
84757,mscoco,0.07043138416483999,0.20124203190232404,0.06497610174119473,0.16386995280686947,0.0,0.0096153846153846,0.1,0.1666666666666666
40957,mscoco,0.05897230925038457,0.22696720277024743,0.06274404749274254,0.19150261966272705,0.1,1.0,0.1,0.5
95679,mscoco,0.04655303498730064,0.1596876757162515,0.04771278258413077,0.1657474367249087,0.2,1.0,0.2,1.0
265279,mscoco,0.25059848129749296,0.4295232744861466,0.27217215672135353,0.5151021283692144,0.4,1.0,0.3,0.5
245938,mscoco,0.1410171039402485,0.41670881868847254,0.12036471329629421,0.40141835390654773,0.2,1.0,0.1,1.0
522639,mscoco,0.13303065448999404,0.26513145017253875,0.18674868643283843,0.45384257054328203,0.0,0.03125,0.1,0.25
225345,mscoco,0.022657449962571262,0.09115382894763559,0.023056767974048854,0.11049123846729851,0.1,0.5,0.1,1.0
24104,mscoco,0.14678728953003883,0.29297030655994893,0.2217399649322033,0.4417212688241783,0.4,0.1666666666666666,0.8,1.0
317331,mscoco,0.26171179860830307,0.5122429949252525,0.36231967359781264,0.6466538298619074,0.5,1.0,0.3,0.3333333333333333
