caption_id,source,pred_clip_p10,pred_clip_rr,pred_blip2_p10,pred_blip2_rr,true_clip_p10,true_clip_rr,true_blip2_p10,true_blip2_rr
261342,mscoco,0.12948593143373727,0.33123114476044957,0.09279218018054962,0.20878687469852938,0.0,0.0192307692307692,0.0,0.04
203177,mscoco,0.0022912593220098644,0.013532690934625516,0.002528738827095367,0.013984212129229241,0.1,1.0,0.1,1.0
239082,mscoco,0.3338479667901993,0.6393757389281444,0.40964851826429366,0.6469430758915731,0.2,0.1666666666666666,0.4,1.0
166557,mscoco,0.7689755380153656,0.9543388928418273,0.8608829557895661,0.8920763203415073,0.7,1.0,0.7,1.0
70,drawbench,0.00035940438065154014,0.002460696415578353,9.136204230344446e-05,0.0004559820273301616,0.0,0.0,0.0,0.0
27585,mscoco,0.0870624229311943,0.20908897564612994,0.1749864485114813,0.419926372324113,0.0,0.0833333333333333,0.4,0.25
44960,mscoco,0.43613257706165315,0.5701905759148631,0.505318284034729,0.7494594024870767,0.2,1.0,0.5,1.0
559685,mscoco,0.2717307832092047,0.549278198456877,0.2388446643948555,0.7485917711485773,0.2,0.3333333333333333,0.1,0.5
577169,mscoco,0.025494764500763267,0.05971810363750179,0.04277377408579923,0.21830345500336973,0.2,0.25,0.4,1.0
276964,mscoco,0.03808269500732422,0.14574954288343037,0.03999349577352405,0.1238852008337488,0.1,1.0,0.1,0.5
480770,mscoco,0.25086743012070656,0.46707942551051873,0.23592527974396943,0.8273420206745543,0.3,0.5,0.3,1.0
56821,mscoco,0.07742344727739692,0.15413114447958484,0.04761356310918927,0.1552111411924988,0.1,0.2,0.1,0.25
298353,mscoco,0.014578352100215852,0.04196337044747525,0.007935253421601373,0.022508124980335407,0.0,0.0204081632653061,0.1,0.125
58492,mscoco,0.0656225141370669,0.1854170088583616,0.06408412847667933,0.19811669707180837,0.1,1.0,0.1,0.1428571428571428
530479,mscoco,0.10792635083198547,0.22684707718623526,0.12206866107881069,0.2984079515252779,0.0,0.05,0.0,0.0555555555555555
318426,mscoco,0.12068673707544804,0.22465715594938762,0.13244114331901075,0.3149921817684357,0.3,0.3333333333333333,0.5,0.5
386890,mscoco,0.10646171430125832,0.23451856706248683,0.035595978144556284,0.2445497854426333,0.0,0.0909090909090909,0.1,1.0
23309,mscoco,0.04084309521131217,0.18272531782773924,0.052685697982087734,0.20906191229934004,0.1,1.0,0.2,1.0
101270,mscoco,0.16069551277905703,0.18730436118034072,0.16154826879501344,0.3281204571417314,0.0,0.0769230769230769,0.1,0.25
170809,mscoco,0.0037019720242824406,0.01881959994740518,0.0028065865379176104,0.006410822478453652,0.1,1.0,0.1,0.1
20150,mscoco,0.10572557374835015,0.312259363464169,0.11307633728720248,0.331347547635339,0.1,0.1428571428571428,0.1,0.2
142942,mscoco,0.24230531081557274,0.6056136161766494,0.26473344638943674,0.561230314531374,0.2,0.125,0.2,1.0
63306,mscoco,0.10799298845231534,0.26572757506953476,0.2438492499291897,0.3799925467384633,0.1,0.1,0.2,1.0
561151,mscoco,0.4283236116170883,0.6389507910744916,0.4920424550771713,0.6466751062677495,0.0,0.0172413793103448,0.1,0.1
377619,mscoco,0.14667979404330253,0.5171525354746407,0.13347481591627003,0.4478859707684898,0.1,1.0,0.1,1.0
390068,mscoco,0.3768125720322132,0.8439296502555199,0.28884987607598306,0.841554390678844,0.5,1.0,0.4,1.0
246004,mscoco,0.003270388794771861,0.018461110405794,0.0024484522844431924,0.005956646232368348,0.1,1.0,0.1,0.1
324789,mscoco,0.002182391796304728,0.007930053458105827,0.004025985352927819,0.018292771871195206,0.1,0.125,0.1,1.0
301541,mscoco,0.16112378370016814,0.2720443986990972,0.23310343846678733,0.45480462048796605,0.0,0.0526315789473684,0.2,0.25
233617,mscoco,0.1351248836144805,0.32988685473456514,0.10265342867933214,0.5949207859986021,0.1,0.3333333333333333,0.1,1.0
108452,mscoco,0.040897265262901786,0.20018902277631173,0.04858909058384597,0.20500204729324278,0.1,1.0,0.1,1.0
333049,mscoco,0.22689818888902663,0.43328967157184883,0.2906162619590759,0.36745595057531244,0.2,0.125,0.3,1.0
144796,mscoco,0.0627151409164071,0.14892094842776696,0.04650985430926084,0.11816885774377553,0.1,0.3333333333333333,0.0,0.0303030303030303
488514,mscoco,0.01745074836362619,0.07864556043038429,0.02276326089631766,0.07723452542475678,0.1,1.0,0.1,0.125
47294,mscoco,0.11268222182989121,0.21136104618861634,0.21605306779965758,0.33536295816663675,0.1,0.2,0.3,1.0
306173,mscoco,0.01514717296231538,0.05947079264367005,0.013198632036801428,0.061206188949641284,0.1,1.0,0.1,0.5
253470,mscoco,0.008432259065739345,0.026981520956608326,0.012799479835666715,0.04588736042702348,0.0,0.0909090909090909,0.1,0.5
190700,mscoco,0.025483549432829024,0.11856006687376887,0.03772508390247822,0.16502251128283812,0.1,1.0,0.1,0.5
84089,mscoco,0.10135726742446423,0.2545083949552661,0.05228134565986693,0.10400199769998836,0.0,0.0178571428571428,0.0,0.0031347962382445
175954,mscoco,0.1644440270960331,0.24095172916384341,0.3866873994469643,0.6359142371384421,0.2,1.0,0.5,0.2
158223,mscoco,0.1790360737591982,0.45800399683439,0.28617166746407746,0.6602602059994988,0.5,1.0,0.7,1.0
448607,mscoco,0.43520630672574045,0.7573085013794159,0.6223236054182053,0.9070609911920022,0.4,0.5,0.3,0.5
248862,mscoco,0.03286430686712265,0.13449589804103976,0.03517027394846082,0.1406936782606137,0.1,0.5,0.1,1.0
227526,mscoco,0.0991180163808167,0.1820288500762476,0.052205394674092534,0.12134983192607933,0.0,0.0037593984962406,0.0,0.0022988505747126
549409,mscoco,0.017668130435049535,0.06703382456694863,0.010995230107801035,0.03573954487232944,0.1,0.3333333333333333,0.1,0.3333333333333333
123214,mscoco,0.36565377153456213,0.7979166059124908,0.32273835465312006,0.4692785511908947,0.3,0.25,0.1,0.3333333333333333
494957,mscoco,0.09975300878286361,0.2556508553951557,0.08765906975604594,0.2556679697290702,0.1,1.0,0.1,1.0
284176,mscoco,0.061561348894611,0.17346351561406984,0.15440667048096657,0.2878953475499332,0.2,0.25,0.5,1.0
25430,mscoco,0.4169494636356831,0.6238226748583072,0.49287237524986266,0.4249548389925985,0.4,0.25,0.4,1.0
52746,mscoco,0.028883105027489364,0.09143671980051828,0.03053863262757659,0.08249338999378564,0.4,1.0,0.4,1.0
118598,mscoco,0.13218899667263032,0.2865835207063364,0.1301336407661438,0.23225333659259167,0.3,1.0,0.3,0.5
42622,mscoco,0.2424507975578308,0.35924851005920166,0.40175843238830566,0.653109374184846,0.1,0.1111111111111111,0.6,1.0
128275,mscoco,0.06322436796035617,0.17814971076962538,0.13749799402430654,0.45869171631808503,0.1,0.3333333333333333,0.4,1.0
402255,mscoco,0.004424048174405471,0.01790852156099649,0.004761144223812153,0.013689619590461548,0.0,0.0285714285714285,0.1,0.25
24935,mscoco,0.07456757873296738,0.25024375144166505,0.058476888202130796,0.24282074893981892,0.1,0.5,0.1,1.0
39502,mscoco,0.006299311656039208,0.025878184361332095,0.006606541579822078,0.022825119443905154,0.0,0.0123456790123456,0.1,0.5
370391,mscoco,0.08352909032255411,0.2264407154738096,0.29174780920147897,0.4510862479359554,0.0,0.0138888888888888,0.3,0.3333333333333333
170700,mscoco,0.007139034144347534,0.0242500787217284,0.10526805218687514,0.3308577431565431,0.0,0.0212765957446808,0.1,1.0
438910,mscoco,0.20014795549213887,0.4345528679084924,0.3038406178355217,0.46636711617026855,0.1,0.25,0.3,1.0
160,drawbench,0.002520245313644409,0.008889589260755932,0.0004770570980326738,0.002304986912183995,0.0,0.0,0.0,0.0
291526,mscoco,0.008341653982824937,0.0420519284939692,0.006838267188686587,0.03126243692771561,0.1,1.0,0.1,0.5
379596,mscoco,0.041007047472521665,0.18810164396564222,0.05174954575486481,0.19464558192949513,0.1,1.0,0.0,0.0769230769230769
12,drawbench,0.13840336054563523,0.3085687390405245,0.0913799662142992,0.16829411937968827,0.0,0.0,0.0,0.0
241148,mscoco,0.07669668849557638,0.15177213637232534,0.047945991577580574,0.20720199464963107,0.1,0.1428571428571428,0.2,1.0
319991,mscoco,0.09534186832606792,0.19365903554970335,0.047345159109681845,0.23241045947130448,0.1,0.5,0.1,1.0
310688,mscoco,0.022356704296544194,0.08516090812339806,0.012001456168945879,0.05443668480153302,0.1,1.0,0.1,1.0
243283,mscoco,0.19186068512499332,0.27575521755940985,0.24078702703118324,0.4551614070494279,0.9,0.5,1.0,1.0
149,drawbench,0.011581781861605123,0.07538956840410271,0.012880583552760071,0.05315302323127668,0.0,0.0,0.0,0.0
558426,mscoco,0.19968849141150713,0.4343698780746676,0.23363742269575596,0.46260226208459176,0.2,0.3333333333333333,0.5,1.0
394214,mscoco,0.09523743968456984,0.21171395597705642,0.1509473670274019,0.3110914324373075,0.0,0.05,0.1,1.0
297699,mscoco,0.026219861255958675,0.0931453651544181,0.04658755701966584,0.14779183215341865,0.1,0.125,0.1,0.125
146972,mscoco,0.01424551892632735,0.05042489054911832,0.01851196165662259,0.06123240682358712,0.2,0.5,0.0,0.0909090909090909
401783,mscoco,0.8570427298545837,0.8845270929271111,0.7591189116239547,0.9014531595933278,0.8,0.5,0.9,1.0
182245,mscoco,0.2511594720184803,0.5319839990270956,0.43913753479719164,0.7826183820405646,0.0,0.0256410256410256,0.2,1.0
126018,mscoco,0.24355873065069317,0.5102759983263515,0.1834874039515853,0.6637699442044964,0.7,1.0,0.4,1.0
290549,mscoco,0.03776888735592365,0.13843389818594612,0.04740836132550612,0.22309871660825364,0.1,0.3333333333333333,0.1,1.0
399946,mscoco,0.05308406297117472,0.13760243043324472,0.07468961516860873,0.22744144292453328,0.1,0.5,0.1,1.0
8,drawbench,0.17003808841109275,0.38954341653520774,0.16707050604745746,0.223842316735965,0.0,0.0001043296817944,0.0,6.345580303318739e-05
211678,mscoco,0.1219516608864069,0.2418014566836845,0.0933784481137991,0.2313945051305424,0.3,0.5,0.4,0.5
421539,mscoco,0.0028050646229530684,0.00837077878888539,0.003921494948735926,0.014962821648079033,0.1,1.0,0.2,0.3333333333333333
264358,mscoco,0.016967171552823856,0.050727405442750506,0.014194741938263178,0.07545423846985995,0.1,0.5,0.1,1.0
430848,mscoco,0.15304050911217928,0.49933207475964947,0.17440186701714994,0.3606496528298855,0.2,1.0,0.2,0.5
133251,mscoco,0.3706851124763489,0.7168434950101167,0.33812182694673537,0.6269199115206958,0.5,0.5,0.2,0.1666666666666666
568560,mscoco,0.09023199081420899,0.1985245912615989,0.1113205872476101,0.2863713816016067,0.2,0.3333333333333333,0.0,0.0526315789473684
405612,mscoco,0.12278536260128022,0.2396420851500125,0.08849733304232359,0.2889829862112799,0.1,1.0,0.1,0.5
20794,mscoco,0.12860641144216062,0.26167014088508195,0.30509624518454076,0.4687123820335466,0.1,0.1428571428571428,0.1,0.5
6,drawbench,0.5401098608970643,0.6566186241703121,0.2916989826597273,0.4050741864396294,0.0,0.0011750881316098,0.0,0.0129870129870129
225306,mscoco,0.11747171133756637,0.3414569959943682,0.20855290070176125,0.6006071108485357,0.0,0.0833333333333333,0.1,1.0
103603,mscoco,0.18977145254611968,0.3232387801720259,0.23764400854706763,0.4046244718103103,0.6,0.3333333333333333,0.4,1.0
395,mscoco,0.02035712807555683,0.09130174096872683,0.031028570106718688,0.0966659535109635,0.2,1.0,0.1,0.25
80067,mscoco,0.009613000496756285,0.02400163932645115,0.009658365082577803,0.07078544605932323,0.1,0.1428571428571428,0.1,1.0
490619,mscoco,0.07044487651437521,0.18612016061862688,0.06055183181306347,0.10848273830118711,0.0,0.0066666666666666,0.0,0.0109890109890109
167126,mscoco,0.18757245000451803,0.5262904398716166,0.2324957199394703,0.5798766470181844,0.4,1.0,0.1,1.0
442961,mscoco,0.14645269364118577,0.3794720909722946,0.20048352964222432,0.34040533632598274,0.1,0.5,0.5,0.5
260111,mscoco,0.12118977662175894,0.32462873722901503,0.0647269089706242,0.17196677151296905,0.0,0.0555555555555555,0.0,0.0161290322580645
68005,mscoco,0.02760817250236869,0.11854198133739413,0.03630718011409044,0.12437151203920756,0.1,1.0,0.1,1.0
73541,mscoco,0.32605379931628703,0.497628506155728,0.4169197801500559,0.842587707416297,0.2,0.5,0.0,0.0833333333333333
316190,mscoco,0.05070722755044699,0.11925983703896147,0.06878661531955003,0.22078271917668327,0.1,1.0,0.1,0.1428571428571428
519552,mscoco,0.008900644528330304,0.04115689841903216,0.0051676902425242584,0.022396867755174424,0.1,0.3333333333333333,0.1,0.5
365419,mscoco,0.2259515265468508,0.4068993046690027,0.24389437064528466,0.5540946538315501,0.1,0.2,0.2,0.5
55050,mscoco,0.07725774392019957,0.38977466470218186,0.07830959958955645,0.3682099515970786,0.1,1.0,0.1,1.0
150,drawbench,0.053932223783340304,0.11955013161567671,0.023644097405485807,0.09052864816631809,0.0,0.0,0.0,0.0
122,drawbench,0.02540854807011783,0.07040704791503867,0.046669980487786235,0.2929322229840889,0.0,0.000125786163522,0.0,4.940955580809328e-05
403464,mscoco,0.26368895545601845,0.563464316802748,0.2891197562217712,0.5690230681300944,0.2,1.0,0.1,0.25
256809,mscoco,0.3469541423022747,0.528717481714628,0.41913437843322754,0.7457405738221206,0.0,0.0434782608695652,0.6,0.5
481098,mscoco,0.03315451219677925,0.09815201211515055,0.10504640452563763,0.18716273367558506,0.0,0.0060240963855421,0.0,0.0909090909090909
163289,mscoco,0.190340743213892,0.3010098825517126,0.2459695242345333,0.5446546433839575,0.0,0.0025839793281653,0.0,0.0476190476190476
383175,mscoco,0.26387945041060445,0.4051506782648569,0.3480859324336052,0.7192016488580145,0.3,0.3333333333333333,0.2,0.3333333333333333
71346,mscoco,0.1337638396769762,0.26325645002375814,0.21215622127056122,0.32421524457654494,0.0,0.0161290322580645,0.1,0.5
15569,mscoco,0.09674644898623228,0.2699648337706328,0.28857527747750283,0.658798455337909,0.1,0.125,0.3,0.25
314949,mscoco,0.0107289744541049,0.05773779365119799,0.02333919326774776,0.10342829684185514,0.1,1.0,0.1,1.0
424018,mscoco,0.09287766898050905,0.36828316420216317,0.09150113202631474,0.33287694601918716,0.3,0.3333333333333333,0.2,1.0
465153,mscoco,0.013494467036798597,0.06662824903156174,0.015076881274580956,0.059758774720472634,0.2,1.0,0.2,1.0
10540,mscoco,0.12843755297362805,0.3021723888175421,0.18744593411684035,0.36194000589970404,0.0,0.0294117647058823,0.0,0.0024509803921568
524401,mscoco,0.06522938096895814,0.15943656677553872,0.18388715647161008,0.37931688448810175,0.1,0.1111111111111111,0.4,0.5
277498,mscoco,0.10030881445854903,0.18787214057453025,0.23488674461841583,0.4235608037858909,0.0,0.0196078431372549,0.1,0.1
393583,mscoco,0.012610168370883912,0.042119372184033825,0.011059137945994734,0.06135154329537177,0.2,0.25,0.2,1.0
151339,mscoco,0.2543034851551056,0.5169344124200445,0.15009293872863055,0.5132417843970386,0.3,1.0,0.2,0.3333333333333333
300509,mscoco,0.051125032268464564,0.11774154992481409,0.05555743994191289,0.14289689028257674,0.1,0.5,0.0,0.0833333333333333
389145,mscoco,0.01670481722103432,0.0678385629145962,0.013298424647655339,0.06393523222986293,0.1,1.0,0.1,1.0
537667,mscoco,0.028385847969911993,0.08519494606282066,0.01398735276889056,0.09546143411704827,0.1,0.5,0.1,1.0
352143,mscoco,0.06302339895628392,0.16911967959582236,0.043394490331411364,0.13250959099195161,0.1,1.0,0.2,0.5
148,drawbench,0.020019626803696157,0.06778389231566502,0.006557591311866418,0.028938428549214874,0.0,0.0,0.0,0.0
355826,mscoco,0.09064371124841272,0.4319385557159616,0.08398221731185913,0.43134747569180204,0.2,1.0,0.1,1.0
251937,mscoco,0.3302248165011406,0.5844521239916178,0.4509868174791336,0.6544648663429661,0.3,1.0,0.3,1.0
135397,mscoco,0.01587020156439394,0.10766186550075758,0.020377182215452195,0.12184695933036511,0.1,1.0,0.1,1.0
394658,mscoco,0.1297017505392432,0.3131753668340068,0.09325309935957193,0.3288023634363162,0.1,0.3333333333333333,0.1,1.0
485709,mscoco,0.19487861320376396,0.607900695332795,0.0660179958678782,0.13957439414522943,0.2,1.0,0.1,0.1428571428571428
504167,mscoco,0.1325961273163557,0.29526593522340727,0.10951429950073362,0.24721503268770942,0.1,1.0,0.0,0.0263157894736842
230644,mscoco,0.05129213375039399,0.10223811468511282,0.06548915160819888,0.1601521829395618,0.1,0.1,0.2,0.3333333333333333
83510,mscoco,0.06861846055835485,0.18774874748678488,0.07799783535301685,0.31106469909181506,0.1,0.1428571428571428,0.0,0.02
401650,mscoco,0.030605956210638396,0.044411816307641204,0.032466960676538294,0.06567968300235195,0.1,0.125,0.1,0.2
136411,mscoco,0.3334729686379433,0.4416987524636184,0.35845672227442266,0.7533643193361642,0.0,0.037037037037037,0.1,0.1666666666666666
176120,mscoco,0.18211456052958966,0.49815652213231176,0.139656731300056,0.2874925021602044,0.2,0.1111111111111111,0.3,0.25
348134,mscoco,0.06178471404127776,0.15587429997252106,0.0860141159966588,0.35484842908061576,0.3,0.5,0.1,1.0
193398,mscoco,0.05467228777706623,0.14366319786142828,0.05208279453217983,0.26119616159643383,0.0,0.0833333333333333,0.1,1.0
540774,mscoco,0.21542702801525593,0.3578234908665993,0.5017525233328343,0.8115751100878843,0.6,1.0,0.9,1.0
113211,mscoco,0.05775725999847055,0.2253055661915441,0.04512058377731591,0.18202834647067398,0.1,0.1111111111111111,0.2,1.0
406749,mscoco,0.02943806811235845,0.09264360674266912,0.024746425868943333,0.09520983846903552,0.2,1.0,0.2,1.0
280551,mscoco,0.015417055250145495,0.054955461132542856,0.029153600678546353,0.10800244749397385,0.1,0.3333333333333333,0.1,1.0
441358,mscoco,0.057733177207410336,0.19282634765803985,0.12522473204880952,0.34610084983634887,0.2,0.2,0.1,0.5
561314,mscoco,0.15930734388530254,0.3003908362867337,0.3417664885520935,0.5182285645800402,0.0,0.0454545454545454,0.6,1.0
130749,mscoco,0.05119108689250425,0.1732369979177399,0.0539371570572257,0.17322332322739503,0.0,0.0769230769230769,0.1,0.3333333333333333
25907,mscoco,0.025682143564336003,0.11906284335315129,0.018591234926134348,0.0843326382605725,0.1,1.0,0.1,1.0
364157,mscoco,0.01534640376921743,0.07296550630745324,0.025517798747750932,0.1001559807875401,0.3,1.0,0.3,0.3333333333333333
327529,mscoco,0.03137734754709527,0.13134594231083607,0.07534233685582876,0.25453286718140783,0.1,1.0,0.1,0.3333333333333333
214087,mscoco,0.05812183921225369,0.20104714779644073,0.0314718637499027,0.19512495365808658,0.1,0.25,0.1,1.0
253763,mscoco,0.08184927701950073,0.24050316895001553,0.09674588721245528,0.2249222489787608,0.1,1.0,0.1,1.0
298065,mscoco,0.06199647125322372,0.35871220217699445,0.059904119893326425,0.35653989266359626,0.1,1.0,0.1,1.0
305803,mscoco,0.19519506692886351,0.3301426310705933,0.251556459069252,0.4161890113200572,0.0,0.0151515151515151,0.0,0.0454545454545454
173,drawbench,0.003244096107664518,0.009318849642555076,0.012740752752870321,0.03549271616938419,0.0,0.0,0.0,0.0
458339,mscoco,0.2222886823117733,0.5287435587531276,0.18363864496350288,0.3348195558662161,0.0,0.0833333333333333,0.1,0.5
428326,mscoco,0.07047221940010787,0.144965829532123,0.06698765605688095,0.14196383106939411,0.0,0.0181818181818181,0.0,0.0103092783505154
530201,mscoco,0.39821979999542234,0.8471717206693433,0.34600442498922346,0.8334267626277628,0.1,1.0,0.1,1.0
59039,mscoco,0.2504927396774292,0.6398817266840643,0.3481504037976265,0.4501615373640249,0.3,1.0,0.7,0.5
333738,mscoco,0.41261905878782273,0.6699995222414873,0.3929965242743492,0.6463838243554543,0.6,0.5,1.0,1.0
132081,mscoco,0.01770196345169097,0.07578884009777292,0.027103257412090898,0.0772390444549195,0.1,0.25,0.1,0.5
26573,mscoco,0.32328869849443437,0.7541787239684491,0.21068484857678413,0.43447399327393493,0.3,1.0,0.4,0.3333333333333333
115893,mscoco,0.5359516322612763,0.8728404179344712,0.3926979508250952,0.6020326867132584,0.2,1.0,0.4,1.0
49542,mscoco,0.39220643788576126,0.609179045962843,0.5560508295893669,0.8904474818597778,0.5,0.25,0.5,0.5
212864,mscoco,0.014917075930861756,0.056695430187193085,0.016618252568878233,0.04613599961373627,0.0,0.0454545454545454,0.0,0.0075187969924812
32967,mscoco,0.08492250358685852,0.3864535432644161,0.13477834351360798,0.3667276527916143,0.0,0.0015037593984962,0.2,0.2
98642,mscoco,0.0016303851545671933,0.006444077495656754,0.002998156064131763,0.011608618370005224,0.1,0.3333333333333333,0.1,1.0
183719,mscoco,0.08991245254874229,0.27118651817229,0.1261785414069891,0.35551879089844834,0.0,0.0060240963855421,0.0,0.006060606060606
401307,mscoco,0.199857041798532,0.6061740629077196,0.2600767228752375,0.6408548785415017,0.2,1.0,0.3,1.0
467612,mscoco,0.41702134534716606,0.46241024244396683,0.44502841532230375,0.6251381831511497,0.6,0.5,0.4,0.3333333333333333
36034,mscoco,0.0630335034802556,0.16866473426822226,0.0433359864866361,0.15294844338882488,0.2,1.0,0.1,0.2
216378,mscoco,0.22683222964406013,0.3137243564281504,0.25485392305999993,0.4353026934810539,0.1,0.5,0.1,1.0
360441,mscoco,0.08906353358179331,0.28886728015775176,0.05155251489486545,0.14519191321067684,0.1,0.1666666666666666,0.1,0.1428571428571428
75057,mscoco,0.1979416899383068,0.7285280071169339,0.46342829912900924,0.7587596781850652,0.3,1.0,0.6,1.0
53870,mscoco,0.047697320394217965,0.13473974226451224,0.0421481778845191,0.11440045385686648,0.1,0.1428571428571428,0.0,0.0161290322580645
253323,mscoco,0.08574685277417302,0.3310735198390954,0.06882121358066798,0.16962460076710545,0.2,0.1666666666666666,0.3,0.5
433270,mscoco,0.1243653230369091,0.25129578005458514,0.14587589874863624,0.3317985829973912,0.2,0.125,0.3,1.0
176758,mscoco,0.12922364342957735,0.2639297543091428,0.16550540812313558,0.43209151748430275,0.1,0.2,0.2,1.0
420396,mscoco,0.003952948187361471,0.01269167179072802,0.008615904155885801,0.04811068675143551,0.1,0.1428571428571428,0.1,1.0
365792,mscoco,0.28531461730599406,0.5306145471052525,0.2625779165886343,0.7987464252395963,0.3,0.5,0.3,1.0
564382,mscoco,0.02278712464030832,0.10047351694978356,0.01806405910756439,0.12275071559644987,0.1,0.5,0.1,1.0
180667,mscoco,0.01817845772020519,0.053746554630216464,0.01672510989010334,0.06669997934358322,0.1,1.0,0.0,0.0020242914979757
154399,mscoco,0.17320193229243158,0.26023157581387696,0.08766471240669489,0.21462171602114738,0.1,0.2,0.0,0.0833333333333333
576537,mscoco,0.0947770357131958,0.2585901977974038,0.24453955218195916,0.5294864402789426,0.2,1.0,0.4,1.0
18194,mscoco,0.016623397124931216,0.07629560285859813,0.044429128617048265,0.171489791747854,0.1,0.1666666666666666,0.2,0.5
278243,mscoco,0.058521818416193125,0.17910020318849093,0.04873032113537192,0.16343811498423153,0.1,0.5,0.1,0.5
253728,mscoco,0.06644564263988287,0.21884629633311867,0.09755777344107627,0.23487508099477533,0.1,1.0,0.1,1.0
306229,mscoco,0.2783721383661032,0.4929714390055081,0.4001459389925003,0.6887697827653869,0.6,1.0,0.8,1.0
413277,mscoco,0.26233871579170226,0.5262245120386956,0.4942075565457344,0.725764848502501,0.1,0.1428571428571428,0.5,1.0
86951,mscoco,0.18066296093165873,0.38096320438314596,0.1814909189939499,0.2998566516058433,0.5,1.0,0.8,1.0
489942,mscoco,0.03844957455294207,0.26045847417231405,0.04286553235724568,0.2629761590159042,0.1,1.0,0.1,1.0
199141,mscoco,0.2876901406794786,0.6549821412612877,0.32481410428881646,0.6426085731654494,0.4,0.5,0.5,0.5
170336,mscoco,0.19190563671290875,0.37201979859783796,0.21550848111510276,0.41800069658476097,0.1,0.3333333333333333,0.2,0.2
89549,mscoco,0.07199919428676367,0.21021743643251087,0.17436492145061494,0.5739801284005671,0.0,0.0909090909090909,0.1,1.0
372246,mscoco,0.024734778463607655,0.14861109114179777,0.025023234786931425,0.15226610417943828,0.1,1.0,0.1,1.0
535563,mscoco,0.018375108193140477,0.08138636531268056,0.02745366913732141,0.10080933389809205,0.1,1.0,0.1,1.0
228222,mscoco,0.12373999841511249,0.2637652562921298,0.15532298237085343,0.3348087336428224,0.4,0.5,0.6,1.0
195353,mscoco,0.19876736069563777,0.3655500791266904,0.255831091478467,0.786593337530396,0.4,0.3333333333333333,0.5,1.0
58624,mscoco,0.029875582817476244,0.12002811807778993,0.03158267597609665,0.1965341054362029,0.1,0.5,0.1,1.0
268900,mscoco,0.04469250934198499,0.16235450105099863,0.04981776494532823,0.09713764083388962,0.1,0.125,0.1,0.25
161019,mscoco,0.31310148239135743,0.5888932141797177,0.3183645151555538,0.6161478592241622,0.2,0.3333333333333333,0.4,1.0
379035,mscoco,0.14831914016976952,0.3830524602821118,0.1791428543627262,0.42597421511680933,0.0,0.0123456790123456,0.2,0.25
172276,mscoco,0.2910745494067669,0.7806425429376233,0.2921807713806629,0.6843640656121233,0.1,0.1428571428571428,0.1,0.1111111111111111
271120,mscoco,0.07150228898972273,0.18376930151426246,0.09219002202153206,0.2377882340950367,0.0,0.0555555555555555,0.1,0.1111111111111111
180445,mscoco,0.014430707786232233,0.10330708721649702,0.012914683476265055,0.10264671451621235,0.2,1.0,0.2,1.0
284362,mscoco,0.06461493317037821,0.15253994163678636,0.06340534221380949,0.18171570318120578,0.0,0.0384615384615384,0.1,1.0
466656,mscoco,0.09344504345208407,0.22691826443915805,0.05108635481446981,0.15608820263142972,0.5,1.0,0.5,1.0
271360,mscoco,0.013193488953402267,0.05546074186438735,0.01407984087127261,0.08243050992392473,0.1,1.0,0.0,0.0001578033769922
429290,mscoco,0.16021548323333262,0.3025628348656923,0.3329254496842623,0.3627111372477971,0.0,0.0238095238095238,0.0,0.0769230769230769
464649,mscoco,0.3372685179114342,0.7439342911994333,0.29912296682596207,0.438018027772114,0.0,0.0666666666666666,0.0,0.02
118260,mscoco,0.05330923423171043,0.16497389586580175,0.0707825105637312,0.24272457016599375,0.0,0.0263157894736842,0.0,0.0120481927710843
337062,mscoco,0.08607142996042967,0.1752861383887175,0.2056786496192217,0.2581359539446727,0.0,0.0625,0.4,0.5
249049,mscoco,0.078880172688514,0.20373541164881792,0.07748507596552372,0.3536175527461735,0.2,0.3333333333333333,0.1,1.0
497542,mscoco,0.0039082126808352765,0.014768289515616708,0.020893833978334442,0.09869472770640782,0.0,0.0123456790123456,0.1,0.5
400940,mscoco,0.17235339656472207,0.34229829300004777,0.15155952889472246,0.4429547227468307,0.1,0.3333333333333333,0.1,0.5
254753,mscoco,0.012522346270270646,0.03633150161639025,0.0234912377782166,0.1015995459433734,0.1,0.2,0.1,1.0
550157,mscoco,0.21385376751422883,0.4223643193279777,0.2307928403839469,0.5120524786717362,0.4,1.0,0.5,1.0
113905,mscoco,0.23861222043633462,0.3588576483213892,0.2866871565580368,0.5151022666739482,0.1,0.2,0.3,1.0
471881,mscoco,0.027499816217459738,0.17524220344714597,0.020598043489735575,0.16818089836074002,0.1,1.0,0.1,1.0
524187,mscoco,0.197069638222456,0.30320023617427894,0.2383522406220436,0.6006689114661059,0.1,0.1111111111111111,0.4,1.0
354409,mscoco,0.06067161460960051,0.3545668946053812,0.054945006198249755,0.3637486861199678,0.1,1.0,0.1,1.0
36713,mscoco,0.12049146182835102,0.30959864593297826,0.13079292513430119,0.22700097131606756,0.1,1.0,0.1,0.5
421005,mscoco,0.1383826408535242,0.270422555269764,0.16831542998552323,0.4219510385981001,0.2,0.25,0.2,1.0
504639,mscoco,0.38614890426397325,0.7047210073979016,0.5033335715532303,0.7011453221496946,0.7,1.0,0.8,1.0
356660,mscoco,0.16466850228607655,0.3382516340999984,0.27459317483007906,0.5357885805288318,0.1,0.1111111111111111,0.2,0.2
1792,mscoco,0.6598017975687981,0.877968005230675,0.7738924086093902,0.8287846723413095,0.7,1.0,1.0,1.0
30409,mscoco,0.054760247096419336,0.16664672035676947,0.21136734392493964,0.4566419688024737,0.0,0.0142857142857142,0.1,1.0
254060,mscoco,0.14982553161680698,0.29589220467031346,0.3136882159858942,0.6295181737488429,0.1,0.1111111111111111,0.3,1.0
169340,mscoco,0.06465949738631024,0.1815593720343336,0.11764613343402744,0.37916033814449984,0.1,0.3333333333333333,0.1,1.0
42513,mscoco,0.03313908057752997,0.13505645344616898,0.0688038682565093,0.18396224006059486,0.1,1.0,0.2,0.1428571428571428
402887,mscoco,0.35708572436124086,0.4395759527905371,0.17805287884548307,0.5641817613343076,0.1,0.3333333333333333,0.1,0.5
96435,mscoco,0.02294106371118687,0.13713415236716173,0.01455260649381671,0.12491207996683552,0.1,1.0,0.1,1.0
441541,mscoco,0.0363247474655509,0.12616110398763145,0.04116287576034665,0.11306800787598897,0.0,0.0833333333333333,0.0,0.0333333333333333
51663,mscoco,0.03627289931755513,0.10578184834287807,0.05464553614147007,0.17234792477178523,0.1,0.1111111111111111,0.1,0.2
474271,mscoco,0.09355758670717478,0.2903167194531431,0.08655742909759283,0.20501259307508174,0.1,1.0,0.1,1.0
72702,mscoco,0.040945295989513394,0.14929227876208595,0.08401366416364908,0.21365447254092915,0.1,1.0,0.1,1.0
182793,mscoco,0.37658831421285865,0.7627423388587983,0.4545413225889206,0.6444613320054998,0.0,0.0113636363636363,0.0,0.0434782608695652
21795,mscoco,0.11707287617027759,0.38931953753748216,0.10316538671031594,0.37210042846468433,0.1,1.0,0.1,1.0
566672,mscoco,0.14349020160734655,0.28268581557834677,0.15951920934021474,0.43740592475315754,0.2,0.25,0.5,1.0
2664,mscoco,0.022407520888373257,0.09826708773571441,0.015580277261324226,0.07738502341832856,0.0,0.0625,0.0,0.0476190476190476
333241,mscoco,0.014515879613463767,0.12515156575915254,0.014863950365543133,0.053742014323450694,0.1,1.0,0.1,0.3333333333333333
353402,mscoco,0.10309119373559952,0.23221914218151543,0.14377257078886033,0.3725278975122097,0.0,0.0285714285714285,0.1,0.5
18252,mscoco,0.17096734121441842,0.31909520291580906,0.22276692427694797,0.31244447124413266,0.6,1.0,1.0,1.0
387352,mscoco,0.09257383961230517,0.2051766803800894,0.20588719695806504,0.3606249300614186,0.1,0.5,0.3,0.5
198085,mscoco,0.2713900558650494,0.41344358715358737,0.191894344240427,0.3515131463147795,0.1,0.1428571428571428,0.1,0.5
246625,mscoco,0.359805665910244,0.5636287434522714,0.3493360966444016,0.5665193198362573,0.5,0.3333333333333333,0.7,1.0
420045,mscoco,0.2457594484090805,0.5225986319719848,0.2701583900488913,0.6279303051705039,0.0,0.0303030303030303,0.0,0.0714285714285714
398225,mscoco,0.057466411218047145,0.1699760776038532,0.07030275054275989,0.18749370110452124,0.1,0.3333333333333333,0.0,0.0909090909090909
132964,mscoco,0.392143152654171,0.6251112237684288,0.4557115018367767,0.7233204061266503,0.6,1.0,0.9,1.0
344632,mscoco,0.00013003214226046112,0.00039544841060262055,0.00025364302355228573,0.0007999500773864761,0.0,0.0285714285714285,0.0,0.0434782608695652
508045,mscoco,0.14049486797302962,0.4801535645435268,0.1427949730306864,0.49393172438881694,0.3,1.0,0.2,1.0
236936,mscoco,0.015123172136372886,0.05335162787887684,0.014517993095796555,0.08350994422675423,0.0,0.0526315789473684,0.1,1.0
110330,mscoco,0.014302737172693014,0.04964050557612441,0.011427080875728279,0.035707715150569384,0.1,0.5,0.1,0.2
19292,mscoco,0.2710463657975197,0.2662200964146336,0.4321436956524849,0.5610276669131004,0.4,0.2,0.4,1.0
19,drawbench,0.009435051202308387,0.041001061262453266,0.0020520108089840507,0.006552596111866056,0.0,0.0,0.0,0.0
345294,mscoco,0.18656551726162435,0.3404567700792608,0.11632426455616951,0.3562448098352508,0.1,0.125,0.2,1.0
250424,mscoco,0.00988753667625133,0.07540029432585976,0.008986327423190232,0.026474032449457428,0.0,0.0136986301369863,0.1,1.0
50583,mscoco,0.02002947898581624,0.14145323772350296,0.012168319639749825,0.05264245483739392,0.2,0.5,0.2,0.5
230879,mscoco,0.12751157730817794,0.22575516173518598,0.17669678330421448,0.5345169491205211,0.0,0.04,0.0,0.0833333333333333
168609,mscoco,0.014789050328545272,0.037630785399872406,0.021798568475060166,0.12423570245636166,0.0,0.0121951219512195,0.1,1.0
175923,mscoco,0.06806556060910225,0.1661153552274064,0.11400976963341236,0.24644379765395305,0.3,0.3333333333333333,0.3,0.2
530248,mscoco,0.025781038496643306,0.1252411596807535,0.050986823975108564,0.128756664105813,0.2,1.0,0.0,0.0294117647058823
421009,mscoco,0.146216544508934,0.2974703414998068,0.2681683287024498,0.4272891284016544,0.0,0.0666666666666666,0.1,0.5
450974,mscoco,0.07886281022801996,0.22664711077063512,0.14906221479177476,0.4887256357316731,0.1,0.125,0.2,1.0
34922,mscoco,0.01718067000620067,0.0717916444008137,0.01267213060054928,0.024681577586727912,0.0,0.0625,0.2,0.5
134454,mscoco,0.12810775581747294,0.3699004351804162,0.257427629083395,0.4922405091346128,0.3,1.0,0.3,0.5
91960,mscoco,0.029912370536476374,0.11736376482538753,0.026493823947384955,0.18573719680422435,0.0,0.03125,0.0,0.0238095238095238
570203,mscoco,0.17155439276248216,0.24547821533025543,0.22173644565045833,0.5110464095272137,0.1,0.125,0.5,1.0
46506,mscoco,0.011640407811501063,0.030529554519763996,0.008577491797041148,0.018318778152655722,0.0,0.0285714285714285,0.1,0.1428571428571428
460202,mscoco,0.15554116182029248,0.3630674684842473,0.1295640562660992,0.264828879047451,0.3,1.0,0.3,0.5
358566,mscoco,0.1274843245744705,0.24381330478780672,0.16933448389172553,0.4003275900464162,0.2,0.5,0.6,0.3333333333333333
205206,mscoco,0.03343881787732243,0.13815207215906444,0.02792494432069361,0.08172877832339355,0.1,0.5,0.0,0.01
342273,mscoco,0.10628558844327926,0.3445768179774492,0.1934634979814291,0.2846349735594057,0.1,0.3333333333333333,0.1,0.1428571428571428
550466,mscoco,0.11493405569344758,0.28953834999654693,0.296791522949934,0.44434011729827344,0.3,1.0,0.5,1.0
303281,mscoco,0.7921845197677613,0.9162865859775455,0.8078887224197387,0.9028392317005984,0.8,1.0,0.9,1.0
464787,mscoco,0.00409761011833325,0.013661349399317999,0.005001086788251996,0.02077599605685805,0.0,0.0625,0.1,0.5
382210,mscoco,0.20424364805221557,0.31336946263383336,0.3209222085773945,0.480586428860681,0.0,0.0078740157480314,0.0,0.0217391304347826
78413,mscoco,0.022368511743843557,0.12247805331224845,0.017179609509184957,0.06607525469737686,0.1,1.0,0.1,0.5
241530,mscoco,0.032770441565662625,0.07130345504721892,0.04900321904569864,0.2072281529080617,0.0,0.0185185185185185,0.0,0.0666666666666666
165419,mscoco,0.6007172331213951,0.8278698661270733,0.6455245077610016,0.8575874732501474,0.4,1.0,0.8,1.0
152776,mscoco,0.020851605175994336,0.14104745883681608,0.029772456362843515,0.16029874090356752,0.1,1.0,0.1,1.0
103320,mscoco,0.21384285017848015,0.45814817574398586,0.26845182105898857,0.47510317368149285,0.1,0.25,0.0,0.0714285714285714
391011,mscoco,0.28788287863135337,0.38814386025639946,0.4549354646354914,0.820107201996806,0.6,1.0,1.0,1.0
36281,mscoco,0.004832761846046196,0.032139446935665617,0.005836951744277031,0.033567837474023435,0.1,1.0,0.1,1.0
485016,mscoco,0.02187228815164417,0.07846602210071796,0.07727492400445043,0.3616488354873869,0.0,0.0112359550561797,0.0,0.0833333333333333
524392,mscoco,0.594054427742958,0.7203715811988182,0.633342781662941,0.8296567495872,1.0,1.0,0.9,1.0
299123,mscoco,0.18908815570175647,0.29404855478010006,0.11588628180325031,0.34884923268460927,0.4,1.0,0.6,0.5
211905,mscoco,0.005015199666377157,0.027234259684902607,0.0035497261418640847,0.02490799913731708,0.1,1.0,0.1,1.0
231381,mscoco,0.3353679269552231,0.6403597537883793,0.4087603658437729,0.7545364004155617,0.3,0.5,0.5,1.0
433896,mscoco,0.02417849503690377,0.1725483103825546,0.02135496406699531,0.1654696612876975,0.1,1.0,0.1,1.0
284259,mscoco,0.07158260717988014,0.19358670468339784,0.07862094482406974,0.18781776346226217,0.2,1.0,0.1,1.0
540283,mscoco,0.15498006641864776,0.3644270024866511,0.08064269083552063,0.1850055295321695,0.2,1.0,0.0,0.0769230769230769
425010,mscoco,0.3158237751573324,0.6258262975141412,0.1859526824206114,0.5832852170011361,0.2,1.0,0.4,1.0
170525,mscoco,0.40043892711400986,0.48506607336753904,0.47838076800107954,0.6296012148423442,0.0,0.0434782608695652,0.2,0.125
432216,mscoco,0.021383654745295643,0.06703104242880252,0.042605222389101985,0.15184207015232054,0.1,0.2,0.1,0.3333333333333333
142402,mscoco,0.013658588705584406,0.07440211137642518,0.01614041505381465,0.06231729374027598,0.1,1.0,0.1,0.125
90820,mscoco,0.09733074207324535,0.4879365049574418,0.07576191182015464,0.35320828273098925,0.0,0.04,0.0,0.0833333333333333
208961,mscoco,0.018913125092512927,0.1135698573211385,0.011165912616706918,0.10567659649896127,0.1,1.0,0.1,1.0
140623,mscoco,0.13181718699634076,0.3591644595877839,0.19620251171290876,0.2865623362858221,0.3,1.0,0.3,0.3333333333333333
312015,mscoco,0.2919599421322346,0.4481832685117852,0.21363505236804486,0.5818248639803029,0.3,0.5,0.2,0.3333333333333333
388399,mscoco,0.1907852351665497,0.49150894650167287,0.17801979137584567,0.39108543885792924,0.2,0.3333333333333333,0.1,0.25
126659,mscoco,0.08877368830144405,0.24637247603163698,0.20726862028241158,0.41948628328934573,0.2,0.2,0.4,0.25
234990,mscoco,0.11995254568755627,0.28049238324830095,0.12261193245649338,0.23669613107317422,0.0,0.04,0.2,0.1111111111111111
212445,mscoco,0.5975109919905662,0.8238909113994305,0.6960900098085403,0.9340561545674728,0.9,1.0,1.0,1.0
540885,mscoco,0.3432413890957832,0.55625771611037,0.3561426103115082,0.6345568711160283,0.3,1.0,0.5,1.0
276417,mscoco,0.28264255411922934,0.5613521116834991,0.40910262912511824,0.5601182230971353,0.1,0.2,0.2,0.1111111111111111
46173,mscoco,0.013346149399876595,0.05950300139945463,0.02685896516777575,0.06843335942356853,0.1,0.3333333333333333,0.0,0.0188679245283018
53641,mscoco,0.08640582859516144,0.2508083656358256,0.06584426753688603,0.1928947460865988,0.2,0.5,0.2,0.1666666666666666
367332,mscoco,0.5205989234149456,0.8831607934547924,0.5965505361557006,0.7038664738794747,0.3,1.0,0.6,1.0
527134,mscoco,0.056383900344371796,0.1593615965605584,0.08239564709365368,0.18458515718704555,0.1,0.3333333333333333,0.1,0.1666666666666666
263970,mscoco,0.012443274375982583,0.048548906088629704,0.02163628311827779,0.0707666600789799,0.0,0.006060606060606,0.1,1.0
485696,mscoco,0.05211889883503318,0.18726068402767704,0.06301615918055177,0.2321020930327498,0.1,1.0,0.1,1.0
118870,mscoco,0.018890877370722592,0.09207862617121523,0.008940299227833747,0.04550797720445525,0.0,0.0909090909090909,0.1,0.5
11332,mscoco,0.2986329465173185,0.7191987186024958,0.20091493241488934,0.36115297505031924,0.0,0.0625,0.5,1.0
365523,mscoco,0.09838130185380578,0.33199047280490435,0.042290300317108634,0.24484263341538737,0.1,0.3333333333333333,0.1,1.0
479035,mscoco,0.012475825916044413,0.03471627966601027,0.016676276409998535,0.0569447543618566,0.1,0.1428571428571428,0.0,0.0294117647058823
416098,mscoco,0.0861264631152153,0.4395550806170144,0.07126552938716486,0.3346607686386731,0.1,0.5,0.5,1.0
13284,mscoco,0.002786418249888811,0.020939144817159496,0.0030476596220978536,0.019669538674549347,0.1,1.0,0.1,1.0
110435,mscoco,0.014160069520585239,0.07707741863186793,0.012063624529582739,0.07779772951550472,0.1,1.0,0.1,1.0
116694,mscoco,0.19908058717846872,0.5098774091081959,0.3043673733249307,0.5607963847497216,0.1,0.3333333333333333,0.0,0.037037037037037
244410,mscoco,0.05978682562708855,0.20771557790406092,0.14521754533052444,0.30210176209418926,0.3,1.0,1.0,1.0
428992,mscoco,0.006387649552198127,0.03769147363352403,0.010459297633497044,0.05573957626987986,0.2,1.0,0.6,1.0
337902,mscoco,0.1949457012116909,0.348732928728348,0.16354739451780914,0.3231630120622047,0.8,1.0,0.9,1.0
546074,mscoco,0.011145369586301968,0.044518767008102186,0.02611807961948216,0.08953429698648313,0.0,0.04,0.1,1.0
70033,mscoco,0.010180390428286046,0.07763100062680056,0.004868267074925825,0.020135807231432372,0.6,1.0,0.6,1.0
149268,mscoco,0.20264161117374896,0.2979585908963016,0.1366206981241703,0.26087849824288467,0.0,0.0476190476190476,0.3,0.3333333333333333
431370,mscoco,0.07131862761452794,0.17409517620100773,0.35676520466804507,0.5730743112579219,0.1,0.125,0.2,0.3333333333333333
254387,mscoco,0.02437653936794959,0.06167684434027637,0.025917488732375205,0.06722185761240296,0.2,0.1428571428571428,0.5,0.3333333333333333
177349,mscoco,0.028929742431500927,0.1634890634574736,0.02338223064725753,0.11673468847858474,0.1,0.3333333333333333,0.1,0.1666666666666666
287186,mscoco,0.1770205467939377,0.3792500887139584,0.28712967596948147,0.3419298748072977,0.0,0.0769230769230769,0.1,0.125
328284,mscoco,0.28996783681213856,0.31926443068190424,0.2876830529421568,0.7756089436477638,0.1,0.25,0.1,1.0
50409,mscoco,0.026720903301611542,0.11205984268816123,0.06107559185475111,0.16898339954324237,0.0,0.032258064516129,0.1,0.1111111111111111
399183,mscoco,0.05764868222177029,0.15917035342004882,0.17306148298084736,0.33071835027064445,0.1,0.1111111111111111,0.6,0.5
76589,mscoco,0.04487371575087309,0.17043145962404557,0.047921267338097095,0.10640084621773092,0.2,1.0,0.3,1.0
534965,mscoco,0.06521833278238773,0.18668034708887982,0.06822184305638075,0.16923012467392765,0.1,0.25,0.0,0.0833333333333333
295759,mscoco,0.041537261474877595,0.12447201760626521,0.05343248648568988,0.12497396637017763,0.0,0.0037735849056603,0.0,0.0526315789473684
131725,mscoco,0.0023944815766299143,0.01167881107060611,0.005379679688485339,0.018868435764228825,0.0,0.0588235294117647,0.1,1.0
214123,mscoco,0.07492710119113326,0.26774278368637,0.06747443471103906,0.2086420854882793,0.1,1.0,0.0,0.0625
433075,mscoco,0.10634180004708468,0.47606932958342,0.13537283912301062,0.24686112025667054,0.1,1.0,0.1,0.1666666666666666
21260,mscoco,0.023361086630029605,0.04824556581652104,0.013924153335392476,0.03374812019790758,0.0,0.0098039215686274,0.1,0.2
312870,mscoco,0.18735435269773007,0.433253443499025,0.14309320817701518,0.4586874662411894,0.0,0.0476190476190476,0.1,0.25
6824,mscoco,0.44941148459911345,0.6079691165268003,0.5069471329450608,0.5492089277020732,0.7,0.25,0.8,1.0
368014,mscoco,0.21405476853251457,0.4381278533480443,0.22501303795725108,0.383888014484993,0.3,0.3333333333333333,0.3,1.0
227772,mscoco,0.07138061821460724,0.2094926241398165,0.11099269352853298,0.2772395849156925,0.1,0.1666666666666666,0.3,0.25
276671,mscoco,0.3209936022758484,0.6981891163625291,0.5157858073711395,0.8854622945229568,0.2,0.3333333333333333,0.6,0.5
74894,mscoco,0.2984044931828976,0.563888584128207,0.2877623409032822,0.4992688839511142,0.3,1.0,0.5,1.0
395170,mscoco,0.28332932367920877,0.48256377011111823,0.2056577168405056,0.37695453709078375,0.4,0.5,0.6,1.0
362521,mscoco,0.12163342237472534,0.2649416904397703,0.1107676962390542,0.2007251647194016,0.0,0.02,0.1,0.2
543838,mscoco,0.006199895247118547,0.02131516571570433,0.005550330992991803,0.022935276732945736,0.1,1.0,0.1,0.3333333333333333
385580,mscoco,0.0042280765512259675,0.032438963031361095,0.012288424803409725,0.03614145823829094,0.0,0.0153846153846153,0.0,0.0714285714285714
448131,mscoco,0.07437087688595057,0.23650732939201174,0.11597009263932705,0.26755110484968814,0.1,0.2,0.6,1.0
33702,mscoco,0.156154265999794,0.45667542096060176,0.337867271900177,0.35598078496251895,0.0,0.0555555555555555,0.0,0.0769230769230769
109522,mscoco,0.20702974274754524,0.29771041519176805,0.20638257786631584,0.42615039218812745,0.0,0.0416666666666666,0.0,0.0256410256410256
268444,mscoco,0.0831794498488307,0.24340237555020902,0.18528635129332544,0.34734715322917165,0.2,0.5,0.3,1.0
526105,mscoco,0.068693913705647,0.18566759499056595,0.11147649567574262,0.3942705730927828,0.0,0.0714285714285714,0.0,0.0833333333333333
538709,mscoco,0.019331396138295532,0.09197915811387006,0.02903878353536129,0.11842621455007961,0.1,0.1666666666666666,0.2,0.5
455856,mscoco,0.0026461281900992616,0.011361442882007812,0.003859424020629376,0.013104720014195218,0.1,0.5,0.1,0.5
246878,mscoco,0.18071607016026975,0.2898100912281046,0.33656774535775186,0.5846520572291192,0.0,0.0142857142857142,0.4,0.5
361472,mscoco,0.029271262779366224,0.0853329676114942,0.043146644998341796,0.1692211796369456,0.0,0.0384615384615384,0.1,1.0
422240,mscoco,0.020672283531166614,0.07585908870451566,0.017478840611875057,0.07497965582142374,0.1,1.0,0.1,1.0
233073,mscoco,0.06696729641407728,0.19823189879107092,0.0484892200678587,0.13600335278088413,0.1,0.3333333333333333,0.1,1.0
340621,mscoco,0.1774450834840536,0.4227222613557928,0.15311028268188237,0.43707191328676714,0.4,1.0,0.6,1.0
422804,mscoco,0.001436600156739587,0.003513718771398905,0.0014160367383738049,0.011049708957478184,0.1,0.1666666666666666,0.1,1.0
440762,mscoco,0.10468853302299977,0.29800512260450096,0.12038809023797511,0.2871322223590342,0.1,0.125,0.1,0.1
165907,mscoco,0.1610662445425987,0.39065176302011645,0.17364111989736558,0.38151981007239893,0.4,0.5,0.6,1.0
540006,mscoco,0.0026633613742887974,0.0072217681510957695,0.003077457545441575,0.01350646259523642,0.1,0.1111111111111111,0.1,1.0
300267,mscoco,0.1652501119300723,0.30229124343120867,0.16301807500422,0.4711403507534061,0.5,0.5,0.3,1.0
413852,mscoco,0.35004342794418336,0.3928935972146802,0.506309974193573,0.7313061464860089,0.4,0.25,0.7,1.0
360975,mscoco,0.21665485575795174,0.5461249827916289,0.13414634633809328,0.37230273998564056,0.4,0.25,0.3,1.0
211909,mscoco,0.43723117038607595,0.8529670475882717,0.6040478035807609,0.7874344939962786,0.6,1.0,0.8,1.0
66389,mscoco,0.05438569760881364,0.17230652579247283,0.058846873696893454,0.175623834898405,0.0,0.0030395136778115,0.0,0.0025575447570332
13285,mscoco,0.041830576467327775,0.1507429196354171,0.03975215437822044,0.14802614577297826,0.0,0.009009009009009,0.0,0.0026178010471204
573922,mscoco,0.04041435904800892,0.15175619686527508,0.1309603991918266,0.31235899712578263,0.1,0.125,0.4,1.0
62619,mscoco,0.026889168843626975,0.04468202158715352,0.041339664114639164,0.2294909636294031,0.1,0.1,0.1,1.0
168563,mscoco,0.10393459927290678,0.19738133151381235,0.11069388771429658,0.33489465720153205,0.2,0.25,0.2,0.5
178504,mscoco,0.019650177424773575,0.06607923607960339,0.11557491663843393,0.32307846572050125,0.0,0.0909090909090909,0.1,1.0
176174,mscoco,0.17151757404208184,0.38911203391137944,0.22031354308128356,0.3890094113473909,0.1,0.1666666666666666,0.1,0.5
60903,mscoco,0.18614438995718957,0.3820231639908852,0.277349641174078,0.47943915447035373,0.1,0.1111111111111111,0.2,1.0
80554,mscoco,0.059190729074180125,0.1934363488185785,0.07984677404165268,0.1880882428625355,0.0,0.0714285714285714,0.2,0.3333333333333333
494852,mscoco,0.05476809102110565,0.15274924353493868,0.08813751712441445,0.2650453032320148,0.4,1.0,0.3,1.0
272832,mscoco,0.033467923966236414,0.08578798905389352,0.036537293787114324,0.16288997958046636,0.1,0.3333333333333333,0.1,1.0
497002,mscoco,0.021998200693633407,0.05763115564977715,0.016432524274569003,0.047737749656708676,0.1,0.5,0.0,0.0526315789473684
473918,mscoco,0.009776484663598239,0.04491799623761184,0.019966737693175675,0.07196947251504572,0.0,0.0454545454545454,0.1,0.5
78681,mscoco,0.2520573180168867,0.44270557499793517,0.22790083792060614,0.5041105925470702,0.5,1.0,0.5,1.0
261323,mscoco,0.04917121911421418,0.1457717384912659,0.049863469786942005,0.1318378445266116,0.0,0.0476190476190476,0.1,1.0
489482,mscoco,0.05715667195618153,0.16526815342144094,0.07159398971125483,0.14022525728988697,0.0,0.0909090909090909,0.1,0.5
513966,mscoco,0.020862645003944635,0.09112606969824463,0.04626134419813752,0.16482786558103507,0.1,0.2,0.0,0.04
326202,mscoco,0.2839941568672657,0.5851754150662059,0.3038938784971833,0.7648444557255942,0.3,1.0,0.3,1.0
394159,mscoco,0.1373854845762253,0.35005363528841055,0.2327266216278076,0.40849212905853455,0.1,0.3333333333333333,0.2,0.3333333333333333
392320,mscoco,0.4336543375626206,0.5591280455745788,0.4335569828748703,0.8952371129770317,0.7,1.0,0.6,1.0
428301,mscoco,0.4506457284092903,0.7177114316899492,0.3492893882095814,0.6582810147029547,0.3,1.0,0.3,1.0
304217,mscoco,0.09030036209151149,0.3297495222598726,0.06106576444581151,0.21071341142784913,0.0,0.0217391304347826,0.0,0.0133333333333333
332131,mscoco,0.3600089967250824,0.5456107703971472,0.5469011425971985,0.6047506863120853,0.6,1.0,0.7,1.0
316336,mscoco,0.0687197718769312,0.18286302960521988,0.12039432087913156,0.3089378448021249,0.1,0.3333333333333333,0.1,1.0
575331,mscoco,0.02986995941027999,0.08461690396197523,0.016886241268366575,0.06264944775111099,0.0,0.0476190476190476,0.1,1.0
357578,mscoco,0.09006021767854691,0.25670077226126736,0.23760944455862046,0.5550022949679425,0.0,0.0625,0.2,0.25
201714,mscoco,0.3629549629986286,0.5376519143187763,0.18677519373595713,0.5669511543327012,0.5,1.0,0.3,1.0
76899,mscoco,0.18741488764062525,0.2872076626132629,0.10658272397704423,0.2193106574904199,0.1,0.1666666666666666,0.0,0.0175438596491228
461445,mscoco,0.3830535069108009,0.6019657862290186,0.3790633663535118,0.5893819137871761,0.2,0.3333333333333333,0.1,1.0
317431,mscoco,0.43635482937097547,0.8349054458970465,0.4911616057157516,0.8093784896835609,0.9,1.0,0.9,1.0
74,drawbench,0.3186850905418396,0.4445712946711774,0.22151467055082322,0.7645673593982283,0.0,0.0128205128205128,0.0,0.0181818181818181
413172,mscoco,0.1450103146955371,0.34512149458609537,0.21300492957234382,0.561162282575695,0.1,0.1428571428571428,0.4,0.3333333333333333
346754,mscoco,0.02380372826009989,0.07279276260604443,0.01649086324032396,0.06977775046293903,0.0,0.0038167938931297,0.0,0.0014245014245014
142349,mscoco,0.1773307852447033,0.384331830055597,0.21925649419426918,0.31310519792244595,0.1,0.1666666666666666,0.3,0.25
495947,mscoco,0.15509341461583973,0.44070775659252986,0.12193957027047872,0.29564675328518186,0.0,0.0454545454545454,0.0,0.0416666666666666
105344,mscoco,0.2315614141523838,0.48112120009923226,0.17109211757779122,0.4738351147576082,0.2,0.25,0.5,1.0
466024,mscoco,0.4152093594893813,0.6569628632048194,0.5238362580537796,0.7714936778894551,0.7,1.0,1.0,1.0
579165,mscoco,0.033836529962718485,0.11857082948112407,0.03839893115218729,0.13122090704260594,0.1,0.2,0.0,0.0256410256410256
323868,mscoco,0.10355944894254207,0.1925963380457141,0.53256696164608,0.7922119962862783,0.1,0.1666666666666666,0.7,1.0
119947,mscoco,0.06806982662528753,0.19343360613766086,0.10414938139729202,0.2507657564359068,0.1,1.0,0.1,0.5
536201,mscoco,0.03234784351661801,0.12710694037286957,0.02735151769593358,0.11606164686213907,0.1,1.0,0.1,1.0
151432,mscoco,0.374581041932106,0.5066453731296433,0.40372869074344636,0.5827083304785259,0.5,1.0,0.3,0.3333333333333333
50972,mscoco,0.20575894312933088,0.8666179740490488,0.1655457082670182,0.31135559713588895,0.2,1.0,0.2,0.3333333333333333
222361,mscoco,0.12582545932382344,0.212208884437874,0.1583124665543437,0.30621841663828825,0.4,0.25,0.7,1.0
183,drawbench,0.008556807425338774,0.022717972812287178,0.0066577667312230915,0.023035608057496486,0.0,0.0,0.0,0.0
356654,mscoco,0.018928641150705517,0.0682286634324741,0.022768141329288484,0.0687709091582373,0.1,1.0,0.0,0.0526315789473684
12377,mscoco,0.003701931267278269,0.019108803361142433,0.004923002101713791,0.01821624493167006,0.1,0.25,0.1,1.0
62589,mscoco,0.2547848805785179,0.4684936890850096,0.2867910597473383,0.4894325892954025,0.4,1.0,0.5,1.0
175,drawbench,0.008014119620202109,0.04482405073182096,0.0057923297456,0.01604853365994749,0.0,0.0,0.0,0.0
97569,mscoco,0.007519805780611932,0.027072413132326414,0.013009825814515352,0.04571225921364242,0.1,0.1111111111111111,0.2,0.3333333333333333
118342,mscoco,0.41525398194789886,0.7125352776265222,0.46698650121688845,0.5844916765106195,0.5,1.0,0.7,0.5
226348,mscoco,0.054251546319574115,0.1556537463264498,0.043247160874307154,0.2301664089326004,0.1,0.5,0.1,1.0
507833,mscoco,0.0016961507702944801,0.006673696407081852,0.0006866449029075738,0.005229158529804902,0.1,1.0,0.1,1.0
509503,mscoco,0.20435951016843318,0.2758687412680723,0.09650902319699525,0.36915617397617356,0.4,1.0,0.3,0.5
265447,mscoco,0.256882931292057,0.5819049068569632,0.26379571855068207,0.48618101038146394,0.6,1.0,0.6,1.0
39398,mscoco,0.20894283577799797,0.44805955148826215,0.4514515087008476,0.7130570423961053,0.1,0.5,0.2,1.0
475667,mscoco,0.23393875882029533,0.5425093928651578,0.25901865437626836,0.4372626905834373,0.3,0.3333333333333333,0.3,0.5
110829,mscoco,0.017195847013499587,0.10908515757209211,0.009536838310305029,0.03826941467091069,0.0,0.0434782608695652,0.2,1.0
423830,mscoco,0.3161152109503746,0.6006881362731101,0.1846584090963006,0.6377508254007649,0.1,0.125,0.2,1.0
159567,mscoco,0.04229798447340727,0.16191944254714954,0.03887690459378064,0.14130013871111763,0.1,1.0,0.0,0.003012048192771
67422,mscoco,0.28346189111471176,0.40710559677959834,0.3502334102988243,0.7204906353458381,0.3,0.5,0.3,0.5
449210,mscoco,0.19384945183992386,0.46622620409703946,0.263154561817646,0.5610153354828813,0.1,0.2,0.4,1.0
561386,mscoco,0.0686320211738348,0.1821185238761491,0.2894375570118427,0.4535535024978915,0.2,0.2,0.2,0.25
136267,mscoco,0.27325979322195054,0.41372800678517774,0.2595024108886719,0.4658223099850141,0.8,1.0,0.6,0.5
147294,mscoco,0.06031260378658772,0.1417961228459954,0.07487970707006752,0.15536826862605177,0.1,0.2,0.2,0.5
127074,mscoco,0.0845438789576292,0.2515588790186561,0.12228154502809048,0.3816900969261009,0.3,1.0,0.6,1.0
355593,mscoco,0.11695217131637037,0.43380533580530667,0.15543349888175725,0.40869055786684066,0.0,0.0005411255411255,0.0,0.0078740157480314
82,drawbench,0.14442024789750577,0.403193826659061,0.21421359293162823,0.6993343190192107,0.1,0.1666666666666666,0.0,0.032258064516129
97614,mscoco,0.05291281044483185,0.15551649068751236,0.1716840710490942,0.4676375453874789,0.0,0.0196078431372549,0.0,0.0555555555555555
548219,mscoco,0.24187493808567523,0.5843937269933107,0.2131803695112467,0.7651983917201857,0.4,0.5,0.4,1.0
232031,mscoco,0.03462524899514392,0.13805355651933188,0.03461341091897339,0.07715604042477134,0.1,0.5,0.0,0.0526315789473684
212047,mscoco,0.024268725072033703,0.10437727367760319,0.029476293339394034,0.11534826355053113,0.1,1.0,0.1,1.0
532520,mscoco,0.052195723773911594,0.1513495074848428,0.05400836463086307,0.14078217973533197,0.2,0.3333333333333333,0.1,0.25
202923,mscoco,0.11441006641834975,0.20724208999732543,0.22687980979681016,0.6657226786021444,0.4,0.25,0.3,0.1666666666666666
32675,mscoco,0.1046978953294456,0.5451864236416212,0.12034722063690424,0.5430478507138964,0.1,1.0,0.1,1.0
280112,mscoco,0.3831389233469963,0.6966088842908834,0.3428646121174097,0.635013140728408,0.3,0.3333333333333333,0.2,1.0
230982,mscoco,0.062133432179689405,0.20242020431578933,0.05894083864986897,0.14347750643350662,0.1,0.5,0.0,0.0714285714285714
104340,mscoco,0.0030665531376143917,0.011888652088151604,0.003582755057141185,0.0153734437759774,0.0,0.0256410256410256,0.1,1.0
444912,mscoco,0.0042561585432849824,0.01828406186641177,0.006916362239280716,0.0400306701816611,0.0,0.0833333333333333,0.1,0.1666666666666666
210071,mscoco,0.07385857552289962,0.16439405374421556,0.055864504724740985,0.16972260270656409,0.9,1.0,1.0,1.0
541203,mscoco,0.08020226573571562,0.2822118545864852,0.07434620184940285,0.1858984120101549,0.1,0.1,0.2,1.0
64626,mscoco,0.08022620268166065,0.22524146475861195,0.10526950061321258,0.3839804163141579,0.1,0.1111111111111111,0.0,0.0555555555555555
224060,mscoco,0.13891678368672727,0.3534863076426743,0.0635526429861784,0.2840726958469146,0.1,1.0,0.1,1.0
411028,mscoco,0.15136870853602885,0.30681433677537123,0.3596997082233429,0.648849405966246,0.4,1.0,0.5,1.0
228712,mscoco,0.029499932820908726,0.0860562634436445,0.013510014209896327,0.048118681162168137,0.1,0.125,0.0,0.0256410256410256
170365,mscoco,0.15318131558597087,0.41687813532237783,0.12028150260448456,0.35799957165774365,0.0,0.0769230769230769,0.1,0.125
346403,mscoco,0.06224116403609514,0.17756488199876153,0.10574812330305576,0.43739852481401836,0.0,0.0163934426229508,0.2,1.0
265597,mscoco,0.6969271630048752,0.8707314725969878,0.7223960667848587,0.770593770796308,1.0,1.0,0.9,0.5
11504,mscoco,0.1336711386218667,0.17421854864633826,0.15345518495887517,0.3904996898745438,0.1,0.125,0.2,0.3333333333333333
546010,mscoco,0.02574222127441317,0.16782715495959008,0.021809260884765536,0.10859857614031851,0.1,1.0,0.1,0.5
287003,mscoco,0.14202693072147668,0.6990324480419323,0.17539182361215352,0.42159000583375983,0.1,1.0,0.3,0.5
485406,mscoco,0.17928693238645793,0.638509200045507,0.23213855680078269,0.455962861209502,0.0,0.0416666666666666,0.1,1.0
299051,mscoco,0.11058553401380777,0.18908917416441043,0.17754982374608516,0.44876914560301334,0.3,1.0,0.5,1.0
67,drawbench,0.0005786838029962383,0.0026509800087263407,8.764922295085853e-05,0.0005216274103270177,0.0,0.0,0.0,0.0
107481,mscoco,0.40495658963918685,0.6117904078332618,0.5558409333229065,0.7541883903188682,0.4,0.3333333333333333,0.5,1.0
160968,mscoco,0.3270042479038239,0.4838039735434126,0.18101667165756224,0.33753710510474105,0.1,0.1428571428571428,0.1,0.3333333333333333
447983,mscoco,0.025784051651135086,0.18753244517174203,0.044138522702269256,0.21763668965677754,0.1,1.0,0.1,1.0
192651,mscoco,0.1771894708275795,0.4717060927614444,0.3041734993457794,0.6168362537842538,0.3,0.5,0.5,1.0
341856,mscoco,0.09551539029926062,0.3830551176218325,0.13359749575029128,0.37443920463384395,0.3,0.5,0.2,1.0
45809,mscoco,0.17243689820170402,0.4282037634405705,0.19047997649759055,0.38177168996605193,0.6,1.0,0.6,1.0
552089,mscoco,0.04635430863127112,0.21708762401099385,0.029723138688132165,0.06091122311465773,0.1,0.1111111111111111,0.1,0.1
24097,mscoco,0.08411540278466419,0.5893481962086948,0.07411066829808988,0.5726439142526112,0.1,1.0,0.1,1.0
433451,mscoco,0.24204748095944523,0.38190623623668685,0.24619435891509056,0.5914906536045856,0.0,0.0909090909090909,0.1,0.1666666666666666
547100,mscoco,0.04803388752479805,0.4456784113968671,0.049340101416237306,0.4456298149557925,0.1,1.0,0.1,1.0
485595,mscoco,0.015552031435072422,0.07682179707046932,0.03486377149820328,0.14214669530430604,0.1,0.5,0.1,1.0
266209,mscoco,0.1011282041668892,0.21332813723199193,0.12631034590303897,0.29370707734418566,0.2,0.3333333333333333,0.8,1.0
559754,mscoco,0.20098001658916473,0.49695621676140217,0.14390080263838173,0.3018279155321859,0.3,0.25,0.5,1.0
253848,mscoco,0.07505818905774504,0.23802408364284625,0.0904408149421215,0.18078589875029386,0.0,0.0434782608695652,0.1,0.1666666666666666
51487,mscoco,0.005676020593455178,0.0295979160438187,0.006695666172890924,0.029785730377801817,0.1,1.0,0.1,1.0
8725,mscoco,0.2543780026957393,0.472884799007006,0.17187301702797414,0.42003005687732636,0.0,0.003690036900369,0.0,0.0909090909090909
115,drawbench,0.13743377807550133,0.35808261169755484,0.1123983662109822,0.26263587111733216,0.0,0.0,0.0,0.0
168833,mscoco,0.19809167198836802,0.3912869354661402,0.344446636736393,0.5520127266925577,0.0,0.02,0.0,0.0357142857142857
248682,mscoco,0.31463532596826554,0.5045967119399578,0.39412772953510283,0.586327220732133,0.6,0.5,0.8,1.0
488032,mscoco,0.3376238986849785,0.7273241737894361,0.5084981948137284,0.6409367001606758,0.3,1.0,0.6,1.0
24242,mscoco,0.06641005408018827,0.17004345507402402,0.1518791988492012,0.33117057415553025,0.0,0.05,0.5,1.0
150546,mscoco,0.07958675865083933,0.2920289092031638,0.09362737610936164,0.26243544888125936,0.1,0.5,0.1,1.0
67563,mscoco,0.3453723005950451,0.415036403036604,0.1903743714094162,0.29475417897252837,0.2,1.0,0.0,0.0833333333333333
36783,mscoco,0.1143125243484974,0.40347358080698287,0.17330132871866227,0.3515132621179392,0.0,0.0040485829959514,0.1,0.1428571428571428
216015,mscoco,0.16591815911233426,0.45735048434253706,0.13758440501987934,0.4491707183541263,0.2,1.0,0.1,1.0
530904,mscoco,0.12075894102454185,0.33983749859151224,0.1329469636082649,0.4883844244343594,0.3,0.3333333333333333,0.3,1.0
15356,mscoco,0.12420455068349838,0.29362175546060465,0.13227898851037026,0.3196639295877119,0.4,0.3333333333333333,0.4,1.0
213809,mscoco,0.016147904610261322,0.09292689063693119,0.01677854968002066,0.09289015199072374,0.1,1.0,0.1,1.0
407057,mscoco,0.026497745688539,0.09173669458641456,0.020373697159811854,0.06827581471414772,0.4,1.0,0.3,1.0
229142,mscoco,0.12525351922959088,0.2719620987067229,0.19534482769668102,0.3943293911601015,0.1,0.3333333333333333,0.1,0.1428571428571428
307990,mscoco,0.1732248567044735,0.28535379357626295,0.40770037323236463,0.5792884810444079,0.3,0.25,0.2,0.5
185,drawbench,0.01806074273772538,0.04780755616598624,0.009566101938253269,0.024910868645802702,0.0,0.0,0.0,0.0
318820,mscoco,0.06777222882956266,0.4212858496782891,0.06776029814500362,0.4218332269201084,0.1,1.0,0.1,1.0
575303,mscoco,0.055076970648951826,0.4375452930039425,0.056189246289432046,0.4357453158717543,0.1,1.0,0.1,1.0
578094,mscoco,0.01817239341326058,0.060046928702992206,0.02942724176682532,0.08589029862705067,0.4,1.0,0.7,1.0
54611,mscoco,0.211248042806983,0.27164597946031266,0.42636323571205137,0.6019142313324559,0.2,0.3333333333333333,0.7,1.0
5903,mscoco,0.05695598560851067,0.3323681692634281,0.06932153413072228,0.33605785252828013,0.2,1.0,0.1,1.0
238603,mscoco,0.5716495931148529,0.6564853798126586,0.6761051416397095,0.9025666036949087,0.3,0.1666666666666666,0.7,1.0
113089,mscoco,0.026286405511200428,0.1401043551328092,0.04848736119456589,0.1650742916067463,0.1,1.0,0.1,1.0
381759,mscoco,0.023763669235631824,0.08453869245476636,0.015232546906918287,0.053723059022753886,0.0,0.0104166666666666,0.1,0.5
486580,mscoco,0.18383124135434628,0.41905767954819173,0.25452743880450723,0.4368851740614391,0.0,0.0434782608695652,0.2,0.25
480720,mscoco,0.328844727575779,0.540278124652363,0.238622934371233,0.4483983637097365,0.6,0.3333333333333333,0.5,1.0
289140,mscoco,0.016375872772186995,0.043647399110243915,0.023560783918946983,0.061475021030501405,0.1,0.2,0.1,0.3333333333333333
91719,mscoco,0.305161315202713,0.39903489853241986,0.5682480126619339,0.7180302316441665,0.2,0.3333333333333333,0.8,1.0
8944,mscoco,0.04379347616340965,0.09433188551165644,0.03920153414364904,0.12126553459383155,0.1,0.3333333333333333,0.0,0.0833333333333333
468742,mscoco,0.08106088638305664,0.20224926063506385,0.10616859514266253,0.21788972119664815,0.3,1.0,0.3,1.0
512723,mscoco,0.40099444091320036,0.7251542605209431,0.46527522802352905,0.5515779988532468,0.5,1.0,0.8,1.0
167962,mscoco,0.22508563697338105,0.43864067764563175,0.4433160603046417,0.6709200489236951,0.2,0.1666666666666666,0.4,0.3333333333333333
132161,mscoco,0.021299371623899787,0.06385448622227152,0.017318078741664068,0.05108487581931134,0.0,0.0416666666666666,0.1,1.0
260336,mscoco,0.27603515665978196,0.5782481627789495,0.27545607276260853,0.4589813944528641,0.6,1.0,0.8,1.0
320429,mscoco,0.12862017168663442,0.24690527034403068,0.14557844325900077,0.49353283264425757,0.1,0.1,0.2,1.0
465893,mscoco,0.15325839035212993,0.2985746916354761,0.31559148132801057,0.5074067691556632,0.2,0.1666666666666666,0.5,0.3333333333333333
34183,mscoco,0.07481529539218172,0.3269297769231137,0.046467680111527444,0.2927449155253846,0.2,1.0,0.2,1.0
531404,mscoco,0.007836055461666547,0.03526790979738179,0.017518793395720423,0.061326759116219424,0.0,0.015625,0.1,0.1666666666666666
551651,mscoco,0.050365944392979145,0.1683053722858654,0.06692940518260002,0.17129194252860624,0.1,0.1428571428571428,0.2,0.5
140921,mscoco,0.12890522237867116,0.62225142148973,0.13617243245244026,0.6169199206062156,0.2,1.0,0.2,1.0
449780,mscoco,0.1213089682161808,0.193624404597655,0.15590907484292985,0.47741094678511975,0.1,0.1666666666666666,0.0,0.0588235294117647
560326,mscoco,0.04354497892782092,0.11198216214043825,0.0775801807641983,0.2536133308554754,0.2,0.5,0.3,1.0
440813,mscoco,0.007550091843586415,0.01986325708790015,0.007188176579074934,0.027347427395139953,0.1,0.5,0.1,0.25
126,drawbench,0.11351766847074032,0.25394979919669136,0.09782236479222775,0.28028216196463923,0.0,1.321684883889983e-05,0.0,4.428305730227615e-05
44,drawbench,0.2549827888607979,0.3717184659312311,0.2471111498773098,0.44810275023317847,0.0,2.0200795911358907e-05,0.0,0.0002699784017278
174417,mscoco,0.017610879230778663,0.06895969219472811,0.012457607209216803,0.05040340683892229,0.1,1.0,0.1,0.5
423215,mscoco,0.042377616628073156,0.0915084538323716,0.07523711882531643,0.19071429050221217,0.0,0.0017094017094017,0.0,0.0588235294117647
478090,mscoco,0.2055136777460575,0.29780728555214964,0.18016786500811577,0.3316880581396172,0.0,0.0588235294117647,0.1,0.1666666666666666
83034,mscoco,0.015306088325451129,0.10306469791019073,0.010500390699598938,0.044081527377579324,0.1,1.0,0.0,0.0833333333333333
325568,mscoco,0.11613158620893956,0.2973806239108637,0.2433699019253254,0.3449704480325952,0.0,0.0010660980810234,0.0,0.0007107320540156
517603,mscoco,0.06889906115829944,0.18256010477529785,0.06520864889025688,0.20995693998873147,0.4,0.25,0.1,0.2
460287,mscoco,0.01168880402110517,0.06385696899291117,0.008155068173073233,0.044636028987581365,0.2,1.0,0.2,1.0
337546,mscoco,0.2007991373538971,0.37095686344665324,0.33812466710805894,0.601077251955924,0.1,0.1111111111111111,0.3,1.0
389491,mscoco,0.2974656827747822,0.605391405602836,0.34110579192638396,0.6630622704118531,0.0,0.024390243902439,0.2,0.5
557451,mscoco,0.010414888663217426,0.07489259333633401,0.012023692420916632,0.03605449780108199,0.2,1.0,0.2,1.0
20414,mscoco,0.0823614327935502,0.32595746842639084,0.1119426853954792,0.361046320370848,0.4,1.0,0.7,1.0
402603,mscoco,0.06939333397895098,0.2444691988315467,0.06838923003524541,0.18535239322300745,0.1,0.5,0.1,1.0
93116,mscoco,0.05509351617656648,0.150835854233468,0.059404012141749264,0.15636394990671443,0.3,0.25,0.4,1.0
202143,mscoco,0.08359842430800199,0.28132860793758857,0.26401974111795423,0.4612706846347055,0.4,0.5,0.8,1.0
477526,mscoco,0.2958138719201088,0.600788631531727,0.28556192964315413,0.5854969808699347,0.2,1.0,0.3,1.0
557388,mscoco,0.26743345260620116,0.5099640038702752,0.27380169928073883,0.5611080295505579,0.5,1.0,0.2,1.0
120254,mscoco,0.055308180302381514,0.27523141354560493,0.07623673900961876,0.23147244481443177,0.1,0.1666666666666666,0.2,0.25
188606,mscoco,0.23377795731648804,0.6116562982827317,0.22441063914448023,0.5368027023546431,0.0,0.037037037037037,0.1,0.1
490336,mscoco,0.39350950047373773,0.41394785177098165,0.4370387583971024,0.7756448748885282,0.1,0.3333333333333333,0.4,0.5
82731,mscoco,0.09436524789780379,0.2173002221935697,0.0690150732640177,0.13594487131585664,0.1,0.1428571428571428,0.1,0.1
46674,mscoco,0.029077232367126272,0.13495685234939636,0.027161598598468117,0.1334156731540329,0.1,1.0,0.1,1.0
534366,mscoco,0.13811737904325128,0.57234964254709,0.22454415143001824,0.4359727824404991,0.2,1.0,0.3,1.0
493774,mscoco,0.02509319456294179,0.09967314229192074,0.026776432152837516,0.08791964766578109,0.0,0.0833333333333333,0.2,0.5
417547,mscoco,0.09756169337779283,0.3153565250406794,0.12099531926214695,0.27965856594791283,0.0,0.0344827586206896,0.0,0.0119047619047619
63556,mscoco,0.017129230848513543,0.08160794086376179,0.01971071697771549,0.06258450890294091,0.1,0.3333333333333333,0.1,1.0
479036,mscoco,0.1673305373173207,0.7716139110351095,0.12107899989932776,0.4054075246110222,0.4,1.0,0.4,1.0
515424,mscoco,0.21511454954743386,0.5413391103413011,0.434387044608593,0.6717043977669552,0.2,0.5,0.1,0.25
320899,mscoco,0.11868514195084572,0.2587116964748106,0.27484073415398597,0.44609002281254784,0.1,0.125,0.1,0.125
353378,mscoco,0.02008359191240743,0.1067335071817691,0.019795180682558568,0.10180187063430877,0.1,1.0,0.1,1.0
26517,mscoco,0.2984023317694664,0.3994961085575981,0.3594973931089044,0.6370758099195442,0.1,0.2,0.2,1.0
559912,mscoco,0.12132534477859735,0.20226110599507335,0.14815331883728505,0.33443528017277796,0.4,0.2,0.5,1.0
5913,mscoco,0.5806267008185386,0.8042017629788848,0.3909632623195648,0.7985822486138483,0.0,0.0833333333333333,0.0,0.0625
390474,mscoco,0.3141228903084993,0.5242270139659648,0.3497726392000914,0.682613030467149,0.5,0.5,0.6,1.0
235062,mscoco,0.12659491784870625,0.2879199179994812,0.07240919470787048,0.3345728798846946,0.2,0.3333333333333333,0.2,1.0
313015,mscoco,0.003864464655634947,0.015394702316273046,0.004113388984114863,0.022576450111379803,0.1,0.2,0.1,1.0
397857,mscoco,0.014059833460487425,0.10264876266181983,0.01722277071676217,0.10943356411699032,0.1,1.0,0.1,1.0
550140,mscoco,0.1190050970762968,0.23962497888486942,0.13212108016014099,0.2728688095919307,0.7,0.25,0.5,0.5
461836,mscoco,0.1002896761521697,0.2142475380871268,0.12341744285076857,0.32980752782715395,0.0,0.0666666666666666,0.0,0.0714285714285714
106,drawbench,0.03231137376278639,0.10918921015160753,0.06484663635492324,0.15644942520015556,0.0,0.02,0.1,0.1666666666666666
81779,mscoco,0.039477513544261454,0.12801058714204877,0.0533852085180115,0.12765251919292253,0.1,0.5,0.1,0.25
215134,mscoco,0.26624147072434423,0.439418622113512,0.44964839220047,0.5899054168136162,0.1,0.3333333333333333,0.1,0.25
523309,mscoco,0.016047073277877643,0.04973841421172519,0.00489106610766612,0.027053849324519135,0.0,0.0833333333333333,0.0,0.0833333333333333
171,drawbench,0.009841656463686376,0.03004601336204216,0.010444843659934122,0.05562413977453587,0.0,0.0,0.0,0.0
380500,mscoco,0.2659408263862133,0.45579085493382554,0.23417399302124978,0.6802316333706863,0.0,0.0192307692307692,0.2,1.0
156128,mscoco,0.3073563021607697,0.8962959153894555,0.400503780413419,0.8194389773785438,0.2,1.0,0.4,1.0
125908,mscoco,0.3476011648774147,0.61381191763371,0.39887775108218193,0.7007087113883612,0.4,0.5,0.4,0.5
488303,mscoco,0.04619079777039588,0.24161783058815137,0.11712545244954527,0.19652639172253758,0.1,0.3333333333333333,0.0,0.0476190476190476
49725,mscoco,0.09222157523036004,0.29651000097753893,0.085646679578349,0.21237891692938304,0.1,0.5,0.1,0.5
556363,mscoco,0.04870437867939472,0.17297953207115005,0.0285400296212174,0.1004534030973086,0.1,1.0,0.1,0.1428571428571428
279947,mscoco,0.20926242098212242,0.324255609666093,0.2244291625916958,0.3984856570656146,0.3,0.5,0.6,1.0
139083,mscoco,0.249766456335783,0.45591604913366723,0.3458197794854641,0.7497026613875655,0.2,0.3333333333333333,0.0,0.0666666666666666
325055,mscoco,0.06678602173924446,0.170422983925072,0.05752208018675446,0.14033324215235146,0.3,0.25,0.3,0.3333333333333333
483311,mscoco,0.7555153757333756,0.8869947976562138,0.7928654611110687,0.9229336396679104,0.8,1.0,0.8,0.5
206410,mscoco,0.0950741671025753,0.2500056689800611,0.12490980103611946,0.3020836854757527,0.2,1.0,0.0,0.0212765957446808
270290,mscoco,0.029720605560578407,0.09889145670939181,0.024612390121910722,0.16384065237998538,0.3,1.0,0.3,1.0
542937,mscoco,0.19900099709630012,0.7066986268527747,0.16876346357166766,0.37828950383700305,0.2,0.25,0.1,0.2
109178,mscoco,0.14546882594004273,0.450401992179594,0.15784880109131336,0.3772396427337361,0.9,1.0,1.0,1.0
286116,mscoco,0.04759346288628876,0.1188520297466893,0.04334918580716476,0.13847493649170592,0.2,0.1428571428571428,0.3,1.0
369557,mscoco,0.18905606819316745,0.5232366639793853,0.28379265442490575,0.6553849749048684,0.2,0.5,0.5,1.0
195810,mscoco,0.21207063384354113,0.5592080558549863,0.13381198476999998,0.31064060456155657,0.1,1.0,0.1,0.5
561907,mscoco,0.028070558750187047,0.21283363772369177,0.026833243362489156,0.11388538610980622,0.0,0.03125,0.0,0.0010604453870625
100083,mscoco,0.08815650944598019,0.16440157385350587,0.0740995891392231,0.2328502895703589,0.9,1.0,0.5,1.0
427113,mscoco,0.2541190654039383,0.6236187713904731,0.3910373210906982,0.6719716327450429,0.3,1.0,0.5,1.0
504670,mscoco,0.09933391166850924,0.3334771087884034,0.12701557555701584,0.1978457369849191,0.0,0.0384615384615384,0.0,0.04
171656,mscoco,0.0182295324630104,0.04878157165246724,0.012614494893932715,0.08042298773247647,0.1,0.1428571428571428,0.1,1.0
337011,mscoco,0.00611840863712132,0.023885760607435795,0.003985664440551773,0.018522930306627407,0.0,0.0344827586206896,0.1,0.5
452031,mscoco,0.007783417409518734,0.043932117742825794,0.017716961319092662,0.06197107859799877,0.1,1.0,0.0,0.0769230769230769
59593,mscoco,0.3857932396233082,0.5940512661869011,0.4061761721968651,0.8286392986660306,0.3,0.3333333333333333,0.2,1.0
469894,mscoco,0.05532554816454649,0.11011100173066873,0.13536124918609857,0.31255442640724557,0.1,0.25,0.6,0.5
427688,mscoco,0.530456905066967,0.37082467064864083,0.5878778122365474,0.7817960453424935,0.5,0.2,0.9,1.0
247394,mscoco,0.19938428327441216,0.38993352841518236,0.1051074618473649,0.229648239288483,0.2,1.0,0.2,0.5
189197,mscoco,0.1495410214178264,0.325952568989474,0.08606540411710739,0.29490953343828274,0.0,0.024390243902439,0.0,0.0769230769230769
293218,mscoco,0.18329135440289973,0.3360357957450206,0.19556475449353455,0.6486722780655578,0.1,0.25,0.5,1.0
563257,mscoco,0.3433613754808903,0.6067293135939829,0.2724971860647202,0.5691737920338044,0.0,0.0285714285714285,0.1,0.1
188556,mscoco,0.1358639972284436,0.4019357270589496,0.17637340147048236,0.5934921615800284,0.4,1.0,0.6,0.5
544348,mscoco,0.1929703552275896,0.5583591058149547,0.10587012395262718,0.4905703700662907,0.1,1.0,0.1,1.0
492817,mscoco,0.43509783074259756,0.6173004953673857,0.3606773979961872,0.41940543574027467,0.5,1.0,0.2,0.3333333333333333
5614,mscoco,0.08023490603081881,0.1430665362702495,0.17620244845747948,0.38530577025342555,0.1,0.1666666666666666,0.6,1.0
58250,mscoco,0.02386946240440011,0.11497009092382275,0.03158795584458858,0.20710250439109656,0.0,0.0212765957446808,0.1,1.0
110348,mscoco,0.14366923426277936,0.3631333616079357,0.13757613170892,0.35928676248941377,0.8,1.0,0.9,1.0
502179,mscoco,0.20984945259988308,0.22126393745051956,0.2519795592874289,0.3656845804720269,0.0,0.0476190476190476,0.0,0.0833333333333333
357948,mscoco,0.04697385988838505,0.42890529782539455,0.04408058109111153,0.2229516923562611,0.1,1.0,0.1,0.5
293081,mscoco,0.4063775673508644,0.47672540423702986,0.6140888258814812,0.862667576413345,0.3,0.5,0.6,0.5
531883,mscoco,0.024357223883271217,0.10918664690001581,0.03451909460127354,0.14958917009653788,0.2,1.0,0.2,1.0
241911,mscoco,0.09387475472176447,0.2641203187899176,0.16840401567169466,0.36869084089945126,0.1,0.1428571428571428,0.1,0.125
253480,mscoco,0.3083313569426537,0.5223052321232677,0.40984089821577074,0.83460723316255,0.0,0.0588235294117647,0.3,0.5
7,drawbench,0.4164087127894163,0.8697998422880349,0.14053563456982374,0.2840823723729441,0.0,5.006257822277847e-05,0.0,0.0001886080724254
418853,mscoco,0.010318289301358164,0.04174687341264427,0.012566669331863522,0.05776519544808771,0.1,0.3333333333333333,0.1,1.0
476341,mscoco,0.11010631956160069,0.2303374781160346,0.16415482088923455,0.31499778998331907,0.0,0.0181818181818181,0.0,0.0013351134846461
92554,mscoco,0.12408362291753292,0.2025568196637926,0.11675699800252914,0.46585118322737984,0.1,0.5,0.3,1.0
186145,mscoco,0.26601015143096446,0.7883894045432054,0.35773684829473495,0.6651430890778333,0.2,0.1666666666666666,0.5,0.3333333333333333
323424,mscoco,0.030183233553543687,0.09801249555301894,0.09022632595151663,0.23756148165059734,0.0,0.0357142857142857,0.2,0.1428571428571428
92670,mscoco,0.13191528394818305,0.30938171756433247,0.10869911070913077,0.350020208721293,0.2,0.5,0.2,0.5
436333,mscoco,0.2529209230095148,0.4751590658651976,0.2593322772532701,0.48391474861087425,0.0,0.0285714285714285,0.1,0.5
25748,mscoco,0.04208522355183959,0.11546674066284097,0.05955807492136955,0.21168526127331186,0.0,0.0666666666666666,0.1,1.0
437156,mscoco,0.24668760430067777,0.5693256887901418,0.3578036718070507,0.7955782294093913,0.5,1.0,1.0,1.0
40361,mscoco,0.1486304162070155,0.34562328483382465,0.3208838738501072,0.3815667949367967,0.1,0.125,0.4,0.3333333333333333
190,drawbench,0.0040138369426131245,0.013708725854640311,0.0036729697865666823,0.022995361015248704,0.0,0.0,0.0,0.0
477988,mscoco,0.20971105359494685,0.6564321825976156,0.17687252275645732,0.6789223788789994,0.2,1.0,0.2,1.0
108238,mscoco,0.0722962728701532,0.19976560347014125,0.1433997373096645,0.6649077352813403,0.0,0.03125,0.1,1.0
397575,mscoco,0.11314103752374649,0.2825101585021342,0.08817805023863912,0.2912795324461737,0.0,0.0192307692307692,0.1,1.0
442667,mscoco,0.09251279272139072,0.27470185352812493,0.21345468014478683,0.35319524571006616,0.0,0.0212765957446808,0.4,0.5
362839,mscoco,0.008714356640120968,0.04873036036248089,0.012265633407514543,0.06116750600257222,0.1,1.0,0.1,1.0
375004,mscoco,0.05519940757658333,0.15409019713806632,0.06418720143847167,0.2270033092007724,0.1,0.5,0.1,1.0
409949,mscoco,0.4226621061563492,0.7803645429179135,0.46513702273368834,0.6554687221162037,0.4,1.0,0.6,1.0
549532,mscoco,0.4789219185709953,0.5556399933998801,0.5311098854988814,0.6064972518886937,0.5,0.3333333333333333,0.2,0.1111111111111111
434511,mscoco,0.06414552638307214,0.48234341239071793,0.1037899050861597,0.5234908671524585,0.1,1.0,0.1,1.0
33481,mscoco,0.016653376159956677,0.06480269778569381,0.022208215668797493,0.07713628247180818,0.3,1.0,0.2,1.0
306232,mscoco,0.10717082414776087,0.27113093724558535,0.07775869034230709,0.22585876042729994,0.0,0.0222222222222222,0.0,0.0769230769230769
154119,mscoco,0.03401826927438378,0.09322214619288667,0.031711509171873334,0.1405746988484037,0.4,0.3333333333333333,0.6,1.0
525467,mscoco,0.14146860241889953,0.400145844286058,0.28712181784212587,0.3443813441381739,0.3,1.0,0.3,1.0
494360,mscoco,0.06792869614437222,0.26226656837897233,0.03862801785580814,0.10154891538973758,0.1,0.5,0.1,0.125
223574,mscoco,0.05563213301356882,0.1297942931366656,0.08477447815239429,0.20679023462989726,0.1,0.5,0.1,1.0
347113,mscoco,0.0775423638522625,0.24855550076715882,0.05518283434212208,0.1465546706822268,0.0,0.0014903129657228,0.0,0.0833333333333333
25697,mscoco,0.423048135638237,0.6208322247486036,0.4871856808662415,0.6119755214106628,0.8,1.0,0.7,1.0
198978,mscoco,0.04871396739035845,0.1732976240306824,0.1605009872466326,0.39650972303957527,0.0,0.0666666666666666,0.3,0.25
172776,mscoco,0.2503294378519058,0.39063743744227686,0.4586930699646473,0.5051905962661187,0.2,0.25,0.7,0.25
59515,mscoco,0.012709366879425943,0.049437747847239776,0.09593360498547554,0.5741855995840125,0.0,0.0055555555555555,0.0,0.0017391304347826
35715,mscoco,0.05203044898808003,0.19607077196243644,0.032422586577013135,0.1034316941761544,0.0,0.05,0.1,1.0
386777,mscoco,0.13676957744173707,0.5693556880162657,0.057901918049901725,0.20934763285317592,0.2,1.0,0.1,0.1428571428571428
527342,mscoco,0.070996817573905,0.13695049062459713,0.048733168328180906,0.20310784911229668,0.1,0.3333333333333333,0.1,1.0
408838,mscoco,0.36680532959289847,0.8198986481833644,0.3950013961642981,0.5916845024829597,0.1,0.1666666666666666,0.0,0.02
53744,mscoco,0.0104061727412045,0.06657198333969298,0.03507680324837566,0.12651586653629582,0.1,1.0,0.8,1.0
218960,mscoco,0.13333686590194702,0.5128174124479615,0.13717636168003083,0.49083463708559244,0.2,1.0,0.3,1.0
404367,mscoco,0.30293465554714205,0.4489325607019844,0.43904046565294264,0.6064854039762166,0.4,0.3333333333333333,0.5,1.0
500071,mscoco,0.005749328644014895,0.02608154073658059,0.007915154425427317,0.0432408546677517,0.0,0.009090909090909,0.1,1.0
74331,mscoco,0.1497932815924287,0.612095568011196,0.13925319481641055,0.6180756995023103,0.2,1.0,0.1,1.0
47652,mscoco,0.11102052852511406,0.261109946712538,0.15345906279981136,0.26765754556384047,0.0,0.0714285714285714,0.6,1.0
299154,mscoco,0.04643468875437975,0.168234938173008,0.05366418298799545,0.13770817835183508,0.1,0.1666666666666666,0.2,0.5
499004,mscoco,0.18838919904083012,0.5549652743401773,0.15776599403470754,0.4665742437850553,0.1,0.2,0.3,0.25
13471,mscoco,0.22184216640889645,0.511864564753927,0.2594066970050335,0.5619582358936233,0.3,1.0,0.6,1.0
280810,mscoco,0.05545502768363804,0.17047372270887381,0.07908723274013027,0.21512743881181695,0.2,0.5,0.1,0.3333333333333333
322008,mscoco,0.026437214855104686,0.11039109855084622,0.08771089678630233,0.2005966294010898,0.1,0.1428571428571428,0.0,0.0909090909090909
108871,mscoco,0.06443684617988765,0.22402827393907565,0.06574711799621583,0.3772823350165475,0.1,0.5,0.1,1.0
509626,mscoco,0.05037664519622922,0.1614436015156531,0.04270992742967792,0.11262611223826852,0.1,0.2,0.0,0.0014492753623188
105853,mscoco,0.3159909904003143,0.6342563421481728,0.30038555786013604,0.6514976353567556,0.0,0.024390243902439,0.3,1.0
478320,mscoco,0.11564370524138212,0.29611697278149285,0.1064857010729611,0.29918428629735694,0.5,1.0,0.2,1.0
517632,mscoco,0.18956766221672297,0.7832732808785896,0.17264364678412675,0.8068448438398516,0.2,1.0,0.2,1.0
194105,mscoco,0.12090233471244574,0.29652754581329915,0.10200306475162506,0.2558371950397851,0.0,0.032258064516129,0.0,0.0227272727272727
323208,mscoco,0.3854608252644539,0.6738060315660513,0.376864236779511,0.6403757293850433,0.1,0.25,0.1,0.3333333333333333
116,drawbench,0.42284552901983263,0.5458320751367087,0.39200907535851004,0.7892520636874666,0.0,0.0,0.0,0.0
246746,mscoco,0.1032636584714055,0.24892240015444975,0.19889695644378663,0.3560645124096099,0.0,0.0052356020942408,0.2,0.25
243292,mscoco,0.09926496595144271,0.2503397060626348,0.18563446402549744,0.37800399252645667,0.2,0.5,0.3,0.5
125,drawbench,0.36483064740896226,0.47940716039235365,0.3001798987388611,0.5305538993431992,0.0,0.0,0.0,0.0
392363,mscoco,0.13757438715547324,0.20767010098144678,0.19929365627467632,0.4958923389761476,0.0,0.0714285714285714,0.1,0.2
6107,mscoco,0.1708014577627182,0.3131674438850653,0.21286359131336213,0.36093245770912136,0.1,0.1666666666666666,0.3,0.5
279605,mscoco,0.034574016300030055,0.10880651572871043,0.17415023129433393,0.384251569488793,0.3,0.25,0.3,0.2
518199,mscoco,0.03278542428743094,0.17283277242051587,0.016271379846148192,0.06106869556258489,0.0,0.05,0.0,0.0909090909090909
516990,mscoco,0.591763111948967,0.7520920322552135,0.7037150084972381,0.8168849837476037,0.7,1.0,0.8,1.0
474504,mscoco,0.1387846976518631,0.29917259667173624,0.2995921716094017,0.6108183738131373,0.0,0.0454545454545454,0.1,0.5
323788,mscoco,0.46380365937948226,0.8496897475505995,0.49302379675209523,0.47020850244176576,0.6,1.0,0.6,1.0
210136,mscoco,0.23791536390781404,0.4149457657371825,0.18413542285561563,0.39821409438814187,0.3,0.2,0.1,0.3333333333333333
450558,mscoco,0.04489022046327591,0.16738158635434458,0.06470081862062216,0.19190292628532293,0.0,0.0588235294117647,0.2,0.3333333333333333
542178,mscoco,0.01423544580466114,0.04660090056398806,0.017277080813073553,0.05358325270899935,0.0,0.0076923076923076,0.0,0.0909090909090909
59525,mscoco,0.19313030689954758,0.3345621092888639,0.2154460459947586,0.43507323580751844,0.0,0.0454545454545454,0.2,0.1666666666666666
50201,mscoco,0.08737827241420745,0.2665868908574885,0.03917122727725655,0.22403446851914977,0.1,1.0,0.1,1.0
311629,mscoco,0.15531945917755366,0.36974582583575616,0.26454815790057185,0.4520818018061744,0.2,1.0,0.2,1.0
151594,mscoco,0.1293091006577015,0.24134411273075368,0.16595393382012844,0.27230362095433797,0.4,0.5,0.6,1.0
305545,mscoco,0.01761270721035544,0.156961873394523,0.018531752945273185,0.1585222209536188,0.1,1.0,0.1,1.0
162393,mscoco,0.2035994626581669,0.6401289386744986,0.29571897685527804,0.7292226396066419,0.2,1.0,0.2,1.0
297967,mscoco,0.083978489972651,0.18740878154052024,0.102043142542243,0.3457041823849411,0.1,0.1428571428571428,0.1,1.0
237833,mscoco,0.014755738840904087,0.0630860161634522,0.010177701985230669,0.02984462910986249,0.0,0.0181818181818181,0.0,0.0049504950495049
234274,mscoco,0.030332526564598082,0.10408869883167611,0.026156251423526556,0.08195031635957185,0.1,0.5,0.1,0.2
111742,mscoco,0.11994447540491819,0.2537711185251878,0.12373869810253382,0.2594256898013451,0.5,1.0,0.4,1.0
109061,mscoco,0.23674853071570395,0.7028712498867681,0.19105898384004832,0.6607284153964464,0.1,1.0,0.1,1.0
190035,mscoco,0.20367304012179374,0.3783820491848994,0.2055563465692103,0.5543042151409187,0.2,0.25,0.1,1.0
62995,mscoco,0.010979401553049684,0.05312018770184915,0.01179743548273109,0.042824246294618076,0.1,1.0,0.1,0.3333333333333333
285484,mscoco,0.04207220841199159,0.117199094108906,0.030411085090599956,0.11292669776129542,0.0,0.0185185185185185,0.0,0.05
36850,mscoco,0.20626990422606467,0.3915155301713988,0.2794174425303936,0.45261912501725504,0.2,0.5,0.3,1.0
110324,mscoco,0.07384152160957455,0.2331900253115783,0.03976167943328619,0.16930599960131637,0.1,0.5,0.0,0.0909090909090909
388566,mscoco,0.48725528866052625,0.9022224680941903,0.43483201414346695,0.8548484458470619,0.7,1.0,1.0,1.0
74466,mscoco,0.10057975116651505,0.20561135817359044,0.08322809643577785,0.5356265453041635,0.1,0.1111111111111111,0.1,1.0
358438,mscoco,0.06471968316473067,0.27007138110078616,0.05476337381405756,0.10459033313617785,0.1,0.25,0.1,0.3333333333333333
302137,mscoco,0.19077790528535843,0.3697961337000196,0.26290165036916735,0.5810515072407305,0.2,0.3333333333333333,0.4,0.25
144,drawbench,0.01709995069541037,0.06315397874407884,0.005661499535199255,0.020035284952962803,0.0,0.0,0.0,0.0
404766,mscoco,0.37027849704027177,0.6766954086967673,0.5238513126969337,0.7647533067408065,0.3,0.5,0.3,0.3333333333333333
322937,mscoco,0.32238253951072693,0.42756677560438733,0.4556202322244644,0.5688158293338982,0.4,1.0,0.9,1.0
245902,mscoco,0.02437270765658468,0.07611243818364181,0.04685002565383911,0.12649785004319514,0.0,0.0222222222222222,0.0,0.0833333333333333
27528,mscoco,0.20661649713292718,0.2906199781950667,0.28431216422468425,0.3317218826240559,0.6,1.0,0.8,1.0
254392,mscoco,0.05902601769194007,0.27493054851556475,0.06105859827948734,0.27754560805772954,0.2,1.0,0.2,1.0
34827,mscoco,0.5650656282901764,0.8889309678332971,0.6375200867652893,0.766182586051932,0.9,1.0,1.0,1.0
291752,mscoco,0.7008649498224259,0.81440341350983,0.8029905498027802,0.8569379449173786,0.9,1.0,1.0,1.0
126895,mscoco,0.08784229150041938,0.20702481061200045,0.1987236835062504,0.46843904792014784,0.0,0.0833333333333333,0.3,1.0
312316,mscoco,0.1664433740079403,0.366392034538605,0.2893501967191696,0.7024778781997371,0.0,0.0769230769230769,0.4,1.0
439657,mscoco,0.03918983428739011,0.16608468136910257,0.07676100321114063,0.20577631250982562,0.2,1.0,0.2,1.0
438446,mscoco,0.38790388256311414,0.7012756451691351,0.4579948052763939,0.7720514964666572,0.5,0.5,0.7,1.0
470932,mscoco,0.03731961174635216,0.1103794788922382,0.03440653227735311,0.0868289274418573,0.2,0.1428571428571428,0.5,0.5
500829,mscoco,0.05573815703392029,0.1929236620194714,0.05699049066752195,0.15262986766222028,0.5,1.0,0.7,0.5
53550,mscoco,0.08150431858375669,0.3291944518097965,0.11057628132402897,0.3268136615642646,0.1,1.0,0.2,1.0
395340,mscoco,0.07594746896065771,0.27180018353680657,0.06373541969805956,0.18601829703613706,0.1,0.1666666666666666,0.1,0.5
257983,mscoco,0.6871425747871399,0.8158334425942004,0.7248081922531128,0.8204279576360187,0.4,1.0,0.7,0.5
573052,mscoco,0.07721029571257532,0.2595826667443038,0.051278264611028135,0.1529891643006431,0.1,0.5,0.2,0.1666666666666666
475457,mscoco,0.04602677756920457,0.14217344854796904,0.07053635790944099,0.2084277056637084,0.0,0.0588235294117647,0.2,0.1428571428571428
75,drawbench,0.19494712725281715,0.36404014426814146,0.3798231393098831,0.6730936301251039,0.0,0.0833333333333333,0.1,1.0
11288,mscoco,0.26017019599676133,0.4882449801536517,0.3529479533433914,0.6939661857024984,0.0,0.0909090909090909,0.3,1.0
276852,mscoco,0.05116747841238976,0.13932797527795718,0.06123538967221975,0.24194228746682878,0.0,0.0303030303030303,0.1,1.0
557780,mscoco,0.2356778047978878,0.7194451560222074,0.21945679057389497,0.7427293731943325,0.2,1.0,0.2,1.0
363165,mscoco,0.15302424021065236,0.24785646075490608,0.19714528638869525,0.6053025851592848,0.1,0.2,0.4,1.0
541880,mscoco,0.6041618406772613,0.7446881569207353,0.5670915678143501,0.8387437651590435,0.7,0.5,0.7,1.0
313526,mscoco,0.021659361862111835,0.1144807549309411,0.019235808610392268,0.12432560350142595,0.1,0.5,0.2,1.0
214055,mscoco,0.26621348559856417,0.5143014370421534,0.4198913604021072,0.6006779715278602,0.0,0.0625,0.1,0.125
458675,mscoco,0.10049598123878241,0.19675310535076201,0.2665401041507721,0.5779816883407606,0.0,0.0294117647058823,0.4,0.3333333333333333
175277,mscoco,0.020898165152175352,0.058381710511208,0.05216147673781961,0.18661873729545833,0.2,0.3333333333333333,0.5,1.0
295076,mscoco,0.17861874975496903,0.3706511979823384,0.18226779848337174,0.3617995601960071,0.4,1.0,0.5,1.0
63075,mscoco,0.4993057079613209,0.6943160703069229,0.6389200694859027,0.7227701054096571,0.4,1.0,0.8,0.5
533159,mscoco,0.33687683306634425,0.4226814657429829,0.5961783021688462,0.7320973179690861,0.6,0.25,0.8,0.5
292810,mscoco,0.08865034151822329,0.24314667791119157,0.12026877757161855,0.3111725413894141,0.1,0.2,0.1,1.0
333978,mscoco,0.5355890933424234,0.7953175209711658,0.6949282705783844,0.7107475514259624,0.6,1.0,0.8,0.5
487264,mscoco,0.24347788468003273,0.51469765953599,0.2670771174132824,0.48852637464076526,0.1,1.0,0.4,1.0
429074,mscoco,0.09224804732948541,0.21654024765403615,0.21966158002614974,0.423245922846656,0.2,0.3333333333333333,0.1,0.1
39789,mscoco,0.007444409071467817,0.043769552210044506,0.00677129824180156,0.02255357981309451,0.1,0.5,0.0,0.05
429353,mscoco,0.054892702400684355,0.12890130007189965,0.042526025313418356,0.15883018340824842,0.3,1.0,0.4,1.0
110683,mscoco,0.05577130103483796,0.1869506669259635,0.09872008003294468,0.31645807825600175,0.0,0.04,0.0,0.0175438596491228
4132,mscoco,0.14234147369861602,0.31952099419793784,0.11812277962453663,0.31607208366853146,0.2,0.1666666666666666,0.1,1.0
278134,mscoco,0.028922025021165608,0.14691984429221663,0.03169461654033512,0.06880016335778678,0.1,1.0,0.0,0.0034722222222222
238709,mscoco,0.07492102982942014,0.13572996267610996,0.17536577805876732,0.37047655381487404,0.1,0.1111111111111111,0.6,1.0
485300,mscoco,0.001265694625180913,0.004922980815397447,0.0016530865083041134,0.0036132954172350394,0.0,0.0769230769230769,0.1,0.25
296620,mscoco,0.039475556625984606,0.2088599151988955,0.007311329280491918,0.02445952159362122,0.0,0.0454545454545454,0.0,0.0142857142857142
193077,mscoco,0.008363287494285032,0.03883647561350794,0.006915265694260597,0.03210589326056292,0.0,0.05,0.2,0.5
103,drawbench,0.0005023031194468786,0.0015713723984124026,0.0006138497089068551,0.0034545200023501353,0.0,0.0,0.0,0.0
310749,mscoco,0.21041425727307797,0.40606032106261014,0.21941814124584197,0.5268605826785029,0.2,0.5,0.3,1.0
293864,mscoco,0.35359479598701,0.6418438846667363,0.4700941652059555,0.5565151887873804,0.3,0.5,0.5,1.0
493806,mscoco,0.2823308281600475,0.5467959424060513,0.25711676068603995,0.6492120808990374,0.2,1.0,0.4,0.5
39535,mscoco,0.24084942936897277,0.38652815382781336,0.21530263125896454,0.38675972168911354,0.0,0.04,0.0,0.0526315789473684
481252,mscoco,0.0852373787201941,0.16509469145397926,0.14278506077826023,0.28506509450911977,0.2,1.0,0.1,0.5
522535,mscoco,0.1666789013892412,0.3361434992171711,0.3621316313743591,0.6313165047124537,0.0,0.0434782608695652,0.0,0.0476190476190476
482765,mscoco,0.21799916103482248,0.39147267711260986,0.19178909100592137,0.7065613687654166,0.1,0.1666666666666666,0.0,0.0769230769230769
81954,mscoco,0.047366262623108925,0.11075892205371861,0.06133734514005482,0.20798282378896765,0.1,0.2,0.1,0.5
333124,mscoco,0.08968555429019034,0.5175166132308718,0.09507242024992593,0.36676529770897937,0.2,1.0,0.2,1.0
529258,mscoco,0.03163326643407345,0.09059040640244384,0.0213521160883829,0.058099100894644075,0.0,0.0142857142857142,0.1,0.25
2567,mscoco,0.15845104213804007,0.5559003354101979,0.40407500714063643,0.573296297367831,0.1,1.0,0.6,0.5
53803,mscoco,0.03851379007101059,0.1209670671594554,0.028288585017435253,0.08510997810448981,0.1,0.5,0.1,0.1111111111111111
172351,mscoco,0.19768020659685134,0.4456176260389309,0.38851602375507355,0.4417097129290245,0.2,0.5,0.4,0.5
311251,mscoco,0.18603771701455116,0.3842390354955861,0.3119997903704643,0.5485407834096891,0.2,1.0,0.5,1.0
356869,mscoco,0.04674612996168435,0.1391395245613812,0.1811711204238236,0.22125398751733716,0.1,0.2,0.0,0.0068965517241379
203406,mscoco,0.7605964243412018,0.7426119372738912,0.7802874773740769,0.9574495898989768,0.9,1.0,0.9,1.0
119870,mscoco,0.28532243371009824,0.3887634180262893,0.3830150991678238,0.6113431627330604,0.1,0.1428571428571428,0.2,0.5
442125,mscoco,0.062362812971696255,0.15078977063745844,0.0620713850017637,0.13634083883300935,0.1,0.3333333333333333,0.3,1.0
530619,mscoco,0.10285363122820854,0.3845264019495065,0.1419222068041563,0.29442821638149697,0.6,1.0,0.8,1.0
73196,mscoco,0.0921008262783289,0.21000007961947875,0.03425656817853451,0.10992076127978376,0.1,0.5,0.0,0.0303030303030303
507714,mscoco,0.04190601136069745,0.17692454368566848,0.1049064108170569,0.2707030821720175,0.0,0.0072992700729927,0.0,0.0416666666666666
376144,mscoco,0.0038351825263816864,0.020400972034195948,0.008769338310230523,0.025351336416996228,0.3,1.0,0.5,1.0
211063,mscoco,0.012446560349781066,0.08184629799552919,0.02127378375735134,0.05639233907640619,0.1,1.0,0.1,0.3333333333333333
436799,mscoco,0.10631148293614387,0.21005385735576937,0.11500799804925918,0.30294559263857734,0.1,0.3333333333333333,0.2,0.5
204256,mscoco,0.0235167064180132,0.08545626481052443,0.017641448043286802,0.06745066566626944,0.0,0.0714285714285714,0.1,1.0
314048,mscoco,0.04424768593162298,0.09145172845631427,0.06933583952486515,0.15215316098579787,0.2,1.0,0.3,1.0
447009,mscoco,0.12788908649235964,0.24931406360400163,0.09012610707432031,0.30642200547129955,0.1,0.1,0.2,1.0
455079,mscoco,0.45436740666627884,0.8568241856987507,0.476013271138072,0.5680609080058604,0.2,1.0,0.3,0.5
157617,mscoco,0.12306392611935735,0.36056337451001486,0.2188258744776249,0.409558445547185,0.2,0.5,0.1,0.25
546877,mscoco,0.4661351051181555,0.5065353114005193,0.5390808939933777,0.7672157206487792,0.1,0.2,0.7,1.0
41392,mscoco,0.01598179657012224,0.058459902276269814,0.03106741886585951,0.07794553776791752,0.1,1.0,0.1,1.0
556462,mscoco,0.21537843365222215,0.3958136955991283,0.31112320721149445,0.42847243254707873,0.6,0.5,0.4,1.0
80053,mscoco,0.11528777442872525,0.3213185261463858,0.3751128055155277,0.5317792048112957,0.0,0.0714285714285714,0.7,0.5
553304,mscoco,0.06904902691021561,0.2424603589784221,0.07578644417226314,0.2599757025362715,0.1,0.2,0.1,1.0
102,drawbench,0.011370551446452737,0.04579486342072664,0.035477193119004366,0.07737604630254767,0.0,0.0,0.0,0.0
463168,mscoco,0.08383295014500618,0.24688504066751366,0.06337586492300033,0.21688919286689262,0.1,0.5,0.1,0.3333333333333333
398463,mscoco,0.06616200050339102,0.15208213890338507,0.10641558710485696,0.4380748563024031,0.1,0.3333333333333333,0.5,1.0
454916,mscoco,0.12101554535329342,0.2360928331007338,0.18933168835937977,0.2541019091924646,0.0,0.0625,0.1,0.125
317022,mscoco,0.07029950078576803,0.20616687707619505,0.07553567122668028,0.20711085073619392,0.0,0.0476190476190476,0.1,0.1111111111111111
61943,mscoco,0.32398821488022805,0.5879105140278768,0.2723622150719166,0.32369398984807624,0.0,0.0099009900990099,0.0,0.0833333333333333
543521,mscoco,0.11315116537734866,0.2732558616346987,0.047582185734063386,0.17175345585309465,0.1,1.0,0.1,1.0
509490,mscoco,0.011474747216561809,0.03042308584624798,0.013127823011018336,0.039504004144537384,0.0,0.0208333333333333,0.1,1.0
413970,mscoco,0.000504962104059814,0.0021727322682767495,0.0006469013118476141,0.002886358819777671,0.0,0.0263157894736842,0.0,0.0833333333333333
67331,mscoco,0.08685241249040701,0.27766603497661013,0.16312601626850665,0.7949488073790321,0.1,0.3333333333333333,0.1,1.0
230669,mscoco,0.2263252940028906,0.5922293634206449,0.3267015054821968,0.8218503622341439,0.3,0.25,0.1,0.1428571428571428
487266,mscoco,0.09157877434045077,0.2615976894726412,0.09361663032323123,0.2466304321128815,0.5,1.0,0.8,1.0
525024,mscoco,0.09877692963927984,0.1983962575316208,0.07675927765667438,0.199051211033641,0.2,0.3333333333333333,0.6,1.0
14257,mscoco,0.009519657748751343,0.03811642571340105,0.0213717633188935,0.06265897165093208,0.1,1.0,0.1,0.1
478240,mscoco,0.1250689490698278,0.271592907492131,0.11278235521167516,0.2241237144033686,0.2,0.3333333333333333,0.0,0.0344827586206896
7211,mscoco,0.009056837781099603,0.052153735964188465,0.006904520691023208,0.02384422000544672,0.3,1.0,0.2,0.3333333333333333
23250,mscoco,0.17924737520515918,0.21959522967611933,0.31678331568837165,0.6128553357061538,0.1,0.1,0.5,1.0
3590,mscoco,0.6374861896038055,0.84706927567456,0.7470890611410141,0.8426441610139181,0.7,1.0,1.0,1.0
580511,mscoco,0.23525099605321884,0.5874185593808241,0.3963351592421532,0.5964657681969686,0.2,1.0,0.7,1.0
40658,mscoco,0.02963076459709555,0.21890626223428022,0.06262174546718598,0.29517836956385796,0.1,1.0,0.1,1.0
322350,mscoco,0.1628100223839283,0.26003844398131376,0.16023525185883045,0.30053139694272346,0.2,1.0,0.1,1.0
125635,mscoco,0.45755270421504973,0.674814767547056,0.46075209230184555,0.8342586008750368,0.5,0.25,0.6,1.0
283631,mscoco,0.15822255462408066,0.3909483604732134,0.13444848619401456,0.3353802833946999,0.1,0.5,0.3,0.5
528729,mscoco,0.01543659862363711,0.111387677022023,0.0313481668708846,0.14993908302523454,0.1,1.0,0.1,1.0
167021,mscoco,0.09949349835515023,0.2840196370416691,0.17771192789077758,0.33846391158648576,0.2,0.2,0.5,0.2
140100,mscoco,0.16620819168165327,0.21374490697398793,0.3422122187912464,0.5345479597771734,0.1,0.25,0.2,0.5
252213,mscoco,0.08932639230042697,0.21918406629649606,0.03938905778340995,0.14078458958512557,0.1,0.25,0.1,0.2
501364,mscoco,0.26222395356744527,0.616436428622988,0.48513088524341585,0.6536836899885046,0.5,1.0,0.8,1.0
580390,mscoco,0.0071506392167066226,0.0405121017305442,0.011172688752412795,0.04528100483308024,0.1,1.0,0.1,1.0
463859,mscoco,0.057573255617171526,0.2758195004230275,0.05556900578085333,0.251115285486068,0.1,1.0,0.1,1.0
391657,mscoco,0.23163370713591575,0.4694855304524938,0.284929558634758,0.5036953475392423,0.1,0.1111111111111111,0.6,0.3333333333333333
391415,mscoco,0.03533554053865373,0.0985455086996661,0.035198402404785153,0.14867092772040963,0.0,0.0123456790123456,0.1,1.0
333099,mscoco,0.01559005226008594,0.0514368143415787,0.02004607133567333,0.06972096717674843,0.1,0.5,0.1,0.2
405574,mscoco,0.0006675695185549557,0.0020909137289787556,0.0016912834471440874,0.009661955161337922,0.0,0.0140845070422535,0.1,1.0
575823,mscoco,0.019550526281818748,0.06091232407031362,0.03314487276365981,0.12470642561748513,0.0,0.0023923444976076,0.0,0.0222222222222222
57088,mscoco,0.16457835882902144,0.3884068173781338,0.16069187931716442,0.38419382540736335,0.1,0.1428571428571428,0.2,0.3333333333333333
226957,mscoco,0.04259157204069197,0.09249186125610057,0.017798948287963866,0.06108686049781566,0.1,1.0,0.1,0.25
184329,mscoco,0.2934027224779129,0.5776905195990496,0.22265899553894997,0.40927537367665007,0.0,0.0104166666666666,0.0,0.0043103448275862
550324,mscoco,0.4254682742059231,0.3414033574116155,0.6413130044937134,0.7348546871245686,0.6,0.25,1.0,1.0
575174,mscoco,0.23728271797299386,0.4650174687391102,0.19244786240160466,0.40125211179542614,0.1,1.0,0.3,0.25
24380,mscoco,0.18793990463018417,0.4944595008635574,0.15534692574292422,0.33783509990675303,0.4,0.3333333333333333,0.2,0.3333333333333333
506394,mscoco,0.4045173548161983,0.4757969842015874,0.39556816443800924,0.46899553119322523,0.5,0.5,0.9,1.0
195463,mscoco,0.33780287504196166,0.7270435316912505,0.40910792648792266,0.7188961086331253,0.2,1.0,0.3,1.0
308892,mscoco,0.015193773043574766,0.05779424355359626,0.011565040703862906,0.046959469482706774,0.0,0.0588235294117647,0.1,0.5
361913,mscoco,0.09228517208248377,0.16913713960920018,0.16092922613024713,0.248451912113003,0.1,0.1111111111111111,0.1,0.3333333333333333
293532,mscoco,0.18131585717201232,0.3910391372774084,0.1908996157348156,0.4670968791712932,0.4,0.3333333333333333,0.6,1.0
338118,mscoco,0.028038030804600565,0.13979591943546146,0.027227664180099965,0.15330940351030797,0.1,1.0,0.1,1.0
521250,mscoco,0.13168703354895114,0.3599009813119327,0.20856499620713292,0.4145149368547365,0.2,0.5,0.2,0.25
85353,mscoco,0.023163273301906883,0.11456732181343075,0.0028098942289943806,0.017887932507840154,0.2,1.0,0.0,0.0666666666666666
35951,mscoco,0.002073526549793314,0.005490020436519551,0.004672113465494477,0.02165910669595145,0.0,0.009090909090909,0.1,0.1666666666666666
16764,mscoco,0.06028912421315909,0.14889627951386417,0.11501397490501404,0.2694667278338571,0.0,0.0434782608695652,0.2,1.0
397427,mscoco,0.11479638007003815,0.4035298785900235,0.07389373322948814,0.23451091650740769,0.1,1.0,0.1,0.5
515561,mscoco,0.028317585960030554,0.07964718601597988,0.05153932059183717,0.19688748442918158,0.0,0.037037037037037,0.1,1.0
366829,mscoco,0.04711600681766868,0.15051585820093086,0.055626101698726414,0.1746323908246093,0.0,0.0131578947368421,0.1,0.5
432410,mscoco,0.42302522212266924,0.5451937742431314,0.5949359893798828,0.6357761314241741,0.0,0.0666666666666666,0.2,0.1428571428571428
61972,mscoco,0.009606729773804546,0.04526584865070009,0.006895991758210584,0.03680492808154954,0.1,1.0,0.1,1.0
499054,mscoco,0.18378356508910657,0.3743524984309391,0.11197699680924415,0.3876066266368024,0.1,0.1,0.4,1.0
569021,mscoco,0.014523870614357292,0.050056224570847706,0.014021613924705889,0.060087323684034626,0.1,0.5,0.0,0.0909090909090909
9029,mscoco,0.08363502305001021,0.42134103993276917,0.1554773360490799,0.4519617737883067,0.3,1.0,0.4,1.0
18373,mscoco,0.39526294022798536,0.5949022595805542,0.5887012615799904,0.7333773492713734,0.7,1.0,0.9,1.0
336001,mscoco,0.1298245535697788,0.5118386464338989,0.1641141631640494,0.48826772978407224,0.2,0.25,0.4,0.3333333333333333
461475,mscoco,0.01300178796518594,0.03982609790111776,0.006490047404076904,0.019532549640061056,0.0,0.0285714285714285,0.2,0.5
388841,mscoco,0.24029485397040845,0.5684398147560238,0.29442130476236344,0.5377370986930442,0.5,0.3333333333333333,0.4,1.0
284940,mscoco,0.08534367382526398,0.19909293879084336,0.16673956234008075,0.29039465750561466,0.1,0.5,0.4,0.5
394759,mscoco,0.14352719858288765,0.2607077445010869,0.08182741571217775,0.20150868240180536,0.5,0.5,0.3,1.0
358411,mscoco,0.032714715134352444,0.149153549338276,0.05969945667311549,0.1510887971122652,0.2,0.5,0.5,1.0
284421,mscoco,0.1270131342113018,0.23703717044279188,0.10389613304287196,0.3102795957025596,0.6,1.0,0.2,0.3333333333333333
237716,mscoco,0.04705953439697623,0.2167159641985474,0.04132050825282931,0.153419930903784,0.2,0.5,0.2,1.0
167520,mscoco,0.009788113067043015,0.03439083700959566,0.0023857166859215795,0.010463489175656725,0.1,0.2,0.1,0.5
568611,mscoco,0.10313422940671443,0.20637152540340253,0.10309148505330086,0.34145320425854436,0.4,0.25,0.5,0.5
159356,mscoco,0.25949656069278715,0.398032614762173,0.2362636748701334,0.3922161713338052,0.1,0.5,0.1,0.2
301261,mscoco,0.013893971382640303,0.06487987887934535,0.04735356960445643,0.1808844698128062,0.0,0.0625,0.0,0.037037037037037
113787,mscoco,0.012236025417223573,0.04471022191067674,0.009733478468842805,0.04011762978162525,0.1,0.125,0.1,0.1428571428571428
375809,mscoco,0.4280184417963028,0.6196899708084975,0.39989893287420275,0.4164226039829932,0.3,0.3333333333333333,0.4,0.3333333333333333
64460,mscoco,0.2474775162525475,0.5937985965913767,0.30174714848399165,0.5637720523221512,0.5,0.5,0.5,1.0
470799,mscoco,0.1571233317255974,0.2971321111137387,0.09949789168313146,0.26553274609448324,0.4,1.0,0.5,1.0
382046,mscoco,0.13633859339170157,0.27531225557631883,0.35942444056272504,0.596885944704144,0.0,0.0625,0.5,1.0
170974,mscoco,0.11627573631703854,0.4090990279020453,0.22666774243116378,0.4156339268232139,0.0,0.0303030303030303,0.3,0.25
562160,mscoco,0.15241385754197836,0.5572510584757839,0.07976619084365666,0.1968815045952782,0.1,1.0,0.1,0.25
562248,mscoco,0.18654232583940028,0.6703847732500552,0.23290235903114082,0.48274235358133155,0.2,1.0,0.3,1.0
96638,mscoco,0.06310840053483843,0.15062471339137357,0.2729324780404568,0.4854916784692089,0.2,0.25,0.6,1.0
164234,mscoco,0.4629358008503914,0.5556839456885146,0.36575485616922376,0.6670496598999495,0.7,1.0,0.6,1.0
278962,mscoco,0.15727145355194808,0.4437048080645134,0.1190946045331657,0.30468129196152993,0.2,0.3333333333333333,0.4,1.0
553248,mscoco,0.03768355837091804,0.11711462286640437,0.02834783624857664,0.09397416141893601,0.2,0.5,0.1,0.5
523371,mscoco,0.03399301897734404,0.10445797220804494,0.07365284599363804,0.20811736443375828,0.1,0.2,0.2,1.0
141283,mscoco,0.017488800431601705,0.06802346151848855,0.03900792640633881,0.1151175643091959,0.0,0.0051020408163265,0.0,0.0033003300330033
320292,mscoco,0.3271763626486063,0.5910966263328312,0.2036099098622799,0.6078095788932835,0.5,1.0,0.7,1.0
269588,mscoco,0.08939130119979381,0.17541208912052741,0.19896775484085083,0.31964589647320624,0.1,0.2,0.5,1.0
113594,mscoco,0.02799386843107641,0.10292270103783388,0.03858162146061659,0.09977403760870927,0.0,0.0011627906976744,0.0,0.0038022813688212
349622,mscoco,0.19652533791959287,0.2999556717439812,0.2491774370893836,0.4022692612380743,0.1,0.1,0.3,0.3333333333333333
215226,mscoco,0.11375508792698383,0.303140008460636,0.10734657160937786,0.29106628702007625,0.1,0.5,0.1,0.5
78371,mscoco,0.012033427593996749,0.04908818866626114,0.015303040435537697,0.07980257781539138,0.0,0.024390243902439,0.0,0.0163934426229508
451972,mscoco,0.0434000491630286,0.29638696752588234,0.04451271172147244,0.16236229737167152,0.1,1.0,0.1,0.5
163,drawbench,0.006124230675050057,0.02506505165400865,0.005082088935887441,0.02064436401851373,0.0,0.0,0.0,0.0
150360,mscoco,0.039834094047546384,0.12625994566712143,0.044458670821040866,0.13391779725604494,0.0,0.0178571428571428,0.2,1.0
138567,mscoco,0.01575166257098317,0.09411346409066057,0.02999373197089881,0.09104421334964127,0.0,0.0149253731343283,0.1,1.0
383220,mscoco,0.0193494075560011,0.1022127151889279,0.02566304987994954,0.1054870651556241,0.1,1.0,0.1,1.0
557272,mscoco,0.052373209572397175,0.15926258383701508,0.04020139174535871,0.12796041456422813,0.1,0.25,0.1,0.5
17073,mscoco,0.002334772268659435,0.017964404594039515,0.0033782440033974124,0.02045120129843224,0.1,1.0,0.1,1.0
441083,mscoco,0.3581361502408981,0.49885898284528757,0.31318099088966844,0.4886780663043305,0.9,0.5,0.8,0.5
109750,mscoco,0.05804659929126501,0.1984975518261733,0.09900446869432926,0.36002267539110994,0.1,0.5,0.1,1.0
20279,mscoco,0.06869823438464664,0.27405876161739334,0.0409560906176921,0.15482645044495608,0.2,1.0,0.2,0.5
324845,mscoco,0.06593885766342282,0.19795548396337717,0.11819919440895318,0.259893873323124,0.1,0.2,0.3,1.0
303520,mscoco,0.01859294972382486,0.04961568142996551,0.00819405895890668,0.02705403402945479,0.1,1.0,0.1,1.0
363136,mscoco,0.14395318049937486,0.26489645797870637,0.12260651644319295,0.3293155611234091,0.1,0.125,0.1,1.0
161622,mscoco,0.03771614963188767,0.16050981982179,0.03672688342630863,0.10457250088715854,0.1,1.0,0.2,0.5
315242,mscoco,0.06196000780910253,0.3178235803038041,0.05181725639849901,0.17058757921767104,0.0,0.0222222222222222,0.1,1.0
418723,mscoco,0.026306723081506788,0.12515394310909425,0.02781135744880885,0.05864561913317509,0.1,1.0,0.1,0.1666666666666666
65440,mscoco,0.13437950201332569,0.3184480200686577,0.07791093699634075,0.2988675856497673,0.1,0.1111111111111111,0.0,0.0016
111907,mscoco,0.13201627619564532,0.21555004591629878,0.17529400959610938,0.5453982328379666,0.2,0.3333333333333333,0.4,1.0
465140,mscoco,0.11049654167145491,0.27095892045164055,0.10564054818823934,0.2631143494437402,0.1,0.5,0.1,0.5
21083,mscoco,0.044590094865998256,0.09351987009019956,0.08961385525763035,0.2892207049145627,0.1,0.1,0.1,0.2
200202,mscoco,0.09841921497136355,0.26975412039376606,0.27362785378936677,0.6168925035444718,0.3,0.3333333333333333,0.7,1.0
215320,mscoco,0.01795165890362114,0.08699269029200775,0.053631544671952726,0.17283109356635126,0.0,0.0666666666666666,0.2,0.25
28978,mscoco,0.21302621103823186,0.4225461077158057,0.2598051345907152,0.479193721102667,0.0,0.0769230769230769,0.4,1.0
281427,mscoco,0.020108169736340643,0.08030432599764975,0.055145170725882056,0.12895559605343238,0.0,0.0161290322580645,0.2,1.0
357663,mscoco,0.09367895275354385,0.31121554993786593,0.054272069968283175,0.2892206153644198,0.1,1.0,0.1,1.0
186171,mscoco,0.1624974835664034,0.3477882849564014,0.16577726490795613,0.4301520867214995,0.0,0.05,0.1,0.3333333333333333
386788,mscoco,0.15775171034038066,0.4159187238867726,0.08896526861935854,0.30086140447914245,0.1,0.5,0.0,0.0909090909090909
492363,mscoco,0.026501148368697613,0.09298427512643608,0.009568957617739215,0.03749715702756712,0.1,1.0,0.1,1.0
486547,mscoco,0.4785802332684398,0.7011822226481796,0.3390961937606335,0.4969571606368618,0.1,1.0,0.1,0.5
516570,mscoco,0.025393188837915658,0.10825777957400996,0.04755367171019316,0.14635018007004183,0.1,0.2,0.1,0.1
152662,mscoco,0.09356614593416453,0.25317542823666644,0.24149069227278233,0.4340822323885406,0.0,0.0277777777777777,0.0,0.037037037037037
415280,mscoco,0.1352858951315284,0.6981505623118806,0.1244573075324297,0.6907058143539664,0.1,1.0,0.1,1.0
397404,mscoco,0.07994245942682028,0.17346462176488386,0.12934314887970685,0.34753117871646055,0.0,0.0095238095238095,0.0,0.0526315789473684
488801,mscoco,0.4698377802968025,0.8658294020751758,0.5276515170931816,0.8414116647188946,0.7,1.0,0.8,1.0
544956,mscoco,0.01020320364041254,0.06763578764551388,0.008130278569296934,0.06315162839316511,0.1,1.0,0.1,1.0
576859,mscoco,0.17995935697108506,0.41564179977954685,0.1768796969205141,0.43838432087475726,0.1,0.2,0.0,0.0106382978723404
280370,mscoco,0.07976668551564217,0.20270936143298726,0.09719859850592912,0.23434544923196904,0.1,0.1666666666666666,0.1,0.1
310853,mscoco,0.23399906642735005,0.33903542755802585,0.2828102309256792,0.4044537646198077,0.1,0.2,0.2,0.5
363527,mscoco,0.07714404698926955,0.1366353702803799,0.06830384712666274,0.13863294480991742,0.1,0.5,0.2,1.0
47548,mscoco,0.30300253070890903,0.6113024656452173,0.30892582312226297,0.44975921838747923,0.2,1.0,0.2,0.5
542313,mscoco,0.06965924431569874,0.21068383131460097,0.2211982561275363,0.4490538098873212,0.2,0.3333333333333333,0.2,0.5
183386,mscoco,0.16222816295921802,0.3448657019512881,0.21427662447094917,0.2966347847523393,0.5,0.25,0.3,0.2
131101,mscoco,0.07454988129902632,0.2452956100525781,0.04648752873763442,0.1869846527275372,0.1,0.3333333333333333,0.4,1.0
130981,mscoco,0.08153530098497867,0.22069495215655832,0.17828085822984577,0.40815811035112703,0.1,0.1111111111111111,0.8,1.0
443547,mscoco,0.10435202848166228,0.24696634629940334,0.09091124115511776,0.346470448723988,0.1,0.25,0.1,1.0
103978,mscoco,0.2524244025349617,0.5702536103697612,0.38302475214004517,0.5184203224651379,0.2,0.5,0.3,1.0
7669,mscoco,0.3949806809425354,0.739507395754562,0.5297093272209168,0.6713350163438546,0.4,1.0,0.7,1.0
111245,mscoco,0.009059590171091259,0.04648952590455296,0.010189427097793668,0.05885711063386556,0.1,1.0,0.1,1.0
326948,mscoco,0.5437975049018859,0.8276529208621312,0.4380176402628422,0.8440904199108349,0.5,1.0,0.7,1.0
486807,mscoco,0.0032856333775271194,0.014629146974624054,0.005295464177834219,0.015175220999097726,0.1,1.0,0.1,0.5
303652,mscoco,0.021418575722782406,0.08556039614848031,0.029188015614636242,0.07584764300901785,0.0,0.0044843049327354,0.1,1.0
173547,mscoco,0.3298963487148285,0.5578404467884183,0.36451992094516755,0.5719464452351045,0.6,1.0,0.6,1.0
325239,mscoco,0.004570704056823161,0.017799195421222647,0.007666837045690045,0.016632138523723545,0.1,0.125,0.0,0.037037037037037
353357,mscoco,0.02661694441922009,0.1071888843447188,0.01615167115814984,0.06515260231326182,0.1,0.1111111111111111,0.0,0.0105263157894736
426429,mscoco,0.07984198294579983,0.17278286405267226,0.04024367512902245,0.11129733297054997,0.2,0.3333333333333333,0.2,0.5
261207,mscoco,0.17000970803201199,0.4850448752259273,0.15461104419082403,0.6087585828824515,0.3,0.3333333333333333,0.2,0.1666666666666666
461506,mscoco,0.016933446191251277,0.06466997560723091,0.05220316555351019,0.15036640594874798,0.1,0.125,0.0,0.0909090909090909
44856,mscoco,0.2049321498721838,0.3965542701371548,0.18825868219137193,0.6093895301649994,0.2,0.3333333333333333,0.2,0.5
180817,mscoco,0.008652052473917139,0.03151086273219583,0.0033795004710555077,0.011852077291606528,0.1,0.5,0.1,0.1428571428571428
390435,mscoco,0.39293380454182625,0.842191482164243,0.4881662279367447,0.7469809320579739,0.3,1.0,0.5,1.0
49648,mscoco,0.10735561365727335,0.2213210078099166,0.17632837034761906,0.28216395939397715,0.1,0.2,0.1,1.0
172498,mscoco,0.026609334954991938,0.07604065033453068,0.05092964870855212,0.14921961801517755,0.1,1.0,0.5,1.0
67126,mscoco,0.10695909895002842,0.17766220535422778,0.10489687910303473,0.27955338717048084,0.1,0.5,0.0,0.0769230769230769
478029,mscoco,0.06715247589163482,0.36119172803767774,0.057143152714706956,0.18524794801556332,0.1,0.2,0.1,1.0
508567,mscoco,0.1615160249173641,0.29091539247177717,0.23295509368181228,0.45326766492458853,0.2,0.2,0.8,0.5
81,drawbench,0.11661404054611921,0.3332116639001307,0.2868212297558784,0.39193134520518885,0.0,0.0232558139534883,0.0,0.027027027027027
109355,mscoco,0.12115614330396056,0.3173890297909613,0.17825609743595122,0.3834840427388148,0.0,0.0043668122270742,0.0,0.0333333333333333
48935,mscoco,0.4879993870854378,0.7259258094652438,0.4362060636281967,0.5505044387418893,0.2,1.0,0.3,0.25
84886,mscoco,0.13313605412840843,0.23028770575293242,0.1788310468196869,0.42504474304310275,0.0,0.05,0.4,1.0
217271,mscoco,0.09243580559268594,0.31726414177686396,0.11905620321631431,0.2726543579465815,0.1,0.5,0.2,1.0
480140,mscoco,0.0015923619968816638,0.005965377517625565,0.0014654322832939215,0.005051074119114993,0.0,0.0476190476190476,0.0,0.0357142857142857
327105,mscoco,0.21697940789163112,0.5114513349967611,0.39373068511486053,0.6012375047631614,0.2,1.0,0.5,0.2
55768,mscoco,0.1559262078255415,0.26202064427042826,0.4398083329200745,0.6664103049186997,0.1,0.1,0.7,1.0
129030,mscoco,0.026140036765718834,0.16740919860399642,0.031819917692337184,0.17701064969516142,0.1,1.0,0.1,1.0
565387,mscoco,0.0845787174999714,0.21637058128167916,0.13986685071140528,0.4192442553200261,0.0,0.0666666666666666,0.1,0.5
553501,mscoco,0.0024756733619142324,0.00886491702224436,0.002415492892032489,0.0067801466248162915,0.1,0.1666666666666666,0.1,1.0
170193,mscoco,0.08956387299112975,0.28892369024877623,0.08100288738496601,0.29559717516618145,0.2,1.0,0.2,1.0
199,drawbench,0.0013759052882960532,0.002877178452988487,0.0002335639357625041,0.0007833642681378283,0.0,0.0,0.0,0.0
65162,mscoco,0.15626397700980305,0.23763768190329215,0.0820193319581449,0.28856653857607506,0.1,0.5,0.1,0.3333333333333333
334542,mscoco,0.4743267998099327,0.6118834840275014,0.45303903967142106,0.7041733710930583,0.3,0.2,0.6,1.0
185559,mscoco,0.9249846577644348,0.9541354693156712,0.9337291538715362,0.9767835699571784,0.8,1.0,1.0,1.0
134066,mscoco,0.3739665649831295,0.5246251074345789,0.4989099234342575,0.6472332738172693,0.2,0.3333333333333333,0.2,0.25
19318,mscoco,0.22346561774611473,0.5983101941817569,0.4359273076057434,0.7294585002684946,0.2,1.0,0.2,1.0
122896,mscoco,0.16260408461093903,0.31971323223328496,0.34655060321092607,0.43839744732959807,0.2,0.1666666666666666,0.0,0.0909090909090909
484175,mscoco,0.03501851917244494,0.11424338656044401,0.06587475296109915,0.22997327757747388,0.0,0.0256410256410256,0.1,0.25
550049,mscoco,0.31566151455044744,0.5494217511452532,0.4149440586566925,0.7854891964849978,0.7,1.0,0.6,1.0
558966,mscoco,0.03746106221806258,0.20813523514752943,0.04754084125161171,0.16496112475650718,0.4,1.0,0.6,1.0
303177,mscoco,0.2517869994044304,0.4992339901768695,0.16547347456216813,0.3514007421538978,0.0,0.0344827586206896,0.0,0.001727115716753
300047,mscoco,0.01656248080544174,0.06137056050306621,0.021218649204820396,0.07762755017686238,0.2,1.0,0.1,0.25
281977,mscoco,0.03973986557684839,0.1679275900343957,0.051027730316855015,0.19932594193911676,0.8,1.0,1.0,1.0
100169,mscoco,0.1414573572576046,0.28200762064292567,0.3533701360225677,0.649807231706466,0.2,0.3333333333333333,0.3,1.0
35217,mscoco,0.026692641177214683,0.09750003764647107,0.04249522034078836,0.12439525730591613,0.1,0.5,0.0,0.0049019607843137
195863,mscoco,0.5516157492995262,0.828625550018857,0.6607198268175125,0.7429257016753121,0.3,0.3333333333333333,0.6,0.5
55753,mscoco,0.003582577337510884,0.017882721794697687,0.0014095255199208622,0.004813973564049124,0.0,0.0119047619047619,0.0,0.0277777777777777
189504,mscoco,0.03456637820927426,0.12176225496526424,0.020972552243620157,0.0838560671822508,0.0,0.0175438596491228,0.1,1.0
257236,mscoco,0.08581187094096095,0.17742403179176422,0.13876075681764632,0.21486418006638328,0.0,0.02,0.1,0.2
15830,mscoco,0.05692364043206908,0.5167939896225828,0.059654622129164635,0.5172113857922525,0.1,1.0,0.1,1.0
382423,mscoco,0.0992632056470029,0.5311221559640028,0.09131992637412623,0.18063958276462738,0.1,1.0,0.2,1.0
182,drawbench,0.009073153231292963,0.032493692734861405,0.006504301901441067,0.017100046577444496,0.0,0.0,0.0,0.0
261431,mscoco,0.014387324778363108,0.08846228549006323,0.016759749368065967,0.10103179680852574,0.2,1.0,0.2,1.0
286021,mscoco,0.08890015231445432,0.2629962643993922,0.08871786557137966,0.184777019051833,0.0,0.0909090909090909,0.0,0.037037037037037
179,drawbench,0.021230729995295405,0.08616750144048302,0.031204752903431655,0.09905982966118518,0.0,0.0,0.0,0.0
20145,mscoco,0.0752785412594676,0.16413692749890382,0.11017383970320224,0.3587288223682902,0.0,0.0909090909090909,0.0,0.0666666666666666
545274,mscoco,0.06792667331174015,0.25786763677275476,0.08332332177087665,0.2499827507249808,0.0,0.0526315789473684,0.2,1.0
93,drawbench,0.019751593575347216,0.101679288490887,0.037319361325353385,0.13328948969670412,0.0,0.0003133813851457,0.0,0.0013586956521739
254726,mscoco,0.18793728947639465,0.31634111414110205,0.16044655442237854,0.2751629713480836,0.3,1.0,0.4,0.3333333333333333
182125,mscoco,0.18060069531202316,0.3373923870650861,0.2631874896585941,0.495868544513893,0.1,0.1111111111111111,0.2,0.3333333333333333
46055,mscoco,0.05927759472979233,0.1185866424171998,0.040745744609739634,0.18835758491233173,0.0,0.027027027027027,0.1,1.0
336933,mscoco,0.12217427529394627,0.22273767577560213,0.19870708584785463,0.4754822142424341,0.0,0.0013717421124828,0.1,0.1
175597,mscoco,0.045744089782238005,0.12438554289935536,0.12056186753325164,0.21921140750312557,0.1,1.0,0.0,0.0303030303030303
370157,mscoco,0.0066317605436779555,0.02236901800474664,0.009084554086439312,0.031438870109513864,0.0,0.0227272727272727,0.1,0.25
361356,mscoco,0.006293595134047791,0.025718317696100525,0.003007370120030828,0.017872726712462608,0.2,1.0,0.3,1.0
452806,mscoco,0.49143301211297513,0.5498938826985331,0.6455328792333603,0.8423099579414358,0.4,0.25,0.6,0.5
136,drawbench,0.041490297159180047,0.14532581822012075,0.006182016176171601,0.03758177286485018,0.0,7.48839299086416e-05,0.0,1.80446786242737e-05
191314,mscoco,0.030409311247058212,0.10705651827452405,0.02909483350813389,0.13461842773584226,0.1,0.5,0.1,1.0
26,drawbench,0.5565675858408212,0.7943135205010023,0.33354653269052503,0.48640849473072045,0.0,0.0,0.0,0.0
24414,mscoco,0.3831788882613182,0.7315614084259281,0.2802453424781561,0.7110056892929942,0.2,1.0,0.5,1.0
499634,mscoco,0.024244119692593814,0.07788300297243522,0.026675177179276942,0.08849670424600938,0.0,0.037037037037037,0.0,0.0121951219512195
13482,mscoco,0.08742642411962151,0.4052386071738026,0.040552928624674675,0.2598223154142255,0.1,1.0,0.1,1.0
267861,mscoco,0.1205297903623432,0.22075313623561235,0.17003174480050803,0.5607635393981069,0.1,0.1666666666666666,0.1,1.0
498967,mscoco,0.19391991645097734,0.35380948309934634,0.3741657257080078,0.6073354892040265,0.3,0.3333333333333333,0.2,1.0
247979,mscoco,0.00019993251116829925,0.0014507321483804502,0.00029258864843768607,0.0015591727247326011,0.1,1.0,0.1,1.0
438196,mscoco,0.10294214412569999,0.3789501477779202,0.1346728035248816,0.2069632288052521,0.3,1.0,0.3,1.0
230700,mscoco,0.140182931907475,0.3614834428925476,0.102873095870018,0.2005440350047491,0.0,0.0076335877862595,0.0,0.0909090909090909
22660,mscoco,0.07881470192223787,0.4828929465764046,0.09394411605899222,0.2684865086651271,0.3,1.0,0.3,1.0
227982,mscoco,0.019171946961432696,0.05872295990975406,0.01651120719034225,0.04509368851372922,0.1,0.25,0.2,0.5
134807,mscoco,0.005589352961396799,0.025040877979986918,0.004034313216106966,0.019456225577566384,0.1,1.0,0.1,1.0
209788,mscoco,0.05791775565594435,0.15621383706045788,0.17305442988872527,0.3575534262160917,0.0,0.0263157894736842,0.0,0.02
139518,mscoco,0.04806271223351359,0.14526742060501618,0.048934517055749895,0.1513114083025175,0.0,0.0454545454545454,0.1,0.25
232625,mscoco,0.09659842932596803,0.2163978917425133,0.11438010092824698,0.38612925626936867,0.0,0.0303030303030303,0.2,0.25
423875,mscoco,0.0018589694289403269,0.006491430047242512,0.0010747042375442105,0.005260743036926024,0.1,1.0,0.1,1.0
87878,mscoco,0.08084386251866818,0.17022753968982912,0.08527980914805085,0.25260417469517,0.0,0.0416666666666666,0.1,0.5
55,drawbench,0.010302028071600943,0.03687597644126242,0.010344966582852066,0.027070789567675873,0.0,0.0,0.0,0.0
315273,mscoco,0.20368007123470305,0.3160092795107686,0.3041319757699966,0.7204933382639496,0.3,1.0,0.5,0.5
118968,mscoco,0.0672437901608646,0.18916572261715164,0.07250058632344007,0.16316243862703775,0.1,0.5,0.0,0.0714285714285714
426459,mscoco,0.22367819026112556,0.46114131718979695,0.12934660241007806,0.2227275248554325,0.3,0.2,0.1,0.1
310695,mscoco,0.06569555350579322,0.2817337679495663,0.06350359658244997,0.15920423606527867,0.1,1.0,0.3,1.0
266912,mscoco,0.483443021774292,0.5483465506897867,0.4392271459102631,0.9036074347143032,0.1,0.5,0.1,1.0
70187,mscoco,0.06933027105405927,0.22333586650901863,0.09782367141451687,0.4203065439315274,0.1,0.5,0.1,1.0
75352,mscoco,0.24653739854693413,0.44985259257078547,0.38416233360767366,0.5233088040674292,0.2,0.5,0.5,0.5
485187,mscoco,0.02969391436781734,0.10344046563963043,0.020282429270446302,0.08966015387684517,0.3,0.25,0.3,1.0
446310,mscoco,0.17728146724402905,0.3803476239883549,0.2889743477106094,0.5445755464534915,0.0,0.0416666666666666,0.6,1.0
172702,mscoco,0.04672005958855152,0.20566658934043816,0.052742361556738615,0.18551126854324623,0.1,1.0,0.1,1.0
41838,mscoco,0.22124830959364772,0.6434776029542891,0.32886198312044146,0.5802393370230374,0.8,1.0,1.0,1.0
348083,mscoco,0.03910771862138063,0.09365649444415225,0.04565216738265008,0.2007566343487057,0.1,0.1111111111111111,0.1,0.2
465198,mscoco,0.10839446522295475,0.27617193903134213,0.2400453008711338,0.5049798072643297,0.0,0.0454545454545454,0.1,1.0
458123,mscoco,0.35810986198484895,0.5694792093953354,0.3065924823284149,0.3364285247504164,0.1,0.2,0.3,1.0
215558,mscoco,0.5313467606902122,0.8371822104992567,0.5311472244560719,0.8995898144825748,0.0,0.0769230769230769,0.4,1.0
201019,mscoco,0.12946287915110588,0.25489465361161695,0.35563182421028616,0.39758757046718984,0.2,0.1428571428571428,0.9,0.5
153921,mscoco,0.05473223584704101,0.18652903379696664,0.1962600216269493,0.35220381084449326,0.1,0.2,0.1,0.1428571428571428
345389,mscoco,0.0009787084207346197,0.0021091740887079127,0.0005796197597192077,0.005431559183677436,0.1,0.1111111111111111,0.1,1.0
359066,mscoco,0.02770334275410278,0.1313681144270272,0.030119763902621343,0.10003527155536773,0.1,1.0,0.2,0.25
22102,mscoco,0.13995288424193858,0.30628427722618173,0.2509096249938011,0.4967755855109322,0.7,1.0,0.9,1.0
194419,mscoco,0.2922198086977005,0.4725746470907146,0.2586915396153927,0.5126637377799839,0.5,0.5,0.5,1.0
391053,mscoco,0.04973329585045576,0.1747752143815007,0.042894301400519905,0.10989815795744853,0.1,0.25,0.0,0.0033783783783783
20171,mscoco,0.13297591116279364,0.3481259233357582,0.12892888747155667,0.3042824376248495,0.3,1.0,0.7,1.0
538001,mscoco,0.05901605077087879,0.13118304976687478,0.11814511027187109,0.25085157446227746,0.0,0.0095238095238095,0.0,0.0024570024570024
575490,mscoco,0.03625008219387382,0.09164113936097562,0.08640222698450088,0.2221963743711811,0.2,0.5,0.7,0.3333333333333333
75427,mscoco,0.11252644956111908,0.31468982705035464,0.11610414236783981,0.33041209696018464,0.1,1.0,0.1,0.5
510564,mscoco,0.035634889639914034,0.1204550996783424,0.1036138093098998,0.35825740102151626,0.0,0.0454545454545454,0.1,0.5
58117,mscoco,0.014251750870607793,0.05147969965879491,0.025352017930708827,0.09853238514806782,0.1,0.5,0.1,0.1666666666666666
294416,mscoco,0.18236914984881877,0.3918774866964683,0.33944911216385665,0.7348393034904078,0.0,0.0416666666666666,0.3,1.0
525176,mscoco,0.15454467572271824,0.3741640759976058,0.2060347467660904,0.44561304110501887,0.0,0.0133333333333333,0.0,0.0588235294117647
316522,mscoco,0.029075037949951366,0.2610749966161376,0.033861523459199815,0.07759321544955296,0.1,1.0,0.1,0.2
198832,mscoco,0.13601241037249565,0.2778412461140442,0.29420939832925797,0.5383238982107781,0.0,0.0113636363636363,0.0,0.0294117647058823
378022,mscoco,0.022661792463622987,0.05584483640973176,0.04746940513141453,0.12321165217411907,0.1,0.25,0.3,1.0
306037,mscoco,0.07703086603432893,0.19798855068590482,0.048736414220184085,0.30497562561790964,0.0,0.0333333333333333,0.1,1.0
51021,mscoco,0.27139843106269834,0.47203764498936335,0.36418270170688627,0.6196771923778699,0.4,1.0,0.8,1.0
225392,mscoco,0.007137927960138768,0.025299412894575758,0.014184357365593314,0.06600088389129638,0.0,0.0232558139534883,0.3,0.3333333333333333
543490,mscoco,0.12254908569157123,0.38688513044315115,0.18281496949493886,0.3221015609038659,0.2,1.0,0.4,0.5
305117,mscoco,0.010496098035946488,0.051688994891266285,0.04072953299619257,0.18359260388433707,0.0,0.0192307692307692,0.1,1.0
519387,mscoco,0.005528191075427458,0.02049990113045565,0.005989592405967414,0.03565145716973871,0.0,0.00177304964539,0.0,0.0192307692307692
98501,mscoco,0.09403798717539757,0.36458323712289564,0.11999105289578438,0.388838802995354,0.1,0.1111111111111111,0.0,0.0120481927710843
249791,mscoco,0.07938313381746412,0.22328625878654187,0.12536495067179204,0.25802119695886333,0.1,0.3333333333333333,0.0,0.0147058823529411
327664,mscoco,0.07948648491874337,0.20832186053681212,0.1560871984809637,0.3289950966592379,0.1,0.25,0.2,1.0
22,drawbench,0.00042686497181421146,0.0015953537241526984,0.0006031591903592926,0.0042129939608850225,0.0,0.0,0.0,0.0
225654,mscoco,0.034722422761842606,0.11700629797881923,0.03857754289638251,0.1983669595645397,0.0,0.0384615384615384,0.1,1.0
47700,mscoco,0.2472661267966032,0.5760882242425455,0.28291178941726686,0.3732977380266474,0.3,0.5,0.2,0.2
77159,mscoco,0.157178395986557,0.3034703921557509,0.22270437628030776,0.4031574683626561,0.1,0.1111111111111111,0.3,1.0
501773,mscoco,0.08065035473555326,0.2809210660056427,0.07771867839619517,0.27843022953973584,0.1,1.0,0.1,1.0
355137,mscoco,0.4319183468818665,0.7011271266111118,0.44227223098278046,0.5975374928546913,0.1,0.2,0.4,1.0
476055,mscoco,0.16573783960193395,0.2716607602894462,0.22925588488578796,0.4722411094234049,0.1,0.1666666666666666,0.2,0.5
446898,mscoco,0.0696564701385796,0.1728470011825906,0.23238765858113766,0.508155988601849,0.2,1.0,0.5,1.0
336645,mscoco,0.16795785240828992,0.3142971289164857,0.17653486356139184,0.4277126688690173,0.2,1.0,0.4,0.3333333333333333
57242,mscoco,0.0575437098974362,0.1916054994831793,0.061674379743635654,0.3207428464811155,0.1,0.5,0.1,1.0
137178,mscoco,0.3082163594663143,0.5369308637109909,0.3749669775366783,0.6370808356480714,0.4,0.5,0.4,1.0
113113,mscoco,0.18156671114265918,0.33550680365383145,0.34097670912742617,0.7869850165422734,0.6,1.0,0.5,1.0
403028,mscoco,0.12726748269051313,0.21097072424188493,0.13115603663027287,0.2723043624302491,0.1,0.1111111111111111,0.1,1.0
346795,mscoco,0.02331077753333375,0.07154593456503511,0.01469699409790337,0.05237314926197745,0.1,0.1,0.0,0.0909090909090909
145682,mscoco,0.2202101989649236,0.320512419865983,0.05073978328146041,0.12572911773939868,0.1,0.1111111111111111,0.0,0.0163934426229508
418791,mscoco,0.02196569610387087,0.09327938176815413,0.028569702338427306,0.13838689647278105,0.0,0.0833333333333333,0.1,1.0
107838,mscoco,0.24473115596920253,0.5372175349910486,0.30786424279212954,0.6062592733906035,0.2,1.0,0.5,1.0
149577,mscoco,0.08045439851121046,0.5578026388758457,0.13026691204868257,0.5891574706904286,0.1,1.0,0.1,1.0
10,drawbench,0.11280382252298296,0.4447619543040748,0.0354025939013809,0.13624634593491122,0.0,0.0,0.0,0.0
544614,mscoco,0.7572297662496567,0.9268176605281538,0.8223988652229309,0.8804396733339236,0.9,1.0,1.0,1.0
419150,mscoco,0.2332108223810792,0.4102168342553601,0.283745632506907,0.7929501540437451,0.1,0.1666666666666666,0.2,1.0
496783,mscoco,0.03524720319546759,0.1793208448650678,0.0416244100779295,0.17861871426867737,0.2,1.0,0.2,1.0
195062,mscoco,0.5723238587379456,0.8333235982905346,0.543770843744278,0.8151217561992312,0.1,0.1111111111111111,0.6,1.0
183481,mscoco,0.4303069688379765,0.6496020240788118,0.4421423874795437,0.5671962418527764,0.7,0.5,0.7,1.0
495288,mscoco,0.25744850784540174,0.6724588987398505,0.34090825691819193,0.8167118133330968,0.0,0.0416666666666666,0.1,1.0
162,drawbench,0.0028030622823280284,0.010007288152719507,0.005716563123132801,0.02766780503887555,0.0,0.0,0.0,0.0
99321,mscoco,0.34060448314994574,0.48925890217452583,0.32717108093202113,0.6850549817427938,0.6,0.5,1.0,1.0
502637,mscoco,0.07220079991966485,0.16642390463225637,0.06378186224028468,0.1980826788136133,0.4,0.3333333333333333,0.7,1.0
136458,mscoco,0.06479599233716726,0.23872242788963816,0.10865353858098388,0.19234150265868052,0.1,0.5,0.1,0.3333333333333333
113333,mscoco,0.1763744108378887,0.35162627545629704,0.2321947544813156,0.39531011432207547,0.3,0.5,0.1,1.0
473448,mscoco,0.21847229935228824,0.6315574311469865,0.21217805966734887,0.39623853850863566,0.3,1.0,0.0,0.05
450598,mscoco,0.5723397716879844,0.7990540933572389,0.6127691119909286,0.8489441355862146,0.4,1.0,0.9,1.0
474157,mscoco,0.1279110886156559,0.21188259759924563,0.2711947813630104,0.5734603616932304,0.1,0.1111111111111111,0.2,1.0
74499,mscoco,0.016099019593093546,0.08441385084010099,0.026101851463317872,0.11277975795555464,0.1,1.0,0.2,1.0
107610,mscoco,0.4136217311024666,0.6710688599380046,0.3708365708589554,0.535009437621635,0.4,1.0,0.6,0.5
200959,mscoco,0.23192519899457692,0.5788705819201361,0.38328106701374054,0.6828290382009116,0.3,1.0,0.7,1.0
463430,mscoco,0.10096420217305421,0.37697916082473054,0.07462474359199404,0.1773930438958017,0.0,0.0123456790123456,0.0,0.0085470085470085
512509,mscoco,0.17780857309699058,0.32426819199008217,0.23905937671661376,0.5001398201243165,0.2,0.5,0.1,0.5
458921,mscoco,0.003002293439931236,0.008620206030179108,0.005894773942418397,0.014013643326104212,0.0,0.025,0.1,1.0
282667,mscoco,0.061361319245770575,0.4079887322230565,0.07111522044579033,0.4348727269657619,0.1,0.3333333333333333,0.1,0.5
448771,mscoco,0.013984012836590409,0.04891999878663035,0.022958926670253278,0.07106589500792716,0.0,0.0196078431372549,0.0,0.05
293598,mscoco,0.73262460231781,0.8420901997305688,0.7421603858470917,0.8527961270200829,0.7,1.0,0.8,1.0
541193,mscoco,0.04070597756654024,0.16887098692743416,0.03169756669085473,0.13095660844991575,0.0,0.0666666666666666,0.0,0.0588235294117647
356569,mscoco,0.07443195674568415,0.1463818552702806,0.05752754472196102,0.18484681389390437,0.1,0.125,0.0,0.0714285714285714
334513,mscoco,0.18756140470504762,0.32189349605587053,0.30199050307273867,0.5129280593344637,0.1,0.1111111111111111,0.6,1.0
430167,mscoco,0.03611321092175786,0.13126076131506587,0.111264145700261,0.5977338337894638,0.0,0.025,0.0,0.032258064516129
513125,mscoco,0.44845040440559386,0.5226976883785424,0.4979879274964333,0.7481338036211151,0.1,0.1428571428571428,0.2,0.3333333333333333
356257,mscoco,0.002352912788410322,0.01674861073460063,0.0035482953207974788,0.01061074537777662,0.1,1.0,0.1,0.25
364010,mscoco,0.02920113825239241,0.10707483471766538,0.03456906694918871,0.09756533133943798,0.1,0.25,0.1,1.0
148542,mscoco,0.07915469994768501,0.2139591843809742,0.05586421638727188,0.1436773619852987,0.0,0.0526315789473684,0.0,0.037037037037037
82405,mscoco,0.22136764992028474,0.524419999795675,0.18430298194289207,0.6397180994792443,0.7,1.0,0.4,1.0
70755,mscoco,0.08054127390496432,0.18272569437148453,0.11718913689255714,0.36396417157317373,0.1,0.1666666666666666,0.1,1.0
118927,mscoco,0.05457286995369941,0.19354875495789864,0.04046396617777646,0.2144967472668348,0.1,1.0,0.1,0.3333333333333333
508915,mscoco,0.04640909815207124,0.15252772794412986,0.12327326443046331,0.36420860077147443,0.2,0.3333333333333333,0.1,0.2
491739,mscoco,0.11000441517680884,0.22584536362701185,0.09563894271850586,0.38340433453698036,0.0,0.0147058823529411,0.1,0.3333333333333333
147546,mscoco,0.12087897695600987,0.3142019187916802,0.2012856874614954,0.4161205838401645,0.5,0.3333333333333333,0.3,0.5
262213,mscoco,0.32194282561540605,0.48091613996723004,0.43553523123264315,0.6423598932270805,0.9,0.5,0.7,1.0
415728,mscoco,0.03273494504392147,0.10307730055696834,0.030947507149539887,0.16006218128873037,0.5,1.0,0.5,1.0
506873,mscoco,0.05184588637202978,0.14351206467270056,0.059895879961550234,0.24582134568744268,0.6,1.0,0.7,1.0
538210,mscoco,0.2541181739419699,0.2937171008881757,0.5333945643156767,0.4797273906354379,0.2,0.2,0.6,0.5
581127,mscoco,0.02169156204909086,0.06703344517977997,0.020465627289377154,0.058024471982215824,0.0,0.0185185185185185,0.1,0.5
110013,mscoco,0.029780950397253036,0.08207283620839739,0.010998863034183159,0.06810597396305684,0.3,1.0,0.3,1.0
502286,mscoco,0.030018733255565165,0.11476357711251847,0.019341946579515934,0.09290750061745952,0.0,0.04,0.1,0.5
99425,mscoco,0.18003109395503997,0.38608605568739374,0.25961230546236036,0.3310032279454201,0.1,0.125,0.4,1.0
103042,mscoco,0.23553284928202628,0.4687576150634611,0.38036401122808455,0.5978333405529046,0.3,1.0,0.7,0.5
360440,mscoco,0.017613326432183385,0.14098303995054073,0.014357386500341818,0.13653270340223678,0.1,1.0,0.1,1.0
409668,mscoco,0.3736528605222702,0.6951695998764494,0.40400629937648774,0.6976114585037368,0.9,1.0,0.9,1.0
421639,mscoco,0.012609184300526977,0.034709641614384217,0.013238097215071321,0.041283124083722145,0.0,0.0526315789473684,0.1,0.1111111111111111
277717,mscoco,0.011711091094184667,0.082714687767318,0.011410104419337586,0.08202959457971308,0.1,1.0,0.1,1.0
113851,mscoco,0.27770476415753365,0.44739398600513913,0.1858280435204506,0.48637498172250837,0.6,0.5,0.4,1.0
380100,mscoco,0.28466554284095763,0.46879356062303895,0.44837762862443925,0.4298858318378655,0.3,1.0,0.7,1.0
68601,mscoco,0.24318911358714104,0.5722098128188555,0.24448784738779067,0.7063539363016403,0.1,0.5,0.2,0.125
82229,mscoco,0.08752004085108638,0.2121194488783142,0.17246262393891812,0.36246648421581895,0.0,0.0909090909090909,0.0,0.0185185185185185
263462,mscoco,0.09957038257271052,0.292973679871799,0.155370519310236,0.39943480190270425,0.2,0.1666666666666666,0.4,0.5
352495,mscoco,0.02595238375943154,0.06774044204200963,0.04147660080343485,0.11097121054165486,0.5,1.0,0.6,0.5
64339,mscoco,0.028652365884045138,0.0738549292535689,0.01710645723505877,0.06346710453661801,0.1,1.0,0.1,0.3333333333333333
11156,mscoco,0.009876919467933476,0.036603261986112676,0.007905608520377427,0.0322813492210418,0.1,0.5,0.1,1.0
334872,mscoco,0.5038862612098456,0.7911060390209851,0.6115814179182053,0.6943077800530779,0.3,0.3333333333333333,0.4,0.5
477820,mscoco,0.1409876063466072,0.4011608418990281,0.15220230631530285,0.26418819782329256,0.3,0.25,0.2,0.5
283884,mscoco,0.23810379430651665,0.5574459662147502,0.4972066842019558,0.5987201254268724,0.4,0.3333333333333333,0.6,0.5
418868,mscoco,0.0014755331616470358,0.005124890438275099,0.009329633024754003,0.02514274029550463,0.1,0.25,0.2,1.0
350309,mscoco,0.21500052250921725,0.3704719380697753,0.19411263167858123,0.2674252618953196,0.2,0.3333333333333333,0.1,0.25
14537,mscoco,0.020909889799077062,0.08313888937521485,0.014752805620082654,0.07753213876102219,0.1,0.5,0.1,1.0
575040,mscoco,0.03665473568253219,0.14703790081252802,0.014507921045878901,0.06142365351150113,0.0,0.006578947368421,0.0,0.0018115942028985
449455,mscoco,0.17896569147706032,0.30637945790335525,0.1844510931521654,0.4878664686792708,0.9,1.0,0.6,1.0
211686,mscoco,0.0653397748246789,0.37448294509452223,0.06162128457799554,0.37662894368229577,0.1,1.0,0.1,1.0
154745,mscoco,0.1873886466026306,0.31046385284737094,0.2929017718881369,0.5447051007964981,0.1,0.25,0.2,0.25
152084,mscoco,0.20293517783284187,0.6299471565029579,0.20140259517356754,0.3326095639265061,0.1,0.1666666666666666,0.1,1.0
536390,mscoco,0.2791081538423896,0.5003535714487106,0.2904649548232555,0.48500776815769653,0.0,0.0666666666666666,0.3,0.3333333333333333
235906,mscoco,0.1381012175232172,0.27131345025528447,0.08733720695599914,0.24874269790718628,0.5,1.0,0.3,1.0
526126,mscoco,0.06381701715290547,0.19732887392086326,0.08986205384135246,0.3106667071980788,0.0,0.037037037037037,0.2,1.0
3711,mscoco,0.13327840082347392,0.31190285435712095,0.123748429864645,0.2749763588788803,0.3,0.1666666666666666,0.2,1.0
275938,mscoco,0.5416138887405395,0.6812958069334979,0.6681066632270813,0.8572050554006985,0.5,1.0,0.9,1.0
180130,mscoco,0.7138081967830658,0.9024885058625751,0.8232117533683777,0.9605626564336154,0.5,1.0,0.7,1.0
401037,mscoco,0.02883982501225546,0.09791355402573106,0.02538391755660996,0.08744191207860973,0.0,0.0178571428571428,0.1,1.0
348816,mscoco,0.1920055314199999,0.48004864566890515,0.13536283592693507,0.4490772409932141,0.3,1.0,0.2,1.0
358300,mscoco,0.06820240048691631,0.38054788108245136,0.044368470832705495,0.1137473352937424,0.1,1.0,0.0,0.0588235294117647
226577,mscoco,0.40859990399330853,0.39160062284271147,0.28865335378795864,0.6313589514714318,0.5,0.5,0.3,0.5
425100,mscoco,0.127562372200191,0.23825381233329385,0.15829915581271053,0.32992191017236744,0.1,0.1666666666666666,0.1,0.2
11184,mscoco,0.04804600104689598,0.0949988769262384,0.07534724250435829,0.18801181902222083,0.0,0.0434782608695652,0.0,0.03125
391972,mscoco,0.04881371352821588,0.17027305309499954,0.041891105193644765,0.1563604155306191,0.1,0.5,0.0,0.0714285714285714
578072,mscoco,0.14992983881384134,0.3828975379062621,0.09590546772815287,0.384439715836463,0.2,1.0,0.1,1.0
558798,mscoco,0.061461859033443034,0.1410823391671978,0.04028342313831672,0.22016880004619618,0.1,0.25,0.0,0.0181818181818181
353559,mscoco,0.05794611340388656,0.15775735302071994,0.046268255729228255,0.18822679299582562,0.3,0.2,0.3,0.5
291117,mscoco,0.3227563098073006,0.48197366031288114,0.3249970957636833,0.617761050300091,0.0,0.0769230769230769,0.6,1.0
372201,mscoco,0.040310212038457395,0.15230576850741478,0.07442708574235439,0.19515423676572044,0.0,0.0303030303030303,0.2,0.1666666666666666
204085,mscoco,0.13249600678682327,0.3470023017175683,0.14015017300844193,0.34315490264545834,0.6,1.0,0.6,1.0
218965,mscoco,0.2657207638025284,0.8741366233416195,0.2384636178612709,0.8707603385835373,0.2,1.0,0.2,1.0
343012,mscoco,0.024809466837905348,0.0611671001786631,0.020870743645355107,0.04878812611733288,0.1,1.0,0.1,0.25
271941,mscoco,0.036843416187912224,0.0930591587774288,0.02312741568312049,0.0892909976453381,0.1,0.1666666666666666,0.2,0.5
230141,mscoco,0.12346402695402503,0.38177567876543894,0.22589598260819913,0.4331180657667962,0.1,0.25,0.1,0.2
58232,mscoco,0.4454223677515984,0.6709466304162638,0.41534962262958286,0.37694436379649987,0.0,0.0434782608695652,0.0,0.0303030303030303
175437,mscoco,0.011958722316194326,0.035556806020843,0.014138491125777364,0.065560546705029,0.1,0.5,0.0,0.0175438596491228
541010,mscoco,0.03992850539507344,0.09550482821832462,0.07129284292459488,0.17679640324920942,0.1,0.5,0.1,0.1666666666666666
140,drawbench,0.031845028651878236,0.09580256174200998,0.003492154154810123,0.014622127676561226,0.0,0.0,0.0,0.0
170558,mscoco,0.06763921715319157,0.21323953954113783,0.044643274653935805,0.17791474806491714,0.1,0.3333333333333333,0.2,0.3333333333333333
148267,mscoco,0.3077086299657822,0.7763364597842219,0.2664786368608475,0.7511622213975054,0.1,1.0,0.1,1.0
531896,mscoco,0.041593347955495116,0.12660740588448413,0.06719788536429405,0.16838280528335012,0.0,0.0769230769230769,0.1,1.0
153620,mscoco,0.06767563447356224,0.16614243583240584,0.05380252217873931,0.13643971393170723,0.1,0.125,0.1,0.25
450,mscoco,0.21641259789466857,0.41805163238673,0.4246226713061333,0.6370616320396882,0.2,1.0,0.3,0.3333333333333333
186605,mscoco,0.047210554219782354,0.16775792685188987,0.04102761317044497,0.1705186316364704,0.1,1.0,0.1,0.25
188845,mscoco,0.012934709340333939,0.04067367838199257,0.03469055071473122,0.10510766518389227,0.0,0.0039682539682539,0.0,0.0333333333333333
442400,mscoco,0.006192992808064446,0.025624131558005702,0.005844597911345772,0.027021567111918873,0.0,0.0416666666666666,0.1,0.25
493416,mscoco,0.007658214193361346,0.03656095675850423,0.011543915191214182,0.04529940818852757,0.0,0.0069444444444444,0.1,0.5
239532,mscoco,0.13288231384940447,0.2819122445833239,0.13296335274353624,0.481992849676395,0.0,0.0263157894736842,0.1,1.0
5862,mscoco,0.05937997754663229,0.1657755529601051,0.06718201292678713,0.21493836512785686,0.1,0.1428571428571428,0.3,1.0
194744,mscoco,0.3423833314329386,0.5918603613837246,0.23352171406149863,0.37745728789788874,0.1,0.5,0.2,0.1428571428571428
570512,mscoco,0.002480284991906956,0.00821368147449324,0.0018562223653134425,0.011778122573606595,0.0,0.0666666666666666,0.1,1.0
18191,mscoco,0.0015439295471878721,0.005435815995422888,0.0016320669659762644,0.006830511102831298,0.1,0.1666666666666666,0.0,0.0833333333333333
346093,mscoco,0.41174973994493486,0.5296977722087614,0.5559939414262771,0.7664410394686424,0.3,0.3333333333333333,0.3,1.0
549978,mscoco,0.2583739787340164,0.4322733257130185,0.2425856202840805,0.4322969067478301,0.0,0.0833333333333333,0.3,0.5
114468,mscoco,0.10143705662339926,0.29817900580088724,0.14648756794631482,0.4119955724692855,0.1,0.5,0.2,1.0
45490,mscoco,0.027630756702274085,0.1270752655436866,0.03753436258994043,0.11303838333196999,0.1,0.25,0.1,1.0
99701,mscoco,0.19128554984927176,0.37834413146969015,0.1704530446091667,0.29599431373605345,0.2,0.5,0.2,0.1666666666666666
228336,mscoco,0.24712565988302232,0.6137466028688082,0.3420710302889347,0.6045789930901325,0.0,0.0625,0.3,0.5
442148,mscoco,0.12854534084908664,0.3685007221474406,0.1003272227011621,0.2993511897722874,0.3,1.0,0.2,1.0
155,drawbench,0.006185820574319223,0.019976087564202865,0.0030535260506439955,0.00725878328607843,0.0,4.697702823319397e-05,0.0,0.000124254473161
539287,mscoco,0.12724811099469663,0.22504550718243974,0.43222029507160187,0.7516835428382089,0.0,0.0588235294117647,0.6,1.0
151466,mscoco,0.01646570160519332,0.13197093765445034,0.09163515148684383,0.2894002131933096,0.1,1.0,0.3,0.25
329908,mscoco,0.17536504417657853,0.46593019750135656,0.1756688728928566,0.3246654667490099,0.2,0.3333333333333333,0.4,0.3333333333333333
384986,mscoco,0.0716580718755722,0.26204900863035907,0.06969736572355031,0.18061154310153538,0.0,0.0068493150684931,0.0,0.0111111111111111
444801,mscoco,0.1568261232227087,0.2377086586637489,0.27794620394706726,0.42835589531374296,0.1,0.125,0.5,0.5
223875,mscoco,0.06371317546581849,0.1741353991462743,0.10945746415527538,0.5001372745311332,0.0,0.04,0.1,1.0
84493,mscoco,0.10823170579969883,0.2935012353409101,0.11139296293258667,0.25190985080988565,0.4,1.0,0.4,1.0
484206,mscoco,0.2456459641456604,0.3769524116511955,0.19511782452464105,0.3175279633654663,0.1,0.3333333333333333,0.2,1.0
223869,mscoco,0.25579007491469385,0.4349981719013701,0.341335641592741,0.4423535010096527,0.3,0.5,0.5,1.0
13800,mscoco,0.08865224532783031,0.13449505060812325,0.12332512512803077,0.23948277328972656,0.2,0.1428571428571428,0.2,0.3333333333333333
62250,mscoco,0.04579569107154384,0.21647789639327006,0.056836703419685365,0.2011854200612122,0.1,0.5,0.2,0.3333333333333333
401092,mscoco,0.07818572670221328,0.2413087665236286,0.07382667325437069,0.18057198001150518,0.4,0.5,0.2,0.125
407626,mscoco,0.016372593748383225,0.05582577863150503,0.0030435274602496065,0.009305916791346916,0.1,0.3333333333333333,0.0,0.0083333333333333
479866,mscoco,0.31185811311006545,0.7636265759433656,0.48881145417690275,0.7940743557951125,0.5,1.0,0.5,0.5
579247,mscoco,0.07680427159648388,0.3841949895493778,0.0732233778515365,0.3560697238012404,0.3,1.0,0.4,1.0
432832,mscoco,0.034748543926980346,0.08580345105647838,0.028757950570434333,0.2277223289445104,0.3,0.3333333333333333,0.4,1.0
297695,mscoco,0.009669078583829104,0.030258278847830795,0.014527285982330796,0.049325377427452986,0.1,0.1,0.1,1.0
440793,mscoco,0.07328956872224808,0.25290177628718813,0.12857625856995583,0.37356247216606764,0.1,1.0,0.1,1.0
484338,mscoco,0.11744169481098651,0.26680712824091035,0.14446477890014647,0.304270211185592,0.1,0.1111111111111111,0.4,0.1428571428571428
28654,mscoco,0.12522909119725228,0.24159956500602517,0.10577363781630993,0.24233094014958284,0.2,0.5,0.0,0.0227272727272727
372580,mscoco,0.29793819077312944,0.5262254210383518,0.42793319225311277,0.5308674722788104,0.0,0.0222222222222222,0.0,0.0227272727272727
53802,mscoco,0.03344957707449794,0.12298587916772762,0.03181397337466478,0.10393019476511149,0.1,1.0,0.1,1.0
72792,mscoco,0.08440227215178311,0.2608931866724673,0.12952992785722017,0.21174105247404648,0.0,0.0263157894736842,0.0,0.0333333333333333
185844,mscoco,0.28695128094404937,0.5506546528079155,0.3364700935781002,0.7600179744251814,0.1,0.1666666666666666,0.3,1.0
355347,mscoco,0.21616850681602956,0.34686154553225573,0.33665886595845224,0.4171602676644223,0.3,0.2,0.3,0.5
55237,mscoco,0.1268408253788948,0.4154036063037989,0.2082454344665166,0.28363882835521603,0.0,0.0344827586206896,0.0,0.0454545454545454
167910,mscoco,0.025884701125323772,0.10761251443852334,0.011494765686802567,0.038331172658798096,0.1,0.5,0.0,0.0166666666666666
398527,mscoco,0.11267659738659859,0.31231088975656657,0.13816099260002374,0.3486690262402726,0.2,1.0,0.5,1.0
484666,mscoco,0.05223119165748358,0.16913961544530823,0.03955079289153218,0.25700519259283305,0.1,0.5,0.1,1.0
399461,mscoco,0.08644995987415313,0.27389805065434575,0.05519960159435868,0.27771902010834804,0.1,0.5,0.2,1.0
71220,mscoco,0.1320118283852935,0.2405794311039599,0.21352623254060746,0.708658698312424,0.1,0.1666666666666666,0.7,1.0
430391,mscoco,0.17160227708518505,0.3187907485646881,0.15316363610327244,0.34385097819909927,0.6,1.0,0.4,1.0
81166,mscoco,0.10438424497842788,0.2609827961705689,0.24055342376232147,0.42217859532145935,0.0,0.0769230769230769,0.2,0.5
11690,mscoco,0.14473112169653177,0.28251751331675823,0.2886968769133091,0.5979948229467796,0.3,0.5,0.6,1.0
74570,mscoco,0.11112667024135589,0.30616346336201455,0.1538370169699192,0.30229811088177,0.7,0.5,0.7,1.0
495609,mscoco,0.14199315439909696,0.3325796171384896,0.17758814990520477,0.6195984704466954,0.1,0.125,0.1,1.0
286874,mscoco,0.11207564324140548,0.2609680554745562,0.17481590956449508,0.3019023103748387,0.1,0.3333333333333333,0.1,1.0
310562,mscoco,0.6493549957871437,0.8389560175953621,0.5429198272526264,0.7816561758515617,0.7,1.0,0.6,1.0
49946,mscoco,0.1331514772027731,0.30491602699713316,0.09195341328158975,0.3099947626668372,0.1,1.0,0.1,1.0
546114,mscoco,0.19914304595440627,0.7413422410522024,0.2243955697864294,0.4676708820382791,0.4,1.0,0.5,0.5
229052,mscoco,0.031491430616006254,0.11238154174021651,0.022672129329293966,0.0831138334831691,0.1,1.0,0.1,0.3333333333333333
218294,mscoco,0.10304870018735528,0.3604847684849772,0.12251745304092765,0.382008801027844,0.1,1.0,0.3,1.0
262235,mscoco,0.43937501311302185,0.6311820553657471,0.5352050930261611,0.5338738402647026,0.6,1.0,1.0,1.0
53229,mscoco,0.01672326282132417,0.08452534548664804,0.022515104431658984,0.06042663128801276,0.3,1.0,0.8,0.5
447209,mscoco,0.030901233246549965,0.08151361578751089,0.03070571180433035,0.12423135509256131,0.2,1.0,0.1,0.3333333333333333
166096,mscoco,0.3332456603646278,0.48980373038550956,0.39496218860149385,0.6231051268208866,0.3,0.25,0.2,0.2
70363,mscoco,0.012038673181086779,0.04284885368710434,0.02520168262999505,0.05558152022883723,0.0,0.03125,0.1,0.1111111111111111
23355,mscoco,0.025200349651277064,0.13352841039510677,0.029269063053652643,0.14638208850228263,0.1,1.0,0.1,1.0
269886,mscoco,0.10877389255911112,0.2335205413248727,0.11864725556224584,0.18703486958277712,0.0,0.0185185185185185,0.2,0.125
237445,mscoco,0.007601183012593537,0.0465813241770414,0.03915788703598082,0.12057565572283933,0.0,0.0769230769230769,0.4,1.0
63835,mscoco,0.38442020416259765,0.527524165861109,0.48462526351213453,0.498447674108156,0.5,1.0,0.9,1.0
272255,mscoco,0.4530926510691643,0.5490364995244944,0.528276900947094,0.759910705871927,0.5,0.3333333333333333,0.3,1.0
373414,mscoco,0.14170019291341304,0.47135838421018394,0.21721819150261581,0.35479709546821164,0.1,0.1111111111111111,0.5,1.0
466827,mscoco,0.41122813522815704,0.6702333573414309,0.4706385388970375,0.6225023753633369,0.4,1.0,0.7,0.5
506026,mscoco,0.013820481358561666,0.056428905411127106,0.020872941485140472,0.07265644781577746,0.1,0.25,0.1,1.0
262145,mscoco,0.050232206704095006,0.20510134185048776,0.08750233687460422,0.26792021447714615,0.1,1.0,0.4,1.0
40210,mscoco,0.09754060152918101,0.24319727691853993,0.12376033971086145,0.26383901703564505,0.1,1.0,0.1,0.3333333333333333
281652,mscoco,0.1148074682801962,0.3586188569393438,0.06227216562256217,0.2829454320672857,0.2,1.0,0.2,1.0
280808,mscoco,0.34653077349066735,0.6568587924823643,0.3866113811731339,0.6835031300227223,0.0,0.05,0.2,0.1666666666666666
244549,mscoco,0.34371642097830774,0.45372491322033015,0.3553394615650177,0.6909680566487052,0.1,0.25,0.2,1.0
179504,mscoco,0.009924360224977136,0.045399000906105456,0.015921408148278714,0.04358210884551315,0.0,0.0769230769230769,0.1,0.1428571428571428
177353,mscoco,0.022514153458178043,0.11056254963667925,0.023629413964226843,0.09454713457876453,0.1,1.0,0.1,1.0
298830,mscoco,0.27849765606224536,0.8217706963414635,0.40579618960618974,0.6875296153047102,0.1,1.0,0.3,0.5
126182,mscoco,0.09883089251816272,0.22493358691942228,0.182192887365818,0.41671483189311725,0.0,0.0208333333333333,0.1,0.125
112904,mscoco,0.16174961030483245,0.3640391579297291,0.1738489942625165,0.4171336648114473,0.0,0.0555555555555555,0.1,0.1666666666666666
211080,mscoco,0.0326901032589376,0.0943330192186145,0.04719964787364006,0.15065591704376677,0.0,0.027027027027027,0.5,1.0
526729,mscoco,0.21766519211232663,0.3642117163552126,0.24741346538066863,0.3354616268407519,0.2,0.25,0.1,0.1666666666666666
474180,mscoco,0.08848287262953818,0.3175026614835817,0.05469392919330858,0.26945817296421365,0.1,0.5,0.1,1.0
466083,mscoco,0.07591705583035946,0.25036051392947517,0.09302130546420813,0.2346843396859312,0.0,0.05,0.0,0.0285714285714285
154,drawbench,0.017080353235360234,0.04833618139690685,0.014467445413902168,0.07284177578791556,0.0,0.0,0.0,0.0
183805,mscoco,0.06390837582293898,0.15327212864960868,0.051069063832983375,0.23561148107698238,0.1,0.1,0.0,0.0263157894736842
185571,mscoco,0.015082844765856862,0.05294158630862579,0.018149469140917064,0.06665910055519919,0.1,0.5,0.1,1.0
27471,mscoco,0.2073408283293247,0.4498434978574918,0.3553085595369339,0.43051658848336216,0.3,1.0,0.2,0.5
21504,mscoco,0.06956872239243239,0.2603586361199337,0.06588442655047402,0.17648370253324083,0.1,1.0,0.1,0.1111111111111111
422676,mscoco,0.11781380120664835,0.6962073784196288,0.13259793147444726,0.41572314882150607,0.1,1.0,0.1,0.5
452930,mscoco,0.0848496712744236,0.2343169827714408,0.09127923930063844,0.14954192068103306,0.0,0.0625,0.2,0.3333333333333333
473500,mscoco,0.18744277209043503,0.3632694586942345,0.10971831567585469,0.42178554784919453,0.1,0.5,0.1,0.1428571428571428
32708,mscoco,0.10859802905470133,0.2402980890592872,0.24169769715517758,0.6174185437016434,0.2,0.1666666666666666,0.4,1.0
578255,mscoco,0.2403170932084322,0.6442837246436478,0.44515078514814377,0.8240971672972494,0.1,0.3333333333333333,0.1,1.0
249792,mscoco,0.026509401842486114,0.14449532048828548,0.02424968935083598,0.1337075080891981,0.1,1.0,0.1,1.0
188795,mscoco,0.21804259922355412,0.4005246407485311,0.2952801868319511,0.5013974115268468,0.3,1.0,0.5,0.3333333333333333
299205,mscoco,0.0018747958907624706,0.009837935970059494,0.0024277391406940297,0.012725513813846193,0.1,1.0,0.2,1.0
404406,mscoco,0.059299635209026744,0.2549635198238466,0.06149735697545111,0.20021447454577618,0.1,1.0,0.1,1.0
145690,mscoco,0.1421230986714363,0.5604963157038011,0.17716135010123252,0.6090157408944618,0.0,0.0277777777777777,0.1,1.0
400332,mscoco,0.17661183141171932,0.384294543546763,0.2431427851319313,0.6790453021149033,0.2,0.25,0.2,1.0
202810,mscoco,0.1403353400528431,0.2894303487681762,0.14127670004963874,0.23477538503027792,0.2,0.2,0.1,0.125
52,drawbench,0.03566703374963254,0.08348764516567947,0.03958141794428229,0.09081070236088191,0.0,0.0,0.0,0.0
225700,mscoco,0.3807005435228348,0.6691431955484011,0.5136189222335815,0.82617087681603,0.1,0.1428571428571428,0.2,0.25
273106,mscoco,0.099417279753834,0.21880505168696035,0.16471927482634782,0.3136060290081961,0.0,0.0263157894736842,0.0,0.0588235294117647
394840,mscoco,0.0404079424450174,0.159562048480646,0.04940514164045453,0.19009965186056205,0.1,1.0,0.2,1.0
323810,mscoco,0.3851274151355028,0.6817733957920694,0.29147142022848127,0.6296135591778881,0.5,1.0,0.5,1.0
174892,mscoco,0.20621076710522174,0.4395186393550971,0.1762075826525688,0.3944723414932443,0.4,0.1428571428571428,0.2,0.1666666666666666
365507,mscoco,0.4586096256971359,0.5473382712521168,0.5458455562591553,0.6633144201968194,0.4,0.25,0.7,1.0
531963,mscoco,0.018803688959451392,0.08643692693923755,0.10174547079950572,0.2740892854082127,0.0,0.0555555555555555,0.1,0.1428571428571428
214127,mscoco,0.12877765167504548,0.3700920741396841,0.20319096557796001,0.4152667661395683,0.2,0.3333333333333333,0.2,0.1111111111111111
230991,mscoco,0.14658000096678733,0.3303134046557886,0.17030832469463347,0.2619511871648103,0.1,1.0,0.6,1.0
552962,mscoco,0.19416934326291085,0.4077613889980339,0.24408846348524094,0.39704540680922557,0.1,1.0,0.1,0.1111111111111111
534565,mscoco,0.32383543625473976,0.473379283149107,0.3606861889362335,0.49510617090682135,0.8,1.0,0.7,1.0
423647,mscoco,0.2518851485103369,0.45229649432134805,0.2867760963737965,0.6850083324314699,0.2,0.1666666666666666,0.3,0.5
48,drawbench,0.032841278918203896,0.1024895555949673,0.0319018448702991,0.09831929658001709,0.0,0.0,0.0,0.0
50480,mscoco,0.10930490307509899,0.18150840362221424,0.0813329502940178,0.2630448209785054,0.0,0.0089285714285714,0.1,0.125
138768,mscoco,0.3041317656636238,0.6658093538111897,0.37236542254686356,0.7268863684802849,0.2,0.5,0.1,0.25
480482,mscoco,0.08203561790287495,0.19315814453774813,0.08803259301930666,0.30743493893090024,0.1,0.5,0.1,0.5
150024,mscoco,0.09260226446203887,0.3487798330720453,0.09256343983579426,0.6322091608824798,0.2,0.5,0.2,1.0
94793,mscoco,0.017274896195158363,0.0626169968216477,0.03202973552979529,0.10610517331424918,0.0,0.04,0.2,1.0
378313,mscoco,0.01246761514339596,0.04911532345566483,0.025981647707521916,0.08567663978976663,0.0,0.0021231422505307,0.1,1.0
504921,mscoco,0.7862313687801361,0.9680083728944199,0.7911453098058701,0.9498327502998184,1.0,1.0,1.0,1.0
292116,mscoco,0.04416469798889011,0.2047579820911057,0.07213968969881535,0.24019740821507712,0.0,0.0084033613445378,0.1,1.0
109012,mscoco,0.5350150972604751,0.7732054800202498,0.5441459909081459,0.6229964707208356,0.4,1.0,0.8,0.5
504657,mscoco,0.28433394730091094,0.4732702641583922,0.7140417754650116,0.8561720068926968,0.2,0.1428571428571428,0.9,1.0
72850,mscoco,0.14773244708776473,0.383889322477453,0.14022658579051495,0.2299056782621169,0.0,0.0434782608695652,0.4,1.0
273316,mscoco,0.2087310418486595,0.6727313041103545,0.2911617174744606,0.7213500913482493,0.3,1.0,0.3,1.0
354261,mscoco,0.0048573169362498446,0.011208660601526239,0.005836716635894845,0.017399699188115413,0.0,0.0909090909090909,0.0,0.0833333333333333
54437,mscoco,0.5004573583602905,0.7476138077751474,0.4641408160328865,0.5506902967482361,0.5,1.0,0.1,0.1666666666666666
249251,mscoco,0.15201228633522987,0.2584175781926973,0.24609210360795258,0.35396481657832535,0.2,0.5,0.1,0.5
99747,mscoco,0.0659695765003562,0.15160389163594298,0.0699834095314145,0.1557170967786407,0.6,0.5,0.6,1.0
23976,mscoco,0.4206832326948643,0.5224181409188302,0.3261984407901764,0.5055529891839378,0.1,0.3333333333333333,0.3,0.2
295295,mscoco,0.31981918551027777,0.5665193680951964,0.3050986371934414,0.35930709592552235,0.3,0.25,0.4,0.3333333333333333
32712,mscoco,0.2796002274379134,0.3154279492963543,0.42941636592149734,0.5172454040557853,0.0,0.0625,0.1,0.125
4616,mscoco,0.012382003804668784,0.06727454783067474,0.010709990956820547,0.04666690631532015,0.1,0.5,0.1,1.0
529096,mscoco,0.0728534516878426,0.27703124307655463,0.0678975448012352,0.25979437474818,0.1,1.0,0.2,1.0
537349,mscoco,0.04540826012380421,0.09938063890050168,0.042778326221741735,0.18232747938471122,0.0,0.0625,0.0,0.0434782608695652
367853,mscoco,0.2964711716398597,0.6317875056770332,0.3374685913324356,0.6300886560819079,0.2,1.0,0.5,1.0
323231,mscoco,0.03435288183391094,0.10918631734984141,0.019523846078664066,0.07645106862806174,0.0,0.003076923076923,0.1,0.125
385317,mscoco,0.25062907487154007,0.5108783093644971,0.1788040019571781,0.3156759044368251,0.3,0.3333333333333333,0.1,1.0
284192,mscoco,0.035267206677235666,0.10055355246674515,0.033111753943376246,0.12336289039439297,0.1,1.0,0.1,1.0
384790,mscoco,0.24399970546364785,0.5091195479230517,0.21832132935523987,0.5658950571310574,0.0,0.0769230769230769,0.0,0.0384615384615384
237758,mscoco,0.2467711955308914,0.4977927918718211,0.16822559759020805,0.3705793978011507,0.4,1.0,0.5,0.25
201134,mscoco,0.06743586401862559,0.6323304344482323,0.07292397425044328,0.3314543700167705,0.1,1.0,0.1,0.5
33,drawbench,0.14631454659393056,0.665289543435546,0.07451062179170549,0.1949810551280237,0.0,0.0,0.0,0.0
220118,mscoco,0.1996040351688862,0.42155658799753415,0.20301573574543,0.4372474128295738,0.0,0.0169491525423728,0.1,1.0
182118,mscoco,0.003630715323379263,0.013007880443058846,0.004686090414179489,0.014758088392865017,0.0,0.0076923076923076,0.1,1.0
101569,mscoco,0.23510176613926886,0.5152802821694961,0.31630879342556,0.3946175010072937,0.2,1.0,0.3,0.5
111754,mscoco,0.4903721325099468,0.5748585823568446,0.6797424972057342,0.7683030366963007,0.2,0.2,0.8,1.0
209920,mscoco,0.07148365508764983,0.20089841668517489,0.05257141776382923,0.1883245689024471,0.0,0.0333333333333333,0.1,0.1666666666666666
534426,mscoco,0.17742820084095,0.5760581597883958,0.19335983879864216,0.4008904613879531,0.1,0.125,0.4,0.5
165298,mscoco,0.13977940948680043,0.4079617519970028,0.08688004557043313,0.16212399971120148,0.1,0.1666666666666666,0.0,0.0833333333333333
289007,mscoco,0.034190316079184414,0.13772737752110575,0.06427558399736881,0.18770064372040535,0.0,0.0625,0.1,1.0
11796,mscoco,0.08114648638293147,0.13168543468694996,0.043182071018964055,0.14512049125125576,0.1,0.5,0.1,1.0
537135,mscoco,0.14360511749982835,0.5905886139298747,0.07138865422457456,0.37868755788788405,0.1,0.5,0.2,1.0
120977,mscoco,0.0334680728148669,0.09104554781096189,0.031302730273455384,0.11790750753952967,0.1,0.5,0.1,0.25
259103,mscoco,0.20316311810165644,0.3151092949072917,0.1205177877098322,0.30273052128260775,0.0,0.0357142857142857,0.1,0.5
49073,mscoco,0.2600823678076267,0.5024637527704607,0.28739660158753394,0.5349688562262931,0.0,0.00074294205052,0.0,0.0049261083743842
387855,mscoco,0.025468514976091684,0.07909021325927068,0.02271343928296119,0.12641040674656245,0.0,0.0050251256281407,0.1,0.5
252549,mscoco,0.036082007270306346,0.13015029013429064,0.0336183509323746,0.15791183998469144,0.1,0.25,0.1,0.5
506232,mscoco,0.11455226736143231,0.3754341502040982,0.13407954908907413,0.3751707089813881,0.1,1.0,0.4,1.0
178876,mscoco,0.45374679267406465,0.599918601295345,0.4531690627336502,0.5306868255749738,0.1,0.1,0.1,1.0
98709,mscoco,0.09261667048558593,0.2162231700127983,0.1144820736721158,0.24096245654754023,0.2,0.3333333333333333,0.5,1.0
83328,mscoco,0.0138050400200882,0.06947387824057619,0.08363135410472751,0.42357865298723313,0.1,0.1,0.2,1.0
467180,mscoco,0.0070919401128776375,0.03256693608065349,0.04838025774806738,0.12642705177017394,0.2,1.0,0.0,0.0833333333333333
362244,mscoco,0.10797947496175767,0.3130670213061205,0.1151344295591116,0.2595857184571297,0.3,1.0,0.1,0.1428571428571428
382182,mscoco,0.11410582978278398,0.22050896165695402,0.13092904994264246,0.5200466648310083,0.2,0.3333333333333333,0.3,1.0
79545,mscoco,0.1297508329153061,0.2761197566566807,0.19289062023162842,0.45299918955921725,0.0,0.0909090909090909,0.2,0.1666666666666666
516233,mscoco,0.0008341923257830786,0.004120358940878602,0.0005176133113536707,0.004623625115923014,0.1,0.3333333333333333,0.1,1.0
544127,mscoco,0.10711850691586733,0.25353986723951205,0.08888875972479582,0.2432031017739219,0.1,0.5,0.1,0.1428571428571428
97734,mscoco,0.04089346313849092,0.10221407475351332,0.035658682323992254,0.09911054343375408,0.2,0.5,0.4,1.0
29752,mscoco,0.0714163908152841,0.15376524833120234,0.1257028166204691,0.2994913106735911,0.1,0.5,0.1,1.0
412491,mscoco,0.014782807813026011,0.04626500104516124,0.008740973565727473,0.02878707218628474,0.1,0.3333333333333333,0.0,0.0526315789473684
111,drawbench,0.10338160954415798,0.2960686530810416,0.19371213298290968,0.4555366608413494,0.1,0.3333333333333333,0.0,0.0052910052910052
354929,mscoco,0.027468827739357948,0.0651831439853808,0.01524470925796777,0.07439164645222589,0.1,0.25,0.1,1.0
558242,mscoco,0.21274282410740852,0.5057376460620958,0.308608616143465,0.40244431314445517,0.0,0.0416666666666666,0.1,0.25
462129,mscoco,0.0782120940508321,0.22267545116341922,0.07215793309733272,0.1904105154330504,0.0,0.0065359477124183,0.0,0.0555555555555555
462925,mscoco,0.21080462988466026,0.6938419962614514,0.30936522483825685,0.8297846843375503,0.3,0.5,0.3,1.0
45343,mscoco,0.04037684381473809,0.156685344030854,0.0235355282202363,0.12954042325703866,0.1,1.0,0.1,1.0
538299,mscoco,0.061978599848225714,0.1978932086871226,0.04344614297151565,0.10157590887003441,0.1,1.0,0.2,0.2
245002,mscoco,0.4012473374605179,0.5604686738786183,0.5252662658691406,0.7146097122633503,0.6,0.3333333333333333,0.9,1.0
259414,mscoco,0.054932981822639705,0.18383953633379632,0.048359531769528986,0.185804150925814,0.0,0.0131578947368421,0.0,0.0147058823529411
130314,mscoco,0.02879959107376635,0.19945898257808745,0.03333646256942302,0.21023031197929168,0.1,1.0,0.1,1.0
544120,mscoco,0.07981183510273696,0.2268753419875063,0.047523627639748156,0.2865463942331778,0.0,0.0062111801242236,0.0,0.04
196510,mscoco,0.09452610791195185,0.3211988336309886,0.09908699723891914,0.2998302384287042,0.0,0.0172413793103448,0.0,0.0333333333333333
226197,mscoco,0.10609939005225896,0.25386769270345394,0.23913986533880233,0.42525601071981395,0.0,0.05,0.2,0.2
500568,mscoco,0.0504709598608315,0.15238380335906643,0.049957225541584195,0.2535492977306772,0.1,0.125,0.1,1.0
351149,mscoco,0.11335583552718162,0.3237293596953019,0.08943158546462655,0.28429684871056154,0.0,0.0416666666666666,0.0,0.0769230769230769
298600,mscoco,0.03603190910071134,0.08046740732630113,0.057460417365655304,0.20097105895942954,0.0,0.024390243902439,0.3,1.0
434027,mscoco,0.31855055764317514,0.5182998931084551,0.2956215158104897,0.45017696644105704,0.0,0.037037037037037,0.2,1.0
116851,mscoco,0.043690258637070656,0.1381536369019842,0.06391981216147542,0.2190179237522636,0.4,1.0,0.5,1.0
364567,mscoco,0.365096843522042,0.7774578586121168,0.6126359611749649,0.7401766213058961,0.2,0.3333333333333333,0.6,1.0
363957,mscoco,0.1854391809552908,0.5231903554920126,0.17529131192713976,0.30333265603330867,0.8,1.0,0.9,1.0
568974,mscoco,0.0018550652835983782,0.008825830833139495,0.006108174915425479,0.016448465165402753,0.0,0.0059523809523809,0.1,1.0
223739,mscoco,0.021434620162472127,0.07428165458530483,0.027766191598493604,0.12355342235099424,0.0,0.0588235294117647,0.0,0.0833333333333333
59171,mscoco,0.6900911152362823,0.8883908561380548,0.8020542144775391,0.9192109066878099,0.7,1.0,0.9,1.0
521218,mscoco,0.21437694281339645,0.47670415556994494,0.2633955981582403,0.40925264708889936,0.4,1.0,0.8,1.0
367329,mscoco,0.1722816824913025,0.31830058473893424,0.24575078785419463,0.5383489225147935,0.1,0.25,0.4,1.0
352061,mscoco,0.04527496863156557,0.15851251888390067,0.09788912050426006,0.2249648931984339,0.2,0.125,0.2,1.0
484636,mscoco,0.2800167053937912,0.4988851252092566,0.2833483964204788,0.35780000489098074,0.1,0.1428571428571428,0.1,1.0
264461,mscoco,0.10146858356893063,0.23038641694834638,0.24223749488592147,0.4942590367330951,0.0,0.0085470085470085,0.0,0.0384615384615384
148165,mscoco,0.006928881595376879,0.06393201844170913,0.008138507429976016,0.03150496559975281,0.1,1.0,0.0,0.024390243902439
429593,mscoco,0.03384701549075544,0.07409505304247296,0.03231124887242913,0.12035895992583308,0.1,0.5,0.1,1.0
15757,mscoco,0.06474757054820657,0.17564310469438174,0.059774838760495184,0.1546042247202225,0.0,0.0153846153846153,0.1,0.1111111111111111
37032,mscoco,0.016431225545238702,0.07136691081521804,0.18095298185944558,0.33732355271375086,0.0,0.0769230769230769,0.9,1.0
99515,mscoco,0.046332466416060925,0.20096774377868878,0.07244852744042873,0.29429875990431226,0.0,0.0022573363431151,0.0,0.0769230769230769
501624,mscoco,0.5394256621599197,0.6974496053088426,0.5966184824705124,0.7474941114494414,0.7,1.0,0.8,1.0
91780,mscoco,0.10358920283615589,0.451299564982,0.13134875930845738,0.4576558748564232,0.1,0.5,0.1,0.5
473195,mscoco,0.06906485655345022,0.21201785646436705,0.06881157178431749,0.2360816739294182,0.0,0.0010111223458038,0.0,0.0059171597633136
200241,mscoco,0.02454999340698123,0.12493526877617851,0.02128610466606915,0.12059143975874312,0.1,1.0,0.1,1.0
20966,mscoco,0.22463537007570267,0.34231998096983,0.2189551405608654,0.5741762253182962,0.4,0.25,0.5,1.0
477005,mscoco,0.1646383184939623,0.3702248967995855,0.19363105250522494,0.44775807210564,0.4,0.5,0.6,1.0
568281,mscoco,0.01645346188452095,0.04070473058111384,0.0477454524487257,0.25209630831392654,0.1,0.25,0.1,0.1428571428571428
289075,mscoco,0.014318550736061298,0.08197780642530894,0.024936370621435344,0.0888642553304367,0.1,1.0,0.1,1.0
315211,mscoco,0.005944591987645254,0.04045769291006455,0.0069648976961616425,0.03585925436118921,0.1,1.0,0.1,1.0
370763,mscoco,0.0921213106252253,0.4002466970439033,0.14422959638759494,0.3810548841330621,0.1,1.0,0.4,1.0
245337,mscoco,0.13617707081139088,0.356335395849802,0.24353025816380977,0.33250691983997444,0.3,1.0,0.2,0.5
359085,mscoco,0.01577617384318728,0.07281432795776904,0.01162455927405972,0.061397632781259016,0.1,1.0,0.1,1.0
151956,mscoco,0.08685628343373537,0.4680781683757975,0.09982883157208562,0.1959689999095612,0.2,0.3333333333333333,0.2,1.0
442666,mscoco,0.05924473640043289,0.18848727544603583,0.03784660517703742,0.12992258904425802,0.0,0.0833333333333333,0.1,0.1111111111111111
139214,mscoco,0.26673090308904646,0.3465176273776761,0.22166698500514032,0.29849462397959675,0.2,0.1666666666666666,0.2,0.5
112586,mscoco,0.10257398597896099,0.2817434915874253,0.11126737082377076,0.2184445100067185,0.6,1.0,0.3,1.0
277080,mscoco,0.45392154064029455,0.8674170403279353,0.4591251388192177,0.7996036001060275,0.5,0.5,0.4,0.5
497261,mscoco,0.07246574796736241,0.17929822188674116,0.08810392152518035,0.22054122130587447,0.0,0.032258064516129,0.0,0.024390243902439
421314,mscoco,0.24641774520277976,0.27735478842992156,0.3376299113035202,0.4583971891551799,0.3,0.1428571428571428,0.1,1.0
9288,mscoco,0.26346452049911023,0.5654685518579053,0.2788883589208126,0.7991435451972007,0.7,1.0,0.6,1.0
249587,mscoco,0.10797091312706471,0.22434671612348253,0.27570461332798,0.5497679356530881,0.2,0.5,0.3,0.25
169179,mscoco,0.2094112390652299,0.30777819727618183,0.30633855164051055,0.38334401908649934,0.2,0.1111111111111111,0.4,0.2
446521,mscoco,0.10085847452282906,0.23387076696932158,0.1440785426646471,0.5482380347669723,0.0,0.0109890109890109,0.0,0.05
203098,mscoco,0.0349481197190471,0.12748497626933747,0.04542636945843696,0.13707607090896456,0.6,1.0,1.0,1.0
83102,mscoco,0.10413801120594143,0.5350953567376401,0.07769751977175474,0.2894534832899827,0.1,0.1428571428571428,0.0,0.0909090909090909
105,drawbench,0.007946914224885405,0.023348700765784186,0.010846023249905556,0.03608465600008685,0.0,0.0175438596491228,0.0,0.0769230769230769
254989,mscoco,0.06067393044941127,0.14568473210678465,0.12016932703554631,0.27354869372606355,0.3,0.25,0.4,1.0
474528,mscoco,0.02700559326913208,0.10040891443853113,0.021340676653198897,0.06717371729154961,0.1,0.125,0.1,0.25
523546,mscoco,0.06632883296115324,0.4978814325117395,0.06035634931176901,0.47740581632363893,0.1,1.0,0.1,1.0
371256,mscoco,0.024461603770032526,0.0947155579402461,0.011909950879635289,0.03909015226131381,0.2,1.0,0.1,0.25
444453,mscoco,0.08680388825014233,0.39820923918083717,0.07293568721506745,0.38136543589051153,0.1,1.0,0.1,1.0
127515,mscoco,0.1434578999876976,0.3430058034639102,0.10724445022642612,0.2561360034059927,0.0,0.015625,0.0,0.0909090909090909
15667,mscoco,0.6554571181535721,0.8435437903675302,0.7237959742546082,0.8782354790643533,0.5,0.5,0.8,1.0
525851,mscoco,0.16379528790712355,0.3884648385615726,0.10087274846155196,0.42686927817298786,0.7,1.0,0.4,1.0
63777,mscoco,0.06748872487805783,0.14410336548614835,0.09950922764837741,0.24487526846857371,0.1,1.0,0.1,0.125
247422,mscoco,0.08661889582872391,0.248061953010876,0.02908870023675263,0.10728321677393701,0.2,0.5,0.1,1.0
227724,mscoco,0.021249556611292065,0.06627677592475688,0.02114941058680415,0.05288669370721887,0.0,0.0344827586206896,0.1,0.1428571428571428
419828,mscoco,0.01923813420362421,0.1409157288054717,0.015686472493689506,0.13372705254232647,0.1,1.0,0.1,1.0
123166,mscoco,0.2333528919145465,0.38029780449346373,0.25320501774549486,0.43922228981984823,0.0,0.0285714285714285,0.1,0.5
146236,mscoco,0.008237903279950842,0.016585508223584903,0.007735613983822986,0.027272621666298808,0.1,0.1111111111111111,0.1,0.25
264406,mscoco,0.36308462023735044,0.813448603323677,0.24316228777170182,0.7221306548198744,0.2,0.5,0.2,1.0
311709,mscoco,0.194997900724411,0.31069355555205125,0.23411958739161493,0.46188253215875047,0.1,1.0,0.5,1.0
54086,mscoco,0.07875333596020936,0.22671232406793335,0.06233532780315727,0.2296010615134303,0.0,0.015625,0.0,0.0042918454935622
124729,mscoco,0.2527862127870321,0.6027496422234939,0.22358350679278374,0.5365564760810065,0.9,1.0,0.8,1.0
521334,mscoco,0.023215989011805504,0.09070232048558124,0.017038949369452893,0.05812618957496531,0.1,0.25,0.1,0.5
400309,mscoco,0.0033425231056753548,0.012882258671124861,0.006868603371549398,0.032350883116248515,0.0,0.0625,0.1,1.0
385601,mscoco,0.22281073220074177,0.33778107661182855,0.27537374049425123,0.33324996460793627,0.4,0.5,0.5,1.0
39978,mscoco,0.4063655182719231,0.6938996659109721,0.31906047463417053,0.4343216070967106,0.3,0.25,0.3,1.0
444949,mscoco,0.12841551527380943,0.4467887225529878,0.11662727994844317,0.2541262671539534,0.1,0.3333333333333333,0.1,0.2
428178,mscoco,0.10501955151557922,0.32368881322990606,0.11340643428266048,0.25295095370799264,0.0,0.0069930069930069,0.0,0.0131578947368421
120416,mscoco,0.5296278715133667,0.6955974661221193,0.5109650492668152,0.8096106441276828,0.6,1.0,0.8,1.0
52281,mscoco,0.12820140272378922,0.2334063177828154,0.17882126271724702,0.32734887589894157,0.1,0.125,0.2,0.3333333333333333
187592,mscoco,0.05909870285540819,0.18776718811787843,0.045927242189645764,0.16390677085066682,0.2,0.25,0.3,1.0
98478,mscoco,0.002005088770238217,0.009284836363943122,0.004133573139552027,0.015225089282466015,0.1,0.1428571428571428,0.1,1.0
471599,mscoco,0.06903889495879412,0.11200192480036658,0.05269411387853325,0.17444695266128263,0.1,0.1666666666666666,0.2,1.0
136232,mscoco,0.01878845931496471,0.07733334623974832,0.06396823460236192,0.14338763664351345,0.0,0.0555555555555555,0.0,0.0833333333333333
270740,mscoco,0.24732044013217092,0.353301351982349,0.35174630880355834,0.496616795593055,0.1,1.0,0.5,0.3333333333333333
310536,mscoco,0.40599299520254134,0.6674447257707332,0.6246996134519577,0.9074842240037592,0.2,1.0,0.4,0.5
469515,mscoco,0.006502321059815586,0.021865431697882676,0.009737141444929875,0.0342865313971953,0.0,0.0032051282051282,0.1,0.3333333333333333
251252,mscoco,0.0728735825046897,0.1560694970648572,0.08053996898233891,0.26254228650949796,0.2,0.2,0.4,1.0
560646,mscoco,0.35894971936941145,0.5190659479041722,0.3546374425292015,0.5712464466012328,0.6,1.0,1.0,1.0
36029,mscoco,0.18154377453029155,0.41906919417372696,0.18878502491861582,0.496730282340197,0.1,0.5,0.1,1.0
302216,mscoco,0.30101011972874403,0.6334671404255231,0.45357685536146164,0.7375379079144379,0.1,0.3333333333333333,0.3,1.0
178156,mscoco,0.1858941599726677,0.4598117227279124,0.0816106392070651,0.1596685147054616,0.0,0.0022573363431151,0.0,0.0135135135135135
535604,mscoco,0.21879938170313834,0.47299760796410667,0.1681285437196493,0.3641570829238916,0.6,1.0,0.3,0.5
462577,mscoco,0.23958761394023895,0.3706085510358954,0.28489831537008287,0.533098922494991,0.0,0.0666666666666666,0.4,0.5
360585,mscoco,0.5494033515453338,0.7443875609713126,0.6116179943084716,0.7285601986453224,0.4,0.25,0.6,0.5
336764,mscoco,0.07428678972646593,0.27631347128926126,0.05131027940660715,0.15333797043482583,0.0,0.0128205128205128,0.1,0.1111111111111111
277237,mscoco,0.021634310064837337,0.09403577740238905,0.027473261579871178,0.08307850424688513,0.1,0.1666666666666666,0.2,0.5
11326,mscoco,0.05604082600912079,0.16997664262331882,0.06066532861441374,0.26955965020696726,0.1,0.5,0.1,1.0
243443,mscoco,0.028485805122181775,0.07602244557347937,0.03165013841353357,0.10301095604631531,0.2,0.1666666666666666,0.3,0.25
97724,mscoco,0.2048908568918705,0.47917367145076295,0.3759640887379646,0.5005013255665621,0.0,0.0555555555555555,0.3,0.5
248753,mscoco,0.05544205941259861,0.18376320746112793,0.05731517237145454,0.37786898371058664,0.0,0.0277777777777777,0.0,0.0095238095238095
331676,mscoco,0.08275604501832276,0.17858822658491494,0.37187811732292175,0.8771187539996906,0.0,0.0217391304347826,0.1,1.0
169500,mscoco,0.04845099169760943,0.314358576611281,0.03700938397087157,0.10427186900586086,0.1,0.125,0.2,1.0
475035,mscoco,0.212073708884418,0.5985734254003581,0.18574906811118125,0.30887707467123304,0.2,0.1428571428571428,0.3,0.3333333333333333
383923,mscoco,0.37794636711478236,0.5027539321371514,0.38883810564875604,0.703230994874697,0.4,0.2,0.4,1.0
330229,mscoco,0.10322811417281627,0.23120551423568003,0.2039829233661294,0.3380179306028163,0.0,0.0476190476190476,0.3,1.0
259421,mscoco,0.106911959964782,0.530234682719989,0.1975464031100273,0.39238931514888453,0.1,1.0,0.1,0.2
453558,mscoco,0.06029212698340416,0.20439481341163687,0.08582204300910234,0.24368242692886474,0.1,0.1428571428571428,0.1,1.0
47632,mscoco,0.037892010435462,0.1235987803563244,0.04783105049282312,0.1292914925429444,0.0,0.0909090909090909,0.1,0.5
556406,mscoco,0.18412831127643586,0.35219482293405624,0.3285351663827896,0.5728038722952844,0.4,1.0,0.4,0.3333333333333333
205563,mscoco,0.30901691019535066,0.3840579269806533,0.3014888271689415,0.5762124928787529,0.5,0.25,0.2,1.0
358287,mscoco,0.31566605567932127,0.6645913407138105,0.24470150247216224,0.3947694567567534,0.1,0.1428571428571428,0.3,0.5
172727,mscoco,0.16143057011067868,0.47247620288863335,0.1493471330963075,0.46087546554055003,0.1,1.0,0.1,1.0
274148,mscoco,0.10775674637407065,0.27867481474084277,0.13931702375411986,0.36167661552151287,0.0,0.0147058823529411,0.2,0.125
395957,mscoco,0.06301148496568203,0.1601488225023963,0.08325640559196472,0.22913643270720915,0.0,0.0555555555555555,0.2,0.5
27656,mscoco,0.2725013975054026,0.30644312010340446,0.5268633276224136,0.8678927162676422,0.5,1.0,0.9,1.0
535663,mscoco,0.15582600682973863,0.2315144453339351,0.17798030972480774,0.30326113972541513,0.3,0.3333333333333333,0.3,0.3333333333333333
59012,mscoco,0.1208091008476913,0.3049931854912235,0.23199821971356868,0.5233276577382175,0.1,0.5,0.1,1.0
338732,mscoco,0.043853869440499696,0.10404056936131945,0.015848884300794452,0.07354995285562081,0.1,1.0,0.1,1.0
34800,mscoco,0.061895495373755695,0.1367218814639409,0.1061000607907772,0.30655221283373835,0.0,0.027027027027027,0.3,0.5
78290,mscoco,0.05546306241303682,0.17050448498269694,0.16253736168146132,0.4057490072041082,0.0,0.0028328611898017,0.1,0.1428571428571428
34235,mscoco,0.2659074116498232,0.5837243555033977,0.2526174247264862,0.4405541119996968,0.0,0.0344827586206896,0.1,0.5
149993,mscoco,0.2836725667119026,0.44845124357393934,0.27793484665453433,0.6549087142817763,0.1,0.1666666666666666,0.2,1.0
92,drawbench,0.16828002575784923,0.3663798187055912,0.1419519569724798,0.3461004265778198,0.0,0.0769230769230769,0.0,0.0019920318725099
289739,mscoco,0.04864529945189133,0.16730713535703085,0.049257870099972935,0.1571388742884225,0.1,0.1,0.0,0.0217391304347826
11,drawbench,0.0847361559048295,0.3331935829368538,0.06665934701450169,0.15391288861119565,0.0,1.886863655232273e-05,0.0,1.9478748685184465e-05
394681,mscoco,0.0058851796173257755,0.020015698684289374,0.0072673946415307,0.019278302458568083,0.1,0.3333333333333333,0.1,0.1428571428571428
404984,mscoco,0.10229671718552709,0.23645080013600178,0.06870323847979307,0.19620933227732715,0.0,0.003831417624521,0.0,0.0095238095238095
95777,mscoco,0.15570517852902413,0.3691107931807018,0.3070445481687784,0.6787338628570422,0.2,0.5,0.2,0.25
516158,mscoco,0.030501343309879303,0.08766999612241443,0.03800767248030752,0.1442082441739784,0.0,0.015625,0.1,0.25
223569,mscoco,0.1740908335894346,0.33430051729793125,0.4823060467839241,0.7326682873999258,0.1,1.0,0.3,1.0
107782,mscoco,0.10635193712078035,0.24661996827539145,0.086689349450171,0.1941876693509231,0.1,0.25,0.4,0.5
98881,mscoco,0.0014695047531859018,0.00508065642347565,0.0019987108307759627,0.006314939373654454,0.1,1.0,0.1,1.0
94045,mscoco,0.31182133331894873,0.43849579199295297,0.3772254720330238,0.5188083904749422,0.3,0.3333333333333333,1.0,1.0
498015,mscoco,0.0006699155350361252,0.004393638613106826,7.94939812294615e-05,0.0005745317960327105,0.1,1.0,0.0,0.0526315789473684
451172,mscoco,0.040648785838857296,0.15810561612691681,0.02990192626748467,0.19988367285143052,0.1,0.3333333333333333,0.1,1.0
535211,mscoco,0.010716419760137796,0.047289510514880215,0.013026516791433096,0.0476698441289175,0.1,0.25,0.1,0.5
18476,mscoco,0.010114385848282836,0.049222903306378483,0.009139175660675392,0.04105093030946642,0.1,1.0,0.1,1.0
275930,mscoco,0.041859979601576926,0.13475027299824438,0.06254862723872065,0.21783578196555867,0.0,0.0833333333333333,0.1,1.0
507434,mscoco,0.004726372967706993,0.013608756380527528,0.00192167171244364,0.0073967918484470685,0.1,0.25,0.0,0.0020366598778004
29122,mscoco,0.016256677662022413,0.04990084391513386,0.024756964622065426,0.14541467186828672,0.0,0.0769230769230769,0.1,1.0
116204,mscoco,0.13304973840713502,0.22032556993410313,0.16118114851415158,0.31473683388588175,0.4,1.0,0.4,0.5
274815,mscoco,0.17333471924066543,0.29438919439308225,0.10838241577148437,0.2936683590373211,0.2,0.25,0.1,0.3333333333333333
507215,mscoco,0.12221835255622863,0.34543756524191493,0.11640015169978142,0.4076620373741436,0.4,0.25,0.2,0.5
559658,mscoco,0.08077945094555616,0.19811959786753247,0.07930277399718762,0.20467738671285818,0.4,0.3333333333333333,0.5,0.5
344157,mscoco,0.9186785340309143,0.9547951978934046,0.9396903932094574,0.9755763195908167,1.0,1.0,1.0,1.0
327768,mscoco,0.07354785613715649,0.2119425295863448,0.061924891220405696,0.2559234379038223,0.2,1.0,0.2,1.0
35424,mscoco,0.12100792117416859,0.2330465458169381,0.30915802642703055,0.34187171124122,0.2,1.0,0.5,1.0
412698,mscoco,0.06028903033584356,0.19778009947838127,0.04069751389324665,0.16791049463467705,0.2,1.0,0.1,1.0
502588,mscoco,0.1727726452052593,0.3004317049245476,0.12110556731931865,0.29717323460591283,0.5,0.3333333333333333,0.5,1.0
515527,mscoco,0.04496294318232685,0.3310929808054612,0.03911759725451702,0.3157367074825855,0.1,1.0,0.1,1.0
382958,mscoco,0.04448435502126813,0.1282868966199378,0.056135218963027,0.16373368726224313,0.0,0.0666666666666666,0.1,0.5
166975,mscoco,0.07183833713643253,0.15323186542674458,0.07691167183220386,0.32239360744911527,0.1,0.5,0.1,0.125
397640,mscoco,0.17866389863193036,0.3912827850586657,0.26639236211776735,0.6228895194696489,0.1,0.25,0.1,0.1666666666666666
462880,mscoco,0.022121738037094475,0.1432737304299987,0.018207001229166055,0.13680825114356318,0.1,1.0,0.1,1.0
104808,mscoco,0.05363342817872763,0.15714417073848588,0.03397916157264262,0.13117942692933512,0.1,0.25,0.0,0.05
30235,mscoco,0.2902498640120029,0.45907686033368744,0.40139134377241137,0.5958566043576693,0.3,0.25,0.7,0.5
513219,mscoco,0.009501621581148357,0.031502857853543176,0.015681390673853456,0.06869402870660209,0.1,0.25,0.2,1.0
63,drawbench,0.0006974804142373614,0.003185928838981382,0.0013668980071088299,0.004144388414326704,0.0,0.0,0.0,0.0
245771,mscoco,0.025581821682862937,0.11081119797496254,0.026353063993155956,0.08479247148601306,0.4,0.5,0.4,1.0
1375,mscoco,0.27097062915563586,0.46319961176396984,0.4475075453519821,0.6879176325478572,0.4,0.5,0.3,0.1666666666666666
167479,mscoco,0.02864184947684407,0.07694003507289725,0.0493696752935648,0.1168066593561164,0.0,0.0232558139534883,0.3,1.0
124874,mscoco,0.0323974076192826,0.13741290416624624,0.024576013931073247,0.0663144213236429,0.1,0.3333333333333333,0.0,0.0056497175141242
506901,mscoco,0.053721212223172186,0.17863282445475256,0.05171299790963531,0.20655068218635625,0.3,0.2,0.5,1.0
519754,mscoco,0.09886297429911792,0.7185739456730071,0.08192345172865316,0.71485209850972,0.1,1.0,0.1,1.0
336457,mscoco,0.053906358499079945,0.22073617135891904,0.14709048103541136,0.27541567764757297,0.0,0.0526315789473684,0.4,0.25
290974,mscoco,0.0022493565469630995,0.011968083355096743,0.0024009151797145024,0.011393073147633007,0.1,1.0,0.1,0.3333333333333333
18918,mscoco,0.459890741109848,0.6829007276033995,0.41995446011424065,0.5406313961165334,1.0,1.0,0.7,0.3333333333333333
153140,mscoco,0.3645464196801186,0.4400686043052965,0.4791920408606529,0.6312040826274506,0.0,0.0769230769230769,0.3,1.0
83481,mscoco,0.005880069793784059,0.039407606689173175,0.016375110531953396,0.034334023241991043,0.2,0.5,0.2,1.0
204473,mscoco,0.022787881619296967,0.07177031730269987,0.012926824398164172,0.03338452740800688,0.0,0.0526315789473684,0.0,0.0476190476190476
419074,mscoco,0.0831833615899086,0.20092451742749387,0.16133723240345715,0.41939196029259346,0.0,0.0357142857142857,0.1,0.125
261235,mscoco,0.00913567553507164,0.041284653294829346,0.019964528339914977,0.10531072287398295,0.0,0.0909090909090909,0.1,1.0
338971,mscoco,0.025864345650188626,0.06473859568288794,0.04323515911819413,0.1251473299870516,0.1,0.1,0.1,0.3333333333333333
223183,mscoco,0.5628603830933571,0.6959775705310604,0.6636876076459884,0.9051620879161201,0.9,1.0,0.7,1.0
450711,mscoco,0.047312727430835366,0.1782247486664295,0.04094565697014332,0.30425694070449105,0.1,0.5,0.1,1.0
490187,mscoco,0.1347697138786316,0.4009692860183631,0.10973453149199486,0.3333055418158287,0.1,0.5,0.1,0.3333333333333333
564602,mscoco,0.13377554565668107,0.26795022529886114,0.21380046382546425,0.46480260398763673,0.0,0.0188679245283018,0.4,0.5
452201,mscoco,0.09625267339870333,0.24420217682146253,0.06347224763594568,0.19433317094100314,0.0,0.05,0.2,1.0
443334,mscoco,0.20201765783131123,0.29351350693383305,0.2526102438569069,0.4891778359831154,0.3,0.2,0.3,1.0
18075,mscoco,0.5644378289580345,0.8490895238455096,0.7399064511060714,0.8456819905747783,0.4,0.3333333333333333,1.0,1.0
50,drawbench,0.04267308614216745,0.10916923950174932,0.05181759409606457,0.11493200543543439,0.0,0.0,0.0,0.0
86,drawbench,0.3228722378611565,0.5286964909960151,0.32714213971048595,0.6228691396872214,0.1,0.125,0.0,0.0555555555555555
171808,mscoco,0.08050341289490462,0.20902401810500232,0.10383711289614439,0.26450810222599785,0.2,0.1428571428571428,0.5,1.0
572487,mscoco,0.04390062815509736,0.16612371998194514,0.0706226073205471,0.18719994477795338,0.0,0.037037037037037,0.2,0.1666666666666666
566765,mscoco,0.06896072897361591,0.20099459133182354,0.057100205961614844,0.16727971103585498,0.1,1.0,0.2,0.5
163514,mscoco,0.16159695945680141,0.5149207139119987,0.12128087189048528,0.4690399476223958,0.1,1.0,0.1,1.0
311128,mscoco,0.20941503420472146,0.41581483770458344,0.2515870161354542,0.5263355436717043,1.0,1.0,0.9,1.0
520858,mscoco,0.17546245492994786,0.34783177486510086,0.41565954983234404,0.6626799060462348,0.0,0.0833333333333333,0.5,0.3333333333333333
271051,mscoco,0.00731861344538629,0.03441766755273413,0.009167616406921297,0.027609569947526294,0.1,0.5,0.1,1.0
532933,mscoco,0.1304075587540865,0.28093095859849493,0.09849073961377144,0.25277804301125173,0.0,0.0434782608695652,0.1,1.0
475974,mscoco,0.07968200892210006,0.2798048282130986,0.16196012832224368,0.4085502944729244,0.1,0.3333333333333333,0.0,0.0217391304347826
206731,mscoco,0.07261410744395107,0.34162751986132117,0.06903571928851307,0.2663601655098966,0.1,0.5,0.1,0.3333333333333333
450212,mscoco,0.19326222613453864,0.44941602938538344,0.14798711538314818,0.35180251286576614,0.1,1.0,0.1,0.3333333333333333
188478,mscoco,0.18036447912454606,0.29158305565615134,0.2090742290019989,0.34231332464752845,0.4,1.0,0.2,1.0
463944,mscoco,0.022760381968691946,0.06350688122292356,0.017803313944023104,0.05775405953057776,0.1,0.1,0.0,0.0294117647058823
521657,mscoco,0.44737363904714583,0.6436657174409034,0.3758618778549135,0.6832507718755161,0.2,1.0,0.1,1.0
310511,mscoco,0.022403556876815854,0.0728336426506729,0.04472976743709296,0.19218069262382315,0.1,0.3333333333333333,0.1,1.0
24859,mscoco,0.11681681079789996,0.22586239062931332,0.40314346700906756,0.524557970137945,0.1,0.1,0.2,1.0
402662,mscoco,0.19317954555153846,0.46219120438687766,0.2057824857532978,0.40875502223800697,0.2,0.25,0.4,1.0
109791,mscoco,0.183029992505908,0.3666463197287772,0.24332595616579056,0.5249441529197735,0.2,0.3333333333333333,0.3,1.0
62,drawbench,0.06701356396079064,0.27932363869918364,0.10775772365741432,0.3204794096747503,0.0,0.0025839793281653,0.0,0.0023809523809523
298190,mscoco,0.0671751751564443,0.19996769888396299,0.12039386779069901,0.2845755923253967,0.1,0.125,0.3,1.0
86065,mscoco,0.518920823931694,0.7658306370592618,0.6747560381889344,0.7434207934317393,0.4,0.5,0.4,0.25
127726,mscoco,0.045435858602286314,0.3602749259340267,0.038598645746242256,0.3395091161592419,0.2,1.0,0.1,1.0
572825,mscoco,0.07194666359573602,0.19983357695013534,0.15794205609709025,0.26987939554501883,0.4,0.5,0.7,1.0
246009,mscoco,0.18047809079289437,0.427788754535961,0.14489679858088494,0.2881183049962795,0.5,1.0,0.7,1.0
517906,mscoco,0.041167102800682184,0.12500731346066046,0.026976623618975282,0.0769198296147463,0.0,0.0909090909090909,0.1,0.1666666666666666
265256,mscoco,0.038484125083778055,0.17737828577817458,0.06563935382291675,0.19997906499336657,0.0,0.0833333333333333,0.2,1.0
373038,mscoco,0.014145661110524088,0.05941139923899063,0.009424870030488818,0.06529587792580682,0.0,0.0909090909090909,0.1,1.0
53720,mscoco,0.2250779252499342,0.2855769871758083,0.20926653295755387,0.3065361767891647,0.4,0.5,0.8,0.3333333333333333
514116,mscoco,0.01915924996137619,0.07000550033225961,0.027949320850893855,0.12648109397855256,0.0,0.0625,0.3,0.5
395396,mscoco,0.6186455965042115,0.9510947788022972,0.6742339193820953,0.8784952480399321,0.5,1.0,0.8,1.0
118851,mscoco,0.3083037130534649,0.7393329270470735,0.44662886410951613,0.7886438915293925,0.4,1.0,0.6,1.0
198625,mscoco,0.7051271021366119,0.847592724147197,0.743728244304657,0.9005094652467894,0.0,0.0333333333333333,0.2,0.2
53,drawbench,0.04115828825160861,0.08700970995119786,0.04462984455749393,0.10532429123725646,0.0,0.0,0.0,0.0
99,drawbench,0.0009205238606227794,0.003545852650936394,0.0005286750638333615,0.002172897622016998,0.0,0.0,0.0,0.0
132656,mscoco,0.31308369487524035,0.4356457669248921,0.22237532883882521,0.3876363827051169,0.2,0.3333333333333333,0.2,0.5
213276,mscoco,0.04824074432253837,0.12464345701896093,0.01546546104364097,0.06021633058648425,0.1,1.0,0.1,1.0
123974,mscoco,0.11750609818845988,0.29206260839379133,0.22003097885753958,0.259197529480983,0.5,1.0,0.6,0.5
131,drawbench,0.06655444775242358,0.43755463339232037,0.14937762059271337,0.5187006038900565,0.0,0.0,0.0,0.0
435096,mscoco,0.011177045479416847,0.061127709320473116,0.01354021899169311,0.06316342024923118,0.1,1.0,0.1,1.0
509764,mscoco,0.007982755149714648,0.05100254712187752,0.02925658131716773,0.0748383409134239,0.1,0.5,0.0,0.0454545454545454
204273,mscoco,0.2545844927430153,0.36649600172610236,0.19547293484210967,0.3322278271314668,0.1,0.2,0.1,0.125
299768,mscoco,0.13026574365794658,0.4199657329048001,0.25436772145330905,0.3503529053205743,0.0,0.003012048192771,0.3,0.25
135369,mscoco,0.5293213367462158,0.8220451825054939,0.4540795013308525,0.8232654079367999,0.8,1.0,0.6,1.0
508053,mscoco,0.19679054692387582,0.40739239133554284,0.3738745108246803,0.5989291690319096,0.1,0.2,0.2,0.5
475413,mscoco,0.0126406772993505,0.08005574061430612,0.06284366087056696,0.1689258594306791,0.0,0.0434782608695652,0.0,0.027027027027027
44328,mscoco,0.023169254092499612,0.09107865601711909,0.014473624737001955,0.05622733997058949,0.1,1.0,0.1,0.3333333333333333
127743,mscoco,0.14317126255482435,0.3251450210957888,0.11136591490358114,0.24637879719325675,0.2,1.0,0.2,1.0
316842,mscoco,0.12521705459803342,0.25110483909317677,0.11364767383784055,0.27564367095538134,0.0,0.0769230769230769,0.2,0.5
131075,mscoco,0.025240771635435522,0.08869944534762038,0.01682575753657147,0.07047653660820102,0.0,0.0059171597633136,0.2,1.0
323812,mscoco,0.08152344189584255,0.23342719283575078,0.06819181255996228,0.20877415196830232,0.4,1.0,0.6,1.0
354212,mscoco,0.34557463228702545,0.4082125059972855,0.43140355572104455,0.8463027907505569,0.3,1.0,0.7,1.0
33645,mscoco,0.08309432263486087,0.2505797948312367,0.07106686765328049,0.18868710426080934,0.1,0.5,0.1,0.25
285529,mscoco,0.5730079516768456,0.8400920067999091,0.5381852574646473,0.80507931950772,0.6,0.5,0.7,1.0
52669,mscoco,0.0856253918260336,0.2549667924657217,0.12436101250350476,0.26729441092092887,0.0,0.0416666666666666,0.2,0.5
47328,mscoco,0.46905757784843444,0.83763392116515,0.40370297282934187,0.7363242432939264,0.4,0.5,0.3,0.3333333333333333
256513,mscoco,0.02997485576197505,0.11850568566871636,0.16101295836269855,0.3415877123559542,0.0,0.0833333333333333,0.3,0.5
561196,mscoco,0.01118392962962389,0.05194067592885558,0.008618066122289747,0.041473003610274936,0.1,1.0,0.1,1.0
411261,mscoco,0.14419386815279722,0.44164236200582196,0.17257881686091422,0.4161051703234302,0.1,1.0,0.1,1.0
578056,mscoco,0.02045230814255774,0.07590723064080358,0.023512358590960503,0.07860451855623239,0.1,0.3333333333333333,0.1,1.0
110926,mscoco,0.18701441828161477,0.34436254345444817,0.31618792116641997,0.4919565105632973,0.0,0.0204081632653061,0.1,1.0
290175,mscoco,0.28958518654108045,0.3843702896301294,0.37352363355457785,0.6915730306598762,0.4,0.2,0.6,1.0
295589,mscoco,0.04789807246997953,0.13864757963375585,0.06252763029187917,0.2089886835496159,0.0,0.0028735632183908,0.0,0.0025316455696202
442478,mscoco,0.07223582183942198,0.20275552115856021,0.15072138756513595,0.2925312104332671,0.0,0.0108695652173913,0.0,0.0153846153846153
267598,mscoco,0.416869580745697,0.6637360041443838,0.42912006080150605,0.7028881139359704,0.3,1.0,0.4,1.0
386424,mscoco,0.09745911452919245,0.22209830124859578,0.051968644466251136,0.15601622616161792,0.2,0.3333333333333333,0.1,0.1666666666666666
10727,mscoco,0.07973891645669937,0.20477134432532443,0.1480820460245013,0.5896845538227308,0.0,0.0454545454545454,0.1,0.1
7452,mscoco,0.28160912469029425,0.3387271225107766,0.42188196182250975,0.519140756984721,0.2,0.1666666666666666,0.5,0.5
322560,mscoco,0.0292002831120044,0.12192696678816455,0.033653157437220214,0.11409793959761234,0.3,0.25,0.4,1.0
185849,mscoco,0.03023675214499235,0.07286445566904319,0.044945170264691116,0.18085765917798144,0.1,0.1666666666666666,0.0,0.0067567567567567
459827,mscoco,0.01783830646891147,0.0631708813877878,0.03211540058255195,0.14164996088722626,0.0,0.0769230769230769,0.3,0.5
415840,mscoco,0.028256529197096824,0.10072274694045223,0.02048785351216793,0.05695194861583516,0.0,0.0303030303030303,0.0,0.0057471264367816
206274,mscoco,0.12632572259753944,0.4559034164480649,0.13314884826540946,0.4752967027098264,0.1,1.0,0.2,1.0
239888,mscoco,0.21937552243471145,0.5478369323268847,0.277769373357296,0.46544790253363766,0.1,0.3333333333333333,0.6,0.5
120,drawbench,0.059529970213770864,0.16571083410719184,0.033515516109764575,0.11779222774643529,0.0,0.0,0.0,0.0
309169,mscoco,0.12596111758612097,0.29085356855865824,0.37454789131879807,0.5620096012834707,0.0,0.04,0.2,0.5
112996,mscoco,0.08518788879737257,0.45742735089421804,0.08324329303577542,0.45824554983980076,0.1,1.0,0.1,1.0
459343,mscoco,0.34460242576897143,0.6893495295918171,0.3804497539997101,0.71489621793426,0.4,1.0,0.7,1.0
471488,mscoco,0.2020219922065735,0.4356572904360713,0.15552941113710403,0.3199238880817818,0.0,0.0024213075060532,0.0,0.025
252919,mscoco,0.26071712002158165,0.4292016081420849,0.29689879566431043,0.5297856821176296,0.3,1.0,0.4,0.5
7945,mscoco,0.09545436112675816,0.2824253151419531,0.1298025651834905,0.5530850073849778,0.0,0.0625,0.1,1.0
162215,mscoco,0.12809875197708606,0.4197686151060454,0.13283518105745315,0.32974091376301196,0.4,0.5,0.6,1.0
193889,mscoco,0.011374658613931388,0.038426880724015997,0.04636637978255749,0.17223397687635836,0.0,0.0070422535211267,0.1,1.0
46,drawbench,0.036158884616452266,0.10853536797927844,0.04823133042082191,0.14370319881981417,0.0,0.0,0.0,0.0
30,drawbench,0.020570060424506664,0.092271156749677,0.010935552226146682,0.05674945543798322,0.0,0.0,0.0,0.0
386864,mscoco,0.006951014330843464,0.030457698778571032,0.00640351478359662,0.02334397170539472,0.1,0.25,0.2,0.25
232287,mscoco,0.012817022367380559,0.035483543434019986,0.015250313212163746,0.05372272147319713,0.0,0.0204081632653061,0.1,0.5
241027,mscoco,0.2907565779983997,0.640025379983985,0.1742439003661275,0.28117756218837453,0.6,0.3333333333333333,0.3,0.1666666666666666
213795,mscoco,0.0656481801532209,0.2623387582453995,0.12265652175992728,0.21447702865988783,0.1,0.25,0.2,0.25
12059,mscoco,0.03537777282763273,0.2692786027432293,0.03234466986868938,0.27181375323494783,0.1,1.0,0.1,1.0
162753,mscoco,0.19299093224108219,0.6487498406418958,0.11326191835105419,0.21877557441842696,0.2,1.0,0.0,0.0555555555555555
425458,mscoco,0.04770027096383274,0.23042570124739223,0.07284760363399982,0.21136987941365074,0.2,0.5,0.4,0.3333333333333333
368956,mscoco,0.12993577774614096,0.19824944677565692,0.07173363454639911,0.19041579286329868,0.1,0.1,0.0,0.0526315789473684
496410,mscoco,0.03883362440392375,0.1375922558938422,0.036929597955895586,0.1374989801352366,0.1,0.1111111111111111,0.2,0.5
532612,mscoco,0.12207737509161234,0.27848971171485704,0.0739345883950591,0.19477605371416318,0.1,1.0,0.0,0.0625
230837,mscoco,0.28122601881623266,0.41921441796182557,0.30978342816233634,0.5028940819700768,0.0,0.0196078431372549,0.0,0.0769230769230769
460882,mscoco,0.2992210894823074,0.5664036863525975,0.3177226886153221,0.47528048871884565,0.4,0.5,0.3,0.5
485852,mscoco,0.027981160744093358,0.08709691627975484,0.08311240002512932,0.14538939464369058,0.1,0.3333333333333333,0.0,0.0416666666666666
72342,mscoco,0.19216369912028314,0.285065865967037,0.18346992135047913,0.3701325759316101,0.2,1.0,0.1,0.2
81017,mscoco,0.09932827353477477,0.19679399659779215,0.1167377557605505,0.24528311988860743,0.0,0.0909090909090909,0.1,0.125
401828,mscoco,0.06681651938706637,0.14982018002094563,0.06989390626549721,0.23627541735850066,0.2,0.1666666666666666,0.2,1.0
554138,mscoco,0.11021649986505508,0.23631808751636876,0.29934565275907515,0.6536131305804397,0.0,0.0666666666666666,0.1,0.1111111111111111
321742,mscoco,0.25070182606577873,0.3285429284192823,0.18148924149572848,0.39316536704137905,0.4,1.0,0.7,1.0
574384,mscoco,0.12492151856422425,0.22450685593361672,0.10323595181107521,0.2553735342365053,0.0,0.002020202020202,0.0,0.0014306151645207
446557,mscoco,0.17774151246994735,0.43213893367165174,0.17059695087373256,0.3158366740986002,0.1,0.1428571428571428,0.0,0.05
253498,mscoco,0.10260620377957821,0.21586568596537345,0.2733585946261883,0.7478203912861159,0.1,0.3333333333333333,0.4,0.25
448251,mscoco,0.10740030184388161,0.28063499852129903,0.08400819543749094,0.20789712306874794,0.1,0.5,0.0,0.0188679245283018
116622,mscoco,0.5887167245149613,0.7177320704722768,0.617443534731865,0.8406602447408297,0.3,1.0,0.3,0.3333333333333333
486899,mscoco,0.1291547816246748,0.21769552220015645,0.0578770574182272,0.18283832105439038,0.2,1.0,0.0,0.0178571428571428
59295,mscoco,0.18514049351215361,0.5118122072727077,0.19649400170892478,0.46362591483084237,0.1,1.0,0.1,0.2
289012,mscoco,0.03418231564573944,0.0965382647684702,0.02102781311259605,0.09918485386631143,0.1,0.2,0.1,1.0
435902,mscoco,0.29009612202644347,0.4395635047458544,0.3639859214425087,0.5039148831007304,0.2,0.25,0.6,1.0
480518,mscoco,0.09781317366287112,0.3177402044296908,0.0777065608650446,0.26037820775372844,0.5,0.5,0.4,1.0
39272,mscoco,0.12335370425134898,0.4432579752008133,0.11814609044231475,0.5277280884130945,0.1,0.5,0.1,1.0
558579,mscoco,0.10528542874380946,0.5067371593374808,0.09109229510650038,0.14741143969009513,0.2,1.0,0.2,0.2
143348,mscoco,0.2101244181394577,0.3439613410946549,0.23638342022895814,0.4938343486546374,0.1,1.0,0.4,0.2
16961,mscoco,0.10579424779862165,0.29275641349177506,0.12074619820341467,0.3026273487822579,0.1,0.5,0.1,0.1428571428571428
489939,mscoco,0.03313112808391452,0.12003753836591648,0.09325233399868012,0.29214820761262744,0.0,0.0116279069767441,0.1,0.3333333333333333
185281,mscoco,0.22206107173115014,0.8436850896660844,0.24540744103869655,0.8357539408645305,0.2,1.0,0.2,1.0
500622,mscoco,0.01272988441924099,0.057586069571652736,0.012733098049648107,0.04462887218042403,0.1,1.0,0.1,0.5
220772,mscoco,0.09052975215017796,0.24231500371286382,0.055099564930424096,0.16574649399142166,0.0,0.0060240963855421,0.0,0.0068965517241379
550400,mscoco,0.11656221449375152,0.44874892018599577,0.1494792770652566,0.4610328464263137,0.2,1.0,0.2,1.0
378906,mscoco,0.141233554109931,0.2400378552011531,0.0696801942307502,0.22884290231816043,0.0,0.0769230769230769,0.1,1.0
542111,mscoco,0.1393423918634653,0.3206416101002747,0.31122317537665367,0.427377484622413,0.1,0.1,0.0,0.0666666666666666
3217,mscoco,0.43733340203762056,0.8192954560608647,0.5131985157728195,0.623064404108567,0.4,1.0,0.4,0.5
96625,mscoco,0.02007510787807405,0.08661640837570966,0.04505383232608438,0.13910386459290974,0.1,0.5,0.4,1.0
60328,mscoco,0.21136913746595382,0.3821770516059644,0.31767586469650266,0.5103118909350844,0.1,0.1666666666666666,0.3,0.1666666666666666
402287,mscoco,0.19593500886112453,0.5920747734947109,0.18961430052295328,0.4772718626943061,0.3,1.0,0.4,0.25
517909,mscoco,0.04252018462866545,0.14529489075003632,0.03252767242956907,0.15171822053737694,0.1,0.5,0.0,0.0285714285714285
113233,mscoco,0.052702313382178546,0.13191792509350178,0.0968510027974844,0.19387876813417923,0.0,0.0072463768115942,0.1,1.0
77181,mscoco,0.04806133499369025,0.13201371428326014,0.030696443293709307,0.0925044516916539,0.1,0.5,0.0,0.0024752475247524
371243,mscoco,0.3607511505484581,0.574918297500157,0.5332517385482788,0.7617370265083067,0.0,0.0666666666666666,0.8,1.0
146656,mscoco,0.1239866003394127,0.25253699845847105,0.08598594926297665,0.19011413006211145,0.1,0.2,0.0,0.0666666666666666
430688,mscoco,0.012747249315725639,0.041740573436795915,0.010146740637719632,0.06891232140323174,0.1,0.25,0.1,1.0
143449,mscoco,0.1730334497988224,0.4048477659221931,0.13610013872385024,0.39416343296156586,0.5,1.0,0.3,1.0
57433,mscoco,0.12384112738072872,0.22437844144561953,0.27306700572371484,0.4379458940659067,0.1,0.2,0.0,0.0769230769230769
298736,mscoco,0.14059073366224767,0.27209063097791547,0.24457412362098693,0.6781036587338853,0.1,1.0,0.4,1.0
406550,mscoco,0.2361832670867443,0.40884924753873425,0.16014249743893744,0.25480098674138846,0.1,0.1428571428571428,0.0,0.037037037037037
561903,mscoco,0.035306666046381,0.14696206327997557,0.019327868102118374,0.08140878371932918,0.0,0.0476190476190476,0.1,1.0
227699,mscoco,0.36891737803816793,0.711082704899403,0.320484284684062,0.6649621332271098,0.4,1.0,0.4,0.5
59821,mscoco,0.0329295389354229,0.11662662770937814,0.025904596643522383,0.08880141923564377,0.0,0.0083333333333333,0.0,0.04
265612,mscoco,0.10207426846027375,0.39773830803828086,0.07845082059502602,0.38684215697961666,0.3,1.0,0.2,1.0
24591,mscoco,0.028455729130655527,0.09225080379664166,0.09139097910374402,0.27737211467060824,0.0,0.0714285714285714,0.3,0.5
71,drawbench,0.06706175673753023,0.39777914054011154,0.017215058265719563,0.06388358163345305,0.0,0.000432525951557,0.0,0.0008771929824561
35,drawbench,0.42894137352705003,0.8006047051609949,0.4634599767625332,0.5953675024666033,0.0,0.0454545454545454,0.0,0.0133333333333333
317833,mscoco,0.06385781550779938,0.1177068055912668,0.08208071808330715,0.19352564163078395,0.1,0.25,0.0,0.0454545454545454
544583,mscoco,0.2603695884346962,0.3868845356834562,0.5928830355405807,0.7083315602783833,0.0,0.0666666666666666,0.7,0.5
514544,mscoco,0.09273634739220142,0.24480758031140118,0.13076851144433022,0.35826508194765705,0.5,1.0,0.4,1.0
160199,mscoco,0.07920208740979433,0.21418227514014654,0.10102132447063923,0.2908897243689872,0.1,0.125,0.3,0.5
156445,mscoco,0.20321909468621016,0.6874184447884066,0.320596157759428,0.47130693461772577,0.2,1.0,0.4,1.0
46686,mscoco,0.0459216833114624,0.17684013523105419,0.042305655940435824,0.11532576025299435,0.2,1.0,0.2,0.3333333333333333
563457,mscoco,0.05459196707233786,0.26212160947888735,0.06580758432392031,0.20716718931869071,0.2,0.5,0.2,1.0
520848,mscoco,0.14571245871484279,0.41725651206776065,0.19647711515426636,0.4433493956141658,0.4,1.0,0.5,0.25
433992,mscoco,0.06896892320364714,0.16256903345449666,0.09993792735040188,0.25476884672809386,0.0,0.0031746031746031,0.1,0.1666666666666666
415464,mscoco,0.12388422749936581,0.28615649275909033,0.03983389320783317,0.16778841133746658,0.0,0.0136986301369863,0.0,0.0045871559633027
62543,mscoco,0.20029254592955112,0.305712359959676,0.2990471310913563,0.47103431627921083,0.3,0.2,0.7,0.5
123175,mscoco,0.20155681520700455,0.5959410914709914,0.2789467316120863,0.5404290390869808,0.4,1.0,0.3,1.0
65383,mscoco,0.32378836795687677,0.5951036176968121,0.6598718702793122,0.8312682310554763,0.3,0.5,1.0,1.0
544001,mscoco,0.1564609758555889,0.29183510411487806,0.2210882179439068,0.3796032063474389,0.4,1.0,0.2,0.1428571428571428
41104,mscoco,0.2801075644791126,0.6045052267119365,0.2735740553587675,0.575337405124753,0.5,1.0,0.5,1.0
355193,mscoco,0.8728823959827423,0.9309644722650662,0.8852790296077728,0.9550799886983499,1.0,1.0,1.0,1.0
500940,mscoco,0.004520335127017461,0.02803935189794771,0.016571066132746635,0.056939260407484336,0.1,1.0,0.1,0.5
429142,mscoco,0.03048724718391895,0.09531010077072599,0.030238966178148984,0.14304238787208762,0.0,0.01,0.1,1.0
125252,mscoco,0.09876977540552616,0.2646988893441425,0.11164452582597732,0.30302851024458355,0.2,0.5,0.2,0.5
14683,mscoco,0.172715961933136,0.30468621205852603,0.2249343741685152,0.4432290446344849,0.2,1.0,0.3,1.0
109,drawbench,0.02661550878547132,0.07617919705160406,0.021740583050996066,0.06943237409744124,0.1,0.1428571428571428,0.0,0.0135135135135135
391662,mscoco,0.02457451990339905,0.08749905139676321,0.02885569245554507,0.09534319468213434,0.1,0.25,0.4,0.5
409131,mscoco,0.15005638729780912,0.3485996347552689,0.3318707659840584,0.6705930203447685,0.2,0.5,0.4,1.0
478880,mscoco,0.1152985516935587,0.266163602363897,0.1567810971289873,0.41877182323521656,0.0,0.05,0.2,0.5
230972,mscoco,0.06750486362725497,0.25494301942821584,0.15042759217321872,0.31121842401083555,0.1,1.0,0.1,0.3333333333333333
233093,mscoco,0.014449202371179127,0.06300146264232756,0.017153169109951703,0.06187201258811226,0.0,0.0064102564102564,0.0,0.0023364485981308
143,drawbench,0.00022215444914763793,0.0004903103734039424,3.983401823006716e-05,0.00026270487955593226,0.0,0.0,0.0,0.0
59918,mscoco,0.38106576129794123,0.7298938037565554,0.6170780450105667,0.7914118916398921,0.2,1.0,0.7,1.0
575958,mscoco,0.03226626459509134,0.11943219611640651,0.038771618716418745,0.14281321142283115,0.0,0.0101010101010101,0.1,0.5
381160,mscoco,0.7609081745147706,0.7660232046260536,0.39251182936131956,0.6974992718400933,0.0,0.0714285714285714,0.1,0.5
229067,mscoco,0.30674941688776014,0.3871351363189288,0.4925677180290222,0.6713930211349564,0.6,0.3333333333333333,0.6,1.0
412780,mscoco,0.066705053858459,0.2662961890652513,0.21865153610706328,0.3113521684515448,0.0,0.0476190476190476,0.2,0.1428571428571428
515655,mscoco,0.11569018755108118,0.22924852090854234,0.06423186985775828,0.1810452828099595,0.0,0.0526315789473684,0.1,0.25
385037,mscoco,0.29082207307219504,0.63248417669645,0.3348330434411764,0.6706916011963934,0.6,1.0,0.6,0.5
30281,mscoco,0.39307398796081544,0.7656611070743308,0.5073995262384414,0.6321152471430985,0.4,0.3333333333333333,0.5,0.3333333333333333
85472,mscoco,0.5767618060112,0.8205294420376088,0.6582704305648803,0.9098392385979109,0.8,1.0,0.9,1.0
262146,mscoco,0.20608166567981243,0.3854718576968703,0.4509545475244522,0.7170826106200952,0.0,0.0833333333333333,0.5,1.0
85155,mscoco,0.4396393410861492,0.8070616481316998,0.34995227009058,0.7116663305676627,0.4,1.0,0.3,0.5
406250,mscoco,0.4505045533180237,0.8276339115994955,0.5196413740515708,0.8661004517995257,0.3,1.0,0.5,0.5
172143,mscoco,0.011348375026136637,0.03406045977032168,0.016880049055907877,0.07224979992434964,0.0,0.0625,0.1,0.5
455667,mscoco,0.4325799122452736,0.6904061268466305,0.5222431480884552,0.702413527466626,0.3,0.2,0.6,1.0
169006,mscoco,0.17099708653986453,0.2732964587651534,0.22074808776378632,0.5299115967111979,0.2,0.5,0.4,0.5
173109,mscoco,0.02992228505318053,0.16095528752443647,0.03513397774659097,0.15363726392389554,0.1,1.0,0.2,1.0
192322,mscoco,0.3163083404302597,0.6194299765235548,0.4089048199355602,0.6404691857015375,0.9,1.0,0.8,1.0
222266,mscoco,0.1883762190118432,0.5749221042369003,0.14589675702154636,0.5087616765333037,0.3,1.0,0.3,1.0
325806,mscoco,0.1530105173587799,0.3192474119535021,0.2364512339234352,0.6031118947974189,0.2,1.0,0.5,0.3333333333333333
449537,mscoco,0.18337680511176585,0.5260288578071178,0.19497417099773884,0.4048327766302436,0.0,0.00625,0.0,0.0555555555555555
145284,mscoco,0.06963239405304193,0.20042081314476706,0.07237030323594809,0.25978129078364764,0.1,0.5,0.0,0.0909090909090909
465058,mscoco,0.5309445649385452,0.6304166910839792,0.7469574570655823,0.8886019700282464,0.3,0.5,0.9,1.0
165893,mscoco,0.006489743475685828,0.02817238113958473,0.00926999277435243,0.036420606529714454,0.1,1.0,0.1,1.0
537157,mscoco,0.19783282168209554,0.3395173877970003,0.1810119602829218,0.5654289199476075,0.0,0.0909090909090909,0.1,1.0
426323,mscoco,0.058506512409076096,0.4100489298375872,0.06888002855703235,0.3977486324111174,0.1,1.0,0.1,1.0
92280,mscoco,0.27230361197143793,0.6727961567566403,0.24294974114745854,0.6868901438317828,0.2,1.0,0.4,1.0
319118,mscoco,0.22480324879288674,0.6037321279902923,0.2770077776163816,0.4617120263905667,0.3,1.0,0.5,0.5
234713,mscoco,0.40083648413419726,0.7237803162727882,0.3543605342507362,0.5439019161673385,0.9,1.0,1.0,1.0
379165,mscoco,0.21918788459151983,0.4305642876398948,0.16534413350746036,0.5292862979206808,0.1,0.125,0.3,1.0
26551,mscoco,0.08626958280801773,0.17775995930332283,0.11267476119101047,0.3268936094019056,0.0,0.0303030303030303,0.3,1.0
280242,mscoco,0.08590930155478418,0.17261325374283987,0.1567867362871766,0.28378398604721883,0.2,0.2,0.1,0.1111111111111111
260307,mscoco,0.027092715399339794,0.14065661153099415,0.06499475603923202,0.11614850767899633,0.0,0.0070422535211267,0.0,0.0526315789473684
433168,mscoco,0.20122898276895285,0.5384241146638846,0.13771675918251275,0.47482372595660594,0.3,1.0,0.3,1.0
319043,mscoco,0.09661031886935234,0.20155807537542175,0.14329131469130515,0.261110069385691,0.1,0.25,0.3,0.25
381994,mscoco,0.08460988150909543,0.3655432010027317,0.12076413650065661,0.19127130025587594,0.0,0.0151515151515151,0.1,0.25
206044,mscoco,0.2522351801395416,0.5021622196065585,0.23438553735613823,0.4874263424435798,0.1,1.0,0.1,1.0
211312,mscoco,0.029684711946174502,0.08960228003193106,0.08497276538982987,0.1573693408564081,0.0,0.0188679245283018,0.1,1.0
42196,mscoco,0.1531813159584999,0.2794181951642461,0.17013488113880157,0.277837952100612,0.0,0.0833333333333333,0.6,1.0
497096,mscoco,0.09436626080423594,0.2721212481637258,0.24964588433504104,0.3991998721007297,0.1,0.1666666666666666,0.4,0.2
81,mscoco,0.4940922655165195,0.6962613419593993,0.4787630744278431,0.7365421279838935,0.0,0.0119047619047619,0.0,0.0256410256410256
486123,mscoco,0.08403373397886753,0.235094274058457,0.06302535571157933,0.16344734979230646,0.0,0.0476190476190476,0.1,0.125
322,mscoco,0.012390667060390114,0.043494543514992004,0.022988546383567156,0.08795930748612825,0.1,0.1666666666666666,0.1,0.125
493294,mscoco,0.15353961177170278,0.34838963381756644,0.17495862878859042,0.31886008302805197,0.0,0.005,0.2,0.1428571428571428
187090,mscoco,0.2645057551562786,0.30481923822476853,0.3222446903586388,0.6404972505316999,0.6,0.25,0.8,1.0
372902,mscoco,0.02719107868615538,0.10336701289400248,0.018276391734252682,0.08108228279383803,0.1,1.0,0.1,1.0
293979,mscoco,0.28312958776950836,0.6210925828745254,0.4535997211933136,0.5372744155878479,0.3,1.0,0.3,0.5
417090,mscoco,0.00722277041641064,0.025031162968976922,0.02093443787889555,0.06792016330673563,0.0,0.0109890109890109,0.1,1.0
422172,mscoco,0.004782766682910733,0.016214247572467318,0.004489548940910026,0.0235968239053411,0.1,0.5,0.1,1.0
280988,mscoco,0.034743731888011095,0.09124888985046534,0.01696029869490303,0.11424807767880331,0.1,0.25,0.1,1.0
227558,mscoco,0.19976615514606239,0.5218955215843765,0.15383846759796144,0.5147867621019495,0.6,0.5,0.9,1.0
348006,mscoco,0.019743150856811553,0.06836723547093704,0.021347481990233064,0.14924569963176376,0.1,0.25,0.1,1.0
166716,mscoco,0.05283049885183573,0.16753176550586235,0.13247630037367344,0.2554184717241822,0.0,0.0625,0.0,0.0138888888888888
124018,mscoco,0.4733824148774147,0.7599893945401189,0.6454969018697738,0.8562275745343072,0.4,1.0,0.7,1.0
373792,mscoco,0.15933634098619223,0.6512311135382487,0.2158421203494072,0.36329464991793187,0.5,1.0,0.7,0.5
334364,mscoco,0.015550035855267198,0.04868248677086413,0.025837059097830205,0.12162034413412848,0.1,0.2,0.1,1.0
196473,mscoco,0.05249549290165305,0.13925140883493825,0.06937625035643577,0.1693208936743416,0.7,1.0,0.6,1.0
361866,mscoco,0.15357354693114758,0.20194224057979066,0.11880214940756559,0.4181215292697761,0.1,0.1,0.4,0.5
468932,mscoco,0.03770673209801316,0.12295093563898349,0.040880430163815616,0.16627499855500094,0.1,0.1428571428571428,0.1,0.5
447354,mscoco,0.2302170805633068,0.4660448591191739,0.22876133620738984,0.6450498560194322,0.3,1.0,0.2,1.0
85846,mscoco,0.06399392243474722,0.127451189939558,0.010678640489641112,0.035923655285711,0.1,1.0,0.0,0.0035971223021582
173631,mscoco,0.18992123417556286,0.38734179191561446,0.15281749777495862,0.4023867139278135,0.1,1.0,0.3,1.0
266805,mscoco,0.0729234897531569,0.17334438755504514,0.10304098902270198,0.25989738289253916,0.0,0.0256410256410256,0.3,1.0
299662,mscoco,0.08801039382815361,0.28401679461006935,0.07562388284131885,0.153281811057652,0.0,0.0666666666666666,0.0,0.0068027210884353
569520,mscoco,0.027416461915709078,0.10542652618706376,0.04823041420895606,0.1264301174473737,0.1,0.125,0.2,1.0
193,drawbench,0.005298927699914202,0.0159133213465871,0.0018219623398181284,0.005769488717412221,0.0,0.0,0.0,0.0
205356,mscoco,0.030171050690114498,0.0834993555827912,0.08963622413575649,0.23809006187136794,0.0,0.0555555555555555,0.1,0.1666666666666666
119,drawbench,0.0138151969993487,0.04779639975365329,0.010267005418427289,0.03361909548248993,0.0,0.0,0.0,0.0
394814,mscoco,0.04654417301062495,0.09129245077813207,0.04789607553975657,0.10914229557177316,0.0,0.0384615384615384,0.2,0.25
204940,mscoco,0.16528463531285525,0.2551394399848968,0.3281066581606865,0.5364264769747877,0.2,0.3333333333333333,0.3,1.0
167740,mscoco,0.32855546474456787,0.890447833859989,0.4550000749528408,0.7329753362799306,0.0,0.0769230769230769,0.1,0.2
544590,mscoco,0.4839377120137215,0.7227614513613911,0.2520509656518698,0.7661051373202316,0.5,0.5,0.4,1.0
344974,mscoco,0.34791550524532794,0.8529182212173626,0.2015079277101904,0.5763800061564109,0.1,1.0,0.1,0.3333333333333333
440434,mscoco,0.00895974730810849,0.0572750879115169,0.008159694250207395,0.020790316089408956,0.1,1.0,0.1,0.1666666666666666
30752,mscoco,0.1592251831665635,0.38197185562107083,0.17847501784563063,0.3855196194750608,0.4,1.0,0.6,1.0
288975,mscoco,0.12036827877163887,0.2916778294257285,0.1603363139554858,0.39727240482081333,0.0,0.0114942528735632,0.1,0.2
45966,mscoco,0.0010681397732696496,0.0053152121275805,0.0007734780367172789,0.0023985226842669887,0.1,1.0,0.0,0.037037037037037
136042,mscoco,0.04151501040905714,0.14339781427570916,0.029777184408158065,0.0581636164208927,0.1,0.25,0.1,0.1428571428571428
369514,mscoco,0.24001786559820176,0.4581538665507268,0.329666993021965,0.40145691301381836,0.1,1.0,0.0,0.0666666666666666
483525,mscoco,0.17165753059089184,0.38463909483231035,0.24647084772586822,0.44727793224168944,0.2,0.1666666666666666,0.3,1.0
280347,mscoco,0.1593481905758381,0.35806640236341425,0.1496425404213369,0.39325047109767447,0.3,1.0,0.5,1.0
411343,mscoco,0.340875631570816,0.4252207713524772,0.4366383135318756,0.6192963924868522,0.3,0.1428571428571428,0.8,0.5
567803,mscoco,0.8366485238075256,0.9359252339073337,0.8618821412324905,0.9420617089691762,0.2,0.3333333333333333,0.3,1.0
217458,mscoco,0.004371248483585078,0.009156256932838043,0.004990405409625964,0.030446430150405625,0.1,0.1666666666666666,0.1,1.0
166430,mscoco,0.05473302928730846,0.14800787243200056,0.034722058288753035,0.12664372611111924,0.1,0.3333333333333333,0.0,0.0666666666666666
556597,mscoco,0.20501783397048712,0.46149703505374473,0.3205928564071655,0.45517755300002827,0.0,0.0434782608695652,0.3,0.25
365556,mscoco,0.68549878410995,0.8617238374787046,0.752297168970108,0.9173480840533258,0.3,1.0,0.3,0.5
20987,mscoco,0.06111035197973251,0.1890904222053491,0.0592809634283185,0.1758200859952945,0.0,0.0263157894736842,0.1,1.0
162031,mscoco,0.014099600992631167,0.06793389502394623,0.012620818009600044,0.05051783024110381,0.2,1.0,0.2,1.0
485955,mscoco,0.0007902405719505623,0.004229122366262968,0.0012291556427953764,0.005899314687525963,0.1,0.3333333333333333,0.1,1.0
202307,mscoco,0.33840829133987427,0.5158334226291725,0.3710946537554264,0.6880133488438027,0.5,0.5,0.9,1.0
502126,mscoco,0.03057265095412731,0.10694498798998761,0.05458306046202779,0.20441820347879083,0.0,0.0666666666666666,0.1,0.1
10130,mscoco,0.012785917941073421,0.054514509028567165,0.005155819759966107,0.04110498461890984,0.1,1.0,0.1,1.0
33489,mscoco,0.008093558653490618,0.024411663756660505,0.012858205288648606,0.03677838531888939,0.1,0.5,0.1,0.2
167152,mscoco,0.40951162576675415,0.6368503609504594,0.406742787361145,0.620149790626072,0.0,0.0294117647058823,0.0,0.0188679245283018
554207,mscoco,0.09770825728774071,0.21443202956628046,0.2828063502907753,0.5365123642470546,0.1,1.0,0.2,0.3333333333333333
162827,mscoco,0.3672705963253975,0.736501241267782,0.2943208910524845,0.6869728132950185,0.1,1.0,0.3,1.0
329217,mscoco,0.03300708127208054,0.17866229315758553,0.03364508490558364,0.14160470649744314,0.1,1.0,0.1,1.0
187194,mscoco,0.05232094684615731,0.11257227370782563,0.0772005564533174,0.17443054188041276,0.1,0.5,0.2,1.0
374357,mscoco,0.23909398019313813,0.5773746781798242,0.3537404775619507,0.577671135726597,0.5,1.0,0.9,1.0
240976,mscoco,0.09769246531650425,0.21028713653768255,0.07933884970843792,0.2639490490231489,0.1,0.3333333333333333,0.0,0.0666666666666666
558171,mscoco,0.21277329167351128,0.8019003289794454,0.2522167358547449,0.472221992334633,0.0,0.0068965517241379,0.0,0.0625
126714,mscoco,0.003294417406868888,0.014100573880703312,0.023426290962379425,0.0937069011004502,0.0,0.0006361323155216,0.1,0.2
132652,mscoco,0.4231687344610691,0.8630724446013347,0.5592417478561401,0.5566352025603301,0.7,1.0,0.8,1.0
87272,mscoco,0.06386592769995332,0.5546796138895177,0.0965665536466986,0.5964408955032828,0.1,1.0,0.2,1.0
18973,mscoco,0.09341648370027542,0.22103435593034967,0.09490967616438865,0.2543288905989539,0.2,1.0,0.0,0.0833333333333333
214261,mscoco,0.18072928860783577,0.5225467531010335,0.17089087185449897,0.36826982258307484,0.3,1.0,0.3,1.0
44136,mscoco,0.013574386380787474,0.03793863881912761,0.0078501471754862,0.046345008665519064,0.1,0.1,0.0,0.0769230769230769
204020,mscoco,0.0008009324126760475,0.0037649339828826,0.004097149070628347,0.01456867171872559,0.0,0.0088495575221238,0.1,0.3333333333333333
226848,mscoco,0.37764716893434525,0.4737233094049319,0.3033046811819077,0.5337108332227183,0.3,0.1666666666666666,0.7,1.0
303570,mscoco,0.3342860884964466,0.4176657144113251,0.23770675398409366,0.38186860558277885,0.1,0.1111111111111111,0.0,0.0909090909090909
399983,mscoco,0.15728267505764962,0.21761264482982443,0.3547987051308155,0.7794943623933877,0.1,0.125,0.3,1.0
168843,mscoco,0.07289438433945179,0.3062933653747588,0.0824672995135188,0.2507027211098373,0.2,1.0,0.2,1.0
369074,mscoco,0.303793060593307,0.7453411828283968,0.24314513765275478,0.74746518013363,0.1,1.0,0.2,1.0
364487,mscoco,0.0481231452897191,0.1397471873786942,0.05401430707424879,0.14663418206662207,0.0,0.0085470085470085,0.0,0.0051282051282051
232546,mscoco,0.013482981687411666,0.04232389964579953,0.004468403669307008,0.016807958156344376,0.1,0.5,0.0,0.0052910052910052
159,drawbench,0.0004190058520180173,0.0020557778348054907,0.00025072340845326834,0.0008551058491150454,0.0,9.588095420725627e-06,0.0,1.7944300890037325e-05
329336,mscoco,0.019618526217527688,0.10879726016181458,0.013513714680448175,0.060560455936401116,0.0,0.0476190476190476,0.0,0.0769230769230769
229481,mscoco,0.07610281240195035,0.3073542254933219,0.2453034110367298,0.4909603961703897,0.0,0.04,0.2,0.25
528575,mscoco,0.22709897346794605,0.6121231803976175,0.15555139291100203,0.5294586781323456,0.1,1.0,0.1,1.0
3694,mscoco,0.05014223661273718,0.1427316508629242,0.11539056338369846,0.3603095907615216,0.0,0.0909090909090909,0.4,1.0
417016,mscoco,0.12950518168509007,0.25578535062848895,0.33067815005779266,0.5868493097112107,0.1,0.1666666666666666,0.2,0.1666666666666666
251418,mscoco,0.03140254851896316,0.12954802603211774,0.03471860270947218,0.11996844269756601,0.0,0.0476190476190476,0.0,0.0263157894736842
547866,mscoco,0.2529882498085499,0.40614055101702795,0.25986988842487335,0.5747999182217315,0.3,0.5,0.4,0.5
166998,mscoco,0.24428281001746655,0.31235845380342087,0.5294365659356117,0.8192871740969028,0.4,0.3333333333333333,0.6,1.0
570864,mscoco,0.10278095640242099,0.24231356153557715,0.05798554215580225,0.17160379872696926,0.6,1.0,0.4,0.5
462445,mscoco,0.030065737979020922,0.11625172164319697,0.027610904155881143,0.10939320872978038,0.1,1.0,0.1,1.0
300661,mscoco,0.0012242588736626203,0.004204572670319522,0.0005293178288411582,0.0038719051159343022,0.1,0.1666666666666666,0.1,1.0
169502,mscoco,0.13409173749387265,0.297521259314155,0.052775691263377666,0.22635001191595175,0.1,0.2,0.1,1.0
66144,mscoco,0.027224961551837623,0.07898274367678815,0.07110651079565286,0.2057802954057206,0.1,0.1,0.1,1.0
269843,mscoco,0.01720579507527873,0.05937734939680527,0.01741581819951534,0.1215193788892785,0.1,0.25,0.1,1.0
54938,mscoco,0.058971770957577975,0.13959823648882347,0.08761584111489355,0.2190537319882818,0.0,0.0175438596491228,0.0,0.04
27390,mscoco,0.09215464852750302,0.1899999055380636,0.14034885801374913,0.3014569557533523,0.1,0.1666666666666666,0.1,0.3333333333333333
521978,mscoco,0.25727404579520224,0.681448489793537,0.22067101895809174,0.7425597700359842,0.1,1.0,0.1,0.5
429433,mscoco,0.05831429725512862,0.15514367560600517,0.06331874091993087,0.2644896351280634,0.1,0.25,0.0,0.0093457943925233
134,drawbench,0.021328040538355707,0.09048785660563852,0.017656365421134978,0.036675394267624145,0.0,2.6367136001687492e-05,0.0,0.0021231422505307
378621,mscoco,0.06443766099400819,0.22197474485201033,0.13736129086464643,0.34988500514264115,0.1,0.1111111111111111,0.0,0.0476190476190476
222948,mscoco,0.06233354741707444,0.1614108882202049,0.13364564180374144,0.329384494825974,0.0,0.0056497175141242,0.1,0.3333333333333333
77,drawbench,0.008496093039866537,0.027088385183468053,0.007089183235075324,0.02971658591135416,0.0,0.0095238095238095,0.0,0.0084033613445378
124903,mscoco,0.4572814263403416,0.5143030697207147,0.49220445156097414,0.791807996695021,0.1,0.3333333333333333,0.8,1.0
359375,mscoco,0.02740633166395128,0.08419122484231158,0.045680906530469655,0.15669199069965686,0.1,0.5,0.1,0.5
244760,mscoco,0.10108483126387,0.2434647127657459,0.13050396740436554,0.22538121516471346,0.7,1.0,0.8,1.0
83097,mscoco,0.05884625446051359,0.1603905999513912,0.04535396602004767,0.1484502717686367,0.3,0.2,0.3,0.3333333333333333
337264,mscoco,0.01208537926140707,0.10225259977511304,0.02233906942710746,0.12658721811070314,0.1,1.0,0.1,1.0
145921,mscoco,0.3358791172504425,0.5341844909272183,0.40113682597875594,0.7519504388341136,0.2,0.2,0.0,0.0833333333333333
422155,mscoco,0.22991531249135733,0.4965806520268752,0.18984710220247508,0.5112440808153192,0.5,1.0,0.8,1.0
451969,mscoco,0.15249511506408453,0.24684156110604738,0.2133973527699709,0.3103588104415486,0.1,0.1666666666666666,0.1,0.2
484344,mscoco,0.1884059876203537,0.4434044198625488,0.28128844909369943,0.6427372225897574,0.2,0.25,0.3,0.3333333333333333
488952,mscoco,0.09415912143886089,0.16894781652219026,0.14462008252739905,0.6609971242099366,0.1,0.1666666666666666,0.1,1.0
67163,mscoco,0.05970268533565104,0.518328488626902,0.058124990812211765,0.19350355465176142,0.1,1.0,0.1,0.3333333333333333
521068,mscoco,0.11200488097965718,0.3047317493695421,0.1765112392604351,0.2849628211537374,0.1,0.1,0.0,0.0119047619047619
424340,mscoco,0.018864988622954115,0.042674695430251555,0.021493366872891783,0.06092174445222952,0.1,0.2,0.0,0.0769230769230769
364491,mscoco,0.07625167611986398,0.17889867109472832,0.031391706923022865,0.18284477912273617,0.2,1.0,0.0,0.0909090909090909
556901,mscoco,0.23028960824012756,0.45804154254000645,0.22554940953850747,0.3937203829981263,0.2,0.5,0.0,0.0526315789473684
420826,mscoco,0.34551371186971663,0.7885042398733265,0.3755020134150982,0.6342045679523933,0.2,1.0,0.2,0.3333333333333333
283213,mscoco,0.11073575392365456,0.28833912771020354,0.20660826228559018,0.40645565055045824,0.0,0.0833333333333333,0.2,0.2
214363,mscoco,0.0033020614529959856,0.011482950012231354,0.0042749980872031305,0.020220479957658497,0.1,0.25,0.1,1.0
165350,mscoco,0.1808535110205412,0.42791538861388656,0.31033751368522644,0.637030946513044,0.0,0.0909090909090909,0.2,1.0
79806,mscoco,0.2145089939236641,0.4885089512754349,0.17837339043617248,0.33245691977245234,0.0,0.0833333333333333,0.1,0.125
279175,mscoco,0.18594914677669294,0.47693909939424045,0.23948021999094635,0.6369269664737891,0.3,0.5,0.4,1.0
200423,mscoco,0.07469042651355266,0.13887463882152531,0.15943144597113132,0.3388625306508956,0.1,0.1111111111111111,0.2,0.1111111111111111
11041,mscoco,0.6051357388496399,0.8245301831908373,0.7321949422359466,0.9489572320493027,0.7,1.0,0.7,0.3333333333333333
61377,mscoco,0.012567108205985278,0.024606751124373407,0.017722962485277095,0.05967322929333352,0.1,0.1,0.1,0.5
499094,mscoco,0.26788538191467526,0.28821752880151374,0.38815405070781706,0.512909140429442,0.0,0.0476190476190476,0.3,0.25
65,drawbench,0.0028411520208464934,0.020268303743762258,0.0027754275346524083,0.008917992379480651,0.0,0.0,0.0,0.0
20542,mscoco,0.1958088256418705,0.3658656472191781,0.2202871136367321,0.3856243986127316,0.2,0.3333333333333333,0.2,1.0
295472,mscoco,0.2079830765724182,0.34897950205267153,0.32716816030442714,0.7218639022782521,0.2,0.3333333333333333,0.7,1.0
4471,mscoco,0.07817077948711812,0.17803561132763462,0.01874794150935486,0.08533258080339672,0.3,0.5,0.2,0.25
518816,mscoco,0.0035381179506657643,0.019190547446350653,0.002136487095776829,0.008719518870361006,0.1,1.0,0.1,0.3333333333333333
267700,mscoco,0.42960138618946075,0.7653849931340923,0.6120157808065414,0.7493519156176205,0.8,1.0,0.5,1.0
436696,mscoco,0.09703996079042554,0.35149981631324395,0.08700049854815006,0.23406199253113946,0.0,0.0833333333333333,0.2,0.5
477351,mscoco,0.007541944470722229,0.03140454002586162,0.005460525956004858,0.030289745838625017,0.2,1.0,0.2,1.0
84084,mscoco,0.08023679256439209,0.2539151005457992,0.16769181564450264,0.25241946371121704,0.1,1.0,0.4,0.5
492314,mscoco,0.18666791617870332,0.34594222506007644,0.3993908897042274,0.6454065728042023,0.1,0.125,0.2,0.3333333333333333
13882,mscoco,0.03434779504314065,0.11723009575778714,0.01089291469543241,0.09210898759581378,0.1,1.0,0.1,1.0
125700,mscoco,0.017025871388614177,0.0417425385221173,0.04734948170371354,0.15717944199655892,0.2,0.5,0.1,1.0
370103,mscoco,0.3678548112511635,0.6693122120808306,0.3868588075041771,0.623123567444906,0.3,1.0,0.0,0.0909090909090909
94,drawbench,0.035270716459490356,0.09077545859064624,0.020150471990928055,0.0525365073559002,0.0,0.0769230769230769,0.0,0.0048543689320388
137273,mscoco,0.10206909319385886,0.37074609866078156,0.09595723451348022,0.6872381583007395,0.1,0.5,0.1,1.0
106935,mscoco,0.10677369590848684,0.33531298414673744,0.1181790553033352,0.2686317741300336,0.1,0.1111111111111111,0.1,0.125
797,mscoco,0.27388088703155516,0.5159113221253337,0.39416879415512085,0.5713430593219485,0.5,0.5,0.6,1.0
107362,mscoco,0.024481064634164794,0.05275074821475043,0.030260420287959278,0.19174598747229935,0.1,0.125,0.3,1.0
81128,mscoco,0.015258360770530999,0.056391299886827555,0.011332127620698884,0.07019112058031972,0.1,0.5,0.1,1.0
442554,mscoco,0.01580584080074914,0.1437698292311245,0.01559103452891577,0.14070676600384532,0.1,1.0,0.1,1.0
19413,mscoco,0.10940570607781411,0.31312832398312695,0.060677487030625345,0.19482152192379587,0.0,0.008,0.0,0.0033444816053511
7583,mscoco,0.011177647102158517,0.051423009764852416,0.0317831096239388,0.07114938667844349,0.0,0.0909090909090909,0.4,1.0
464634,mscoco,0.028654151083901524,0.09349582979945907,0.029610974219394848,0.14911478586068547,0.1,0.5,0.2,1.0
257788,mscoco,0.19526848699897528,0.5986245506046857,0.26472611343488095,0.4914199832186138,0.4,1.0,0.3,0.5
385438,mscoco,0.07451732503250241,0.3796220257884249,0.10658454135991632,0.27902089179097217,0.0,0.04,0.0,0.0833333333333333
275432,mscoco,0.04826272977516055,0.17425883773819023,0.06514888498932123,0.1997083983519411,0.0,0.0232558139534883,0.1,1.0
490582,mscoco,0.01646395376883447,0.09477376451730722,0.048705373815028,0.10429902751697208,0.1,0.5,0.1,1.0
399880,mscoco,0.13458484560251235,0.39080662749577666,0.15867293793708087,0.3965845350686113,0.2,1.0,0.2,1.0
256903,mscoco,0.24097800776362419,0.38330347985643226,0.34975344091653826,0.5831171703044526,0.0,0.0476190476190476,0.6,0.3333333333333333
2349,mscoco,0.09529430950060487,0.28583929321589824,0.13071202747523786,0.4056413007836416,0.1,0.5,0.1,1.0
70735,mscoco,0.27871353328228,0.4548617621812987,0.3038603514432907,0.6878641900182283,0.4,0.3333333333333333,0.5,1.0
73634,mscoco,0.0852759670931846,0.2926998112341736,0.08341580731794238,0.1956439418740417,0.4,1.0,0.5,1.0
495131,mscoco,0.007190364936832339,0.026185276337847615,0.004868849215563386,0.02092238440360966,0.0,0.0217391304347826,0.1,0.1
548953,mscoco,0.07392699625343084,0.18898575558143624,0.1335474608466029,0.2531095844961578,0.0,0.0119047619047619,0.0,0.0227272727272727
517780,mscoco,0.11734772454947233,0.5286776048658155,0.11187670454382896,0.5190427470485222,0.1,1.0,0.1,1.0
314616,mscoco,0.0736012346111238,0.20588228362897326,0.02567894246894866,0.18611266461282272,0.0,0.0909090909090909,0.1,1.0
51070,mscoco,0.005459625669755041,0.01732284231107597,0.01884215194731951,0.06681088860325561,0.0,0.0048076923076923,0.1,0.5
61761,mscoco,0.21680558547377587,0.7397370897109323,0.204059436917305,0.7229150989978431,0.3,1.0,0.5,1.0
228657,mscoco,0.10544427670538425,0.2576285416800554,0.2741872102022171,0.46502614414242316,0.1,0.1428571428571428,0.6,0.3333333333333333
328732,mscoco,0.3614164888858795,0.49122411869630056,0.3900785505771637,0.8208514828596706,0.3,0.25,0.3,1.0
152108,mscoco,0.29561575725674627,0.35553013848433224,0.3483237221837044,0.5368950913634913,0.4,1.0,0.7,0.5
309192,mscoco,0.3386952243745327,0.6698519440272183,0.3216575494967401,0.37178803606530364,0.3,1.0,0.2,0.25
28085,mscoco,0.01763524264097214,0.09568825475052682,0.013581648550461978,0.08212274652724096,0.1,1.0,0.1,1.0
392717,mscoco,0.018736678059212863,0.08128907671388541,0.01459019299945794,0.036889173552889905,0.0,0.003731343283582,0.1,1.0
373648,mscoco,0.35530613288283347,0.48959749501888167,0.4962173655629158,0.7078325410401629,0.2,0.5,0.2,0.5
186201,mscoco,0.12443326944485307,0.284619960369774,0.13008703030645846,0.4122841891635886,0.3,1.0,0.1,0.25
556248,mscoco,0.10116154989227652,0.2634315006861711,0.0705776110291481,0.21227228579488203,0.3,0.5,0.1,0.3333333333333333
30631,mscoco,0.024789310642518103,0.07603397066189968,0.04373657377436757,0.13157063160462515,0.0,0.0012165450121654,0.1,0.25
109838,mscoco,0.07115192143246532,0.27590193687170017,0.08971398472785949,0.190535654831715,0.1,1.0,0.4,0.2
97686,mscoco,0.23324896544218063,0.742687349832243,0.31840380635112525,0.3915532276773101,0.1,1.0,0.1,0.1
22559,mscoco,0.008498280250933021,0.05176236226027393,0.00587485357245896,0.047107390851963034,0.1,1.0,0.1,1.0
163474,mscoco,0.07632263530977071,0.25357182911892656,0.057095479872077706,0.2303205889032874,0.0,0.0069930069930069,0.0,0.05
23489,mscoco,0.3241677351295948,0.4997101838760383,0.3304420791566372,0.56382924947167,0.6,1.0,0.8,1.0
460417,mscoco,0.018852649675682186,0.04052755242004354,0.012192339519970119,0.04684385664624959,0.0,0.0103092783505154,0.1,1.0
143120,mscoco,0.054982422618195415,0.1606920340368127,0.0470065419562161,0.16345327929508857,0.1,0.3333333333333333,0.2,0.5
549649,mscoco,0.004831215702870395,0.019124723358769254,0.0034784469418809747,0.019422666111992525,0.1,0.5,0.1,1.0
62132,mscoco,0.02577414673869498,0.1878894853483094,0.010804327596270013,0.10671120907163385,0.1,0.5,0.1,1.0
371157,mscoco,0.02971484959125519,0.10288333231372788,0.022359319450333714,0.08379913546952564,0.0,0.04,0.1,0.1
376009,mscoco,0.04303158028051257,0.15389751276005348,0.042131709796376524,0.09078916030568185,0.1,1.0,0.0,0.0357142857142857
41997,mscoco,0.7071515142917633,0.6583342354585636,0.6171249151229858,0.8580291475017785,0.9,1.0,1.0,1.0
305338,mscoco,0.03129176013171673,0.12544831941174658,0.04032839206047356,0.14195770033159993,0.5,0.5,0.2,1.0
151922,mscoco,0.09609919860959053,0.2998671391780749,0.1393411953933537,0.3221430291889758,0.1,0.1428571428571428,0.3,1.0
169683,mscoco,0.06601703111082316,0.24107578661473092,0.07450812309980392,0.248295778100054,0.5,1.0,0.7,1.0
504216,mscoco,0.006329095645924099,0.03347491411998828,0.0027806787693407387,0.01390389952072602,0.1,1.0,0.1,0.5
42215,mscoco,0.410588213801384,0.781147103874865,0.30580098889768126,0.6484327798981359,0.5,1.0,0.5,1.0
285607,mscoco,0.19547029845416547,0.35526917410536835,0.26520376056432726,0.3952528857533356,0.0,0.0666666666666666,0.0,0.0192307692307692
345562,mscoco,0.019800611375831067,0.0854101123457203,0.02266467228764668,0.07130962021697178,0.1,0.2,0.1,0.1
155160,mscoco,0.03506150541361421,0.12600085523469126,0.02607992186676711,0.11974846591148959,0.1,1.0,0.1,1.0
576944,mscoco,0.04871077137067914,0.11691152776787654,0.05713609391823411,0.218756927632135,0.1,0.3333333333333333,0.3,1.0
488360,mscoco,0.024273254536092283,0.04689131185291423,0.018993507628329097,0.05645415348258237,0.1,0.1428571428571428,0.1,0.3333333333333333
20641,mscoco,0.23704274520277976,0.40061157620618915,0.2716900740750134,0.5590481309504708,0.2,1.0,0.2,1.0
83268,mscoco,0.07097653369419277,0.217407725738026,0.06383236553519964,0.17830139385200094,0.1,1.0,0.0,0.037037037037037
203618,mscoco,0.13987331767566502,0.18403446278552443,0.13888724306598305,0.6115746327674401,0.1,0.125,0.1,1.0
301870,mscoco,0.40851607993245126,0.6765685522061057,0.5820225491188467,0.8088300511389123,0.5,1.0,0.6,1.0
424788,mscoco,0.11624011769890785,0.2773972893504192,0.24334201626479626,0.5860124254759916,0.1,1.0,0.5,1.0
292170,mscoco,0.013474439736455679,0.04187482876343188,0.050633967760950326,0.20944884220210316,0.1,0.1111111111111111,0.3,0.5
502823,mscoco,0.24568421468138696,0.6573096341717103,0.3403882168233395,0.4666343428566157,0.2,1.0,0.4,1.0
40531,mscoco,0.23464757855981588,0.4143463007399141,0.21399570181965827,0.3378066941761482,0.6,0.3333333333333333,0.8,0.5
162020,mscoco,0.08572456585243345,0.15341400100537206,0.049682753486558796,0.15735954759166074,0.1,0.25,0.1,0.3333333333333333
84853,mscoco,0.12529595382511616,0.3457816545450846,0.10545297628268599,0.2095046078190519,0.5,0.5,0.7,1.0
139839,mscoco,0.04498996450565755,0.11403466142101558,0.06147465892136097,0.22713872263842994,0.1,0.125,0.1,0.1666666666666666
163296,mscoco,0.5773084431886673,0.8964877431790571,0.514252444729209,0.7666376648982831,0.5,0.3333333333333333,0.4,1.0
268644,mscoco,0.12495093131437898,0.40192224746591865,0.12766149491071702,0.2982164141703121,0.7,1.0,0.9,1.0
69283,mscoco,0.008152721848455257,0.02163974544760508,0.00962940369208809,0.04446544970012485,0.0,0.0169491525423728,0.1,1.0
59610,mscoco,0.4457215093076229,0.8221408563813338,0.47627970576286316,0.8413568398949387,0.5,1.0,0.7,1.0
471834,mscoco,0.1286141981370747,0.2254835928512496,0.1289847123902291,0.25937869508154626,0.2,0.3333333333333333,0.7,0.5
15197,mscoco,0.26587978675961493,0.29092376019354604,0.34866553023457525,0.4713221697744907,0.4,0.5,0.6,0.5
343908,mscoco,0.026642057683784515,0.10976596097964304,0.03284017127007246,0.06692977811938894,0.0,0.0093457943925233,0.0,0.0208333333333333
451375,mscoco,0.030620209220796824,0.16559459201104335,0.020299844731925986,0.14752038926919098,0.1,0.3333333333333333,0.1,0.5
440027,mscoco,0.13626916110515594,0.263212706955224,0.15987790413200856,0.30327680944872965,0.2,0.25,0.5,0.5
377777,mscoco,0.05852746732998639,0.1733858498774793,0.06905761334346608,0.16061760304365777,0.0,0.0060240963855421,0.3,1.0
130240,mscoco,0.39570169411599637,0.647451477691685,0.5705670922994613,0.661474807721392,0.4,0.25,0.8,0.5
121618,mscoco,0.10838742479681969,0.28966762461319784,0.10577696021646261,0.24187471955189518,0.3,0.5,0.3,0.5
273245,mscoco,0.03353323063347489,0.12875954415506902,0.02995558865368366,0.09383693333234874,0.1,0.2,0.0,0.0714285714285714
187978,mscoco,0.006669375218916684,0.021717510709843204,0.00711028128862381,0.03201209591982486,0.1,0.25,0.1,1.0
395933,mscoco,0.025672307517379523,0.09897737054993913,0.038411883264780046,0.1424742931541956,0.1,0.5,0.1,1.0
247184,mscoco,0.18605861058458686,0.38996220916646934,0.15395477861166001,0.28894812346073767,0.1,0.2,0.4,0.5
198397,mscoco,0.23813954181969166,0.2982736192047284,0.27286441475152967,0.4642276188261458,0.1,0.125,0.4,1.0
266207,mscoco,0.7113158941268921,0.8415356538014721,0.6789718270301819,0.8356478907792919,0.7,1.0,1.0,1.0
324816,mscoco,0.09515449199825525,0.29152934236650013,0.10210924688726664,0.3104391325973133,0.1,0.1111111111111111,0.1,0.25
539311,mscoco,0.056700458936393264,0.2851811651962016,0.06856364291161299,0.29786121331849646,0.1,1.0,0.2,1.0
34,drawbench,0.055415273271501066,0.1330991622769024,0.045523830037564036,0.16443028108235877,0.0,0.0,0.0,0.0
214413,mscoco,0.03455437766388059,0.09115423102886541,0.02541184672154486,0.10613739937229864,0.0,0.0526315789473684,0.1,1.0
521574,mscoco,0.008842065479257144,0.03938028102838217,0.01170634722802788,0.060440179073450485,0.0,0.0007710100231303,0.0,0.0185185185185185
317112,mscoco,0.0471022967947647,0.16063709163051082,0.07983571933582426,0.3110729290112179,0.1,1.0,0.1,0.1111111111111111
552295,mscoco,0.12176309041678905,0.4550671261984994,0.08427623333409429,0.44215426214388853,0.0,0.037037037037037,0.1,0.25
579787,mscoco,0.3947403818368912,0.8864095702218335,0.3546677380800247,0.7118933126607269,0.3,1.0,0.5,1.0
384422,mscoco,0.024125996744260192,0.06813707901394794,0.04146553138270974,0.12493655375948205,0.1,1.0,0.0,0.0434782608695652
531725,mscoco,0.5268808111548424,0.7150282775516581,0.6247083276510239,0.8971262860344553,0.4,0.5,0.7,1.0
491943,mscoco,0.016485309874406086,0.05241004019474626,0.020087664038874208,0.06936981213323924,0.1,0.5,0.1,1.0
56605,mscoco,0.05478743119165301,0.12652253171474828,0.047393188904970886,0.14254002956352277,0.1,0.5,0.4,1.0
444272,mscoco,0.005997007945552468,0.015637683708677658,0.002573909578495659,0.013805537750341905,0.0,0.0217391304347826,0.1,0.3333333333333333
220948,mscoco,0.15551298521459103,0.2979652387350492,0.19117287993431092,0.35840169607971967,0.1,0.1428571428571428,0.8,1.0
265176,mscoco,0.05823105312883854,0.13539426036419494,0.05936171323992312,0.14620131786136367,0.3,1.0,0.3,1.0
186,drawbench,0.028096428094431757,0.16639427061109363,0.06750620529055595,0.2834619252857749,0.0,0.0,0.0,0.0
275835,mscoco,0.09321556389331817,0.27191387752248425,0.08133444543927908,0.20171955341166262,0.2,0.5,0.2,0.1666666666666666
386036,mscoco,0.14175482671707867,0.352342410180087,0.11577137354761362,0.23578140288703395,0.3,0.5,0.3,0.3333333333333333
165638,mscoco,0.19107635095715522,0.28021603329118255,0.20199145376682281,0.4268987963255557,0.1,0.1428571428571428,0.1,0.1666666666666666
388353,mscoco,0.10177119430154562,0.24125255285217934,0.09858751315623522,0.3592992476137341,0.1,0.125,0.2,1.0
4624,mscoco,0.6557146564126015,0.8255320305957743,0.5025360286235809,0.7705422093402039,0.4,1.0,0.6,1.0
206871,mscoco,0.26296852007508276,0.4029053492481073,0.33493461161851884,0.5776246771242403,0.3,0.3333333333333333,0.4,1.0
516805,mscoco,0.03420597112271935,0.15255041520693802,0.02574110999703407,0.13520253808494753,0.1,1.0,0.1,1.0
531798,mscoco,0.3509151920676231,0.4159306572655445,0.4396365523338318,0.6637064510106154,0.4,0.5,0.5,1.0
89095,mscoco,0.03461191467940807,0.1032123425710036,0.08646733276546001,0.23590292294402568,0.1,0.1666666666666666,0.1,0.1666666666666666
18078,mscoco,0.20762259364128113,0.4155165614331671,0.13210692293941975,0.37435338625311726,0.7,0.5,0.6,1.0
136900,mscoco,0.34617493748664857,0.4985775631053505,0.3041104555130005,0.4657423996564396,0.2,0.125,0.5,0.5
16,drawbench,0.01613564104773104,0.04483965705523833,0.010033545520855114,0.03612333384531776,0.0,0.0,0.0,0.0
350724,mscoco,0.055818296130746604,0.2147214193264282,0.14018142856657506,0.31894264354535634,0.1,0.25,0.1,0.3333333333333333
477195,mscoco,0.06407456039451062,0.2360564368212106,0.05279826577752829,0.18106110900694947,0.6,1.0,0.5,1.0
55059,mscoco,0.13893152568489314,0.5353488485574467,0.14568981640040873,0.5422194692867319,0.1,1.0,0.1,1.0
28214,mscoco,0.06685722770635039,0.4483308348854611,0.07179381154710426,0.4384360462775329,0.2,1.0,0.2,1.0
192812,mscoco,0.06888933880254626,0.1842781923624068,0.042229872778989375,0.16811259744681023,0.1,0.5,0.1,1.0
162717,mscoco,0.0086278734379448,0.033347568030611396,0.009796558844391257,0.040886224807823196,0.1,0.25,0.1,1.0
547136,mscoco,0.2477957297116518,0.41179038414848385,0.19906007573008538,0.31167773282726335,0.1,0.125,0.1,0.1
408182,mscoco,0.07009490849450231,0.1426955536445224,0.06082391724921763,0.1976960790493347,0.1,0.1666666666666666,0.1,0.2
360536,mscoco,0.17178139039315282,0.6077384769386004,0.12008701637387276,0.5778603276799913,0.1,1.0,0.1,1.0
485564,mscoco,0.1667446550913155,0.2734117695046854,0.40313227772712706,0.495162497968038,0.3,0.3333333333333333,0.3,0.1666666666666666
360695,mscoco,0.5092608541250229,0.4647787929689016,0.6922516405582428,0.7228925935681203,0.4,0.25,0.6,0.5
514483,mscoco,0.06624030659149867,0.2550612300135586,0.05233464213088155,0.15665767451107893,0.1,0.25,0.2,1.0
409918,mscoco,0.05682619651779532,0.25191998484220063,0.05881424695253372,0.18710672084422436,0.1,0.5,0.1,1.0
34333,mscoco,0.004175628955999855,0.017352762251366685,0.005509796449041459,0.03420814716501943,0.1,1.0,0.1,0.5
156915,mscoco,0.23717782869935036,0.33066905362326304,0.34057716019451617,0.6899266560969457,0.1,0.125,0.1,1.0
16520,mscoco,0.348429399728775,0.7517074836282496,0.29752852376550437,0.8042065965666217,0.1,1.0,0.1,0.5
308441,mscoco,0.11691597141325474,0.2781260833995934,0.20342715084552765,0.49990071979842543,0.4,1.0,0.7,1.0
246146,mscoco,0.20451891124248506,0.3907540632299348,0.26730596981942656,0.5321288167292049,0.1,0.125,0.4,1.0
525342,mscoco,0.021325960781541652,0.13984446166969675,0.0310008043423295,0.08512713404309862,0.0,0.0217391304347826,0.1,0.3333333333333333
293306,mscoco,0.3322521895170212,0.6341138808779706,0.26071676015853884,0.48671887873419234,0.0,0.0769230769230769,0.0,0.0050761421319796
163431,mscoco,0.19055592380464076,0.38433444770663655,0.22449592612683772,0.7199157530527169,0.3,0.5,0.2,0.1666666666666666
41265,mscoco,0.1883343353867531,0.4712081560881464,0.114254891872406,0.2866968549162569,0.1,1.0,0.0,0.0833333333333333
184610,mscoco,0.0215854880400002,0.09837908335459106,0.033634096337482336,0.10323416304955792,0.1,1.0,0.1,0.25
545673,mscoco,0.24049310088157655,0.4658846877703004,0.16599960322491825,0.6511861421427227,0.5,0.5,0.3,0.5
187757,mscoco,0.33349418044090273,0.2683975770488164,0.4485450692474842,0.8635077310073183,0.2,0.2,0.6,0.5
492065,mscoco,0.07405967200174927,0.19507521053845445,0.18228177558630704,0.2494509440985979,0.0,0.0277777777777777,0.2,0.25
352248,mscoco,0.058974039554595944,0.16515101216182146,0.047224268689751624,0.13698987836997392,0.3,1.0,0.3,1.0
360173,mscoco,0.17570301592350007,0.28707646592132824,0.33008809238672254,0.44199701240411493,0.2,0.2,0.5,0.5
443913,mscoco,0.10085501959547401,0.19368503986150593,0.15252924840897322,0.35356365673322654,0.0,0.0476190476190476,0.1,0.1428571428571428
475301,mscoco,0.13497344860807062,0.2965238118520696,0.2236801952123642,0.49777500770645156,0.1,0.5,0.3,1.0
196,drawbench,0.0036197493958752603,0.008416071203958929,0.0007874574517700239,0.003753626446720932,0.0,0.0,0.0,0.0
66192,mscoco,0.07401362229138612,0.1700251091465717,0.13401792384684086,0.2896117678176778,0.1,0.2,0.2,0.2
158950,mscoco,0.05833888584747911,0.22439918567689843,0.15005535185337066,0.31514800739182924,0.2,0.5,0.3,1.0
536278,mscoco,0.4396119453012943,0.6217779778356215,0.3129486856982112,0.3774086631892471,0.9,1.0,0.7,0.5
232417,mscoco,0.09092296306043864,0.3537728838911296,0.16351117566227913,0.42365739219091814,0.0,0.0454545454545454,0.0,0.0072992700729927
395013,mscoco,0.056288888305425645,0.10371557102443658,0.06416780073195696,0.14304786582341864,0.3,1.0,0.3,0.5
113839,mscoco,0.2804014325141907,0.33454615649415054,0.28954959139227865,0.4429398648740489,0.6,1.0,0.5,0.5
103512,mscoco,0.07812862023711205,0.17647581666135898,0.12810132652521133,0.26083527425946423,0.0,0.0038022813688212,0.0,0.0094339622641509
47597,mscoco,0.19941155873239041,0.6157479500558524,0.10490882406011223,0.21902057921463725,0.2,1.0,0.1,0.2
197427,mscoco,0.3673154450953007,0.7066947751463178,0.29863225147128103,0.5557743851680335,0.7,1.0,0.4,0.3333333333333333
416604,mscoco,0.027764334459789097,0.10993454301809975,0.024316508023184726,0.10289676121425063,0.1,1.0,0.1,1.0
513733,mscoco,0.33209902511443945,0.48546626799842296,0.3395138904452324,0.5983277897235534,0.8,1.0,0.8,1.0
182373,mscoco,0.17908504828810692,0.37791617915869813,0.3929709255695343,0.5363585347078462,0.1,0.5,0.8,1.0
561919,mscoco,0.33680000379681585,0.7623311362758294,0.3157695740461349,0.8647529022954332,0.2,0.1111111111111111,0.7,1.0
221165,mscoco,0.18196618668735026,0.25084488650249553,0.16439621997997164,0.2828640399541071,0.0,0.0833333333333333,0.0,0.0133333333333333
13,drawbench,0.21253682076931,0.3861299326647616,0.2817480728030205,0.41072473966059847,0.0,0.003690036900369,0.0,0.0178571428571428
490057,mscoco,0.13427889002487065,0.5109768536317274,0.23860701806843282,0.48420191434889304,0.1,1.0,0.4,1.0
561957,mscoco,0.4079518482089043,0.6921627734675716,0.4558557361364365,0.5816976178865352,0.3,0.5,1.0,1.0
451772,mscoco,0.734745517373085,0.881333367092718,0.8382175266742706,0.9515412118753521,0.8,1.0,0.9,1.0
247223,mscoco,0.39488479122519493,0.8552518301242045,0.35163148418068885,0.4376298728022075,0.2,1.0,0.2,0.5
532253,mscoco,0.0010458445047220265,0.010064620410680835,0.001063502290239171,0.010077468894275245,0.1,1.0,0.1,1.0
178,drawbench,0.00018988053743669299,0.0005348483750041935,1.6154069953699945e-05,7.088744266563645e-05,0.0,0.0,0.0,0.0
15621,mscoco,0.1970760002732277,0.37003164088346757,0.24358586519956588,0.4500651092176531,0.1,0.1,0.5,1.0
161634,mscoco,0.07183599770069123,0.17567145891148833,0.05621556155383587,0.15331715249755892,0.1,0.1,0.1,0.2
33555,mscoco,0.044434566237032416,0.14197634120663083,0.13497310653328895,0.3657935141596884,0.1,0.5,0.2,1.0
59,drawbench,0.03988013309426606,0.17356534714260202,0.05213696293067187,0.18553430509190866,0.0,0.0,0.0,0.0
17869,mscoco,0.17396757383830846,0.29617859967550897,0.16530677378177644,0.2974003899038704,0.0,0.0909090909090909,0.3,0.3333333333333333
378790,mscoco,0.008253308362327516,0.02957212072652305,0.008411637330573285,0.029288553681266632,0.1,0.2,0.2,1.0
248876,mscoco,0.1051696665585041,0.19967262724889953,0.08184581808745861,0.1885350771899749,0.0,0.0294117647058823,0.2,1.0
398130,mscoco,0.03560074616689235,0.13611869913418545,0.03663544934242964,0.1338424181789624,0.1,0.5,0.1,0.5
124236,mscoco,0.0638671537861228,0.09971627915312714,0.061983038461767136,0.1948972181911308,0.1,0.1666666666666666,0.1,0.25
441382,mscoco,0.057773651415482165,0.30887576790449883,0.04619932125788182,0.20460485708607057,0.2,0.3333333333333333,0.1,1.0
444670,mscoco,0.05263275122269988,0.1952325572790391,0.04741517901420593,0.17374871590464253,0.0,0.03125,0.1,1.0
482665,mscoco,0.09473357675597072,0.2757984464228199,0.04749543268699199,0.3776579689333148,0.1,0.5,0.1,1.0
170766,mscoco,0.028536446020007135,0.11354145465863622,0.05390093252062798,0.16281281281342758,0.1,1.0,0.1,0.5
156904,mscoco,0.054942109528928994,0.19430843860788538,0.022943050623871385,0.08921544283164867,0.2,0.5,0.1,0.3333333333333333
313156,mscoco,0.6076451249420642,0.8565896512406248,0.5528322428464889,0.8695602174037433,0.2,0.1428571428571428,0.2,1.0
129176,mscoco,0.5090102575719356,0.762510107289419,0.5993185430765152,0.8166710880546255,0.4,0.5,0.6,0.5
295558,mscoco,0.3356021612882614,0.4069537616847357,0.3165306508541107,0.61300792590945,0.0,0.0333333333333333,0.2,1.0
246358,mscoco,0.23325570579618216,0.4545102728709902,0.2678057122975588,0.4546244219398764,0.5,1.0,0.6,1.0
281052,mscoco,0.20993236526846887,0.3252812668325389,0.15589312762022017,0.39264582626838,0.1,0.5,0.3,1.0
324165,mscoco,0.005381216848036274,0.027733275299959628,0.006883132411167026,0.036428024649182184,0.1,1.0,0.1,1.0
536900,mscoco,0.09279744606465101,0.1553337680023476,0.11017036233097315,0.2831703996754601,0.5,0.5,0.7,1.0
579341,mscoco,0.1498195681720972,0.34536489850175534,0.22294141948223115,0.4096904611442309,0.5,1.0,0.6,0.5
149679,mscoco,0.0013583911553723738,0.0058435546436656,0.0026101916999323295,0.018136468925463202,0.0,0.0909090909090909,0.1,0.25
283840,mscoco,0.010367688129190356,0.04185704506943448,0.015918546938337386,0.09088341829366689,0.1,1.0,0.2,0.25
361351,mscoco,0.06475645967293531,0.33210032222344993,0.058956604450941086,0.21670246548781186,0.2,1.0,0.1,0.3333333333333333
415239,mscoco,0.280720092728734,0.5226790660805288,0.26357753574848175,0.39897605254629237,0.3,0.3333333333333333,0.6,0.3333333333333333
99073,mscoco,0.1379087742418051,0.22652997509950698,0.12560315821319817,0.33445483594189135,0.3,0.5,0.4,0.3333333333333333
369653,mscoco,0.4923713684082031,0.777488873209513,0.5545473366975784,0.8618234165309585,0.2,1.0,0.1,0.125
72583,mscoco,0.0023784785327734424,0.017499152626836576,0.0024902495642891154,0.018568319575237774,0.1,1.0,0.1,1.0
565326,mscoco,0.03513628751970828,0.10222443132749272,0.03466018848121166,0.09018871637982463,0.0,0.0714285714285714,0.1,0.5
264660,mscoco,0.022680058050900696,0.1032548903555964,0.017079509142786265,0.10718113506938207,0.1,1.0,0.1,1.0
236552,mscoco,0.18760824389755726,0.4937443997816127,0.19115169048309327,0.5764442369542379,0.2,1.0,0.3,1.0
522491,mscoco,0.09584984667599201,0.20504419536226762,0.19936039131134747,0.308136165595607,0.0,0.0769230769230769,0.0,0.0095238095238095
84757,mscoco,0.01492656015616376,0.05045616247560295,0.015585456375265493,0.044420495059187125,0.0,0.0096153846153846,0.1,0.1666666666666666
40957,mscoco,0.027841283060843124,0.17816412607019588,0.03409575708210468,0.12494388764351588,0.1,1.0,0.1,0.5
95679,mscoco,0.040349447075277566,0.1478373436351368,0.03964328356087208,0.13742051279189632,0.2,1.0,0.2,1.0
265279,mscoco,0.2868954427540302,0.479173090704867,0.2788281235843897,0.5597665955515309,0.4,1.0,0.3,0.5
245938,mscoco,0.07128861583769322,0.30600936426084546,0.054762621270492674,0.26213297094591836,0.2,1.0,0.1,1.0
522639,mscoco,0.04239736436866224,0.11506561038130875,0.07651889845728874,0.2615247003421811,0.0,0.03125,0.1,0.25
225345,mscoco,0.018094428814947605,0.09007023599703994,0.02286753770895302,0.14891596189854675,0.1,0.5,0.1,1.0
24104,mscoco,0.272722477465868,0.36094801501235063,0.42891691252589226,0.7251264014141816,0.4,0.1666666666666666,0.8,1.0
317331,mscoco,0.29434413462877274,0.6310106225139507,0.433235727250576,0.7447756690131947,0.5,1.0,0.3,0.3333333333333333
