caption_id,source,pred_clip_p10,pred_clip_rr,pred_blip2_p10,pred_blip2_rr,true_clip_p10,true_clip_rr,true_blip2_p10,true_blip2_rr
261342,mscoco,0.12933756709098815,0.3155152162501326,0.16967629715800286,0.32380591011314735,0.0,0.0192307692307692,0.0,0.04
203177,mscoco,0.006882193079218268,0.02946858391469682,0.016840809118002655,0.04643537545909437,0.1,1.0,0.1,1.0
239082,mscoco,0.28664605915546415,0.4772400730361517,0.3684279292821884,0.5794473956840431,0.2,0.1666666666666666,0.4,1.0
166557,mscoco,0.45265398025512693,0.7723666405722871,0.5299014031887055,0.6088144447118182,0.7,1.0,0.7,1.0
70,drawbench,0.02562153893522918,0.10134955214999891,0.013520284555852413,0.04253218822398435,0.0,0.0,0.0,0.0
27585,mscoco,0.14960354045033455,0.272065681684946,0.1723185196518898,0.34253487120719717,0.0,0.0833333333333333,0.4,0.25
44960,mscoco,0.43775471299886703,0.5604823556000151,0.5128652125597,0.6850577269779188,0.2,1.0,0.5,1.0
559685,mscoco,0.20070754177868366,0.48905931788065987,0.20992963798344136,0.5223370155726057,0.2,0.3333333333333333,0.1,0.5
577169,mscoco,0.036503706872463224,0.11461971093153855,0.051954934000968934,0.14442406487937215,0.2,0.25,0.4,1.0
276964,mscoco,0.03165853647515178,0.10742945569268957,0.038081603869795796,0.1268351848342908,0.1,1.0,0.1,0.5
480770,mscoco,0.031095070578157902,0.08360790963779488,0.03530457988381386,0.15906364437115117,0.3,0.5,0.3,1.0
56821,mscoco,0.07857381422072648,0.18601555275622186,0.09266591761261225,0.22976645534830925,0.1,0.2,0.1,0.25
298353,mscoco,0.017523109866306185,0.05462354630389324,0.015462758066132665,0.04152112609778569,0.0,0.0204081632653061,0.1,0.125
58492,mscoco,0.10005305670201778,0.23375005766541804,0.09575179032981396,0.26916036011232936,0.1,1.0,0.1,0.1428571428571428
530479,mscoco,0.1134120587259531,0.2560826298161734,0.1014686081558466,0.24652071771983716,0.0,0.05,0.0,0.0555555555555555
318426,mscoco,0.10506513267755509,0.21460101254260983,0.14484370574355127,0.257243245598212,0.3,0.3333333333333333,0.5,0.5
386890,mscoco,0.10394878257066012,0.3067171013321341,0.07671289853751659,0.1692415837430218,0.0,0.0909090909090909,0.1,1.0
23309,mscoco,0.03291622409597039,0.13662665325425222,0.03316488303244114,0.10372076612528548,0.1,1.0,0.2,1.0
101270,mscoco,0.09749686140567064,0.17786291423433423,0.15158041045069695,0.2938576496771763,0.0,0.0769230769230769,0.1,0.25
170809,mscoco,0.010318657429888845,0.03863523274692369,0.018596704071387648,0.05607349458095304,0.1,1.0,0.1,0.1
20150,mscoco,0.06768839918076992,0.20553848427838217,0.08318647965788842,0.19244095417127466,0.1,0.1428571428571428,0.1,0.2
142942,mscoco,0.2586882695555687,0.447349098998539,0.26720103099942205,0.5917602715562302,0.2,0.125,0.2,1.0
63306,mscoco,0.10964574031531811,0.26876441899381726,0.22200832441449164,0.38633730947953676,0.1,0.1,0.2,1.0
561151,mscoco,0.32670951038599017,0.4385575464777501,0.3405345693230629,0.42886180737011587,0.0,0.0172413793103448,0.1,0.1
377619,mscoco,0.12720933184027672,0.28349160211796703,0.13691584914922714,0.27319359876126487,0.1,1.0,0.1,1.0
390068,mscoco,0.21726209595799445,0.41501893528896305,0.2211415596306324,0.40870124976891814,0.5,1.0,0.4,1.0
246004,mscoco,0.03298398414626717,0.10545941955197417,0.03341191243380308,0.11746607922576316,0.1,1.0,0.1,0.1
324789,mscoco,0.0067644915427081285,0.02122522730978226,0.013517407234758139,0.053823633113271756,0.1,0.125,0.1,1.0
301541,mscoco,0.1830325972288847,0.29711699593470936,0.27214516177773473,0.4699327568874785,0.0,0.0526315789473684,0.2,0.25
233617,mscoco,0.16159554123878478,0.38055782367694946,0.15244012735784054,0.4845931423012218,0.1,0.3333333333333333,0.1,1.0
108452,mscoco,0.05507461689412594,0.17386539121126848,0.08199688158929348,0.19974295970668193,0.1,1.0,0.1,1.0
333049,mscoco,0.13457723893225193,0.36297654084639214,0.21979689002037048,0.3475313094264188,0.2,0.125,0.3,1.0
144796,mscoco,0.0663449227809906,0.1603677881429105,0.07478040419518947,0.1585380674387463,0.1,0.3333333333333333,0.0,0.0303030303030303
488514,mscoco,0.05537110343575478,0.15161723625701534,0.0929399274289608,0.21914360079484851,0.1,1.0,0.1,0.125
47294,mscoco,0.13198026791214942,0.3195422367859232,0.1796709693968296,0.3184754738780321,0.1,0.2,0.3,1.0
306173,mscoco,0.053163415752351284,0.1472593795543667,0.038411971740424634,0.11557817314330153,0.1,1.0,0.1,0.5
253470,mscoco,0.016573369316756726,0.06001229797593017,0.01937405182980001,0.05928863677276148,0.0,0.0909090909090909,0.1,0.5
190700,mscoco,0.02102070180699229,0.07632981129881611,0.029722760897129774,0.10116164279603387,0.1,1.0,0.1,0.5
84089,mscoco,0.16262486651539804,0.38428094171346305,0.12390683591365814,0.1960191300847674,0.0,0.0178571428571428,0.0,0.0031347962382445
175954,mscoco,0.17207735404372215,0.26054387274419455,0.3547756835818291,0.5488943287412544,0.2,1.0,0.5,0.2
158223,mscoco,0.12110859341919422,0.2726093751793075,0.17595522068440914,0.5035491807016086,0.5,1.0,0.7,1.0
448607,mscoco,0.40845745280385015,0.7029598245809009,0.5133067071437836,0.8632263996937841,0.4,0.5,0.3,0.5
248862,mscoco,0.0941887315362692,0.24329010278541158,0.10082319490611553,0.2501473321048288,0.1,0.5,0.1,1.0
227526,mscoco,0.08822284676134587,0.17085480925006027,0.06914491504430771,0.1690761007767691,0.0,0.0037593984962406,0.0,0.0022988505747126
549409,mscoco,0.019663491751998663,0.07049213293259302,0.01748659354634583,0.059848994568447916,0.1,0.3333333333333333,0.1,0.3333333333333333
123214,mscoco,0.1956418737769127,0.3703561774683784,0.15412993133068084,0.3681230272334188,0.3,0.25,0.1,0.3333333333333333
494957,mscoco,0.15630883425474168,0.2788664584927262,0.14534773714840413,0.292837467359204,0.1,1.0,0.1,1.0
284176,mscoco,0.10399882905185223,0.335639831615787,0.14288115501403809,0.2948154111972472,0.2,0.25,0.5,1.0
25430,mscoco,0.2667447976768017,0.48528547233252545,0.3143721468746662,0.3828254544836891,0.4,0.25,0.4,1.0
52746,mscoco,0.07376857027411461,0.1665465234627243,0.07027154080569745,0.1937632765802932,0.4,1.0,0.4,1.0
118598,mscoco,0.10730256699025631,0.24020176935564055,0.08588656261563302,0.21589813771916685,0.3,1.0,0.3,0.5
42622,mscoco,0.19360793232917786,0.32279318530171586,0.3624672099947929,0.5633790025219668,0.1,0.1111111111111111,0.6,1.0
128275,mscoco,0.10609370432794094,0.2192412166523303,0.1476220056414604,0.277421067344577,0.1,0.3333333333333333,0.4,1.0
402255,mscoco,0.028384007513523102,0.10569450632556725,0.03614420592784882,0.08630224045666889,0.0,0.0285714285714285,0.1,0.25
24935,mscoco,0.06237251749262214,0.18240811977066196,0.08338962262496352,0.18486236799047506,0.1,0.5,0.1,1.0
39502,mscoco,0.019328486593440174,0.06248247481261927,0.022860361612401903,0.1085946407729103,0.0,0.0123456790123456,0.1,0.5
370391,mscoco,0.10614950060844422,0.25475784304090937,0.1589895084500313,0.2929774708806186,0.0,0.0138888888888888,0.3,0.3333333333333333
170700,mscoco,0.03419072786346078,0.11836387376160344,0.07473123911768198,0.1855807349319637,0.0,0.0212765957446808,0.1,1.0
438910,mscoco,0.14443183355033398,0.24785518008912005,0.14036009274423122,0.2859503467766757,0.1,0.25,0.3,1.0
160,drawbench,0.01420245748013258,0.04925671679571875,0.023227307246997952,0.08980614404588844,0.0,0.0,0.0,0.0
291526,mscoco,0.018700366280972956,0.06378846479664821,0.023468055482953786,0.09880613842048587,0.1,1.0,0.1,0.5
379596,mscoco,0.1037943709641695,0.28540668876785785,0.09504359103739261,0.24758922213806112,0.1,1.0,0.0,0.0769230769230769
12,drawbench,0.184852684289217,0.35304546688461413,0.18405172750353813,0.37080300948585276,0.0,0.0,0.0,0.0
241148,mscoco,0.05683996826410294,0.14190680272388728,0.040693186782300474,0.10554864137386386,0.1,0.1428571428571428,0.2,1.0
319991,mscoco,0.12135747335851192,0.20418290214842202,0.07425957843661309,0.20302658723768716,0.1,0.5,0.1,1.0
310688,mscoco,0.019617513567209244,0.06038565809441775,0.018605668283998966,0.06377251270044292,0.1,1.0,0.1,1.0
243283,mscoco,0.20414276644587517,0.42611420516684617,0.24060890451073647,0.3511855419938802,0.9,0.5,1.0,1.0
149,drawbench,0.0320040175691247,0.1057102114076726,0.03017241321504116,0.11173989294754887,0.0,0.0,0.0,0.0
558426,mscoco,0.10050278268754483,0.2507173817484791,0.11394221112132072,0.33710663550111114,0.2,0.3333333333333333,0.5,1.0
394214,mscoco,0.09264554362744093,0.21350933315754664,0.1269875504076481,0.2652592493069078,0.0,0.05,0.1,1.0
297699,mscoco,0.0699984960258007,0.20369611112399194,0.10021253228187561,0.24077828562873205,0.1,0.125,0.1,0.125
146972,mscoco,0.02875216924585402,0.10606001940146437,0.0796533951535821,0.18835411189648554,0.2,0.5,0.0,0.0909090909090909
401783,mscoco,0.7089923858642578,0.7577400564751766,0.6559667274355888,0.8521630079278615,0.8,0.5,0.9,1.0
182245,mscoco,0.10602190438657999,0.28404656399274775,0.2132954102009535,0.40649339215977465,0.0,0.0256410256410256,0.2,1.0
126018,mscoco,0.14114878252148627,0.3106977425387569,0.14023099578917025,0.4114627437902042,0.7,1.0,0.4,1.0
290549,mscoco,0.0365912301465869,0.12598801167076662,0.04179542870260775,0.12833921331944415,0.1,0.3333333333333333,0.1,1.0
399946,mscoco,0.057434157468378544,0.1596705865283425,0.07937082862481475,0.2065581876118675,0.1,0.5,0.1,1.0
8,drawbench,0.2968129426240921,0.3885442610550604,0.2743962675333023,0.3057335232906187,0.0,0.0001043296817944,0.0,6.345580303318739e-05
211678,mscoco,0.09680824801325798,0.2178604637633312,0.08785685636103154,0.21101656235133343,0.3,0.5,0.4,0.5
421539,mscoco,0.010633079486433416,0.030732355601269714,0.010203871794510632,0.03904481227000988,0.1,1.0,0.2,0.3333333333333333
264358,mscoco,0.03664682414382696,0.1069417034519768,0.0401837220415473,0.13804629373395766,0.1,0.5,0.1,1.0
430848,mscoco,0.11278971880674363,0.26807213649985207,0.10428415406495332,0.22147884164419976,0.2,1.0,0.2,0.5
133251,mscoco,0.267771278321743,0.5428111813063363,0.2435247302055359,0.45827491017309885,0.5,0.5,0.2,0.1666666666666666
568560,mscoco,0.11578091531991959,0.2637647007639766,0.12454913705587387,0.33248665672862315,0.2,0.3333333333333333,0.0,0.0526315789473684
405612,mscoco,0.08850015550851822,0.19948353402610802,0.11294835731387139,0.25129783635596936,0.1,1.0,0.1,0.5
20794,mscoco,0.0852912925183773,0.20457317104900835,0.18855057582259177,0.3196803156839487,0.1,0.1428571428571428,0.1,0.5
6,drawbench,0.5474737703800201,0.6817721653832459,0.3363856866955757,0.5384288683417476,0.0,0.0011750881316098,0.0,0.0129870129870129
225306,mscoco,0.17292743138968944,0.3993346248384934,0.2089185521006584,0.4730678893224961,0.0,0.0833333333333333,0.1,1.0
103603,mscoco,0.1908020954579115,0.27903200608357803,0.2858303770422935,0.4526121637936674,0.6,0.3333333333333333,0.4,1.0
395,mscoco,0.025080395210534335,0.10700647409397043,0.030681336158886553,0.09643114940611035,0.2,1.0,0.1,0.25
80067,mscoco,0.026559812389314173,0.07850691508210272,0.023825003765523434,0.0943175106524434,0.1,0.1428571428571428,0.1,1.0
490619,mscoco,0.08064995016902685,0.19901018862838576,0.07788655124604701,0.20002052074450202,0.0,0.0066666666666666,0.0,0.0109890109890109
167126,mscoco,0.15616392195224763,0.37404897659168784,0.19649088829755784,0.44955993309167613,0.4,1.0,0.1,1.0
442961,mscoco,0.18895330876111985,0.36446881957886146,0.1987929031252861,0.34709334783641016,0.1,0.5,0.5,0.5
260111,mscoco,0.09884162917733193,0.31440540692816404,0.07323760390281678,0.19424757167029455,0.0,0.0555555555555555,0.0,0.0161290322580645
68005,mscoco,0.07046372815966606,0.20807454189221009,0.07913206480443477,0.21447030724182134,0.1,1.0,0.1,1.0
73541,mscoco,0.18752459213137626,0.2975365915002677,0.25705346614122393,0.534251650884733,0.2,0.5,0.0,0.0833333333333333
316190,mscoco,0.10112633369863033,0.2206462169632917,0.10262256339192391,0.2834145268431808,0.1,1.0,0.1,0.1428571428571428
519552,mscoco,0.034998561907559636,0.11160467974353344,0.020798625983297826,0.07107276097014144,0.1,0.3333333333333333,0.1,0.5
365419,mscoco,0.2592891253530979,0.42359847210737406,0.28995865061879156,0.5747578063255597,0.1,0.2,0.2,0.5
55050,mscoco,0.05656148381531238,0.17096072107612506,0.07282009897753597,0.19935686244437975,0.1,1.0,0.1,1.0
150,drawbench,0.03873569387942553,0.11376835616102444,0.0854387148283422,0.17806694046878313,0.0,0.0,0.0,0.0
122,drawbench,0.057463358901441094,0.13995459079216832,0.047872313857078554,0.21014895192492913,0.0,0.000125786163522,0.0,4.940955580809328e-05
403464,mscoco,0.2909759424626827,0.5916247301423451,0.22177416309714318,0.4419611902712837,0.2,1.0,0.1,0.25
256809,mscoco,0.21312929689884186,0.39875147060997695,0.3367555499076843,0.5424702611647705,0.0,0.0434782608695652,0.6,0.5
481098,mscoco,0.07547479383647442,0.1759223929476179,0.10993564669042825,0.2015237969543995,0.0,0.0060240963855421,0.0,0.0909090909090909
163289,mscoco,0.14306723177433014,0.26323505451276397,0.12557780370116234,0.34931802201228374,0.0,0.0025839793281653,0.0,0.0476190476190476
383175,mscoco,0.26906091868877413,0.41068749396114473,0.3157607153058052,0.5564319864954078,0.3,0.3333333333333333,0.2,0.3333333333333333
71346,mscoco,0.1451464667916298,0.28376364696973994,0.20660015493631362,0.35465352717343673,0.0,0.0161290322580645,0.1,0.5
15569,mscoco,0.10479010865092278,0.23616172144478098,0.19286324977874755,0.3842373339921381,0.1,0.125,0.3,0.25
314949,mscoco,0.065574611723423,0.15538512155215586,0.06918334681540728,0.22315218668629028,0.1,1.0,0.1,1.0
424018,mscoco,0.1011264007538557,0.28915643583261413,0.11827622056007385,0.2844185230303691,0.3,0.3333333333333333,0.2,1.0
465153,mscoco,0.02130250120535493,0.07392466397992407,0.026398289296776057,0.08380607504657998,0.2,1.0,0.2,1.0
10540,mscoco,0.07729625888168812,0.2322727930999609,0.09384013302624225,0.246432664683464,0.0,0.0294117647058823,0.0,0.0024509803921568
524401,mscoco,0.048167093005031344,0.12325580708482137,0.10461306869983673,0.2500781730355958,0.1,0.1111111111111111,0.4,0.5
277498,mscoco,0.09091669283807277,0.18106340432527374,0.13897936120629312,0.34241435688748617,0.0,0.0196078431372549,0.1,0.1
393583,mscoco,0.016005646111443637,0.054619548328633874,0.020964800706133248,0.08354060317481914,0.2,0.25,0.2,1.0
151339,mscoco,0.21914534866809846,0.3615441276521223,0.2103222407400608,0.39663383770767485,0.3,1.0,0.2,0.3333333333333333
300509,mscoco,0.04951671781018376,0.15212935389649482,0.10172492526471615,0.21293512890553196,0.1,0.5,0.0,0.0833333333333333
389145,mscoco,0.0421907177194953,0.11911300273507827,0.03337412243708968,0.10857553803145009,0.1,1.0,0.1,1.0
537667,mscoco,0.06074769739061594,0.12537781362563732,0.025885222014039755,0.09916436038311055,0.1,0.5,0.1,1.0
352143,mscoco,0.053677990660071374,0.1318525091496617,0.04181190291419625,0.120246845845194,0.1,1.0,0.2,0.5
148,drawbench,0.04402374438941479,0.13839572083264887,0.019775013951584697,0.07805275733972745,0.0,0.0,0.0,0.0
355826,mscoco,0.08565229438245296,0.26890602238579203,0.08066813219338656,0.2815863977886634,0.2,1.0,0.1,1.0
251937,mscoco,0.2265329696238041,0.3355703788992847,0.31146843880414965,0.46398079485053756,0.3,1.0,0.3,1.0
135397,mscoco,0.03351869354955852,0.12175377472252694,0.045205466262996194,0.15619163686254314,0.1,1.0,0.1,1.0
394658,mscoco,0.09951945282518863,0.2782434798689287,0.08510493375360965,0.2355051282609098,0.1,0.3333333333333333,0.1,1.0
485709,mscoco,0.17359301522374154,0.5035512471474346,0.08753331555053592,0.15704852725741708,0.2,1.0,0.1,0.1428571428571428
504167,mscoco,0.18810581117868425,0.3453009250593724,0.21718809902668,0.5131125545840003,0.1,1.0,0.0,0.0263157894736842
230644,mscoco,0.06836578007787467,0.152748120840028,0.05901912972331047,0.16105339337624738,0.1,0.1,0.2,0.3333333333333333
83510,mscoco,0.07186089046299457,0.1937556051770432,0.0829887766391039,0.20646257309191102,0.1,0.1428571428571428,0.0,0.02
401650,mscoco,0.0209503720048815,0.07032073440084759,0.026783095393329858,0.06813879297064697,0.1,0.125,0.1,0.2
136411,mscoco,0.19408294185996056,0.3301703388750339,0.1946989566087723,0.4061318974653021,0.0,0.037037037037037,0.1,0.1666666666666666
176120,mscoco,0.10954307690262795,0.28495633504389595,0.08566350750625133,0.22107461128199288,0.2,0.1111111111111111,0.3,0.25
348134,mscoco,0.04212092887610197,0.11925884298790183,0.062426114827394484,0.20100143772689527,0.3,0.5,0.1,1.0
193398,mscoco,0.057721036672592166,0.1779693679050051,0.051294639520347116,0.13844234502788277,0.0,0.0833333333333333,0.1,1.0
540774,mscoco,0.2501781091094017,0.5425622387522356,0.3918594613671303,0.5663034713696633,0.6,1.0,0.9,1.0
113211,mscoco,0.09506153631955386,0.2230567392835096,0.07678312212228774,0.24935445135053425,0.1,0.1111111111111111,0.2,1.0
406749,mscoco,0.05231046639382839,0.15481361379763822,0.04857234265655279,0.16216172629187864,0.2,1.0,0.2,1.0
280551,mscoco,0.029032979719340803,0.08473079517918199,0.038168166484683755,0.1288852551471126,0.1,0.3333333333333333,0.1,1.0
441358,mscoco,0.0888986773788929,0.2455483212639512,0.1341499537229538,0.3273951372298252,0.2,0.2,0.1,0.5
561314,mscoco,0.14674567803740501,0.35542688556702506,0.3067783534526825,0.43611362384366753,0.0,0.0454545454545454,0.6,1.0
130749,mscoco,0.06617140397429466,0.20428555267167478,0.07442919127643108,0.21689124437925947,0.0,0.0769230769230769,0.1,0.3333333333333333
25907,mscoco,0.03177238274365664,0.10907737924796687,0.025659748166799546,0.09427036813002498,0.1,1.0,0.1,1.0
364157,mscoco,0.03258371073752642,0.09322456231886,0.027493444830179216,0.0880456870609325,0.3,1.0,0.3,0.3333333333333333
327529,mscoco,0.03951433496549726,0.141696176723255,0.09842217415571212,0.2943961181588734,0.1,1.0,0.1,0.3333333333333333
214087,mscoco,0.09654993005096912,0.2552291775869208,0.05841489303857088,0.22377389846754328,0.1,0.25,0.1,1.0
253763,mscoco,0.11818926483392715,0.21305782960159642,0.20446144714951514,0.2516087576180016,0.1,1.0,0.1,1.0
298065,mscoco,0.0294382874853909,0.08988440777929765,0.02923701163381338,0.0914496370902053,0.1,1.0,0.1,1.0
305803,mscoco,0.20841225162148475,0.4120598975128427,0.20578268840909003,0.3735506769436817,0.0,0.0151515151515151,0.0,0.0454545454545454
173,drawbench,0.037309051118791105,0.11935087283944237,0.14597123116254807,0.28503066917902886,0.0,0.0,0.0,0.0
458339,mscoco,0.12830742485821248,0.29590020549382107,0.11970605626702309,0.26291438566196557,0.0,0.0833333333333333,0.1,0.5
428326,mscoco,0.07094701565802097,0.14803878727211922,0.10285575222223997,0.22744078890979458,0.0,0.0181818181818181,0.0,0.0103092783505154
530201,mscoco,0.16286971941590309,0.3729835152508507,0.1500965528190136,0.3547643904611095,0.1,1.0,0.1,1.0
59039,mscoco,0.28038843274116515,0.6106942540116004,0.35059368908405303,0.47328184356157854,0.3,1.0,0.7,0.5
333738,mscoco,0.3397333279252052,0.4993521230394387,0.2991273902356625,0.48566294015338224,0.6,0.5,1.0,1.0
132081,mscoco,0.0460737869143486,0.12374872665112079,0.05496592409908772,0.12527369140538178,0.1,0.25,0.1,0.5
26573,mscoco,0.2865731157362461,0.6442694467851815,0.24292661473155022,0.5244674031186821,0.3,1.0,0.4,0.3333333333333333
115893,mscoco,0.2888144239783287,0.6528334489033274,0.21432181186974048,0.5284602077269237,0.2,1.0,0.4,1.0
49542,mscoco,0.28615978062152864,0.4979443763116131,0.46139630377292634,0.7184528794146868,0.5,0.25,0.5,0.5
212864,mscoco,0.03313335794955492,0.1494307676346712,0.038738780468702314,0.09741221235635504,0.0,0.0454545454545454,0.0,0.0075187969924812
32967,mscoco,0.08600526005029678,0.32243770718524195,0.07677178345620632,0.18678415033274526,0.0,0.0015037593984962,0.2,0.2
98642,mscoco,0.00684703541919589,0.025156933123532333,0.013369475584477186,0.051501018903233504,0.1,0.3333333333333333,0.1,1.0
183719,mscoco,0.16747521981596947,0.3884561305531908,0.19150741174817085,0.341387576742699,0.0,0.0060240963855421,0.0,0.006060606060606
401307,mscoco,0.21841726303100586,0.41541451660285067,0.21601085178554058,0.46706759204125575,0.2,1.0,0.3,1.0
467612,mscoco,0.3386727899312973,0.5037334726746556,0.3625848382711411,0.531199883369075,0.6,0.5,0.4,0.3333333333333333
36034,mscoco,0.05136923398822546,0.12267423912743888,0.05258173700422049,0.13675821755716838,0.2,1.0,0.1,0.2
216378,mscoco,0.1340580526739359,0.20654852573234428,0.15320720970630647,0.21831673701633655,0.1,0.5,0.1,1.0
360441,mscoco,0.0889052264392376,0.2361711841028634,0.09129796084016562,0.18503286080317427,0.1,0.1666666666666666,0.1,0.1428571428571428
75057,mscoco,0.16518101282417774,0.48742356479622373,0.3401746809482574,0.4438297895338415,0.3,1.0,0.6,1.0
53870,mscoco,0.07809497769922018,0.2114912408896533,0.09304572232067584,0.26658560534923526,0.1,0.1428571428571428,0.0,0.0161290322580645
253323,mscoco,0.13452772814780473,0.46710715799779534,0.11444230265915394,0.22596086627745526,0.2,0.1666666666666666,0.3,0.5
433270,mscoco,0.1148033544421196,0.26735965361378367,0.13702454343438147,0.2992221020631703,0.2,0.125,0.3,1.0
176758,mscoco,0.10508307982236147,0.220438309304367,0.1943730056285858,0.4293874954136232,0.1,0.2,0.2,1.0
420396,mscoco,0.028158256271854042,0.08007889618669398,0.03819339368492365,0.1669530390964154,0.1,0.1428571428571428,0.1,1.0
365792,mscoco,0.2117542468011379,0.43272017489556736,0.2183971706777811,0.49857508987623583,0.3,0.5,0.3,1.0
564382,mscoco,0.027137186471372844,0.10380861898433029,0.020272090565413237,0.07392314992251807,0.1,0.5,0.1,1.0
180667,mscoco,0.04624881148338318,0.11345252286057877,0.05351164843887091,0.15891735840978463,0.1,1.0,0.0,0.0020242914979757
154399,mscoco,0.08309410968795419,0.1699323028295567,0.16446152254939078,0.3078044356420301,0.1,0.2,0.0,0.0833333333333333
576537,mscoco,0.13777666501700878,0.26924004034999555,0.17423842921853067,0.47692157213505354,0.2,1.0,0.4,1.0
18194,mscoco,0.0304713673889637,0.12701156091430862,0.09072628635913134,0.25568952292478736,0.1,0.1666666666666666,0.2,0.5
278243,mscoco,0.06800937615334987,0.17007182815701152,0.061604487523436544,0.15516772878101862,0.1,0.5,0.1,0.5
253728,mscoco,0.08596339765936137,0.1883307095595461,0.1281927403062582,0.2543902794305347,0.1,1.0,0.1,1.0
306229,mscoco,0.2176067754626274,0.36307304365582665,0.3117088735103607,0.514273472692262,0.6,1.0,0.8,1.0
413277,mscoco,0.34445177018642426,0.5595694254082337,0.3497966915369034,0.5697128116382304,0.1,0.1428571428571428,0.5,1.0
86951,mscoco,0.1046370193362236,0.24127410080936917,0.13032739982008934,0.22415081966559958,0.5,1.0,0.8,1.0
489942,mscoco,0.04719510041177273,0.17403545360212258,0.04753176551312208,0.17062463789214716,0.1,1.0,0.1,1.0
199141,mscoco,0.2301606208086014,0.43995811581922095,0.17550597414374353,0.42587464826793636,0.4,0.5,0.5,0.5
170336,mscoco,0.13044686242938042,0.28473358354403006,0.15896587632596493,0.2592718081534672,0.1,0.3333333333333333,0.2,0.2
89549,mscoco,0.14233612455427647,0.29384536632880087,0.11758350804448128,0.31565497517784236,0.0,0.0909090909090909,0.1,1.0
372246,mscoco,0.046077416464686397,0.15028700420568392,0.05108861029148102,0.17682695572849907,0.1,1.0,0.1,1.0
535563,mscoco,0.040002116560935976,0.11143874694845143,0.07811098918318748,0.15165225199574023,0.1,1.0,0.1,1.0
228222,mscoco,0.15724642872810363,0.30142552513970833,0.15873781368136405,0.32906532705743863,0.4,0.5,0.6,1.0
195353,mscoco,0.1899989042431116,0.2499968947646076,0.20841754972934723,0.6205167660120698,0.4,0.3333333333333333,0.5,1.0
58624,mscoco,0.0790747550316155,0.2304902619539862,0.11205237093381584,0.35206337030875484,0.1,0.5,0.1,1.0
268900,mscoco,0.10799950398504735,0.24053445835847762,0.136360239982605,0.27403965098719163,0.1,0.125,0.1,0.25
161019,mscoco,0.2815136522054672,0.518419641848087,0.28282497972249987,0.5055127009631626,0.2,0.3333333333333333,0.4,1.0
379035,mscoco,0.09073666771873831,0.2523001230186657,0.12190538421273231,0.2473970480551526,0.0,0.0123456790123456,0.2,0.25
172276,mscoco,0.2639942944049835,0.6445646509966614,0.25351960211992264,0.4937677710845162,0.1,0.1428571428571428,0.1,0.1111111111111111
271120,mscoco,0.11543179638683795,0.24945217349959276,0.11753670200705528,0.3126892185599095,0.0,0.0555555555555555,0.1,0.1111111111111111
180445,mscoco,0.028134528547525406,0.08994105524593364,0.026520742755383252,0.09053906821194929,0.2,1.0,0.2,1.0
284362,mscoco,0.0855885997414589,0.21701660561088873,0.13734184950590134,0.31674179058687596,0.0,0.0384615384615384,0.1,1.0
466656,mscoco,0.12287947311997413,0.3178158848971588,0.11783974841237069,0.2588904417287016,0.5,1.0,0.5,1.0
271360,mscoco,0.03773217415437102,0.13136233219624951,0.040628354996442795,0.12992485487556774,0.1,1.0,0.0,0.0001578033769922
429290,mscoco,0.12308392208069563,0.2655816781646112,0.3171456210315228,0.41386925883385917,0.0,0.0238095238095238,0.0,0.0769230769230769
464649,mscoco,0.6240410923957824,0.8343891366402588,0.29423545449972155,0.4146945037261545,0.0,0.0666666666666666,0.0,0.02
118260,mscoco,0.08008600613102317,0.16420850419141397,0.07413142137229442,0.22600577054624776,0.0,0.0263157894736842,0.0,0.0120481927710843
337062,mscoco,0.07738462742418051,0.1942336012390431,0.15873516164720058,0.25654811894462604,0.0,0.0625,0.4,0.5
249049,mscoco,0.15659914575517178,0.3214725646943038,0.11766351312398911,0.27845292855865916,0.2,0.3333333333333333,0.1,1.0
497542,mscoco,0.02749833883717656,0.10455137128105893,0.03866911707445979,0.12056014992231186,0.0,0.0123456790123456,0.1,0.5
400940,mscoco,0.1857994318008423,0.3515533405817275,0.1943432703614235,0.35058166017941694,0.1,0.3333333333333333,0.1,0.5
254753,mscoco,0.06658285930752754,0.16240680097502172,0.09497948512434959,0.22724756871550802,0.1,0.2,0.1,1.0
550157,mscoco,0.1591002106666565,0.34155408593635855,0.1686347581446171,0.3910938640415049,0.4,1.0,0.5,1.0
113905,mscoco,0.1576375000178814,0.29554441298059236,0.1540518209338188,0.39630530659393337,0.1,0.2,0.3,1.0
471881,mscoco,0.059517656452953815,0.1314802599487916,0.032434943784028294,0.12129487717338917,0.1,1.0,0.1,1.0
524187,mscoco,0.2712549321353436,0.5108646700508183,0.3593675509095192,0.6074729542244135,0.1,0.1111111111111111,0.4,1.0
354409,mscoco,0.06509808637201786,0.18274765963637488,0.04813055023550987,0.13522255948546782,0.1,1.0,0.1,1.0
36713,mscoco,0.07131547816097736,0.2401978227550383,0.09159350879490376,0.23809736280827543,0.1,1.0,0.1,0.5
421005,mscoco,0.11722189337015151,0.24547549606388305,0.14968565329909325,0.30831853128362435,0.2,0.25,0.2,1.0
504639,mscoco,0.1623324893414974,0.3539138933798487,0.1478478841483593,0.3631498612411917,0.7,1.0,0.8,1.0
356660,mscoco,0.17748345136642457,0.3409927462336572,0.2417782202363014,0.4857565532889602,0.1,0.1111111111111111,0.2,0.2
1792,mscoco,0.533695638179779,0.793661474684619,0.5956604838371277,0.639383647182355,0.7,1.0,1.0,1.0
30409,mscoco,0.10958733670413494,0.24815756488232332,0.2043266087770462,0.42156551043835744,0.0,0.0142857142857142,0.1,1.0
254060,mscoco,0.16866292618215084,0.39325177187207205,0.2505191072821617,0.5197238108625515,0.1,0.1111111111111111,0.3,1.0
169340,mscoco,0.095714408531785,0.28633080787986576,0.1562126398086548,0.2738412501867182,0.1,0.3333333333333333,0.1,1.0
42513,mscoco,0.0711579792201519,0.18964693944672048,0.0931623637676239,0.2387876493212674,0.1,1.0,0.2,0.1428571428571428
402887,mscoco,0.42628628835082055,0.4502663494339558,0.312261863052845,0.5595216292005251,0.1,0.3333333333333333,0.1,0.5
96435,mscoco,0.016042905487120153,0.05654762059311675,0.014174772007390857,0.05773462609845804,0.1,1.0,0.1,1.0
441541,mscoco,0.03611962236464024,0.1234964268828635,0.05637565106153488,0.14151441227253853,0.0,0.0833333333333333,0.0,0.0333333333333333
51663,mscoco,0.08279911279678345,0.22259810528009757,0.16565580144524575,0.3833718236465912,0.1,0.1111111111111111,0.1,0.2
474271,mscoco,0.07247302308678627,0.24569639586173914,0.0931986253708601,0.2362346390865382,0.1,1.0,0.1,1.0
72702,mscoco,0.15187392830848695,0.2687551171925389,0.2026320904493332,0.3476010653114178,0.1,1.0,0.1,1.0
182793,mscoco,0.32886624597013,0.655237601753126,0.42671593129634855,0.6991053965296408,0.0,0.0113636363636363,0.0,0.0434782608695652
21795,mscoco,0.1595980145037174,0.26743368129083445,0.09370498545467854,0.2356471820469087,0.1,1.0,0.1,1.0
566672,mscoco,0.15877199321985244,0.3571789642352368,0.1802613127976656,0.3954512792168422,0.2,0.25,0.5,1.0
2664,mscoco,0.052729766629636285,0.14189415479184603,0.08589255288243294,0.21330835615708624,0.0,0.0625,0.0,0.0476190476190476
333241,mscoco,0.024607228673994543,0.10488947829215345,0.02623155452311039,0.0976486432481166,0.1,1.0,0.1,0.3333333333333333
353402,mscoco,0.08126578778028488,0.19803270262653339,0.11211318522691727,0.28308633856427795,0.0,0.0285714285714285,0.1,0.5
18252,mscoco,0.24409003630280496,0.45707547356207967,0.2329392723739147,0.35829468594840014,0.6,1.0,1.0,1.0
387352,mscoco,0.07439948879182338,0.17486416057811113,0.1609680898487568,0.3212995242580259,0.1,0.5,0.3,0.5
198085,mscoco,0.5544109553098678,0.6946965082837471,0.3812387570738792,0.5952365918064407,0.1,0.1428571428571428,0.1,0.5
246625,mscoco,0.46868697702884676,0.6064468418511678,0.4150190487504005,0.5187097397223318,0.5,0.3333333333333333,0.7,1.0
420045,mscoco,0.1934559166431427,0.44756662164699434,0.23899073675274848,0.484549302962848,0.0,0.0303030303030303,0.0,0.0714285714285714
398225,mscoco,0.07420330829918384,0.1916721483188129,0.11100319884717465,0.28590797759625497,0.1,0.3333333333333333,0.0,0.0909090909090909
132964,mscoco,0.2261872857809067,0.44559782073292503,0.31311446577310564,0.5839039122813161,0.6,1.0,0.9,1.0
344632,mscoco,0.0073224755469709635,0.023437443208685634,0.009317638003267348,0.027619905708517564,0.0,0.0285714285714285,0.0,0.0434782608695652
508045,mscoco,0.11143366880714893,0.3252034037496717,0.12023508474230767,0.3516506161996742,0.3,1.0,0.2,1.0
236936,mscoco,0.025514558842405676,0.07985374840508365,0.03468977399170399,0.1006900447754743,0.0,0.0526315789473684,0.1,1.0
110330,mscoco,0.05003018137067557,0.11696922070648258,0.05069752326235175,0.17302698546749135,0.1,0.5,0.1,0.2
19292,mscoco,0.2527037266641855,0.2895163195027592,0.41504416465759275,0.6775963218295505,0.4,0.2,0.4,1.0
19,drawbench,0.034134303033351895,0.10737169823361664,0.02281959936954081,0.07134752233166104,0.0,0.0,0.0,0.0
345294,mscoco,0.1609914168715477,0.3196736413640246,0.15480407886207104,0.28519503608975977,0.1,0.125,0.2,1.0
250424,mscoco,0.028630597703158855,0.10187509650417,0.022825183672830464,0.07764841435232103,0.0,0.0136986301369863,0.1,1.0
50583,mscoco,0.027312239818274974,0.09518895766774331,0.02249257345683873,0.08615929580093847,0.2,0.5,0.2,0.5
230879,mscoco,0.1780582882463932,0.2628199021695923,0.190554953366518,0.4155835083960781,0.0,0.04,0.0,0.0833333333333333
168609,mscoco,0.04873838908970356,0.12704055258775626,0.06733179036527873,0.23347151100589844,0.0,0.0121951219512195,0.1,1.0
175923,mscoco,0.06282683834433556,0.16209672317455376,0.08825206644833088,0.1973478519400296,0.3,0.3333333333333333,0.3,0.2
530248,mscoco,0.09296118058264255,0.2574570471047731,0.09741277992725372,0.2279632951256893,0.2,1.0,0.0,0.0294117647058823
421009,mscoco,0.11033746637403966,0.25542701686847213,0.18404870927333833,0.3319090619253937,0.0,0.0666666666666666,0.1,0.5
450974,mscoco,0.06388408988714218,0.19126689618989773,0.10610499773174524,0.24053137044330156,0.1,0.125,0.2,1.0
34922,mscoco,0.0701565470546484,0.2198373666260983,0.04635354587808251,0.09602574518950185,0.0,0.0625,0.2,0.5
134454,mscoco,0.1828382547944784,0.478122597963617,0.2688057623803616,0.4949095561745859,0.3,1.0,0.3,0.5
91960,mscoco,0.07655862756073475,0.21187471357664764,0.06164642926305532,0.22681549368801476,0.0,0.03125,0.0,0.0238095238095238
570203,mscoco,0.2298226360231638,0.30734242249467847,0.17813434973359107,0.4465827411568824,0.1,0.125,0.5,1.0
46506,mscoco,0.01934497132897377,0.06836811244003532,0.022303894348442554,0.06561609614771885,0.0,0.0285714285714285,0.1,0.1428571428571428
460202,mscoco,0.07720363475382327,0.1852822070495063,0.07242687456309796,0.18619988336854587,0.3,1.0,0.3,0.5
358566,mscoco,0.07977207247167825,0.21141330951345347,0.10657694190740585,0.2554623266251018,0.2,0.5,0.6,0.3333333333333333
205206,mscoco,0.03769160211086273,0.1469767807329428,0.05594931822270155,0.1403387229890141,0.1,0.5,0.0,0.01
342273,mscoco,0.04678766224533319,0.1871490366656834,0.052782871574163434,0.19127672126177006,0.1,0.3333333333333333,0.1,0.1428571428571428
550466,mscoco,0.11629565656185151,0.2928350172939694,0.23713027238845824,0.4076493338224454,0.3,1.0,0.5,1.0
303281,mscoco,0.5622287839651108,0.7446926672270799,0.5466480612754822,0.686537193381211,0.8,1.0,0.9,1.0
464787,mscoco,0.014102654159069061,0.04795523066288424,0.013384539214894176,0.05137164383898217,0.0,0.0625,0.1,0.5
382210,mscoco,0.17901244461536409,0.343606483646899,0.3110517330467701,0.6092967415550226,0.0,0.0078740157480314,0.0,0.0217391304347826
78413,mscoco,0.04106870852410793,0.15359920374789598,0.057794945780187845,0.17859345138067642,0.1,1.0,0.1,0.5
241530,mscoco,0.052286848239600656,0.11156686389786753,0.07770226076245308,0.19463117056385748,0.0,0.0185185185185185,0.0,0.0666666666666666
165419,mscoco,0.3957404106855392,0.6361351080469504,0.3985238254070282,0.6073159612371134,0.4,1.0,0.8,1.0
152776,mscoco,0.04839788470417261,0.14975580776339809,0.05278300978243351,0.16105681481189657,0.1,1.0,0.1,1.0
103320,mscoco,0.20712488517165184,0.444919337789684,0.26784990206360815,0.43819331654935406,0.1,0.25,0.0,0.0714285714285714
391011,mscoco,0.2599526561796665,0.39046620970465545,0.36779422014951707,0.7413951715228226,0.6,1.0,1.0,1.0
36281,mscoco,0.03132400568574667,0.09425082890628621,0.048720784951001406,0.1295343357097743,0.1,1.0,0.1,1.0
485016,mscoco,0.033637653943151234,0.1077910733267378,0.13442164100706577,0.44267003990460324,0.0,0.0112359550561797,0.0,0.0833333333333333
524392,mscoco,0.46720603108406067,0.6896246010421928,0.5411851286888123,0.7722595336907916,1.0,1.0,0.9,1.0
299123,mscoco,0.17877425700426103,0.3758343650590367,0.15771909169852733,0.3440798590046669,0.4,1.0,0.6,0.5
211905,mscoco,0.027595132775604724,0.07219685830340093,0.017445184150710703,0.057626019290678454,0.1,1.0,0.1,1.0
231381,mscoco,0.24671835005283355,0.582785613996604,0.28679589182138443,0.5045382253650728,0.3,0.5,0.5,1.0
433896,mscoco,0.018899479135870933,0.07495513501020987,0.01685304641723633,0.0689605110757119,0.1,1.0,0.1,1.0
284259,mscoco,0.07231041602790356,0.18243633807820622,0.08039769288152457,0.207453227486851,0.2,1.0,0.1,1.0
540283,mscoco,0.15848351940512656,0.4128365521248911,0.19242519773542882,0.3754221193534481,0.2,1.0,0.0,0.0769230769230769
425010,mscoco,0.1654402818530798,0.3048562748491298,0.10337215922772884,0.2595269527205857,0.2,1.0,0.4,1.0
170525,mscoco,0.45372162461280824,0.570992743795391,0.4308220311999321,0.6018173446638507,0.0,0.0434782608695652,0.2,0.125
432216,mscoco,0.04634465090930462,0.12946800425921293,0.06229457575827837,0.16612512941744864,0.1,0.2,0.1,0.3333333333333333
142402,mscoco,0.022419871157035233,0.08489342480577004,0.033333548530936244,0.14342583289907113,0.1,1.0,0.1,0.125
90820,mscoco,0.0753778025507927,0.22679480353308054,0.07008250523358583,0.28516206963848406,0.0,0.04,0.0,0.0833333333333333
208961,mscoco,0.0474345363676548,0.17531556925813221,0.04995038583874702,0.18509984526465084,0.1,1.0,0.1,1.0
140623,mscoco,0.12702676728367807,0.2835473446965566,0.1519545681774616,0.30023044748128425,0.3,1.0,0.3,0.3333333333333333
312015,mscoco,0.16294880136847495,0.36132832770065787,0.17463228292763233,0.36259966715103303,0.3,0.5,0.2,0.3333333333333333
388399,mscoco,0.2235568255186081,0.49236144173418106,0.19268668666481972,0.40451530206238034,0.2,0.3333333333333333,0.1,0.25
126659,mscoco,0.09937521666288376,0.2569524506501234,0.15025762021541594,0.35657381799688287,0.2,0.2,0.4,0.25
234990,mscoco,0.08816612884402275,0.20584931557716973,0.12301360070705414,0.25100062005687046,0.0,0.04,0.2,0.1111111111111111
212445,mscoco,0.3947016790509224,0.6870087628750428,0.49554019421339035,0.8452387040833963,0.9,1.0,1.0,1.0
540885,mscoco,0.24922410622239113,0.440158068507285,0.35049196779727937,0.5789750908334027,0.3,1.0,0.5,1.0
276417,mscoco,0.26339554190635683,0.5274670398958949,0.3753494039177895,0.5454409946413793,0.1,0.2,0.2,0.1111111111111111
46173,mscoco,0.05509445071220398,0.17784843290994667,0.08876827284693718,0.18824863323688681,0.1,0.3333333333333333,0.0,0.0188679245283018
53641,mscoco,0.08842492438852786,0.23692534778328048,0.07871554642915726,0.1872467095660066,0.2,0.5,0.2,0.1666666666666666
367332,mscoco,0.30929943919181824,0.6879375060191735,0.35204183161258695,0.530079816716622,0.3,1.0,0.6,1.0
527134,mscoco,0.08535088077187539,0.1972131072510208,0.12604928128421305,0.2553999792265813,0.1,0.3333333333333333,0.1,0.1666666666666666
263970,mscoco,0.027081766817718744,0.09869844898800056,0.0631356906145811,0.16649295550245125,0.0,0.006060606060606,0.1,1.0
485696,mscoco,0.03617564840242267,0.10647881616197458,0.0506739822216332,0.13211689916960148,0.1,1.0,0.1,1.0
118870,mscoco,0.018829890294000506,0.06888151473241456,0.018382655829191206,0.07070412131727599,0.0,0.0909090909090909,0.1,0.5
11332,mscoco,0.24821195676922797,0.47983822251797464,0.24052150398492814,0.4291571886343277,0.0,0.0625,0.5,1.0
365523,mscoco,0.05863071540370583,0.2091358863503699,0.08282522112131119,0.27377428522268477,0.1,0.3333333333333333,0.1,1.0
479035,mscoco,0.01755461483262479,0.06684635022553147,0.016901049809530378,0.057474360635809345,0.1,0.1428571428571428,0.0,0.0294117647058823
416098,mscoco,0.053761933371424674,0.2501564392938693,0.08032797314226628,0.21120705145589702,0.1,0.5,0.5,1.0
13284,mscoco,0.01684595406986773,0.04938627268802464,0.01257337285205722,0.038383207822051506,0.1,1.0,0.1,1.0
110435,mscoco,0.03785911593586207,0.10413140395768813,0.03817099742591381,0.11639816557196117,0.1,1.0,0.1,1.0
116694,mscoco,0.098762147128582,0.2522943524434847,0.15018446035683156,0.3607796922835411,0.1,0.3333333333333333,0.0,0.037037037037037
244410,mscoco,0.14465633332729338,0.2930010562235918,0.33521208465099334,0.5702998162031959,0.3,1.0,1.0,1.0
428992,mscoco,0.016917868750169873,0.05475255265663096,0.017016242444515228,0.0574189425293426,0.2,1.0,0.6,1.0
337902,mscoco,0.09063981436192989,0.22330812653232557,0.08489961177110672,0.20642075269721155,0.8,1.0,0.9,1.0
546074,mscoco,0.049253438506275414,0.1374033419020666,0.06192001588642597,0.18303901840067766,0.0,0.04,0.1,1.0
70033,mscoco,0.020869900472462177,0.06327581542981253,0.0178289195522666,0.05823722311594027,0.6,1.0,0.6,1.0
149268,mscoco,0.13820585496723653,0.26709296580687375,0.18250323534011842,0.33633575926561765,0.0,0.0476190476190476,0.3,0.3333333333333333
431370,mscoco,0.10086950846016407,0.22141521128607106,0.26360627710819245,0.45012288113447557,0.1,0.125,0.2,0.3333333333333333
254387,mscoco,0.024748864443972708,0.07022978565325272,0.02671812390908599,0.07730498433118536,0.2,0.1428571428571428,0.5,0.3333333333333333
177349,mscoco,0.02534136865288019,0.08007206989131191,0.020786346029490234,0.07578119562887499,0.1,0.3333333333333333,0.1,0.1666666666666666
287186,mscoco,0.17072564736008644,0.36166814037643613,0.25046177059412,0.37316039864861855,0.0,0.0769230769230769,0.1,0.125
328284,mscoco,0.20977508686482907,0.3101689587353048,0.23574039712548256,0.4664512897068555,0.1,0.25,0.1,1.0
50409,mscoco,0.03403224218636751,0.1413263362629511,0.06591352708637714,0.17602064102685164,0.0,0.032258064516129,0.1,0.1111111111111111
399183,mscoco,0.08998018335551024,0.22841426584236205,0.20531351119279861,0.3057267308443491,0.1,0.1111111111111111,0.6,0.5
76589,mscoco,0.054453225899487735,0.1791132163270676,0.060353057086467744,0.17260869696187447,0.2,1.0,0.3,1.0
534965,mscoco,0.06443928498774767,0.2560181193325082,0.031074054818600417,0.09550953982183363,0.1,0.25,0.0,0.0833333333333333
295759,mscoco,0.04939317964017391,0.140544826749834,0.051645880378782746,0.13044674850314605,0.0,0.0037735849056603,0.0,0.0526315789473684
131725,mscoco,0.014518623752519489,0.04800119466810348,0.015318935690447687,0.04881381521943511,0.0,0.0588235294117647,0.1,1.0
214123,mscoco,0.08127891197800637,0.2299760892191003,0.09055581018328666,0.20352238861059674,0.1,1.0,0.0,0.0625
433075,mscoco,0.05392061565071345,0.1798450769074667,0.0648495227098465,0.17720849579529466,0.1,1.0,0.1,0.1666666666666666
21260,mscoco,0.06300606913864612,0.11749353035098994,0.04391044545918703,0.14377888378055179,0.0,0.0098039215686274,0.1,0.2
312870,mscoco,0.22049927711486816,0.4071123886129513,0.2081335499882698,0.43165603720863316,0.0,0.0476190476190476,0.1,0.25
6824,mscoco,0.29155131727457045,0.5645928754803438,0.35928457230329514,0.5067420201244965,0.7,0.25,0.8,1.0
368014,mscoco,0.1958055317401886,0.38878748293926324,0.23313070982694625,0.38699220241432597,0.3,0.3333333333333333,0.3,1.0
227772,mscoco,0.033800838701426986,0.11395033723385682,0.05420294478535652,0.13830118366110986,0.1,0.1666666666666666,0.3,0.25
276671,mscoco,0.27266548946499825,0.5760485682054596,0.3861530914902687,0.7570167154169254,0.2,0.3333333333333333,0.6,0.5
74894,mscoco,0.22929439097642898,0.42830709371437636,0.26546779572963713,0.5164782382428921,0.3,1.0,0.5,1.0
395170,mscoco,0.12206335738301277,0.2673287575311064,0.12225291952490806,0.30292688538243245,0.4,0.5,0.6,1.0
362521,mscoco,0.1665426716208458,0.3195188292940219,0.1883698932826519,0.32074726605754283,0.0,0.02,0.1,0.2
543838,mscoco,0.00989517690613866,0.03580892920576425,0.008332846499979497,0.03269811500082866,0.1,1.0,0.1,0.3333333333333333
385580,mscoco,0.025831506657414138,0.10452870315101828,0.042792247142642736,0.1067355896927041,0.0,0.0153846153846153,0.0,0.0714285714285714
448131,mscoco,0.08412810452282429,0.29090282304368925,0.11776982396841049,0.29798785010457296,0.1,0.2,0.6,1.0
33702,mscoco,0.19023527018725872,0.4366991674332522,0.28680173233151435,0.5243331593186762,0.0,0.0555555555555555,0.0,0.0769230769230769
109522,mscoco,0.18540531992912293,0.33922360132572327,0.2832086518406868,0.41142426829161666,0.0,0.0416666666666666,0.0,0.0256410256410256
268444,mscoco,0.11564431190490723,0.3211726083445401,0.1318610992282629,0.3936075291276976,0.2,0.5,0.3,1.0
526105,mscoco,0.10264307372272015,0.23369794504229896,0.11461040377616882,0.3797858855914166,0.0,0.0714285714285714,0.0,0.0833333333333333
538709,mscoco,0.052072365581989286,0.1638125972463771,0.06494271475821733,0.22977412260012994,0.1,0.1666666666666666,0.2,0.5
455856,mscoco,0.01785552396904677,0.05501301715883522,0.022979708295315503,0.0547571755907363,0.1,0.5,0.1,0.5
246878,mscoco,0.18150932043790818,0.2945775594731826,0.2851253680884838,0.5795692207474409,0.0,0.0142857142857142,0.4,0.5
361472,mscoco,0.03516403501853347,0.10923955028065864,0.03600944895297289,0.12694259346629777,0.0,0.0384615384615384,0.1,1.0
422240,mscoco,0.03548668585717678,0.0959261332925665,0.03820769377052784,0.10225244016314175,0.1,1.0,0.1,1.0
233073,mscoco,0.07388891875743867,0.21806894653621145,0.06996312700212001,0.1863521254613112,0.1,0.3333333333333333,0.1,1.0
340621,mscoco,0.14532615393400192,0.31563644029408133,0.18124099522829057,0.36243848686269226,0.4,1.0,0.6,1.0
422804,mscoco,0.008605662849731743,0.02197469756690501,0.007589960575569421,0.0331351671607262,0.1,0.1666666666666666,0.1,1.0
440762,mscoco,0.12891014590859412,0.2927645820305178,0.17961567640304565,0.32202418680196165,0.1,0.125,0.1,0.1
165907,mscoco,0.18542182743549346,0.3964914964715624,0.16683796867728234,0.37975628555446495,0.4,0.5,0.6,1.0
540006,mscoco,0.009863507398404182,0.03706792753076418,0.008064633421599864,0.03742744146687908,0.1,0.1111111111111111,0.1,1.0
300267,mscoco,0.08914763536304235,0.2032000178754622,0.08459272570908069,0.2239603315461531,0.5,0.5,0.3,1.0
413852,mscoco,0.2825914926826954,0.37015344957430096,0.4115174561738968,0.611787894894669,0.4,0.25,0.7,1.0
360975,mscoco,0.1386389560997486,0.30346876422630203,0.14491957239806652,0.3022495598402078,0.4,0.25,0.3,1.0
211909,mscoco,0.13612207360565662,0.32359009346587675,0.1781940810382366,0.46492643037606124,0.6,1.0,0.8,1.0
66389,mscoco,0.07111215852200985,0.20878594539115358,0.10124893970787525,0.22718432237662028,0.0,0.0030395136778115,0.0,0.0025575447570332
13285,mscoco,0.04575208630412817,0.14812088467736334,0.05401127599179745,0.1951377874862835,0.0,0.009009009009009,0.0,0.0026178010471204
573922,mscoco,0.1468532932922244,0.28645253956090844,0.1882041972130537,0.4234389545360063,0.1,0.125,0.4,1.0
62619,mscoco,0.05992915574461222,0.13082661871331155,0.13782621026039124,0.28738137947117975,0.1,0.1,0.1,1.0
168563,mscoco,0.09936557486653327,0.2529788163418199,0.12345159277319909,0.3476325811840237,0.2,0.25,0.2,0.5
178504,mscoco,0.04451508345082402,0.1448372388155173,0.11192864775657654,0.2209726974207095,0.0,0.0909090909090909,0.1,1.0
176174,mscoco,0.11559448689222336,0.295458066902454,0.12804466038942336,0.26308630142862893,0.1,0.1666666666666666,0.1,0.5
60903,mscoco,0.12701439261436462,0.2767821560646913,0.1615007694810629,0.344449933489939,0.1,0.1111111111111111,0.2,1.0
80554,mscoco,0.090513872820884,0.22625410394523163,0.17978721708059311,0.35308917912311355,0.0,0.0714285714285714,0.2,0.3333333333333333
494852,mscoco,0.07615476287901402,0.20276847378553856,0.09663355313241481,0.2159315286578579,0.4,1.0,0.3,1.0
272832,mscoco,0.03315064143389464,0.09193542424769625,0.05761030465364456,0.17401457538714893,0.1,0.3333333333333333,0.1,1.0
497002,mscoco,0.021236988436430692,0.08276824881198219,0.02839331850409508,0.08420213095520467,0.1,0.5,0.0,0.0526315789473684
473918,mscoco,0.03537763338536024,0.11795944940836195,0.04299043789505959,0.15793533247913777,0.0,0.0454545454545454,0.1,0.5
78681,mscoco,0.17043855376541614,0.4195216063129894,0.17276133969426155,0.4522272331942583,0.5,1.0,0.5,1.0
261323,mscoco,0.08040272239595651,0.23226585359185042,0.08535417057573795,0.23243922857061441,0.0,0.0476190476190476,0.1,1.0
489482,mscoco,0.09227884076535701,0.2172890644420492,0.07979973889887333,0.20077432789573066,0.0,0.0909090909090909,0.1,0.5
513966,mscoco,0.031284909788519145,0.1160811462631042,0.06436041258275509,0.16426761263242015,0.1,0.2,0.0,0.04
326202,mscoco,0.1204646311700344,0.29667692730410394,0.1267243828624487,0.3638954054761508,0.3,1.0,0.3,1.0
394159,mscoco,0.13825468793511392,0.3113890612355888,0.11471178233623505,0.28685121154628085,0.1,0.3333333333333333,0.2,0.3333333333333333
392320,mscoco,0.3753730468451977,0.5329375655330425,0.37380982711911204,0.831024182770725,0.7,1.0,0.6,1.0
428301,mscoco,0.22263508439064025,0.39070835143964,0.20125340148806573,0.38680107801411373,0.3,1.0,0.3,1.0
304217,mscoco,0.09164113327860832,0.2803767091688062,0.08026183471083641,0.20222149742062942,0.0,0.0217391304347826,0.0,0.0133333333333333
332131,mscoco,0.24127677455544472,0.38644871864251773,0.3833396703004837,0.4780474531367234,0.6,1.0,0.7,1.0
316336,mscoco,0.08046989049762487,0.18285253720276462,0.12149930186569691,0.2617190257661505,0.1,0.3333333333333333,0.1,1.0
575331,mscoco,0.03202612772583961,0.10068839898002409,0.03620005128905177,0.12657093841591657,0.0,0.0476190476190476,0.1,1.0
357578,mscoco,0.21004402488470078,0.3415939470324447,0.3726384401321411,0.7335411017136175,0.0,0.0625,0.2,0.25
201714,mscoco,0.3087714061141014,0.4967719946529326,0.20982852056622506,0.5180136308824617,0.5,1.0,0.3,1.0
76899,mscoco,0.1976782463490963,0.3467949182819229,0.14747685715556144,0.2641084657010553,0.1,0.1666666666666666,0.0,0.0175438596491228
461445,mscoco,0.21615716964006423,0.36070124256016334,0.2761067390441895,0.40660962537529366,0.2,0.3333333333333333,0.1,1.0
317431,mscoco,0.29649882614612577,0.7265920285505767,0.4071590811014175,0.6648398553514802,0.9,1.0,0.9,1.0
74,drawbench,0.10144909620285034,0.2530704768066907,0.09547385685145855,0.32078812025780606,0.0,0.0128205128205128,0.0,0.0181818181818181
413172,mscoco,0.0700291346758604,0.20366927478052552,0.09887811243534088,0.3808720858243041,0.1,0.1428571428571428,0.4,0.3333333333333333
346754,mscoco,0.034021026082336904,0.11003857733200813,0.03828995367512107,0.1276582086768241,0.0,0.0038167938931297,0.0,0.0014245014245014
142349,mscoco,0.21839421093463898,0.45531690101195943,0.20422341227531432,0.3730673579444543,0.1,0.1666666666666666,0.3,0.25
495947,mscoco,0.12247302010655403,0.2909614792009447,0.15979369804263116,0.3557104581727744,0.0,0.0454545454545454,0.0,0.0416666666666666
105344,mscoco,0.16711495593190193,0.3202924391538584,0.16079122945666313,0.4000691839823972,0.2,0.25,0.5,1.0
466024,mscoco,0.33046508580446243,0.5557030900260466,0.4128826975822449,0.5920408749332563,0.7,1.0,1.0,1.0
579165,mscoco,0.05390427857637405,0.1616629731463683,0.0911959258839488,0.23286173884340625,0.1,0.2,0.0,0.0256410256410256
323868,mscoco,0.09035581983625889,0.20809267951520108,0.33652020543813704,0.5329386974456556,0.1,0.1666666666666666,0.7,1.0
119947,mscoco,0.13625771254301072,0.2899219718759789,0.18921965062618257,0.357391265850258,0.1,1.0,0.1,0.5
536201,mscoco,0.08731115125119686,0.20063658828668546,0.10101272165775299,0.22512362468201297,0.1,1.0,0.1,1.0
151432,mscoco,0.24204538017511368,0.37534672609094805,0.2662760943174362,0.45962738332368064,0.5,1.0,0.3,0.3333333333333333
50972,mscoco,0.05953936316072941,0.21011272105525905,0.058629509434103964,0.14846423188512484,0.2,1.0,0.2,0.3333333333333333
222361,mscoco,0.1303041111677885,0.23597901431952076,0.1391662947833538,0.30221259206009,0.4,0.25,0.7,1.0
183,drawbench,0.042198123317211865,0.1120195443779345,0.029449007473886013,0.08074227181823039,0.0,0.0,0.0,0.0
356654,mscoco,0.05559363411739469,0.13283233595414473,0.0662053782492876,0.1627214303404466,0.1,1.0,0.0,0.0526315789473684
12377,mscoco,0.012232942692935466,0.0533371325891066,0.012851231172680855,0.04120783619718364,0.1,0.25,0.1,1.0
62589,mscoco,0.17367779836058617,0.4211872200535884,0.13755536116659642,0.4186626666501392,0.4,1.0,0.5,1.0
175,drawbench,0.03933707345277071,0.10065236520580785,0.054529181122779845,0.11746908789896642,0.0,0.0,0.0,0.0
97569,mscoco,0.033551246486604215,0.10030766477291464,0.03888565730303526,0.1333547621973051,0.1,0.1111111111111111,0.2,0.3333333333333333
118342,mscoco,0.3322861209511757,0.5474274139094696,0.30560661405324935,0.46338048243142466,0.5,1.0,0.7,0.5
226348,mscoco,0.04879628773778677,0.15245446844535063,0.06341734807938337,0.173644477921439,0.1,0.5,0.1,1.0
507833,mscoco,0.009771002689376473,0.029906694496852813,0.0056278891395777466,0.023145128733112977,0.1,1.0,0.1,1.0
509503,mscoco,0.17969336956739426,0.27313155592170874,0.12595337592065334,0.3305706382177072,0.4,1.0,0.3,0.5
265447,mscoco,0.093952501937747,0.26200652671186836,0.1001886535435915,0.2186768835145029,0.6,1.0,0.6,1.0
39398,mscoco,0.259317996352911,0.44681694577353154,0.46018113791942594,0.6686249109454485,0.1,0.5,0.2,1.0
475667,mscoco,0.22052714601159096,0.39987739982003695,0.1690531637519598,0.3864246101432881,0.3,0.3333333333333333,0.3,0.5
110829,mscoco,0.044549237564206125,0.12373264172227694,0.03903665086254478,0.1297796684314348,0.0,0.0434782608695652,0.2,1.0
423830,mscoco,0.312216504663229,0.7448411401225834,0.2666701376438141,0.5921498623272882,0.1,0.125,0.2,1.0
159567,mscoco,0.12556386701762676,0.19430274321227858,0.1290272142738104,0.34738353214641277,0.1,1.0,0.0,0.003012048192771
67422,mscoco,0.257636945694685,0.3948893747499461,0.3196661598980427,0.6014608187292656,0.3,0.5,0.3,0.5
449210,mscoco,0.19644038006663322,0.4562552135580155,0.281176421046257,0.48958922951602263,0.1,0.2,0.4,1.0
561386,mscoco,0.1076627541333437,0.25113303943244214,0.31117206141352655,0.5051892779617728,0.2,0.2,0.2,0.25
136267,mscoco,0.20931208953261377,0.35227509884071584,0.26749741584062575,0.5825890449230428,0.8,1.0,0.6,0.5
147294,mscoco,0.09920687861740589,0.2037417975497697,0.1513161763548851,0.2513262795822024,0.1,0.2,0.2,0.5
127074,mscoco,0.10427037589251995,0.2898137951577535,0.1398299865424633,0.27534226870205664,0.3,1.0,0.6,1.0
355593,mscoco,0.07238778593018651,0.20254967246767638,0.08055233731865882,0.27124060759045965,0.0,0.0005411255411255,0.0,0.0078740157480314
82,drawbench,0.09116960912942887,0.23461912853903497,0.18090608082711696,0.36029496564251745,0.1,0.1666666666666666,0.0,0.032258064516129
97614,mscoco,0.13214314319193363,0.40410174109927693,0.20152738317847252,0.41440571959014944,0.0,0.0196078431372549,0.0,0.0555555555555555
548219,mscoco,0.10889852158725262,0.3435831183314667,0.08508585058152676,0.2926675820422571,0.4,0.5,0.4,1.0
232031,mscoco,0.009867453132756054,0.0373530988661157,0.011827759584411979,0.03669058423995678,0.1,0.5,0.0,0.0526315789473684
212047,mscoco,0.043640940263867375,0.12761798269862482,0.0493746442720294,0.13965532820365711,0.1,1.0,0.1,1.0
532520,mscoco,0.04939321745187044,0.1346400887834247,0.06864624246954917,0.16945443980333585,0.2,0.3333333333333333,0.1,0.25
202923,mscoco,0.19991671573370695,0.3622396890662179,0.284692320227623,0.6327358047027424,0.4,0.25,0.3,0.1666666666666666
32675,mscoco,0.1764743722975254,0.46633614196109424,0.17208837233483792,0.4480869141696109,0.1,1.0,0.1,1.0
280112,mscoco,0.24834413155913354,0.546607792221975,0.24196159914135934,0.44355992014609735,0.3,0.3333333333333333,0.2,1.0
230982,mscoco,0.05194297581911087,0.15618517244206248,0.073462238535285,0.18081427915665477,0.1,0.5,0.0,0.0714285714285714
104340,mscoco,0.013114607229363173,0.0427475713339431,0.021604719525203108,0.08878244174522479,0.0,0.0256410256410256,0.1,1.0
444912,mscoco,0.009320447500795127,0.039851705438882896,0.01572278335224837,0.07400345168573433,0.0,0.0833333333333333,0.1,0.1666666666666666
210071,mscoco,0.06081283148378134,0.20484568747450974,0.059575448743999004,0.1522556751459441,0.9,1.0,1.0,1.0
541203,mscoco,0.07217149641364813,0.17130688620340506,0.09731344245374203,0.21251192170546176,0.1,0.1,0.2,1.0
64626,mscoco,0.07970309648662806,0.22112042255407913,0.11260325834155083,0.3126427678180799,0.1,0.1111111111111111,0.0,0.0555555555555555
224060,mscoco,0.19990737736225128,0.3476117107604088,0.1314468689262867,0.30708095735600593,0.1,1.0,0.1,1.0
411028,mscoco,0.13290189802646638,0.2729365249743673,0.24920800179243088,0.5098267000609668,0.4,1.0,0.5,1.0
228712,mscoco,0.0446722786873579,0.18594417990074139,0.035336651280522345,0.11372619054441635,0.1,0.125,0.0,0.0256410256410256
170365,mscoco,0.17491112500429154,0.39779807099549624,0.1663801208138466,0.34400399447743407,0.0,0.0769230769230769,0.1,0.125
346403,mscoco,0.16324020251631738,0.3522664566998747,0.2616067238152027,0.4304578700602426,0.0,0.0163934426229508,0.2,1.0
265597,mscoco,0.47682124376296997,0.5988789021366422,0.4670025646686554,0.5883169129904282,1.0,1.0,0.9,0.5
11504,mscoco,0.0551928935572505,0.1378375928566218,0.07996016517281532,0.21636095300923927,0.1,0.125,0.2,0.3333333333333333
546010,mscoco,0.06358449514955282,0.21628197221729975,0.05645527774468064,0.2125780466665664,0.1,1.0,0.1,0.5
287003,mscoco,0.16451178416609763,0.43862094293037973,0.19857388436794282,0.3876137434982922,0.1,1.0,0.3,0.5
485406,mscoco,0.16458740197122096,0.541337320126578,0.27140924111008646,0.3530915878704725,0.0,0.0416666666666666,0.1,1.0
299051,mscoco,0.18295478746294974,0.2630624168285002,0.2759559202939272,0.5213278695994912,0.3,1.0,0.5,1.0
67,drawbench,0.015438457345589995,0.0483504457293202,0.01921789990738034,0.08215502402084152,0.0,0.0,0.0,0.0
107481,mscoco,0.3463547244668007,0.5287884517485234,0.4776243567466736,0.7321784579543459,0.4,0.3333333333333333,0.5,1.0
160968,mscoco,0.2643757864832878,0.41286026583467367,0.19438323974609376,0.3241220555223075,0.1,0.1428571428571428,0.1,0.3333333333333333
447983,mscoco,0.048679585568606853,0.12434407615626171,0.11723809111863374,0.18776664808408464,0.1,1.0,0.1,1.0
192651,mscoco,0.12736503258347512,0.3371723445559362,0.19826596826314927,0.39621977001610315,0.3,0.5,0.5,1.0
341856,mscoco,0.07630919590592385,0.24613901602732685,0.09300073608756065,0.20538484815688451,0.3,0.5,0.2,1.0
45809,mscoco,0.1639472760260105,0.3603062660067602,0.15060082785785198,0.33853772834428786,0.6,1.0,0.6,1.0
552089,mscoco,0.06825495511293411,0.22675529353562796,0.06393115026876331,0.15770482945297765,0.1,0.1111111111111111,0.1,0.1
24097,mscoco,0.060836597718298434,0.17029449079892964,0.05157540068030357,0.155769816840627,0.1,1.0,0.1,1.0
433451,mscoco,0.16283815614879132,0.2765568105811348,0.1760357938706875,0.31011697420730894,0.0,0.0909090909090909,0.1,0.1666666666666666
547100,mscoco,0.01726975115016103,0.051805577449728996,0.012533024698495866,0.04054934981446575,0.1,1.0,0.1,1.0
485595,mscoco,0.027440558094531296,0.08574481726771997,0.03565341429784894,0.11135508867819324,0.1,0.5,0.1,1.0
266209,mscoco,0.09402913227677345,0.2266494404473174,0.10646649152040481,0.24138280976093218,0.2,0.3333333333333333,0.8,1.0
559754,mscoco,0.12283061631023884,0.326016154599906,0.0908575483597815,0.1625147545636134,0.3,0.25,0.5,1.0
253848,mscoco,0.05832490883767605,0.16147884085434835,0.050560323521494865,0.1655277893837072,0.0,0.0434782608695652,0.1,0.1666666666666666
51487,mscoco,0.021137208584696053,0.07883000044670678,0.024767793715000153,0.08216380232952898,0.1,1.0,0.1,1.0
8725,mscoco,0.17299127243459225,0.32922489202986877,0.16185218393802642,0.36652310121264536,0.0,0.003690036900369,0.0,0.0909090909090909
115,drawbench,0.12254167571663857,0.29946077947656297,0.09852586537599564,0.25532602505009,0.0,0.0,0.0,0.0
168833,mscoco,0.22494214102625848,0.5065934272336474,0.34983161091804504,0.5177332030073925,0.0,0.02,0.0,0.0357142857142857
248682,mscoco,0.23397729359567165,0.3740004865854514,0.2665796741843224,0.4326506187267559,0.6,0.5,0.8,1.0
488032,mscoco,0.23032955974340438,0.5841120826636345,0.4089533418416977,0.6355635635180077,0.3,1.0,0.6,1.0
24242,mscoco,0.073415607213974,0.17277634049972732,0.17784010134637357,0.40594139350374114,0.0,0.05,0.5,1.0
150546,mscoco,0.09750329814851284,0.3230630108215455,0.1024520967155695,0.2681484991610491,0.1,0.5,0.1,1.0
67563,mscoco,0.32495571970939635,0.40560073603837166,0.31037641912698744,0.46447432077515244,0.2,1.0,0.0,0.0833333333333333
36783,mscoco,0.2167982801795006,0.5779051269712793,0.273762546479702,0.47532976747463773,0.0,0.0040485829959514,0.1,0.1428571428571428
216015,mscoco,0.20352007262408733,0.4222733002531796,0.19405275955796242,0.4357519213252266,0.2,1.0,0.1,1.0
530904,mscoco,0.0564941979944706,0.18163053656108202,0.05753221269696951,0.16477577858546055,0.3,0.3333333333333333,0.3,1.0
15356,mscoco,0.11548642441630363,0.2553610807480185,0.12736080214381218,0.3272226050836393,0.4,0.3333333333333333,0.4,1.0
213809,mscoco,0.03548530321568251,0.12283874549008837,0.02411236595362425,0.1075282440236198,0.1,1.0,0.1,1.0
407057,mscoco,0.02216140991076827,0.07658892826841295,0.022370757535099983,0.094955914302974,0.4,1.0,0.3,1.0
229142,mscoco,0.10615544803440571,0.25730007442434183,0.13178951106965542,0.30019525067569724,0.1,0.3333333333333333,0.1,0.1428571428571428
307990,mscoco,0.2097769111394882,0.32133831932197665,0.3608603268861771,0.5406871123514346,0.3,0.25,0.2,0.5
185,drawbench,0.02944956310093403,0.1091876402685974,0.02623701768461615,0.09077337245347013,0.0,0.0,0.0,0.0
318820,mscoco,0.05087617561221123,0.2058997614189769,0.04921749159693718,0.21781836254560624,0.1,1.0,0.1,1.0
575303,mscoco,0.040997013356536625,0.13335564526509114,0.04735420625656843,0.14454561713212638,0.1,1.0,0.1,1.0
578094,mscoco,0.03824977017939091,0.11411194389231846,0.04178666062653065,0.12312278386485435,0.4,1.0,0.7,1.0
54611,mscoco,0.23200137466192244,0.3150927844212584,0.29205554649233817,0.5213587999807977,0.2,0.3333333333333333,0.7,1.0
5903,mscoco,0.06570074446499348,0.2529933802984736,0.06599730402231216,0.2464535395085757,0.2,1.0,0.1,1.0
238603,mscoco,0.3479617744684219,0.44400399861689227,0.4795448750257492,0.784726045773517,0.3,0.1666666666666666,0.7,1.0
113089,mscoco,0.06279188059270382,0.16862262052977126,0.11562295891344547,0.2325933236496397,0.1,1.0,0.1,1.0
381759,mscoco,0.027738003712147474,0.09474115199666566,0.03820589007809758,0.09644956308014582,0.0,0.0104166666666666,0.1,0.5
486580,mscoco,0.20952732115983963,0.4390852268529956,0.2946418896317482,0.5620356514500741,0.0,0.0434782608695652,0.2,0.25
480720,mscoco,0.206638365983963,0.37385034059115335,0.23556213527917863,0.39284342650277443,0.6,0.3333333333333333,0.5,1.0
289140,mscoco,0.01407325230538845,0.04251677222191507,0.01616553314961493,0.04911450141559298,0.1,0.2,0.1,0.3333333333333333
91719,mscoco,0.29245574176311495,0.38000210510755666,0.4162632882595062,0.6188253342579655,0.2,0.3333333333333333,0.8,1.0
8944,mscoco,0.04556368188932538,0.16299862030791473,0.04661930333822965,0.13058369366484168,0.1,0.3333333333333333,0.0,0.0833333333333333
468742,mscoco,0.08455111272633076,0.19125295533206046,0.1101312704384327,0.20653535618220703,0.3,1.0,0.3,1.0
512723,mscoco,0.30061142295598986,0.49233076119910635,0.30345376431941984,0.391107942116613,0.5,1.0,0.8,1.0
167962,mscoco,0.2254700019955635,0.3663651316468507,0.3578002959489822,0.5562020943529592,0.2,0.1666666666666666,0.4,0.3333333333333333
132161,mscoco,0.06050810180604458,0.1444484732756048,0.057553526014089584,0.15295950053649685,0.0,0.0416666666666666,0.1,1.0
260336,mscoco,0.1750770978629589,0.3868122993966552,0.199253573641181,0.3307853460211545,0.6,1.0,0.8,1.0
320429,mscoco,0.18575592935085297,0.31533953474281035,0.22970599979162215,0.4713719091818204,0.1,0.1,0.2,1.0
465893,mscoco,0.13587392047047614,0.2724503299146775,0.2064346343278885,0.4135230106561345,0.2,0.1666666666666666,0.5,0.3333333333333333
34183,mscoco,0.06555665768682957,0.2174824231214809,0.0555676544085145,0.22403783945368397,0.2,1.0,0.2,1.0
531404,mscoco,0.013549659680575133,0.04997873094478368,0.012647213647142053,0.0439261136873702,0.0,0.015625,0.1,0.1666666666666666
551651,mscoco,0.12298659086227418,0.29755488932505453,0.15574954450130463,0.3101938090075199,0.1,0.1428571428571428,0.2,0.5
140921,mscoco,0.13538740053772927,0.30816115625916407,0.2598360687494278,0.3720919351263719,0.2,1.0,0.2,1.0
449780,mscoco,0.22960886731743813,0.34977482448413577,0.3185174956917763,0.5859109153812956,0.1,0.1666666666666666,0.0,0.0588235294117647
560326,mscoco,0.0721603836864233,0.1685409782318392,0.08103826232254505,0.207870150987277,0.2,0.5,0.3,1.0
440813,mscoco,0.013908047834411264,0.044794400730107625,0.01497746929526329,0.061901725891563834,0.1,0.5,0.1,0.25
126,drawbench,0.1618116170167923,0.3107349955994158,0.16505138501524924,0.379895299341276,0.0,1.321684883889983e-05,0.0,4.428305730227615e-05
44,drawbench,0.22321017757058143,0.3091198248786549,0.24038265347480775,0.44196236865013827,0.0,2.0200795911358907e-05,0.0,0.0002699784017278
174417,mscoco,0.02157332734204829,0.06389409674934983,0.03361237575300038,0.09424980893766134,0.1,1.0,0.1,0.5
423215,mscoco,0.06465010084211827,0.16556692292878364,0.12483548149466514,0.29263351837661006,0.0,0.0017094017094017,0.0,0.0588235294117647
478090,mscoco,0.14288461841642858,0.3153274001477395,0.10516829788684845,0.23710679828788933,0.0,0.0588235294117647,0.1,0.1666666666666666
83034,mscoco,0.03782644420862198,0.14811881469287985,0.07454952485859394,0.2139112570462204,0.1,1.0,0.0,0.0833333333333333
325568,mscoco,0.10005700774490833,0.25976283481009216,0.16549644917249678,0.3036509108219878,0.0,0.0010660980810234,0.0,0.0007107320540156
517603,mscoco,0.08328403793275356,0.2248386992466621,0.10457509346306323,0.36791731709230036,0.4,0.25,0.1,0.2
460287,mscoco,0.04085420221090317,0.13250905895599419,0.03738802000880241,0.09590642782398871,0.2,1.0,0.2,1.0
337546,mscoco,0.23177313357591628,0.3901309716125513,0.3426891043782234,0.5296832407985066,0.1,0.1111111111111111,0.3,1.0
389491,mscoco,0.2458769291639328,0.45982672778695793,0.30607408136129377,0.5715618252415429,0.0,0.024390243902439,0.2,0.5
557451,mscoco,0.018797914497554302,0.08622071407347895,0.017535489983856678,0.058220562269575345,0.2,1.0,0.2,1.0
20414,mscoco,0.0862439800053835,0.22452412558905005,0.10304569303989411,0.2231905571154444,0.4,1.0,0.7,1.0
402603,mscoco,0.04519207458943129,0.1483308394912489,0.05446495320647955,0.16127352659152297,0.1,0.5,0.1,1.0
93116,mscoco,0.07182723786681891,0.20202831965832443,0.08335826825350523,0.2065871842875673,0.3,0.25,0.4,1.0
202143,mscoco,0.09473467618227005,0.27193945913369055,0.24270766600966454,0.4952089312788572,0.4,0.5,0.8,1.0
477526,mscoco,0.24006466642022134,0.47178429218669155,0.2616874843835831,0.4789795541297421,0.2,1.0,0.3,1.0
557388,mscoco,0.2090786650776863,0.44749207828746457,0.22609335407614709,0.5233469525683696,0.5,1.0,0.2,1.0
120254,mscoco,0.11275714114308358,0.3204037321288872,0.13914645910263063,0.3321078574271631,0.1,0.1666666666666666,0.2,0.25
188606,mscoco,0.23156341090798377,0.4136825975456354,0.20924995988607406,0.5081227931534514,0.0,0.037037037037037,0.1,0.1
490336,mscoco,0.3198982134461403,0.4139242705624075,0.39068807363510133,0.5358755298041856,0.1,0.3333333333333333,0.4,0.5
82731,mscoco,0.03542503090575337,0.10763704173754392,0.04290556441992521,0.10790832955026686,0.1,0.1428571428571428,0.1,0.1
46674,mscoco,0.039587161224335435,0.11888671530092673,0.04609551969915628,0.11530551384289701,0.1,1.0,0.1,1.0
534366,mscoco,0.09337689112871886,0.2640069373159749,0.162917111068964,0.3071742294016813,0.2,1.0,0.3,1.0
493774,mscoco,0.036255212407559155,0.1168721288525567,0.051925016939640044,0.13632159680787864,0.0,0.0833333333333333,0.2,0.5
417547,mscoco,0.1223088875412941,0.3044657384312488,0.15938030034303666,0.3283601573932004,0.0,0.0344827586206896,0.0,0.0119047619047619
63556,mscoco,0.033853952400386335,0.10266767931101424,0.04830331541597843,0.1296248426365029,0.1,0.3333333333333333,0.1,1.0
479036,mscoco,0.060032797046005726,0.1814744478491881,0.06359640657901763,0.18657727528983498,0.4,1.0,0.4,1.0
515424,mscoco,0.20120640620589256,0.4367342131614636,0.3900301530957222,0.6442455834042788,0.2,0.5,0.1,0.25
320899,mscoco,0.132920341193676,0.32424112244728603,0.2733918562531471,0.49786358878569975,0.1,0.125,0.1,0.125
353378,mscoco,0.048161135893315075,0.14369373199017646,0.0496954407542944,0.1342378286517743,0.1,1.0,0.1,1.0
26517,mscoco,0.1971325695514679,0.3509581399701902,0.26339003443717957,0.4482181437387542,0.1,0.2,0.2,1.0
559912,mscoco,0.226207372546196,0.3804549463906686,0.22471673786640167,0.4375404342420652,0.4,0.2,0.5,1.0
5913,mscoco,0.2512712724506855,0.39417183588721943,0.2185339406132698,0.4477557156563384,0.0,0.0833333333333333,0.0,0.0625
390474,mscoco,0.13717168010771275,0.2965610262845478,0.13932959884405136,0.3187281241848455,0.5,0.5,0.6,1.0
235062,mscoco,0.08997079245746135,0.2169329754666024,0.07022728119045496,0.20776939265500055,0.2,0.3333333333333333,0.2,1.0
313015,mscoco,0.016692280117422343,0.06037438711591611,0.014591403910890222,0.05099034719419836,0.1,0.2,0.1,1.0
397857,mscoco,0.042986041586846116,0.16764745291624167,0.04127300921827555,0.16963480048459684,0.1,1.0,0.1,1.0
550140,mscoco,0.16965532973408698,0.3109180156184321,0.15917242243885993,0.33084961358782083,0.7,0.25,0.5,0.5
461836,mscoco,0.12509522419422864,0.18923067766706406,0.14636920243501664,0.345235180205385,0.0,0.0666666666666666,0.0,0.0714285714285714
106,drawbench,0.10750291123986244,0.29464466879892437,0.17793414369225502,0.3058525107953908,0.0,0.02,0.1,0.1666666666666666
81779,mscoco,0.07603435274213552,0.20439592156433423,0.08026976361870766,0.276826044261294,0.1,0.5,0.1,0.25
215134,mscoco,0.30662048533558844,0.3957709235082472,0.4527583926916122,0.6376374136519504,0.1,0.3333333333333333,0.1,0.25
523309,mscoco,0.03384217885322869,0.11823817355733261,0.04410407692193985,0.187008845266195,0.0,0.0833333333333333,0.0,0.0833333333333333
171,drawbench,0.03799321595579386,0.11100472677158119,0.050422067381441595,0.15303191965127175,0.0,0.0,0.0,0.0
380500,mscoco,0.22579224184155464,0.3980364489741958,0.20711848139762878,0.5699776095869148,0.0,0.0192307692307692,0.2,1.0
156128,mscoco,0.34707682505249976,0.8502877677358365,0.35364121571183205,0.6607377703558004,0.2,1.0,0.4,1.0
125908,mscoco,0.12815934382379054,0.290116959660952,0.23888883292675017,0.48539725982277987,0.4,0.5,0.4,0.5
488303,mscoco,0.047360481694340706,0.16738045287450298,0.060337375942617656,0.12638757771322146,0.1,0.3333333333333333,0.0,0.0476190476190476
49725,mscoco,0.07437644824385643,0.20746423016208035,0.06698599439114332,0.22552814313986247,0.1,0.5,0.1,0.5
556363,mscoco,0.06099650301039219,0.19591562704758883,0.05004624947905541,0.152418211478854,0.1,1.0,0.1,0.1428571428571428
279947,mscoco,0.16932714879512786,0.3295022827680253,0.19699368327856065,0.41003136395893564,0.3,0.5,0.6,1.0
139083,mscoco,0.21560771614313126,0.39101342153673585,0.34228081703186036,0.732703767650234,0.2,0.3333333333333333,0.0,0.0666666666666666
325055,mscoco,0.08693638518452644,0.21082738433580012,0.06953388750553131,0.15564371530032758,0.3,0.25,0.3,0.3333333333333333
483311,mscoco,0.6396875470876694,0.8272335856587798,0.6916669815778732,0.8885978186332996,0.8,1.0,0.8,0.5
206410,mscoco,0.0791717378422618,0.21743789008262132,0.10436219498515129,0.22251198910864067,0.2,1.0,0.0,0.0212765957446808
270290,mscoco,0.039105504378676416,0.14262073904688213,0.03887027390301227,0.10240578988121299,0.3,1.0,0.3,1.0
542937,mscoco,0.13831938728690146,0.43098614777461086,0.1383390747010708,0.2974519250339931,0.2,0.25,0.1,0.2
109178,mscoco,0.10215293858200311,0.2923541950937024,0.12316747941076756,0.26111144478839393,0.9,1.0,1.0,1.0
286116,mscoco,0.047872789204120636,0.12930159772945105,0.043667706102132796,0.1272161333231619,0.2,0.1428571428571428,0.3,1.0
369557,mscoco,0.1073825228959322,0.2814064028391717,0.16712936535477638,0.38813382602344776,0.2,0.5,0.5,1.0
195810,mscoco,0.17223181575536728,0.3739271901148614,0.15209084749221802,0.2712998986162054,0.1,1.0,0.1,0.5
561907,mscoco,0.01710325018502772,0.05738521003309118,0.012647296371869742,0.056157107557897636,0.0,0.03125,0.0,0.0010604453870625
100083,mscoco,0.08707839362323284,0.281026375289407,0.09151720330119133,0.22513093302984577,0.9,1.0,0.5,1.0
427113,mscoco,0.1145682392641902,0.3601858312915452,0.18970121536403894,0.43319283852312934,0.3,1.0,0.5,1.0
504670,mscoco,0.06907982360571623,0.1999912659348993,0.05568799376487732,0.15999465572288915,0.0,0.0384615384615384,0.0,0.04
171656,mscoco,0.055417240224778654,0.18571386378535984,0.05704885050654411,0.18702872239518994,0.1,0.1428571428571428,0.1,1.0
337011,mscoco,0.023684784770011902,0.08581840673860985,0.017810127465054393,0.07250849694594699,0.0,0.0344827586206896,0.1,0.5
452031,mscoco,0.03564207102172077,0.10123104681644622,0.05171319469809532,0.144607903443967,0.1,1.0,0.0,0.0769230769230769
59593,mscoco,0.29367647841572764,0.4876992976731528,0.30565138459205626,0.6916083753008953,0.3,0.3333333333333333,0.2,1.0
469894,mscoco,0.07240586429834366,0.1610550528567189,0.12955139055848122,0.2822315900509702,0.1,0.25,0.6,0.5
427688,mscoco,0.3758271671831608,0.28420048362487993,0.38237222991883757,0.594551680861655,0.5,0.2,0.9,1.0
247394,mscoco,0.1489613801240921,0.30839103755507447,0.1455675520002842,0.2631230843467859,0.2,1.0,0.2,0.5
189197,mscoco,0.21982927322387696,0.3982695749304591,0.2093985140323639,0.44575918152046873,0.0,0.024390243902439,0.0,0.0769230769230769
293218,mscoco,0.16639282405376435,0.33922294626244687,0.19367895945906638,0.5606288540019156,0.1,0.25,0.5,1.0
563257,mscoco,0.2004438392817974,0.3728386739085892,0.197765488922596,0.4525411512792195,0.0,0.0285714285714285,0.1,0.1
188556,mscoco,0.072669349424541,0.202366626782852,0.08826141823083163,0.2592391252453695,0.4,1.0,0.6,0.5
544348,mscoco,0.15418045595288277,0.3713438454301113,0.12717661783099174,0.3221325908283577,0.1,1.0,0.1,1.0
492817,mscoco,0.1953440248966217,0.3680581501536925,0.18558313697576523,0.35991746042882794,0.5,1.0,0.2,0.3333333333333333
5614,mscoco,0.054667457658797505,0.12029988053673213,0.09542245715856552,0.22074751486853447,0.1,0.1666666666666666,0.6,1.0
58250,mscoco,0.07470891159027815,0.2427573755908624,0.09686110951006413,0.35556469153265,0.0,0.0212765957446808,0.1,1.0
110348,mscoco,0.1022536488249898,0.2413167329509744,0.1406174458563328,0.38178850470231107,0.8,1.0,0.9,1.0
502179,mscoco,0.1549679920077324,0.2357841093361666,0.22153276354074478,0.48801980211803764,0.0,0.0476190476190476,0.0,0.0833333333333333
357948,mscoco,0.023573965206742285,0.09383353383503137,0.029079405590891838,0.10253990440156978,0.1,1.0,0.1,0.5
293081,mscoco,0.2707639396190643,0.37077650448677335,0.3956069350242615,0.709235680400478,0.3,0.5,0.6,0.5
531883,mscoco,0.040199626982212064,0.14637394244993784,0.04149671504274011,0.14168499510037494,0.2,1.0,0.2,1.0
241911,mscoco,0.06573518980294465,0.1658793147201661,0.09152030395343899,0.24143463891813136,0.1,0.1428571428571428,0.1,0.125
253480,mscoco,0.3099523693323135,0.4107446276647183,0.38236218988895415,0.7290109812460308,0.0,0.0588235294117647,0.3,0.5
7,drawbench,0.2713178560137749,0.6286761306020521,0.24644117951393127,0.4017225883801634,0.0,5.006257822277847e-05,0.0,0.0001886080724254
418853,mscoco,0.04378107003867626,0.12523490218514458,0.05045875795185566,0.1511609600176754,0.1,0.3333333333333333,0.1,1.0
476341,mscoco,0.08140079453587531,0.1969393103173005,0.14028437435626984,0.27921134454216134,0.0,0.0181818181818181,0.0,0.0013351134846461
92554,mscoco,0.07557518258690835,0.1572959343198848,0.06503223590552806,0.2564130970147742,0.1,0.5,0.3,1.0
186145,mscoco,0.35285810232162473,0.702691348605894,0.35627831518650055,0.5433357683424961,0.2,0.1666666666666666,0.5,0.3333333333333333
323424,mscoco,0.10650531053543091,0.26415882064738316,0.15674010440707206,0.2951045978424503,0.0,0.0357142857142857,0.2,0.1428571428571428
92670,mscoco,0.11304675117135048,0.2740612473202728,0.11359199397265911,0.2859236403511339,0.2,0.5,0.2,0.5
436333,mscoco,0.16235364750027656,0.2525093814549091,0.13541141524910927,0.32636692988951627,0.0,0.0285714285714285,0.1,0.5
25748,mscoco,0.11475391816347838,0.2468811054282124,0.09410317074507475,0.21032986041768179,0.0,0.0666666666666666,0.1,1.0
437156,mscoco,0.1445400282740593,0.37899846403160764,0.2200638696551323,0.4543653176219439,0.5,1.0,1.0,1.0
40361,mscoco,0.21327204946428538,0.45872327826206954,0.3168969228863716,0.4325056325539331,0.1,0.125,0.4,0.3333333333333333
190,drawbench,0.031201556511223315,0.0922008484289087,0.05321175502613187,0.1647497674874073,0.0,0.0,0.0,0.0
477988,mscoco,0.042580213956534864,0.1265078128651592,0.04134191237390041,0.13550165976489859,0.2,1.0,0.2,1.0
108238,mscoco,0.09625577516853809,0.23621963292582235,0.16814495176076888,0.5745243477135276,0.0,0.03125,0.1,1.0
397575,mscoco,0.07738689556717873,0.18317071934103882,0.08587533198297023,0.19927294606634205,0.0,0.0192307692307692,0.1,1.0
442667,mscoco,0.12636067420244218,0.27759288379511454,0.17619443796575068,0.3515528990702043,0.0,0.0212765957446808,0.4,0.5
362839,mscoco,0.027420425415039064,0.09724254001037144,0.029445926938205958,0.10628400262868327,0.1,1.0,0.1,1.0
375004,mscoco,0.0709836233407259,0.2026505023626613,0.10869793556630611,0.262763258854244,0.1,0.5,0.1,1.0
409949,mscoco,0.25218662470579145,0.5422666545592699,0.24339402094483376,0.41524960406450834,0.4,1.0,0.6,1.0
549532,mscoco,0.3664626479148865,0.48978932007940723,0.40875509232282636,0.5504244256960289,0.5,0.3333333333333333,0.2,0.1111111111111111
434511,mscoco,0.09492463730275631,0.3113474722931151,0.14817397929728032,0.34645050060344684,0.1,1.0,0.1,1.0
33481,mscoco,0.028399504465050997,0.07314467899999745,0.0365598376840353,0.08788731108342333,0.3,1.0,0.2,1.0
306232,mscoco,0.11606465727090835,0.30230814811572204,0.13121442422270774,0.395491633430146,0.0,0.0222222222222222,0.0,0.0769230769230769
154119,mscoco,0.09399839900434018,0.2284203342390595,0.09946853443980216,0.3010460670739231,0.4,0.3333333333333333,0.6,1.0
525467,mscoco,0.13440650403499604,0.38281268886231495,0.26319685503840445,0.365087051029395,0.3,1.0,0.3,1.0
494360,mscoco,0.13892892375588417,0.3308706559246676,0.08339408859610557,0.2596388951793783,0.1,0.5,0.1,0.125
223574,mscoco,0.07344144098460674,0.15822480345875767,0.08097579907625914,0.19222590738730386,0.1,0.5,0.1,1.0
347113,mscoco,0.09526018463075162,0.2184900142501502,0.09320887885987758,0.22966211564196942,0.0,0.0014903129657228,0.0,0.0833333333333333
25697,mscoco,0.3626320242881775,0.46351791786814817,0.35044833123683927,0.45648885799517275,0.8,1.0,0.7,1.0
198978,mscoco,0.07120297085493803,0.20450702166878806,0.1941331461071968,0.36267379036386094,0.0,0.0666666666666666,0.3,0.25
172776,mscoco,0.20260825380682945,0.35760515011608895,0.4182926818728447,0.5190434571655982,0.2,0.25,0.7,0.25
59515,mscoco,0.05018083052709699,0.12475145553839348,0.13841848634183407,0.4543912083462493,0.0,0.0055555555555555,0.0,0.0017391304347826
35715,mscoco,0.04690118432044983,0.1440959798359567,0.04669420532882214,0.1515702044797056,0.0,0.05,0.1,1.0
386777,mscoco,0.11872746217995882,0.29382964617508756,0.0720755135640502,0.23758964571835278,0.2,1.0,0.1,0.1428571428571428
527342,mscoco,0.10416806135326624,0.22607546068595988,0.11615928448736668,0.23962098269035229,0.1,0.3333333333333333,0.1,1.0
408838,mscoco,0.20883575826883316,0.44984250344556714,0.28291126787662507,0.542442450995264,0.1,0.1666666666666666,0.0,0.02
53744,mscoco,0.02326786145567894,0.07163621181122887,0.03581344373524189,0.11422147361498854,0.1,1.0,0.8,1.0
218960,mscoco,0.16260532215237616,0.35737784780105514,0.21536713987588882,0.3824975560212048,0.2,1.0,0.3,1.0
404367,mscoco,0.32347335368394853,0.49230311333364773,0.4903229683637619,0.676431606317892,0.4,0.3333333333333333,0.5,1.0
500071,mscoco,0.025972513388842343,0.10040729317764495,0.024764398206025363,0.07217699155459885,0.0,0.009090909090909,0.1,1.0
74331,mscoco,0.1705384723842144,0.37007231606572905,0.18270766846835612,0.43745977500623817,0.2,1.0,0.1,1.0
47652,mscoco,0.09270003400743007,0.20854443100105738,0.13291335627436637,0.29988854881179466,0.0,0.0714285714285714,0.6,1.0
299154,mscoco,0.04422644451260567,0.15251089248814978,0.057066536508500576,0.12957958261806699,0.1,0.1666666666666666,0.2,0.5
499004,mscoco,0.13627905081957578,0.3245438442449722,0.10266678333282471,0.2676617530043979,0.1,0.2,0.3,0.25
13471,mscoco,0.1455567978322506,0.3761248891594886,0.1613864615559578,0.3353419633829904,0.3,1.0,0.6,1.0
280810,mscoco,0.037374688871204854,0.10012680979386189,0.06793942758813501,0.2056675249559846,0.2,0.5,0.1,0.3333333333333333
322008,mscoco,0.048468390572816135,0.15232876613352525,0.14169161804020405,0.3193737782178395,0.1,0.1428571428571428,0.0,0.0909090909090909
108871,mscoco,0.03850197065621615,0.11455304549659197,0.04630700536072254,0.15535779488700677,0.1,0.5,0.1,1.0
509626,mscoco,0.04612337071448565,0.14287032646520437,0.055980102904140946,0.1830924310103844,0.1,0.2,0.0,0.0014492753623188
105853,mscoco,0.26910108849406245,0.4694005799930633,0.1967671185731888,0.39957770046886526,0.0,0.024390243902439,0.3,1.0
478320,mscoco,0.11397506780922413,0.36132028625232127,0.0963807251304388,0.26601509335115175,0.5,1.0,0.2,1.0
517632,mscoco,0.11174518316984176,0.29348040793811386,0.12746919877827168,0.3115547814121959,0.2,1.0,0.2,1.0
194105,mscoco,0.10446035638451576,0.25137923079939445,0.1426474217325449,0.39194323567945566,0.0,0.032258064516129,0.0,0.0227272727272727
323208,mscoco,0.13219658359885217,0.27854275294910125,0.1288012159988284,0.36921394805363794,0.1,0.25,0.1,0.3333333333333333
116,drawbench,0.1960031520575285,0.3358724809435814,0.19436300955712796,0.5086071449969944,0.0,0.0,0.0,0.0
246746,mscoco,0.15059132725000382,0.2800986288173748,0.2900721088051796,0.40064036217769655,0.0,0.0052356020942408,0.2,0.25
243292,mscoco,0.10963470265269279,0.23567084026155924,0.15532267689704896,0.3207926437597371,0.2,0.5,0.3,0.5
125,drawbench,0.17336116954684258,0.3201354119730377,0.18178947418928146,0.34918596496464493,0.0,0.0,0.0,0.0
392363,mscoco,0.19747667908668518,0.2844998636302701,0.23336750268936157,0.43866722896873217,0.0,0.0714285714285714,0.1,0.2
6107,mscoco,0.12220361083745956,0.26177417039981754,0.20167056247591972,0.39762505944149185,0.1,0.1666666666666666,0.3,0.5
279605,mscoco,0.06325025819242,0.1773363443489263,0.15864677019417286,0.3194187736900493,0.3,0.25,0.3,0.2
518199,mscoco,0.026194337848573924,0.09970276704737088,0.03703389260917902,0.1151667033242003,0.0,0.05,0.0,0.0909090909090909
516990,mscoco,0.511355510354042,0.6819358811181259,0.5010829448699952,0.63307924613573,0.7,1.0,0.8,1.0
474504,mscoco,0.17152213007211686,0.33356835725000883,0.2674636825919151,0.5861822866521849,0.0,0.0454545454545454,0.1,0.5
323788,mscoco,0.30782346725463866,0.6186291010001947,0.3212600588798523,0.38931297485698035,0.6,1.0,0.6,1.0
210136,mscoco,0.24551064670085906,0.4552405245186056,0.2212032675743103,0.45427100344638766,0.3,0.2,0.1,0.3333333333333333
450558,mscoco,0.04137724954634905,0.1378955793103172,0.0511727262288332,0.14851062975759738,0.0,0.0588235294117647,0.2,0.3333333333333333
542178,mscoco,0.04989225147292018,0.1232096867108575,0.06047204080969095,0.18163009489935594,0.0,0.0076923076923076,0.0,0.0909090909090909
59525,mscoco,0.1556502565741539,0.26783007233905254,0.18184118419885636,0.3805700278478494,0.0,0.0454545454545454,0.2,0.1666666666666666
50201,mscoco,0.1766548991203308,0.2853527237275775,0.10679117441177369,0.27325865435558927,0.1,1.0,0.1,1.0
311629,mscoco,0.077128304541111,0.20109046331049238,0.10788567550480366,0.21713406634474414,0.2,1.0,0.2,1.0
151594,mscoco,0.10507798977196217,0.30290348738699824,0.09559531323611736,0.1928859953765675,0.4,0.5,0.6,1.0
305545,mscoco,0.02267503384500742,0.08222976311175688,0.030519984336569904,0.09620708671423027,0.1,1.0,0.1,1.0
162393,mscoco,0.2152350664138794,0.44770730354085453,0.26614178717136383,0.6193447932791839,0.2,1.0,0.2,1.0
297967,mscoco,0.08689107857644558,0.22317200611211552,0.2063635542988777,0.39868028192343186,0.1,0.1428571428571428,0.1,1.0
237833,mscoco,0.022710464987903835,0.0813612424818093,0.017592713329941036,0.05303852565551401,0.0,0.0181818181818181,0.0,0.0049504950495049
234274,mscoco,0.03009310122579336,0.10404101358043225,0.03807366378605366,0.11662653428162749,0.1,0.5,0.1,0.2
111742,mscoco,0.12640708312392235,0.2565650762615054,0.1374239768832922,0.27273302366797,0.5,1.0,0.4,1.0
109061,mscoco,0.23371558561921119,0.45645903586220676,0.1700317606329918,0.4419965589557334,0.1,1.0,0.1,1.0
190035,mscoco,0.1257485829293728,0.3429205809961678,0.104295838996768,0.2830802084641482,0.2,0.25,0.1,1.0
62995,mscoco,0.022793672047555447,0.08325816326796444,0.03716373797506094,0.17923532859448765,0.1,1.0,0.1,0.3333333333333333
285484,mscoco,0.11370698139071464,0.2598765746327275,0.09705447945743799,0.2372942187670922,0.0,0.0185185185185185,0.0,0.05
36850,mscoco,0.15067585855722426,0.3655935034334412,0.184332487732172,0.33694170037526544,0.2,0.5,0.3,1.0
110324,mscoco,0.07721111038699746,0.17525880344651548,0.10107424445450305,0.21586849897913749,0.1,0.5,0.0,0.0909090909090909
388566,mscoco,0.24929214194417,0.6923073014683824,0.24734175875782966,0.6307468725001124,0.7,1.0,1.0,1.0
74466,mscoco,0.1824214354157448,0.30611868426358124,0.15636608526110649,0.5238868158749977,0.1,0.1111111111111111,0.1,1.0
358438,mscoco,0.09931789692491293,0.28553629528509505,0.06939415261149406,0.15147641532712755,0.1,0.25,0.1,0.3333333333333333
302137,mscoco,0.19515624791383743,0.4001110511327885,0.29759987741708754,0.47690262500180486,0.2,0.3333333333333333,0.4,0.25
144,drawbench,0.05323948860168457,0.14879814465620383,0.03918227292597294,0.12361343307326966,0.0,0.0,0.0,0.0
404766,mscoco,0.37976783961057664,0.7543975374898934,0.5312553584575653,0.80474170703092,0.3,0.5,0.3,0.3333333333333333
322937,mscoco,0.27179704532027243,0.44947143876881934,0.3857750236988068,0.5039566499835899,0.4,1.0,0.9,1.0
245902,mscoco,0.05950180850923061,0.1413482440379325,0.08905957844108343,0.2172439548108892,0.0,0.0222222222222222,0.0,0.0833333333333333
27528,mscoco,0.11227932199835777,0.18523873252076473,0.12855340987443925,0.20491031102794602,0.6,1.0,0.8,1.0
254392,mscoco,0.021507607866078617,0.06947812397745086,0.020363683253526686,0.06981624227149011,0.2,1.0,0.2,1.0
34827,mscoco,0.4179347574710846,0.7106905240738914,0.4793856292963028,0.638578142058449,0.9,1.0,1.0,1.0
291752,mscoco,0.54489264190197,0.6544262556939741,0.605298712849617,0.6333608043532932,0.9,1.0,1.0,1.0
126895,mscoco,0.07847779542207718,0.18784824040822115,0.12332045920193195,0.3295757188132307,0.0,0.0833333333333333,0.3,1.0
312316,mscoco,0.1176941379904747,0.24778120006630158,0.18281203061342238,0.43803329212123454,0.0,0.0769230769230769,0.4,1.0
439657,mscoco,0.05402690954506397,0.1550811851001673,0.07682297118008137,0.16723478552294263,0.2,1.0,0.2,1.0
438446,mscoco,0.21001447681337596,0.5423228750610505,0.24818810150027276,0.5716852321051221,0.5,0.5,0.7,1.0
470932,mscoco,0.039479236397892234,0.11695533126226754,0.039159927517175674,0.12770205986100308,0.2,0.1428571428571428,0.5,0.5
500829,mscoco,0.03957510981708765,0.13345838812400057,0.04256732352077961,0.123611442321797,0.5,1.0,0.7,0.5
53550,mscoco,0.062495617754757406,0.20620215439937944,0.10510907173156739,0.23037361945250542,0.1,1.0,0.2,1.0
395340,mscoco,0.1328700989484787,0.32778329069660295,0.08865336738526822,0.21191322068937868,0.1,0.1666666666666666,0.1,0.5
257983,mscoco,0.5392194271087647,0.7370908862146132,0.5890667974948883,0.7660700857384859,0.4,1.0,0.7,0.5
573052,mscoco,0.054013682343065736,0.16229217158118506,0.05995064899325371,0.15358354200871355,0.1,0.5,0.2,0.1666666666666666
475457,mscoco,0.060030721686780454,0.17032709716926456,0.0937842682003975,0.2450552767933733,0.0,0.0588235294117647,0.2,0.1428571428571428
75,drawbench,0.2162390522658825,0.33353840465389945,0.17958529889583588,0.28976583694860736,0.0,0.0833333333333333,0.1,1.0
11288,mscoco,0.24731643944978715,0.46548038134278535,0.3362865149974823,0.6765501298926646,0.0,0.0909090909090909,0.3,1.0
276852,mscoco,0.08139879964292049,0.21679251350753942,0.11874352619051934,0.2907369293587228,0.0,0.0303030303030303,0.1,1.0
557780,mscoco,0.14970368295907974,0.3514867650071904,0.15404582768678665,0.3351594083772544,0.2,1.0,0.2,1.0
363165,mscoco,0.2575290262699127,0.44715758320687105,0.266606879234314,0.5435740681948524,0.1,0.2,0.4,1.0
541880,mscoco,0.3847523793578148,0.4826718340588908,0.41239872872829436,0.6472085420361079,0.7,0.5,0.7,1.0
313526,mscoco,0.038134456425905225,0.1287234084698375,0.037542118970304725,0.16083502482683168,0.1,0.5,0.2,1.0
214055,mscoco,0.20743961334228517,0.4472156560670434,0.3202718824148178,0.5540418307686549,0.0,0.0625,0.1,0.125
458675,mscoco,0.08812758252024651,0.16902067850553,0.1583551712334156,0.3986024509975279,0.0,0.0294117647058823,0.4,0.3333333333333333
175277,mscoco,0.07507441304624081,0.19561723968043812,0.07905393913388252,0.2506487499861076,0.2,0.3333333333333333,0.5,1.0
295076,mscoco,0.14479064662009478,0.3070508165182963,0.1281198538839817,0.3568522104210392,0.4,1.0,0.5,1.0
63075,mscoco,0.32342076301574707,0.5104946439037028,0.4731611967086792,0.5158693831526656,0.4,1.0,0.8,0.5
533159,mscoco,0.22190579175949096,0.2881645199115777,0.3728243961930275,0.5707957755944586,0.6,0.25,0.8,0.5
292810,mscoco,0.07581080878153443,0.19635650800127974,0.08723774999380111,0.3178339202691499,0.1,0.2,0.1,1.0
333978,mscoco,0.3266574859619141,0.5388951371573771,0.42536991834640503,0.5410324247511451,0.6,1.0,0.8,0.5
487264,mscoco,0.21562842577695845,0.5033545443253956,0.25550189390778544,0.5085316444908358,0.1,1.0,0.4,1.0
429074,mscoco,0.13997920267283917,0.26527320681161043,0.23603283241391182,0.48995345951543373,0.2,0.3333333333333333,0.1,0.1
39789,mscoco,0.0222476604860276,0.08240836114753056,0.027891158126294613,0.08513136158418792,0.1,0.5,0.0,0.05
429353,mscoco,0.03874492673203349,0.09285372643549918,0.03997919848188758,0.11971698690165415,0.3,1.0,0.4,1.0
110683,mscoco,0.05281634703278541,0.1656773680204561,0.1005792398005724,0.26479040971848194,0.0,0.04,0.0,0.0175438596491228
4132,mscoco,0.10261503532528878,0.2833056943842464,0.11704612374305726,0.2764646000570643,0.2,0.1666666666666666,0.1,1.0
278134,mscoco,0.09803421050310135,0.25513742641148224,0.1002568170428276,0.269421206605286,0.1,1.0,0.0,0.0034722222222222
238709,mscoco,0.047068508900702,0.11577766545211308,0.10242916345596313,0.22677816593220748,0.1,0.1111111111111111,0.6,1.0
485300,mscoco,0.007466924580512568,0.024604463491758072,0.012354040052741766,0.02838169514655507,0.0,0.0769230769230769,0.1,0.25
296620,mscoco,0.0466062992811203,0.16075700299618464,0.048846342228353025,0.13487566400900794,0.0,0.0454545454545454,0.0,0.0142857142857142
193077,mscoco,0.024083379283547403,0.08805267023369996,0.01888294694945216,0.07446487289858524,0.0,0.05,0.2,0.5
103,drawbench,0.00928343137493357,0.02877037254015698,0.0035816315677948294,0.018593333932392014,0.0,0.0,0.0,0.0
310749,mscoco,0.21323782466351987,0.42379604057954884,0.2753292426466942,0.44415223729091896,0.2,0.5,0.3,1.0
293864,mscoco,0.40133594498038294,0.6593828206062755,0.519435802102089,0.6373752242131592,0.3,0.5,0.5,1.0
493806,mscoco,0.22652213647961617,0.503193407454371,0.19415069594979287,0.5205035013973502,0.2,1.0,0.4,0.5
39535,mscoco,0.2798220731317997,0.4486323876410715,0.30632646977901457,0.5317255548395082,0.0,0.04,0.0,0.0526315789473684
481252,mscoco,0.06724561024457217,0.17818170843782558,0.14981325380504132,0.32118303030192125,0.2,1.0,0.1,0.5
522535,mscoco,0.1637110061943531,0.38111881572223405,0.3097318932414055,0.5100219691917796,0.0,0.0434782608695652,0.0,0.0476190476190476
482765,mscoco,0.20383436754345893,0.38411019785270467,0.22238703295588494,0.5170060698326729,0.1,0.1666666666666666,0.0,0.0769230769230769
81954,mscoco,0.06795313339680434,0.16185376495116885,0.09072519950568676,0.20798411626946492,0.1,0.2,0.1,0.5
333124,mscoco,0.030211644992232323,0.09322065890917429,0.038698127446696165,0.11793209933860341,0.2,1.0,0.2,1.0
529258,mscoco,0.05472570024430752,0.15823596719635566,0.049888841900974513,0.12337429755044726,0.0,0.0142857142857142,0.1,0.25
2567,mscoco,0.12492454014718532,0.2850743912038622,0.22848608046770097,0.3627401307821315,0.1,1.0,0.6,0.5
53803,mscoco,0.10712364576756954,0.2693167048202142,0.08546723648905755,0.1963944359394488,0.1,0.5,0.1,0.1111111111111111
172351,mscoco,0.15269635543227195,0.3393470031274062,0.3073520466685295,0.4002521777257107,0.2,0.5,0.4,0.5
311251,mscoco,0.30763583034276965,0.5276627047703683,0.415112566947937,0.7198588238729163,0.2,1.0,0.5,1.0
356869,mscoco,0.09374170415103436,0.1961767874273245,0.15856618732213973,0.23502507779554285,0.1,0.2,0.0,0.0068965517241379
203406,mscoco,0.6979393422603607,0.6439047812866571,0.7119109719991684,0.9105083115204299,0.9,1.0,0.9,1.0
119870,mscoco,0.24862008839845656,0.34155110636646385,0.3765024200081825,0.555350867153668,0.1,0.1428571428571428,0.2,0.5
442125,mscoco,0.05875749588012695,0.13825337552691674,0.09083339758217335,0.19002803726085005,0.1,0.3333333333333333,0.3,1.0
530619,mscoco,0.10525990463793278,0.35261220030104423,0.11101438105106354,0.24598508110505293,0.6,1.0,0.8,1.0
73196,mscoco,0.1370169073343277,0.2922209610328177,0.13713138699531555,0.2744998064363916,0.1,0.5,0.0,0.0303030303030303
507714,mscoco,0.045488327369093896,0.1853401949766549,0.09918891601264476,0.2454727972128137,0.0,0.0072992700729927,0.0,0.0416666666666666
376144,mscoco,0.00919369092443958,0.028426729201419667,0.008866075985133648,0.025342195021092112,0.3,1.0,0.5,1.0
211063,mscoco,0.04793970417231321,0.15699888104602835,0.054060469195246694,0.17261991107966448,0.1,1.0,0.1,0.3333333333333333
436799,mscoco,0.09094913136214018,0.21771550713376095,0.09663065187633038,0.23333660592190233,0.1,0.3333333333333333,0.2,0.5
204256,mscoco,0.045520438067615035,0.13862786477895822,0.044228877499699594,0.14844180088431894,0.0,0.0714285714285714,0.1,1.0
314048,mscoco,0.07130496967583895,0.14489242331647048,0.1210583096370101,0.2942964786411204,0.2,1.0,0.3,1.0
447009,mscoco,0.1354638097807765,0.2844594704869679,0.12162791080772876,0.29716397342371853,0.1,0.1,0.2,1.0
455079,mscoco,0.2908833742141724,0.5244674128641815,0.33555114418268206,0.5021552676312994,0.2,1.0,0.3,0.5
157617,mscoco,0.14565762393176557,0.3719165859209086,0.24050269797444343,0.4416286697465677,0.2,0.5,0.1,0.25
546877,mscoco,0.3946837916970253,0.4594766949316439,0.5184206321835518,0.768458534430814,0.1,0.2,0.7,1.0
41392,mscoco,0.056124891713261606,0.1521051900119442,0.06394487489014863,0.16099739921376463,0.1,1.0,0.1,1.0
556462,mscoco,0.1121110025793314,0.29989332102160626,0.16455853432416917,0.30639264113248116,0.6,0.5,0.4,1.0
80053,mscoco,0.11414541006088257,0.2691686726193036,0.23054430186748504,0.47018918569716783,0.0,0.0714285714285714,0.7,0.5
553304,mscoco,0.09077658019959926,0.24735539194156433,0.11084082573652268,0.32246675220851073,0.1,0.2,0.1,1.0
102,drawbench,0.03594718165695667,0.10310750116981736,0.08515254221856594,0.18556970528573516,0.0,0.0,0.0,0.0
463168,mscoco,0.051321070082485674,0.1605231311895098,0.05820593498647213,0.16849791375936823,0.1,0.5,0.1,0.3333333333333333
398463,mscoco,0.06467145849019289,0.1638678394885637,0.11535435058176517,0.2757148063654793,0.1,0.3333333333333333,0.5,1.0
454916,mscoco,0.1510892003774643,0.28570856699152125,0.20349845588207244,0.3129926114720865,0.0,0.0625,0.1,0.125
317022,mscoco,0.08160017095506192,0.19753527034151688,0.07972670681774616,0.21469626159031505,0.0,0.0476190476190476,0.1,0.1111111111111111
61943,mscoco,0.36258978843688966,0.6424353136985312,0.35530275106430054,0.4139797259524218,0.0,0.0099009900990099,0.0,0.0833333333333333
543521,mscoco,0.13271191492676734,0.2698050102116748,0.08973199613392353,0.22624504431325704,0.1,1.0,0.1,1.0
509490,mscoco,0.0337307158857584,0.1044120593252988,0.04499463178217411,0.127218053557457,0.0,0.0208333333333333,0.1,1.0
413970,mscoco,0.006908934458624572,0.0259659000195486,0.008080619759857655,0.0314739296062009,0.0,0.0263157894736842,0.0,0.0833333333333333
67331,mscoco,0.08436045087873936,0.253136484558579,0.17744121626019477,0.45797161311576307,0.1,0.3333333333333333,0.1,1.0
230669,mscoco,0.18006485104560851,0.529467523810236,0.24624875150620937,0.646719882415384,0.3,0.25,0.1,0.1428571428571428
487266,mscoco,0.12246672920882702,0.2600738460860068,0.08762651793658734,0.20449013781967224,0.5,1.0,0.8,1.0
525024,mscoco,0.10344260968267918,0.25338084586944454,0.11197629794478417,0.25931889541586833,0.2,0.3333333333333333,0.6,1.0
14257,mscoco,0.058760327752679586,0.1846289562674145,0.12720863558351994,0.2899029194919236,0.1,1.0,0.1,0.1
478240,mscoco,0.0902444327250123,0.21591714709031434,0.1535168904811144,0.33657038844497794,0.2,0.3333333333333333,0.0,0.0344827586206896
7211,mscoco,0.004871604964137077,0.016857136179688655,0.005491565389093012,0.017710066529557138,0.3,1.0,0.2,0.3333333333333333
23250,mscoco,0.1827618872746825,0.24334988025366383,0.3008564606308937,0.5252322814626668,0.1,0.1,0.5,1.0
3590,mscoco,0.40966186597943305,0.6023293295625062,0.4607374623417854,0.5920605824442355,0.7,1.0,1.0,1.0
580511,mscoco,0.250649930536747,0.47496918721349063,0.26282994598150256,0.4861753807260285,0.2,1.0,0.7,1.0
40658,mscoco,0.10142167061567306,0.2294189109401831,0.1377759251743555,0.31376352921048756,0.1,1.0,0.1,1.0
322350,mscoco,0.11711889915168286,0.2064908191142004,0.17509595379233361,0.3481717606792114,0.2,1.0,0.1,1.0
125635,mscoco,0.2848142206668854,0.42327975308718446,0.32098361998796465,0.6296768168836994,0.5,0.25,0.6,1.0
283631,mscoco,0.11993575468659401,0.28319134611379304,0.1620609425008297,0.3694029171948904,0.1,0.5,0.3,0.5
528729,mscoco,0.021359743364155293,0.08911541977001426,0.045946233347058295,0.1217727933602771,0.1,1.0,0.1,1.0
167021,mscoco,0.15351619571447372,0.3309352317373771,0.14966740570962428,0.34514825354307704,0.2,0.2,0.5,0.2
140100,mscoco,0.12205739375203847,0.18436781078913286,0.21924752332270145,0.35917648058425616,0.1,0.25,0.2,0.5
252213,mscoco,0.09113114550709725,0.23618595503434436,0.06981526799499989,0.1887977440323304,0.1,0.25,0.1,0.2
501364,mscoco,0.21537391133606434,0.46671899544393725,0.3894470363855362,0.6098189634731946,0.5,1.0,0.8,1.0
580390,mscoco,0.0340391531586647,0.1337864041672385,0.038103009760379794,0.13213433776894515,0.1,1.0,0.1,1.0
463859,mscoco,0.05910328272730112,0.1748695507618411,0.04457454700022936,0.14937167567600312,0.1,1.0,0.1,1.0
391657,mscoco,0.21422458961606025,0.47512645195980263,0.23763012737035752,0.4419555826051532,0.1,0.1111111111111111,0.6,0.3333333333333333
391415,mscoco,0.03821027744561434,0.11436980201215367,0.052295504882931707,0.13912927718444978,0.0,0.0123456790123456,0.1,1.0
333099,mscoco,0.025923064909875393,0.10312329378984034,0.03579743504524231,0.09989485833564271,0.1,0.5,0.1,0.2
405574,mscoco,0.0053859360748901965,0.019338048929185024,0.010788621404208243,0.03452320351936283,0.0,0.0140845070422535,0.1,1.0
575823,mscoco,0.04553050715476274,0.12772086055705728,0.04469992928206921,0.14096129012952738,0.0,0.0023923444976076,0.0,0.0222222222222222
57088,mscoco,0.2152709923684597,0.501813821434788,0.32420135140419004,0.6375014852774252,0.1,0.1428571428571428,0.2,0.3333333333333333
226957,mscoco,0.09173479229211808,0.1684916767103044,0.050199811533093455,0.14313561646422077,0.1,1.0,0.1,0.25
184329,mscoco,0.19320235550403594,0.31956700024424706,0.2099931262433529,0.39205777375109613,0.0,0.0104166666666666,0.0,0.0043103448275862
550324,mscoco,0.39701348841190337,0.41979249844038385,0.5518537312746048,0.7295658885953513,0.6,0.25,1.0,1.0
575174,mscoco,0.2001746602356434,0.37905527200880534,0.195351392775774,0.38968043204598085,0.1,1.0,0.3,0.25
24380,mscoco,0.24759632498025894,0.5370882416288005,0.17890193425118922,0.39279621389403896,0.4,0.3333333333333333,0.2,0.3333333333333333
506394,mscoco,0.14678471870720386,0.30291387255830377,0.1539714939892292,0.32595065541768264,0.5,0.5,0.9,1.0
195463,mscoco,0.2132123254239559,0.32274786206353173,0.18526088446378708,0.3041489045339497,0.2,1.0,0.3,1.0
308892,mscoco,0.062670717574656,0.1806724175410052,0.07970970757305622,0.20107768419929728,0.0,0.0588235294117647,0.1,0.5
361913,mscoco,0.08759721163660288,0.1941673315310304,0.1409252118319273,0.23699761478188977,0.1,0.1111111111111111,0.1,0.3333333333333333
293532,mscoco,0.0962061882019043,0.21126563704042872,0.11978319957852364,0.31665627121664236,0.4,0.3333333333333333,0.6,1.0
338118,mscoco,0.03929235730320215,0.12265005410522356,0.04036419186741114,0.14957476942537037,0.1,1.0,0.1,1.0
521250,mscoco,0.0975119199603796,0.22780537387165398,0.11573906131088733,0.38141947361090456,0.2,0.5,0.2,0.25
85353,mscoco,0.013801307464018465,0.040496254635414085,0.013384865829721093,0.05097511831124922,0.2,1.0,0.0,0.0666666666666666
35951,mscoco,0.03476430457085371,0.10085189844684034,0.028348730131983756,0.09998700339104664,0.0,0.009090909090909,0.1,0.1666666666666666
16764,mscoco,0.10195614062249661,0.26492671144389185,0.12059373259544373,0.2938885214210956,0.0,0.0434782608695652,0.2,1.0
397427,mscoco,0.07280742563307285,0.19423826772934843,0.08903595618903637,0.2500292305268164,0.1,1.0,0.1,0.5
515561,mscoco,0.04060348682105541,0.14431766276839544,0.059828342869877815,0.17513474476958865,0.0,0.037037037037037,0.1,1.0
366829,mscoco,0.04878784585744143,0.13623391340707638,0.08028319478034973,0.20509506497791086,0.0,0.0131578947368421,0.1,0.5
432410,mscoco,0.27776180654764177,0.4688976981819377,0.4142897367477417,0.5312765330999634,0.0,0.0666666666666666,0.2,0.1428571428571428
61972,mscoco,0.022768449597060682,0.10342635774736562,0.03533844770863652,0.12049738900426031,0.1,1.0,0.1,1.0
499054,mscoco,0.142616456001997,0.3660239503939784,0.09643155485391616,0.27290984706973437,0.1,0.1,0.4,1.0
569021,mscoco,0.023616238916292786,0.07204475047705473,0.03189186370000243,0.11401466066926531,0.1,0.5,0.0,0.0909090909090909
9029,mscoco,0.09066280983388424,0.2280253678461899,0.11080442480742932,0.2538753157962941,0.3,1.0,0.4,1.0
18373,mscoco,0.25806176364421846,0.43581119216127956,0.451166108250618,0.5835655072681832,0.7,1.0,0.9,1.0
336001,mscoco,0.10479617826640605,0.20824522621372205,0.10284918434917927,0.20532195814350554,0.2,0.25,0.4,0.3333333333333333
461475,mscoco,0.03281858041882515,0.11063833159778674,0.02619204930961132,0.07445464675500527,0.0,0.0285714285714285,0.2,0.5
388841,mscoco,0.0874019604176283,0.2484754160417137,0.10218066796660423,0.2664946342183385,0.5,0.3333333333333333,0.4,1.0
284940,mscoco,0.0981994155794382,0.18777661096335976,0.15508627891540527,0.28645032891559963,0.1,0.5,0.4,0.5
394759,mscoco,0.09252567924559116,0.23961989289884078,0.10469354465603828,0.331279769471496,0.5,0.5,0.3,1.0
358411,mscoco,0.03693137522786856,0.13355598284401213,0.07509762439876795,0.17949621528916107,0.2,0.5,0.5,1.0
284421,mscoco,0.07099716905504465,0.1813718317905286,0.06965979263186454,0.25767319557515245,0.6,1.0,0.2,0.3333333333333333
237716,mscoco,0.07756866198033094,0.23054742287928984,0.07924814671278,0.20541862805997518,0.2,0.5,0.2,1.0
167520,mscoco,0.02122364998795092,0.06144026726286149,0.00565959470695816,0.026804346209240625,0.1,0.2,0.1,0.5
568611,mscoco,0.14546269923448563,0.24872578018555805,0.19887427762150764,0.39303718821188,0.4,0.25,0.5,0.5
159356,mscoco,0.19419767670333385,0.43924398534939596,0.09719027802348137,0.2609099896454175,0.1,0.5,0.1,0.2
301261,mscoco,0.040709849912673235,0.13067460711498366,0.09699603244662285,0.24609206982269224,0.0,0.0625,0.0,0.037037037037037
113787,mscoco,0.026555853988975288,0.09204894098319859,0.04437537211924791,0.13274001923278772,0.1,0.125,0.1,0.1428571428571428
375809,mscoco,0.21811557412147523,0.36819623005782726,0.23498598262667655,0.3076935096505466,0.3,0.3333333333333333,0.4,0.3333333333333333
64460,mscoco,0.27939439136534927,0.5593625206756222,0.24447076246142388,0.4142886881514453,0.5,0.5,0.5,1.0
470799,mscoco,0.10464799106121063,0.22692815824035545,0.13792236484587192,0.24497538737466354,0.4,1.0,0.5,1.0
382046,mscoco,0.16239317879080772,0.2879093305296188,0.3016747564077377,0.4606360418500165,0.0,0.0625,0.5,1.0
170974,mscoco,0.17615685239434242,0.4087564823980618,0.3701873779296875,0.5217892616332859,0.0,0.0303030303030303,0.3,0.25
562160,mscoco,0.0723370760679245,0.19956546519070448,0.07792378347367049,0.1967402852149215,0.1,1.0,0.1,0.25
562248,mscoco,0.09688109196722508,0.3525003706687412,0.1103174477815628,0.24818373866340043,0.2,1.0,0.3,1.0
96638,mscoco,0.08817858584225177,0.1915922322659292,0.30053116381168365,0.47890564879431313,0.2,0.25,0.6,1.0
164234,mscoco,0.30576017796993255,0.37329835526331945,0.2169259309768677,0.39654315926791855,0.7,1.0,0.6,1.0
278962,mscoco,0.09929816871881485,0.27299881104273827,0.083554782345891,0.27150954954652495,0.2,0.3333333333333333,0.4,1.0
553248,mscoco,0.06407836619764566,0.17823047091397892,0.06682467181235552,0.20831694221534736,0.2,0.5,0.1,0.5
523371,mscoco,0.13610440641641616,0.3282026971857957,0.15151141732931137,0.3983166852740442,0.1,0.2,0.2,1.0
141283,mscoco,0.04861571416258812,0.14921322752928318,0.061836884915828706,0.16835709670720797,0.0,0.0051020408163265,0.0,0.0033003300330033
320292,mscoco,0.314637590944767,0.5909885489881205,0.30119704455137253,0.5489291367841521,0.5,1.0,0.7,1.0
269588,mscoco,0.07542374804615974,0.1748008585372663,0.11617048420011997,0.26109215759652893,0.1,0.2,0.5,1.0
113594,mscoco,0.042381614446640015,0.15011604346786225,0.05562146473675966,0.15580973516821692,0.0,0.0011627906976744,0.0,0.0038022813688212
349622,mscoco,0.1480987522751093,0.272402533393334,0.17946843467652798,0.3497562606212733,0.1,0.1,0.3,0.3333333333333333
215226,mscoco,0.07875443119555711,0.17957101392427777,0.07234143558889627,0.17080185102778428,0.1,0.5,0.1,0.5
78371,mscoco,0.025059034675359727,0.09614968505079197,0.037092295568436386,0.11598859338601616,0.0,0.024390243902439,0.0,0.0163934426229508
451972,mscoco,0.06936526987701655,0.23088815418993977,0.09295542985200882,0.21206788564056525,0.1,1.0,0.1,0.5
163,drawbench,0.024552324134856463,0.11060891996293,0.031443280074745415,0.09974499815764479,0.0,0.0,0.0,0.0
150360,mscoco,0.05793370939791202,0.14520745307806482,0.0752821233123541,0.2002034750002321,0.0,0.0178571428571428,0.2,1.0
138567,mscoco,0.0753285177052021,0.2056132392319148,0.08194088898599147,0.1810136078601747,0.0,0.0149253731343283,0.1,1.0
383220,mscoco,0.13128536343574523,0.3054584512655463,0.09721971079707145,0.27401917389894304,0.1,1.0,0.1,1.0
557272,mscoco,0.0629623293876648,0.16796342645001522,0.04775583054870367,0.15937216956569117,0.1,0.25,0.1,0.5
17073,mscoco,0.013755773333832622,0.05727228726905304,0.015847283671610056,0.05258094138330286,0.1,1.0,0.1,1.0
441083,mscoco,0.22739273607730864,0.32997529123100156,0.17402017079293727,0.2792194505694181,0.9,0.5,0.8,0.5
109750,mscoco,0.08319453075528145,0.21070127234400685,0.14915283098816873,0.34300643466526853,0.1,0.5,0.1,1.0
20279,mscoco,0.08534979559481144,0.21771204974194538,0.060947390645742415,0.14924583140615666,0.2,1.0,0.2,0.5
324845,mscoco,0.07973800078034401,0.2155003229506634,0.10995331704616547,0.23848043116726703,0.1,0.2,0.3,1.0
303520,mscoco,0.061079108342528346,0.12612413427293956,0.05099027249962092,0.14195020541062728,0.1,1.0,0.1,1.0
363136,mscoco,0.1305542815476656,0.26448260057592016,0.1409861922264099,0.25430220294717387,0.1,0.125,0.1,1.0
161622,mscoco,0.061604851856827736,0.2016496649245585,0.062407035194337365,0.1559364944953734,0.1,1.0,0.2,0.5
315242,mscoco,0.08714965581893921,0.31866473499703346,0.09980066306889057,0.2555154351204289,0.0,0.0222222222222222,0.1,1.0
418723,mscoco,0.026971796713769435,0.10267966398023456,0.03756787907332182,0.10708496655932005,0.1,1.0,0.1,0.1666666666666666
65440,mscoco,0.13816409483551978,0.297167352373598,0.15328548569232225,0.3615319390608035,0.1,0.1111111111111111,0.0,0.0016
111907,mscoco,0.09785778000950814,0.22373056209880274,0.16350556239485742,0.3895291590041249,0.2,0.3333333333333333,0.4,1.0
465140,mscoco,0.09944354631006717,0.22684919323340993,0.12394714914262295,0.24854763800219754,0.1,0.5,0.1,0.5
21083,mscoco,0.06673544906079769,0.13738605117995978,0.10151253826916218,0.2804215082488224,0.1,0.1,0.1,0.2
200202,mscoco,0.09084013625979423,0.27233161756545793,0.12565767616033555,0.34757552156468613,0.3,0.3333333333333333,0.7,1.0
215320,mscoco,0.02176727820187807,0.08099665587304884,0.037323128525167705,0.1221343662370672,0.0,0.0666666666666666,0.2,0.25
28978,mscoco,0.19559917133301497,0.2959301369310958,0.1598236493766308,0.33637414608336524,0.0,0.0769230769230769,0.4,1.0
281427,mscoco,0.050571488216519356,0.14876117891779034,0.1000062394887209,0.2260911572975863,0.0,0.0161290322580645,0.2,1.0
357663,mscoco,0.08958275616168976,0.26581694051519555,0.06491430029273033,0.24334262218778352,0.1,1.0,0.1,1.0
186171,mscoco,0.2249015413224697,0.3604535964558049,0.17934987023472787,0.5930420801488379,0.0,0.05,0.1,0.3333333333333333
386788,mscoco,0.14725779965519906,0.27859353821383614,0.10962334126234055,0.30595388636027937,0.1,0.5,0.0,0.0909090909090909
492363,mscoco,0.027873837389051914,0.07013017987616163,0.029539406951516866,0.08587289212804054,0.1,1.0,0.1,1.0
486547,mscoco,0.45766016840934753,0.5997865509349041,0.4310730829834938,0.49461074212089967,0.1,1.0,0.1,0.5
516570,mscoco,0.029169735545292497,0.0949544960891648,0.03984437026083469,0.11110097528734666,0.1,0.2,0.1,0.1
152662,mscoco,0.11750969961285591,0.26741865554569344,0.16432948783040047,0.33050994457960575,0.0,0.0277777777777777,0.0,0.037037037037037
415280,mscoco,0.06967298183590173,0.1955112747284527,0.09125141631811858,0.23305807822373045,0.1,1.0,0.1,1.0
397404,mscoco,0.08376018553972245,0.1891555323265052,0.13337357714772224,0.29180084988383703,0.0,0.0095238095238095,0.0,0.0526315789473684
488801,mscoco,0.3962946251034737,0.7336644038114872,0.43984746783971784,0.7349721779233449,0.7,1.0,0.8,1.0
544956,mscoco,0.013049083156511187,0.04661336069243509,0.011658201296813785,0.04580316920695312,0.1,1.0,0.1,1.0
576859,mscoco,0.13473721034824848,0.28135553891088205,0.17942451015114785,0.4500091238876047,0.1,0.2,0.0,0.0106382978723404
280370,mscoco,0.09929735176265239,0.2525819090639556,0.09385071843862533,0.21188754673203955,0.1,0.1666666666666666,0.1,0.1
310853,mscoco,0.14132670313119888,0.26397410245463476,0.19750768691301346,0.33122268254139814,0.1,0.2,0.2,0.5
363527,mscoco,0.10819085985422135,0.19585849517614398,0.11869753934442998,0.2196661895706355,0.1,0.5,0.2,1.0
47548,mscoco,0.16706539280712604,0.37186267687039964,0.17189977765083314,0.3563392477872379,0.2,1.0,0.2,0.5
542313,mscoco,0.10301735755056143,0.25574466116266104,0.12752210088074206,0.26984794490444414,0.2,0.3333333333333333,0.2,0.5
183386,mscoco,0.2112137146294117,0.3352052482391269,0.21882561817765236,0.3752333542663506,0.5,0.25,0.3,0.2
131101,mscoco,0.04982988964766264,0.14925737342157333,0.09002863112837076,0.2220347898662715,0.1,0.3333333333333333,0.4,1.0
130981,mscoco,0.10005195625126362,0.23079469652353396,0.16697126552462577,0.39852570019098965,0.1,0.1111111111111111,0.8,1.0
443547,mscoco,0.0608191603794694,0.1446367951503481,0.04534793123602867,0.14980542049766685,0.1,0.25,0.1,1.0
103978,mscoco,0.2558797672390938,0.4658684367339066,0.35304838567972185,0.5956113041805106,0.2,0.5,0.3,1.0
7669,mscoco,0.35876985639333725,0.5446035560088178,0.39495053589344026,0.5075807911932767,0.4,1.0,0.7,1.0
111245,mscoco,0.026152937673032284,0.08754970626178513,0.02697857189923525,0.09381125749563417,0.1,1.0,0.1,1.0
326948,mscoco,0.5157012552022934,0.7916089017823289,0.3957709535956383,0.7809470400354496,0.5,1.0,0.7,1.0
486807,mscoco,0.008360042027197779,0.03422337295075189,0.009690570994280279,0.036496473553054805,0.1,1.0,0.1,0.5
303652,mscoco,0.04566759057343006,0.12462748090773314,0.07839696519076825,0.2199665148535079,0.0,0.0044843049327354,0.1,1.0
173547,mscoco,0.1750042423605919,0.27366625652966287,0.16632101386785508,0.32503957192859445,0.6,1.0,0.6,1.0
325239,mscoco,0.015508842561393977,0.054443624605765066,0.031207371782511473,0.0681250825718212,0.1,0.125,0.0,0.037037037037037
353357,mscoco,0.04668350536376238,0.14011260903796574,0.0456159820780158,0.11479516093537113,0.1,0.1111111111111111,0.0,0.0105263157894736
426429,mscoco,0.07884974498301744,0.20725036320240992,0.04530862513929605,0.10806983460218311,0.2,0.3333333333333333,0.2,0.5
261207,mscoco,0.13482974618673324,0.29436116303616167,0.10580641701817513,0.2639711328407283,0.3,0.3333333333333333,0.2,0.1666666666666666
461506,mscoco,0.05910135097801685,0.1867815857868202,0.09589891694486141,0.22722255777353237,0.1,0.125,0.0,0.0909090909090909
44856,mscoco,0.10735054705291987,0.23245151169282613,0.09320250451564789,0.2841380577270148,0.2,0.3333333333333333,0.2,0.5
180817,mscoco,0.029872265574522317,0.08910525472297552,0.021256820671260356,0.05655995436493047,0.1,0.5,0.1,0.1428571428571428
390435,mscoco,0.4481746330857277,0.8118202967049658,0.5459408551454544,0.8104175496991123,0.3,1.0,0.5,1.0
49648,mscoco,0.17340697720646858,0.3511912736606169,0.2688360992819071,0.4315259001743034,0.1,0.2,0.1,1.0
172498,mscoco,0.03446369264274836,0.10839125771955005,0.0828292166814208,0.1743221673299209,0.1,1.0,0.5,1.0
67126,mscoco,0.06670698877424001,0.13463680925960028,0.07411124799400567,0.1872720186601606,0.1,0.5,0.0,0.0769230769230769
478029,mscoco,0.06456472147256136,0.2224605321471395,0.05573752745985985,0.14209855495377943,0.1,0.2,0.1,1.0
508567,mscoco,0.09452552273869515,0.20362616131961106,0.13741310611367225,0.32857631840678414,0.2,0.2,0.8,0.5
81,drawbench,0.07698672935366631,0.258766713578229,0.20422050580382348,0.3038209727413088,0.0,0.0232558139534883,0.0,0.027027027027027
109355,mscoco,0.12925455793738366,0.297591488586886,0.17330232486128808,0.3423015522307342,0.0,0.0043668122270742,0.0,0.0333333333333333
48935,mscoco,0.2962172761559486,0.5223543349891461,0.3222872957587242,0.5235073152047743,0.2,1.0,0.3,0.25
84886,mscoco,0.07879452556371688,0.24105549158503214,0.09598404243588447,0.24050170726227932,0.0,0.05,0.4,1.0
217271,mscoco,0.08332664296030998,0.24408018452196056,0.11813212148845195,0.3328625173911051,0.1,0.5,0.2,1.0
480140,mscoco,0.011133098462596535,0.037457699815947744,0.014271265640854836,0.04985709659572916,0.0,0.0476190476190476,0.0,0.0357142857142857
327105,mscoco,0.24896788820624352,0.485293502697338,0.3777459144592285,0.558764129948563,0.2,1.0,0.5,0.2
55768,mscoco,0.2081222340464592,0.281259766122916,0.41852677762508395,0.6375711560431915,0.1,0.1,0.7,1.0
129030,mscoco,0.018719079275615513,0.07009327953955921,0.027239096723496913,0.08672952041202846,0.1,1.0,0.1,1.0
565387,mscoco,0.11611022092401982,0.22841766897395255,0.19523762539029121,0.3024398155737205,0.0,0.0666666666666666,0.1,0.5
553501,mscoco,0.01652073385193944,0.05092213651517439,0.018740244209766388,0.05264676280833226,0.1,0.1666666666666666,0.1,1.0
170193,mscoco,0.08328275326639414,0.15409401789127994,0.11630886066704989,0.2563271260722685,0.2,1.0,0.2,1.0
199,drawbench,0.02291507865302265,0.057459867808626025,0.018350384733639657,0.06286760163879601,0.0,0.0,0.0,0.0
65162,mscoco,0.1433553345501423,0.2912255160513502,0.10800730250775814,0.28006035852393,0.1,0.5,0.1,0.3333333333333333
334542,mscoco,0.39773081690073014,0.5883533597907131,0.3464415788650513,0.5297000824307245,0.3,0.2,0.6,1.0
185559,mscoco,0.806845623254776,0.9005134549128003,0.8665405809879303,0.9493004275478807,0.8,1.0,1.0,1.0
134066,mscoco,0.27878609895706175,0.387582855397741,0.34955556094646456,0.6112432107085212,0.2,0.3333333333333333,0.2,0.25
19318,mscoco,0.21066018417477608,0.5241853552169281,0.34264209270477297,0.6307825770755036,0.2,1.0,0.2,1.0
122896,mscoco,0.20246332734823227,0.3410445875661182,0.3557449743151665,0.4453494087812363,0.2,0.1666666666666666,0.0,0.0909090909090909
484175,mscoco,0.056269177421927455,0.14020969668771946,0.10467004477977752,0.23670431487938823,0.0,0.0256410256410256,0.1,0.25
550049,mscoco,0.2643405802547932,0.5195164406068754,0.3113630458712578,0.5798013026809131,0.7,1.0,0.6,1.0
558966,mscoco,0.03488768152892589,0.13987433382552697,0.059793671220541,0.1551831768411709,0.4,1.0,0.6,1.0
303177,mscoco,0.282815770059824,0.47364485116454286,0.2430107668042183,0.417754189612156,0.0,0.0344827586206896,0.0,0.001727115716753
300047,mscoco,0.043451732769608495,0.12341299311827009,0.06400197129696608,0.18455798550510333,0.2,1.0,0.1,0.25
281977,mscoco,0.055585546977818014,0.16173701393216808,0.10809403285384178,0.3035883059100367,0.8,1.0,1.0,1.0
100169,mscoco,0.10241081602871419,0.23085948707650947,0.24147142842411995,0.48040965953776754,0.2,0.3333333333333333,0.3,1.0
35217,mscoco,0.03352687279693782,0.11569408804937203,0.071982242166996,0.18948041154350306,0.1,0.5,0.0,0.0049019607843137
195863,mscoco,0.4065993741154671,0.6428661069338346,0.4934048235416412,0.5353443453596728,0.3,0.3333333333333333,0.6,0.5
55753,mscoco,0.009394763712771237,0.028602642485588452,0.013418490265030414,0.03607370262720836,0.0,0.0119047619047619,0.0,0.0277777777777777
189504,mscoco,0.045083025190979245,0.13685843932687755,0.03975476156920195,0.12259927298809944,0.0,0.0175438596491228,0.1,1.0
257236,mscoco,0.06152811162173748,0.14221235170145027,0.051793385110795495,0.13720833579848102,0.0,0.02,0.1,0.2
15830,mscoco,0.0307617565151304,0.11547202903674199,0.03901094831526279,0.14475873209906925,0.1,1.0,0.1,1.0
382423,mscoco,0.07639960274100303,0.16458106792413185,0.06394453216344118,0.19128471903091976,0.1,1.0,0.2,1.0
182,drawbench,0.02658873493783176,0.09951581038256009,0.018484757002443074,0.05885092063604088,0.0,0.0,0.0,0.0
261431,mscoco,0.01876886240206659,0.08067688042001092,0.02237537729088217,0.09368233201647157,0.2,1.0,0.2,1.0
286021,mscoco,0.15685211047530173,0.40495211347239707,0.139791002497077,0.2734540788819689,0.0,0.0909090909090909,0.0,0.037037037037037
179,drawbench,0.07436394840478897,0.16845750539070417,0.051309436373412606,0.13386792315121454,0.0,0.0,0.0,0.0
20145,mscoco,0.08334792833775281,0.20495875080648,0.11227566190063953,0.32071026906854755,0.0,0.0909090909090909,0.0,0.0666666666666666
545274,mscoco,0.07004513703286648,0.24976345353513985,0.0971633404493332,0.24340285939654852,0.0,0.0526315789473684,0.2,1.0
93,drawbench,0.06397540047764778,0.2649076947542976,0.08383766710758209,0.2653402885250021,0.0,0.0003133813851457,0.0,0.0013586956521739
254726,mscoco,0.16280880197882652,0.30086063468380475,0.1584516204893589,0.270864181488595,0.3,1.0,0.4,0.3333333333333333
182125,mscoco,0.2120957277715206,0.3862687630062309,0.3230100855231285,0.5170909936335657,0.1,0.1111111111111111,0.2,0.3333333333333333
46055,mscoco,0.06623775158077479,0.18000573628481317,0.05148583622649312,0.1563317977965535,0.0,0.027027027027027,0.1,1.0
336933,mscoco,0.12565120458602905,0.2810389007906595,0.16050063893198968,0.300303796995359,0.0,0.0013717421124828,0.1,0.1
175597,mscoco,0.0686697244644165,0.20856347818037174,0.13993720933794976,0.25339127946324586,0.1,1.0,0.0,0.0303030303030303
370157,mscoco,0.023624056577682497,0.0788820255481044,0.03492523347958922,0.11611993142425729,0.0,0.0227272727272727,0.1,0.25
361356,mscoco,0.017903447896242142,0.06626053366915746,0.024727003881707788,0.075221782022049,0.2,1.0,0.3,1.0
452806,mscoco,0.3432429447770119,0.4655355411127533,0.47213814705610274,0.7903511890290608,0.4,0.25,0.6,0.5
136,drawbench,0.11416684724390506,0.28228629975170344,0.09086284972727299,0.2816969241365406,0.0,7.48839299086416e-05,0.0,1.80446786242737e-05
191314,mscoco,0.04683259623125195,0.1414477050416372,0.05760585628449917,0.20007172828014488,0.1,0.5,0.1,1.0
26,drawbench,0.25977318808436395,0.5070500774544681,0.20871645584702492,0.38329215190064403,0.0,0.0,0.0,0.0
24414,mscoco,0.1678068995475769,0.35388483951069666,0.13189209550619124,0.30267622914905695,0.2,1.0,0.5,1.0
499634,mscoco,0.05330459419637919,0.1369089531883166,0.06645681187510491,0.18110075974537324,0.0,0.037037037037037,0.0,0.0121951219512195
13482,mscoco,0.08795460164546967,0.212326054959831,0.06799352820962667,0.18176303528487442,0.1,1.0,0.1,1.0
267861,mscoco,0.11107875257730485,0.2359699864094255,0.16300763934850693,0.35703006244828683,0.1,0.1666666666666666,0.1,1.0
498967,mscoco,0.155497520416975,0.319110834653902,0.2321029856801033,0.3801206884659552,0.3,0.3333333333333333,0.2,1.0
247979,mscoco,0.0027035094914026558,0.011729505885405594,0.002274814620614052,0.011367763432939439,0.1,1.0,0.1,1.0
438196,mscoco,0.08411684036254882,0.2405910752109294,0.11718146335333586,0.2208385755671572,0.3,1.0,0.3,1.0
230700,mscoco,0.15015757344663144,0.33403843388090027,0.12408726699650288,0.2263760797921782,0.0,0.0076335877862595,0.0,0.0909090909090909
22660,mscoco,0.08923199661076069,0.25127927930927957,0.05724093317985535,0.18331987099580688,0.3,1.0,0.3,1.0
227982,mscoco,0.029280854668468238,0.09964208718394334,0.024358977656811477,0.07698475464609453,0.1,0.25,0.2,0.5
134807,mscoco,0.005514006619341672,0.022906180480502757,0.006754569266922772,0.0247294878984135,0.1,1.0,0.1,1.0
209788,mscoco,0.06439324207603932,0.1570846649857242,0.11608107537031173,0.3106121419057937,0.0,0.0263157894736842,0.0,0.02
139518,mscoco,0.08773887380957604,0.1793999200829706,0.0949475884437561,0.2572635201746116,0.0,0.0454545454545454,0.1,0.25
232625,mscoco,0.06355240996927022,0.16209352845301714,0.07372819371521473,0.22896078340177034,0.0,0.0303030303030303,0.2,0.25
423875,mscoco,0.01956478087231517,0.060287634754327295,0.02535578953102231,0.07889497219306542,0.1,1.0,0.1,1.0
87878,mscoco,0.1330294907093048,0.2715242888866576,0.10188890993595123,0.2672873590672189,0.0,0.0416666666666666,0.1,0.5
55,drawbench,0.08026866950094699,0.16306751602589048,0.0497585266828537,0.147999715083476,0.0,0.0,0.0,0.0
315273,mscoco,0.17292010560631751,0.3274729360919015,0.27590696066617965,0.539376164652495,0.3,1.0,0.5,0.5
118968,mscoco,0.06802499778568745,0.18567188508900648,0.07985199186950923,0.16273580146819216,0.1,0.5,0.0,0.0714285714285714
426459,mscoco,0.19716753736138343,0.42248993506029386,0.1606422495096922,0.31411086306490615,0.3,0.2,0.1,0.1
310695,mscoco,0.12116097062826156,0.350055595895109,0.10585076622664928,0.22763156011338886,0.1,1.0,0.3,1.0
266912,mscoco,0.34704518020153047,0.5247556571105381,0.30018334463238716,0.6140996825228349,0.1,0.5,0.1,1.0
70187,mscoco,0.08137178998440504,0.21917853213722543,0.12210680320858955,0.29186342745261284,0.1,0.5,0.1,1.0
75352,mscoco,0.22599467933177947,0.48459831139833476,0.316250579059124,0.395732769576639,0.2,0.5,0.5,0.5
485187,mscoco,0.03459179047495127,0.10357996264269578,0.033191222511231896,0.10362861680487005,0.3,0.25,0.3,1.0
446310,mscoco,0.16584597900509834,0.3091136855540853,0.2741070792078972,0.5010485190482398,0.0,0.0416666666666666,0.6,1.0
172702,mscoco,0.03111078068614006,0.08390050766298875,0.040455858875066045,0.09272189693530197,0.1,1.0,0.1,1.0
41838,mscoco,0.16992102693766356,0.4670885090605949,0.22675755843520165,0.4604963417896977,0.8,1.0,1.0,1.0
348083,mscoco,0.028610265627503396,0.07972156877858744,0.039796847850084305,0.1765563375405798,0.1,0.1111111111111111,0.1,0.2
465198,mscoco,0.17626919746398925,0.3790954785562775,0.27915783375501635,0.5792709839082355,0.0,0.0454545454545454,0.1,1.0
458123,mscoco,0.23720999360084533,0.45923528786835016,0.2410476967692375,0.4127545672380241,0.1,0.2,0.3,1.0
215558,mscoco,0.3986543208360672,0.7503390084054153,0.3604795515537262,0.681510150268318,0.0,0.0769230769230769,0.4,1.0
201019,mscoco,0.08101678155362606,0.21991149000181484,0.1722920212894678,0.2942677122049619,0.2,0.1428571428571428,0.9,0.5
153921,mscoco,0.17095971405506133,0.346995272071053,0.27539482340216637,0.5403499702223797,0.1,0.2,0.1,0.1428571428571428
345389,mscoco,0.004592086060438305,0.017514455802524732,0.004752483847551048,0.018551857548754633,0.1,0.1111111111111111,0.1,1.0
359066,mscoco,0.034296238957904276,0.13672669853847447,0.05264977719634771,0.16706036016927373,0.1,1.0,0.2,0.25
22102,mscoco,0.07805597074329854,0.21427581403855564,0.14115729555487633,0.34285284738904626,0.7,1.0,0.9,1.0
194419,mscoco,0.197642070800066,0.34090445359312604,0.21663416177034378,0.38654722689234117,0.5,0.5,0.5,1.0
391053,mscoco,0.127212243527174,0.3876772429826393,0.10572637170553208,0.28804119570368386,0.1,0.25,0.0,0.0033783783783783
20171,mscoco,0.11843676269054412,0.33423879219472824,0.12562797591090202,0.2835816457245983,0.3,1.0,0.7,1.0
538001,mscoco,0.1923983559012413,0.32875431263123583,0.3098662607371807,0.4272478755357978,0.0,0.0095238095238095,0.0,0.0024570024570024
575490,mscoco,0.027983348350971937,0.09246031951130596,0.053669304214417936,0.15811663405790993,0.2,0.5,0.7,0.3333333333333333
75427,mscoco,0.11799335777759552,0.2467804155798564,0.12847296819090842,0.2850203198760599,0.1,1.0,0.1,0.5
510564,mscoco,0.07585641499608756,0.18139441790755792,0.09133165739476681,0.3240212947380768,0.0,0.0454545454545454,0.1,0.5
58117,mscoco,0.08887284025549888,0.19032364712952754,0.07272185068577527,0.24526229803912278,0.1,0.5,0.1,0.1666666666666666
294416,mscoco,0.13259425312280654,0.32833808185563523,0.22827074080705642,0.5413136510361319,0.0,0.0416666666666666,0.3,1.0
525176,mscoco,0.16686967350542545,0.3420908101562072,0.20661085993051528,0.41836621348618114,0.0,0.0133333333333333,0.0,0.0588235294117647
316522,mscoco,0.02453160167206079,0.10727458609136101,0.044060729024931786,0.12424378827434734,0.1,1.0,0.1,0.2
198832,mscoco,0.149489064514637,0.3151100455951676,0.29777947515249253,0.4883428668405741,0.0,0.0113636363636363,0.0,0.0294117647058823
378022,mscoco,0.062073308043181896,0.16374269476643816,0.05501795783638954,0.16156147588724384,0.1,0.25,0.3,1.0
306037,mscoco,0.1133567787706852,0.2555002533277445,0.09071750845760107,0.31750830937009145,0.0,0.0333333333333333,0.1,1.0
51021,mscoco,0.14046181961894036,0.300259295940431,0.18864300325512887,0.3932612449905803,0.4,1.0,0.8,1.0
225392,mscoco,0.027349975891411304,0.08173318104930258,0.06152104325592518,0.20036612263836298,0.0,0.0232558139534883,0.3,0.3333333333333333
543490,mscoco,0.07596913389861584,0.17448058107032516,0.11570648588240147,0.22740894954870164,0.2,1.0,0.4,0.5
305117,mscoco,0.026751569658517837,0.09289804949603137,0.031307426560670135,0.1142240019537528,0.0,0.0192307692307692,0.1,1.0
519387,mscoco,0.01926288930699229,0.061415438082192735,0.015471595572307706,0.052483602992535655,0.0,0.00177304964539,0.0,0.0192307692307692
98501,mscoco,0.1397164672613144,0.33818305043709723,0.19081007912755013,0.3781111743155779,0.1,0.1111111111111111,0.0,0.0120481927710843
249791,mscoco,0.07284060269594192,0.24883807174261752,0.11282029412686825,0.260087049283936,0.1,0.3333333333333333,0.0,0.0147058823529411
327664,mscoco,0.09501221776008606,0.24611119520791155,0.13781211599707605,0.3040923788873765,0.1,0.25,0.2,1.0
22,drawbench,0.005616712267510593,0.022238561353747608,0.008360558236017824,0.03137556509465337,0.0,0.0,0.0,0.0
225654,mscoco,0.07167618647217751,0.1787701808090963,0.07768126130104065,0.26738942722291226,0.0,0.0384615384615384,0.1,1.0
47700,mscoco,0.23368577659130096,0.4774927363508754,0.24966578483581542,0.362910960484609,0.3,0.5,0.2,0.2
77159,mscoco,0.1604476235806942,0.3131257994811556,0.2045401118695736,0.42045404829130023,0.1,0.1111111111111111,0.3,1.0
501773,mscoco,0.0650081392377615,0.17520588131259646,0.07098229378461837,0.1970869577414528,0.1,1.0,0.1,1.0
355137,mscoco,0.21810226440429686,0.45525910604273107,0.24657280892133712,0.3969830020192507,0.1,0.2,0.4,1.0
476055,mscoco,0.12384105622768402,0.2721734727896916,0.176178739964962,0.39600293902575534,0.1,0.1666666666666666,0.2,0.5
446898,mscoco,0.10920062027871609,0.23794198085994786,0.15933170206844807,0.34842426246813,0.2,1.0,0.5,1.0
336645,mscoco,0.14557792693376542,0.34380028368060234,0.19065228700637818,0.389453553107884,0.2,1.0,0.4,0.3333333333333333
57242,mscoco,0.05665541179478169,0.16827045228462564,0.0554142065346241,0.17416191699316244,0.1,0.5,0.1,1.0
137178,mscoco,0.2680184945464134,0.5457469089671416,0.33427301943302157,0.5916991933016033,0.4,0.5,0.4,1.0
113113,mscoco,0.12340669929981232,0.3048170486463537,0.2347415179014206,0.5299145351865469,0.6,1.0,0.5,1.0
403028,mscoco,0.22114155143499375,0.37419714340253707,0.24945874363183976,0.44646034994477957,0.1,0.1111111111111111,0.1,1.0
346795,mscoco,0.02537976310122758,0.08034741490934831,0.02021230207756162,0.06271720408009997,0.1,0.1,0.0,0.0909090909090909
145682,mscoco,0.17233280912041665,0.30726138241263856,0.10820836946368217,0.22518568576726236,0.1,0.1111111111111111,0.0,0.0163934426229508
418791,mscoco,0.03297664150595665,0.10923962938789723,0.0443918650969863,0.12887499163992183,0.0,0.0833333333333333,0.1,1.0
107838,mscoco,0.20338046476244925,0.3896026922134133,0.23371913880109788,0.556441957302502,0.2,1.0,0.5,1.0
149577,mscoco,0.16361368969082832,0.3815877739477661,0.2162973053753376,0.3866441282897585,0.1,1.0,0.1,1.0
10,drawbench,0.14620988704264165,0.3690937882301048,0.17287644147872924,0.3978225101670958,0.0,0.0,0.0,0.0
544614,mscoco,0.5578386798501015,0.824725999287263,0.6578028157353402,0.8469022678426363,0.9,1.0,1.0,1.0
419150,mscoco,0.15781775563955308,0.3515444051182065,0.25693875886499884,0.8243101202158033,0.1,0.1666666666666666,0.2,1.0
496783,mscoco,0.03268547342158854,0.11635903833597445,0.05444488292559981,0.14252733522603303,0.2,1.0,0.2,1.0
195062,mscoco,0.25321547091007235,0.4206240070722884,0.25936369597911835,0.4448135041076538,0.1,0.1111111111111111,0.6,1.0
183481,mscoco,0.24656476974487304,0.3702932800467245,0.30831205397844313,0.4637546294699153,0.7,0.5,0.7,1.0
495288,mscoco,0.10374110080301761,0.30025416297750834,0.11774703413248062,0.24416006635937562,0.0,0.0416666666666666,0.1,1.0
162,drawbench,0.03203342296183109,0.09447922698883206,0.05257434835657478,0.16268897579026878,0.0,0.0,0.0,0.0
99321,mscoco,0.06377062536776065,0.20090567392375158,0.07482847087085247,0.18440100658468936,0.6,0.5,1.0,1.0
502637,mscoco,0.08307008519768715,0.19539614113041798,0.08750327900052071,0.22726862145051002,0.4,0.3333333333333333,0.7,1.0
136458,mscoco,0.07483550999313593,0.21031604920748653,0.07967295199632644,0.23970438468353986,0.1,0.5,0.1,0.3333333333333333
113333,mscoco,0.17008031234145166,0.32142614692742155,0.18911304473876953,0.4007496023649499,0.3,0.5,0.1,1.0
473448,mscoco,0.1394558034837246,0.3205385162534156,0.14098975509405137,0.2778952581495958,0.3,1.0,0.0,0.05
450598,mscoco,0.5256537243723869,0.7626636441417132,0.5438319116830825,0.7684618249079348,0.4,1.0,0.9,1.0
474157,mscoco,0.20764450803399087,0.37440639962281275,0.3908997312188148,0.6144038167014093,0.1,0.1111111111111111,0.2,1.0
74499,mscoco,0.051068913843482736,0.14297976218519856,0.06976507939398288,0.18666459664369206,0.1,1.0,0.2,1.0
107610,mscoco,0.36123830676078794,0.5584711411483787,0.4461951285600662,0.7360105067820278,0.4,1.0,0.6,0.5
200959,mscoco,0.17499052956700326,0.39233311631299955,0.2372729018330574,0.531104524423556,0.3,1.0,0.7,1.0
463430,mscoco,0.1577839471399784,0.5274655186727911,0.10963677056133747,0.2730638786923473,0.0,0.0123456790123456,0.0,0.0085470085470085
512509,mscoco,0.1411858405917883,0.29786032754213965,0.20893144682049752,0.40111074182502765,0.2,0.5,0.1,0.5
458921,mscoco,0.01154419572558254,0.035468276992878946,0.01268112836405635,0.04929791606466743,0.0,0.025,0.1,1.0
282667,mscoco,0.04420296223834157,0.17169340496882193,0.06459645628929138,0.2028557721392016,0.1,0.3333333333333333,0.1,0.5
448771,mscoco,0.03285193694755435,0.09705145100041265,0.0503441832959652,0.16515807890163944,0.0,0.0196078431372549,0.0,0.05
293598,mscoco,0.4773511320352554,0.6666646708126476,0.5394620537757874,0.7141565321843102,0.7,1.0,0.8,1.0
541193,mscoco,0.04323019850999117,0.14218554504064881,0.07169802021235228,0.21609070139507425,0.0,0.0666666666666666,0.0,0.0588235294117647
356569,mscoco,0.04866350628435612,0.13518562397202843,0.09029768146574498,0.21667693537788468,0.1,0.125,0.0,0.0714285714285714
334513,mscoco,0.1759954310953617,0.33180130468293734,0.2543785527348518,0.45958031650606807,0.1,0.1111111111111111,0.6,1.0
430167,mscoco,0.08569003250449896,0.265584680288871,0.07963428385555744,0.23821878631967594,0.0,0.025,0.0,0.032258064516129
513125,mscoco,0.23299673348665237,0.4042843862078818,0.26447650641202924,0.4664378715217984,0.1,0.1428571428571428,0.2,0.3333333333333333
356257,mscoco,0.013046668330207466,0.04551230590521442,0.022519662231206893,0.07151351486384588,0.1,1.0,0.1,0.25
364010,mscoco,0.07795030623674393,0.20455704112117168,0.07611746862530708,0.19714024736997846,0.1,0.25,0.1,1.0
148542,mscoco,0.062285011447966096,0.1765235499601448,0.05608529327437282,0.17694688117326846,0.0,0.0526315789473684,0.0,0.037037037037037
82405,mscoco,0.07541876062750816,0.23896151647528457,0.06725664809346199,0.22050772839524493,0.7,1.0,0.4,1.0
70755,mscoco,0.13371879160404204,0.35036690807493287,0.16812610626220703,0.33403273020810553,0.1,0.1666666666666666,0.1,1.0
118927,mscoco,0.10850446205586195,0.2328016918208871,0.093892015889287,0.33249735798124663,0.1,1.0,0.1,0.3333333333333333
508915,mscoco,0.0386245409026742,0.1252648366250062,0.11169057562947274,0.27776149672058553,0.2,0.3333333333333333,0.1,0.2
491739,mscoco,0.18592621982097626,0.3003738851949007,0.13710816986858845,0.47115074170729726,0.0,0.0147058823529411,0.1,0.3333333333333333
147546,mscoco,0.09111667517572641,0.22754449818766878,0.1846357800066471,0.3012806957288088,0.5,0.3333333333333333,0.3,0.5
262213,mscoco,0.20301671624183654,0.3984640377871445,0.2839456334710121,0.40011561127830164,0.9,0.5,0.7,1.0
415728,mscoco,0.054670521058142185,0.1524478709779612,0.04311332181096077,0.1420739684518515,0.5,1.0,0.5,1.0
506873,mscoco,0.058246813528239724,0.15620358350196265,0.058239034563303,0.19427701290687552,0.6,1.0,0.7,1.0
538210,mscoco,0.1303703509271145,0.21993912592526502,0.23297473974525928,0.3672792387697505,0.2,0.2,0.6,0.5
581127,mscoco,0.053308060579001906,0.14457226680843835,0.06590427309274674,0.2080631304467067,0.0,0.0185185185185185,0.1,0.5
110013,mscoco,0.04604197945445776,0.12678969583603597,0.026770433224737645,0.08224871952561658,0.3,1.0,0.3,1.0
502286,mscoco,0.04679975863546133,0.16276239007421783,0.043872548080980775,0.14658336747122291,0.0,0.04,0.1,0.5
99425,mscoco,0.2386389896273613,0.40171527122239037,0.33396306857466695,0.5605804269399437,0.1,0.125,0.4,1.0
103042,mscoco,0.14183363765478135,0.31906319008899975,0.22791268974542617,0.43079529707843334,0.3,1.0,0.7,0.5
360440,mscoco,0.02511244509369135,0.08467379462192948,0.026219096081331373,0.08538428596492938,0.1,1.0,0.1,1.0
409668,mscoco,0.28666383028030396,0.5370196453044765,0.31017390340566636,0.5268842096684134,0.9,1.0,0.9,1.0
421639,mscoco,0.01508836392313242,0.06502945165601658,0.01892020767554641,0.06221310897233649,0.0,0.0526315789473684,0.1,0.1111111111111111
277717,mscoco,0.020130633562803268,0.05547078094331763,0.01916393355932087,0.05971190985471801,0.1,1.0,0.1,1.0
113851,mscoco,0.28192820996046064,0.4680590583770523,0.2657665565609932,0.4620258091974122,0.6,0.5,0.4,1.0
380100,mscoco,0.2542219892144203,0.39729767060602084,0.3765648603439331,0.4425541687230611,0.3,1.0,0.7,1.0
68601,mscoco,0.22992241457104684,0.48790262218475566,0.2075953483581543,0.5808735913857954,0.1,0.5,0.2,0.125
82229,mscoco,0.11648320145905018,0.2400117772250072,0.29566663727164266,0.5515035773227661,0.0,0.0909090909090909,0.0,0.0185185185185185
263462,mscoco,0.12393397241830825,0.3091207896808792,0.1635367266833782,0.367324397649485,0.2,0.1666666666666666,0.4,0.5
352495,mscoco,0.029959590639919043,0.08375165628492487,0.04854410439729691,0.14140757454226258,0.5,1.0,0.6,0.5
64339,mscoco,0.03752590771764517,0.10728708456497792,0.034315657522529366,0.10911287530522447,0.1,1.0,0.1,0.3333333333333333
11156,mscoco,0.02646236661821604,0.08115083469639002,0.011947388434782625,0.04545251119442943,0.1,0.5,0.1,1.0
334872,mscoco,0.4453323930501938,0.7575595668800195,0.5007195964455604,0.7772626753483455,0.3,0.3333333333333333,0.4,0.5
477820,mscoco,0.1143183395266533,0.28144095565820515,0.12500711530447006,0.27279839741773215,0.3,0.25,0.2,0.5
283884,mscoco,0.22395898774266243,0.5245099895339309,0.37972665429115293,0.5319186041764384,0.4,0.3333333333333333,0.6,0.5
418868,mscoco,0.007696728245355189,0.03232226228530952,0.025343236047774553,0.07532468715297494,0.1,0.25,0.2,1.0
350309,mscoco,0.20373062565922737,0.4085722177112609,0.21148912906646727,0.3633738695204076,0.2,0.3333333333333333,0.1,0.25
14537,mscoco,0.03289263201877475,0.11037540729004647,0.024131880863569675,0.1040331849502216,0.1,0.5,0.1,1.0
575040,mscoco,0.06373338559642434,0.19867318671547124,0.041406172793358564,0.10341290453177052,0.0,0.006578947368421,0.0,0.0018115942028985
449455,mscoco,0.12497484013438225,0.30500066597976366,0.13837521076202391,0.38035873294215977,0.9,1.0,0.6,1.0
211686,mscoco,0.060394883155822754,0.1572013745631719,0.050640982761979106,0.16429571132802445,0.1,1.0,0.1,1.0
154745,mscoco,0.23571119830012321,0.33774429280028095,0.43417450189590456,0.6793508940067219,0.1,0.25,0.2,0.25
152084,mscoco,0.18860534578561783,0.5242640976947407,0.13982731178402902,0.3081051846151101,0.1,0.1666666666666666,0.1,1.0
536390,mscoco,0.14107059575617314,0.2880818684795192,0.12014946751296521,0.2749856675425436,0.0,0.0666666666666666,0.3,0.3333333333333333
235906,mscoco,0.08564085178077221,0.2106786084534048,0.08661238886415959,0.20045736106753984,0.5,1.0,0.3,1.0
526126,mscoco,0.07355081867426634,0.18738285090898035,0.11674860939383506,0.322499616773443,0.0,0.037037037037037,0.2,1.0
3711,mscoco,0.14321393892169,0.28788020199295344,0.1451366126537323,0.25288326630376784,0.3,0.1666666666666666,0.2,1.0
275938,mscoco,0.3318173959851265,0.5283730095720889,0.4177360534667969,0.6259278412303896,0.5,1.0,0.9,1.0
180130,mscoco,0.557894016802311,0.7336680557228248,0.6859448537230491,0.858774392476551,0.5,1.0,0.7,1.0
401037,mscoco,0.04692111071199179,0.14761587726417325,0.05732009988278151,0.12960152414126835,0.0,0.0178571428571428,0.1,1.0
348816,mscoco,0.10855045020580292,0.292013902414012,0.11618126649409533,0.42227276108680395,0.3,1.0,0.2,1.0
358300,mscoco,0.11638844925910234,0.42644669844031385,0.07811651844531298,0.23619271663429567,0.1,1.0,0.0,0.0588235294117647
226577,mscoco,0.27081986218690873,0.31478506911806414,0.23107552006840706,0.5638738069465318,0.5,0.5,0.3,0.5
425100,mscoco,0.13061918467283248,0.2519463784050348,0.16553143858909608,0.30008191415615404,0.1,0.1666666666666666,0.1,0.2
11184,mscoco,0.05078650116920471,0.1257231907429813,0.07461826987564564,0.1706895501346431,0.0,0.0434782608695652,0.0,0.03125
391972,mscoco,0.07991816513240338,0.1837559314430059,0.06576704792678356,0.1693335941785591,0.1,0.5,0.0,0.0714285714285714
578072,mscoco,0.1444455724209547,0.26705255426358565,0.08670224770903587,0.23074717541643147,0.2,1.0,0.1,1.0
558798,mscoco,0.05866918601095676,0.15824418364863777,0.034627496544271705,0.13581628450176533,0.1,0.25,0.0,0.0181818181818181
353559,mscoco,0.13255548514425755,0.2313808837924329,0.10239657238125802,0.27992494490372566,0.3,0.2,0.3,0.5
291117,mscoco,0.22801948487758636,0.41041000217091866,0.24366838932037355,0.48355592779699824,0.0,0.0769230769230769,0.6,1.0
372201,mscoco,0.04021280836313963,0.11955651662346663,0.09005214795470237,0.20618913100722125,0.0,0.0303030303030303,0.2,0.1666666666666666
204085,mscoco,0.09539139717817306,0.19396050254108435,0.0818362645804882,0.19002322245804154,0.6,1.0,0.6,1.0
218965,mscoco,0.1373128954321146,0.3422639261659251,0.19120853617787362,0.35616934603095124,0.2,1.0,0.2,1.0
343012,mscoco,0.019095894135534763,0.06383122135587278,0.02339192582294345,0.06466401582877003,0.1,1.0,0.1,0.25
271941,mscoco,0.04752949811518192,0.14485614370786778,0.04124725889414549,0.14138047512374416,0.1,0.1666666666666666,0.2,0.5
230141,mscoco,0.1344554204493761,0.2753150548371543,0.1787667404860258,0.3872824245067655,0.1,0.25,0.1,0.2
58232,mscoco,0.23845688998699188,0.4646671600995649,0.29358750879764556,0.28976777987744246,0.0,0.0434782608695652,0.0,0.0303030303030303
175437,mscoco,0.04730455316603184,0.11334262615364969,0.07487909942865371,0.23179698118040967,0.1,0.5,0.0,0.0175438596491228
541010,mscoco,0.09948845077306032,0.22282001561301074,0.19897186271846296,0.43798664409599564,0.1,0.5,0.1,0.1666666666666666
140,drawbench,0.08413216471672058,0.20402189244095437,0.18410946428775787,0.43152439478785526,0.0,0.0,0.0,0.0
170558,mscoco,0.05217113317921758,0.1615701354147383,0.059378381539136174,0.1957307015175525,0.1,0.3333333333333333,0.2,0.3333333333333333
148267,mscoco,0.22183617651462556,0.4829253761787522,0.2467318966984749,0.4846240967877868,0.1,1.0,0.1,1.0
531896,mscoco,0.033481680508702996,0.11162726778551572,0.050391335785388944,0.15294201354415451,0.0,0.0769230769230769,0.1,1.0
153620,mscoco,0.061781608313322064,0.14975701879094985,0.06865258710458874,0.16341714482914518,0.1,0.125,0.1,0.25
450,mscoco,0.20162341520190238,0.3950901816772117,0.2847636714577675,0.5201977914416457,0.2,1.0,0.3,0.3333333333333333
186605,mscoco,0.06962766945362091,0.18189158698959615,0.07619487755000591,0.2002557725497891,0.1,1.0,0.1,0.25
188845,mscoco,0.0359096122905612,0.10470415875761982,0.11671627163887024,0.32466826161302603,0.0,0.0039682539682539,0.0,0.0333333333333333
442400,mscoco,0.017639755015261473,0.08188382471984312,0.03057168936356902,0.14778768539849987,0.0,0.0416666666666666,0.1,0.25
493416,mscoco,0.02021624273620546,0.07278216396183457,0.021199023840017615,0.07542561084595951,0.0,0.0069444444444444,0.1,0.5
239532,mscoco,0.13574134856462478,0.281797141865301,0.13807344101369382,0.381680017690094,0.0,0.0263157894736842,0.1,1.0
5862,mscoco,0.0399350568652153,0.11636559645447188,0.0444414496421814,0.1304131452816177,0.1,0.1428571428571428,0.3,1.0
194744,mscoco,0.18759125098586082,0.3791460236145958,0.19624168276786805,0.4092957290952793,0.1,0.5,0.2,0.1428571428571428
570512,mscoco,0.02483791233971715,0.08649805248045953,0.028079590015113353,0.08215506213869755,0.0,0.0666666666666666,0.1,1.0
18191,mscoco,0.018949829949997367,0.0755958729583415,0.015217057429254055,0.050035391032588854,0.1,0.1666666666666666,0.0,0.0833333333333333
346093,mscoco,0.2755139902234077,0.43414679967674813,0.36089697629213335,0.6338117256550735,0.3,0.3333333333333333,0.3,1.0
549978,mscoco,0.2024691753089428,0.33407464329020536,0.23831709176301957,0.4539366408668903,0.0,0.0833333333333333,0.3,0.5
114468,mscoco,0.07614154256880283,0.17079371849997224,0.06586049422621727,0.1825692297179903,0.1,0.5,0.2,1.0
45490,mscoco,0.048448628187179564,0.15647341374954976,0.06489207046106457,0.17213972057726362,0.1,0.25,0.1,1.0
99701,mscoco,0.11211777739226818,0.21960441612611267,0.0825374610722065,0.21292929292326168,0.2,0.5,0.2,0.1666666666666666
228336,mscoco,0.2009878098964691,0.45437951713978314,0.2836232468485832,0.48413148506738407,0.0,0.0625,0.3,0.5
442148,mscoco,0.12629798725247382,0.2649704056560456,0.1262991189956665,0.24925509858296938,0.3,1.0,0.2,1.0
155,drawbench,0.039477926306426527,0.11846156148618955,0.025431488081812857,0.08595728688560594,0.0,4.697702823319397e-05,0.0,0.000124254473161
539287,mscoco,0.15643063373863697,0.26107039678056115,0.45122515559196474,0.7862101563158712,0.0,0.0588235294117647,0.6,1.0
151466,mscoco,0.02911958321928978,0.10099228628681585,0.08010489344596863,0.2408318617397982,0.1,1.0,0.3,0.25
329908,mscoco,0.1595699369907379,0.35979711354363925,0.18261145129799844,0.3922407002416415,0.2,0.3333333333333333,0.4,0.3333333333333333
384986,mscoco,0.09852414876222611,0.24871257155699994,0.11598154902458191,0.25470958271510497,0.0,0.0068493150684931,0.0,0.0111111111111111
444801,mscoco,0.14772387966513634,0.2576994607482822,0.20988229513168336,0.3561178993936188,0.1,0.125,0.5,0.5
223875,mscoco,0.09228565208613873,0.18245077653878305,0.109725945815444,0.2569742310112888,0.0,0.04,0.1,1.0
84493,mscoco,0.08997391983866691,0.19307435048005306,0.08747198320925235,0.23647330494776506,0.4,1.0,0.4,1.0
484206,mscoco,0.20573838725686072,0.3255568893007427,0.16528769843280317,0.3569521916547342,0.1,0.3333333333333333,0.2,1.0
223869,mscoco,0.16851123049855232,0.3267510069958137,0.2017191931605339,0.3121079331847072,0.3,0.5,0.5,1.0
13800,mscoco,0.12436886336654425,0.1866546219602727,0.1857924535870552,0.35582452460372277,0.2,0.1428571428571428,0.2,0.3333333333333333
62250,mscoco,0.04822020530700684,0.13584280585023512,0.07415633462369442,0.17933270206900503,0.1,0.5,0.2,0.3333333333333333
401092,mscoco,0.05264878310263157,0.14624298319074863,0.05618237052112818,0.16550574067044113,0.4,0.5,0.2,0.125
407626,mscoco,0.029013964626938105,0.09571605904373223,0.033310893550515176,0.09517355367346923,0.1,0.3333333333333333,0.0,0.0083333333333333
479866,mscoco,0.18223796226084232,0.47923719736850345,0.26653665453195574,0.6079627219060454,0.5,1.0,0.5,0.5
579247,mscoco,0.05181848332285881,0.17333048503505571,0.06137251695618033,0.17054073191313662,0.3,1.0,0.4,1.0
432832,mscoco,0.03846113029867411,0.1061152045782846,0.0367496982216835,0.11072911193584378,0.3,0.3333333333333333,0.4,1.0
297695,mscoco,0.021303822007030248,0.06289886960563253,0.03155708909034729,0.09114993422547597,0.1,0.1,0.1,1.0
440793,mscoco,0.050801167637109755,0.15545612357929156,0.11209402754902839,0.2937083698509371,0.1,1.0,0.1,1.0
484338,mscoco,0.1452306851744652,0.3005883385971905,0.19665393307805062,0.43598516767462003,0.1,0.1111111111111111,0.4,0.1428571428571428
28654,mscoco,0.14837955310940742,0.25148156238312264,0.16580056995153428,0.30553380991845125,0.2,0.5,0.0,0.0227272727272727
372580,mscoco,0.16251352652907372,0.32089576947491394,0.30373365730047225,0.4984986861851972,0.0,0.0222222222222222,0.0,0.0227272727272727
53802,mscoco,0.08420604905113578,0.19847880119817213,0.06890111863613128,0.16750570281582342,0.1,1.0,0.1,1.0
72792,mscoco,0.13273726478219033,0.3827840431150299,0.23084777370095252,0.41638086146922376,0.0,0.0263157894736842,0.0,0.0333333333333333
185844,mscoco,0.21121335923671722,0.35996897150990276,0.26101170405745505,0.41224383902666667,0.1,0.1666666666666666,0.3,1.0
355347,mscoco,0.18253745138645172,0.2987509037113314,0.30999481678009033,0.47702867709568075,0.3,0.2,0.3,0.5
55237,mscoco,0.1239397343248129,0.3692531612154603,0.11903284620493651,0.2072019662665901,0.0,0.0344827586206896,0.0,0.0454545454545454
167910,mscoco,0.06550372280180454,0.16175401333470882,0.0609264750033617,0.1686824247925174,0.1,0.5,0.0,0.0166666666666666
398527,mscoco,0.2534530609846115,0.4529955389781151,0.21913829259574413,0.44107166406410364,0.2,1.0,0.5,1.0
484666,mscoco,0.04635968618094921,0.13591743933763,0.055065410770475866,0.2184830014336491,0.1,0.5,0.1,1.0
399461,mscoco,0.062318775616586206,0.1737191170372823,0.043697346188128,0.15633653731471123,0.1,0.5,0.2,1.0
71220,mscoco,0.13039011806249617,0.25961200445418126,0.2089306592941284,0.5261856973826978,0.1,0.1666666666666666,0.7,1.0
430391,mscoco,0.20605509765446187,0.41247841842055727,0.21025770902633667,0.4592171078291747,0.6,1.0,0.4,1.0
81166,mscoco,0.13517479002475738,0.28514790009181346,0.26733985394239423,0.4545614656371956,0.0,0.0769230769230769,0.2,0.5
11690,mscoco,0.13080139383673667,0.2228868036766882,0.2343266136944294,0.5499660722272691,0.3,0.5,0.6,1.0
74570,mscoco,0.09933121055364609,0.2555873176514093,0.1053772121667862,0.249940473512375,0.7,0.5,0.7,1.0
495609,mscoco,0.15150418169796467,0.38425559429928713,0.22924649119377136,0.42426988383383735,0.1,0.125,0.1,1.0
286874,mscoco,0.12715205922722816,0.2939316947664082,0.1549536757171154,0.28734524918974474,0.1,0.3333333333333333,0.1,1.0
310562,mscoco,0.5256230518221855,0.702032317244419,0.4540198929607868,0.6528668891808735,0.7,1.0,0.6,1.0
49946,mscoco,0.12631577476859093,0.2955712944350655,0.13954247012734414,0.32177213382135417,0.1,1.0,0.1,1.0
546114,mscoco,0.1282207492738962,0.36178899841493456,0.18131832554936408,0.34263820986682386,0.4,1.0,0.5,0.5
229052,mscoco,0.02664182772859931,0.10313397467329984,0.026091475412249564,0.08956585248976885,0.1,1.0,0.1,0.3333333333333333
218294,mscoco,0.09441564958542585,0.2941327892208089,0.12241031005978584,0.3004962419676099,0.1,1.0,0.3,1.0
262235,mscoco,0.3179135486483574,0.5330537785351096,0.4041300654411316,0.5261545191119228,0.6,1.0,1.0,1.0
53229,mscoco,0.03517608875408769,0.16541976936038547,0.04372581457719207,0.10319335488307442,0.3,1.0,0.8,0.5
447209,mscoco,0.051905035600066186,0.14834465049158946,0.06201437171548605,0.1942230807521021,0.2,1.0,0.1,0.3333333333333333
166096,mscoco,0.26488719284534457,0.4157090072528737,0.2799656942486763,0.43849917161525176,0.3,0.25,0.2,0.2
70363,mscoco,0.03550397986546159,0.10648143322280818,0.06210769359022379,0.13832591274884806,0.0,0.03125,0.1,0.1111111111111111
23355,mscoco,0.06301177814602851,0.18656229314127076,0.07405536137521267,0.19862164381012967,0.1,1.0,0.1,1.0
269886,mscoco,0.07048538513481617,0.204350419729223,0.1085899792611599,0.26600773213740386,0.0,0.0185185185185185,0.2,0.125
237445,mscoco,0.029472114890813826,0.1279810520043743,0.0563350441865623,0.16352250286643663,0.0,0.0769230769230769,0.4,1.0
63835,mscoco,0.31850805282592776,0.4065942869217464,0.33617181032896043,0.4241327519783064,0.5,1.0,0.9,1.0
272255,mscoco,0.3119954809546471,0.418539035894871,0.3656486488878727,0.5926105047762876,0.5,0.3333333333333333,0.3,1.0
373414,mscoco,0.1141574203968048,0.3043419027385077,0.1300393283367157,0.28129236032514066,0.1,0.1111111111111111,0.5,1.0
466827,mscoco,0.22398242130875587,0.45059264480781874,0.31107099950313566,0.48199704529308424,0.4,1.0,0.7,0.5
506026,mscoco,0.0212979668751359,0.06475106525917979,0.025314052030444144,0.07157431380480606,0.1,0.25,0.1,1.0
262145,mscoco,0.048717283690348265,0.17965570342597856,0.22282008305191994,0.3404242679963897,0.1,1.0,0.4,1.0
40210,mscoco,0.09839216507971286,0.23186318888418814,0.11224305257201195,0.24359486067886044,0.1,1.0,0.1,0.3333333333333333
281652,mscoco,0.07405682243406772,0.2045577221655525,0.04502153620123863,0.15216239299009773,0.2,1.0,0.2,1.0
280808,mscoco,0.296724496781826,0.48845237864019003,0.31269620209932325,0.5161962814513602,0.0,0.05,0.2,0.1666666666666666
244549,mscoco,0.21300689429044722,0.31312087401497685,0.20329922437667847,0.47672978858954973,0.1,0.25,0.2,1.0
179504,mscoco,0.022066364996135235,0.06992111468493535,0.01617448041215539,0.06132861757235164,0.0,0.0769230769230769,0.1,0.1428571428571428
177353,mscoco,0.050469982996582986,0.14205813499745695,0.04921942893415689,0.12336216640624209,0.1,1.0,0.1,1.0
298830,mscoco,0.22516527995467187,0.5216807658065711,0.29040327817201617,0.5306886876357151,0.1,1.0,0.3,0.5
126182,mscoco,0.09268609061837196,0.22169696762736857,0.12154536545276642,0.39265337466549644,0.0,0.0208333333333333,0.1,0.125
112904,mscoco,0.16864375844597818,0.3384951722576184,0.2565305635333061,0.5005211935657576,0.0,0.0555555555555555,0.1,0.1666666666666666
211080,mscoco,0.04570698477327824,0.1322364572088465,0.09625043682754039,0.20923483297076925,0.0,0.027027027027027,0.5,1.0
526729,mscoco,0.23175984621047974,0.3726783112243093,0.2564851641654968,0.4261192574520469,0.2,0.25,0.1,0.1666666666666666
474180,mscoco,0.09558306280523539,0.20417446128616853,0.08408928457647562,0.19306259104900056,0.1,0.5,0.1,1.0
466083,mscoco,0.1010858602821827,0.23915875350615387,0.14265239089727402,0.29729820367694093,0.0,0.05,0.0,0.0285714285714285
154,drawbench,0.02535274769179523,0.1326517349659067,0.021805113554000853,0.08201073691960854,0.0,0.0,0.0,0.0
183805,mscoco,0.07156220572069287,0.20929269154468919,0.06636516703292727,0.21689591927199423,0.1,0.1,0.0,0.0263157894736842
185571,mscoco,0.03466019118204713,0.12372478228331031,0.03482733890414238,0.1079504232230363,0.1,0.5,0.1,1.0
27471,mscoco,0.2369583897292614,0.472907677920975,0.3298905223608017,0.4469906588652238,0.3,1.0,0.2,0.5
21504,mscoco,0.057381704822182654,0.1634307655769585,0.0740167697891593,0.20291345797146387,0.1,1.0,0.1,0.1111111111111111
422676,mscoco,0.14180852696299553,0.4288877401711235,0.19371118508279322,0.3569078451652409,0.1,1.0,0.1,0.5
452930,mscoco,0.06112880548462272,0.17719012631318723,0.07614187709987164,0.15463693661117137,0.0,0.0625,0.2,0.3333333333333333
473500,mscoco,0.13577661588788031,0.2995823435005719,0.1591447077691555,0.38797293119240195,0.1,0.5,0.1,0.1428571428571428
32708,mscoco,0.11659148894250393,0.2754141854216516,0.17084296233952045,0.4652098815920211,0.2,0.1666666666666666,0.4,1.0
578255,mscoco,0.20513124577701092,0.501991787656908,0.33245166689157485,0.47751573924433827,0.1,0.3333333333333333,0.1,1.0
249792,mscoco,0.018429257534444334,0.08453513277658177,0.019725352898240088,0.08869808774378529,0.1,1.0,0.1,1.0
188795,mscoco,0.26110477447509767,0.4078493442353434,0.19492987915873528,0.4079572255343242,0.3,1.0,0.5,0.3333333333333333
299205,mscoco,0.03859540810808539,0.12471624261505845,0.026437970995903014,0.09181239214124101,0.1,1.0,0.2,1.0
404406,mscoco,0.051458493992686274,0.16240346937082556,0.0614929273724556,0.17503290342740008,0.1,1.0,0.1,1.0
145690,mscoco,0.1367150079458952,0.5153689226630955,0.19013449028134347,0.3518781934733485,0.0,0.0277777777777777,0.1,1.0
400332,mscoco,0.18599286451935768,0.35826149327213563,0.2113479867577553,0.49126388953373923,0.2,0.25,0.2,1.0
202810,mscoco,0.13158275187015533,0.292625243608872,0.1537284530699253,0.3131237294041966,0.2,0.2,0.1,0.125
52,drawbench,0.06852578315883875,0.1579627580352174,0.08527725078165531,0.22603042165481046,0.0,0.0,0.0,0.0
225700,mscoco,0.37651768773794175,0.583713760757954,0.46227025985717773,0.7112549417653108,0.1,0.1428571428571428,0.2,0.25
273106,mscoco,0.14710814096033573,0.33800788740310306,0.1843280889093876,0.3521904760602481,0.0,0.0263157894736842,0.0,0.0588235294117647
394840,mscoco,0.06570984609425068,0.20622658971439464,0.08517411276698113,0.22882315659964922,0.1,1.0,0.2,1.0
323810,mscoco,0.30160150676965714,0.5669427589201446,0.29215801805257796,0.5536643916169334,0.5,1.0,0.5,1.0
174892,mscoco,0.12719005942344666,0.26607147719740576,0.10726069584488869,0.2708355515953587,0.4,0.1428571428571428,0.2,0.1666666666666666
365507,mscoco,0.27649618610739707,0.37688294740805195,0.22078172564506532,0.4412010301484676,0.4,0.25,0.7,1.0
531963,mscoco,0.05194199196994305,0.15008259818391717,0.07443778850138187,0.20477764381768515,0.0,0.0555555555555555,0.1,0.1428571428571428
214127,mscoco,0.13470983281731605,0.36933936602259515,0.18456094712018967,0.39239262894577404,0.2,0.3333333333333333,0.2,0.1111111111111111
230991,mscoco,0.09471860416233539,0.20203125225757665,0.09354342110455036,0.293188177964939,0.1,1.0,0.6,1.0
552962,mscoco,0.27496612817049026,0.5110763787884425,0.29400524944067,0.44240730188438654,0.1,1.0,0.1,0.1111111111111111
534565,mscoco,0.20478530600667,0.39452749357814876,0.25183662921190264,0.4493788373118232,0.8,1.0,0.7,1.0
423647,mscoco,0.08923667650669813,0.1991833130653435,0.0972386721521616,0.28503042223160235,0.2,0.1666666666666666,0.3,0.5
48,drawbench,0.05462895147502422,0.14858766379150826,0.0725282795727253,0.1623234999470201,0.0,0.0,0.0,0.0
50480,mscoco,0.061899089626967906,0.17229093245287563,0.08560836222022772,0.17260489107866575,0.0,0.0089285714285714,0.1,0.125
138768,mscoco,0.17706826999783515,0.42543759147373433,0.21133235320448876,0.4060160574237768,0.2,0.5,0.1,0.25
480482,mscoco,0.07457534298300743,0.2027310773316338,0.08902308642864228,0.26277913686579457,0.1,0.5,0.1,0.5
150024,mscoco,0.037093288358300926,0.12592798250885667,0.038825923856347797,0.14042848629264562,0.2,0.5,0.2,1.0
94793,mscoco,0.03464086493477225,0.11007747509900356,0.07076715603470803,0.17747894115525426,0.0,0.04,0.2,1.0
378313,mscoco,0.032366531621664765,0.10657313701378479,0.05042505729943514,0.13814529945518805,0.0,0.0021231422505307,0.1,1.0
504921,mscoco,0.7288525074720382,0.8843598076381057,0.73078872859478,0.9306191059633465,1.0,1.0,1.0,1.0
292116,mscoco,0.05391191486269235,0.15110901890904294,0.15062843263149261,0.3443665079998301,0.0,0.0084033613445378,0.1,1.0
109012,mscoco,0.37433086186647413,0.6747863900508597,0.36582412719726565,0.4793337575884104,0.4,1.0,0.8,0.5
504657,mscoco,0.19045676328241826,0.37933609072076735,0.39207371324300766,0.6721429720410214,0.2,0.1428571428571428,0.9,1.0
72850,mscoco,0.18601256906986235,0.4288283462656302,0.2022040605545044,0.307754476590305,0.0,0.0434782608695652,0.4,1.0
273316,mscoco,0.16281855180859567,0.3858782676188419,0.2574858218431473,0.5761956985593988,0.3,1.0,0.3,1.0
354261,mscoco,0.00869200094603002,0.03127877364570039,0.012584975035861135,0.043299770858249216,0.0,0.0909090909090909,0.0,0.0833333333333333
54437,mscoco,0.3963706523180008,0.6408459624564504,0.36862004548311234,0.5177307151050905,0.5,1.0,0.1,0.1666666666666666
249251,mscoco,0.14411658719182013,0.2719110922453317,0.14716236293315887,0.2948090194148326,0.2,0.5,0.1,0.5
99747,mscoco,0.05155049292370677,0.15224059843892448,0.0631559792906046,0.15661245950820038,0.6,0.5,0.6,1.0
23976,mscoco,0.3381702288985252,0.4864502552143825,0.2649103097617626,0.44090588556621485,0.1,0.3333333333333333,0.3,0.2
295295,mscoco,0.35424548387527466,0.6274781058869812,0.4400049403309822,0.5391917533864051,0.3,0.25,0.4,0.3333333333333333
32712,mscoco,0.25834492333233355,0.3278092434277042,0.41282114535570147,0.5173742375109621,0.0,0.0625,0.1,0.125
4616,mscoco,0.04659359138458967,0.1624806508654277,0.05971178375184536,0.14784861162580137,0.1,0.5,0.1,1.0
529096,mscoco,0.057168186828494075,0.16975622762484255,0.06267112158238888,0.17331859391814558,0.1,1.0,0.2,1.0
537349,mscoco,0.03369514336809516,0.10701185612377732,0.03365115625783801,0.10991257004080422,0.0,0.0625,0.0,0.0434782608695652
367853,mscoco,0.24482424110174178,0.43487902286360713,0.27747209966182707,0.45839948914283446,0.2,1.0,0.5,1.0
323231,mscoco,0.07975879907608033,0.14942952596681597,0.07659201603382826,0.18063051141223782,0.0,0.003076923076923,0.1,0.125
385317,mscoco,0.34359819293022154,0.5960583157651986,0.35699866712093353,0.3684682207494505,0.3,0.3333333333333333,0.1,1.0
284192,mscoco,0.06363904047757388,0.19927688101993418,0.0765591662377119,0.22491110924797217,0.1,1.0,0.1,1.0
384790,mscoco,0.31047963052988053,0.5157339480846475,0.300186488032341,0.6802508025609504,0.0,0.0769230769230769,0.0,0.0384615384615384
237758,mscoco,0.1541092772036791,0.3839305750058809,0.18215307891368865,0.35375802850518934,0.4,1.0,0.5,0.25
201134,mscoco,0.03852365966886282,0.21102622117926276,0.059885884542018174,0.1687703666434348,0.1,1.0,0.1,0.5
33,drawbench,0.13033699989318848,0.3825654596746321,0.16808081306517125,0.3380939631838199,0.0,0.0,0.0,0.0
220118,mscoco,0.21093796715140342,0.3359322445301553,0.1973668724298477,0.3918931708759406,0.0,0.0169491525423728,0.1,1.0
182118,mscoco,0.028162937983870505,0.10514214116392531,0.02429012316279113,0.07961741113366767,0.0,0.0076923076923076,0.1,1.0
101569,mscoco,0.21255799308419226,0.45704111968550937,0.2886966675519943,0.4007094594709881,0.2,1.0,0.3,0.5
111754,mscoco,0.3967323526740074,0.40543140948259976,0.521056005358696,0.6379433336560498,0.2,0.2,0.8,1.0
209920,mscoco,0.08029294237494469,0.19057841272285048,0.08993830867111682,0.2426679293835387,0.0,0.0333333333333333,0.1,0.1666666666666666
534426,mscoco,0.17844314128160477,0.45384911771540404,0.16226699873805045,0.29418528282060125,0.1,0.125,0.4,0.5
165298,mscoco,0.09565160460770131,0.24665389361870585,0.1190486665815115,0.262347401546042,0.1,0.1666666666666666,0.0,0.0833333333333333
289007,mscoco,0.04561483738943935,0.15222833474960937,0.041939197666943075,0.14099067469255502,0.0,0.0625,0.1,1.0
11796,mscoco,0.12894455529749393,0.21349889821690776,0.11392159573733807,0.2437582880877762,0.1,0.5,0.1,1.0
537135,mscoco,0.11943436674773693,0.3584601527180167,0.09388630278408527,0.2547009042956477,0.1,0.5,0.2,1.0
120977,mscoco,0.05719037326052785,0.14517992665263763,0.04574298895895481,0.1475759461532854,0.1,0.5,0.1,0.25
259103,mscoco,0.18438672740012407,0.2894688131649806,0.08722669817507267,0.23315147002985992,0.0,0.0357142857142857,0.1,0.5
49073,mscoco,0.27425543665885926,0.465628957232734,0.3205590322613716,0.4789452121743584,0.0,0.00074294205052,0.0,0.0049261083743842
387855,mscoco,0.032368963584303856,0.13038159449212447,0.036146977264434096,0.11821746391017657,0.0,0.0050251256281407,0.1,0.5
252549,mscoco,0.07546201571822167,0.21175484186696586,0.07768256664276123,0.2501378377631285,0.1,0.25,0.1,0.5
506232,mscoco,0.1665624873712659,0.4355639574175454,0.15556922927498817,0.31419968483524713,0.1,1.0,0.4,1.0
178876,mscoco,0.3818945035338402,0.591289322074852,0.32491123378276826,0.40843279489669315,0.1,0.1,0.1,1.0
98709,mscoco,0.08750017806887626,0.21110254568041753,0.10849166624248027,0.24885656738847708,0.2,0.3333333333333333,0.5,1.0
83328,mscoco,0.04387998329475522,0.14770171084712652,0.08592987284064293,0.3050484990578545,0.1,0.1,0.2,1.0
467180,mscoco,0.028758649341762067,0.08516797679137435,0.08095084466040134,0.1921521876664719,0.2,1.0,0.0,0.0833333333333333
362244,mscoco,0.1261231493204832,0.24803761669868046,0.1681700475513935,0.3463167112833506,0.3,1.0,0.1,0.1428571428571428
382182,mscoco,0.16568330340087414,0.3255371405365769,0.19884687513113022,0.45818344355588997,0.2,0.3333333333333333,0.3,1.0
79545,mscoco,0.21265262812376023,0.40125146748718543,0.28508427888154986,0.577532394339368,0.0,0.0909090909090909,0.2,0.1666666666666666
516233,mscoco,0.002982313191751018,0.010047705564898961,0.0027785087004303932,0.010772712852210209,0.1,0.3333333333333333,0.1,1.0
544127,mscoco,0.12398980781435967,0.29129440069628054,0.10789100043475627,0.24668474210940214,0.1,0.5,0.1,0.1428571428571428
97734,mscoco,0.034926817007362845,0.10864675465352869,0.0480262340977788,0.1355775494583762,0.2,0.5,0.4,1.0
29752,mscoco,0.0596778878942132,0.11294651854389998,0.09335201065987349,0.21415827103548044,0.1,0.5,0.1,1.0
412491,mscoco,0.029747607372701167,0.09731965750197184,0.039672672562301156,0.12571078041929895,0.1,0.3333333333333333,0.0,0.0526315789473684
111,drawbench,0.039722736459225416,0.14151502423958706,0.06988674029707909,0.17534241135688342,0.1,0.3333333333333333,0.0,0.0052910052910052
354929,mscoco,0.04555591307580471,0.1304350031298147,0.0596266414038837,0.1375516810973198,0.1,0.25,0.1,1.0
558242,mscoco,0.1733405590057373,0.37448033048047563,0.2333127364516258,0.3992746256196663,0.0,0.0416666666666666,0.1,0.25
462129,mscoco,0.04318582490086555,0.10677977597802456,0.0537688123062253,0.15413137806447097,0.0,0.0065359477124183,0.0,0.0555555555555555
462925,mscoco,0.1355139769613743,0.37357712871540427,0.23010902404785155,0.49396373631191476,0.3,0.5,0.3,1.0
45343,mscoco,0.028426235402002932,0.0723062546997853,0.02869474943727255,0.08444067495257114,0.1,1.0,0.1,1.0
538299,mscoco,0.07839150466024876,0.2290635462060803,0.07571383155882358,0.17161104102973052,0.1,1.0,0.2,0.2
245002,mscoco,0.23934550285339357,0.32182182505959434,0.37105144560337067,0.4991050144408481,0.6,0.3333333333333333,0.9,1.0
259414,mscoco,0.07324467450380326,0.21834822901655107,0.06302239745855331,0.19629751469213585,0.0,0.0131578947368421,0.0,0.0147058823529411
130314,mscoco,0.03428256371989846,0.11074461836244344,0.037636280618608,0.12188556170946323,0.1,1.0,0.1,1.0
544120,mscoco,0.12989111207425594,0.3163446053461643,0.06761957071721554,0.19259281812217585,0.0,0.0062111801242236,0.0,0.04
196510,mscoco,0.11307628732174635,0.33951371010914805,0.16985363010317087,0.36125032918771954,0.0,0.0172413793103448,0.0,0.0333333333333333
226197,mscoco,0.10822269208729267,0.25048577878956646,0.21875421181321145,0.40358609634886683,0.0,0.05,0.2,0.2
500568,mscoco,0.03942658994346857,0.13448373018420576,0.04166291998699308,0.13581146561135635,0.1,0.125,0.1,1.0
351149,mscoco,0.10036311279982328,0.3021170803290164,0.09556917995214462,0.28185151080063,0.0,0.0416666666666666,0.0,0.0769230769230769
298600,mscoco,0.05263416301459074,0.12417119359204756,0.06985513027757406,0.23658603178348145,0.0,0.024390243902439,0.3,1.0
434027,mscoco,0.3004301428794861,0.5412800770568528,0.2796101853251457,0.39028710362077934,0.0,0.037037037037037,0.2,1.0
116851,mscoco,0.07505308464169502,0.19207707265328788,0.08922378569841385,0.2930061254326126,0.4,1.0,0.5,1.0
364567,mscoco,0.31900562942028043,0.685843283809094,0.5545346856117248,0.662482277585081,0.2,0.3333333333333333,0.6,1.0
363957,mscoco,0.10039433538913727,0.2363052885733839,0.07047782279551029,0.21431227463821523,0.8,1.0,0.9,1.0
568974,mscoco,0.014337305584922433,0.05679826767154148,0.02102765191812068,0.0625230074651792,0.0,0.0059523809523809,0.1,1.0
223739,mscoco,0.023437519418075682,0.08877390998837249,0.031164698768407106,0.09321642328602578,0.0,0.0588235294117647,0.0,0.0833333333333333
59171,mscoco,0.5801738619804382,0.8226711344549678,0.673676997423172,0.8706849413719236,0.7,1.0,0.9,1.0
521218,mscoco,0.09072785973548889,0.22053381427624805,0.11528380513191223,0.22157211263472368,0.4,1.0,0.8,1.0
367329,mscoco,0.13369376957416534,0.31279072499182736,0.16732948645949364,0.38786732035773835,0.1,0.25,0.4,1.0
352061,mscoco,0.09333654344081879,0.23000478603451968,0.1302907094359398,0.25922810940072344,0.2,0.125,0.2,1.0
484636,mscoco,0.1995747610926628,0.3157104652241032,0.2454059436917305,0.31369353639188224,0.1,0.1428571428571428,0.1,1.0
264461,mscoco,0.09130047112703324,0.2184020001230467,0.22343457415699958,0.46345166428177736,0.0,0.0085470085470085,0.0,0.0384615384615384
148165,mscoco,0.023035192862153053,0.09853624894104762,0.029009044449776412,0.11437451480480267,0.1,1.0,0.0,0.024390243902439
429593,mscoco,0.04728570282459259,0.11836015724297853,0.04276261599734425,0.1286359237824397,0.1,0.5,0.1,1.0
15757,mscoco,0.137804763764143,0.2852809211807281,0.1828778140246868,0.46486647720549346,0.0,0.0153846153846153,0.1,0.1111111111111111
37032,mscoco,0.04445062754675746,0.14082657472177113,0.16819838508963586,0.3514707190088825,0.0,0.0769230769230769,0.9,1.0
99515,mscoco,0.07185499742627144,0.21128996867147767,0.09363415818661451,0.2489646102605856,0.0,0.0022573363431151,0.0,0.0769230769230769
501624,mscoco,0.3201530858874321,0.4420282809846734,0.34064099192619324,0.576153673010405,0.7,1.0,0.8,1.0
91780,mscoco,0.1203053928911686,0.28865968939703845,0.11727646514773368,0.2731481513646476,0.1,0.5,0.1,0.5
473195,mscoco,0.08414900377392769,0.21227745205253112,0.08580363895744085,0.20670964193696095,0.0,0.0010111223458038,0.0,0.0059171597633136
200241,mscoco,0.04155465541407466,0.12159022994249256,0.03901219079270959,0.13170515786540937,0.1,1.0,0.1,1.0
20966,mscoco,0.12224122546613217,0.28311651243321784,0.11908316463232041,0.4377404243219727,0.4,0.25,0.5,1.0
477005,mscoco,0.1823737367987633,0.35745520853945584,0.1615294624119997,0.29294131557110925,0.4,0.5,0.6,1.0
568281,mscoco,0.024457784183323384,0.07745927096023074,0.04829638907685876,0.21919052520098697,0.1,0.25,0.1,0.1428571428571428
289075,mscoco,0.032065111212432384,0.12737091957152705,0.05850580893456936,0.15093900080386846,0.1,1.0,0.1,1.0
315211,mscoco,0.0199440382886678,0.0683632910955525,0.03891142690554261,0.08940440530960715,0.1,1.0,0.1,1.0
370763,mscoco,0.06277662254869938,0.2086815580705756,0.09241354092955589,0.24237335148541153,0.1,1.0,0.4,1.0
245337,mscoco,0.1369851116091013,0.35715400685440896,0.212215705960989,0.32362664044769507,0.3,1.0,0.2,0.5
359085,mscoco,0.03647997896187007,0.14393059143301087,0.04403579458594322,0.14634215259120054,0.1,1.0,0.1,1.0
151956,mscoco,0.04288569279015064,0.12666997508507066,0.04962640032172203,0.1199862488768356,0.2,0.3333333333333333,0.2,1.0
442666,mscoco,0.08737368732690812,0.31032644318183195,0.08925809301435947,0.18956789138883928,0.0,0.0833333333333333,0.1,0.1111111111111111
139214,mscoco,0.15673310905694962,0.32202445778682165,0.2070026084780693,0.3194993332407982,0.2,0.1666666666666666,0.2,0.5
112586,mscoco,0.12242596931755542,0.28600693769122115,0.10523408725857734,0.2713242239603186,0.6,1.0,0.3,1.0
277080,mscoco,0.2983690991997719,0.6695693475215787,0.34758545756340026,0.5596179796656725,0.5,0.5,0.4,0.5
497261,mscoco,0.05673256386071444,0.15773468062602192,0.09705506674945355,0.2777117626340405,0.0,0.032258064516129,0.0,0.024390243902439
421314,mscoco,0.18888273052871227,0.2610451193780464,0.26369584873318674,0.3810657770208297,0.3,0.1428571428571428,0.1,1.0
9288,mscoco,0.2141396187245846,0.46752589027831704,0.2364901751279831,0.6400321866420758,0.7,1.0,0.6,1.0
249587,mscoco,0.09709838815033436,0.2100762018436234,0.1751183956861496,0.3963580319197095,0.2,0.5,0.3,0.25
169179,mscoco,0.16299247853457927,0.26061447292342266,0.25644184574484824,0.40070600359176967,0.2,0.1111111111111111,0.4,0.2
446521,mscoco,0.06097407229244709,0.14999388490620896,0.06435896502807736,0.2143596040672459,0.0,0.0109890109890109,0.0,0.05
203098,mscoco,0.036366579867899415,0.11532826595679409,0.04217125233262777,0.1341062338198376,0.6,1.0,1.0,1.0
83102,mscoco,0.08723397552967072,0.2883931219316785,0.09959435872733594,0.28696782052241593,0.1,0.1428571428571428,0.0,0.0909090909090909
105,drawbench,0.04092824906110763,0.10664020730775764,0.0828333331272006,0.17661056608283074,0.0,0.0175438596491228,0.0,0.0769230769230769
254989,mscoco,0.08247923962771893,0.21037996201984133,0.15242624804377555,0.3324954614677607,0.3,0.25,0.4,1.0
474528,mscoco,0.05516594024375081,0.15743753185997425,0.054387694038450715,0.1726709009503682,0.1,0.125,0.1,0.25
523546,mscoco,0.03263270184397697,0.12862107120574756,0.050579735077917576,0.14791366458990404,0.1,1.0,0.1,1.0
371256,mscoco,0.07015416510403157,0.1553298630324935,0.0514057170599699,0.1707058852880239,0.2,1.0,0.1,0.25
444453,mscoco,0.04339543506503105,0.1330850093767144,0.03760046027600765,0.1366670536749692,0.1,1.0,0.1,1.0
127515,mscoco,0.16732483841478824,0.3616509985137246,0.1623719833791256,0.349746901641217,0.0,0.015625,0.0,0.0909090909090909
15667,mscoco,0.3123728007078171,0.4529052138684494,0.40787163078784944,0.5413569395080025,0.5,0.5,0.8,1.0
525851,mscoco,0.0485702664591372,0.14971302670288703,0.04207652965560556,0.16402268400807754,0.7,1.0,0.4,1.0
63777,mscoco,0.058221326768398286,0.15034876284301912,0.08859404399991036,0.2278086966534508,0.1,1.0,0.1,0.125
247422,mscoco,0.07546755045186729,0.22280580966155894,0.04897370953112841,0.15866572742477683,0.2,0.5,0.1,1.0
227724,mscoco,0.07157298810780048,0.16241890726235303,0.058730922546237706,0.13895187471098938,0.0,0.0344827586206896,0.1,0.1428571428571428
419828,mscoco,0.017355945450253783,0.05775453663621562,0.015412098378874362,0.04848995089269979,0.1,1.0,0.1,1.0
123166,mscoco,0.09693701360374689,0.2108066728651566,0.12399773001670837,0.26792078586129503,0.0,0.0285714285714285,0.1,0.5
146236,mscoco,0.015581105276942253,0.046340594933503725,0.01783411423675716,0.06182405379369201,0.1,0.1111111111111111,0.1,0.25
264406,mscoco,0.1543005608022213,0.4193321911558432,0.10233305804431439,0.3058436630034755,0.2,0.5,0.2,1.0
311709,mscoco,0.13636158220469952,0.24497997739158708,0.14554756470024585,0.33555246942663014,0.1,1.0,0.5,1.0
54086,mscoco,0.19626860097050666,0.3531468892198145,0.16986206211149693,0.393747126865332,0.0,0.015625,0.0,0.0042918454935622
124729,mscoco,0.16779274642467498,0.327811071877579,0.14733160585165023,0.39693257551723243,0.9,1.0,0.8,1.0
521334,mscoco,0.043171658832579854,0.15107667339054262,0.05904212184250355,0.12162107297327993,0.1,0.25,0.1,0.5
400309,mscoco,0.01450918149203062,0.05034912253726705,0.020226182136684655,0.0703603205506977,0.0,0.0625,0.1,1.0
385601,mscoco,0.14418807551264762,0.24823235621693313,0.1675284646451473,0.26661648359420415,0.4,0.5,0.5,1.0
39978,mscoco,0.21290917545557023,0.45242009035519426,0.1638423264026642,0.3010669215357984,0.3,0.25,0.3,1.0
444949,mscoco,0.11568603441119193,0.305767948795176,0.18804713636636733,0.49515005097414977,0.1,0.3333333333333333,0.1,0.2
428178,mscoco,0.12436261773109436,0.33972928639446126,0.10262932106852532,0.2805535103239613,0.0,0.0069930069930069,0.0,0.0131578947368421
120416,mscoco,0.4661810830235481,0.6430792643435601,0.4652382850646973,0.7037690069069624,0.6,1.0,0.8,1.0
52281,mscoco,0.16218105852603912,0.28979762144240495,0.21643087565898894,0.39089843902626004,0.1,0.125,0.2,0.3333333333333333
187592,mscoco,0.04167080968618393,0.13451322745936958,0.05551377609372139,0.24262747548118674,0.2,0.25,0.3,1.0
98478,mscoco,0.008585571008734406,0.03324098208249786,0.010048727411776781,0.03960394238324557,0.1,0.1428571428571428,0.1,1.0
471599,mscoco,0.10426092222332954,0.22069038186708806,0.09890035539865494,0.22073035061839857,0.1,0.1666666666666666,0.2,1.0
136232,mscoco,0.04687538761645556,0.1228062731919154,0.08116056770086288,0.15789817804306644,0.0,0.0555555555555555,0.0,0.0833333333333333
270740,mscoco,0.20358996633440257,0.3772279283894139,0.3389132246375084,0.4871717911330894,0.1,1.0,0.5,0.3333333333333333
310536,mscoco,0.2759320065379143,0.5256909092665594,0.44044780284166335,0.7541645781179269,0.2,1.0,0.4,0.5
469515,mscoco,0.014858260937035083,0.05408302387412075,0.027616024017333984,0.08450777704423808,0.0,0.0032051282051282,0.1,0.3333333333333333
251252,mscoco,0.17720283567905426,0.3491601549679642,0.2090811662375927,0.46816292698532314,0.2,0.2,0.4,1.0
560646,mscoco,0.16179617568850518,0.30702714886683835,0.18611543551087378,0.40306782211217107,0.6,1.0,1.0,1.0
36029,mscoco,0.11551808640360832,0.26724336365480017,0.1160493616014719,0.2924682224443115,0.1,0.5,0.1,1.0
302216,mscoco,0.20044848471879959,0.3335716705310805,0.29442763328552246,0.6214165498526923,0.1,0.3333333333333333,0.3,1.0
178156,mscoco,0.13487550094723702,0.3023488002973143,0.10654214322566986,0.2436991573018742,0.0,0.0022573363431151,0.0,0.0135135135135135
535604,mscoco,0.13380153886973858,0.2707150900888806,0.10645513869822025,0.22830993114435436,0.6,1.0,0.3,0.5
462577,mscoco,0.1840414933860302,0.31883080711310674,0.21179783381521702,0.3214512350554908,0.0,0.0666666666666666,0.4,0.5
360585,mscoco,0.31000368408858775,0.4262552405607192,0.3522909738123417,0.5130040309820162,0.4,0.25,0.6,0.5
336764,mscoco,0.07495411653071642,0.22390065562251354,0.0733013266697526,0.16370706417284192,0.0,0.0128205128205128,0.1,0.1111111111111111
277237,mscoco,0.04540635980665684,0.15764206541223807,0.0506370859220624,0.12877145732464448,0.1,0.1666666666666666,0.2,0.5
11326,mscoco,0.08145890478044748,0.21231624891078796,0.12204771637916564,0.3276749616285858,0.1,0.5,0.1,1.0
243443,mscoco,0.06458370219916106,0.1778840047836442,0.08276956602931022,0.24412826662054027,0.2,0.1666666666666666,0.3,0.25
97724,mscoco,0.14508221223950385,0.38715951178257024,0.2790620975196362,0.4321958150760068,0.0,0.0555555555555555,0.3,0.5
248753,mscoco,0.04814459998160601,0.14336715339981818,0.051008683536201714,0.1781625522493864,0.0,0.0277777777777777,0.0,0.0095238095238095
331676,mscoco,0.13775080014020205,0.29697734773389384,0.34543990567326543,0.828604749106042,0.0,0.0217391304347826,0.1,1.0
169500,mscoco,0.04826927371323109,0.18532109939909092,0.07758103795349598,0.24231766384124817,0.1,0.125,0.2,1.0
475035,mscoco,0.2643970787525177,0.6650332961281942,0.21989149898290633,0.3735138627925237,0.2,0.1428571428571428,0.3,0.3333333333333333
383923,mscoco,0.16192546486854553,0.2891040640615362,0.1691310528665781,0.3414685361625427,0.4,0.2,0.4,1.0
330229,mscoco,0.08578342981636525,0.2302756269317586,0.16051430627703667,0.2855715336176561,0.0,0.0476190476190476,0.3,1.0
259421,mscoco,0.1651263814419508,0.4035134892877317,0.2353838190436363,0.5655155326428325,0.1,1.0,0.1,0.2
453558,mscoco,0.07679104954004287,0.24455797259446843,0.08352791666984558,0.2436697920443536,0.1,0.1428571428571428,0.1,1.0
47632,mscoco,0.055502631701529026,0.12616356864886166,0.040539628639817235,0.12500979892617428,0.0,0.0909090909090909,0.1,0.5
556406,mscoco,0.11207969300448895,0.253524906719129,0.15752139464020729,0.3465941119397196,0.4,1.0,0.4,0.3333333333333333
205563,mscoco,0.20841731131076813,0.32772745406509785,0.19496622458100318,0.3783777475482147,0.5,0.25,0.2,1.0
358287,mscoco,0.1869306717067957,0.36021002551852027,0.12471118681132794,0.31122045576243823,0.1,0.1428571428571428,0.3,0.5
172727,mscoco,0.15795232504606246,0.34834264350738603,0.1658462043851614,0.36781137770932737,0.1,1.0,0.1,1.0
274148,mscoco,0.0810823131352663,0.25816253408386886,0.1332566648721695,0.35989579295059515,0.0,0.0147058823529411,0.2,0.125
395957,mscoco,0.0596723847091198,0.1465206493358764,0.057623558305203916,0.16438850475358646,0.0,0.0555555555555555,0.2,0.5
27656,mscoco,0.21504536233842372,0.2767528908326727,0.3578632414340973,0.6776546486774357,0.5,1.0,0.9,1.0
535663,mscoco,0.18459309563040732,0.3119580019417063,0.22110347002744674,0.4205001662197108,0.3,0.3333333333333333,0.3,0.3333333333333333
59012,mscoco,0.10148066990077495,0.27543326775404314,0.14253741577267648,0.3406794301166514,0.1,0.5,0.1,1.0
338732,mscoco,0.03919835574924946,0.10709127261593186,0.03686796016991138,0.10825335873461614,0.1,1.0,0.1,1.0
34800,mscoco,0.08282451443374157,0.17625867733067074,0.12135048806667328,0.29135696312809034,0.0,0.027027027027027,0.3,0.5
78290,mscoco,0.14192934334278107,0.2951628755673323,0.28192596435546874,0.46830284971288466,0.0,0.0028328611898017,0.1,0.1428571428571428
34235,mscoco,0.14530609101057052,0.27815340275840594,0.16501878313720225,0.2785658920672893,0.0,0.0344827586206896,0.1,0.5
149993,mscoco,0.27359354570508004,0.3730482060281142,0.2706678159534931,0.4750306845308896,0.1,0.1666666666666666,0.2,1.0
92,drawbench,0.12131500504910946,0.23751591505056566,0.14087263941764833,0.28424508957149375,0.0,0.0769230769230769,0.0,0.0019920318725099
289739,mscoco,0.055588950589299205,0.1876397711411959,0.06818762123584747,0.1782700206682059,0.1,0.1,0.0,0.0217391304347826
11,drawbench,0.21526608616113663,0.5355777215494877,0.18168597146868706,0.3263745379333131,0.0,1.886863655232273e-05,0.0,1.9478748685184465e-05
394681,mscoco,0.04171979646198452,0.1135641453063044,0.04402233029250056,0.10453227928847549,0.1,0.3333333333333333,0.1,0.1428571428571428
404984,mscoco,0.08783238865435124,0.2189919424928992,0.07760952636599541,0.20086787727816185,0.0,0.003831417624521,0.0,0.0095238095238095
95777,mscoco,0.0895606193691492,0.24262094061821715,0.15230690091848373,0.3156264353356128,0.2,0.5,0.2,0.25
516158,mscoco,0.060723026655614375,0.2023022657629278,0.09242781670764089,0.2643196973612228,0.0,0.015625,0.1,0.25
223569,mscoco,0.20064671486616134,0.32662478912932436,0.46209376901388166,0.7176146765318934,0.1,1.0,0.3,1.0
107782,mscoco,0.1166267255321145,0.2750183962963017,0.13000471889972687,0.271591724537445,0.1,0.25,0.4,0.5
98881,mscoco,0.011124731996096671,0.03401602950890396,0.014169120229780674,0.037703066945970996,0.1,1.0,0.1,1.0
94045,mscoco,0.18876482397317887,0.33937219689141807,0.29466852098703383,0.4089503986662009,0.3,0.3333333333333333,1.0,1.0
498015,mscoco,0.007842807238921523,0.02994868584223667,0.009027378517203033,0.030310891605898508,0.1,1.0,0.0,0.0526315789473684
451172,mscoco,0.09002247154712677,0.2379532582944995,0.07862157076597213,0.2693038688045033,0.1,0.3333333333333333,0.1,1.0
535211,mscoco,0.01647100169211626,0.0678807723475652,0.019313801545649767,0.07262663524259158,0.1,0.25,0.1,0.5
18476,mscoco,0.023735943739302455,0.07605420144917743,0.025356938317418098,0.08277493839078841,0.1,1.0,0.1,1.0
275930,mscoco,0.046181661263108256,0.12906257194197754,0.0640460217371583,0.16540455945245708,0.0,0.0833333333333333,0.1,1.0
507434,mscoco,0.022378267964813858,0.0702666567679454,0.01186240187380463,0.04533175726926302,0.1,0.25,0.0,0.0020366598778004
29122,mscoco,0.05666350917890668,0.1455227501151521,0.06178249232470989,0.19242800877049404,0.0,0.0769230769230769,0.1,1.0
116204,mscoco,0.13297655582427978,0.2553994572637883,0.18003021255135537,0.31443915223080593,0.4,1.0,0.4,0.5
274815,mscoco,0.11143059246242046,0.2688932975787751,0.16869495660066605,0.38172998111203976,0.2,0.25,0.1,0.3333333333333333
507215,mscoco,0.08683303110301495,0.21169832070727154,0.10813734978437424,0.3394601662444322,0.4,0.25,0.2,0.5
559658,mscoco,0.07496479041874408,0.23163917888178556,0.10521086975932122,0.27598538130608574,0.4,0.3333333333333333,0.5,0.5
344157,mscoco,0.822046422958374,0.9112614148996927,0.8765011012554169,0.9532369514341055,1.0,1.0,1.0,1.0
327768,mscoco,0.14045612923800946,0.26191539259326896,0.08639464732259512,0.24284607625298182,0.2,1.0,0.2,1.0
35424,mscoco,0.119099722802639,0.25614822096369994,0.17127227410674095,0.2988149340978161,0.2,1.0,0.5,1.0
412698,mscoco,0.0617946058511734,0.18771060381390506,0.0637360505759716,0.17221977166390032,0.2,1.0,0.1,1.0
502588,mscoco,0.11913915872573852,0.2695192284789161,0.10222873315215111,0.2612871369738706,0.5,0.3333333333333333,0.5,1.0
515527,mscoco,0.02403224688023329,0.090361292650396,0.03203775808215141,0.1270711774365696,0.1,1.0,0.1,1.0
382958,mscoco,0.14177916273474694,0.25141255204836943,0.12954115867614746,0.29032514726439995,0.0,0.0666666666666666,0.1,0.5
166975,mscoco,0.057705911062657836,0.12437337532206076,0.05233872924000025,0.14530143997885056,0.1,0.5,0.1,0.125
397640,mscoco,0.23356178477406503,0.37868729979040394,0.31058478355407715,0.5183724865513093,0.1,0.25,0.1,0.1666666666666666
462880,mscoco,0.04503955319523811,0.11894963210414529,0.035112553369253875,0.10167970106524014,0.1,1.0,0.1,1.0
104808,mscoco,0.043873288296163084,0.11654052217411295,0.03853409001603723,0.10826779833435007,0.1,0.25,0.0,0.05
30235,mscoco,0.21466069258749484,0.354386975600851,0.3413930281996727,0.5125044128152648,0.3,0.25,0.7,0.5
513219,mscoco,0.03649665536358952,0.08602994188317398,0.039432681258767845,0.1408067229013913,0.1,0.25,0.2,1.0
63,drawbench,0.01548730507493019,0.08121166127236439,0.017027464229613543,0.06503416014056129,0.0,0.0,0.0,0.0
245771,mscoco,0.058306359499692914,0.1620616520685514,0.06622989904135465,0.17320589217203655,0.4,0.5,0.4,1.0
1375,mscoco,0.2368844509124756,0.39528964630988034,0.41514048874378207,0.6219310788432121,0.4,0.5,0.3,0.1666666666666666
167479,mscoco,0.05316101405769587,0.13991732854122274,0.07088406942784786,0.180412150970953,0.0,0.0232558139534883,0.3,1.0
124874,mscoco,0.06321465410292149,0.2263703415936541,0.04584930539131164,0.12136871398890904,0.1,0.3333333333333333,0.0,0.0056497175141242
506901,mscoco,0.07014489844441414,0.23316934742569953,0.06819993145763874,0.21879921294767263,0.3,0.2,0.5,1.0
519754,mscoco,0.1064581260085106,0.27312759368254685,0.12340461686253548,0.2951994944536477,0.1,1.0,0.1,1.0
336457,mscoco,0.0994265217334032,0.27114437378642203,0.18666746765375136,0.357161879178933,0.0,0.0526315789473684,0.4,0.25
290974,mscoco,0.01526207933202386,0.03675361690008241,0.012764242105185985,0.04702430979852121,0.1,1.0,0.1,0.3333333333333333
18918,mscoco,0.26838612407445905,0.48618377236681637,0.2664195626974106,0.4259776780369039,1.0,1.0,0.7,0.3333333333333333
153140,mscoco,0.24669441431760789,0.3578277259887225,0.36552489548921585,0.5503869925413172,0.0,0.0769230769230769,0.3,1.0
83481,mscoco,0.014011349040083587,0.0517042617198674,0.021002529934048653,0.0613889667126835,0.2,0.5,0.2,1.0
204473,mscoco,0.020557237323373556,0.07328447061697518,0.02219935297034681,0.07707235322512065,0.0,0.0526315789473684,0.0,0.0476190476190476
419074,mscoco,0.181133408844471,0.31077080727725015,0.26163526959717276,0.46599134336510056,0.0,0.0357142857142857,0.1,0.125
261235,mscoco,0.03548991931602359,0.09921613282469376,0.09088465552777052,0.24827905592304292,0.0,0.0909090909090909,0.1,1.0
338971,mscoco,0.02531529637053609,0.10388219743923104,0.035635536257177594,0.10077778886610794,0.1,0.1,0.1,0.3333333333333333
223183,mscoco,0.35554834455251694,0.5107823685481673,0.43149745762348174,0.7333119437108949,0.9,1.0,0.7,1.0
450711,mscoco,0.05577914007008076,0.16873278860941243,0.04970697071403265,0.18882878914581336,0.1,0.5,0.1,1.0
490187,mscoco,0.19144627898931504,0.39635755734561584,0.1810791850090027,0.3593000227109844,0.1,0.5,0.1,0.3333333333333333
564602,mscoco,0.11446580588817597,0.23755182134210345,0.20520209819078444,0.4203685169156458,0.0,0.0188679245283018,0.4,0.5
452201,mscoco,0.1484885811805725,0.3562838103557993,0.11567260287702083,0.2522460063689998,0.0,0.05,0.2,1.0
443334,mscoco,0.12888033799827098,0.25389026969788886,0.2101699024438858,0.37125009740203674,0.3,0.2,0.3,1.0
18075,mscoco,0.2523641549050808,0.43416974364395455,0.37831053137779236,0.4979065308415312,0.4,0.3333333333333333,1.0,1.0
50,drawbench,0.08369056507945061,0.164603113061202,0.08666110783815384,0.21154376847505998,0.0,0.0,0.0,0.0
86,drawbench,0.1342280026525259,0.2827000590399212,0.1615874856710434,0.38213403615558705,0.1,0.125,0.0,0.0555555555555555
171808,mscoco,0.12083053290843963,0.3166728297876755,0.14932557344436645,0.3018290569717277,0.2,0.1428571428571428,0.5,1.0
572487,mscoco,0.03769603129476309,0.11744885224545859,0.06565320324152708,0.17541063413343347,0.0,0.037037037037037,0.2,0.1666666666666666
566765,mscoco,0.10339661575853824,0.266871095541813,0.14323914609849453,0.3174906097193978,0.1,1.0,0.2,0.5
163514,mscoco,0.17427924200892447,0.34767675565884437,0.18631007596850396,0.33401886777839646,0.1,1.0,0.1,1.0
311128,mscoco,0.1281087167561054,0.3357309801186503,0.13424867913126945,0.3751227617404783,1.0,1.0,0.9,1.0
520858,mscoco,0.1438286744058132,0.28634846387121227,0.28170496225357056,0.5347990531154575,0.0,0.0833333333333333,0.5,0.3333333333333333
271051,mscoco,0.028969263471663,0.09432327306494911,0.03516537407413125,0.08308123477503769,0.1,0.5,0.1,1.0
532933,mscoco,0.128684838488698,0.2489095442141149,0.11674685105681419,0.2955647639939212,0.0,0.0434782608695652,0.1,1.0
475974,mscoco,0.11708142682909965,0.29742781471111435,0.1943944923579693,0.4900315660167204,0.1,0.3333333333333333,0.0,0.0217391304347826
206731,mscoco,0.05535118114203215,0.17266423771472048,0.04933931734412909,0.16063845256686798,0.1,0.5,0.1,0.3333333333333333
450212,mscoco,0.13733501732349396,0.34985353895078714,0.14328524321317673,0.37592251730692655,0.1,1.0,0.1,0.3333333333333333
188478,mscoco,0.227027989923954,0.3535895076815593,0.2526682153344154,0.3629273298489135,0.4,1.0,0.2,1.0
463944,mscoco,0.020551049523055552,0.06563930695650508,0.0245324588380754,0.07390463218460486,0.1,0.1,0.0,0.0294117647058823
521657,mscoco,0.17190705016255378,0.30460797586007576,0.17360363230109216,0.3769057174711299,0.2,1.0,0.1,1.0
310511,mscoco,0.02922941409051418,0.09028715577647722,0.08082955442368984,0.20802731890146595,0.1,0.3333333333333333,0.1,1.0
24859,mscoco,0.11447689719498158,0.3073294388170823,0.24959964230656623,0.36717945288367815,0.1,0.1,0.2,1.0
402662,mscoco,0.08506340943276883,0.2239288893433257,0.0941498588770628,0.2517918614355205,0.2,0.25,0.4,1.0
109791,mscoco,0.1062590979039669,0.28442216571737094,0.20563726797699927,0.4249019589578942,0.2,0.3333333333333333,0.3,1.0
62,drawbench,0.14969950988888742,0.2884234779798651,0.14123085513710976,0.4062684503939846,0.0,0.0025839793281653,0.0,0.0023809523809523
298190,mscoco,0.07998889535665513,0.22118696949976566,0.13012558687478304,0.21393751101106867,0.1,0.125,0.3,1.0
86065,mscoco,0.2865269288420677,0.5444291492185618,0.4923632711172104,0.6051796606996506,0.4,0.5,0.4,0.25
127726,mscoco,0.04471788248047233,0.1475675464327457,0.052809137012809516,0.1499701269937725,0.2,1.0,0.1,1.0
572825,mscoco,0.10659940969198942,0.29478277325070573,0.16222357824444772,0.34208016675172026,0.4,0.5,0.7,1.0
246009,mscoco,0.18049810826778412,0.48150068356979303,0.15899221748113632,0.2941378805823956,0.5,1.0,0.7,1.0
517906,mscoco,0.036546101048588756,0.11172563435722649,0.05472172191366553,0.14614208749877955,0.0,0.0909090909090909,0.1,0.1666666666666666
265256,mscoco,0.08175665326416492,0.23715839655604717,0.0904112059623003,0.1935320485688081,0.0,0.0833333333333333,0.2,1.0
373038,mscoco,0.022642473317682744,0.08603867605918461,0.024225030560046434,0.0833141587347308,0.0,0.0909090909090909,0.1,1.0
53720,mscoco,0.16052189469337463,0.2455482938019035,0.18911792039871217,0.33360971968036157,0.4,0.5,0.8,0.3333333333333333
514116,mscoco,0.05419738385826349,0.1507439013787923,0.09713480584323406,0.3370193811288888,0.0,0.0625,0.3,0.5
395396,mscoco,0.49421109184622763,0.8601550335339867,0.516426146030426,0.7502534362168589,0.5,1.0,0.8,1.0
118851,mscoco,0.13117753826081752,0.3068147976180563,0.13961276561021804,0.30900578390959477,0.4,1.0,0.6,1.0
198625,mscoco,0.34586861729621887,0.5951405081610576,0.3898435339331627,0.6783404085425853,0.0,0.0333333333333333,0.2,0.2
53,drawbench,0.07774697113782167,0.16030508109899316,0.0906274851411581,0.23529202903517046,0.0,0.0,0.0,0.0
99,drawbench,0.02345784204080701,0.08398554024368866,0.01055411589331925,0.03878573509865691,0.0,0.0,0.0,0.0
132656,mscoco,0.4441686928272247,0.691708351205141,0.3540003091096878,0.4896635547255512,0.2,0.3333333333333333,0.2,0.5
213276,mscoco,0.020087563898414373,0.05685949014633901,0.018291927594691514,0.0590806713837384,0.1,1.0,0.1,1.0
123974,mscoco,0.0992275919765234,0.24737756687820012,0.15216783806681633,0.29645686062919113,0.5,1.0,0.6,0.5
131,drawbench,0.07340936772525311,0.2045718579631727,0.11269092112779618,0.2444673907188895,0.0,0.0,0.0,0.0
435096,mscoco,0.02726847557350993,0.1039132609531561,0.03643883038312197,0.11517655708010406,0.1,1.0,0.1,1.0
509764,mscoco,0.040060812048614024,0.11342976366660859,0.054455439327284694,0.1179709482104782,0.1,0.5,0.0,0.0454545454545454
204273,mscoco,0.2345994994044304,0.3810528119367663,0.19237485006451607,0.32515980407433825,0.1,0.2,0.1,0.125
299768,mscoco,0.2076861687004566,0.5026498158452263,0.32836754322052003,0.4932769024182566,0.0,0.003012048192771,0.3,0.25
135369,mscoco,0.3458656623959541,0.5517824007766526,0.2632697016000748,0.6469702955373593,0.8,1.0,0.6,1.0
508053,mscoco,0.17293297350406647,0.37248620930486614,0.3112245470285416,0.5232396788803426,0.1,0.2,0.2,0.5
475413,mscoco,0.057803926058113575,0.1900717681205232,0.1890130139887333,0.47732103649106705,0.0,0.0434782608695652,0.0,0.027027027027027
44328,mscoco,0.03610385674983263,0.1196672308437125,0.03781551057472825,0.12028837051216862,0.1,1.0,0.1,0.3333333333333333
127743,mscoco,0.0924810042604804,0.22570753360457121,0.06495242938399315,0.2090576117654418,0.2,1.0,0.2,1.0
316842,mscoco,0.11238264050334693,0.310902260707931,0.12045816592872143,0.3400541211004566,0.0,0.0769230769230769,0.2,0.5
131075,mscoco,0.03422402134165168,0.09871479693731577,0.036689184978604315,0.10053829823909505,0.0,0.0059171597633136,0.2,1.0
323812,mscoco,0.10387594401836395,0.2633554527479201,0.10456398576498031,0.2590825056016054,0.4,1.0,0.6,1.0
354212,mscoco,0.2263109415769577,0.3789826618791906,0.3219895828515291,0.7292058891277983,0.3,1.0,0.7,1.0
33645,mscoco,0.07003818619996309,0.18747612430933147,0.07176970690488815,0.19566326674597403,0.1,0.5,0.1,0.25
285529,mscoco,0.21044278666377067,0.42190790062272987,0.22545480281114577,0.43848836817064285,0.6,0.5,0.7,1.0
52669,mscoco,0.10278395228087903,0.261447016588688,0.1631773177534342,0.3169984440179437,0.0,0.0416666666666666,0.2,0.5
47328,mscoco,0.2455342546105385,0.5910828958780717,0.25323099344968797,0.542809837953639,0.4,0.5,0.3,0.3333333333333333
256513,mscoco,0.05772919654846191,0.18307133876888781,0.14314606823027134,0.34488610708813017,0.0,0.0833333333333333,0.3,0.5
561196,mscoco,0.02691866084933281,0.08795907871626418,0.02760505396872759,0.09294629559043702,0.1,1.0,0.1,1.0
411261,mscoco,0.08736615292727948,0.26412976680975125,0.10768389403820038,0.25432837462194374,0.1,1.0,0.1,1.0
578056,mscoco,0.021761077363044022,0.0794673436797501,0.029978848341852427,0.08925082155917409,0.1,0.3333333333333333,0.1,1.0
110926,mscoco,0.2105890206992626,0.35436355416979765,0.23743716925382613,0.45806523217856887,0.0,0.0204081632653061,0.1,1.0
290175,mscoco,0.14799560084939004,0.29635599698252524,0.19908622056245803,0.4599841102925909,0.4,0.2,0.6,1.0
295589,mscoco,0.11751352623105049,0.2506392502589343,0.12437843084335327,0.34665996438081026,0.0,0.0028735632183908,0.0,0.0025316455696202
442478,mscoco,0.0769582387059927,0.20564917171595054,0.1369806744158268,0.29429649324702484,0.0,0.0108695652173913,0.0,0.0153846153846153
267598,mscoco,0.22261387780308722,0.510136313399653,0.2764307916164398,0.6167797921427622,0.3,1.0,0.4,1.0
386424,mscoco,0.10970990024507046,0.2130446593249625,0.08809909559786319,0.18964489001112222,0.2,0.3333333333333333,0.1,0.1666666666666666
10727,mscoco,0.18211208581924437,0.33627049959902666,0.1881931409239769,0.47649416786290294,0.0,0.0454545454545454,0.1,0.1
7452,mscoco,0.2931095063686371,0.3707677784888548,0.3858261346817017,0.5093108773837846,0.2,0.1666666666666666,0.5,0.5
322560,mscoco,0.05238593555986881,0.14765261309780653,0.06646191868931055,0.1730789126037024,0.3,0.25,0.4,1.0
185849,mscoco,0.06291018528863787,0.13656971691840913,0.08106322502717375,0.265517990001393,0.1,0.1666666666666666,0.0,0.0067567567567567
459827,mscoco,0.042470584996044634,0.13190114988207738,0.06933292150497436,0.21420445342242364,0.0,0.0769230769230769,0.3,0.5
415840,mscoco,0.05987060312181711,0.16592015033615434,0.0452644594013691,0.13187381957822752,0.0,0.0303030303030303,0.0,0.0057471264367816
206274,mscoco,0.08573024980723858,0.25319509693711484,0.07476752446964383,0.2364204483152995,0.1,1.0,0.2,1.0
239888,mscoco,0.23637486696243287,0.5061166825564254,0.23425033390522004,0.40721985367269947,0.1,0.3333333333333333,0.6,0.5
120,drawbench,0.0456542756408453,0.14179044019398815,0.07882608249783515,0.198324907782944,0.0,0.0,0.0,0.0
309169,mscoco,0.07260553948581219,0.18657691276972516,0.18686959743499756,0.3796694956026494,0.0,0.04,0.2,0.5
112996,mscoco,0.09406692944467068,0.3062631141260828,0.10090471804141998,0.3002338253034247,0.1,1.0,0.1,1.0
459343,mscoco,0.21364433094859123,0.4788762852083198,0.2536958917975426,0.5507000457742172,0.4,1.0,0.7,1.0
471488,mscoco,0.15567952692508696,0.26603148274215166,0.12099633105099201,0.280641626366901,0.0,0.0024213075060532,0.0,0.025
252919,mscoco,0.19619134962558746,0.3800266577637593,0.22585824728012086,0.4024777066435376,0.3,1.0,0.4,0.5
7945,mscoco,0.05855849832296371,0.14851090214822213,0.062267865240573886,0.19479487222355618,0.0,0.0625,0.1,1.0
162215,mscoco,0.2066342458128929,0.39029341767837233,0.1806500092148781,0.38249039891354414,0.4,0.5,0.6,1.0
193889,mscoco,0.03168093133717775,0.10064311733047701,0.0785084344446659,0.2223422945248612,0.0,0.0070422535211267,0.1,1.0
46,drawbench,0.05911161471158266,0.1584807820520994,0.0734142329543829,0.19037543730993298,0.0,0.0,0.0,0.0
30,drawbench,0.10835266336798668,0.27951812350420074,0.13325686380267143,0.32732100243905693,0.0,0.0,0.0,0.0
386864,mscoco,0.04124753950163722,0.1851675493884156,0.036776331486180425,0.15121645990626378,0.1,0.25,0.2,0.25
232287,mscoco,0.029870921093970538,0.09687794001718669,0.02980364914983511,0.10300673587281348,0.0,0.0204081632653061,0.1,0.5
241027,mscoco,0.20732858553528785,0.41607723261258267,0.1808056276291609,0.27760932724537557,0.6,0.3333333333333333,0.3,0.1666666666666666
213795,mscoco,0.0763807026669383,0.2637053616008471,0.12304422818124294,0.21430728462713838,0.1,0.25,0.2,0.25
12059,mscoco,0.07202796284109354,0.1917211713427261,0.05466531636193395,0.216186586793299,0.1,1.0,0.1,1.0
162753,mscoco,0.20746729299426078,0.5531622796367176,0.19019756019115447,0.3699922256423487,0.2,1.0,0.0,0.0555555555555555
425458,mscoco,0.030193096306174994,0.13415840061591514,0.05061485208570957,0.13178793224182886,0.2,0.5,0.4,0.3333333333333333
368956,mscoco,0.15798941031098365,0.2691680274174138,0.1281805858016014,0.30763506850494227,0.1,0.1,0.0,0.0526315789473684
496410,mscoco,0.05577284228056669,0.18784266234626548,0.05755299553275108,0.18445726004016452,0.1,0.1111111111111111,0.2,0.5
532612,mscoco,0.12442713901400566,0.3063868282341879,0.12237081602215767,0.3136909058382917,0.1,1.0,0.0,0.0625
230837,mscoco,0.20716790482401848,0.35362702466324614,0.22076012641191484,0.398421422587157,0.0,0.0196078431372549,0.0,0.0769230769230769
460882,mscoco,0.2782683208584785,0.5436111088609256,0.3284273937344551,0.4426181875647802,0.4,0.5,0.3,0.5
485852,mscoco,0.03794129882007837,0.13306785352706468,0.09006726574152708,0.17064231009333194,0.1,0.3333333333333333,0.0,0.0416666666666666
72342,mscoco,0.16165841370821,0.25647621701542106,0.13279697746038438,0.31713380707082583,0.2,1.0,0.1,0.2
81017,mscoco,0.12835186645388602,0.2616229982065386,0.14118367806077003,0.27456138033090305,0.0,0.0909090909090909,0.1,0.125
401828,mscoco,0.044563754089176656,0.11579898886761855,0.05534274950623512,0.19828454102361964,0.2,0.1666666666666666,0.2,1.0
554138,mscoco,0.10837241299450398,0.25674355784399516,0.2651558443903923,0.4740063964269864,0.0,0.0666666666666666,0.1,0.1111111111111111
321742,mscoco,0.2662113182246685,0.37372790642325604,0.23656571581959723,0.4854610856485722,0.4,1.0,0.7,1.0
574384,mscoco,0.2042969770729542,0.3612295919612378,0.21597185730934143,0.4293736179840336,0.0,0.002020202020202,0.0,0.0014306151645207
446557,mscoco,0.11153507344424725,0.2830155932305309,0.11456933058798313,0.314880815770161,0.1,0.1428571428571428,0.0,0.05
253498,mscoco,0.1016794878989458,0.19674730252457784,0.1652675412595272,0.510104795081735,0.1,0.3333333333333333,0.4,0.25
448251,mscoco,0.09156405292451382,0.20226408548651661,0.09644992537796497,0.2647939540327758,0.1,0.5,0.0,0.0188679245283018
116622,mscoco,0.39181756526231765,0.5636786198648208,0.4195179805159569,0.7210964695929364,0.3,1.0,0.3,0.3333333333333333
486899,mscoco,0.1308288112282753,0.25510800602815986,0.13223715275526046,0.3139742218937647,0.2,1.0,0.0,0.0178571428571428
59295,mscoco,0.14045458361506463,0.31206779306584786,0.1301193952560425,0.37588479689253446,0.1,1.0,0.1,0.2
289012,mscoco,0.0686834616586566,0.1981434328021995,0.0815584983676672,0.22827794566752316,0.1,0.2,0.1,1.0
435902,mscoco,0.18211742863059044,0.30056241087548324,0.26332606971263883,0.4204831680445915,0.2,0.25,0.6,1.0
480518,mscoco,0.13943979199975728,0.35397003718409675,0.12279342692345381,0.3176912132751993,0.5,0.5,0.4,1.0
39272,mscoco,0.09917663894593716,0.2891020651708419,0.08038344029337167,0.2652795781437648,0.1,0.5,0.1,1.0
558579,mscoco,0.05747170131653547,0.20147576881587462,0.06253255102783442,0.17859125564313277,0.2,1.0,0.2,0.2
143348,mscoco,0.22117549926042557,0.3806215472810191,0.275068524479866,0.45682123402290653,0.1,1.0,0.4,0.2
16961,mscoco,0.10622429884970189,0.23127838151607752,0.0932222731411457,0.22185791115550793,0.1,0.5,0.1,0.1428571428571428
489939,mscoco,0.06851983517408371,0.20640875534083655,0.12308078929781914,0.2969603144562841,0.0,0.0116279069767441,0.1,0.3333333333333333
185281,mscoco,0.1309661190956831,0.35146343854267326,0.14156194739043712,0.34773492785593296,0.2,1.0,0.2,1.0
500622,mscoco,0.02195327850058675,0.06777939834114625,0.02806701846420765,0.07393154810606431,0.1,1.0,0.1,0.5
220772,mscoco,0.1442518912255764,0.30531417715873777,0.10264553055167198,0.26658741840696654,0.0,0.0060240963855421,0.0,0.0068965517241379
550400,mscoco,0.1057527732104063,0.19225226221249198,0.09782986100763083,0.20729969489252353,0.2,1.0,0.2,1.0
378906,mscoco,0.09779158160090447,0.1889706673631577,0.07853728309273719,0.23105730797497517,0.0,0.0769230769230769,0.1,1.0
542111,mscoco,0.2100685179233551,0.5013932342585417,0.33140064775943756,0.5085188383317266,0.1,0.1,0.0,0.0666666666666666
3217,mscoco,0.26290564686059953,0.5935863810324807,0.3458745524287224,0.4601385347973091,0.4,1.0,0.4,0.5
96625,mscoco,0.03169980393722653,0.11642706488594187,0.07506505511701107,0.19157657513611007,0.1,0.5,0.4,1.0
60328,mscoco,0.19885491132736205,0.3880703393356843,0.33820131570100787,0.48862697365998614,0.1,0.1666666666666666,0.3,0.1666666666666666
402287,mscoco,0.10602576732635498,0.26433418531592207,0.10276493467390538,0.31408693301834134,0.3,1.0,0.4,0.25
517909,mscoco,0.07481808438897133,0.1698310989799603,0.0963491689413786,0.27302248502017806,0.1,0.5,0.0,0.0285714285714285
113233,mscoco,0.07061236593872308,0.15316348808522107,0.14367837831377983,0.29296530488786865,0.0,0.0072463768115942,0.1,1.0
77181,mscoco,0.03212971659377217,0.1052881125163256,0.055119055323302746,0.15478082980684624,0.1,0.5,0.0,0.0024752475247524
371243,mscoco,0.2209847092628479,0.4421065731778544,0.3658098429441452,0.5929587574624617,0.0,0.0666666666666666,0.8,1.0
146656,mscoco,0.1451319083571434,0.3300907485038876,0.18729319013655185,0.3614363021599295,0.1,0.2,0.0,0.0666666666666666
430688,mscoco,0.03509727353230119,0.09257930096445027,0.03056682599708438,0.09916614253905995,0.1,0.25,0.1,1.0
143449,mscoco,0.0771234791725874,0.19076155158885388,0.10922206752002239,0.3103833321750404,0.5,1.0,0.3,1.0
57433,mscoco,0.16263818144798278,0.24736626986354063,0.23038473650813102,0.42723662980174426,0.1,0.2,0.0,0.0769230769230769
298736,mscoco,0.07242414020001889,0.18932199210361914,0.10566544942557812,0.2936028874124607,0.1,1.0,0.4,1.0
406550,mscoco,0.23813202679157258,0.3771048671531146,0.17959732040762902,0.3086748008127333,0.1,0.1428571428571428,0.0,0.037037037037037
561903,mscoco,0.045064006187021735,0.14133986229637163,0.048557935655117034,0.16193989685948726,0.0,0.0476190476190476,0.1,1.0
227699,mscoco,0.28821507319808004,0.6808419026730449,0.2742741577327251,0.5662222870872264,0.4,1.0,0.4,0.5
59821,mscoco,0.07651866115629673,0.24900600451866528,0.09781106635928154,0.20773077718659652,0.0,0.0083333333333333,0.0,0.04
265612,mscoco,0.0584498293697834,0.22290688033182599,0.06092297378927469,0.22057797349192423,0.3,1.0,0.2,1.0
24591,mscoco,0.06483618766069413,0.17040483523622948,0.16040505282580853,0.399066763176783,0.0,0.0714285714285714,0.3,0.5
71,drawbench,0.14792612493038176,0.2570134225213865,0.14091809894889593,0.3620611743473325,0.0,0.000432525951557,0.0,0.0008771929824561
35,drawbench,0.3039905488491058,0.4963475580004213,0.37082394361495974,0.5976514030978008,0.0,0.0454545454545454,0.0,0.0133333333333333
317833,mscoco,0.0371087234467268,0.1035240772408996,0.0725726855918765,0.17127672744584493,0.1,0.25,0.0,0.0454545454545454
544583,mscoco,0.16387378200888633,0.31181396492002755,0.4052929013967514,0.5429548299773764,0.0,0.0666666666666666,0.7,0.5
514544,mscoco,0.06445742323994637,0.1789053863783339,0.057944949716329575,0.16006965522355712,0.5,1.0,0.4,1.0
160199,mscoco,0.074265106767416,0.2077408509347231,0.11819432526826859,0.2841580531215348,0.1,0.125,0.3,0.5
156445,mscoco,0.22795777395367622,0.6325020675909381,0.2680213823914528,0.38383411958083025,0.2,1.0,0.4,1.0
46686,mscoco,0.09146091639995575,0.228068742615105,0.0778571741655469,0.1768439666838598,0.2,1.0,0.2,0.3333333333333333
563457,mscoco,0.05731806010007858,0.2072231423351312,0.06497711297124624,0.17290034837913607,0.2,0.5,0.2,1.0
520848,mscoco,0.1321425259113312,0.2732929597489983,0.13596467971801757,0.3334437488288746,0.4,1.0,0.5,0.25
433992,mscoco,0.10701512396335602,0.22328459834654651,0.13754579573869705,0.3389266405036746,0.0,0.0031746031746031,0.1,0.1666666666666666
415464,mscoco,0.104927072301507,0.2437504881093825,0.06450256370007992,0.23317999464216838,0.0,0.0136986301369863,0.0,0.0045871559633027
62543,mscoco,0.14345714971423149,0.2663178306293312,0.2267720326781273,0.4499162229385216,0.3,0.2,0.7,0.5
123175,mscoco,0.23113169968128205,0.551796374687573,0.21405290439724922,0.4349457020988059,0.4,1.0,0.3,1.0
65383,mscoco,0.3906745746731758,0.6375706229038072,0.6309788584709167,0.6913089183088083,0.3,0.5,1.0,1.0
544001,mscoco,0.13495217487215996,0.3104065188692889,0.1991346426308155,0.3661335766750935,0.4,1.0,0.2,0.1428571428571428
41104,mscoco,0.25107148960232734,0.4221101743526057,0.21006962284445763,0.38868216838384306,0.5,1.0,0.5,1.0
355193,mscoco,0.6540201336145401,0.7472781222770268,0.7003898411989212,0.8154027188899812,1.0,1.0,1.0,1.0
500940,mscoco,0.010253731720149517,0.044769278863735606,0.016938681062310935,0.06841782051175081,0.1,1.0,0.1,0.5
429142,mscoco,0.041209204215556385,0.13453673167737012,0.04568039383739233,0.17091815892668646,0.0,0.01,0.1,1.0
125252,mscoco,0.03810976501554251,0.1325186168318466,0.044107287749648096,0.1276673634756635,0.2,0.5,0.2,0.5
14683,mscoco,0.20539536699652672,0.449546634769181,0.2876406326889992,0.44241157435388934,0.2,1.0,0.3,1.0
109,drawbench,0.08733448125422001,0.17612415432404874,0.10291363932192325,0.2775613081737219,0.1,0.1428571428571428,0.0,0.0135135135135135
391662,mscoco,0.035074712615460156,0.1254916005807212,0.037241630535572764,0.1215782472021804,0.1,0.25,0.4,0.5
409131,mscoco,0.1541934736073017,0.26622854808166496,0.23097755908966064,0.4319486754693941,0.2,0.5,0.4,1.0
478880,mscoco,0.18660920411348342,0.3481159522171165,0.22696516513824463,0.41736625919957526,0.0,0.05,0.2,0.5
230972,mscoco,0.08806065507233143,0.2522764251371589,0.12848122119903566,0.2941530371269235,0.1,1.0,0.1,0.3333333333333333
233093,mscoco,0.028794778045266867,0.08660528917830934,0.027055166382342576,0.0931617312485019,0.0,0.0064102564102564,0.0,0.0023364485981308
143,drawbench,0.011677283002063632,0.029386524845390866,0.008654594700783492,0.042616873756929505,0.0,0.0,0.0,0.0
59918,mscoco,0.2575552135705948,0.504914511433616,0.374475771188736,0.7200481115701437,0.2,1.0,0.7,1.0
575958,mscoco,0.11013318710029125,0.26364142011683794,0.08408288173377514,0.22027311844923025,0.0,0.0101010101010101,0.1,0.5
381160,mscoco,0.44422862902283666,0.5912413067905421,0.22529638595879078,0.4021459272165759,0.0,0.0714285714285714,0.1,0.5
229067,mscoco,0.2731758952140808,0.3888825753975726,0.3896851986646652,0.5658882484226269,0.6,0.3333333333333333,0.6,1.0
412780,mscoco,0.0886996030807495,0.2643062109549228,0.19061482027173043,0.3357641791092349,0.0,0.0476190476190476,0.2,0.1428571428571428
515655,mscoco,0.06437328644096851,0.1543147070287425,0.05664656683802605,0.16277295000020503,0.0,0.0526315789473684,0.1,0.25
385037,mscoco,0.2046952500939369,0.4131006640345578,0.2387612320482731,0.37314249947870476,0.6,1.0,0.6,0.5
30281,mscoco,0.27317974120378496,0.6410021291113642,0.3770960450172424,0.544054831308908,0.4,0.3333333333333333,0.5,0.3333333333333333
85472,mscoco,0.33740985915064814,0.48917763895639227,0.44399409368634224,0.817196900977283,0.8,1.0,0.9,1.0
262146,mscoco,0.16983980536460877,0.31243713126657796,0.34839138090610505,0.5922936373623316,0.0,0.0833333333333333,0.5,1.0
85155,mscoco,0.21104232035577297,0.464395789715188,0.2088292982429266,0.4489408063694454,0.4,1.0,0.3,0.5
406250,mscoco,0.37131883203983307,0.63557354080608,0.42470847219228747,0.7159694525578143,0.3,1.0,0.5,0.5
172143,mscoco,0.018877786793746056,0.06084699405089013,0.027061630599200727,0.09506814813339998,0.0,0.0625,0.1,0.5
455667,mscoco,0.35392566323280333,0.523997648710214,0.3959633246064186,0.6233504414236292,0.3,0.2,0.6,1.0
169006,mscoco,0.17989522740244865,0.29566557341185123,0.2083703614771366,0.5083247136516122,0.2,0.5,0.4,0.5
173109,mscoco,0.07665422596037388,0.24128618046437206,0.11301139928400517,0.28192696863642086,0.1,1.0,0.2,1.0
192322,mscoco,0.19715650156140327,0.39938252843608707,0.21698563173413277,0.4207458628347504,0.9,1.0,0.8,1.0
222266,mscoco,0.06229946129024029,0.2001237720619295,0.06078249774873257,0.18489841992203168,0.3,1.0,0.3,1.0
325806,mscoco,0.2043132022023201,0.4285602358631986,0.22732636332511902,0.5073585899315014,0.2,1.0,0.5,0.3333333333333333
449537,mscoco,0.16912202425301076,0.4319819641238951,0.2143296331167221,0.38303495290782746,0.0,0.00625,0.0,0.0555555555555555
145284,mscoco,0.11280278749763965,0.25055466182985886,0.13939448781311511,0.3798641843196537,0.1,0.5,0.0,0.0909090909090909
465058,mscoco,0.3284240275621414,0.614337007273864,0.5589930474758148,0.7551690480977615,0.3,0.5,0.9,1.0
165893,mscoco,0.03564217444509268,0.11249691510446423,0.07375162430107593,0.17574534386991605,0.1,1.0,0.1,1.0
537157,mscoco,0.15552054792642594,0.32944415832355584,0.1850840836763382,0.45382403294389023,0.0,0.0909090909090909,0.1,1.0
426323,mscoco,0.025260708574205638,0.11056434640421625,0.037594152707606555,0.1233117705174821,0.1,1.0,0.1,1.0
92280,mscoco,0.20072835087776184,0.30744445748008675,0.15420545786619186,0.2890833285931936,0.2,1.0,0.4,1.0
319118,mscoco,0.1256953462958336,0.35031308698710717,0.10280018113553524,0.23792128694116885,0.3,1.0,0.5,0.5
234713,mscoco,0.2389361348003149,0.44056459318509467,0.22995137721300124,0.4213711935039338,0.9,1.0,1.0,1.0
379165,mscoco,0.09409206919372082,0.2082781896761774,0.10750751961022616,0.29296222167254715,0.1,0.125,0.3,1.0
26551,mscoco,0.06515024378895759,0.1708696180320565,0.09496841803193093,0.28298623472779305,0.0,0.0303030303030303,0.3,1.0
280242,mscoco,0.09662030078470707,0.230126606658115,0.1571642491966486,0.29213901199999487,0.2,0.2,0.1,0.1111111111111111
260307,mscoco,0.04871516413986683,0.2051305665835135,0.06506427731364965,0.1392166869357171,0.0,0.0070422535211267,0.0,0.0526315789473684
433168,mscoco,0.23573327884078027,0.4554196694826815,0.29643584564328196,0.4649696034860046,0.3,1.0,0.3,1.0
319043,mscoco,0.08720187023282051,0.21201279406883883,0.12298271283507348,0.20726128345378322,0.1,0.25,0.3,0.25
381994,mscoco,0.065950932726264,0.30131973886854085,0.10928089302033187,0.17928946161183457,0.0,0.0151515151515151,0.1,0.25
206044,mscoco,0.1424459844827652,0.32799038347049975,0.12278984859585762,0.31210760031494983,0.1,1.0,0.1,1.0
211312,mscoco,0.04467930970713496,0.12422575691477096,0.06777070201933384,0.15947227915196813,0.0,0.0188679245283018,0.1,1.0
42196,mscoco,0.12162484712898732,0.26630770063859993,0.16680548414587976,0.3370144528799766,0.0,0.0833333333333333,0.6,1.0
497096,mscoco,0.09732379727065563,0.23720576250675238,0.2113480255007744,0.39101914432789747,0.1,0.1666666666666666,0.4,0.2
81,mscoco,0.42015087604522705,0.6423370185336014,0.5079728335142135,0.6613039204090512,0.0,0.0119047619047619,0.0,0.0256410256410256
486123,mscoco,0.09711817800998687,0.27889780843538187,0.08744021132588387,0.19652901924071517,0.0,0.0476190476190476,0.1,0.125
322,mscoco,0.04619640242308378,0.11695107462108538,0.06342120338231325,0.21648552384613265,0.1,0.1666666666666666,0.1,0.125
493294,mscoco,0.2043732564896345,0.42878019972764997,0.19534994661808014,0.339753576824678,0.0,0.005,0.2,0.1428571428571428
187090,mscoco,0.14028712622821332,0.23753171676734383,0.2533365927636623,0.4195102864246231,0.6,0.25,0.8,1.0
372902,mscoco,0.03036885391920805,0.12542662603681123,0.045188567321747544,0.16772830963537858,0.1,1.0,0.1,1.0
293979,mscoco,0.23815915137529373,0.4363677300790035,0.3538314186036587,0.36463185478585497,0.3,1.0,0.3,0.5
417090,mscoco,0.028974124742671848,0.11413411941857676,0.04130016197450459,0.12024635761114068,0.0,0.0109890109890109,0.1,1.0
422172,mscoco,0.02322269892320037,0.08716577618539893,0.027547659631818534,0.10565826383163779,0.1,0.5,0.1,1.0
280988,mscoco,0.05837058927863836,0.1809764209852273,0.04020154420286417,0.1597961795526233,0.1,0.25,0.1,1.0
227558,mscoco,0.10611756294965743,0.31097397649651054,0.10626796036958694,0.2539286178999672,0.6,0.5,0.9,1.0
348006,mscoco,0.029856254160404206,0.09588028798301722,0.027422499656677247,0.12063805090945671,0.1,0.25,0.1,1.0
166716,mscoco,0.05849765054881573,0.17642894058009986,0.1523877277970314,0.2576004831143018,0.0,0.0625,0.0,0.0138888888888888
124018,mscoco,0.3744036003947258,0.6222252854339797,0.48965905606746674,0.7053586730613555,0.4,1.0,0.7,1.0
373792,mscoco,0.10997499786317348,0.37814526924880726,0.14899415001273156,0.3320370910734735,0.5,1.0,0.7,0.5
334364,mscoco,0.04138082889840007,0.10956562383635983,0.08265401553362609,0.2712806096643706,0.1,0.2,0.1,1.0
196473,mscoco,0.07950224317610263,0.1783590055311496,0.08074878230690956,0.21498643993710712,0.7,1.0,0.6,1.0
361866,mscoco,0.1814673062413931,0.26546511556848973,0.11869672201573848,0.28094532625015284,0.1,0.1,0.4,0.5
468932,mscoco,0.091180260758847,0.28389934262914984,0.08606634885072709,0.30552505264392527,0.1,0.1428571428571428,0.1,0.5
447354,mscoco,0.20062725394964218,0.4114340674368843,0.23488910794258117,0.577619631421802,0.3,1.0,0.2,1.0
85846,mscoco,0.09858175776898861,0.22253528557683094,0.08614946231245994,0.19977991565629372,0.1,1.0,0.0,0.0035971223021582
173631,mscoco,0.09368871077895165,0.20806295499577127,0.09417486228048802,0.26379421112984297,0.1,1.0,0.3,1.0
266805,mscoco,0.09751271270215511,0.18433440509785218,0.11826163269579411,0.31910691918440326,0.0,0.0256410256410256,0.3,1.0
299662,mscoco,0.08300247453153134,0.26945532718266424,0.08885301323607564,0.2002389731245864,0.0,0.0666666666666666,0.0,0.0068027210884353
569520,mscoco,0.043477526679635045,0.15232645124781252,0.06570167914032936,0.1440418592395324,0.1,0.125,0.2,1.0
193,drawbench,0.04005954470485449,0.10954766876991742,0.05282749682664871,0.16766257436358867,0.0,0.0,0.0,0.0
205356,mscoco,0.07074388042092324,0.16200355807035619,0.10146018266677856,0.24679487912564052,0.0,0.0555555555555555,0.1,0.1666666666666666
119,drawbench,0.027186907920986415,0.10188550953592103,0.01890800348483026,0.06925804744466527,0.0,0.0,0.0,0.0
394814,mscoco,0.05686880508437753,0.17746323355217386,0.09932599700987339,0.2818199511626666,0.0,0.0384615384615384,0.2,0.25
204940,mscoco,0.18192972391843795,0.30374477760810586,0.2825332462787628,0.44553254429189576,0.2,0.3333333333333333,0.3,1.0
167740,mscoco,0.34354347810149194,0.5886693222332692,0.3498485520482063,0.6105947309702356,0.0,0.0769230769230769,0.1,0.2
544590,mscoco,0.15597280636429786,0.4099899020631077,0.12490281313657761,0.3066632021257309,0.5,0.5,0.4,1.0
344974,mscoco,0.18153521940112113,0.35014492473689407,0.1642407923936844,0.3857058310581023,0.1,1.0,0.1,0.3333333333333333
440434,mscoco,0.01198538187891245,0.04506815227020575,0.015329296328127384,0.05744181272527872,0.1,1.0,0.1,0.1666666666666666
30752,mscoco,0.1490490071475506,0.30194034315023593,0.1435404822230339,0.30898338480046766,0.4,1.0,0.6,1.0
288975,mscoco,0.11690810471773147,0.270200139501758,0.14238623902201653,0.38638179473676815,0.0,0.0114942528735632,0.1,0.2
45966,mscoco,0.009127180185168981,0.020708440657739507,0.011752864823210984,0.04523859543656852,0.1,1.0,0.0,0.037037037037037
136042,mscoco,0.0314098684117198,0.12108679910976634,0.03360771611332893,0.11257215738572175,0.1,0.25,0.1,0.1428571428571428
369514,mscoco,0.22951204776763917,0.39952563666650726,0.2655602879822254,0.4426301198656174,0.1,1.0,0.0,0.0666666666666666
483525,mscoco,0.15564533099532127,0.3605923317837327,0.16770623102784157,0.2659476129950334,0.2,0.1666666666666666,0.3,1.0
280347,mscoco,0.1805207200348377,0.42521991045015667,0.14558901600539684,0.3678809141167716,0.3,1.0,0.5,1.0
411343,mscoco,0.17720369026064872,0.29876137841829287,0.23966176807880402,0.4502611515780998,0.3,0.1428571428571428,0.8,0.5
567803,mscoco,0.6626242667436599,0.8022940137773803,0.644228282570839,0.7268858379110703,0.2,0.3333333333333333,0.3,1.0
217458,mscoco,0.007544589723693207,0.029023444866220795,0.010571903502568602,0.04468149996128125,0.1,0.1666666666666666,0.1,1.0
166430,mscoco,0.05335140409879387,0.15401846481402678,0.05270358696579933,0.15268982943250123,0.1,0.3333333333333333,0.0,0.0666666666666666
556597,mscoco,0.17908962890505792,0.3718035956957927,0.23403628990054132,0.3345441388591223,0.0,0.0434782608695652,0.3,0.25
365556,mscoco,0.5627075359225273,0.7275832950905348,0.5754148036241531,0.8226681240994002,0.3,1.0,0.3,0.5
20987,mscoco,0.10049689337611198,0.24883970247480489,0.14782134667038918,0.30219229831921485,0.0,0.0263157894736842,0.1,1.0
162031,mscoco,0.02048760959878564,0.07453340647236018,0.018213940039277076,0.07107060121451733,0.2,1.0,0.2,1.0
485955,mscoco,0.0036223734030500056,0.019005714891697147,0.006968632736243307,0.02632750455445814,0.1,0.3333333333333333,0.1,1.0
202307,mscoco,0.22745593637228012,0.34446916462149413,0.24198640808463096,0.5326474819979727,0.5,0.5,0.9,1.0
502126,mscoco,0.05713387131690979,0.15799615626139263,0.10163661241531372,0.34138353514463393,0.0,0.0666666666666666,0.1,0.1
10130,mscoco,0.0366959415609017,0.0954939541868654,0.014694691821932792,0.0581409752763391,0.1,1.0,0.1,1.0
33489,mscoco,0.023152993991971016,0.08007276664587382,0.023765169689431785,0.06935429909201327,0.1,0.5,0.1,0.2
167152,mscoco,0.26088843792676925,0.4091219178987529,0.19839001893997193,0.4708002394041815,0.0,0.0294117647058823,0.0,0.0188679245283018
554207,mscoco,0.09656482823193073,0.19962746246465016,0.17171140611171723,0.35859619605000365,0.1,1.0,0.2,0.3333333333333333
162827,mscoco,0.17604370266199112,0.4217611989869753,0.21985193230211736,0.5013571706698309,0.1,1.0,0.3,1.0
329217,mscoco,0.03207236407324672,0.10079843737624918,0.03196632247418165,0.09425670133284131,0.1,1.0,0.1,1.0
187194,mscoco,0.10165520645678043,0.25081969542923715,0.08822629246860743,0.2247139596293383,0.1,0.5,0.2,1.0
374357,mscoco,0.10788693930953741,0.25462680155411993,0.18640139363706112,0.29653546821426274,0.5,1.0,0.9,1.0
240976,mscoco,0.13023370318114758,0.2689837608622405,0.11532485038042069,0.29002769797666217,0.1,0.3333333333333333,0.0,0.0666666666666666
558171,mscoco,0.1436199128627777,0.4352723269177984,0.22258298173546792,0.4326614607700018,0.0,0.0068965517241379,0.0,0.0625
126714,mscoco,0.0365080923307687,0.10832698142894708,0.059114582277834414,0.18546740965502337,0.0,0.0006361323155216,0.1,0.2
132652,mscoco,0.2594767019152641,0.5372287911777638,0.3915947787463665,0.5284119043473101,0.7,1.0,0.8,1.0
87272,mscoco,0.04621287789195776,0.21149754433488427,0.08839625772088766,0.2718207280134851,0.1,1.0,0.2,1.0
18973,mscoco,0.11081912219524384,0.24033608322476369,0.12398971691727638,0.25813301516989173,0.2,1.0,0.0,0.0833333333333333
214261,mscoco,0.17206040248274804,0.4082594755367327,0.14597866497933865,0.30414819301134394,0.3,1.0,0.3,1.0
44136,mscoco,0.03956877840682864,0.11176976433281335,0.03816516571678221,0.14489888852904836,0.1,0.1,0.0,0.0769230769230769
204020,mscoco,0.007164784148335457,0.02581571720247353,0.009067195793613791,0.02876226142572129,0.0,0.0088495575221238,0.1,0.3333333333333333
226848,mscoco,0.1836632050573826,0.33499609560775695,0.1966079629957676,0.4237203484588933,0.3,0.1666666666666666,0.7,1.0
303570,mscoco,0.17080964669585227,0.32404389946422457,0.14944164603948593,0.29898647145640167,0.1,0.1111111111111111,0.0,0.0909090909090909
399983,mscoco,0.16832874864339828,0.2488839642325718,0.2724135547876358,0.6025008307013067,0.1,0.125,0.3,1.0
168843,mscoco,0.06406157165765762,0.18333725655442895,0.07687431462109089,0.19924168568225017,0.2,1.0,0.2,1.0
369074,mscoco,0.2895772345364094,0.5439680697122347,0.2351311720907688,0.5565211239560529,0.1,1.0,0.2,1.0
364487,mscoco,0.08685555197298526,0.22143551038574943,0.114278744161129,0.2519359010563628,0.0,0.0085470085470085,0.0,0.0051282051282051
232546,mscoco,0.03545583244413138,0.13513666604308391,0.042625946924090385,0.11573679917021795,0.1,0.5,0.0,0.0052910052910052
159,drawbench,0.005039676325395703,0.02030649997189248,0.010852443426847458,0.034670400194883946,0.0,9.588095420725627e-06,0.0,1.7944300890037325e-05
329336,mscoco,0.05697185453027487,0.16769169627810587,0.09507005251944065,0.24156160815552724,0.0,0.0476190476190476,0.0,0.0769230769230769
229481,mscoco,0.0749347198754549,0.2171034948941353,0.16422590240836143,0.37438516600411725,0.0,0.04,0.2,0.25
528575,mscoco,0.1727552056312561,0.31694665626627183,0.10197468437254428,0.22643178117398174,0.1,1.0,0.1,1.0
3694,mscoco,0.11457487232983113,0.2510744115447224,0.19314369410276414,0.5041050711086191,0.0,0.0909090909090909,0.4,1.0
417016,mscoco,0.20218814611434938,0.3225039168366287,0.32321262508630755,0.5796823468505798,0.1,0.1666666666666666,0.2,0.1666666666666666
251418,mscoco,0.04370706789195537,0.14794228315623914,0.05914301052689552,0.16495044161327396,0.0,0.0476190476190476,0.0,0.0263157894736842
547866,mscoco,0.20155358761548997,0.322033075611012,0.20513307973742484,0.43637857474119135,0.3,0.5,0.4,0.5
166998,mscoco,0.17912132628262042,0.271829400709175,0.2646749570965767,0.4281876052691784,0.4,0.3333333333333333,0.6,1.0
570864,mscoco,0.03559681056067347,0.124570712196246,0.024582300428301097,0.09618715548903607,0.6,1.0,0.4,0.5
462445,mscoco,0.048931633681058885,0.1662239866900417,0.057580596208572386,0.1946551559976828,0.1,1.0,0.1,1.0
300661,mscoco,0.013317204779013991,0.04188374857933513,0.01603804649785161,0.04644820756649309,0.1,0.1666666666666666,0.1,1.0
169502,mscoco,0.1591547481715679,0.33267693690597383,0.1021712563931942,0.24231041031866887,0.1,0.2,0.1,1.0
66144,mscoco,0.06014551762491464,0.14443860647865545,0.10597364865243435,0.2582792307388995,0.1,0.1,0.1,1.0
269843,mscoco,0.04401226649060845,0.16339563115707606,0.04857651283964515,0.11321309078849161,0.1,0.25,0.1,1.0
54938,mscoco,0.0634560807608068,0.19159812483898833,0.06673571616411209,0.1991502770757996,0.0,0.0175438596491228,0.0,0.04
27390,mscoco,0.14961432069540023,0.27376729633193775,0.1694764994084835,0.32911807034377577,0.1,0.1666666666666666,0.1,0.3333333333333333
521978,mscoco,0.16246362179517745,0.33095569405846975,0.15793965980410576,0.42878817390355345,0.1,1.0,0.1,0.5
429433,mscoco,0.0836415771394968,0.1691489738596016,0.0918348841369152,0.3184412895896865,0.1,0.25,0.0,0.0093457943925233
134,drawbench,0.1106829458847642,0.2876845265722647,0.12531126365065576,0.24145110488614702,0.0,2.6367136001687492e-05,0.0,0.0021231422505307
378621,mscoco,0.07405396401882172,0.20430196496407524,0.12303185015916825,0.27873407142193,0.1,0.1111111111111111,0.0,0.0476190476190476
222948,mscoco,0.07446381840854883,0.19809336290466292,0.1045043259859085,0.23877510515884673,0.0,0.0056497175141242,0.1,0.3333333333333333
77,drawbench,0.045390530861914156,0.15854041757786078,0.04116286616772413,0.1389396036737863,0.0,0.0095238095238095,0.0,0.0084033613445378
124903,mscoco,0.31565325558185575,0.3711714307951633,0.3169137850403786,0.4418596137862267,0.1,0.3333333333333333,0.8,1.0
359375,mscoco,0.06215307228267193,0.18484802464667274,0.08160518296062946,0.2176318053100774,0.1,0.5,0.1,0.5
244760,mscoco,0.17934006340801717,0.30802398774019024,0.1696802407503128,0.29575171893540075,0.7,1.0,0.8,1.0
83097,mscoco,0.05093377698212862,0.12758081662194629,0.04210536740720272,0.11108598601278694,0.3,0.2,0.3,0.3333333333333333
337264,mscoco,0.025642231153324247,0.1037490005358957,0.035269585391506555,0.12512420865207638,0.1,1.0,0.1,1.0
145921,mscoco,0.25325328558683396,0.49855538541072886,0.3125938348472118,0.5711348630179877,0.2,0.2,0.0,0.0833333333333333
422155,mscoco,0.09992928337305784,0.35002931478444865,0.10116095803678035,0.3151476222575107,0.5,1.0,0.8,1.0
451969,mscoco,0.10477308966219426,0.1962661780901026,0.14507227018475533,0.25924995368864046,0.1,0.1666666666666666,0.1,0.2
484344,mscoco,0.13038031682372092,0.3231596167704298,0.1890392228960991,0.42359183486122737,0.2,0.25,0.3,0.3333333333333333
488952,mscoco,0.12814774848520755,0.28263253480209266,0.14416208527982236,0.2632845975225036,0.1,0.1666666666666666,0.1,1.0
67163,mscoco,0.0627531548961997,0.1453850702265658,0.06905351169407367,0.21459628185715632,0.1,1.0,0.1,0.3333333333333333
521068,mscoco,0.06766289696097375,0.17827074076329869,0.06512259431183338,0.1616884541314634,0.1,0.1,0.0,0.0119047619047619
424340,mscoco,0.030250103771686555,0.08223429531232392,0.03850468266755343,0.11267241578265823,0.1,0.2,0.0,0.0769230769230769
364491,mscoco,0.09793619513511657,0.2457932446535786,0.08792202062904834,0.23674160832668015,0.2,1.0,0.0,0.0909090909090909
556901,mscoco,0.26471432894468305,0.4688879848480307,0.2488451585173607,0.5339810624835444,0.2,0.5,0.0,0.0526315789473684
420826,mscoco,0.219902928173542,0.48893559504246037,0.2354213297367096,0.4284951571056644,0.2,1.0,0.2,0.3333333333333333
283213,mscoco,0.10930878855288029,0.2424097048245674,0.16265764832496643,0.3501565051559805,0.0,0.0833333333333333,0.2,0.2
214363,mscoco,0.013191193994134664,0.051214788895917074,0.0238679189234972,0.08040176259896219,0.1,0.25,0.1,1.0
165350,mscoco,0.21405704468488693,0.47924264680220846,0.26462970674037933,0.496452502355329,0.0,0.0909090909090909,0.2,1.0
79806,mscoco,0.09467710480093956,0.2254308287086833,0.08583466112613677,0.21079862629325577,0.0,0.0833333333333333,0.1,0.125
279175,mscoco,0.07511924616992474,0.15975626599490794,0.051976661570370196,0.21298911079891286,0.3,0.5,0.4,1.0
200423,mscoco,0.10442729778587818,0.18113638519674835,0.1890142574906349,0.3597186791968944,0.1,0.1111111111111111,0.2,0.1111111111111111
11041,mscoco,0.2593676082789898,0.44237782430282613,0.4945711925625801,0.7104921177489879,0.7,1.0,0.7,0.3333333333333333
61377,mscoco,0.01822259444743395,0.06133199424950476,0.018900385312736034,0.0779717751078108,0.1,0.1,0.1,0.5
499094,mscoco,0.35417879223823545,0.43046214661778853,0.43755353391170504,0.651558348621516,0.0,0.0476190476190476,0.3,0.25
65,drawbench,0.046004494465887544,0.1521300471987219,0.02302311109378934,0.0691678423043392,0.0,0.0,0.0,0.0
20542,mscoco,0.15077108554542065,0.2984769309999996,0.15472773388028144,0.3187430562597602,0.2,0.3333333333333333,0.2,1.0
295472,mscoco,0.15624850541353225,0.32779234958420683,0.19771585315465928,0.385567137337258,0.2,0.3333333333333333,0.7,1.0
4471,mscoco,0.11919752042740583,0.24605280610443114,0.057759914919734,0.1693229386415463,0.3,0.5,0.2,0.25
518816,mscoco,0.00980830097105354,0.03756449469406011,0.010512380744330585,0.04469381671324065,0.1,1.0,0.1,0.3333333333333333
267700,mscoco,0.1671257723122835,0.42965883819182377,0.2860118359327316,0.39947775134867686,0.8,1.0,0.5,1.0
436696,mscoco,0.10561281964182853,0.28396084850832015,0.12840003967285157,0.34005290500915836,0.0,0.0833333333333333,0.2,0.5
477351,mscoco,0.01611388917081058,0.05221490749276336,0.013157549174502492,0.04510539766908323,0.2,1.0,0.2,1.0
84084,mscoco,0.12452991716563702,0.3140806998642519,0.18036197051405906,0.31662481463040987,0.1,1.0,0.4,0.5
492314,mscoco,0.18694593980908394,0.3687577546920863,0.3763259321451187,0.5923073485758007,0.1,0.125,0.2,0.3333333333333333
13882,mscoco,0.07609868794679642,0.18435206522030465,0.04713140223175287,0.16885899274289776,0.1,1.0,0.1,1.0
125700,mscoco,0.026298897061496972,0.09754769719072288,0.056505847908556464,0.1327810080752649,0.2,0.5,0.1,1.0
370103,mscoco,0.3471807658672333,0.5877486031174637,0.33840047717094424,0.5110914836694965,0.3,1.0,0.0,0.0909090909090909
94,drawbench,0.05665203593671322,0.15828220264734436,0.05205172523856163,0.14000478474139932,0.0,0.0769230769230769,0.0,0.0048543689320388
137273,mscoco,0.06476866602897643,0.21913557906016787,0.08503719717264176,0.2870725599357359,0.1,0.5,0.1,1.0
106935,mscoco,0.08028158321976661,0.24919092164704107,0.14679717347025872,0.34326777185958257,0.1,0.1111111111111111,0.1,0.125
797,mscoco,0.2092810556292534,0.5125614378434129,0.2610706642270088,0.4259950092043965,0.5,0.5,0.6,1.0
107362,mscoco,0.031795223150402306,0.0911314996723073,0.05249516908079386,0.1947363024332231,0.1,0.125,0.3,1.0
81128,mscoco,0.024247148493304848,0.06325830644874221,0.01902253064326942,0.06921734241464683,0.1,0.5,0.1,1.0
442554,mscoco,0.029671693965792657,0.12518440219388932,0.02834018934518099,0.12588697480320682,0.1,1.0,0.1,1.0
19413,mscoco,0.10847921259701251,0.2820635238514943,0.10270915664732456,0.23317723260093248,0.0,0.008,0.0,0.0033444816053511
7583,mscoco,0.03968834206461906,0.11173875043283606,0.08665500981733203,0.21349306609464602,0.0,0.0909090909090909,0.4,1.0
464634,mscoco,0.03106504324823618,0.08712331723423397,0.03206013962626457,0.1041559043172618,0.1,0.5,0.2,1.0
257788,mscoco,0.18718865998089312,0.49352806888218137,0.17377618439495562,0.5241064990954937,0.4,1.0,0.3,0.5
385438,mscoco,0.06387357842177152,0.18116640335290868,0.07062647733837366,0.1682988605544213,0.0,0.04,0.0,0.0833333333333333
275432,mscoco,0.06427778080105781,0.17437754743740805,0.1313536424189806,0.28102474860049154,0.0,0.0232558139534883,0.1,1.0
490582,mscoco,0.06254793563857675,0.20866775397888318,0.12145174238830805,0.25588270627497123,0.1,0.5,0.1,1.0
399880,mscoco,0.06986707784235477,0.20366260338319186,0.10388307943940163,0.24721871871239037,0.2,1.0,0.2,1.0
256903,mscoco,0.19458347260951997,0.33602795331864216,0.2843048766255379,0.4841041869390406,0.0,0.0476190476190476,0.6,0.3333333333333333
2349,mscoco,0.09686918556690216,0.24028353658766538,0.10838156491518021,0.22823874279338702,0.1,0.5,0.1,1.0
70735,mscoco,0.182640939950943,0.33305134614909876,0.19543130993843078,0.33935191369549916,0.4,0.3333333333333333,0.5,1.0
73634,mscoco,0.057540282048285006,0.18628344828850754,0.07610996924340725,0.19026306720860317,0.4,1.0,0.5,1.0
495131,mscoco,0.025565285934135318,0.07108731526582146,0.02533180546015501,0.07120786520765365,0.0,0.0217391304347826,0.1,0.1
548953,mscoco,0.07927052732557058,0.22781925026030922,0.13056101314723492,0.2929259592255745,0.0,0.0119047619047619,0.0,0.0227272727272727
517780,mscoco,0.0894725039601326,0.25440534717016333,0.09681195355951785,0.27296894027000446,0.1,1.0,0.1,1.0
314616,mscoco,0.09346141144633294,0.2066026147423007,0.06091402173042297,0.1737257573933899,0.0,0.0909090909090909,0.1,1.0
51070,mscoco,0.015144426189363003,0.04973009220673424,0.04073425112292171,0.13349654976510142,0.0,0.0048076923076923,0.1,0.5
61761,mscoco,0.09461548030376435,0.2324168998215877,0.09428634382784366,0.23993365671201475,0.3,1.0,0.5,1.0
228657,mscoco,0.12731832228600978,0.2969151824888671,0.2774523377418518,0.4859559869279512,0.1,0.1428571428571428,0.6,0.3333333333333333
328732,mscoco,0.2567287437617779,0.38140651606655335,0.3147296220064163,0.6337959840001182,0.3,0.25,0.3,1.0
152108,mscoco,0.24865642413496972,0.3153835675902662,0.30612545311450956,0.5048762989631009,0.4,1.0,0.7,0.5
309192,mscoco,0.23079512752592563,0.43052317065205187,0.17921646125614643,0.3034148303387981,0.3,1.0,0.2,0.25
28085,mscoco,0.009925210755318404,0.042989744318669254,0.007790750497952104,0.03592688061958457,0.1,1.0,0.1,1.0
392717,mscoco,0.07233709655702114,0.17893583280836026,0.04637218788266182,0.12698960804767176,0.0,0.003731343283582,0.1,1.0
373648,mscoco,0.3704145520925522,0.6866659544827471,0.3961849018931389,0.6393642094776469,0.2,0.5,0.2,0.5
186201,mscoco,0.09849295187741518,0.255320461040551,0.1510958693921566,0.29423955950054653,0.3,1.0,0.1,0.25
556248,mscoco,0.13308412991464139,0.24709347731364512,0.19473618902266027,0.36311523020376596,0.3,0.5,0.1,0.3333333333333333
30631,mscoco,0.052038110233843325,0.13293987731565837,0.08173287473618984,0.22109626300751103,0.0,0.0012165450121654,0.1,0.25
109838,mscoco,0.1344857895746827,0.2766467116575824,0.09872546456754208,0.2365791606964776,0.1,1.0,0.4,0.2
97686,mscoco,0.11168111190199852,0.26450961681737767,0.13045743629336357,0.27441031164337315,0.1,1.0,0.1,0.1
22559,mscoco,0.018755939323455095,0.07291728504784221,0.02335063717328012,0.08368470786104788,0.1,1.0,0.1,1.0
163474,mscoco,0.14792226403951644,0.40372674496882804,0.1213538646697998,0.3540480226977065,0.0,0.0069930069930069,0.0,0.05
23489,mscoco,0.1482588492333889,0.2926069934104944,0.1720117710530758,0.3695289992374732,0.6,1.0,0.8,1.0
460417,mscoco,0.05766121242195368,0.13237304229063918,0.0657727587968111,0.24077156697900765,0.0,0.0103092783505154,0.1,1.0
143120,mscoco,0.09827890694141388,0.1851814140861146,0.0790056049823761,0.22010791711116226,0.1,0.3333333333333333,0.2,0.5
549649,mscoco,0.0481980761513114,0.1313290703374079,0.018204058054834604,0.06146690332723577,0.1,0.5,0.1,1.0
62132,mscoco,0.023726476868614555,0.12155486868223851,0.027693645376712085,0.10596022633612268,0.1,0.5,0.1,1.0
371157,mscoco,0.03868428561836481,0.13718652180905225,0.020356275886297227,0.07472964365705242,0.0,0.04,0.1,0.1
376009,mscoco,0.025499112997204067,0.09291896371532313,0.03603383088484406,0.10275992997880093,0.1,1.0,0.0,0.0357142857142857
41997,mscoco,0.5657706588506699,0.5809281080087138,0.5337258905172348,0.7289825937833533,0.9,1.0,1.0,1.0
305338,mscoco,0.021356458030641078,0.08246647619901853,0.018872253689914943,0.07285092783379749,0.5,0.5,0.2,1.0
151922,mscoco,0.09861305691301822,0.2832840644624972,0.10327269844710826,0.2664957880290452,0.1,0.1428571428571428,0.3,1.0
169683,mscoco,0.10099743157625199,0.22939375964188144,0.09208061397075654,0.23816596359404993,0.5,1.0,0.7,1.0
504216,mscoco,0.025330661330372095,0.06713094229352427,0.007642242009751499,0.033684152846574215,0.1,1.0,0.1,0.5
42215,mscoco,0.42233000993728637,0.6514199936074802,0.3051937997341156,0.573436558906944,0.5,1.0,0.5,1.0
285607,mscoco,0.33844479322433474,0.49545577634585086,0.4242330059409142,0.638724323322741,0.0,0.0666666666666666,0.0,0.0192307692307692
345562,mscoco,0.029431844223290683,0.1044903288120643,0.03022054685279727,0.08510049609597048,0.1,0.2,0.1,0.1
155160,mscoco,0.04456560891121626,0.11457210719547255,0.04576342944055796,0.12832115658245047,0.1,1.0,0.1,1.0
576944,mscoco,0.05287478342652321,0.14284893164745205,0.08914997354149819,0.23021159867873162,0.1,0.3333333333333333,0.3,1.0
488360,mscoco,0.022873769782017918,0.05802398262634284,0.026454383262898774,0.07206022670394521,0.1,0.1428571428571428,0.1,0.3333333333333333
20641,mscoco,0.24341762587428092,0.42678006597946866,0.20073326230049132,0.45640793418894265,0.2,1.0,0.2,1.0
83268,mscoco,0.14884578436613083,0.26626937950299634,0.10702605172991753,0.27372195638118485,0.1,1.0,0.0,0.037037037037037
203618,mscoco,0.10645167585462331,0.18838350719309158,0.1430754192173481,0.33412066150393993,0.1,0.125,0.1,1.0
301870,mscoco,0.30247931480407714,0.529629578145999,0.41132537424564364,0.5824296912917094,0.5,1.0,0.6,1.0
424788,mscoco,0.15323581770062447,0.2253604283234019,0.16535879373550416,0.28575870798014097,0.1,1.0,0.5,1.0
292170,mscoco,0.03871017750352621,0.11600138722440108,0.08203696496784688,0.2355468770557651,0.1,0.1111111111111111,0.3,0.5
502823,mscoco,0.14371603354811668,0.45492922894281856,0.12316843681037426,0.23452712875916318,0.2,1.0,0.4,1.0
40531,mscoco,0.175758895650506,0.36865989832449686,0.17147595807909966,0.3117220100060815,0.6,0.3333333333333333,0.8,0.5
162020,mscoco,0.12763806879520417,0.2163343189773768,0.08967386540025472,0.2612663995254694,0.1,0.25,0.1,0.3333333333333333
84853,mscoco,0.08263629153370858,0.24840842396046006,0.07414469625800849,0.1678760751451171,0.5,0.5,0.7,1.0
139839,mscoco,0.06595500390976668,0.18063752115250167,0.08414623662829399,0.2767967587544704,0.1,0.125,0.1,0.1666666666666666
163296,mscoco,0.406229105591774,0.631919903569199,0.39624388217926027,0.5679331034542778,0.5,0.3333333333333333,0.4,1.0
268644,mscoco,0.1298624999821186,0.36261925126969324,0.16429791375994682,0.31054731679921643,0.7,1.0,0.9,1.0
69283,mscoco,0.008299210853874684,0.037472697278671405,0.01182260736823082,0.04205032463797585,0.0,0.0169491525423728,0.1,1.0
59610,mscoco,0.303814971446991,0.5622745421435047,0.29763732850551605,0.6059002776761973,0.5,1.0,0.7,1.0
471834,mscoco,0.10025441423058509,0.22386876538214445,0.1385920789092779,0.27654167536497026,0.2,0.3333333333333333,0.7,0.5
15197,mscoco,0.1347048230469227,0.2119293901645364,0.15891191437840463,0.3325132691049213,0.4,0.5,0.6,0.5
343908,mscoco,0.0448693873360753,0.12762716531873786,0.07148495372384786,0.14535400739274332,0.0,0.0093457943925233,0.0,0.0208333333333333
451375,mscoco,0.038745405804365876,0.13445318337156642,0.021855325670912862,0.1012570671496734,0.1,0.3333333333333333,0.1,0.5
440027,mscoco,0.10006359778344631,0.23395309006498288,0.11126714274287224,0.23251722622965834,0.2,0.25,0.5,0.5
377777,mscoco,0.04705757275223732,0.12864546629597856,0.0622920161113143,0.2204426682160875,0.0,0.0060240963855421,0.3,1.0
130240,mscoco,0.1994185507297516,0.33188728913333226,0.35683390498161316,0.5086266838964246,0.4,0.25,0.8,0.5
121618,mscoco,0.0685736820101738,0.16181871890061506,0.08428109027445316,0.18963670329812332,0.3,0.5,0.3,0.5
273245,mscoco,0.04922677269205451,0.16753485261111686,0.05985011579468846,0.17899865280740662,0.1,0.2,0.0,0.0714285714285714
187978,mscoco,0.018125773686915637,0.0566493566486416,0.022085620276629924,0.06416629417115466,0.1,0.25,0.1,1.0
395933,mscoco,0.06174148954451084,0.16651626857713714,0.06132724713534117,0.19689420819474962,0.1,0.5,0.1,1.0
247184,mscoco,0.10896664429455996,0.24685410232312102,0.11665082573890687,0.2705046659929166,0.1,0.2,0.4,0.5
198397,mscoco,0.21968261599540712,0.3087152222096424,0.26153159961104394,0.4706039505854977,0.1,0.125,0.4,1.0
266207,mscoco,0.495693239569664,0.6752946846626856,0.5102282077074051,0.7163624095121924,0.7,1.0,1.0,1.0
324816,mscoco,0.12208277955651284,0.3334213390374927,0.1508475597947836,0.36830059601116477,0.1,0.1111111111111111,0.1,0.25
539311,mscoco,0.06636913362890481,0.19155030448958155,0.09297631457448005,0.2326309981847967,0.1,1.0,0.2,1.0
34,drawbench,0.08279806692153216,0.1990008833182517,0.08794902265071869,0.24343305601440737,0.0,0.0,0.0,0.0
214413,mscoco,0.10157852098345757,0.2064974821198936,0.12690155431628228,0.2913431162508174,0.0,0.0526315789473684,0.1,1.0
521574,mscoco,0.03918406735174358,0.14740765620359225,0.02356426464393735,0.09664752955945902,0.0,0.0007710100231303,0.0,0.0185185185185185
317112,mscoco,0.052098067663609984,0.146975358982297,0.045170913264155385,0.12722836158381925,0.1,1.0,0.1,0.1111111111111111
552295,mscoco,0.10083947069942951,0.25477455572370267,0.08689001649618149,0.2933148349326446,0.0,0.037037037037037,0.1,0.25
579787,mscoco,0.2686420649290085,0.6167069570868595,0.28563006669282914,0.5703037345791669,0.3,1.0,0.5,1.0
384422,mscoco,0.034050372801721095,0.09813403977519225,0.06406577117741108,0.17710932177497155,0.1,1.0,0.0,0.0434782608695652
531725,mscoco,0.4612564146518707,0.6125203450112034,0.5025239735841751,0.8437098824649606,0.4,0.5,0.7,1.0
491943,mscoco,0.031211908627301454,0.08726672166403117,0.043367164023220536,0.10733568428536994,0.1,0.5,0.1,1.0
56605,mscoco,0.10815655924379826,0.21613655207968005,0.0768995426595211,0.1781320701157464,0.1,0.5,0.4,1.0
444272,mscoco,0.021842932584695517,0.06131035835252648,0.015152880130335689,0.06587432482557228,0.0,0.0217391304347826,0.1,0.3333333333333333
220948,mscoco,0.07787477225065231,0.23132464691093862,0.09840114377439022,0.2118644603286341,0.1,0.1428571428571428,0.8,1.0
265176,mscoco,0.0497740282677114,0.11521846783256787,0.049944719020277265,0.12351197015039665,0.3,1.0,0.3,1.0
186,drawbench,0.10054613947868347,0.2879567787754028,0.20283033102750778,0.49288997348872227,0.0,0.0,0.0,0.0
275835,mscoco,0.07337176557630301,0.1857007341869515,0.08725414294749498,0.19675858411933186,0.2,0.5,0.2,0.1666666666666666
386036,mscoco,0.1278228722512722,0.27168832217500916,0.13650194965302945,0.25337714787866844,0.3,0.5,0.3,0.3333333333333333
165638,mscoco,0.17285326719284058,0.2902924876847048,0.22569137290120125,0.4664732345131967,0.1,0.1428571428571428,0.1,0.1666666666666666
388353,mscoco,0.07048408091068267,0.18580171221566616,0.08709648251533508,0.24564414424676925,0.1,0.125,0.2,1.0
4624,mscoco,0.304336978495121,0.519955466791633,0.3170669496059418,0.4410695277171973,0.4,1.0,0.6,1.0
206871,mscoco,0.39962767958641054,0.4456755459396482,0.4490958586335182,0.7189566408908509,0.3,0.3333333333333333,0.4,1.0
516805,mscoco,0.06679353937506675,0.1854184760665439,0.07560402657836676,0.19091510336718032,0.1,1.0,0.1,1.0
531798,mscoco,0.15803686678409576,0.2921077343091577,0.2651790715754032,0.3931056752166408,0.4,0.5,0.5,1.0
89095,mscoco,0.11218864098191261,0.24191237321698167,0.1415209960192442,0.34837196763202316,0.1,0.1666666666666666,0.1,0.1666666666666666
18078,mscoco,0.12570133730769156,0.30367307207252975,0.11994813531637191,0.28159167153344267,0.7,0.5,0.6,1.0
136900,mscoco,0.42218630388379097,0.5534227421584715,0.3804485134780407,0.4471110605734276,0.2,0.125,0.5,0.5
16,drawbench,0.04691975442692638,0.11370752827263471,0.05098382430151105,0.13016031548899207,0.0,0.0,0.0,0.0
350724,mscoco,0.14691231697797774,0.40049737149685105,0.22045076563954352,0.4250677699929186,0.1,0.25,0.1,0.3333333333333333
477195,mscoco,0.032179192174226046,0.09401169138696584,0.03497057752683759,0.10922530655733172,0.6,1.0,0.5,1.0
55059,mscoco,0.08032972421497106,0.25331867048124757,0.0976721465587616,0.2691001237449621,0.1,1.0,0.1,1.0
28214,mscoco,0.047563377860933544,0.15929407264174872,0.06520152855664492,0.18220395104368226,0.2,1.0,0.2,1.0
192812,mscoco,0.07843520976603031,0.17442247024919336,0.08422677256166936,0.18517679532167686,0.1,0.5,0.1,1.0
162717,mscoco,0.03292869720607996,0.11325738554478017,0.03735950142145157,0.11301755927568506,0.1,0.25,0.1,1.0
547136,mscoco,0.14531684145331383,0.2760105919741891,0.17310099638998508,0.32560088645922125,0.1,0.125,0.1,0.1
408182,mscoco,0.09535183180123567,0.18914420679827715,0.06798658426851034,0.21214631799699643,0.1,0.1666666666666666,0.1,0.2
360536,mscoco,0.056653431989252566,0.1511271010283093,0.05685070613399148,0.14419899219751464,0.1,1.0,0.1,1.0
485564,mscoco,0.15563433580100536,0.25667888501927943,0.3053371950984001,0.5486058346548982,0.3,0.3333333333333333,0.3,0.1666666666666666
360695,mscoco,0.348550109565258,0.40564839353778487,0.466248993575573,0.5439173705346605,0.4,0.25,0.6,0.5
514483,mscoco,0.08224317766726016,0.24419297623888864,0.09783520288765431,0.2119179022662672,0.1,0.25,0.2,1.0
409918,mscoco,0.0680364364758134,0.2041156480120631,0.09418830201029778,0.2529940753389709,0.1,0.5,0.1,1.0
34333,mscoco,0.011045229993760586,0.039761817717483314,0.011111620487645269,0.04491079876596873,0.1,1.0,0.1,0.5
156915,mscoco,0.16582113467156886,0.27743370793862243,0.13936710208654404,0.3484001234604416,0.1,0.125,0.1,1.0
16520,mscoco,0.25619894415140154,0.4557276575692821,0.17292000353336334,0.49717914869314,0.1,1.0,0.1,0.5
308441,mscoco,0.13357039950788022,0.3172783797204233,0.20743131637573242,0.4385311787531399,0.4,1.0,0.7,1.0
246146,mscoco,0.21984649151563646,0.45252790323101894,0.29629852026700976,0.5127041848248823,0.1,0.125,0.4,1.0
525342,mscoco,0.04113639695569873,0.14984140862960718,0.05056839510798454,0.12576836687203,0.0,0.0217391304347826,0.1,0.3333333333333333
293306,mscoco,0.13556002974510192,0.37222576401133445,0.13946296647191048,0.33442757637488907,0.0,0.0769230769230769,0.0,0.0050761421319796
163431,mscoco,0.08032807819545269,0.18195691332979455,0.10166721493005752,0.4315824556841593,0.3,0.5,0.2,0.1666666666666666
41265,mscoco,0.12159758694469928,0.315287403399052,0.14174822717905045,0.35338946170114893,0.1,1.0,0.0,0.0833333333333333
184610,mscoco,0.038763980753719805,0.13226557902836797,0.04316808301955462,0.14600552217168541,0.1,1.0,0.1,0.25
545673,mscoco,0.11264485716819764,0.29670373663004806,0.0957686822861433,0.2540242224941888,0.5,0.5,0.3,0.5
187757,mscoco,0.18576696515083313,0.3103518029663179,0.22667231410741806,0.5259373716351162,0.2,0.2,0.6,0.5
492065,mscoco,0.0646288800984621,0.19500811398760629,0.10664336197078228,0.2723035237481966,0.0,0.0277777777777777,0.2,0.25
352248,mscoco,0.05469717402011156,0.14731662960715167,0.05601977165788412,0.16071290737261473,0.3,1.0,0.3,1.0
360173,mscoco,0.12614004611968993,0.25946973677683577,0.27574877589941027,0.42415546857047054,0.2,0.2,0.5,0.5
443913,mscoco,0.04215189842507243,0.11367101333252781,0.0648082934319973,0.1808261631933866,0.0,0.0476190476190476,0.1,0.1428571428571428
475301,mscoco,0.14665220789611338,0.2996315559855562,0.22278473526239395,0.4321711174437636,0.1,0.5,0.3,1.0
196,drawbench,0.021259474288672208,0.06212754749777346,0.030074539594352245,0.09877281698094566,0.0,0.0,0.0,0.0
66192,mscoco,0.08031100239604712,0.16168456673938966,0.17523972503840923,0.3220252431507412,0.1,0.2,0.2,0.2
158950,mscoco,0.07558575794100761,0.25503925453927334,0.14073277153074742,0.31344995016408334,0.2,0.5,0.3,1.0
536278,mscoco,0.35672869086265563,0.5518446131524984,0.23805877789855004,0.34653211575104925,0.9,1.0,0.7,0.5
232417,mscoco,0.17475187294185163,0.39403358161442975,0.2882752865552902,0.4112088682207504,0.0,0.0454545454545454,0.0,0.0072992700729927
395013,mscoco,0.058504991419613364,0.13261954319427008,0.06884747520089149,0.21465890612240482,0.3,1.0,0.3,0.5
113839,mscoco,0.21781647130846976,0.369076943500109,0.22518641948699952,0.4653768900463418,0.6,1.0,0.5,0.5
103512,mscoco,0.09678727332502604,0.2212227831076857,0.15746289640665054,0.2848746191254947,0.0,0.0038022813688212,0.0,0.0094339622641509
47597,mscoco,0.09435571730136871,0.2196818744868994,0.08533326014876366,0.23043621558017358,0.2,1.0,0.1,0.2
197427,mscoco,0.25696469098329544,0.5207596708669314,0.22492498606443406,0.4113070377335855,0.7,1.0,0.4,0.3333333333333333
416604,mscoco,0.030042216926813126,0.09210728613211008,0.02391553344205022,0.08730946639681614,0.1,1.0,0.1,1.0
513733,mscoco,0.18050980251282453,0.3298614537017418,0.1849828489124775,0.42469878496436075,0.8,1.0,0.8,1.0
182373,mscoco,0.11553842015564442,0.2640507830269767,0.2642388090491295,0.4546965934821265,0.1,0.5,0.8,1.0
561919,mscoco,0.22474624142050742,0.4779701077434879,0.2717150762677193,0.6756427018044334,0.2,0.1111111111111111,0.7,1.0
221165,mscoco,0.11487028412520886,0.27885625531356106,0.16019980013370513,0.30729522673774484,0.0,0.0833333333333333,0.0,0.0133333333333333
13,drawbench,0.2473255842924118,0.40396723135194373,0.33867762684822084,0.45150749126247075,0.0,0.003690036900369,0.0,0.0178571428571428
490057,mscoco,0.16173659935593604,0.43051506765163394,0.2574596844613552,0.5925773274885692,0.1,1.0,0.4,1.0
561957,mscoco,0.23172587789595128,0.4278479123304863,0.2968121364712715,0.49283029742026624,0.3,0.5,1.0,1.0
451772,mscoco,0.6023625418543815,0.8075170435474621,0.6855710774660111,0.8615497508940466,0.8,1.0,0.9,1.0
247223,mscoco,0.18974767215549945,0.4327767816920193,0.1894615650177002,0.40011143800471716,0.2,1.0,0.2,0.5
532253,mscoco,0.0046163024264387785,0.024087539437978516,0.004015837924089283,0.024417278610961494,0.1,1.0,0.1,1.0
178,drawbench,0.006921545253135264,0.021983344004304285,0.0027823704527691006,0.013057203789003016,0.0,0.0,0.0,0.0
15621,mscoco,0.24688163995742798,0.37870992459955305,0.3152136251330376,0.49940540700590025,0.1,0.1,0.5,1.0
161634,mscoco,0.11785113476216794,0.28656894752928613,0.10002135299146175,0.22598319050037902,0.1,0.1,0.1,0.2
33555,mscoco,0.09100961089134216,0.22796295088105367,0.16806750297546386,0.35845278432055067,0.1,0.5,0.2,1.0
59,drawbench,0.11854182630777359,0.24791434228294623,0.1507273271679878,0.32272674984655847,0.0,0.0,0.0,0.0
17869,mscoco,0.13500927481800318,0.3310761823343825,0.16572235748171807,0.33379684012617444,0.0,0.0909090909090909,0.3,0.3333333333333333
378790,mscoco,0.021688714716583492,0.07654092651835571,0.04159602643921971,0.10025263540842262,0.1,0.2,0.2,1.0
248876,mscoco,0.1321414515376091,0.30175008586948343,0.13164158314466476,0.26558453860297054,0.0,0.0294117647058823,0.2,1.0
398130,mscoco,0.037550993356853725,0.11776405166453513,0.03041066285222769,0.1381768010166498,0.1,0.5,0.1,0.5
124236,mscoco,0.04265460167080164,0.11594063997865017,0.03724030936136842,0.11124152940755848,0.1,0.1666666666666666,0.1,0.25
441382,mscoco,0.07852010615170002,0.18559584832630752,0.09571890830993653,0.22320442285530617,0.2,0.3333333333333333,0.1,1.0
444670,mscoco,0.09745375849306584,0.3514267217431453,0.07480701804161072,0.1863860660847938,0.0,0.03125,0.1,1.0
482665,mscoco,0.1711483333259821,0.3389616775858383,0.1136195782572031,0.43815447135073193,0.1,0.5,0.1,1.0
170766,mscoco,0.042947131767869,0.13370128984273058,0.08415767922997475,0.1910266205556255,0.1,1.0,0.1,0.5
156904,mscoco,0.08871612083166838,0.21982272580075643,0.058836950175464156,0.18739419837927043,0.2,0.5,0.1,0.3333333333333333
313156,mscoco,0.3687003679573536,0.559907758684874,0.3474648162722588,0.6345471783599177,0.2,0.1428571428571428,0.2,1.0
129176,mscoco,0.4271036505699158,0.6723557847612952,0.5702276200056076,0.6847078327149183,0.4,0.5,0.6,0.5
295558,mscoco,0.1355091005563736,0.2509238882277691,0.15152468644082545,0.31621375803247515,0.0,0.0333333333333333,0.2,1.0
246358,mscoco,0.14522594660520555,0.35261862655703785,0.15480721592903138,0.3046653317407366,0.5,1.0,0.6,1.0
281052,mscoco,0.19993271604180335,0.31890874705126404,0.18799038380384445,0.3446511176214635,0.1,0.5,0.3,1.0
324165,mscoco,0.03441231409087777,0.1519652195682591,0.053166589699685574,0.20457694206464463,0.1,1.0,0.1,1.0
536900,mscoco,0.0755518725141883,0.16501919954949282,0.09703847765922546,0.185007839176721,0.5,0.5,0.7,1.0
579341,mscoco,0.1099668513983488,0.303188265774354,0.18648674041032792,0.3960607060107741,0.5,1.0,0.6,0.5
149679,mscoco,0.011806124891154467,0.0647831636878674,0.01055485480464995,0.05284290766763769,0.0,0.0909090909090909,0.1,0.25
283840,mscoco,0.02930111428722739,0.09854548603286196,0.0340009581297636,0.15855492988426284,0.1,1.0,0.2,0.25
361351,mscoco,0.04244549907743931,0.1478947069701387,0.06228021923452616,0.15298347178483102,0.2,1.0,0.1,0.3333333333333333
415239,mscoco,0.17452344819903373,0.3185756096757261,0.24198115170001983,0.4211122898671525,0.3,0.3333333333333333,0.6,0.3333333333333333
99073,mscoco,0.12551262117922307,0.2376910292366112,0.12695315666496754,0.2726877080444607,0.3,0.5,0.4,0.3333333333333333
369653,mscoco,0.28362122401595113,0.6139519340721602,0.3819826222956181,0.5645434486344958,0.2,1.0,0.1,0.125
72583,mscoco,0.015391309559345246,0.05007265659806453,0.011811628215946257,0.0434936229068089,0.1,1.0,0.1,1.0
565326,mscoco,0.11214312724769115,0.24912062908913588,0.08588070124387741,0.22213002073859123,0.0,0.0714285714285714,0.1,0.5
264660,mscoco,0.03156081102788448,0.1193429525924178,0.03358648717403412,0.13646983294957388,0.1,1.0,0.1,1.0
236552,mscoco,0.10417198687791825,0.28129173820367365,0.13689640387892724,0.33852362149654586,0.2,1.0,0.3,1.0
522491,mscoco,0.12273516319692135,0.2978906673037991,0.16578972525894642,0.3260608933894485,0.0,0.0769230769230769,0.0,0.0095238095238095
84757,mscoco,0.021688871877267958,0.08205911290215383,0.02231582151725888,0.07918713517943207,0.0,0.0096153846153846,0.1,0.1666666666666666
40957,mscoco,0.058550975564867255,0.20142427486923836,0.07966474853456021,0.194385767087254,0.1,1.0,0.1,0.5
95679,mscoco,0.030223365314304827,0.11582471756196412,0.03646678123623133,0.10803854686496601,0.2,1.0,0.2,1.0
265279,mscoco,0.23534658551216125,0.4380499214366949,0.25397910103201865,0.4606165735143543,0.4,1.0,0.3,0.5
245938,mscoco,0.04671021979302168,0.16113798793422598,0.04794414807111025,0.15487473386182174,0.2,1.0,0.1,1.0
522639,mscoco,0.08371813856065273,0.1976298277249449,0.17283164337277412,0.39968752578259253,0.0,0.03125,0.1,0.25
225345,mscoco,0.05407732129096985,0.19040421706069738,0.05859008505940437,0.18167198503668583,0.1,0.5,0.1,1.0
24104,mscoco,0.16579184345901013,0.2868379253824031,0.2917866915464401,0.5376278703608294,0.4,0.1666666666666666,0.8,1.0
317331,mscoco,0.15515661016106605,0.3659032956540409,0.3279739014804363,0.7461530580450103,0.5,1.0,0.3,0.3333333333333333
