caption_id,source,pred_clip_p10,pred_clip_rr,pred_blip2_p10,pred_blip2_rr,true_clip_p10,true_clip_rr,true_blip2_p10,true_blip2_rr
261342,mscoco,0.08163341116160154,0.2559594333891455,0.07101639695465564,0.1672417251934765,0.0,0.0192307692307692,0.0,0.04
203177,mscoco,0.004375174551387318,0.02121721665840739,0.004855168686481193,0.02241638227716744,0.1,1.0,0.1,1.0
239082,mscoco,0.22240973711013795,0.48013742068576576,0.28224878162145617,0.5193876844770737,0.2,0.1666666666666666,0.4,1.0
166557,mscoco,0.666968646645546,0.9356769680891605,0.7754641473293304,0.7843510901804218,0.7,1.0,0.7,1.0
70,drawbench,0.00023003671267360915,0.0013140759766559643,0.0001228762590471888,0.0006385606155176919,0.0,0.0,0.0,0.0
27585,mscoco,0.06473249085247516,0.16816109712508595,0.12891099713742732,0.33365819109524775,0.0,0.0833333333333333,0.4,0.25
44960,mscoco,0.45365300327539443,0.6561267501553053,0.531658548116684,0.761858374514012,0.2,1.0,0.5,1.0
559685,mscoco,0.24818927757441997,0.5683922046468536,0.21552805416285992,0.6023273841507468,0.2,0.3333333333333333,0.1,0.5
577169,mscoco,0.046184066822752355,0.10575626064534728,0.07597443189006299,0.30417355900560944,0.2,0.25,0.4,1.0
276964,mscoco,0.05104789808392525,0.16100556155291015,0.04593333434313536,0.14067423352165562,0.1,1.0,0.1,0.5
480770,mscoco,0.1946533676236868,0.3574755883115353,0.17000938700512053,0.7577385024903694,0.3,0.5,0.3,1.0
56821,mscoco,0.10194837246090174,0.18998590841934895,0.07690536081790925,0.22936575277592602,0.1,0.2,0.1,0.25
298353,mscoco,0.01741839274764061,0.04846122235862396,0.01150993148330599,0.030001878373601132,0.0,0.0204081632653061,0.1,0.125
58492,mscoco,0.08809314458630979,0.23717739345540287,0.092059581913054,0.24572149533802598,0.1,1.0,0.1,0.1428571428571428
530479,mscoco,0.08064080327749253,0.19192731277696992,0.08298188298940659,0.21502360931266884,0.0,0.05,0.0,0.0555555555555555
318426,mscoco,0.11705386675894261,0.21143411358028597,0.12612796910107135,0.2754492879438655,0.3,0.3333333333333333,0.5,0.5
386890,mscoco,0.23875105064362287,0.49761885573962056,0.1609943773597479,0.47163397929117634,0.0,0.0909090909090909,0.1,1.0
23309,mscoco,0.019812222663313152,0.08914694564664156,0.029024183051660657,0.13606770126771814,0.1,1.0,0.2,1.0
101270,mscoco,0.17266661506146191,0.21083070833314388,0.19701588675379753,0.36373190687989454,0.0,0.0769230769230769,0.1,0.25
170809,mscoco,0.003471936931600794,0.014034712926564311,0.001887408390030032,0.0053738956410986655,0.1,1.0,0.1,0.1
20150,mscoco,0.1267493823543191,0.38272022695756946,0.13031421806663274,0.35746575781352846,0.1,0.1428571428571428,0.1,0.2
142942,mscoco,0.06959063736721874,0.24706881211953868,0.12096741944551467,0.2910960129347204,0.2,0.125,0.2,1.0
63306,mscoco,0.06420142166316509,0.16712189469667763,0.16195959374308586,0.3017616964128668,0.1,0.1,0.2,1.0
561151,mscoco,0.2720455534756184,0.48497243181870414,0.34994498938322066,0.5374233042025087,0.0,0.0172413793103448,0.1,0.1
377619,mscoco,0.18722210116684437,0.5740209797441704,0.1497910238802433,0.47877983179493017,0.1,1.0,0.1,1.0
390068,mscoco,0.4503198012709618,0.8470187359992938,0.35957667529582976,0.8499529449047093,0.5,1.0,0.4,1.0
246004,mscoco,0.01715699811466038,0.06491870674236815,0.014422175846993924,0.05056459678709034,0.1,1.0,0.1,0.1
324789,mscoco,0.002789444343216019,0.009040499070738391,0.005118207755731419,0.02146068094883184,0.1,0.125,0.1,1.0
301541,mscoco,0.18052067775279285,0.31429690463759097,0.26451525259763004,0.5047464053424813,0.0,0.0526315789473684,0.2,0.25
233617,mscoco,0.15530648715794088,0.40391780002692623,0.12209391025826336,0.5935636626288496,0.1,0.3333333333333333,0.1,1.0
108452,mscoco,0.04542896244674921,0.2045731018706694,0.04826528821140528,0.20040949650573986,0.1,1.0,0.1,1.0
333049,mscoco,0.18507214039564132,0.38125027600655004,0.23996000438928605,0.353402128277532,0.2,0.125,0.3,1.0
144796,mscoco,0.04384340271353722,0.13018971550934266,0.055398022569715974,0.12957641377878454,0.1,0.3333333333333333,0.0,0.0303030303030303
488514,mscoco,0.03875007132301107,0.16042059223793326,0.05541680552996695,0.17191845877233627,0.1,1.0,0.1,0.125
47294,mscoco,0.11190624088048935,0.2165189296829681,0.19348083026707172,0.34329242280434596,0.1,0.2,0.3,1.0
306173,mscoco,0.021624524472281338,0.0858595240820238,0.02650010057259351,0.11320456513624619,0.1,1.0,0.1,0.5
253470,mscoco,0.008385382857522928,0.030910379333449766,0.010358500364236533,0.03279889223837938,0.0,0.0909090909090909,0.1,0.5
190700,mscoco,0.022634394094347955,0.11347115943548211,0.031627193128224464,0.12684727381180488,0.1,1.0,0.1,0.5
84089,mscoco,0.08077396657317877,0.24442065967243654,0.046660333219915626,0.10225920899771819,0.0,0.0178571428571428,0.0,0.0031347962382445
175954,mscoco,0.2542686708271503,0.3428301017712934,0.46879932954907416,0.7339844458900556,0.2,1.0,0.5,0.2
158223,mscoco,0.17820965684950352,0.4206587500076662,0.26816274542361496,0.6570573640176488,0.5,1.0,0.7,1.0
448607,mscoco,0.5019509643316269,0.7999205713310754,0.644663205742836,0.8991195572937282,0.4,0.5,0.3,0.5
248862,mscoco,0.0612939128652215,0.20968196747268109,0.06296170400455595,0.22109872375226441,0.1,0.5,0.1,1.0
227526,mscoco,0.05650203232653439,0.12005339616800714,0.03555937120690942,0.10116453642015025,0.0,0.0037593984962406,0.0,0.0022988505747126
549409,mscoco,0.021045798109844326,0.07920347013985832,0.014093696651980282,0.04444024318073974,0.1,0.3333333333333333,0.1,0.3333333333333333
123214,mscoco,0.16036940049380063,0.4783256718497528,0.15145598575472832,0.30449736979791003,0.3,0.25,0.1,0.3333333333333333
494957,mscoco,0.10528871901333332,0.24007764838570972,0.1011995111592114,0.2522655139764421,0.1,1.0,0.1,1.0
284176,mscoco,0.041002224665135145,0.13267814952851234,0.1032911941409111,0.20449135762874912,0.2,0.25,0.5,1.0
25430,mscoco,0.2371957277879119,0.4581130164740173,0.2718457251787186,0.32168508813381685,0.4,0.25,0.4,1.0
52746,mscoco,0.05498351203277707,0.15528304144953656,0.06486350670456886,0.1606742683510196,0.4,1.0,0.4,1.0
118598,mscoco,0.1752244383096695,0.4015331204472723,0.3353958696126938,0.5667957347820882,0.3,1.0,0.3,0.5
42622,mscoco,0.27910392060875894,0.40104155171676814,0.4674375593662262,0.660191236732588,0.1,0.1111111111111111,0.6,1.0
128275,mscoco,0.06741781658492982,0.17927740015258906,0.13505158741027118,0.38435752057404887,0.1,0.3333333333333333,0.4,1.0
402255,mscoco,0.008014425059081986,0.03257065805050752,0.004194146824011114,0.014433712939513014,0.0,0.0285714285714285,0.1,0.25
24935,mscoco,0.10685585886240005,0.36414853269578756,0.0996046137297526,0.3347097712805339,0.1,0.5,0.1,1.0
39502,mscoco,0.010127099556848406,0.03942304415090922,0.009533331333659589,0.03295937277533047,0.0,0.0123456790123456,0.1,0.5
370391,mscoco,0.049085728079080584,0.14620900723413088,0.19774212166666985,0.4130929756493057,0.0,0.0138888888888888,0.3,0.3333333333333333
170700,mscoco,0.004017592227319256,0.02092133268525697,0.09271159913769225,0.29157562280700355,0.0,0.0212765957446808,0.1,1.0
438910,mscoco,0.16612074039876462,0.38078273055989353,0.25703219175338743,0.4492203716159848,0.1,0.25,0.3,1.0
160,drawbench,0.002719664678443223,0.01003169766441614,0.0008647755850688555,0.004787223620030686,0.0,0.0,0.0,0.0
291526,mscoco,0.022694836274604314,0.07506124227767715,0.01824177638045512,0.06780965484525148,0.1,1.0,0.1,0.5
379596,mscoco,0.029887501383200288,0.12354845430033977,0.04303073189221322,0.17383335357930926,0.1,1.0,0.0,0.0769230769230769
12,drawbench,0.20379691943526268,0.3966540563300002,0.14512839317321777,0.2409112750012737,0.0,0.0,0.0,0.0
241148,mscoco,0.10602719923481345,0.18509502150362478,0.0635788494721055,0.2250204522936808,0.1,0.1428571428571428,0.2,1.0
319991,mscoco,0.2195604994893074,0.3174570450957489,0.13174649104475974,0.36386962568267006,0.1,0.5,0.1,1.0
310688,mscoco,0.03194504571147263,0.11461551397615337,0.01637502369703725,0.0618577962150423,0.1,1.0,0.1,1.0
243283,mscoco,0.2296629086136818,0.3020778737603995,0.24575683251023292,0.5189970470734694,0.9,0.5,1.0,1.0
149,drawbench,0.013053118123207242,0.07362365100815978,0.013360378023935481,0.054879725188750596,0.0,0.0,0.0,0.0
558426,mscoco,0.18747898582369088,0.4337434228634188,0.20806155875325202,0.40269520763660366,0.2,0.3333333333333333,0.5,1.0
394214,mscoco,0.15433717407286168,0.2788979905673617,0.23395330794155597,0.3742374168058916,0.0,0.05,0.1,1.0
297699,mscoco,0.08744157273322344,0.23666812351759725,0.1420840544626117,0.3273281218931926,0.1,0.125,0.1,0.125
146972,mscoco,0.014597160002449528,0.052103177091497636,0.017393194022588432,0.054287009374764876,0.2,0.5,0.0,0.0909090909090909
401783,mscoco,0.786829549074173,0.830919073019976,0.6526862651109695,0.8372580690023941,0.8,0.5,0.9,1.0
182245,mscoco,0.3450835160911083,0.6263511189046058,0.5743139415979386,0.8410429715854567,0.0,0.0256410256410256,0.2,1.0
126018,mscoco,0.2872627443633974,0.5686136401983051,0.2338025350123644,0.7230703989161464,0.7,1.0,0.4,1.0
290549,mscoco,0.07026297012344003,0.2504423863158753,0.09447741063777357,0.32307777705219104,0.1,0.3333333333333333,0.1,1.0
399946,mscoco,0.05974890366196632,0.15865610050686166,0.0857482226099819,0.2556679653279567,0.1,0.5,0.1,1.0
8,drawbench,0.3065194100141525,0.5187225364495124,0.27003223076462746,0.33480091437430165,0.0,0.0001043296817944,0.0,6.345580303318739e-05
211678,mscoco,0.10425029788166285,0.21502075309485297,0.08250312283635139,0.22130345388470568,0.3,0.5,0.4,0.5
421539,mscoco,0.002830311848083511,0.00818657644110419,0.004350599248573417,0.016562490722107963,0.1,1.0,0.2,0.3333333333333333
264358,mscoco,0.045622496586292985,0.12274126516562452,0.042196244141086935,0.17000963566911015,0.1,0.5,0.1,1.0
430848,mscoco,0.17309080325067044,0.5536912374844094,0.20551972649991512,0.3873476557468954,0.2,1.0,0.2,0.5
133251,mscoco,0.29293780103325845,0.6594774318891669,0.3134139344096184,0.5784083547528021,0.5,0.5,0.2,0.1666666666666666
568560,mscoco,0.12202534750103951,0.23431659691302212,0.12380339652299881,0.3315317729331176,0.2,0.3333333333333333,0.0,0.0526315789473684
405612,mscoco,0.14021755065768957,0.2559557445784049,0.09612251631915569,0.2993448655727285,0.1,1.0,0.1,0.5
20794,mscoco,0.08900381224229932,0.2122796668638752,0.20640377178788186,0.38722971318633714,0.1,0.1428571428571428,0.1,0.5
6,drawbench,0.7518953382968903,0.8149783552004191,0.4710848357528448,0.6135731554425631,0.0,0.0011750881316098,0.0,0.0129870129870129
225306,mscoco,0.1734620112925768,0.4592143939871938,0.2999669276177883,0.6116068668945329,0.0,0.0833333333333333,0.1,1.0
103603,mscoco,0.14423895347863436,0.25866454702716996,0.1903864249587059,0.35324434119414055,0.6,0.3333333333333333,0.4,1.0
395,mscoco,0.030977512965910135,0.1418206806258832,0.04487764268415049,0.12528660391051893,0.2,1.0,0.1,0.25
80067,mscoco,0.020386236207559704,0.060980256321949075,0.019922279089223595,0.12528871830765867,0.1,0.1428571428571428,0.1,1.0
490619,mscoco,0.03135971315205097,0.09600848306719355,0.02570487420889549,0.0636849102636461,0.0,0.0066666666666666,0.0,0.0109890109890109
167126,mscoco,0.14906638711690903,0.42047328729330324,0.19751705545932055,0.48881256655428945,0.4,1.0,0.1,1.0
442961,mscoco,0.19028146266937257,0.40523939341252657,0.24599874317646026,0.4195056302455527,0.1,0.5,0.5,0.5
260111,mscoco,0.2030788205564022,0.5221724429296469,0.11638433169573545,0.2554545368263391,0.0,0.0555555555555555,0.0,0.0161290322580645
68005,mscoco,0.03002300257794559,0.11008939542880491,0.03905572528019548,0.11239382897125155,0.1,1.0,0.1,1.0
73541,mscoco,0.37080065459012984,0.5909614606257728,0.478539165109396,0.860852173676899,0.2,0.5,0.0,0.0833333333333333
316190,mscoco,0.04059939151629806,0.10564919229868436,0.04717642599716783,0.1645564512301614,0.1,1.0,0.1,0.1428571428571428
519552,mscoco,0.014916832430753858,0.06762763667900336,0.008773230109363794,0.03682369661390107,0.1,0.3333333333333333,0.1,0.5
365419,mscoco,0.2822485350072384,0.3786099691679849,0.3196845889091492,0.5986263928818468,0.1,0.2,0.2,0.5
55050,mscoco,0.10172506170347333,0.4060979062902558,0.09594498556107282,0.3697179827531889,0.1,1.0,0.1,1.0
150,drawbench,0.0344493807060644,0.08949055513621819,0.023655521601904185,0.08511240364045518,0.0,0.0,0.0,0.0
122,drawbench,0.051757657527923585,0.1388868300453357,0.08431982267647982,0.40937655275715507,0.0,0.000125786163522,0.0,4.940955580809328e-05
403464,mscoco,0.27540484592318537,0.5554150499447447,0.2727068063803017,0.5132551355904397,0.2,1.0,0.1,0.25
256809,mscoco,0.28763768896460534,0.4473249733401792,0.37163175642490387,0.7098726784299454,0.0,0.0434782608695652,0.6,0.5
481098,mscoco,0.06976181641221046,0.16050347173060547,0.20286691822111608,0.28425793060252036,0.0,0.0060240963855421,0.0,0.0909090909090909
163289,mscoco,0.12878878861665727,0.24993339109653306,0.1759485062211752,0.4351382805955712,0.0,0.0025839793281653,0.0,0.0476190476190476
383175,mscoco,0.2047360673546791,0.3309985089200479,0.26613352745771407,0.5994266673598786,0.3,0.3333333333333333,0.2,0.3333333333333333
71346,mscoco,0.1877199001610279,0.310529527183932,0.27274842411279676,0.3874788039882581,0.0,0.0161290322580645,0.1,0.5
15569,mscoco,0.09054611548781395,0.20004505950433887,0.15312989428639412,0.4094859082315146,0.1,0.125,0.3,0.25
314949,mscoco,0.03287785910069942,0.13614826529246035,0.06253285412676632,0.1846139815798335,0.1,1.0,0.1,1.0
424018,mscoco,0.044320901343598965,0.1760022061486904,0.056323574110865596,0.22480723295525826,0.3,0.3333333333333333,0.2,1.0
465153,mscoco,0.056947232503443954,0.17814326900883173,0.0638711916282773,0.26819960307014423,0.2,1.0,0.2,1.0
10540,mscoco,0.07803217582404613,0.2040206848488764,0.12269091159105301,0.2636263896874668,0.0,0.0294117647058823,0.0,0.0024509803921568
524401,mscoco,0.0634960419498384,0.14527759651386873,0.19348251447081566,0.36826247554685637,0.1,0.1111111111111111,0.4,0.5
277498,mscoco,0.11060045659542084,0.19668889400997228,0.24090651273727418,0.440614800811358,0.0,0.0196078431372549,0.1,0.1
393583,mscoco,0.007827725872630253,0.027291956484649455,0.007034430757630617,0.04267210604332266,0.2,0.25,0.2,1.0
151339,mscoco,0.20861445404589177,0.4518298765152689,0.2164717622101307,0.4792805238289487,0.3,1.0,0.2,0.3333333333333333
300509,mscoco,0.07244476946070791,0.14549075785648108,0.09296324802562594,0.24196652265377983,0.1,0.5,0.0,0.0833333333333333
389145,mscoco,0.04849956673569977,0.18709775112798613,0.03956528557755519,0.1814817308887597,0.1,1.0,0.1,1.0
537667,mscoco,0.09483695924282073,0.17949052337281265,0.03051718366332352,0.16805334877219244,0.1,0.5,0.1,1.0
352143,mscoco,0.06043120208196342,0.15418859692260312,0.03376860984135419,0.10353941540880346,0.1,1.0,0.2,0.5
148,drawbench,0.10425335504114627,0.2786960556160413,0.03831061362288892,0.1543211866581491,0.0,0.0,0.0,0.0
355826,mscoco,0.13712285012006759,0.5439656697561047,0.14193999422714115,0.5567740153789059,0.2,1.0,0.1,1.0
251937,mscoco,0.06081224158406258,0.21783673454637506,0.11644105408340692,0.1853708105343142,0.3,1.0,0.3,1.0
135397,mscoco,0.0467926680110395,0.18919289757983393,0.06087998393923044,0.22749774939270997,0.1,1.0,0.1,1.0
394658,mscoco,0.07270753411576152,0.20599713200399444,0.0505242801271379,0.2084261715311615,0.1,0.3333333333333333,0.1,1.0
485709,mscoco,0.19614219069480895,0.5534717197524063,0.06849553110077977,0.15164083770612657,0.2,1.0,0.1,0.1428571428571428
504167,mscoco,0.15860481671988963,0.3206466678903836,0.14999319538474082,0.3265981356298367,0.1,1.0,0.0,0.0263157894736842
230644,mscoco,0.062276113871484996,0.11995345299640323,0.0642461241222918,0.16309305844458613,0.1,0.1,0.2,0.3333333333333333
83510,mscoco,0.04338600323535502,0.1335371811579263,0.07565047908574343,0.2749617305347334,0.1,0.1428571428571428,0.0,0.02
401650,mscoco,0.055915660969913,0.0944970003073699,0.06623215412255376,0.13223212621846092,0.1,0.125,0.1,0.2
136411,mscoco,0.03864180683158338,0.10513748400176798,0.05170592907816172,0.1557529521112181,0.0,0.037037037037037,0.1,0.1666666666666666
176120,mscoco,0.13325938433408738,0.3855081186654913,0.10206533949822187,0.21435023207688927,0.2,0.1111111111111111,0.3,0.25
348134,mscoco,0.06344791734591126,0.16162732683491857,0.12754460191354156,0.3880733594534137,0.3,0.5,0.1,1.0
193398,mscoco,0.0192796973627992,0.06570486813080645,0.023062737984582783,0.1037867312273127,0.0,0.0833333333333333,0.1,1.0
540774,mscoco,0.33875890746712684,0.4597031817308282,0.6037303701043129,0.8624930153742077,0.6,1.0,0.9,1.0
113211,mscoco,0.05010667163878679,0.16730393669207608,0.034160201484337446,0.11765306218888381,0.1,0.1111111111111111,0.2,1.0
406749,mscoco,0.026634083362296224,0.07909571425463667,0.020942817768082024,0.08358114169837666,0.2,1.0,0.2,1.0
280551,mscoco,0.06611759718507529,0.20697293074410894,0.08456361591815949,0.3723462021791428,0.1,0.3333333333333333,0.1,1.0
441358,mscoco,0.09521938487887383,0.25038716109227543,0.1463133193552494,0.3845661979069971,0.2,0.2,0.1,0.5
561314,mscoco,0.08065285049378872,0.18628875981074566,0.19894279316067695,0.36569356569013345,0.0,0.0454545454545454,0.6,1.0
130749,mscoco,0.048160573013592514,0.17198795127299807,0.06166919693350792,0.19239502371646988,0.0,0.0769230769230769,0.1,0.3333333333333333
25907,mscoco,0.036023106332868336,0.12638254387727732,0.029167835786938667,0.09552082042848282,0.1,1.0,0.1,1.0
364157,mscoco,0.024446607823483645,0.11054760063629142,0.037062860745936635,0.14139629133629886,0.3,1.0,0.3,0.3333333333333333
327529,mscoco,0.012833252979908139,0.057095941749500355,0.03928234218619764,0.15188159128879303,0.1,1.0,0.1,0.3333333333333333
214087,mscoco,0.05990651305764914,0.20533648925097195,0.03498691648128442,0.21126166098029073,0.1,0.25,0.1,1.0
253763,mscoco,0.18225550130009652,0.36977745384560223,0.23832314386963843,0.35229268049617357,0.1,1.0,0.1,1.0
298065,mscoco,0.07508161375299097,0.45347946576993947,0.0715595658228267,0.44960465366566454,0.1,1.0,0.1,1.0
305803,mscoco,0.1987209443002939,0.3259161607045438,0.2606388431042433,0.422151573147744,0.0,0.0151515151515151,0.0,0.0454545454545454
173,drawbench,0.00478668658179231,0.014178318236790395,0.03318920154124498,0.0871654007760015,0.0,0.0,0.0,0.0
458339,mscoco,0.20214758217334747,0.48286932768682966,0.16778064593672753,0.3238592528137957,0.0,0.0833333333333333,0.1,0.5
428326,mscoco,0.04814605042338371,0.10146565464124428,0.041727614123374224,0.09977144809622415,0.0,0.0181818181818181,0.0,0.0103092783505154
530201,mscoco,0.25296245124191047,0.6710822964588673,0.2514366438612342,0.6643688512841205,0.1,1.0,0.1,1.0
59039,mscoco,0.1766350796446204,0.502934236326512,0.23502653539180757,0.36159755377297803,0.3,1.0,0.7,0.5
333738,mscoco,0.4179679125547409,0.6239514512007887,0.37425799369812013,0.613806148975223,0.6,0.5,1.0,1.0
132081,mscoco,0.029945603292435407,0.11878049401688898,0.04221932180225849,0.11932945691670754,0.1,0.25,0.1,0.5
26573,mscoco,0.39829898066818714,0.7970145455873459,0.3146269038319588,0.5299350888630838,0.3,1.0,0.4,0.3333333333333333
115893,mscoco,0.42125660106539725,0.8034180967768826,0.3190619073808193,0.5285513956660518,0.2,1.0,0.4,1.0
49542,mscoco,0.28722899183630946,0.4756957344898281,0.4941029340028763,0.8324928486822905,0.5,0.25,0.5,0.5
212864,mscoco,0.019796084624249487,0.06703917622041303,0.031959422118961814,0.06642306403940873,0.0,0.0454545454545454,0.0,0.0075187969924812
32967,mscoco,0.1464437086135149,0.5065122947523787,0.2613222666084766,0.5681996220593971,0.0,0.0015037593984962,0.2,0.2
98642,mscoco,0.0046166098967660215,0.01729276888590785,0.007857347853132524,0.03087352664861632,0.1,0.3333333333333333,0.1,1.0
183719,mscoco,0.19174303114414215,0.47116650092243295,0.20535576343536377,0.41540411791116405,0.0,0.0060240963855421,0.0,0.006060606060606
401307,mscoco,0.17686276715248822,0.5196770084955933,0.25482674315571785,0.5749696204464224,0.2,1.0,0.3,1.0
467612,mscoco,0.3689384818077087,0.4345187813180895,0.37817266434431074,0.6047930860092258,0.6,0.5,0.4,0.3333333333333333
36034,mscoco,0.03526074588298798,0.09603225925286918,0.034072083374485376,0.10515050232208613,0.2,1.0,0.1,0.2
216378,mscoco,0.17362293228507042,0.25712268754035794,0.1829993543215096,0.31234795860410547,0.1,0.5,0.1,1.0
360441,mscoco,0.07469645896926522,0.2426626597499114,0.04592688190750778,0.13197951269263022,0.1,0.1666666666666666,0.1,0.1428571428571428
75057,mscoco,0.11713699195533991,0.4938450697380071,0.2666878171265125,0.50002257965653,0.3,1.0,0.6,1.0
53870,mscoco,0.05123900026082993,0.1652608351659192,0.07100616749376058,0.18255759588085232,0.1,0.1428571428571428,0.0,0.0161290322580645
253323,mscoco,0.11514644119888544,0.37685398634459827,0.11746985390782357,0.23463259459686706,0.2,0.1666666666666666,0.3,0.5
433270,mscoco,0.1934492066502571,0.3357971903372831,0.25040907934308054,0.4561725294368004,0.2,0.125,0.3,1.0
176758,mscoco,0.09367855936288834,0.24488907709408414,0.11910125501453876,0.3305010694580674,0.1,0.2,0.2,1.0
420396,mscoco,0.009827569220215082,0.02952824592720381,0.02009053360670805,0.11073995825213291,0.1,0.1428571428571428,0.1,1.0
365792,mscoco,0.2908747080713511,0.6151416084496603,0.2833160571753979,0.7932193823766264,0.3,0.5,0.3,1.0
564382,mscoco,0.02374086861964315,0.11123170672334513,0.0173060538014397,0.10554374833412222,0.1,0.5,0.1,1.0
180667,mscoco,0.02874094166327268,0.08068547226758557,0.031168803013861178,0.10940282794602274,0.1,1.0,0.0,0.0020242914979757
154399,mscoco,0.14872692385688424,0.2385817165654234,0.08747028522193431,0.21049780787929562,0.1,0.2,0.0,0.0833333333333333
576537,mscoco,0.15563227832317353,0.3321832618915723,0.32618294209241866,0.6325717579959731,0.2,1.0,0.4,1.0
18194,mscoco,0.02964195180684328,0.10551790156183051,0.07256203629076481,0.24682800366159668,0.1,0.1666666666666666,0.2,0.5
278243,mscoco,0.06014440422877669,0.14585676783237722,0.03486815970391035,0.11895069489512883,0.1,0.5,0.1,0.5
253728,mscoco,0.05603033439256251,0.17171261906308968,0.0885984530672431,0.19423241701319288,0.1,1.0,0.1,1.0
306229,mscoco,0.2971484363079071,0.46942616139341975,0.43782811760902407,0.6811314258647809,0.6,1.0,0.8,1.0
413277,mscoco,0.10371725466102362,0.29094071012215766,0.26991664692759515,0.5443524706170666,0.1,0.1428571428571428,0.5,1.0
86951,mscoco,0.16856147013604642,0.3995198009803329,0.15357536748051642,0.32498898456299996,0.5,1.0,0.8,1.0
489942,mscoco,0.02286496546585113,0.14817586863893423,0.028674976015463472,0.15990919436363202,0.1,1.0,0.1,1.0
199141,mscoco,0.25482500344514847,0.5937606127794254,0.2844066541641951,0.5799183950116733,0.4,0.5,0.5,0.5
170336,mscoco,0.22488298118114472,0.38458187790684145,0.26783820912241935,0.4589825080191309,0.1,0.3333333333333333,0.2,0.2
89549,mscoco,0.05528605375438929,0.18107229031030456,0.12600588090717793,0.4570849355904545,0.0,0.0909090909090909,0.1,1.0
372246,mscoco,0.027295953349675984,0.16138964952209478,0.02598325749859214,0.166968450877012,0.1,1.0,0.1,1.0
535563,mscoco,0.014859553240239621,0.05772329868534311,0.021893957071006297,0.07284861443719615,0.1,1.0,0.1,1.0
228222,mscoco,0.06612247042357922,0.17405796965870035,0.09148703441023827,0.2131604762525079,0.4,0.5,0.6,1.0
195353,mscoco,0.22903290805406867,0.40082880795715786,0.2711514294147491,0.7707875032386192,0.4,0.3333333333333333,0.5,1.0
58624,mscoco,0.09177461576182395,0.27160662780990064,0.11549325557425619,0.4443487611955166,0.1,0.5,0.1,1.0
268900,mscoco,0.0662497364450246,0.17679689401065032,0.0658571645617485,0.11549990910330321,0.1,0.125,0.1,0.25
161019,mscoco,0.5005014151334762,0.7474066743605462,0.4471786320209503,0.7281080783150664,0.2,0.3333333333333333,0.4,1.0
379035,mscoco,0.13368847901001574,0.3203921202574851,0.13490874841809272,0.34236821442471327,0.0,0.0123456790123456,0.2,0.25
172276,mscoco,0.3757100209593773,0.8749373758426425,0.41187525987625123,0.7495249824809689,0.1,0.1428571428571428,0.1,0.1111111111111111
271120,mscoco,0.1688739001750946,0.3113600408791011,0.19144329354166983,0.3910132690282332,0.0,0.0555555555555555,0.1,0.1111111111111111
180445,mscoco,0.005755812535062433,0.03522402225166434,0.004767335247015581,0.034373843941281006,0.2,1.0,0.2,1.0
284362,mscoco,0.11789374351501465,0.244889294085268,0.1269986055791378,0.2739207920473524,0.0,0.0384615384615384,0.1,1.0
466656,mscoco,0.1553858458995819,0.3394804850640301,0.0989879559725523,0.2632174445579683,0.5,1.0,0.5,1.0
271360,mscoco,0.017141066095791756,0.08375167060143025,0.01684278016909957,0.09453394726522511,0.1,1.0,0.0,0.0001578033769922
429290,mscoco,0.18273404538631438,0.32833127499753434,0.3530142217874527,0.40976245690356106,0.0,0.0238095238095238,0.0,0.0769230769230769
464649,mscoco,0.34331673868000506,0.7048726803079624,0.24503883607685567,0.32891309548065634,0.0,0.0666666666666666,0.0,0.02
118260,mscoco,0.04516628226265311,0.13339667221752172,0.06863826708868145,0.21225497106743502,0.0,0.0263157894736842,0.0,0.0120481927710843
337062,mscoco,0.061831885296851394,0.14352471906101477,0.26169129051268103,0.32447137155330186,0.0,0.0625,0.4,0.5
249049,mscoco,0.13952510245144367,0.30658129914227994,0.13872243762016295,0.4966080214148543,0.2,0.3333333333333333,0.1,1.0
497542,mscoco,0.012826724525075406,0.055732069937057975,0.04712862093001604,0.1902680120754134,0.0,0.0123456790123456,0.1,0.5
400940,mscoco,0.11917866133153439,0.2902081142684659,0.10536928670480847,0.3254076432669707,0.1,0.3333333333333333,0.1,0.5
254753,mscoco,0.0547223606146872,0.12385594126375647,0.06575276395305991,0.2602485887121155,0.1,0.2,0.1,1.0
550157,mscoco,0.29617795199155805,0.5226294652662858,0.2959291309118271,0.6202979328432993,0.4,1.0,0.5,1.0
113905,mscoco,0.04819893387611955,0.1270490717863406,0.039805751852691175,0.12316578057117464,0.1,0.2,0.3,1.0
471881,mscoco,0.04023931664414704,0.2035099971626728,0.025412541721016167,0.18838527159960128,0.1,1.0,0.1,1.0
524187,mscoco,0.15970001220703126,0.2894071461293407,0.223220082372427,0.5962319876387296,0.1,0.1111111111111111,0.4,1.0
354409,mscoco,0.06168621927499771,0.3504279855353238,0.055383291305042805,0.35719359546463286,0.1,1.0,0.1,1.0
36713,mscoco,0.1361292814835906,0.3190980989659946,0.1177633073180914,0.21030582705589349,0.1,1.0,0.1,0.5
421005,mscoco,0.09368395563215018,0.19991106480526033,0.1096803080290556,0.27268155515277437,0.2,0.25,0.2,1.0
504639,mscoco,0.1774443980306387,0.37763148482438774,0.197085440158844,0.4310924752022195,0.7,1.0,0.8,1.0
356660,mscoco,0.31365334540605544,0.465969549130415,0.41601099297404287,0.6659084934222753,0.1,0.1111111111111111,0.2,0.2
1792,mscoco,0.5108047962188721,0.7375374365628934,0.6136191129684448,0.6942759337984348,0.7,1.0,1.0,1.0
30409,mscoco,0.02169802081771195,0.07528436669115703,0.07988021150231361,0.22661390068894394,0.0,0.0142857142857142,0.1,1.0
254060,mscoco,0.13625896191224457,0.284585108338169,0.2635904137045145,0.5859599361276489,0.1,0.1111111111111111,0.3,1.0
169340,mscoco,0.04809487333986908,0.1462824441675725,0.08491523442789913,0.2505037727479388,0.1,0.3333333333333333,0.1,1.0
42513,mscoco,0.02763172166887671,0.1113447833024359,0.051614088378846644,0.14391797711659615,0.1,1.0,0.2,0.1428571428571428
402887,mscoco,0.17542022550478578,0.28817290689188096,0.12036642702296377,0.4677419017479557,0.1,0.3333333333333333,0.1,0.5
96435,mscoco,0.053923748130910096,0.26889896213201836,0.03267271985532716,0.24371463585221903,0.1,1.0,0.1,1.0
441541,mscoco,0.016900667548179628,0.07023843210123425,0.020766020053997636,0.06433199840809306,0.0,0.0833333333333333,0.0,0.0333333333333333
51663,mscoco,0.053523799311369656,0.16807451696247822,0.04403110942803323,0.10508176317220555,0.1,0.1111111111111111,0.1,0.2
474271,mscoco,0.12150992155075073,0.3398792933678763,0.10779314190149307,0.25723196429339135,0.1,1.0,0.1,1.0
72702,mscoco,0.11609233804047107,0.33935133498262476,0.21105398312211038,0.4394055004766963,0.1,1.0,0.1,1.0
182793,mscoco,0.4445389948785305,0.7929393661835709,0.5548462957143784,0.7045685926731003,0.0,0.0113636363636363,0.0,0.0434782608695652
21795,mscoco,0.08540833257138729,0.28355724107597086,0.053836458874866364,0.2369435226003217,0.1,1.0,0.1,1.0
566672,mscoco,0.1575595960021019,0.30421188487717404,0.19753313697874547,0.48903066774292026,0.2,0.25,0.5,1.0
2664,mscoco,0.08959275977686047,0.23717958235298314,0.05517315529286861,0.182852040683336,0.0,0.0625,0.0,0.0476190476190476
333241,mscoco,0.016509242518804968,0.11915713327849846,0.018221178862222586,0.06655709172999662,0.1,1.0,0.1,0.3333333333333333
353402,mscoco,0.09763957094401121,0.20946616726545064,0.126669479906559,0.34048349748172485,0.0,0.0285714285714285,0.1,0.5
18252,mscoco,0.17778336443006992,0.3380948503132514,0.23354560434818267,0.33787682330104607,0.6,1.0,1.0,1.0
387352,mscoco,0.07426397427916527,0.172862939973654,0.16046989262104033,0.3045655194191964,0.1,0.5,0.3,0.5
198085,mscoco,0.6472601652145386,0.7616139765058466,0.39010022282600404,0.6059474843107548,0.1,0.1428571428571428,0.1,0.5
246625,mscoco,0.44031782150268556,0.6348409849114067,0.41983262449502945,0.6066818346177799,0.5,0.3333333333333333,0.7,1.0
420045,mscoco,0.2845099978148937,0.5431319204406141,0.3158044571056962,0.6619760339843327,0.0,0.0303030303030303,0.0,0.0714285714285714
398225,mscoco,0.0883036931976676,0.2180384159551003,0.13199721351265908,0.283481771979719,0.1,0.3333333333333333,0.0,0.0909090909090909
132964,mscoco,0.22743585035204889,0.4225360742003036,0.265351676940918,0.5310198303302052,0.6,1.0,0.9,1.0
344632,mscoco,0.00012928043943247758,0.0003927223538873465,0.00022373563606379321,0.0007912978614146875,0.0,0.0285714285714285,0.0,0.0434782608695652
508045,mscoco,0.19492416493594647,0.5456872842762784,0.19390355385839939,0.5567520723486035,0.3,1.0,0.2,1.0
236936,mscoco,0.02030435672495514,0.0773341074586249,0.014651509042596444,0.08092244752499902,0.0,0.0526315789473684,0.1,1.0
110330,mscoco,0.012545311672147364,0.04922428035083747,0.018840803229250015,0.06304846362982738,0.1,0.5,0.1,0.2
19292,mscoco,0.3844482623040676,0.34546671527566,0.5471358507871628,0.678886585323834,0.4,0.2,0.4,1.0
19,drawbench,0.013783198385499417,0.05487182677327437,0.003992914789705537,0.012283153165494512,0.0,0.0,0.0,0.0
345294,mscoco,0.17374643180519342,0.32521686777749964,0.1158553471788764,0.3449494363062377,0.1,0.125,0.2,1.0
250424,mscoco,0.03250692528672516,0.18169143365543197,0.02726557108107954,0.0918980042842521,0.0,0.0136986301369863,0.1,1.0
50583,mscoco,0.055963613605126736,0.3801609293033513,0.025927306432276965,0.10740399983655222,0.2,0.5,0.2,0.5
230879,mscoco,0.11956748580560088,0.20930896085130032,0.12804260477423668,0.3886191656578231,0.0,0.04,0.0,0.0833333333333333
168609,mscoco,0.0178213051520288,0.05602332623556212,0.026273888652212918,0.0970399158098295,0.0,0.0121951219512195,0.1,1.0
175923,mscoco,0.06353594698011875,0.15120011044044038,0.10044855177402497,0.206729539927188,0.3,0.3333333333333333,0.3,0.2
530248,mscoco,0.07486274838447571,0.27120435129627524,0.10004001092165708,0.16659738556849035,0.2,1.0,0.0,0.0294117647058823
421009,mscoco,0.10777129232883453,0.2444065939043591,0.1576012447476387,0.2968651347193149,0.0,0.0666666666666666,0.1,0.5
450974,mscoco,0.18066197577863932,0.3537215455425652,0.26292870230972765,0.6138417257171744,0.1,0.125,0.2,1.0
34922,mscoco,0.07034286754205823,0.1881057013776945,0.059721150901168585,0.08320657923862126,0.0,0.0625,0.2,0.5
134454,mscoco,0.14096825551241637,0.40341449671047963,0.2758589215576649,0.5250539072477038,0.3,1.0,0.3,0.5
91960,mscoco,0.0646516028791666,0.24243721790770004,0.06037139752879739,0.41264325815196207,0.0,0.03125,0.0,0.0238095238095238
570203,mscoco,0.18057901803404092,0.2537776778127792,0.18820515945553778,0.4966597683250278,0.1,0.125,0.5,1.0
46506,mscoco,0.0057433468580711635,0.017124826967736803,0.003392788386554457,0.008736527390626593,0.0,0.0285714285714285,0.1,0.1428571428571428
460202,mscoco,0.07671537529677153,0.21092975735941247,0.054449736373499036,0.1373652085122321,0.3,1.0,0.3,0.5
358566,mscoco,0.18602179661393164,0.3307018675506125,0.2138580471277237,0.41629147886151996,0.2,0.5,0.6,0.3333333333333333
205206,mscoco,0.06200170526280999,0.23463342457861502,0.04853316117078066,0.15198280961208507,0.1,0.5,0.0,0.01
342273,mscoco,0.06257653319044039,0.2942982852355256,0.11167354546487332,0.30042076882788044,0.1,0.3333333333333333,0.1,0.1428571428571428
550466,mscoco,0.11225149743258953,0.29517987923943817,0.26916940659284594,0.4202756527008454,0.3,1.0,0.5,1.0
303281,mscoco,0.867409211397171,0.9405245639768387,0.8747187376022338,0.9350526789636897,0.8,1.0,0.9,1.0
464787,mscoco,0.002440375750302337,0.008095115556973948,0.0032716733403503895,0.013954691698538446,0.0,0.0625,0.1,0.5
382210,mscoco,0.036551831383258106,0.10530618508498982,0.11180009394884109,0.30183761258204345,0.0,0.0078740157480314,0.0,0.0217391304347826
78413,mscoco,0.06306806206703186,0.16844344990224178,0.057634520810097456,0.1620930330433015,0.1,1.0,0.1,0.5
241530,mscoco,0.022608821652829646,0.05000701845469175,0.030785343470051886,0.1439432349621136,0.0,0.0185185185185185,0.0,0.0666666666666666
165419,mscoco,0.5967943727970123,0.8270443631156557,0.6122072041034698,0.8431524191520532,0.4,1.0,0.8,1.0
152776,mscoco,0.019404899468645452,0.10774625930802086,0.02668347707949579,0.12357447252943311,0.1,1.0,0.1,1.0
103320,mscoco,0.13161794543266297,0.3119496439021328,0.14374990016222,0.3429856272861795,0.1,0.25,0.0,0.0714285714285714
391011,mscoco,0.2715749181807041,0.3662369205600125,0.4559442911297083,0.8529443369898447,0.6,1.0,1.0,1.0
36281,mscoco,0.009826691853231751,0.05959882765417653,0.012545316782779991,0.06556106880196419,0.1,1.0,0.1,1.0
485016,mscoco,0.032980518322438,0.09739011442280991,0.11249688491225243,0.46835202786104063,0.0,0.0112359550561797,0.0,0.0833333333333333
524392,mscoco,0.6156745553016663,0.7151428666258618,0.6470022708177566,0.8472141730364272,1.0,1.0,0.9,1.0
299123,mscoco,0.1805273599922657,0.34926480145645344,0.17250820621848106,0.3708036556363152,0.4,1.0,0.6,0.5
211905,mscoco,0.004550980380736291,0.021855717409831124,0.002748483986943029,0.01876969644768782,0.1,1.0,0.1,1.0
231381,mscoco,0.2979685340076685,0.5668945229207932,0.3490137726068497,0.6057060469540657,0.3,0.5,0.5,1.0
433896,mscoco,0.02690496991854161,0.14995795478648097,0.021012050146237016,0.13501696143559042,0.1,1.0,0.1,1.0
284259,mscoco,0.058908521011471746,0.1633266551793954,0.06520077046006918,0.16018323698685752,0.2,1.0,0.1,1.0
540283,mscoco,0.13917565755546094,0.3187294122468156,0.14981676992028953,0.2901580871181327,0.2,1.0,0.0,0.0769230769230769
425010,mscoco,0.11610713535919785,0.31484249181251633,0.060153095377609135,0.2700219680803702,0.2,1.0,0.4,1.0
170525,mscoco,0.5558481097221375,0.6798506682819243,0.6006327241659164,0.741292842084216,0.0,0.0434782608695652,0.2,0.125
432216,mscoco,0.12341189915314317,0.28466699730650546,0.17770380526781082,0.4872555610945519,0.1,0.2,0.1,0.3333333333333333
142402,mscoco,0.014825798477977515,0.06783003584918638,0.019113426725380123,0.09432928805719491,0.1,1.0,0.1,0.125
90820,mscoco,0.10638444107025861,0.49240603342177774,0.08547449826728552,0.3886325340586085,0.0,0.04,0.0,0.0833333333333333
208961,mscoco,0.013779564155265689,0.07751703107961644,0.008008187872474083,0.0708758187315995,0.1,1.0,0.1,1.0
140623,mscoco,0.04275558656081557,0.1444557706868027,0.07046677498146892,0.14072745591681732,0.3,1.0,0.3,0.3333333333333333
312015,mscoco,0.14799280241131782,0.31012653955205854,0.11753790602087974,0.3757793133524481,0.3,0.5,0.2,0.3333333333333333
388399,mscoco,0.21123833134770392,0.4702477138613537,0.20260277800261975,0.3741077071030524,0.2,0.3333333333333333,0.1,0.25
126659,mscoco,0.06949651427567005,0.18318086490783891,0.17726683169603347,0.3769117004070792,0.2,0.2,0.4,0.25
234990,mscoco,0.09302766202017665,0.2226900968167315,0.11740554720163346,0.2419360284824349,0.0,0.04,0.2,0.1111111111111111
212445,mscoco,0.5865908101201057,0.8145659759980757,0.6934175103902817,0.9180169144797431,0.9,1.0,1.0,1.0
540885,mscoco,0.3680552139878273,0.5733721133538889,0.4356677561998367,0.6878958203368875,0.3,1.0,0.5,1.0
276417,mscoco,0.09752748226746917,0.28717067459221424,0.17813285551965236,0.34615218003828374,0.1,0.2,0.2,0.1111111111111111
46173,mscoco,0.036640314012765886,0.13009225391740709,0.07286612559109926,0.1569296016713508,0.1,0.3333333333333333,0.0,0.0188679245283018
53641,mscoco,0.04237341894768178,0.12499021796023352,0.040266826923470944,0.12875867043089975,0.2,0.5,0.2,0.1666666666666666
367332,mscoco,0.543948370218277,0.8689154280114345,0.603080016374588,0.7357260001181554,0.3,1.0,0.6,1.0
527134,mscoco,0.13624043874442576,0.23628864199032834,0.215109246969223,0.34944230587723374,0.1,0.3333333333333333,0.1,0.1666666666666666
263970,mscoco,0.027277207281440497,0.10680390651157723,0.04923867154866457,0.13556832401047778,0.0,0.006060606060606,0.1,1.0
485696,mscoco,0.013255866360850632,0.04977837167289439,0.019898294028826057,0.061302254708171765,0.1,1.0,0.1,1.0
118870,mscoco,0.014402980753220617,0.06971370890411392,0.009068927145563066,0.03993966475841835,0.0,0.0909090909090909,0.1,0.5
11332,mscoco,0.341748914681375,0.7558928872501692,0.21218614280223846,0.3644466500578079,0.0,0.0625,0.5,1.0
365523,mscoco,0.03323550296481699,0.1482928138919931,0.020062230248004197,0.11342077060061315,0.1,0.3333333333333333,0.1,1.0
479035,mscoco,0.012445247592404484,0.03292506782957993,0.008543865196406842,0.031975492915531645,0.1,0.1428571428571428,0.0,0.0294117647058823
416098,mscoco,0.14902596613392233,0.6450194527495962,0.12261473059188574,0.5084205959079543,0.1,0.5,0.5,1.0
13284,mscoco,0.004618606867734343,0.025633687462604107,0.004395158381521469,0.022744395458211223,0.1,1.0,0.1,1.0
110435,mscoco,0.03476626696065068,0.1640635628794503,0.03135573214458418,0.1704075925059995,0.1,1.0,0.1,1.0
116694,mscoco,0.32308174297213554,0.6518601282664018,0.4617176689207554,0.7742434518208526,0.1,0.3333333333333333,0.0,0.037037037037037
244410,mscoco,0.1376608218997717,0.3716738890833191,0.28052754923701284,0.5029346277552937,0.3,1.0,1.0,1.0
428992,mscoco,0.01646004259819165,0.09707280000789502,0.02482955022715032,0.11680833920916212,0.2,1.0,0.6,1.0
337902,mscoco,0.2568153440952301,0.4419387851298254,0.22845851639285683,0.41072663576872737,0.8,1.0,0.9,1.0
546074,mscoco,0.012940691178664565,0.04443709954337112,0.015492431144230068,0.050252163692063714,0.0,0.04,0.1,1.0
70033,mscoco,0.002560901630204171,0.00929519775956312,0.0020597166716470384,0.010225961452420202,0.6,1.0,0.6,1.0
149268,mscoco,0.132172280177474,0.2488688126597931,0.10597583465278149,0.20036377512412085,0.0,0.0476190476190476,0.3,0.3333333333333333
431370,mscoco,0.12651443583890795,0.23965070413330164,0.4843119241297245,0.6939013869531059,0.1,0.125,0.2,0.3333333333333333
254387,mscoco,0.07141913524828851,0.1603151590713559,0.07129138801246881,0.17660136873294283,0.2,0.1428571428571428,0.5,0.3333333333333333
177349,mscoco,0.05271303113549948,0.21512199636321686,0.03652310383622535,0.17724521634153287,0.1,0.3333333333333333,0.1,0.1666666666666666
287186,mscoco,0.18569197058677672,0.4066780910986525,0.2862611286342144,0.3414900982903684,0.0,0.0769230769230769,0.1,0.125
328284,mscoco,0.23849180862307548,0.29843440349012423,0.23979315385222436,0.5620087998646071,0.1,0.25,0.1,1.0
50409,mscoco,0.019068844383582473,0.07890086834987979,0.05738866226747632,0.1625218678868765,0.0,0.032258064516129,0.1,0.1111111111111111
399183,mscoco,0.11611673571169376,0.2839416537806377,0.2865253534168005,0.4177118895255906,0.1,0.1111111111111111,0.6,0.5
76589,mscoco,0.08028708817437291,0.22032369370928842,0.06643708795309067,0.15739078890493963,0.2,1.0,0.3,1.0
534965,mscoco,0.18250788152217864,0.41336066396303967,0.17740324400365354,0.39979385178974153,0.1,0.25,0.0,0.0833333333333333
295759,mscoco,0.022280713776126504,0.06678697699687908,0.026755372807383538,0.07632159498480667,0.0,0.0037735849056603,0.0,0.0526315789473684
131725,mscoco,0.01947659542784095,0.08559714263099032,0.03054105881601572,0.09795366555621147,0.0,0.0588235294117647,0.1,1.0
214123,mscoco,0.060967276338487864,0.2012738818834204,0.056888099666684865,0.1664470189872252,0.1,1.0,0.0,0.0625
433075,mscoco,0.041316827037371696,0.13727013090991821,0.04082631594501436,0.09780825754685588,0.1,1.0,0.1,0.1666666666666666
21260,mscoco,0.014060181647073478,0.03824684630917844,0.014303440181538462,0.03682926559133965,0.0,0.0098039215686274,0.1,0.2
312870,mscoco,0.1964134592562914,0.44131820850032055,0.17743537686765193,0.443636363126526,0.0,0.0476190476190476,0.1,0.25
6824,mscoco,0.4670677348971367,0.6714553100428423,0.5091271579265595,0.5470361163615635,0.7,0.25,0.8,1.0
368014,mscoco,0.14285014010965824,0.29181945625085487,0.17606678754091262,0.33521075975063763,0.3,0.3333333333333333,0.3,1.0
227772,mscoco,0.0891208540648222,0.2650495711402684,0.13322141394019127,0.31441603780847793,0.1,0.1666666666666666,0.3,0.25
276671,mscoco,0.3561748906970024,0.7103233212482831,0.5380127876996994,0.8865283219013137,0.2,0.3333333333333333,0.6,0.5
74894,mscoco,0.30914511531591415,0.5595854990034663,0.2962249979376793,0.49935964533348504,0.3,1.0,0.5,1.0
395170,mscoco,0.19545382857322693,0.4092351388259475,0.1592001885175705,0.3483459591389385,0.4,0.5,0.6,1.0
362521,mscoco,0.16030727997422217,0.3002806771475313,0.17585444822907448,0.2817022680724693,0.0,0.02,0.1,0.2
543838,mscoco,0.0031709084199974314,0.017004187477519646,0.003248982142395107,0.013087214598711691,0.1,1.0,0.1,0.3333333333333333
385580,mscoco,0.017542492039501666,0.0777252118820709,0.0368555988650769,0.08673415724454549,0.0,0.0153846153846153,0.0,0.0714285714285714
448131,mscoco,0.12480522729456425,0.34966063345145826,0.18010230511426925,0.34831303892037174,0.1,0.2,0.6,1.0
33702,mscoco,0.15968745052814484,0.4086523582876557,0.3325508311390877,0.4027958157012178,0.0,0.0555555555555555,0.0,0.0769230769230769
109522,mscoco,0.2092848688364029,0.3226410873342294,0.23715659640729428,0.46256426355694,0.0,0.0416666666666666,0.0,0.0256410256410256
268444,mscoco,0.07924181781709194,0.24182467511629277,0.18183961734175683,0.39899923080364574,0.2,0.5,0.3,1.0
526105,mscoco,0.03471343899145722,0.1004267490507193,0.06490399353206158,0.2761524206637713,0.0,0.0714285714285714,0.0,0.0833333333333333
538709,mscoco,0.052238631248474124,0.1989311494747494,0.05923477550968528,0.21401280059640282,0.1,0.1666666666666666,0.2,0.5
455856,mscoco,0.0032580789891653696,0.012216341147859692,0.00352638907788787,0.011329817552843466,0.1,0.5,0.1,0.5
246878,mscoco,0.13265721686184406,0.24628551860131523,0.3003002509474754,0.5729621195288475,0.0,0.0142857142857142,0.4,0.5
361472,mscoco,0.05386998213361949,0.15599245471317685,0.07381880972534419,0.23725368358268015,0.0,0.0384615384615384,0.1,1.0
422240,mscoco,0.02338256500661373,0.06528454352089046,0.01715710189891979,0.05849606525815869,0.1,1.0,0.1,1.0
233073,mscoco,0.06391827957704663,0.20690841047476494,0.05213623642921448,0.14379633921285948,0.1,0.3333333333333333,0.1,1.0
340621,mscoco,0.18443539068102838,0.34834147846421976,0.17855120804160834,0.4214133596963811,0.4,1.0,0.6,1.0
422804,mscoco,0.0012702901542070322,0.003149979561062023,0.0013100489544740413,0.010189421927843353,0.1,0.1666666666666666,0.1,1.0
440762,mscoco,0.28667147159576417,0.6017245041950203,0.36078580021858214,0.5623869855224589,0.1,0.125,0.1,0.1
165907,mscoco,0.2268638975918293,0.4550307000024133,0.24993369430303575,0.4774660604753252,0.4,0.5,0.6,1.0
540006,mscoco,0.003713296765636187,0.011089083125533267,0.003371729460195638,0.016500393635247437,0.1,0.1111111111111111,0.1,1.0
300267,mscoco,0.09042846690863371,0.19360758746207443,0.10181393772363663,0.28781814197831695,0.5,0.5,0.3,1.0
413852,mscoco,0.1932037178426981,0.2693758765045157,0.31010844707489016,0.5648634110465027,0.4,0.25,0.7,1.0
360975,mscoco,0.1799005948007107,0.3666136385515933,0.1247023350559175,0.28521907166108634,0.4,0.25,0.3,1.0
211909,mscoco,0.27378964275121687,0.6688791096274826,0.39838337898254395,0.5267729097867192,0.6,1.0,0.8,1.0
66389,mscoco,0.050203853845596315,0.13941477119937934,0.05158462338149548,0.19173789497646923,0.0,0.0030395136778115,0.0,0.0025575447570332
13285,mscoco,0.0406714154407382,0.15543621416752623,0.03833821108564735,0.16143969291243562,0.0,0.009009009009009,0.0,0.0026178010471204
573922,mscoco,0.13603647686541082,0.33179793650561384,0.2786374418064952,0.5362382944598159,0.1,0.125,0.4,1.0
62619,mscoco,0.06431561056524515,0.1745122105999719,0.1399526409804821,0.3675642883965351,0.1,0.1,0.1,1.0
168563,mscoco,0.16178555339574813,0.2730527643211248,0.15999420899897815,0.39009650328540696,0.2,0.25,0.2,0.5
178504,mscoco,0.046847946429625156,0.09768585443494315,0.1722721416503191,0.4267549524792406,0.0,0.0909090909090909,0.1,1.0
176174,mscoco,0.12491923235356808,0.2825306402315799,0.1739171702414751,0.2989516244728219,0.1,0.1666666666666666,0.1,0.5
60903,mscoco,0.12905694283545016,0.27983495325185087,0.25683178603649137,0.5221539765417121,0.1,0.1111111111111111,0.2,1.0
80554,mscoco,0.06639307765290141,0.19379060282470797,0.09817341789603233,0.22560284553326887,0.0,0.0714285714285714,0.2,0.3333333333333333
494852,mscoco,0.1208864601328969,0.28598215067784166,0.20598554611206055,0.4730379393818734,0.4,1.0,0.3,1.0
272832,mscoco,0.0524777373066172,0.12651296621089242,0.0811311736702919,0.2589802885031859,0.1,0.3333333333333333,0.1,1.0
497002,mscoco,0.03164735012687743,0.13751042868642743,0.03089713373919949,0.08384549090256224,0.1,0.5,0.0,0.0526315789473684
473918,mscoco,0.019546793401241304,0.07278355355933057,0.026473334711045026,0.10123891074533191,0.0,0.0454545454545454,0.1,0.5
78681,mscoco,0.19846348837018013,0.4379560221916433,0.15936102773994207,0.4259471480134419,0.5,1.0,0.5,1.0
261323,mscoco,0.04975136804860085,0.1340932474817009,0.05548425088636577,0.1541105115850633,0.0,0.0476190476190476,0.1,1.0
489482,mscoco,0.1181486147455871,0.27966891054322973,0.15868367329239846,0.24202251144283024,0.0,0.0909090909090909,0.1,0.5
513966,mscoco,0.02327940696850419,0.10714303805948418,0.07939131464809179,0.2183715428984699,0.1,0.2,0.0,0.04
326202,mscoco,0.26147877760231497,0.5532550720052649,0.2706398217007518,0.6723156118997281,0.3,1.0,0.3,1.0
394159,mscoco,0.34412085860967634,0.6016396486307799,0.4421089872717857,0.6381655514296449,0.1,0.3333333333333333,0.2,0.3333333333333333
392320,mscoco,0.22522005373612047,0.32786900126946567,0.22071469761431217,0.6534528805061274,0.7,1.0,0.6,1.0
428301,mscoco,0.2310316063463688,0.4465844563509678,0.1724439561367035,0.48818885626928926,0.3,1.0,0.3,1.0
304217,mscoco,0.07146943397819996,0.2523924044163431,0.04496645834296942,0.16575769377991081,0.0,0.0217391304347826,0.0,0.0133333333333333
332131,mscoco,0.357801453769207,0.5015500472077636,0.5131912589073181,0.5957594005774176,0.6,1.0,0.7,1.0
316336,mscoco,0.07132059587165714,0.17805025829507481,0.16139125786721706,0.34493110673619953,0.1,0.3333333333333333,0.1,1.0
575331,mscoco,0.041133790370076896,0.11741348955293042,0.0358216917142272,0.11488487463636517,0.0,0.0476190476190476,0.1,1.0
357578,mscoco,0.23990311622619628,0.43496743540445404,0.3743742562830448,0.6228528979520004,0.0,0.0625,0.2,0.25
201714,mscoco,0.38143215477466585,0.556761626165864,0.18287843819707633,0.5882464043439112,0.5,1.0,0.3,1.0
76899,mscoco,0.05784955982817337,0.16134782876551268,0.024113633390516042,0.08764174779345991,0.1,0.1666666666666666,0.0,0.0175438596491228
461445,mscoco,0.3075623884797096,0.4593145138968409,0.2998289465904236,0.5598328083487432,0.2,0.3333333333333333,0.1,1.0
317431,mscoco,0.44714255034923556,0.8758785477518364,0.46404178366065024,0.8910222886867188,0.9,1.0,0.9,1.0
74,drawbench,0.11763396132737398,0.28598126575415955,0.11437074393033982,0.5411362350613125,0.0,0.0128205128205128,0.0,0.0181818181818181
413172,mscoco,0.11739710122346877,0.2406190304606761,0.17051750421524048,0.4173514989371495,0.1,0.1428571428571428,0.4,0.3333333333333333
346754,mscoco,0.03634385820478201,0.11514593163968197,0.02707428140565753,0.11545099164702383,0.0,0.0038167938931297,0.0,0.0014245014245014
142349,mscoco,0.24102529957890512,0.45769067638909905,0.24590797051787378,0.3653664706904568,0.1,0.1666666666666666,0.3,0.25
495947,mscoco,0.15231571365147828,0.42963277804771216,0.11404266804456711,0.26847566813111107,0.0,0.0454545454545454,0.0,0.0416666666666666
105344,mscoco,0.3374486297369003,0.5472724722866499,0.2995642527937889,0.6281867696432971,0.2,0.25,0.5,1.0
466024,mscoco,0.3842395743355155,0.6729728235399283,0.4526430040597916,0.6814930314239634,0.7,1.0,1.0,1.0
579165,mscoco,0.02869606683962047,0.09654825055264343,0.02782598780468106,0.10454991072904513,0.1,0.2,0.0,0.0256410256410256
323868,mscoco,0.10937019940465689,0.19452216895887856,0.46296768486499784,0.7013162932552784,0.1,0.1666666666666666,0.7,1.0
119947,mscoco,0.06819006595760584,0.19081275605923484,0.10243066353723407,0.2493968840307718,0.1,1.0,0.1,0.5
536201,mscoco,0.010979871195740998,0.05253357409879783,0.012878870475105941,0.05745955676087217,0.1,1.0,0.1,1.0
151432,mscoco,0.25516746789216993,0.42059634601904183,0.2559748485684395,0.4405318990473885,0.5,1.0,0.3,0.3333333333333333
50972,mscoco,0.2060174962505698,0.7261161483028088,0.19145665224641562,0.305523777869485,0.2,1.0,0.2,0.3333333333333333
222361,mscoco,0.24991353526711463,0.33849018133467634,0.2529632456600666,0.40274277383767104,0.4,0.25,0.7,1.0
183,drawbench,0.010605530650354921,0.029460350776759976,0.007480493211187422,0.027554086724329935,0.0,0.0,0.0,0.0
356654,mscoco,0.02287480568047613,0.08420058258984289,0.03431649822741747,0.08594253790889711,0.1,1.0,0.0,0.0526315789473684
12377,mscoco,0.009385772189125419,0.052426677158073816,0.011986326251644641,0.04197889943102377,0.1,0.25,0.1,1.0
62589,mscoco,0.20744051709771155,0.350352343544363,0.23673042431473731,0.37949507587780595,0.4,1.0,0.5,1.0
175,drawbench,0.01233137845993042,0.07130870993748552,0.011559795506764203,0.029526578726764768,0.0,0.0,0.0,0.0
97569,mscoco,0.007133648660965264,0.02698898878534548,0.013041872647590935,0.044190788388302864,0.1,0.1111111111111111,0.2,0.3333333333333333
118342,mscoco,0.2541314333677292,0.5004658635715846,0.2641955018043518,0.4293387908971302,0.5,1.0,0.7,0.5
226348,mscoco,0.10500941444188357,0.36341503576661144,0.11743989512324333,0.31683036622953215,0.1,0.5,0.1,1.0
507833,mscoco,0.0033665131762973034,0.010682870390398282,0.0010385519850387936,0.007362331965647608,0.1,1.0,0.1,1.0
509503,mscoco,0.1461211211979389,0.21060937488957412,0.06079958938062191,0.22790677470913218,0.4,1.0,0.3,0.5
265447,mscoco,0.41014389842748644,0.746475511733225,0.4154037579894066,0.5884330291397519,0.6,1.0,0.6,1.0
39398,mscoco,0.2700516633689404,0.4891466250168604,0.5531537234783173,0.770805936819631,0.1,0.5,0.2,1.0
475667,mscoco,0.30439030528068545,0.6022104430949057,0.31361564844846723,0.49950828941092623,0.3,0.3333333333333333,0.3,0.5
110829,mscoco,0.018020061845891177,0.1093021066293592,0.012266036402434111,0.05026001381737658,0.0,0.0434782608695652,0.2,1.0
423830,mscoco,0.3319330561906099,0.6524446407072426,0.2249127384275198,0.6559586341863095,0.1,0.125,0.2,1.0
159567,mscoco,0.09174715299159289,0.2932396560808769,0.08899425687268377,0.26526664680855516,0.1,1.0,0.0,0.003012048192771
67422,mscoco,0.27549915611743925,0.3877639916023898,0.3461283974349499,0.7167154589180302,0.3,0.5,0.3,0.5
449210,mscoco,0.23172792717814444,0.5437590697113537,0.3363517880439758,0.601078147423246,0.1,0.2,0.4,1.0
561386,mscoco,0.03806164094712585,0.10768002187212432,0.1601082131266594,0.3141576009676705,0.2,0.2,0.2,0.25
136267,mscoco,0.2651951313018799,0.4230372174779384,0.31357903257012365,0.47609041127750795,0.8,1.0,0.6,0.5
147294,mscoco,0.11773167103528977,0.24632830956828136,0.17082860274240375,0.22945866600101994,0.1,0.2,0.2,0.5
127074,mscoco,0.26194414496421814,0.48649237605927725,0.3261781491339207,0.7857695871352683,0.3,1.0,0.6,1.0
355593,mscoco,0.11800502631813288,0.4295643987300474,0.14471490271389484,0.3752652839916868,0.0,0.0005411255411255,0.0,0.0078740157480314
82,drawbench,0.20420060493052006,0.4475540987779993,0.2923371225595474,0.7386415302451418,0.1,0.1666666666666666,0.0,0.032258064516129
97614,mscoco,0.057120530493557455,0.16894376768054695,0.1760241910815239,0.5390923251473542,0.0,0.0196078431372549,0.0,0.0555555555555555
548219,mscoco,0.13504063244909048,0.40284743629949493,0.11068511856719851,0.613859607347188,0.4,0.5,0.4,1.0
232031,mscoco,0.04775476884096861,0.1552322017100236,0.04309932300820947,0.09479379876006289,0.1,0.5,0.0,0.0526315789473684
212047,mscoco,0.018439056747592986,0.07930748212123896,0.018727634847164155,0.08364376756610212,0.1,1.0,0.1,1.0
532520,mscoco,0.03502648954745382,0.10012409529184199,0.03209906895644963,0.09432064040884237,0.2,0.3333333333333333,0.1,0.25
202923,mscoco,0.11598599283024669,0.22405082437036036,0.2153817854821682,0.6369565427701116,0.4,0.25,0.3,0.1666666666666666
32675,mscoco,0.19611826576292515,0.6514691674593976,0.2003575530834496,0.6415377306121917,0.1,1.0,0.1,1.0
280112,mscoco,0.4549307733774185,0.7993290753193021,0.43146461471915243,0.6136103160958398,0.3,0.3333333333333333,0.2,1.0
230982,mscoco,0.04754805704578757,0.16772318869484434,0.036320570902898905,0.11321305424765411,0.1,0.5,0.0,0.0714285714285714
104340,mscoco,0.004662661347538233,0.017343382410023346,0.005648997100070119,0.01961219112291761,0.0,0.0256410256410256,0.1,1.0
444912,mscoco,0.020985481748357415,0.07392012810066984,0.028184631699696185,0.1331264174644253,0.0,0.0833333333333333,0.1,0.1666666666666666
210071,mscoco,0.3239826411008835,0.4179210867405118,0.26111814230680463,0.46319537085624435,0.9,1.0,1.0,1.0
541203,mscoco,0.11087693907320499,0.3579101760896694,0.10897429390461184,0.2582938788855456,0.1,0.1,0.2,1.0
64626,mscoco,0.1084003895521164,0.2691586210934689,0.15580233484506606,0.39783912026185675,0.1,0.1111111111111111,0.0,0.0555555555555555
224060,mscoco,0.0971136043779552,0.3539703978273276,0.057040418637916444,0.28914744002087417,0.1,1.0,0.1,1.0
411028,mscoco,0.11068508364260196,0.22357372880718518,0.3093742311000824,0.6167983310850508,0.4,1.0,0.5,1.0
228712,mscoco,0.010972799814771861,0.029589211482401755,0.008599292801227421,0.02491678731427027,0.1,0.125,0.0,0.0256410256410256
170365,mscoco,0.16254049353301525,0.414700781432783,0.1349299218505621,0.39116050204016617,0.0,0.0769230769230769,0.1,0.125
346403,mscoco,0.1260213389992714,0.3285226837542973,0.23450663760304452,0.637350329218238,0.0,0.0163934426229508,0.2,1.0
265597,mscoco,0.4956521287560463,0.7369110921352905,0.5050689786672592,0.5686023481998389,1.0,1.0,0.9,0.5
11504,mscoco,0.09996559713035821,0.1455181702960284,0.11312396861612797,0.328451474554339,0.1,0.125,0.2,0.3333333333333333
546010,mscoco,0.015265234082471579,0.10276421762552804,0.015585367276798934,0.08592877532433368,0.1,1.0,0.1,0.5
287003,mscoco,0.28806460918858645,0.7310185960557084,0.2558101434260607,0.46978287046528666,0.1,1.0,0.3,0.5
485406,mscoco,0.014229908818379045,0.04545675321868625,0.020789185853209345,0.1094959362133297,0.0,0.0416666666666666,0.1,1.0
299051,mscoco,0.07410182282328606,0.14977839124243647,0.11225683521479368,0.32057583987788935,0.3,1.0,0.5,1.0
67,drawbench,0.001484277533381828,0.006010505222633612,0.00027898074040422216,0.001332830656485643,0.0,0.0,0.0,0.0
107481,mscoco,0.4563636898994446,0.6326455225607983,0.5464651823043823,0.7436489978807856,0.4,0.3333333333333333,0.5,1.0
160968,mscoco,0.41314457207918165,0.6117215492807856,0.2863148331642151,0.4818304754495383,0.1,0.1428571428571428,0.1,0.3333333333333333
447983,mscoco,0.03681199005804956,0.16874698697856375,0.08643134282901883,0.22627215032244713,0.1,1.0,0.1,1.0
192651,mscoco,0.14444807693362235,0.399379101033274,0.26003383025527,0.5513456857694891,0.3,0.5,0.5,1.0
341856,mscoco,0.02206317081581801,0.11854591974046509,0.05323651375365444,0.15576345219319945,0.3,0.5,0.2,1.0
45809,mscoco,0.18514943402260542,0.42335311822660315,0.16764284428209067,0.3423075483660516,0.6,1.0,0.6,1.0
552089,mscoco,0.07195233083330095,0.26063296309663214,0.04919239031150937,0.08693018383468544,0.1,0.1111111111111111,0.1,0.1
24097,mscoco,0.0900725448038429,0.4271509247234638,0.06474514314904808,0.3871486724468957,0.1,1.0,0.1,1.0
433451,mscoco,0.2401967603713274,0.38828129788373605,0.2052654717117548,0.4270524624891043,0.0,0.0909090909090909,0.1,0.1666666666666666
547100,mscoco,0.06944627836346626,0.4306593212631421,0.06888629182358272,0.42125542923660764,0.1,1.0,0.1,1.0
485595,mscoco,0.027648186916485427,0.13290421836772948,0.05098514864221215,0.16885629299740038,0.1,0.5,0.1,1.0
266209,mscoco,0.1547275273129344,0.297958390958452,0.1912332233041525,0.3818096482451684,0.2,0.3333333333333333,0.8,1.0
559754,mscoco,0.04613624904304743,0.17824847383044415,0.038742918567731974,0.10323622276471978,0.3,0.25,0.5,1.0
253848,mscoco,0.22771930173039437,0.5333285436324614,0.20845449157059193,0.33116217106847945,0.0,0.0434782608695652,0.1,0.1666666666666666
51487,mscoco,0.009399964280601126,0.04590808352635408,0.01199375098804012,0.046766884046895454,0.1,1.0,0.1,1.0
8725,mscoco,0.2853133127093315,0.5308184483439587,0.20066489540040494,0.45173343656928966,0.0,0.003690036900369,0.0,0.0909090909090909
115,drawbench,0.09902821877039969,0.29921363952562846,0.08659099875949323,0.2601154851080257,0.0,0.0,0.0,0.0
168833,mscoco,0.17850050069391726,0.3711013561892733,0.3070375323295593,0.48301311353989046,0.0,0.02,0.0,0.0357142857142857
248682,mscoco,0.27186303660273553,0.4894676753522397,0.35044106692075727,0.5314267177293694,0.6,0.5,0.8,1.0
488032,mscoco,0.29058781303465364,0.6673828560196544,0.466036981344223,0.5982202900028092,0.3,1.0,0.6,1.0
24242,mscoco,0.055589067935943606,0.15629374732485335,0.12456042133271694,0.2729623631944536,0.0,0.05,0.5,1.0
150546,mscoco,0.05010445779189467,0.20672765869027562,0.05214370703324676,0.14967510358039407,0.1,0.5,0.1,1.0
67563,mscoco,0.4473905272781849,0.4817419053982879,0.26047997176647186,0.37114595018246077,0.2,1.0,0.0,0.0833333333333333
36783,mscoco,0.35686048269271853,0.7876109503399324,0.3771384730935097,0.5868289356872284,0.0,0.0040485829959514,0.1,0.1428571428571428
216015,mscoco,0.14105848949402572,0.3642747992960193,0.11882857643067837,0.361070362259872,0.2,1.0,0.1,1.0
530904,mscoco,0.07028258088976144,0.2091221452791549,0.08431890914216637,0.37260633857282205,0.3,0.3333333333333333,0.3,1.0
15356,mscoco,0.19496654644608497,0.42222430455139653,0.21625375226140023,0.4573303857361258,0.4,0.3333333333333333,0.4,1.0
213809,mscoco,0.02488024076446891,0.13722793432153907,0.03166243410669267,0.14958609195868394,0.1,1.0,0.1,1.0
407057,mscoco,0.01589323114603758,0.06457547997589569,0.012870891811326146,0.055006762102183616,0.4,1.0,0.3,1.0
229142,mscoco,0.1504605531692505,0.31979548849508993,0.24181965552270412,0.5823113054848171,0.1,0.3333333333333333,0.1,0.1428571428571428
307990,mscoco,0.15292180888354778,0.26292701191825263,0.3670170858502388,0.507360480889907,0.3,0.25,0.2,0.5
185,drawbench,0.020427544449921696,0.05202750139512614,0.0104098555049859,0.028176524735381375,0.0,0.0,0.0,0.0
318820,mscoco,0.10486881351098418,0.45060416279264603,0.0890332255512476,0.4405015144706845,0.1,1.0,0.1,1.0
575303,mscoco,0.034707994339987634,0.26748980608858053,0.03691970673389733,0.26797545030234804,0.1,1.0,0.1,1.0
578094,mscoco,0.03709950044285506,0.11326236017878712,0.05268975649960339,0.14302538315652766,0.4,1.0,0.7,1.0
54611,mscoco,0.06686616875231266,0.16232130960764038,0.13598455861210823,0.2863177597269965,0.2,0.3333333333333333,0.7,1.0
5903,mscoco,0.07604047562927008,0.33938576867957665,0.08903965074568987,0.33345684528028086,0.2,1.0,0.1,1.0
238603,mscoco,0.6546551376581192,0.71845191808328,0.7272713124752045,0.9120981376149311,0.3,0.1666666666666666,0.7,1.0
113089,mscoco,0.05269880201667547,0.20157210593222857,0.0902855083346367,0.22399635051614528,0.1,1.0,0.1,1.0
381759,mscoco,0.024957301164977252,0.08937191357799502,0.020101130148395895,0.06650890253221448,0.0,0.0104166666666666,0.1,0.5
486580,mscoco,0.15195374861359595,0.3427269977051392,0.2288089506328106,0.4304628023838333,0.0,0.0434782608695652,0.2,0.25
480720,mscoco,0.5104518979787827,0.6380973355462757,0.4211865782737732,0.6978618564898246,0.6,0.3333333333333333,0.5,1.0
289140,mscoco,0.008010437956545501,0.022703485106128386,0.010212338552810252,0.024549915107393662,0.1,0.2,0.1,0.3333333333333333
91719,mscoco,0.20603533908724786,0.3088507167823319,0.41210164725780485,0.6406977808581426,0.2,0.3333333333333333,0.8,1.0
8944,mscoco,0.15491484850645065,0.2838819185800613,0.16498534176498653,0.33296920337837577,0.1,0.3333333333333333,0.0,0.0833333333333333
468742,mscoco,0.06095584435388446,0.17204799820900601,0.1003134770784527,0.202674844694624,0.3,1.0,0.3,1.0
512723,mscoco,0.5008391380310059,0.7901779222748531,0.5441910207271576,0.6685161676002719,0.5,1.0,0.8,1.0
167962,mscoco,0.30710865259170533,0.49503259818414164,0.5237149745225906,0.6917239321318007,0.2,0.1666666666666666,0.4,0.3333333333333333
132161,mscoco,0.03716878129635006,0.11265074776534359,0.024022977869026362,0.05925714356720496,0.0,0.0416666666666666,0.1,1.0
260336,mscoco,0.12489122953265905,0.32220610842186304,0.12872106824070215,0.2649668387452688,0.6,1.0,0.8,1.0
320429,mscoco,0.14729406200349332,0.26308477362811594,0.17903370782732964,0.5052538003553217,0.1,0.1,0.2,1.0
465893,mscoco,0.11941462513059378,0.2502340506579229,0.22930369302630424,0.4571797809584974,0.2,0.1666666666666666,0.5,0.3333333333333333
34183,mscoco,0.0540890428936109,0.24408800210130396,0.03436089879833162,0.22204365350752767,0.2,1.0,0.2,1.0
531404,mscoco,0.004752053337870166,0.02360345235776667,0.00869145902688615,0.030880990446295598,0.0,0.015625,0.1,0.1666666666666666
551651,mscoco,0.08935501798987389,0.25474815901898135,0.08355391845107078,0.20535707028709987,0.1,0.1428571428571428,0.2,0.5
140921,mscoco,0.24154303073883057,0.6763215842357454,0.27571059614419935,0.6637879242985444,0.2,1.0,0.2,1.0
449780,mscoco,0.20670485105365516,0.27074213360128574,0.2254059672355652,0.6028140415869649,0.1,0.1666666666666666,0.0,0.0588235294117647
560326,mscoco,0.04717409648001194,0.13394604281407388,0.06987360119819641,0.18981206375337142,0.2,0.5,0.3,1.0
440813,mscoco,0.021431095077423377,0.058752058000529815,0.01661273536738008,0.06321714574872245,0.1,0.5,0.1,0.25
126,drawbench,0.1538366124033928,0.34211847397139167,0.1573050618171692,0.3579044315813561,0.0,1.321684883889983e-05,0.0,4.428305730227615e-05
44,drawbench,0.2537780739367008,0.3651358710646205,0.26447516232728957,0.44896870830848695,0.0,2.0200795911358907e-05,0.0,0.0002699784017278
174417,mscoco,0.027733390172943472,0.08558790729732955,0.020453644101507962,0.087430869861735,0.1,1.0,0.1,0.5
423215,mscoco,0.06873954753391445,0.1513922759953032,0.16946872808039187,0.3585268536790345,0.0,0.0017094017094017,0.0,0.0588235294117647
478090,mscoco,0.23282039910554886,0.32285045289979003,0.19369800314307212,0.4002383881922744,0.0,0.0588235294117647,0.1,0.1666666666666666
83034,mscoco,0.02706372074317187,0.16351228923830746,0.03339934018440545,0.11992159783425851,0.1,1.0,0.0,0.0833333333333333
325568,mscoco,0.03542859610170126,0.10432853189505635,0.11565069444477558,0.2222689030632261,0.0,0.0010660980810234,0.0,0.0007107320540156
517603,mscoco,0.2764586128294468,0.4004275499261423,0.3191888973116875,0.6969713349824634,0.4,0.25,0.1,0.2
460287,mscoco,0.11905574882403017,0.43433506524208637,0.08871527197770775,0.30864585028618186,0.2,1.0,0.2,1.0
337546,mscoco,0.13365191146731376,0.29897197187297975,0.2112494558095932,0.4119170292348713,0.1,0.1111111111111111,0.3,1.0
389491,mscoco,0.3509345032274723,0.6131814529766347,0.3856415241956711,0.6921864952307363,0.0,0.024390243902439,0.2,0.5
557451,mscoco,0.011990023322869092,0.06054951263623536,0.016546725458465517,0.05439360524161672,0.2,1.0,0.2,1.0
20414,mscoco,0.09185909763909876,0.3144094182696679,0.13255498856306075,0.34793736730749847,0.4,1.0,0.7,1.0
402603,mscoco,0.07893051765859127,0.2508857705093469,0.07108302284032106,0.18320125878685772,0.1,0.5,0.1,1.0
93116,mscoco,0.06643659602850675,0.1889752727566147,0.06800490096211434,0.18244891266008648,0.3,0.25,0.4,1.0
202143,mscoco,0.05888403672724962,0.21894373293971128,0.1883566915988922,0.35429355822983666,0.4,0.5,0.8,1.0
477526,mscoco,0.3338914044201374,0.642942541768556,0.36792668253183364,0.6628484650867812,0.2,1.0,0.3,1.0
557388,mscoco,0.2201795496046543,0.4440984521051557,0.23329044207930566,0.5088452869884568,0.5,1.0,0.2,1.0
120254,mscoco,0.09569829236716032,0.3960861249404527,0.142944647744298,0.37479927851204403,0.1,0.1666666666666666,0.2,0.25
188606,mscoco,0.2156389770563692,0.575467750294628,0.21362392073497177,0.46321693843579537,0.0,0.037037037037037,0.1,0.1
490336,mscoco,0.14916749354451894,0.19718390106007253,0.14983678981661797,0.4208076796065974,0.1,0.3333333333333333,0.4,0.5
82731,mscoco,0.12457047142088414,0.27459312715304607,0.07672081217169761,0.1421849022068527,0.1,0.1428571428571428,0.1,0.1
46674,mscoco,0.058630804088898,0.19316572003365076,0.05741482805315172,0.19581036846619312,0.1,1.0,0.1,1.0
534366,mscoco,0.08460405888035893,0.3895427439425776,0.1405223575886339,0.3395938832607544,0.2,1.0,0.3,1.0
493774,mscoco,0.017169313388876617,0.059273554573886784,0.012460057716816663,0.036919059405398205,0.0,0.0833333333333333,0.2,0.5
417547,mscoco,0.022613869211636484,0.0827814049563831,0.028159664035774766,0.10212129630603088,0.0,0.0344827586206896,0.0,0.0119047619047619
63556,mscoco,0.0114004485309124,0.05493985866662283,0.012689093546941876,0.0456255074333038,0.1,0.3333333333333333,0.1,1.0
479036,mscoco,0.1656507699750364,0.6143800982645703,0.09543339854571968,0.3221464803442969,0.4,1.0,0.4,1.0
515424,mscoco,0.09697619788348674,0.2860238640070048,0.23894031308591365,0.5292794947660941,0.2,0.5,0.1,0.25
320899,mscoco,0.018151790043339132,0.056523778093316455,0.03461387176066637,0.11395384250044184,0.1,0.125,0.1,0.125
353378,mscoco,0.047258321475237605,0.2683876461653444,0.047062660404480997,0.2550195421440152,0.1,1.0,0.1,1.0
26517,mscoco,0.1639065820723772,0.2797980884053844,0.22360033318400382,0.44542013217630677,0.1,0.2,0.2,1.0
559912,mscoco,0.17751950547099113,0.2579318965325947,0.21513881608843805,0.39327548066559526,0.4,0.2,0.5,1.0
5913,mscoco,0.33236304223537444,0.5762816297597325,0.21870376616716386,0.6725691712469609,0.0,0.0833333333333333,0.0,0.0625
390474,mscoco,0.2012312401086092,0.5045779882968272,0.2186136044561863,0.44854417701144905,0.5,0.5,0.6,1.0
235062,mscoco,0.1810650799423456,0.39532994580349384,0.09905949514359236,0.38207195569451796,0.2,0.3333333333333333,0.2,1.0
313015,mscoco,0.006381765473634005,0.02487478645349293,0.006123701046453789,0.034381285927732326,0.1,0.2,0.1,1.0
397857,mscoco,0.0236590510699898,0.13100907490460068,0.02167066973634064,0.13010271610995877,0.1,1.0,0.1,1.0
550140,mscoco,0.17856710478663446,0.3062609632363666,0.17221721671521664,0.3595967000668804,0.7,0.25,0.5,0.5
461836,mscoco,0.19981275759637357,0.3035074361049792,0.26708922907710075,0.476311538432061,0.0,0.0666666666666666,0.0,0.0714285714285714
106,drawbench,0.03421049490571022,0.13447292312640186,0.12125367317348719,0.2739444157406177,0.0,0.02,0.1,0.1666666666666666
81779,mscoco,0.055977356340736154,0.16347501497776795,0.06932954483199864,0.15626438806442372,0.1,0.5,0.1,0.25
215134,mscoco,0.42443608641624453,0.5022940634173246,0.6398170530796051,0.7303550168751228,0.1,0.3333333333333333,0.1,0.25
523309,mscoco,0.009503487159963697,0.027837009585811714,0.0029075744037982076,0.014831602946936626,0.0,0.0833333333333333,0.0,0.0833333333333333
171,drawbench,0.020999943464994432,0.061866227105961256,0.018548556792666204,0.08918362324652465,0.0,0.0,0.0,0.0
380500,mscoco,0.2698264017701149,0.4615670017507752,0.22799837589263916,0.6319098496256635,0.0,0.0192307692307692,0.2,1.0
156128,mscoco,0.3056562850251794,0.8800177275616217,0.39244391247630117,0.7795677421089623,0.2,1.0,0.4,1.0
125908,mscoco,0.1686565600335598,0.3834672093941283,0.27994874157011507,0.5546473758999938,0.4,0.5,0.4,0.5
488303,mscoco,0.0448950138874352,0.20030019627829024,0.10072338907048106,0.19651856603221327,0.1,0.3333333333333333,0.0,0.0476190476190476
49725,mscoco,0.19347472805529833,0.5100122981667978,0.173543434496969,0.3662541846474501,0.1,0.5,0.1,0.5
556363,mscoco,0.05298272725194693,0.18637332809254548,0.03471416411921382,0.11264790398842088,0.1,1.0,0.1,0.1428571428571428
279947,mscoco,0.16568154636770488,0.26323065508115595,0.1646627027541399,0.32060834700091356,0.3,0.5,0.6,1.0
139083,mscoco,0.17055664602667092,0.3688763010962702,0.2525188848376274,0.6037759865163196,0.2,0.3333333333333333,0.0,0.0666666666666666
325055,mscoco,0.08073956090956927,0.1989995597275674,0.07093999711796642,0.1723232359202899,0.3,0.25,0.3,0.3333333333333333
483311,mscoco,0.6508096039295197,0.8536725345246508,0.7550903677940368,0.9154410780336578,0.8,1.0,0.8,0.5
206410,mscoco,0.11225297432392836,0.2676163220210764,0.18593696504831314,0.4166862837454464,0.2,1.0,0.0,0.0212765957446808
270290,mscoco,0.005856103752739728,0.027605689388844206,0.011470631835982204,0.03457242781226386,0.3,1.0,0.3,1.0
542937,mscoco,0.12538955695927143,0.5263802676911037,0.08117537442594766,0.2733153401833556,0.2,0.25,0.1,0.2
109178,mscoco,0.09139208574779331,0.3531685304434311,0.09706114670261741,0.2680221020648676,0.9,1.0,1.0,1.0
286116,mscoco,0.037094304291531446,0.09871859668613032,0.03532401754055172,0.11965186422285481,0.2,0.1428571428571428,0.3,1.0
369557,mscoco,0.17512841299176216,0.4812575279253343,0.26427762433886526,0.6635040252979355,0.2,0.5,0.5,1.0
195810,mscoco,0.20666524693369864,0.5495569598619933,0.1646477110683918,0.3351689819105858,0.1,1.0,0.1,0.5
561907,mscoco,0.031047276710160075,0.18769204596901287,0.04034162920434028,0.13557273851764542,0.0,0.03125,0.0,0.0010604453870625
100083,mscoco,0.05518266088329256,0.12272191707323793,0.05504115428775549,0.1658962773002132,0.9,1.0,0.5,1.0
427113,mscoco,0.17519413521513344,0.48740176936189905,0.29581307582557204,0.5522076557284012,0.3,1.0,0.5,1.0
504670,mscoco,0.12325736377388238,0.35277795246275884,0.13025848511606455,0.19940574513802287,0.0,0.0384615384615384,0.0,0.04
171656,mscoco,0.036406124383211134,0.09889110789748076,0.030299242393812164,0.15451073361750658,0.1,0.1428571428571428,0.1,1.0
337011,mscoco,0.01343317951541394,0.049657843408049275,0.006744972360320389,0.030768424047109187,0.0,0.0344827586206896,0.1,0.5
452031,mscoco,0.0049308598972857,0.025132298804750056,0.01819126754999161,0.06809526535344476,0.1,1.0,0.0,0.0769230769230769
59593,mscoco,0.21396387852728366,0.41939223016656063,0.2146028134971857,0.6234941778444033,0.3,0.3333333333333333,0.2,1.0
469894,mscoco,0.11745953597128392,0.20579763076964006,0.24966962523758413,0.4548977909026989,0.1,0.25,0.6,0.5
427688,mscoco,0.4657356318086386,0.31710550280319966,0.5110171966254711,0.7165352255507865,0.5,0.2,0.9,1.0
247394,mscoco,0.22141108736395837,0.39825851439013615,0.12360029388219118,0.2544219406173214,0.2,1.0,0.2,0.5
189197,mscoco,0.12627399675548076,0.31968158381472406,0.08409657180309296,0.21859529491416319,0.0,0.024390243902439,0.0,0.0769230769230769
293218,mscoco,0.1740801740437746,0.32328932524870674,0.1881746869534254,0.6229349073665312,0.1,0.25,0.5,1.0
563257,mscoco,0.260347830504179,0.4963421927753414,0.21710616126656532,0.4618012641467331,0.0,0.0285714285714285,0.1,0.1
188556,mscoco,0.15880305580794812,0.4550192456278676,0.22384075857698918,0.6480564776938971,0.4,1.0,0.6,0.5
544348,mscoco,0.08635136708617211,0.24179387358393642,0.04832158908247948,0.1900150734233218,0.1,1.0,0.1,1.0
492817,mscoco,0.33101169764995575,0.5416742999002455,0.2766378730535507,0.39828118119661104,0.5,1.0,0.2,0.3333333333333333
5614,mscoco,0.09108844972215593,0.14947086858330869,0.17090056389570235,0.3206914651260066,0.1,0.1666666666666666,0.6,1.0
58250,mscoco,0.061256515234708785,0.22988201221720073,0.10018661692738533,0.6191450800755293,0.0,0.0212765957446808,0.1,1.0
110348,mscoco,0.21199914533644915,0.4620805514579002,0.21331515535712242,0.46849603893206215,0.8,1.0,0.9,1.0
502179,mscoco,0.1759247101843357,0.24667575111230705,0.18597146607935428,0.2911717938216206,0.0,0.0476190476190476,0.0,0.0833333333333333
357948,mscoco,0.00912495136144571,0.04721522112001188,0.0066448699799366295,0.03717643080106418,0.1,1.0,0.1,0.5
293081,mscoco,0.37596519365906717,0.3967035356139388,0.5659110575914383,0.825511095755792,0.3,0.5,0.6,0.5
531883,mscoco,0.0422562968917191,0.1351499732015042,0.06448842454701662,0.19939037448069982,0.2,1.0,0.2,1.0
241911,mscoco,0.05189902633428574,0.14990538223045685,0.07769952505477704,0.20757077644466126,0.1,0.1428571428571428,0.1,0.125
253480,mscoco,0.09906472377479077,0.2554281125976691,0.15743714869022368,0.5597999715033742,0.0,0.0588235294117647,0.3,0.5
7,drawbench,0.5583071164786816,0.9175559473605817,0.2764605458825827,0.4205267265121317,0.0,5.006257822277847e-05,0.0,0.0001886080724254
418853,mscoco,0.01285077682696283,0.046348965578135705,0.015907377004623413,0.0761981411799602,0.1,0.3333333333333333,0.1,1.0
476341,mscoco,0.1767338030040264,0.33732770388832334,0.23847643733024598,0.3912171791731487,0.0,0.0181818181818181,0.0,0.0013351134846461
92554,mscoco,0.06829180200584233,0.13527287803455829,0.05545969158411026,0.2581869335640369,0.1,0.5,0.3,1.0
186145,mscoco,0.19872673824429513,0.7185419923380988,0.2481753870844841,0.5570135885801625,0.2,0.1666666666666666,0.5,0.3333333333333333
323424,mscoco,0.02319871890358627,0.07582092150744879,0.076738066598773,0.21259889627145778,0.0,0.0357142857142857,0.2,0.1428571428571428
92670,mscoco,0.10127057433128357,0.26731402002345667,0.08226937372237444,0.29594699448668405,0.2,0.5,0.2,0.5
436333,mscoco,0.072865888196975,0.16976156729377817,0.07675772942602635,0.21585416193633547,0.0,0.0285714285714285,0.1,0.5
25748,mscoco,0.08478770647197961,0.19776781698827847,0.10028806924819947,0.2666727758783045,0.0,0.0666666666666666,0.1,1.0
437156,mscoco,0.3135800760239363,0.6667514318665477,0.4028850942850113,0.8155597021296682,0.5,1.0,1.0,1.0
40361,mscoco,0.19850761499255895,0.45668653161830464,0.36910398229956626,0.40463247107361977,0.1,0.125,0.4,0.3333333333333333
190,drawbench,0.006562490848591551,0.023814448726592996,0.007392499121488072,0.04175502173883531,0.0,0.0,0.0,0.0
477988,mscoco,0.2400398448109627,0.6748944250595821,0.20461282022297383,0.7045970406777011,0.2,1.0,0.2,1.0
108238,mscoco,0.038144128676503894,0.11442553915961266,0.1157804642803967,0.5654638170217252,0.0,0.03125,0.1,1.0
397575,mscoco,0.10943281259387731,0.25357688398049777,0.10346488421782851,0.3111415312202852,0.0,0.0192307692307692,0.1,1.0
442667,mscoco,0.08470195289701224,0.24151774765005568,0.19317686110734938,0.3467654049644981,0.0,0.0212765957446808,0.4,0.5
362839,mscoco,0.02369869725080207,0.12075461025830822,0.03038038397207856,0.1388490594618419,0.1,1.0,0.1,1.0
375004,mscoco,0.0636190447025001,0.18644046960348537,0.13076216951012612,0.2971157764682723,0.1,0.5,0.1,1.0
409949,mscoco,0.609476500749588,0.8702429068982612,0.6397135019302368,0.7816054722048562,0.4,1.0,0.6,1.0
549532,mscoco,0.4223187632858753,0.4760340450685896,0.4879038516432047,0.5630562411420265,0.5,0.3333333333333333,0.2,0.1111111111111111
434511,mscoco,0.04624308003112674,0.3077583223077902,0.08302859109826385,0.35272886786086943,0.1,1.0,0.1,1.0
33481,mscoco,0.0351992225041613,0.12590382199809824,0.054050089232623576,0.15570501934458247,0.3,1.0,0.2,1.0
306232,mscoco,0.1372285343706608,0.34702089753934856,0.07578399600461125,0.2271536982342463,0.0,0.0222222222222222,0.0,0.0769230769230769
154119,mscoco,0.03149296632036567,0.08923471930599834,0.04991452796384692,0.20719608572215506,0.4,0.3333333333333333,0.6,1.0
525467,mscoco,0.13744744285941124,0.43101608007476966,0.2646193984895945,0.33472582963732767,0.3,1.0,0.3,1.0
494360,mscoco,0.12774545587599279,0.3422472552293927,0.06097939135506749,0.1979171522328354,0.1,0.5,0.1,0.125
223574,mscoco,0.024047911202069373,0.06928563561982644,0.05083916690200567,0.13273847057519983,0.1,0.5,0.1,1.0
347113,mscoco,0.05391130247153342,0.1656345698605308,0.02784225530922413,0.08979814790659109,0.0,0.0014903129657228,0.0,0.0833333333333333
25697,mscoco,0.4864207684993744,0.677021646471517,0.5422037899494171,0.686258012636763,0.8,1.0,0.7,1.0
198978,mscoco,0.04202559143304825,0.15426965161123377,0.1291807819157839,0.36456163441669137,0.0,0.0666666666666666,0.3,0.25
172776,mscoco,0.23320024982094764,0.36235220603207813,0.4330149948596954,0.4751128610510432,0.2,0.25,0.7,0.25
59515,mscoco,0.016130411555059253,0.05651903310939627,0.08251491747796535,0.4216013365084074,0.0,0.0055555555555555,0.0,0.0017391304347826
35715,mscoco,0.06883286256343127,0.24056542025042432,0.044459769921377304,0.14975300984536377,0.0,0.05,0.1,1.0
386777,mscoco,0.14834149638190866,0.55762555285599,0.06472404040396214,0.223293990694916,0.2,1.0,0.1,0.1428571428571428
527342,mscoco,0.07859053243882955,0.15761993937766658,0.07813310287892819,0.22474777006779284,0.1,0.3333333333333333,0.1,1.0
408838,mscoco,0.36287555722519754,0.8271251597980491,0.41424449570477007,0.5820573417440279,0.1,0.1666666666666666,0.0,0.02
53744,mscoco,0.016503670427482575,0.08656996161449862,0.05747940149158239,0.18382308497207925,0.1,1.0,0.8,1.0
218960,mscoco,0.15183307975530624,0.5849649667971087,0.1865001618862152,0.5890094536688851,0.2,1.0,0.3,1.0
404367,mscoco,0.23738560751080512,0.38026538886980793,0.3809393927454948,0.5585264581992934,0.4,0.3333333333333333,0.5,1.0
500071,mscoco,0.006826740538235754,0.031043063604374775,0.008131304057314992,0.043162317855412725,0.0,0.009090909090909,0.1,1.0
74331,mscoco,0.20040335990488528,0.5769540069888471,0.18180401735007762,0.5888842204865883,0.2,1.0,0.1,1.0
47652,mscoco,0.18663321658968926,0.34320082770989535,0.256821358948946,0.3460853176050999,0.0,0.0714285714285714,0.6,1.0
299154,mscoco,0.043261486757546666,0.17104111249979514,0.043464811495505275,0.1252790933849712,0.1,0.1666666666666666,0.2,0.5
499004,mscoco,0.20295007508248092,0.518133662569002,0.17407837603241205,0.5037049098264148,0.1,0.2,0.3,0.25
13471,mscoco,0.2216605070978403,0.5128767791551972,0.2541476048529148,0.5414438254791176,0.3,1.0,0.6,1.0
280810,mscoco,0.07910266350954771,0.20654265763507304,0.130738267628476,0.32584283246669205,0.2,0.5,0.1,0.3333333333333333
322008,mscoco,0.04327377323061228,0.14983402086104228,0.22260937206447123,0.35492544350758914,0.1,0.1428571428571428,0.0,0.0909090909090909
108871,mscoco,0.14761202000081539,0.3250303780170081,0.17363613098859787,0.47210512766587465,0.1,0.5,0.1,1.0
509626,mscoco,0.06671304292976857,0.18134416811610216,0.06057142843492329,0.1447086541124126,0.1,0.2,0.0,0.0014492753623188
105853,mscoco,0.2562710203230381,0.5362375163803298,0.21998207531869413,0.5407943088765446,0.0,0.024390243902439,0.3,1.0
478320,mscoco,0.38737998008728025,0.5616689020512139,0.376991505920887,0.713293841745751,0.5,1.0,0.2,1.0
517632,mscoco,0.16277964804321526,0.7652322449786036,0.16576583832502365,0.761914907584549,0.2,1.0,0.2,1.0
194105,mscoco,0.09982988033443689,0.2516667764846588,0.08254163339734077,0.24268059540455147,0.0,0.032258064516129,0.0,0.0227272727272727
323208,mscoco,0.28042698204517363,0.5447322721368166,0.283602605573833,0.5414364179788878,0.1,0.25,0.1,0.3333333333333333
116,drawbench,0.35875645130872724,0.5478171955592722,0.3261922664009035,0.7512972693164893,0.0,0.0,0.0,0.0
246746,mscoco,0.11224930509924888,0.25554418953905866,0.2137231357395649,0.33543171579279074,0.0,0.0052356020942408,0.2,0.25
243292,mscoco,0.04526696410030127,0.14618187125792098,0.09682316891849041,0.23644216579589658,0.2,0.5,0.3,0.5
125,drawbench,0.4334432154893875,0.6286952459947964,0.4179750055074692,0.6011238105099934,0.0,0.0,0.0,0.0
392363,mscoco,0.18985286727547646,0.24282228767045366,0.2759836681187153,0.5839975382398452,0.0,0.0714285714285714,0.1,0.2
6107,mscoco,0.22670578509569167,0.39355049297505895,0.28086675629019736,0.4388379134417455,0.1,0.1666666666666666,0.3,0.5
279605,mscoco,0.04405806683935225,0.13910517062441807,0.1726385410875082,0.36666785585369766,0.3,0.25,0.3,0.2
518199,mscoco,0.14001166298985482,0.39186383428949867,0.10261964648962021,0.2820817322328488,0.0,0.05,0.0,0.0909090909090909
516990,mscoco,0.6004352927207947,0.7582952826026046,0.6840528190135956,0.8276388088227403,0.7,1.0,0.8,1.0
474504,mscoco,0.20303258374333383,0.36764714453338554,0.41016037166118624,0.7437415272815275,0.0,0.0454545454545454,0.1,0.5
323788,mscoco,0.4914659708738327,0.8485267296190349,0.5135698154568672,0.4793379560370497,0.6,1.0,0.6,1.0
210136,mscoco,0.31089873909950255,0.5105755359470204,0.26327623799443245,0.4756482589462755,0.3,0.2,0.1,0.3333333333333333
450558,mscoco,0.05747428499162197,0.19935810958442574,0.08335479069501162,0.23227497220953616,0.0,0.0588235294117647,0.2,0.3333333333333333
542178,mscoco,0.033126744185574354,0.09325852434010243,0.039447775518056005,0.1144374858478195,0.0,0.0076923076923076,0.0,0.0909090909090909
59525,mscoco,0.1954907536506653,0.31526182504210043,0.23456392288208008,0.47489753572179005,0.0,0.0454545454545454,0.2,0.1666666666666666
50201,mscoco,0.03782936385832727,0.12330687391249938,0.018319805641658603,0.0979419932427473,0.1,1.0,0.1,1.0
311629,mscoco,0.19910746887326242,0.35346013043755936,0.2647053338587284,0.4523414635577998,0.2,1.0,0.2,1.0
151594,mscoco,0.08748473832383752,0.18691096351164646,0.126580923050642,0.22840614467605977,0.4,0.5,0.6,1.0
305545,mscoco,0.005887935997452587,0.040895444034319474,0.006508097861660645,0.04189389803791853,0.1,1.0,0.1,1.0
162393,mscoco,0.19544295109808446,0.5805290028098117,0.2684879720211029,0.7206051396186287,0.2,1.0,0.2,1.0
297967,mscoco,0.08979452438652516,0.1892753632473382,0.1152778048068285,0.38077141317287616,0.1,0.1428571428571428,0.1,1.0
237833,mscoco,0.012163342675194144,0.052972546871269295,0.011650257278233767,0.03049489547084763,0.0,0.0181818181818181,0.0,0.0049504950495049
234274,mscoco,0.022328006150200964,0.0761239527716146,0.024921560077928007,0.08226858779213589,0.1,0.5,0.1,0.2
111742,mscoco,0.2992411833256483,0.46858852444598365,0.35529645085334777,0.47537836305492853,0.5,1.0,0.4,1.0
109061,mscoco,0.17778419144451618,0.5003325542058862,0.1409347215667367,0.4494629841739562,0.1,1.0,0.1,1.0
190035,mscoco,0.17378784585744142,0.36280022822895375,0.1799854002892971,0.48461342442325084,0.2,0.25,0.1,1.0
62995,mscoco,0.016702201717998834,0.07095182613142915,0.013349872501567005,0.05075944151047923,0.1,1.0,0.1,0.3333333333333333
285484,mscoco,0.014079355157446117,0.04282734024712532,0.015311101445695386,0.0578651178749229,0.0,0.0185185185185185,0.0,0.05
36850,mscoco,0.1953006364405155,0.3818487430814214,0.26626851558685305,0.4666459379536852,0.2,0.5,0.3,1.0
110324,mscoco,0.055996983172371985,0.1780612023859073,0.035618238244205715,0.12046189421780171,0.1,0.5,0.0,0.0909090909090909
388566,mscoco,0.4608306050300598,0.8853890990699422,0.4126110911369324,0.856089481637217,0.7,1.0,1.0,1.0
74466,mscoco,0.07050498108146712,0.1797055938273742,0.06053162387106568,0.3477733834770431,0.1,0.1111111111111111,0.1,1.0
358438,mscoco,0.0822477200999856,0.29142157022517173,0.06085458267480135,0.11889066584990823,0.1,0.25,0.1,0.3333333333333333
302137,mscoco,0.1767294280230999,0.3307532689850685,0.24697957932949066,0.540087431108992,0.2,0.3333333333333333,0.4,0.25
144,drawbench,0.06831076759845019,0.2045124225723176,0.03617608565837145,0.10136827142603011,0.0,0.0,0.0,0.0
404766,mscoco,0.39874052703380586,0.6863952929661212,0.5536899864673615,0.7669182259163165,0.3,0.5,0.3,0.3333333333333333
322937,mscoco,0.4091234415769577,0.49549955476892094,0.567713788151741,0.6741928369853962,0.4,1.0,0.9,1.0
245902,mscoco,0.04310479359701276,0.12073276286113355,0.09121229676529766,0.2266109585251244,0.0,0.0222222222222222,0.0,0.0833333333333333
27528,mscoco,0.07812036965042353,0.14811653287275062,0.11450904663652181,0.20566176102724856,0.6,1.0,0.8,1.0
254392,mscoco,0.0657781321555376,0.2540130574163768,0.06683605143334717,0.25598421802537863,0.2,1.0,0.2,1.0
34827,mscoco,0.40005584359169005,0.7853522705977649,0.46997270584106443,0.6339747897960718,0.9,1.0,1.0,1.0
291752,mscoco,0.6702502399682999,0.7792830441772831,0.7923442006111145,0.840354779975893,0.9,1.0,1.0,1.0
126895,mscoco,0.03144528963603079,0.08797895692202198,0.06163847716525197,0.18080198637256376,0.0,0.0833333333333333,0.3,1.0
312316,mscoco,0.3305575534701347,0.5288937846474981,0.44544641077518465,0.7858037651110364,0.0,0.0769230769230769,0.4,1.0
439657,mscoco,0.028669973742216824,0.1042994086966289,0.05115961544215679,0.12968193788591878,0.2,1.0,0.2,1.0
438446,mscoco,0.29619256407022476,0.5768474303150393,0.3762810494750738,0.6946245332723537,0.5,0.5,0.7,1.0
470932,mscoco,0.05148909972049296,0.13333178644174568,0.056585734244436026,0.13935514941177984,0.2,0.1428571428571428,0.5,0.5
500829,mscoco,0.05221621915698051,0.21715553407503452,0.06237746123224497,0.16023352211295072,0.5,1.0,0.7,0.5
53550,mscoco,0.21462339237332345,0.5206917543543372,0.21687592267990113,0.5108763324416363,0.1,1.0,0.2,1.0
395340,mscoco,0.08785007460974156,0.28962208294286806,0.06696784598752856,0.18317932287848965,0.1,0.1666666666666666,0.1,0.5
257983,mscoco,0.5077143341302872,0.7041913504451235,0.593928125500679,0.694784994523662,0.4,1.0,0.7,0.5
573052,mscoco,0.05278886314481497,0.18868974110926764,0.040264362143352626,0.11273551404057282,0.1,0.5,0.2,0.1666666666666666
475457,mscoco,0.09170225132256746,0.21676930577208722,0.11734166070818901,0.282030979339658,0.0,0.0588235294117647,0.2,0.1428571428571428
75,drawbench,0.20251820385456085,0.35370643071470215,0.3172211334109306,0.5276015664433028,0.0,0.0833333333333333,0.1,1.0
11288,mscoco,0.16461968496441842,0.38630297189710555,0.2560403659939766,0.5242834306880604,0.0,0.0909090909090909,0.3,1.0
276852,mscoco,0.3581718966364861,0.7050929219756573,0.4119765430688858,0.7440299855082965,0.0,0.0303030303030303,0.1,1.0
557780,mscoco,0.16142959259450435,0.5526068775915756,0.14887728607282041,0.5693924964395742,0.2,1.0,0.2,1.0
363165,mscoco,0.05539091667160392,0.14383015946003522,0.05466097192838788,0.1922385493948122,0.1,0.2,0.4,1.0
541880,mscoco,0.4906764209270477,0.5956509558299933,0.5054079413414001,0.8093773014481134,0.7,0.5,0.7,1.0
313526,mscoco,0.013340461265761406,0.07117638987841018,0.011463152547366916,0.07492764917887719,0.1,0.5,0.2,1.0
214055,mscoco,0.24050451777875423,0.5298062151891019,0.3285485699772835,0.5093367005601614,0.0,0.0625,0.1,0.125
458675,mscoco,0.05859954934567213,0.12780205234922717,0.17061884179711342,0.45281908200252824,0.0,0.0294117647058823,0.4,0.3333333333333333
175277,mscoco,0.018136451701866462,0.049880153688386886,0.036921761673875154,0.14495023039972676,0.2,0.3333333333333333,0.5,1.0
295076,mscoco,0.14807003720197826,0.3195752357936214,0.15597949549555779,0.3220944100322233,0.4,1.0,0.5,1.0
63075,mscoco,0.5013914480805397,0.7347743408249987,0.6515410104766488,0.713908270025447,0.4,1.0,0.8,0.5
533159,mscoco,0.3976163625717163,0.5140099654911023,0.6307533085346222,0.7898785358994993,0.6,0.25,0.8,0.5
292810,mscoco,0.0963820481672883,0.248946699800994,0.11749114403501153,0.39238676687127594,0.1,0.2,0.1,1.0
333978,mscoco,0.5167043477296829,0.794979972088643,0.652970626950264,0.6747636767560071,0.6,1.0,0.8,0.5
487264,mscoco,0.07850482780486345,0.2409037071246897,0.09260221365839243,0.2542704174700435,0.1,1.0,0.4,1.0
429074,mscoco,0.10639781709760428,0.24617884470982965,0.2497651230543852,0.4445643292598491,0.2,0.3333333333333333,0.1,0.1
39789,mscoco,0.00883457992458716,0.04632586979845676,0.007188170126755722,0.025467455472351665,0.1,0.5,0.0,0.05
429353,mscoco,0.0846261172555387,0.1735429412751398,0.07510853195562958,0.23035120889566355,0.3,1.0,0.4,1.0
110683,mscoco,0.019363665324635803,0.08391846321839286,0.03209712989628315,0.12438983445625489,0.0,0.04,0.0,0.0175438596491228
4132,mscoco,0.07279929984360933,0.19663783885297423,0.07191162630915642,0.23867808144770142,0.2,0.1666666666666666,0.1,1.0
278134,mscoco,0.0373179561458528,0.16602124600577278,0.029137900145724416,0.06968256306527723,0.1,1.0,0.0,0.0034722222222222
238709,mscoco,0.09400068873073905,0.17445522565126528,0.21952610239386558,0.3754276833767057,0.1,0.1111111111111111,0.6,1.0
485300,mscoco,0.0022757897750125267,0.008706039816132948,0.003182784812088357,0.006630735835826547,0.0,0.0769230769230769,0.1,0.25
296620,mscoco,0.011019940092228352,0.048826622443873466,0.004374962864676491,0.012827842883592669,0.0,0.0454545454545454,0.0,0.0142857142857142
193077,mscoco,0.010033540055155754,0.04252162249139083,0.010766428336501122,0.05013415611917621,0.0,0.05,0.2,0.5
103,drawbench,0.0027417953868280167,0.009102181088952341,0.0022651946645055434,0.014489307837607176,0.0,0.0,0.0,0.0
310749,mscoco,0.2177803311496973,0.46364960814484,0.20888074412941932,0.377823663060742,0.2,0.5,0.3,1.0
293864,mscoco,0.3425445705652237,0.6400740676703154,0.44070972949266435,0.5215252536235544,0.3,0.5,0.5,1.0
493806,mscoco,0.19479339122772216,0.4367307628627364,0.19838463440537452,0.583859171660272,0.2,1.0,0.4,0.5
39535,mscoco,0.2653016023337841,0.4448356244126676,0.28890451043844223,0.459037255720644,0.0,0.04,0.0,0.0526315789473684
481252,mscoco,0.050645922776311636,0.12675081985810102,0.07985843103379012,0.1891037664284941,0.2,1.0,0.1,0.5
522535,mscoco,0.12886495813727378,0.3058448985080205,0.2640334777534008,0.5177033414625217,0.0,0.0434782608695652,0.0,0.0476190476190476
482765,mscoco,0.11324407048523426,0.248868789497665,0.09761090911924838,0.37823738804850976,0.1,0.1666666666666666,0.0,0.0769230769230769
81954,mscoco,0.031858776276931164,0.08679078705348911,0.038630028162151574,0.137714490485304,0.1,0.2,0.1,0.5
333124,mscoco,0.05172376628033817,0.21149134445273035,0.05452473559125792,0.2354261272105038,0.2,1.0,0.2,1.0
529258,mscoco,0.04119803258217871,0.13107845615847913,0.026093755336478352,0.06844728554316075,0.0,0.0142857142857142,0.1,0.25
2567,mscoco,0.1477564858738333,0.5147856354762314,0.40713302344083785,0.546284561511903,0.1,1.0,0.6,0.5
53803,mscoco,0.09780155271291732,0.24995695255135,0.08467710744589567,0.2104493970698834,0.1,0.5,0.1,0.1111111111111111
172351,mscoco,0.1904436644166708,0.4568426389979522,0.3742217615246773,0.43622089444747114,0.2,0.5,0.4,0.5
311251,mscoco,0.1942522529512644,0.4027095125649347,0.34256296455860136,0.670800840513741,0.2,1.0,0.5,1.0
356869,mscoco,0.24364570826292037,0.349353030824259,0.32499483563005926,0.3335138616721959,0.1,0.2,0.0,0.0068965517241379
203406,mscoco,0.7089206725358963,0.7131841922292116,0.7440484434366226,0.9387170399267438,0.9,1.0,0.9,1.0
119870,mscoco,0.18545953333377838,0.2891197914874369,0.27261625304818154,0.4571892303714269,0.1,0.1428571428571428,0.2,0.5
442125,mscoco,0.02882962105795741,0.07865456638365614,0.02477242473978549,0.06864347822058375,0.1,0.3333333333333333,0.3,1.0
530619,mscoco,0.09817503746598959,0.33249776462459524,0.12308586947619915,0.24202342313568614,0.6,1.0,0.8,1.0
73196,mscoco,0.06282707946375013,0.15397168569860906,0.026976028084754945,0.09048053204108783,0.1,0.5,0.0,0.0303030303030303
507714,mscoco,0.07671148357912898,0.27934200049162955,0.18534689601510762,0.39577476255742444,0.0,0.0072992700729927,0.0,0.0416666666666666
376144,mscoco,0.005407077318523079,0.023549562100427367,0.009110774053260684,0.027512445660805646,0.3,1.0,0.5,1.0
211063,mscoco,0.03673947035567835,0.16241430454103511,0.08084612290840595,0.1712649953934091,0.1,1.0,0.1,0.3333333333333333
436799,mscoco,0.04988795146346092,0.12462370913750673,0.054158531106077136,0.18493564817405092,0.1,0.3333333333333333,0.2,0.5
204256,mscoco,0.03961263914825395,0.13714410196595692,0.03170013974304311,0.11509373826984086,0.0,0.0714285714285714,0.1,1.0
314048,mscoco,0.04438099060207605,0.09241116083195483,0.06694531962275505,0.14513180022294583,0.2,1.0,0.3,1.0
447009,mscoco,0.05613270401954651,0.1706129616611719,0.05435202354565263,0.20837034252170267,0.1,0.1,0.2,1.0
455079,mscoco,0.44926640316843985,0.8404200590353704,0.5046600725501775,0.5507387129201796,0.2,1.0,0.3,0.5
157617,mscoco,0.14684748891741037,0.40023196152788354,0.25763941146433356,0.48167354343017477,0.2,0.5,0.1,0.25
546877,mscoco,0.33983704894781114,0.4004108122254542,0.3977370895445347,0.6975437382431265,0.1,0.2,0.7,1.0
41392,mscoco,0.03188031474128365,0.10753937713794616,0.06328775230795144,0.14582053414074161,0.1,1.0,0.1,1.0
556462,mscoco,0.16617699544876813,0.3604205991494791,0.2568560212850571,0.3874552264775096,0.6,0.5,0.4,1.0
80053,mscoco,0.21453289091587066,0.4330966665668958,0.5178041130304336,0.6058539909950638,0.0,0.0714285714285714,0.7,0.5
553304,mscoco,0.10469841603189707,0.32898296594607795,0.11674036523327232,0.39618517517010843,0.1,0.2,0.1,1.0
102,drawbench,0.020017522061243652,0.07008776361929868,0.05919504025951028,0.1155016183537973,0.0,0.0,0.0,0.0
463168,mscoco,0.03300276689697057,0.11532415241118588,0.0222098060650751,0.10220729713050226,0.1,0.5,0.1,0.3333333333333333
398463,mscoco,0.04607959017157555,0.11671415650271685,0.07759040612727404,0.3283747344561883,0.1,0.3333333333333333,0.5,1.0
454916,mscoco,0.10444757267832756,0.22648763559043017,0.15570845119655133,0.23436624698262976,0.0,0.0625,0.1,0.125
317022,mscoco,0.08032207153737544,0.21790484784913322,0.09119913596659898,0.21634329536117416,0.0,0.0476190476190476,0.1,0.1111111111111111
61943,mscoco,0.3165234036743641,0.4921903251547136,0.2423281017690897,0.3090610681162798,0.0,0.0099009900990099,0.0,0.0833333333333333
543521,mscoco,0.1997884949669242,0.4363469930744894,0.11160439159721136,0.3118905272466002,0.1,1.0,0.1,1.0
509490,mscoco,0.057738742884248496,0.13104418251256886,0.08752516666427254,0.17916524990678057,0.0,0.0208333333333333,0.1,1.0
413970,mscoco,0.007344802998704836,0.03133077540290982,0.008958623837679624,0.03882239252203772,0.0,0.0263157894736842,0.0,0.0833333333333333
67331,mscoco,0.07474342001369223,0.243383929078668,0.1336059806868434,0.6770689027947492,0.1,0.3333333333333333,0.1,1.0
230669,mscoco,0.30847018733620646,0.7590246030340764,0.3583174206316471,0.750252170253922,0.3,0.25,0.1,0.1428571428571428
487266,mscoco,0.38155250549316405,0.5959434078366536,0.35236148685216906,0.5060568506431017,0.5,1.0,0.8,1.0
525024,mscoco,0.26660241931676865,0.44381227708341814,0.24887411184608937,0.39997726389428856,0.2,0.3333333333333333,0.6,1.0
14257,mscoco,0.025576664973050355,0.09172992923712259,0.04748038030229509,0.10599884820660718,0.1,1.0,0.1,0.1
478240,mscoco,0.12870352920144795,0.2683217404829301,0.13381019402295352,0.24161932657388105,0.2,0.3333333333333333,0.0,0.0344827586206896
7211,mscoco,0.009810187108814716,0.05781100137478545,0.008839165690005757,0.028283745060952915,0.3,1.0,0.2,0.3333333333333333
23250,mscoco,0.19026963021606208,0.24356624553160636,0.31248428076505663,0.5688318450742915,0.1,0.1,0.5,1.0
3590,mscoco,0.5462357565760613,0.8152724526945229,0.6565771281719208,0.7108576614734696,0.7,1.0,1.0,1.0
580511,mscoco,0.12518733497709036,0.32911152775542657,0.3167426660656929,0.5071869357080075,0.2,1.0,0.7,1.0
40658,mscoco,0.016950168332550676,0.12609889254036408,0.03401816247496754,0.17319414811008083,0.1,1.0,0.1,1.0
322350,mscoco,0.15446201898157597,0.24195827158767808,0.19717977643013002,0.33375165801608864,0.2,1.0,0.1,1.0
125635,mscoco,0.3493993952870369,0.5936841340330782,0.33414509892463684,0.7442775561891045,0.5,0.25,0.6,1.0
283631,mscoco,0.13510218039155006,0.4215765655751151,0.14052456617355347,0.3301989570031696,0.1,0.5,0.3,0.5
528729,mscoco,0.01177334669046104,0.08036883724983188,0.02575213355012238,0.11265919533282893,0.1,1.0,0.1,1.0
167021,mscoco,0.15222191959619522,0.4057589996413506,0.2540878292173147,0.4551703062632576,0.2,0.2,0.5,0.2
140100,mscoco,0.13988101037684827,0.18855982072296673,0.32743188813328744,0.5418649567870679,0.1,0.25,0.2,0.5
252213,mscoco,0.08220200221985578,0.22998429074930907,0.03792779929935932,0.13509412243938956,0.1,0.25,0.1,0.2
501364,mscoco,0.2661624066531658,0.6003127662444533,0.4767199859023094,0.682183151897921,0.5,1.0,0.8,1.0
580390,mscoco,0.013261826877715066,0.06903644707270434,0.020972925471141934,0.07843701191640803,0.1,1.0,0.1,1.0
463859,mscoco,0.049622971238568424,0.22821179102605796,0.04105419076513499,0.19973839094853127,0.1,1.0,0.1,1.0
391657,mscoco,0.2615181364119053,0.5405933046091597,0.3181654468178749,0.5764894811672067,0.1,0.1111111111111111,0.6,0.3333333333333333
391415,mscoco,0.03836484325584024,0.10530395185837967,0.03779506925493479,0.1362963171924724,0.0,0.0123456790123456,0.1,1.0
333099,mscoco,0.024380526319146157,0.07990712228052224,0.04171448834240436,0.14230032763422834,0.1,0.5,0.1,0.2
405574,mscoco,0.006008945778012276,0.017940249883338793,0.007406768185319379,0.0387056768881293,0.0,0.0140845070422535,0.1,1.0
575823,mscoco,0.03221728140488267,0.10441884372440505,0.031789713585749266,0.10736786438192943,0.0,0.0023923444976076,0.0,0.0222222222222222
57088,mscoco,0.18182287458330393,0.43585240917348606,0.21190689131617546,0.44795382153930124,0.1,0.1428571428571428,0.2,0.3333333333333333
226957,mscoco,0.033359500719234346,0.06660107113853132,0.01527088051661849,0.052098020267929264,0.1,1.0,0.1,0.25
184329,mscoco,0.1206951167434454,0.2647767063469898,0.10330124944448471,0.27128295043219747,0.0,0.0104166666666666,0.0,0.0043103448275862
550324,mscoco,0.6071037992835044,0.48743566841400954,0.7476942062377929,0.8209482623566655,0.6,0.25,1.0,1.0
575174,mscoco,0.19598018191754818,0.40841026943715547,0.1690093494951725,0.375636269156311,0.1,1.0,0.3,0.25
24380,mscoco,0.2123759388923645,0.5132362670860923,0.16987569089978932,0.3447471822023753,0.4,0.3333333333333333,0.2,0.3333333333333333
506394,mscoco,0.37041473425924776,0.4464719091391935,0.3399821985512972,0.4340979942106322,0.5,0.5,0.9,1.0
195463,mscoco,0.1168006680905819,0.3346616077165825,0.14044490158557893,0.353684005863927,0.2,1.0,0.3,1.0
308892,mscoco,0.09942985335364937,0.30014171261741807,0.0748174061998725,0.25692032979096535,0.0,0.0588235294117647,0.1,0.5
361913,mscoco,0.09560393765568734,0.1943281992294537,0.17228218019008637,0.2522455277075543,0.1,0.1111111111111111,0.1,0.3333333333333333
293532,mscoco,0.20430210828781128,0.3215790373993768,0.23390674777328968,0.5616617213751238,0.4,0.3333333333333333,0.6,1.0
338118,mscoco,0.06287694042548538,0.2539510910930874,0.05850071823224425,0.28283279686320467,0.1,1.0,0.1,1.0
521250,mscoco,0.08239078726619482,0.26143353209194253,0.14539326978847383,0.31226967284170254,0.2,0.5,0.2,0.25
85353,mscoco,0.03963004215620458,0.18808886621390045,0.004872117920604069,0.02942037854556068,0.2,1.0,0.0,0.0666666666666666
35951,mscoco,0.0017241335823200642,0.0043514455892362525,0.004532497985928785,0.0234531935703054,0.0,0.009090909090909,0.1,0.1666666666666666
16764,mscoco,0.03098762813024223,0.068442267636547,0.061633011884987356,0.18593300289492648,0.0,0.0434782608695652,0.2,1.0
397427,mscoco,0.05869273752905428,0.18919537661680458,0.04210613090544939,0.1300981341775737,0.1,1.0,0.1,0.5
515561,mscoco,0.021022441191598774,0.05639155674582437,0.036631846847012636,0.13763936127206464,0.0,0.037037037037037,0.1,1.0
366829,mscoco,0.02522299042902887,0.08071683526477416,0.03134021013975143,0.11586581823890293,0.0,0.0131578947368421,0.1,0.5
432410,mscoco,0.38990444391965867,0.531057870060196,0.46133151799440386,0.6519907231595532,0.0,0.0666666666666666,0.2,0.1428571428571428
61972,mscoco,0.005417049920652062,0.024872418646200593,0.004791921458672732,0.02288745034763691,0.1,1.0,0.1,1.0
499054,mscoco,0.08117409944534301,0.2078326285473279,0.04930868986994028,0.19718305080132137,0.1,0.1,0.4,1.0
569021,mscoco,0.01401862942148,0.05013176445785773,0.01394528636301402,0.05646001346299437,0.1,0.5,0.0,0.0909090909090909
9029,mscoco,0.06817575739696621,0.33580349071859245,0.11611198075115681,0.3627856179189608,0.3,1.0,0.4,1.0
18373,mscoco,0.3221936821937561,0.43662356339607566,0.5392199747264386,0.7657164832333384,0.7,1.0,0.9,1.0
336001,mscoco,0.1265138869639486,0.45433471334443476,0.1648514880798757,0.44879483445353247,0.2,0.25,0.4,0.3333333333333333
461475,mscoco,0.039745341846719386,0.12608800704588655,0.01846301406621933,0.05730194965037571,0.0,0.0285714285714285,0.2,0.5
388841,mscoco,0.169423159211874,0.4611830680662017,0.20812725219875575,0.4423821730851845,0.5,0.3333333333333333,0.4,1.0
284940,mscoco,0.08727966286242009,0.172979569861217,0.15245415940880774,0.28155381646859684,0.1,0.5,0.4,0.5
394759,mscoco,0.11655499376356601,0.2133546080414322,0.0895321263000369,0.20955561600257094,0.5,0.5,0.3,1.0
358411,mscoco,0.021168819116428494,0.10086411186380173,0.041038558818399906,0.10807623523714781,0.2,0.5,0.5,1.0
284421,mscoco,0.17097223438322545,0.2650684499208148,0.17614346817135812,0.4502733209088415,0.6,1.0,0.2,0.3333333333333333
237716,mscoco,0.05133193754591048,0.25023929564832875,0.04818091755732894,0.1585750146330368,0.2,0.5,0.2,1.0
167520,mscoco,0.014149533468298614,0.047450382519100616,0.0038235758307564537,0.01642609329591768,0.1,0.2,0.1,0.5
568611,mscoco,0.09333825018256903,0.18602751559268518,0.08437266498804093,0.28341715861721356,0.4,0.25,0.5,0.5
159356,mscoco,0.34644499570131304,0.48444594856497897,0.33753434494137763,0.5419919230776026,0.1,0.5,0.1,0.2
301261,mscoco,0.025673771742731333,0.09240512554453433,0.07840424817986787,0.2017629652226911,0.0,0.0625,0.0,0.037037037037037
113787,mscoco,0.027860730467364193,0.10251050089374167,0.03120489539578557,0.10875276320847882,0.1,0.125,0.1,0.1428571428571428
375809,mscoco,0.2705823928117752,0.48810660391514304,0.2585310317575932,0.33644312888902594,0.3,0.3333333333333333,0.4,0.3333333333333333
64460,mscoco,0.22329657152295113,0.5084448463187016,0.2564435925334692,0.5426342461662568,0.5,0.5,0.5,1.0
470799,mscoco,0.10446947552263737,0.24545078981464266,0.07899072729051113,0.21579074726922437,0.4,1.0,0.5,1.0
382046,mscoco,0.10934435091912746,0.23229084107965467,0.21324759125709533,0.3926461021135302,0.0,0.0625,0.5,1.0
170974,mscoco,0.16536167189478873,0.43641161849059357,0.23273155987262725,0.40768726867587385,0.0,0.0303030303030303,0.3,0.25
562160,mscoco,0.1359135454520583,0.4020520350458947,0.057228014443535355,0.16036678573224183,0.1,1.0,0.1,0.25
562248,mscoco,0.13842135090380908,0.508966453582394,0.18487936034798622,0.4399913293894146,0.2,1.0,0.3,1.0
96638,mscoco,0.12474698647856712,0.25663643694157773,0.42046267464756965,0.5896196389024738,0.2,0.25,0.6,1.0
164234,mscoco,0.5038285940885544,0.6124892626462536,0.4272256910800934,0.6830197650082991,0.7,1.0,0.6,1.0
278962,mscoco,0.1661702785640955,0.4461723279873046,0.11348954290151596,0.2662108238259679,0.2,0.3333333333333333,0.4,1.0
553248,mscoco,0.03516348222619854,0.09679868331743166,0.025663313176482915,0.0817460520053778,0.2,0.5,0.1,0.5
523371,mscoco,0.04963111551478505,0.12710665517228034,0.05865519167855382,0.22765707169713134,0.1,0.2,0.2,1.0
141283,mscoco,0.006950348545797169,0.03144378000712231,0.012797605025116354,0.041256722970531956,0.0,0.0051020408163265,0.0,0.0033003300330033
320292,mscoco,0.4060638271272182,0.7233602054725877,0.33320451974868776,0.7249883524019566,0.5,1.0,0.7,1.0
269588,mscoco,0.11720694266259671,0.21247056574852838,0.2534744918346405,0.39522976213549493,0.1,0.2,0.5,1.0
113594,mscoco,0.03735406342893839,0.13141820330415463,0.044676725193858145,0.11608189671447924,0.0,0.0011627906976744,0.0,0.0038022813688212
349622,mscoco,0.16214558221399783,0.25262897615739893,0.19573240131139755,0.29893715783076696,0.1,0.1,0.3,0.3333333333333333
215226,mscoco,0.07979216016829013,0.21869766588324055,0.07514467788860202,0.20155198133020003,0.1,0.5,0.1,0.5
78371,mscoco,0.026194072188809515,0.09941317216033295,0.03500130157917738,0.16437502063663093,0.0,0.024390243902439,0.0,0.0163934426229508
451972,mscoco,0.06515870988368988,0.3321808925805856,0.06977993319742382,0.19725974530205584,0.1,1.0,0.1,0.5
163,drawbench,0.012511040485696867,0.04310406148769214,0.012633421109057963,0.050841617744131345,0.0,0.0,0.0,0.0
150360,mscoco,0.04300298448652029,0.12712996451816347,0.05743043776601553,0.15638858337835734,0.0,0.0178571428571428,0.2,1.0
138567,mscoco,0.02420742213726044,0.10696513731696539,0.04592672814615071,0.15323482129086172,0.0,0.0149253731343283,0.1,1.0
383220,mscoco,0.011093471618369221,0.055272132199270275,0.01569748268229887,0.05445004204695784,0.1,1.0,0.1,1.0
557272,mscoco,0.0359226404922083,0.11119456712655441,0.020857751183211804,0.07703162176278051,0.1,0.25,0.1,0.5
17073,mscoco,0.0028380018135067075,0.014764817024615327,0.005665373580995947,0.020687138291879625,0.1,1.0,0.1,1.0
441083,mscoco,0.40301797091960906,0.5338664058863366,0.3665371209383011,0.5057859475115744,0.9,0.5,0.8,0.5
109750,mscoco,0.04749258467927575,0.14927368203078328,0.09137775991111993,0.27143977455803875,0.1,0.5,0.1,1.0
20279,mscoco,0.08501854555506724,0.2620042695465757,0.05455188292835374,0.15870496611673732,0.2,1.0,0.2,0.5
324845,mscoco,0.06608136259019375,0.18129316650593516,0.1601571660488844,0.2983255277969016,0.1,0.2,0.3,1.0
303520,mscoco,0.029481196077540517,0.0722406267122802,0.01886606018524617,0.05817199462443459,0.1,1.0,0.1,1.0
363136,mscoco,0.1507912510074675,0.22889954600169596,0.10579779306426644,0.26209992548081357,0.1,0.125,0.1,1.0
161622,mscoco,0.02764992620795965,0.11693269923735296,0.023601573333144187,0.07523315180310859,0.1,1.0,0.2,0.5
315242,mscoco,0.07412844700738788,0.3211084004147655,0.05535726994276047,0.15950503937709734,0.0,0.0222222222222222,0.1,1.0
418723,mscoco,0.04033233136869967,0.22405261967159787,0.04757520752027631,0.08649354364951524,0.1,1.0,0.1,0.1666666666666666
65440,mscoco,0.1863714624196291,0.39779729413791476,0.11984196463599801,0.4010173414804444,0.1,0.1111111111111111,0.0,0.0016
111907,mscoco,0.09933519549667835,0.17607238358811922,0.14406023398041726,0.492295954538622,0.2,0.3333333333333333,0.4,1.0
465140,mscoco,0.05046658907085657,0.15434724042297845,0.046048358594998715,0.14206945106798918,0.1,0.5,0.1,0.5
21083,mscoco,0.05250611804658547,0.09989161404444474,0.11430902127176523,0.34170611002466733,0.1,0.1,0.1,0.2
200202,mscoco,0.09778582975268364,0.2656379711995556,0.18897669515572488,0.510870048199616,0.3,0.3333333333333333,0.7,1.0
215320,mscoco,0.012710781465284527,0.05548333002043837,0.037457081489264965,0.14704936293164358,0.0,0.0666666666666666,0.2,0.25
28978,mscoco,0.14458085149526595,0.3316978674895696,0.18270034501329063,0.41759799347129967,0.0,0.0769230769230769,0.4,1.0
281427,mscoco,0.04268484227359295,0.144399427901079,0.12495503574609756,0.2418958914895818,0.0,0.0161290322580645,0.2,1.0
357663,mscoco,0.11408727187663317,0.32615543171942635,0.06269901571795344,0.30244639283975694,0.1,1.0,0.1,1.0
186171,mscoco,0.04215827360749245,0.12318707452234604,0.039177669864147904,0.1453124609679031,0.0,0.05,0.1,0.3333333333333333
386788,mscoco,0.08131660465151072,0.23703444067534468,0.054693204909563066,0.20112566806828064,0.1,0.5,0.0,0.0909090909090909
492363,mscoco,0.02854898003861308,0.09328130166269769,0.011340328212827443,0.03205846876282673,0.1,1.0,0.1,1.0
486547,mscoco,0.5283848948776722,0.7230976534469862,0.4613038271665573,0.6147039431902623,0.1,1.0,0.1,0.5
516570,mscoco,0.031201892206445335,0.13222521559998582,0.04815739002078771,0.15113829177379304,0.1,0.2,0.1,0.1
152662,mscoco,0.06983841322362423,0.199117545797801,0.19844966242089868,0.380673274181263,0.0,0.0277777777777777,0.0,0.037037037037037
415280,mscoco,0.08938155509531498,0.45297350404451253,0.0860160207375884,0.4486769253962962,0.1,1.0,0.1,1.0
397404,mscoco,0.09016888737678527,0.2156626573797707,0.1328011028468609,0.3841549968033303,0.0,0.0095238095238095,0.0,0.0526315789473684
488801,mscoco,0.4581497862935066,0.8660435779841765,0.5222368091344833,0.8436341944027625,0.7,1.0,0.8,1.0
544956,mscoco,0.007427434773853747,0.05079912146937535,0.006440024653420551,0.047354357474469505,0.1,1.0,0.1,1.0
576859,mscoco,0.11673974618315697,0.29926926281631255,0.11897620372474194,0.33699677914061726,0.1,0.2,0.0,0.0106382978723404
280370,mscoco,0.06459579118527473,0.17086135286674792,0.08211393123492598,0.21158942159983132,0.1,0.1666666666666666,0.1,0.1
310853,mscoco,0.11830652570351959,0.20063173205314397,0.13169607818126677,0.23415302265780014,0.1,0.2,0.2,0.5
363527,mscoco,0.12694940231740476,0.16934395726423587,0.09511984810233116,0.17650190853599557,0.1,0.5,0.2,1.0
47548,mscoco,0.04218559600412845,0.12919662269128754,0.04918517787009478,0.13545372022335392,0.2,1.0,0.2,0.5
542313,mscoco,0.11270662453025579,0.26697915384686216,0.27318336069583893,0.42045952850816454,0.2,0.3333333333333333,0.2,0.5
183386,mscoco,0.19923222362995147,0.37392808523357934,0.31474481523036957,0.4044070503498177,0.5,0.25,0.3,0.2
131101,mscoco,0.054498421493917704,0.20118514483942304,0.030714655108749867,0.12869692648677725,0.1,0.3333333333333333,0.4,1.0
130981,mscoco,0.16340930238366128,0.3497174446088114,0.23967868965119124,0.42825842229719685,0.1,0.1111111111111111,0.8,1.0
443547,mscoco,0.06618768461048603,0.15191533334002372,0.05480375168845057,0.20470993733567877,0.1,0.25,0.1,1.0
103978,mscoco,0.24936294741928577,0.5635268771988702,0.3832270473241806,0.5437734380326787,0.2,0.5,0.3,1.0
7669,mscoco,0.16681830808520318,0.4404452632234678,0.21406411454081536,0.41048231128916535,0.4,1.0,0.7,1.0
111245,mscoco,0.009498153056483716,0.044276020581936866,0.010464499192312359,0.054818279165098974,0.1,1.0,0.1,1.0
326948,mscoco,0.4535734631121159,0.6841296782477418,0.27634462267160415,0.6744744050151998,0.5,1.0,0.7,1.0
486807,mscoco,0.005341676190437283,0.027344272575807828,0.014972819278773386,0.04324601802489133,0.1,1.0,0.1,0.5
303652,mscoco,0.018633473420049996,0.06223495637123525,0.02530983347678557,0.0749246718621497,0.0,0.0044843049327354,0.1,1.0
173547,mscoco,0.11012246124446393,0.2928744688699527,0.12699322924017906,0.2847962375321212,0.6,1.0,0.6,1.0
325239,mscoco,0.014221746183466166,0.056884754522954745,0.01644356658216566,0.037948250247602226,0.1,0.125,0.0,0.037037037037037
353357,mscoco,0.034520021127536896,0.13319026146081936,0.020340056903660298,0.0815249864560394,0.1,0.1111111111111111,0.0,0.0105263157894736
426429,mscoco,0.09935121461749077,0.20218543094592026,0.05340451633092016,0.1410034454253198,0.2,0.3333333333333333,0.2,0.5
261207,mscoco,0.28916066139936447,0.6753218638672298,0.2524966850876808,0.6787043992050976,0.3,0.3333333333333333,0.2,0.1666666666666666
461506,mscoco,0.0328645246103406,0.11390064095914448,0.05496156979352236,0.14902573441845485,0.1,0.125,0.0,0.0909090909090909
44856,mscoco,0.127469627186656,0.27927410254982077,0.09105253890156746,0.3292422773120955,0.2,0.3333333333333333,0.2,0.5
180817,mscoco,0.010560773299221182,0.03689372776841495,0.007649219292216003,0.02665447998829619,0.1,0.5,0.1,0.1428571428571428
390435,mscoco,0.5120201326906682,0.8824030572895575,0.6048859640955925,0.8322594135095889,0.3,1.0,0.5,1.0
49648,mscoco,0.24870760105550288,0.4293163523500736,0.38299912214279175,0.4465678028884825,0.1,0.2,0.1,1.0
172498,mscoco,0.0453186429804191,0.10941821629476642,0.10834691198542715,0.24665514600361216,0.1,1.0,0.5,1.0
67126,mscoco,0.11537990253418684,0.17615741282127045,0.12699274762999266,0.2718161737659756,0.1,0.5,0.0,0.0769230769230769
478029,mscoco,0.35271929651498796,0.7581401240215323,0.3328745260834694,0.4747192661346213,0.1,0.2,0.1,1.0
508567,mscoco,0.12052820287644864,0.24499483208896583,0.1773093581199646,0.3876842118390591,0.2,0.2,0.8,0.5
81,drawbench,0.035442918771877885,0.13753784245705056,0.16076284572482108,0.24161401038503677,0.0,0.0232558139534883,0.0,0.027027027027027
109355,mscoco,0.14878441952168941,0.3602799012549826,0.20877592861652375,0.41260811857499813,0.0,0.0043668122270742,0.0,0.0333333333333333
48935,mscoco,0.29235065057873727,0.46980199909989867,0.24394499696791172,0.3798373001403493,0.2,1.0,0.3,0.25
84886,mscoco,0.11726372800767422,0.233035380564882,0.14128035642206668,0.343015988542223,0.0,0.05,0.4,1.0
217271,mscoco,0.26991361398249863,0.5765833848319132,0.37700836509466173,0.6520173016926099,0.1,0.5,0.2,1.0
480140,mscoco,0.001810769716394134,0.005756766269218087,0.001673560518247541,0.005790103060769593,0.0,0.0476190476190476,0.0,0.0357142857142857
327105,mscoco,0.12002428695559501,0.36009205824085894,0.26252749785780904,0.45043503430215376,0.2,1.0,0.5,0.2
55768,mscoco,0.15521418079733848,0.265981996152014,0.4568814396858215,0.7138307830684647,0.1,0.1,0.7,1.0
129030,mscoco,0.021452987496741117,0.12945620906579686,0.025173751544207333,0.1380968672363939,0.1,1.0,0.1,1.0
565387,mscoco,0.09183223787695169,0.2272695152695087,0.18658255124464632,0.4744335469283722,0.0,0.0666666666666666,0.1,0.5
553501,mscoco,0.009332369663752615,0.033558982218590626,0.008690804312936961,0.02318261572194296,0.1,0.1666666666666666,0.1,1.0
170193,mscoco,0.15463846125639974,0.3960682678941501,0.13357788198627532,0.3989254864256436,0.2,1.0,0.2,1.0
199,drawbench,0.0026570737711153923,0.006480856744852733,0.000493020805879496,0.0017787777992525758,0.0,0.0,0.0,0.0
65162,mscoco,0.2178479813039303,0.2951728498142388,0.12756074257194996,0.36370667997319467,0.1,0.5,0.1,0.3333333333333333
334542,mscoco,0.5846047252416611,0.6333643899212021,0.4327422738075256,0.7031316661511243,0.3,0.2,0.6,1.0
185559,mscoco,0.8577771544456482,0.9144375852401107,0.8758668065071106,0.9571100520132684,0.8,1.0,1.0,1.0
134066,mscoco,0.4849522188305855,0.6172339637923138,0.6203990548849105,0.7736780146576021,0.2,0.3333333333333333,0.2,0.25
19318,mscoco,0.3612744227051735,0.7289063828592356,0.6108602285385132,0.8228347525495693,0.2,1.0,0.2,1.0
122896,mscoco,0.11628097891807557,0.24509713235380573,0.27927483320236207,0.35172972099657807,0.2,0.1666666666666666,0.0,0.0909090909090909
484175,mscoco,0.08066663919016719,0.19077877024772344,0.12894433811306955,0.3595562271073183,0.0,0.0256410256410256,0.1,0.25
550049,mscoco,0.2727811887860298,0.5157868825648514,0.3730723798274994,0.7543856199719735,0.7,1.0,0.6,1.0
558966,mscoco,0.045693719573318956,0.23673515955008975,0.056288564763963225,0.16794705526609113,0.4,1.0,0.6,1.0
303177,mscoco,0.537905240058899,0.7923190048857529,0.4700410604476929,0.6697036407113166,0.0,0.0344827586206896,0.0,0.001727115716753
300047,mscoco,0.02528126137331128,0.08796558944532358,0.034460661094635726,0.11387669762513472,0.2,1.0,0.1,0.25
281977,mscoco,0.07899744203314185,0.23625444378129445,0.10658057667315006,0.4133815698770695,0.8,1.0,1.0,1.0
100169,mscoco,0.11522948518395423,0.2504784025145235,0.30939884632825854,0.5952829038563558,0.2,0.3333333333333333,0.3,1.0
35217,mscoco,0.029534669453278185,0.10825187613437251,0.04744339575991034,0.13644451170696145,0.1,0.5,0.0,0.0049019607843137
195863,mscoco,0.38216679766774175,0.6054065069962211,0.5326667785644531,0.5815060786221964,0.3,0.3333333333333333,0.6,0.5
55753,mscoco,0.002571390944649465,0.013377174697171748,0.0014660179294878617,0.004393102036914879,0.0,0.0119047619047619,0.0,0.0277777777777777
189504,mscoco,0.019021491846069695,0.06885658573070239,0.013017478736583144,0.06474686099544248,0.0,0.0175438596491228,0.1,1.0
257236,mscoco,0.07718781479634344,0.18184808910666347,0.10192776871845126,0.2193652497738486,0.0,0.02,0.1,0.2
15830,mscoco,0.07133729429915547,0.5607507806398327,0.07380073815584183,0.5600132684532061,0.1,1.0,0.1,1.0
382423,mscoco,0.1732453851029277,0.6304341165111264,0.14852846451103688,0.2856524311817807,0.1,1.0,0.2,1.0
182,drawbench,0.013107596233021468,0.049570038270343474,0.009211063093971461,0.02194813692751366,0.0,0.0,0.0,0.0
261431,mscoco,0.017358890839386732,0.08400985526951806,0.01834572706138715,0.0976034539589545,0.2,1.0,0.2,1.0
286021,mscoco,0.07472764784470201,0.21989637336938256,0.06721783345565199,0.14818610179440503,0.0,0.0909090909090909,0.0,0.037037037037037
179,drawbench,0.023855426441878082,0.09401882836043375,0.017029895778978243,0.06864477925300165,0.0,0.0,0.0,0.0
20145,mscoco,0.06633554915897548,0.15547661636297785,0.08397559896111488,0.31980044458662993,0.0,0.0909090909090909,0.0,0.0666666666666666
545274,mscoco,0.050497292168438436,0.19485358106820072,0.06721243467181921,0.2089837200500785,0.0,0.0526315789473684,0.2,1.0
93,drawbench,0.06012666122987866,0.24626949933489375,0.1297688666731119,0.31973313409198534,0.0,0.0003133813851457,0.0,0.0013586956521739
254726,mscoco,0.13013746291399003,0.2552424206142155,0.12374141849577427,0.2196909903698761,0.3,1.0,0.4,0.3333333333333333
182125,mscoco,0.15991924330592155,0.3106197230079488,0.24044519141316414,0.4473709857046306,0.1,0.1111111111111111,0.2,0.3333333333333333
46055,mscoco,0.05774837015196681,0.12113269233010658,0.030175791983492673,0.13503815693946214,0.0,0.027027027027027,0.1,1.0
336933,mscoco,0.06731455065310002,0.15219220978734999,0.11093070022761822,0.3036966012544008,0.0,0.0013717421124828,0.1,0.1
175597,mscoco,0.047345940954983234,0.13798023759474576,0.12776284888386727,0.23452503211849499,0.1,1.0,0.0,0.0303030303030303
370157,mscoco,0.008285073703154922,0.028254581469838076,0.013230528542771935,0.04529204302858271,0.0,0.0227272727272727,0.1,0.25
361356,mscoco,0.008546852570725605,0.02920507372817731,0.004684482858283445,0.022524890346419402,0.2,1.0,0.3,1.0
452806,mscoco,0.4852550782263279,0.5792608168210653,0.5851933151483536,0.8114249027614437,0.4,0.25,0.6,0.5
136,drawbench,0.05824873694218695,0.19643525001539466,0.010528916050679982,0.05562036310050751,0.0,7.48839299086416e-05,0.0,1.80446786242737e-05
191314,mscoco,0.028752897633239627,0.09533597148050721,0.031548271607607606,0.12851955365812848,0.1,0.5,0.1,1.0
26,drawbench,0.41213670670986174,0.7161481189815883,0.25484794229269025,0.4674892850113269,0.0,0.0,0.0,0.0
24414,mscoco,0.2454369492828846,0.5741579120442964,0.18415503520518542,0.5569837140898659,0.2,1.0,0.5,1.0
499634,mscoco,0.02421785667538643,0.07767019247570608,0.029548061452805995,0.08779091924425361,0.0,0.037037037037037,0.0,0.0121951219512195
13482,mscoco,0.09024192951619625,0.38040082752859605,0.048539433348923924,0.2591029499056198,0.1,1.0,0.1,1.0
267861,mscoco,0.1323394280858338,0.23510352541272514,0.17039246689528226,0.5660782426344964,0.1,0.1666666666666666,0.1,1.0
498967,mscoco,0.09641040563583374,0.23549499140881439,0.20468989312648772,0.3898411979969193,0.3,0.3333333333333333,0.2,1.0
247979,mscoco,0.0006864291655801936,0.004447079500142909,0.0008593857848609332,0.004407540039712409,0.1,1.0,0.1,1.0
438196,mscoco,0.11027434207499028,0.3483211996939969,0.12603824790567159,0.2103667705910295,0.3,1.0,0.3,1.0
230700,mscoco,0.21303433775901795,0.5262116790418069,0.23969847187399865,0.4447470220638737,0.0,0.0076335877862595,0.0,0.0909090909090909
22660,mscoco,0.03787254800554365,0.24438355590223093,0.044404020579531786,0.14776760793281385,0.3,1.0,0.3,1.0
227982,mscoco,0.028598519088700414,0.08176631475079463,0.02359947650693357,0.062379594406854366,0.1,0.25,0.2,0.5
134807,mscoco,0.020572550990618766,0.09568978944425566,0.017794333526398986,0.0845804338075606,0.1,1.0,0.1,1.0
209788,mscoco,0.05341543946415186,0.14716013709382034,0.17477694600820542,0.37242160023159465,0.0,0.0263157894736842,0.0,0.02
139518,mscoco,0.03064455958083272,0.09777804991910465,0.04066923372447491,0.12356189615387034,0.0,0.0454545454545454,0.1,0.25
232625,mscoco,0.08329507037997246,0.18722826611450477,0.09197525102645158,0.3000334881106053,0.0,0.0303030303030303,0.2,0.25
423875,mscoco,0.004390322670224123,0.012448428837540578,0.002893882498028688,0.012374186095771851,0.1,1.0,0.1,1.0
87878,mscoco,0.11627778615802527,0.24734822967819906,0.08477371837943792,0.23439237898795437,0.0,0.0416666666666666,0.1,0.5
55,drawbench,0.01714105694554746,0.0473152186447771,0.00904625963885337,0.02856874762357186,0.0,0.0,0.0,0.0
315273,mscoco,0.17505466416478158,0.2623718709172671,0.2862632729113102,0.6578643813142122,0.3,1.0,0.5,0.5
118968,mscoco,0.08131637489423156,0.21229800579331226,0.09138052091002465,0.18713945900648507,0.1,0.5,0.0,0.0714285714285714
426459,mscoco,0.2711097978055477,0.5238732333087451,0.17975089624524115,0.31208104783913254,0.3,0.2,0.1,0.1
310695,mscoco,0.033275398123078045,0.15962368609526867,0.029828232491854578,0.08902886669171158,0.1,1.0,0.3,1.0
266912,mscoco,0.2887696336954832,0.4338441207963849,0.23974632620811462,0.7596324610769373,0.1,0.5,0.1,1.0
70187,mscoco,0.08048527594655752,0.21890710014167508,0.14474484752863645,0.3775474296807826,0.1,0.5,0.1,1.0
75352,mscoco,0.2553942769765854,0.46570515484943276,0.3802934944629669,0.558477887740797,0.2,0.5,0.5,0.5
485187,mscoco,0.03644011404830962,0.12569406316840645,0.02690846484620124,0.11479354465380831,0.3,0.25,0.3,1.0
446310,mscoco,0.1562602326273918,0.3225621307574957,0.2698347121477127,0.5021980137930278,0.0,0.0416666666666666,0.6,1.0
172702,mscoco,0.056520421989262104,0.24430222275784286,0.0609212975949049,0.2238934166147515,0.1,1.0,0.1,1.0
41838,mscoco,0.29802884012460706,0.7206494741939319,0.43466569632291796,0.7163737196471855,0.8,1.0,1.0,1.0
348083,mscoco,0.02433661320246756,0.06727535744091094,0.03299505007453263,0.1474327599428538,0.1,0.1111111111111111,0.1,0.2
465198,mscoco,0.10530303455889226,0.272702437594169,0.26574486270546915,0.5213212405242644,0.0,0.0454545454545454,0.1,1.0
458123,mscoco,0.4393778368830681,0.6791067418586741,0.3778690084815025,0.4039481948346606,0.1,0.2,0.3,1.0
215558,mscoco,0.22112675830721856,0.4915342697658052,0.25788662433624265,0.7440493969449796,0.0,0.0769230769230769,0.4,1.0
201019,mscoco,0.16745867170393466,0.3014310123140186,0.41470063254237177,0.42353172032777964,0.2,0.1428571428571428,0.9,0.5
153921,mscoco,0.11211978094652295,0.3251168269562654,0.2994739800691605,0.4624619540360298,0.1,0.2,0.1,0.1428571428571428
345389,mscoco,0.0013648465661390218,0.003070271196815805,0.0005717646814446198,0.004616327553061069,0.1,0.1111111111111111,0.1,1.0
359066,mscoco,0.06687929524341599,0.28146944961898535,0.0854268910130486,0.23167983754370966,0.1,1.0,0.2,0.25
22102,mscoco,0.09949244596064091,0.24178864214736304,0.17250951379537582,0.3554073205186017,0.7,1.0,0.9,1.0
194419,mscoco,0.2610426314175129,0.37569028953759154,0.2424865186214447,0.47600069389540156,0.5,0.5,0.5,1.0
391053,mscoco,0.08608152614906431,0.25987093194449024,0.0771700837649405,0.19638650620160267,0.1,0.25,0.0,0.0033783783783783
20171,mscoco,0.24582474008202554,0.4682635451929502,0.22800842076539993,0.4199679530325883,0.3,1.0,0.7,1.0
538001,mscoco,0.24961171969771384,0.49049160734477326,0.37218950390815736,0.4722562116713894,0.0,0.0095238095238095,0.0,0.0024570024570024
575490,mscoco,0.06314689661376179,0.13563380257377933,0.1384591743350029,0.33462629045833436,0.2,0.5,0.7,0.3333333333333333
75427,mscoco,0.09063640609383583,0.2483078762279715,0.09812580291181802,0.27143643407651696,0.1,1.0,0.1,0.5
510564,mscoco,0.050208703987300395,0.1522019807242606,0.12798073403537275,0.4081273017414396,0.0,0.0454545454545454,0.1,0.5
58117,mscoco,0.043707013875246045,0.1518241589507366,0.07686055544763803,0.22412233384113128,0.1,0.5,0.1,0.1666666666666666
294416,mscoco,0.16398893166333436,0.3612809453708926,0.34171574339270594,0.7740530580465865,0.0,0.0416666666666666,0.3,1.0
525176,mscoco,0.20118065662682055,0.4081319503190974,0.2581582896411419,0.4892813635970035,0.0,0.0133333333333333,0.0,0.0588235294117647
316522,mscoco,0.038445359456818554,0.3292743092629398,0.04921524442033842,0.11416975076699239,0.1,1.0,0.1,0.2
198832,mscoco,0.09913682863116265,0.228306987652256,0.2072707161307335,0.42738926991113635,0.0,0.0113636363636363,0.0,0.0294117647058823
378022,mscoco,0.02113431543111801,0.05662516100993593,0.049719639541581276,0.11972404062142995,0.1,0.25,0.3,1.0
306037,mscoco,0.07638940038159489,0.19156512658943795,0.052304025273770094,0.2920448922852525,0.0,0.0333333333333333,0.1,1.0
51021,mscoco,0.26348394379019735,0.473313601480844,0.3410553574562073,0.6119641043646877,0.4,1.0,0.8,1.0
225392,mscoco,0.012367236730642616,0.038613574216825056,0.024220872763544322,0.09605763854192197,0.0,0.0232558139534883,0.3,0.3333333333333333
543490,mscoco,0.13104362413287163,0.365995394572557,0.16650579422712325,0.2881661651751402,0.2,1.0,0.4,0.5
305117,mscoco,0.018360031256452202,0.0813704387399622,0.04049032926559448,0.16415561468364837,0.0,0.0192307692307692,0.1,1.0
519387,mscoco,0.01529674325720407,0.0555685757998998,0.01888005007058382,0.1080935913989533,0.0,0.00177304964539,0.0,0.0192307692307692
98501,mscoco,0.14321249234490097,0.43107345079287,0.19235446378588678,0.4726550840075708,0.1,0.1111111111111111,0.0,0.0120481927710843
249791,mscoco,0.05915102995932102,0.1680971433654771,0.10401032930240035,0.23270980825442145,0.1,0.3333333333333333,0.0,0.0147058823529411
327664,mscoco,0.2503756705671549,0.38028937459627066,0.4144379645586014,0.6390771036705861,0.1,0.25,0.2,1.0
22,drawbench,0.0008993736264528707,0.003156348340755245,0.0013707744656130672,0.008344767797701684,0.0,0.0,0.0,0.0
225654,mscoco,0.010743799584452063,0.04561130428023565,0.023113972670398653,0.1434771828907117,0.0,0.0384615384615384,0.1,1.0
47700,mscoco,0.20519187487661839,0.5431707013748945,0.22542138770222664,0.335882314449294,0.3,0.5,0.2,0.2
77159,mscoco,0.11805911026895047,0.23546769938034948,0.19276922307908534,0.380536547244047,0.1,0.1111111111111111,0.3,1.0
501773,mscoco,0.11028004065155983,0.31595565396633085,0.0854709418490529,0.28845093108610265,0.1,1.0,0.1,1.0
355137,mscoco,0.4499507829546928,0.7386249229192278,0.49085147976875304,0.6652965675143124,0.1,0.2,0.4,1.0
476055,mscoco,0.0886173628270626,0.17975640151994188,0.12377198524773121,0.34957248331013596,0.1,0.1666666666666666,0.2,0.5
446898,mscoco,0.07160410545766353,0.17206471249546398,0.2278341192752123,0.4768097759945955,0.2,1.0,0.5,1.0
336645,mscoco,0.18130105510354041,0.33301189711734946,0.22641256600618362,0.4976751195261625,0.2,1.0,0.4,0.3333333333333333
57242,mscoco,0.09103420060127973,0.2882235160432227,0.09501581881195306,0.47887367627454747,0.1,0.5,0.1,1.0
137178,mscoco,0.3285896196961403,0.5102843334146735,0.3205902248620987,0.5462288494674942,0.4,0.5,0.4,1.0
113113,mscoco,0.13231852371245623,0.3031897694273435,0.2688156086951494,0.7049031317702004,0.6,1.0,0.5,1.0
403028,mscoco,0.27557898238301276,0.3607625534722227,0.2840579435229301,0.43969240340228627,0.1,0.1111111111111111,0.1,1.0
346795,mscoco,0.044842740916647014,0.1255209642001358,0.026981251128017903,0.09032804368031766,0.1,0.1,0.0,0.0909090909090909
145682,mscoco,0.25610613021999595,0.3622051013225429,0.08900362341664732,0.18065776883780696,0.1,0.1111111111111111,0.0,0.0163934426229508
418791,mscoco,0.009820950077846646,0.03993371414509313,0.012622821028344333,0.05795874236909788,0.0,0.0833333333333333,0.1,1.0
107838,mscoco,0.21191535191610456,0.48879698056878396,0.2750795163214207,0.5878697194842113,0.2,1.0,0.5,1.0
149577,mscoco,0.13894268460571765,0.7829356527817533,0.23270212165080012,0.8011890387977926,0.1,1.0,0.1,1.0
10,drawbench,0.12594908457249404,0.4906077629833987,0.0471207947935909,0.16198485056283818,0.0,0.0,0.0,0.0
544614,mscoco,0.7157741785049438,0.9050354501530038,0.7757753729820251,0.8753350587306091,0.9,1.0,1.0,1.0
419150,mscoco,0.2922873141244054,0.5167009786867872,0.3112651456147432,0.7576302933629931,0.1,0.1666666666666666,0.2,1.0
496783,mscoco,0.06901655856054276,0.2690413594857153,0.07952928729355335,0.26271677600824384,0.2,1.0,0.2,1.0
195062,mscoco,0.48253030702471733,0.6791946896661759,0.4767626240849495,0.7390954303537732,0.1,0.1111111111111111,0.6,1.0
183481,mscoco,0.22343752942979336,0.40830882568264426,0.2781181298196316,0.40602817968091215,0.7,0.5,0.7,1.0
495288,mscoco,0.16567046605050564,0.43600596047628154,0.24772725440561771,0.43630739919342965,0.0,0.0416666666666666,0.1,1.0
162,drawbench,0.007787449180614203,0.027866191161697636,0.012661591457435862,0.06502271286962946,0.0,0.0,0.0,0.0
99321,mscoco,0.28347600866109135,0.45132331323407654,0.26325391717255114,0.5775728801493055,0.6,0.5,1.0,1.0
502637,mscoco,0.12411189042031764,0.22968770403879266,0.10397515948861838,0.26297898880021947,0.4,0.3333333333333333,0.7,1.0
136458,mscoco,0.08230135384947061,0.2817115258960324,0.12271554563194513,0.2406933907291859,0.1,0.5,0.1,0.3333333333333333
113333,mscoco,0.1459887683391571,0.31284612815229235,0.19811906330287457,0.3739019670647333,0.3,0.5,0.1,1.0
473448,mscoco,0.1428367890417576,0.5040527510981428,0.17188913598656655,0.35642805897661917,0.3,1.0,0.0,0.05
450598,mscoco,0.49407919868826866,0.7194644853509505,0.5266204327344894,0.7852087757296791,0.4,1.0,0.9,1.0
474157,mscoco,0.18301165848970413,0.3881083994677316,0.2805285833775997,0.4705306963851694,0.1,0.1111111111111111,0.2,1.0
74499,mscoco,0.019724250258877873,0.09768157242409667,0.03156826114282012,0.13225072400793522,0.1,1.0,0.2,1.0
107610,mscoco,0.7274015188217163,0.8764063306910723,0.7428422510623932,0.8946126207460394,0.4,1.0,0.6,0.5
200959,mscoco,0.22376882135868073,0.5802394358394789,0.3757990822196007,0.6650236396764266,0.3,1.0,0.7,1.0
463430,mscoco,0.09174878923222422,0.3493499535816695,0.05149344932287932,0.13502021334839995,0.0,0.0123456790123456,0.0,0.0085470085470085
512509,mscoco,0.045039621135219934,0.13899272171222823,0.07936203647404909,0.2352635894385922,0.2,0.5,0.1,0.5
458921,mscoco,0.009456904605031013,0.02669821381605447,0.009627553808968514,0.02706905905213934,0.0,0.025,0.1,1.0
282667,mscoco,0.021656968002207577,0.13849741877094326,0.027059097803430632,0.15108097622894823,0.1,0.3333333333333333,0.1,0.5
448771,mscoco,0.015393440751358867,0.06182703980693243,0.028897048346698283,0.08467888338060445,0.0,0.0196078431372549,0.0,0.05
293598,mscoco,0.6605851411819458,0.7991623185287157,0.7224027633666992,0.8247980608388865,0.7,1.0,0.8,1.0
541193,mscoco,0.06106646228581667,0.24792105021249836,0.0703671645373106,0.25054218001252054,0.0,0.0666666666666666,0.0,0.0588235294117647
356569,mscoco,0.12672784943133591,0.20795080605452307,0.09200545325875283,0.23828262807067163,0.1,0.125,0.0,0.0714285714285714
334513,mscoco,0.21126822903752326,0.3058243000099026,0.3278279140591621,0.5554131895494795,0.1,0.1111111111111111,0.6,1.0
430167,mscoco,0.0730856093694456,0.2855330808960371,0.16809620540589093,0.7397686098309213,0.0,0.025,0.0,0.032258064516129
513125,mscoco,0.4015854179859161,0.509708975372972,0.42801270037889483,0.6863056236488504,0.1,0.1428571428571428,0.2,0.3333333333333333
356257,mscoco,0.02981287183938548,0.17346808701248667,0.06000863511580974,0.17019368479158248,0.1,1.0,0.1,0.25
364010,mscoco,0.03079434232786298,0.11597247322996054,0.04241043291985989,0.10980980740205978,0.1,0.25,0.1,1.0
148542,mscoco,0.19222502503544092,0.3703756511552549,0.149175713211298,0.31904071097431175,0.0,0.0526315789473684,0.0,0.037037037037037
82405,mscoco,0.1725962098687887,0.38666566145223935,0.14546516127884387,0.4464144319386009,0.7,1.0,0.4,1.0
70755,mscoco,0.033753407350741324,0.08715958395155961,0.05464915642514825,0.1819333674030505,0.1,0.1666666666666666,0.1,1.0
118927,mscoco,0.055957548320293427,0.22836685450013589,0.052074881829321386,0.2221857983411171,0.1,1.0,0.1,0.3333333333333333
508915,mscoco,0.026205959473736586,0.09233996925908937,0.06234440137632191,0.20395811786264995,0.2,0.3333333333333333,0.1,0.2
491739,mscoco,0.29193720892071723,0.4141148781503782,0.2481767550110817,0.6526230474367023,0.0,0.0147058823529411,0.1,0.3333333333333333
147546,mscoco,0.06963696666061878,0.22234840292586697,0.11068864054977894,0.2507502107346753,0.5,0.3333333333333333,0.3,0.5
262213,mscoco,0.33186727166175845,0.4874881027637694,0.4339220583438873,0.6220415992607035,0.9,0.5,0.7,1.0
415728,mscoco,0.050876709865406156,0.1687983715763776,0.049981392361223696,0.24272933582143347,0.5,1.0,0.5,1.0
506873,mscoco,0.2933918237686157,0.5326055389054176,0.28571094796061514,0.6579437045584812,0.6,1.0,0.7,1.0
538210,mscoco,0.14022572208195924,0.2085531741409829,0.3144568117335439,0.36823921951878824,0.2,0.2,0.6,0.5
581127,mscoco,0.04862765436992049,0.13680118855692797,0.051533745042979716,0.13212758640256334,0.0,0.0185185185185185,0.1,0.5
110013,mscoco,0.050416971929371356,0.11878494793615112,0.019597030035220085,0.07749419856980425,0.3,1.0,0.3,1.0
502286,mscoco,0.08325605969876052,0.27241539684686816,0.05607436317950487,0.22040012651007057,0.0,0.04,0.1,0.5
99425,mscoco,0.23559867441654206,0.4569686813290035,0.3258764646947384,0.39465169458313387,0.1,0.125,0.4,1.0
103042,mscoco,0.29433225467801094,0.5048573846275948,0.4238534986972809,0.6249459185498757,0.3,1.0,0.7,0.5
360440,mscoco,0.043680973793379964,0.352314601252318,0.03739741191966459,0.3451316522996841,0.1,1.0,0.1,1.0
409668,mscoco,0.33803650811314584,0.6541245234313353,0.36363652274012565,0.6587350657596867,0.9,1.0,0.9,1.0
421639,mscoco,0.011889495479408652,0.03873549611936075,0.02541675167158246,0.07612699093741393,0.0,0.0526315789473684,0.1,0.1111111111111111
277717,mscoco,0.013849267456680536,0.07863685773638981,0.011298876372165978,0.07090104175020362,0.1,1.0,0.1,1.0
113851,mscoco,0.056122214160859586,0.1652285579102346,0.031761462707072495,0.12881737141173003,0.6,0.5,0.4,1.0
380100,mscoco,0.34485300332307817,0.46902071786622573,0.5353101924061775,0.5228632127792353,0.3,1.0,0.7,1.0
68601,mscoco,0.19132628999650478,0.44479891714234826,0.23691124767065047,0.6356127324336925,0.1,0.5,0.2,0.125
82229,mscoco,0.17939395308494568,0.3449798499054458,0.20074040293693543,0.38146861714097396,0.0,0.0909090909090909,0.0,0.0185185185185185
263462,mscoco,0.10235124602913856,0.289779855119253,0.15467041432857515,0.39713673309222797,0.2,0.1666666666666666,0.4,0.5
352495,mscoco,0.030163380410522224,0.07847078177243255,0.03499762881547212,0.08723003701348465,0.5,1.0,0.6,0.5
64339,mscoco,0.09194699116051197,0.2029888294626924,0.0653275492368266,0.18859270066633807,0.1,1.0,0.1,0.3333333333333333
11156,mscoco,0.010679298057220876,0.04018696159060978,0.00829458689549938,0.03244585747266882,0.1,0.5,0.1,1.0
334872,mscoco,0.45198437198996544,0.7403081231258655,0.5128535807132721,0.5987002290790074,0.3,0.3333333333333333,0.4,0.5
477820,mscoco,0.20965660884976386,0.5308559364028237,0.2643080115318298,0.4228088205045387,0.3,0.25,0.2,0.5
283884,mscoco,0.194488837569952,0.4627052997857411,0.4227982111275196,0.5349549737032078,0.4,0.3333333333333333,0.6,0.5
418868,mscoco,0.011178721487522126,0.03940866380687659,0.03811760487733409,0.1148535943466297,0.1,0.25,0.2,1.0
350309,mscoco,0.23985119834542273,0.43002934526755493,0.23343233838677407,0.3279601444133526,0.2,0.3333333333333333,0.1,0.25
14537,mscoco,0.04188749297754839,0.15495595559581843,0.03608442960539833,0.16389740303154957,0.1,0.5,0.1,1.0
575040,mscoco,0.0618098103441298,0.2719911532943284,0.013619434618158266,0.06452522982989607,0.0,0.006578947368421,0.0,0.0018115942028985
449455,mscoco,0.17764512524008752,0.3357930161975747,0.2033529631793499,0.4364920843659808,0.9,1.0,0.6,1.0
211686,mscoco,0.1987873785197735,0.4951282920015382,0.19322116989642382,0.5051358985200965,0.1,1.0,0.1,1.0
154745,mscoco,0.29762077108025553,0.39693127511297266,0.46393985003232957,0.7403132509661869,0.1,0.25,0.2,0.25
152084,mscoco,0.2444479361176491,0.4430079890497781,0.23722712639719248,0.37060944332636025,0.1,0.1666666666666666,0.1,1.0
536390,mscoco,0.2841916140168905,0.5139201951683237,0.30501921474933624,0.49583550701440826,0.0,0.0666666666666666,0.3,0.3333333333333333
235906,mscoco,0.13397936187684537,0.25513205378134124,0.09104579277336597,0.2286647830878903,0.5,1.0,0.3,1.0
526126,mscoco,0.06680912356823683,0.20704162974301227,0.0971280012279749,0.3212256856710304,0.0,0.037037037037037,0.2,1.0
3711,mscoco,0.08082164209336043,0.20175067413962397,0.07512464430183172,0.20043644734848937,0.3,0.1666666666666666,0.2,1.0
275938,mscoco,0.47130386233329774,0.6964608135179025,0.6287298381328583,0.816110291828672,0.5,1.0,0.9,1.0
180130,mscoco,0.6473454743623733,0.8897648676852306,0.780385646224022,0.9491890843239907,0.5,1.0,0.7,1.0
401037,mscoco,0.04595459033735096,0.1200397406775869,0.022068430110812186,0.0895762915448754,0.0,0.0178571428571428,0.1,1.0
348816,mscoco,0.17679895485052838,0.43343320536861496,0.11853061211295426,0.3957140535558822,0.3,1.0,0.2,1.0
358300,mscoco,0.2849329851567745,0.8014505080641756,0.2610056668519974,0.552495928797762,0.1,1.0,0.0,0.0588235294117647
226577,mscoco,0.32793407021090387,0.33440841453550085,0.18352914424613118,0.52044443650634,0.5,0.5,0.3,0.5
425100,mscoco,0.1325824273750186,0.22733997205177212,0.16358123403042554,0.33029391602744523,0.1,0.1666666666666666,0.1,0.2
11184,mscoco,0.027408436685800553,0.06491293007319916,0.047223248472437265,0.1312769060527819,0.0,0.0434782608695652,0.0,0.03125
391972,mscoco,0.010343119583558292,0.035331382641211245,0.008375557966064661,0.03098142779044432,0.1,0.5,0.0,0.0714285714285714
578072,mscoco,0.16872038645669818,0.42013189538476053,0.11856696694158017,0.43216489891300586,0.2,1.0,0.1,1.0
558798,mscoco,0.11992847071960569,0.24595341929024458,0.08588534948648885,0.4562696690127385,0.1,0.25,0.0,0.0181818181818181
353559,mscoco,0.03292066929861903,0.1042360182657382,0.030046606063842775,0.13928068921179315,0.3,0.2,0.3,0.5
291117,mscoco,0.19965348914265632,0.35851357043729565,0.2440902218222618,0.5348175112568679,0.0,0.0769230769230769,0.6,1.0
372201,mscoco,0.06607240540906786,0.2155248539076402,0.11045641824603081,0.24850191273151706,0.0,0.0303030303030303,0.2,0.1666666666666666
204085,mscoco,0.11000035237520933,0.28548543251321024,0.12549581415951253,0.2839252347294859,0.6,1.0,0.6,1.0
218965,mscoco,0.206924157589674,0.7060848741739809,0.20918226819485425,0.7042820899802804,0.2,1.0,0.2,1.0
343012,mscoco,0.014954939589370043,0.03637346176310327,0.012482627818826586,0.02949428811511105,0.1,1.0,0.1,0.25
271941,mscoco,0.08676500227302313,0.2273725173665621,0.05744880698621273,0.19003002061042795,0.1,0.1666666666666666,0.2,0.5
230141,mscoco,0.09246529110241682,0.31533040711883653,0.1942261790856719,0.406102244989362,0.1,0.25,0.1,0.2
58232,mscoco,0.3312271051108837,0.6279871153226272,0.3482968693599105,0.3367192602971572,0.0,0.0434782608695652,0.0,0.0303030303030303
175437,mscoco,0.025727672246284784,0.06619530446969756,0.033659661374986174,0.11676085595140522,0.1,0.5,0.0,0.0175438596491228
541010,mscoco,0.38109729140996934,0.37820873372571845,0.5015240252017975,0.6460102870250558,0.1,0.5,0.1,0.1666666666666666
140,drawbench,0.07325276518240571,0.37528898474467287,0.023800703603774308,0.12128011871534498,0.0,0.0,0.0,0.0
170558,mscoco,0.11759311612695456,0.28063297296826883,0.06343962574610487,0.22646410400661052,0.1,0.3333333333333333,0.2,0.3333333333333333
148267,mscoco,0.3792973019182682,0.8309670055166261,0.35671986639499664,0.815629414316704,0.1,1.0,0.1,1.0
531896,mscoco,0.06137781664729118,0.1559481410669502,0.09455732852220536,0.24106891662903435,0.0,0.0769230769230769,0.1,1.0
153620,mscoco,0.09059413056820631,0.22628333057018088,0.07334109675139189,0.16974638735043274,0.1,0.125,0.1,0.25
450,mscoco,0.31274382323026656,0.5450762869251884,0.5170307368040085,0.6798132947163862,0.2,1.0,0.3,0.3333333333333333
186605,mscoco,0.052025526948273185,0.17804298354035927,0.04327637981623411,0.17216261305443387,0.1,1.0,0.1,0.25
188845,mscoco,0.018034693086519837,0.05883300634013274,0.05329155940562487,0.1353713723457963,0.0,0.0039682539682539,0.0,0.0333333333333333
442400,mscoco,0.005307988720596768,0.024341797687186795,0.005079504949389957,0.02094003523718228,0.0,0.0416666666666666,0.1,0.25
493416,mscoco,0.03912288545398042,0.14270970524813303,0.027986414565930318,0.11073917289170777,0.0,0.0069444444444444,0.1,0.5
239532,mscoco,0.27626748494803904,0.4711332412282392,0.2738864339888096,0.6517411985231779,0.0,0.0263157894736842,0.1,1.0
5862,mscoco,0.07001897562295198,0.1876493184104705,0.08324834648519755,0.2211383850634028,0.1,0.1428571428571428,0.3,1.0
194744,mscoco,0.2594404939562082,0.5070257680824837,0.1907966583967209,0.34344850644120745,0.1,0.5,0.2,0.1428571428571428
570512,mscoco,0.007276320573873818,0.01933420502662092,0.0032230617856839673,0.01730040235115269,0.0,0.0666666666666666,0.1,1.0
18191,mscoco,0.0018915998080046847,0.009411001381690823,0.0017258069079616688,0.007902802691491292,0.1,0.1666666666666666,0.0,0.0833333333333333
346093,mscoco,0.25600240007042885,0.41623956586186844,0.3337015062570572,0.6129667472198564,0.3,0.3333333333333333,0.3,1.0
549978,mscoco,0.1637017462402582,0.30904455986390755,0.17545289248228074,0.36392060339603705,0.0,0.0833333333333333,0.3,0.5
114468,mscoco,0.07515666615217924,0.2050804420276004,0.10306734442710877,0.3066100911900745,0.1,0.5,0.2,1.0
45490,mscoco,0.07611264078877866,0.3193350636966319,0.06939947556238621,0.2353527387497206,0.1,0.25,0.1,1.0
99701,mscoco,0.17604631185531616,0.3579028204956833,0.14103251323103905,0.2568301851877733,0.2,0.5,0.2,0.1666666666666666
228336,mscoco,0.23957017213106155,0.5365424572242685,0.33899229392409325,0.5413597902683713,0.0,0.0625,0.3,0.5
442148,mscoco,0.15780619056895376,0.3991445631892684,0.1645267172716558,0.36945950489402074,0.3,1.0,0.2,1.0
155,drawbench,0.0053677955340390325,0.019172803256729806,0.002949982136487961,0.007129209203583497,0.0,4.697702823319397e-05,0.0,0.000124254473161
539287,mscoco,0.06675600465387106,0.15247755149335318,0.2911869749426842,0.5832032042858518,0.0,0.0588235294117647,0.6,1.0
151466,mscoco,0.01809061490930617,0.11862071724429564,0.08539357278496026,0.2958721863726238,0.1,1.0,0.3,0.25
329908,mscoco,0.22714590653777122,0.5310150233942149,0.23686324059963226,0.39488427940027704,0.2,0.3333333333333333,0.4,0.3333333333333333
384986,mscoco,0.08890864886343479,0.2826296750670532,0.09543827027082444,0.23576703044934502,0.0,0.0068493150684931,0.0,0.0111111111111111
444801,mscoco,0.20186628140509127,0.2712915825934965,0.3337929844856262,0.46532958353164794,0.1,0.125,0.5,0.5
223875,mscoco,0.05559907294809818,0.14948971257724675,0.06534306807443499,0.23752178583427824,0.0,0.04,0.1,1.0
84493,mscoco,0.05386853460222483,0.14396129249442274,0.049592656828463075,0.13282571069708543,0.4,1.0,0.4,1.0
484206,mscoco,0.2160355731844902,0.3268813254503869,0.1915587492287159,0.30644188694231816,0.1,0.3333333333333333,0.2,1.0
223869,mscoco,0.14998391047120094,0.2478989326483113,0.15922704432159662,0.24080092442809733,0.3,0.5,0.5,1.0
13800,mscoco,0.11015300080180168,0.1617482120821186,0.14291455075144768,0.2705796682151845,0.2,0.1428571428571428,0.2,0.3333333333333333
62250,mscoco,0.04328437140211463,0.20220157371514338,0.05276356767863035,0.17705617565657333,0.1,0.5,0.2,0.3333333333333333
401092,mscoco,0.08465989772230387,0.24446495779957045,0.09325645957142115,0.20904088063573623,0.4,0.5,0.2,0.125
407626,mscoco,0.02914652315666899,0.09401703270720908,0.009813669859431684,0.027726764610921006,0.1,0.3333333333333333,0.0,0.0083333333333333
479866,mscoco,0.21922156307846308,0.6376265916152106,0.40395421609282495,0.742931207767633,0.5,1.0,0.5,0.5
579247,mscoco,0.0780022686929442,0.35763676721245974,0.06806583246216177,0.2960772716819978,0.3,1.0,0.4,1.0
432832,mscoco,0.021181423426605762,0.05448079488306344,0.017806002614088358,0.13017061919062636,0.3,0.3333333333333333,0.4,1.0
297695,mscoco,0.00742293216753751,0.02413947438686604,0.012153457489330322,0.03915982680671727,0.1,0.1,0.1,1.0
440793,mscoco,0.09901473261415958,0.3301933731750252,0.28600805550813674,0.5779957487640621,0.1,1.0,0.1,1.0
484338,mscoco,0.0864629726856947,0.2319218244822848,0.10452966615557671,0.26846126160638134,0.1,0.1111111111111111,0.4,0.1428571428571428
28654,mscoco,0.18687993809580802,0.33474702862789946,0.1723535180091858,0.3388983593180327,0.2,0.5,0.0,0.0227272727272727
372580,mscoco,0.008222708175890148,0.02787927533734225,0.01919646793976426,0.06759476769467064,0.0,0.0222222222222222,0.0,0.0227272727272727
53802,mscoco,0.05004756511189044,0.1485798245834945,0.04033561293035746,0.12104821020527157,0.1,1.0,0.1,1.0
72792,mscoco,0.09626603382639587,0.2860823145514113,0.16964809000492095,0.27276761072929123,0.0,0.0263157894736842,0.0,0.0333333333333333
185844,mscoco,0.22483819061890245,0.45212730365410103,0.27593856416642665,0.6851576795801989,0.1,0.1666666666666666,0.3,1.0
355347,mscoco,0.23238431364297868,0.39505924980820906,0.34012746140360833,0.4396223687177862,0.3,0.2,0.3,0.5
55237,mscoco,0.10251044444739818,0.36575948942551345,0.1532232374767773,0.24117638083088774,0.0,0.0344827586206896,0.0,0.0454545454545454
167910,mscoco,0.03758326768875122,0.1522151383481652,0.029423499666154384,0.08138300632611147,0.1,0.5,0.0,0.0166666666666666
398527,mscoco,0.17959262877702714,0.48483609158895835,0.195547154545784,0.4960963331574782,0.2,1.0,0.5,1.0
484666,mscoco,0.06988181620836258,0.13748821189928173,0.042711527366191146,0.1333968182721594,0.1,0.5,0.1,1.0
399461,mscoco,0.12728003072552382,0.393024323962997,0.10341621823608875,0.2522257151374069,0.1,0.5,0.2,1.0
71220,mscoco,0.11750690117478371,0.2284349873821004,0.22957638837397099,0.677845098831298,0.1,0.1666666666666666,0.7,1.0
430391,mscoco,0.2679549612104893,0.4240729866691969,0.29417865350842476,0.5380010107172049,0.6,1.0,0.4,1.0
81166,mscoco,0.11951439715921879,0.2843536239862839,0.24915620535612107,0.4347762892011544,0.0,0.0769230769230769,0.2,0.5
11690,mscoco,0.13627666030079127,0.28261598023254086,0.3154526125639677,0.6769787144541359,0.3,0.5,0.6,1.0
74570,mscoco,0.10635696556419134,0.3387526180755819,0.15713973864912986,0.31024457589566856,0.7,0.5,0.7,1.0
495609,mscoco,0.17768953312188387,0.39985991693621126,0.23362840712070465,0.7273437185125952,0.1,0.125,0.1,1.0
286874,mscoco,0.1223968394100666,0.29287222023415177,0.17072668001055719,0.31917556071906633,0.1,0.3333333333333333,0.1,1.0
310562,mscoco,0.46909853592514994,0.6803492030627929,0.40750028006732464,0.6263666109129192,0.7,1.0,0.6,1.0
49946,mscoco,0.1516815736889839,0.33514795545327436,0.1456726413220167,0.39072500627799556,0.1,1.0,0.1,1.0
546114,mscoco,0.12584106344729662,0.46976749742219964,0.14157681539654732,0.336350168891911,0.4,1.0,0.5,0.5
229052,mscoco,0.008396527951117606,0.03009164339654028,0.006770884071011096,0.023825167716717936,0.1,1.0,0.1,0.3333333333333333
218294,mscoco,0.1302824841812253,0.40120474416118423,0.14780985340476036,0.44565818635511184,0.1,1.0,0.3,1.0
262235,mscoco,0.42591133415699006,0.6321494086247178,0.5067357525229454,0.5221085579108741,0.6,1.0,1.0,1.0
53229,mscoco,0.010233340295962989,0.06299676591988279,0.01496581572573632,0.04097488989997354,0.3,1.0,0.8,0.5
447209,mscoco,0.04113211301155388,0.10412284049133626,0.0410077104344964,0.14566893174260354,0.2,1.0,0.1,0.3333333333333333
166096,mscoco,0.3241143494844437,0.4719551510684237,0.3800837337970734,0.5989324344838974,0.3,0.25,0.2,0.2
70363,mscoco,0.018326198658905925,0.06486005865163581,0.028960243752226233,0.0640714894990969,0.0,0.03125,0.1,0.1111111111111111
23355,mscoco,0.022570901561994105,0.10187170246320666,0.024514355650171637,0.10745356773530272,0.1,1.0,0.1,1.0
269886,mscoco,0.015386063000187277,0.05736814295347852,0.01802238617092371,0.04986153587837029,0.0,0.0185185185185185,0.2,0.125
237445,mscoco,0.009204185951966792,0.052583235240427274,0.04292238124180585,0.12847610670395984,0.0,0.0769230769230769,0.4,1.0
63835,mscoco,0.3139609403908253,0.4861601219187144,0.4359937772154808,0.49049823554624794,0.5,1.0,0.9,1.0
272255,mscoco,0.3949103817343712,0.5101094789200676,0.45303351879119874,0.6892935599524544,0.5,0.3333333333333333,0.3,1.0
373414,mscoco,0.14230215474963187,0.397462245548369,0.2312324677594006,0.40440080823093955,0.1,0.1111111111111111,0.5,1.0
466827,mscoco,0.3444447636604309,0.5983253249687914,0.42960740327835084,0.611503291684397,0.4,1.0,0.7,0.5
506026,mscoco,0.009793760522734373,0.04084049554464127,0.012782488588709385,0.04521499275996444,0.1,0.25,0.1,1.0
262145,mscoco,0.03679019259288907,0.15067692260558552,0.057850719336420296,0.21897879121249458,0.1,1.0,0.4,1.0
40210,mscoco,0.2038036420941353,0.4183366343977652,0.27091619446873666,0.46792600160973974,0.1,1.0,0.1,0.3333333333333333
281652,mscoco,0.05928328242152929,0.22589641053096063,0.04831028832122684,0.2077065432775156,0.2,1.0,0.2,1.0
280808,mscoco,0.3349136896431446,0.6620918715585312,0.38801767975091933,0.6789641896661134,0.0,0.05,0.2,0.1666666666666666
244549,mscoco,0.34367798566818236,0.5605784222222879,0.39729705154895784,0.6288177822818106,0.1,0.25,0.2,1.0
179504,mscoco,0.014315370400436223,0.06364194841731197,0.014214803329377902,0.04884786984425188,0.0,0.0769230769230769,0.1,0.1428571428571428
177353,mscoco,0.01681899600662291,0.07548757922366865,0.019263061345554888,0.06833717878990304,0.1,1.0,0.1,1.0
298830,mscoco,0.3148537438362837,0.8193742859384873,0.428816956281662,0.6690924648295196,0.1,1.0,0.3,0.5
126182,mscoco,0.04000906571745873,0.11380391642260597,0.08355727344751358,0.24738022053111344,0.0,0.0208333333333333,0.1,0.125
112904,mscoco,0.02182460930198431,0.08776184510847479,0.02679809886030853,0.07069796911913875,0.0,0.0555555555555555,0.1,0.1666666666666666
211080,mscoco,0.06566514531150461,0.15964549255270957,0.10089261308312417,0.2909371387853607,0.0,0.027027027027027,0.5,1.0
526729,mscoco,0.346442323923111,0.4710817891982609,0.3598900556564331,0.5152504818627529,0.2,0.25,0.1,0.1666666666666666
474180,mscoco,0.11373818607535213,0.36375892903792695,0.06381156542338431,0.28538069965988966,0.1,0.5,0.1,1.0
466083,mscoco,0.06674685664474964,0.22242352306031227,0.08130067307502031,0.2119120226086816,0.0,0.05,0.0,0.0285714285714285
154,drawbench,0.010321703122463078,0.031343449158560854,0.008276913680310827,0.03929455449343349,0.0,0.0,0.0,0.0
183805,mscoco,0.09191590286791325,0.23243453468838413,0.07637372463941575,0.32374124393049875,0.1,0.1,0.0,0.0263157894736842
185571,mscoco,0.022003490012139082,0.06787033062672389,0.02430867395596579,0.0889835984961594,0.1,0.5,0.1,1.0
27471,mscoco,0.25072008520364764,0.47800070633078295,0.4328325465321541,0.48258554839143175,0.3,1.0,0.2,0.5
21504,mscoco,0.023000601062085478,0.1238970977469802,0.03605259136529639,0.0963930677387577,0.1,1.0,0.1,0.1111111111111111
422676,mscoco,0.12684002406895162,0.6308319853107612,0.14226446393877268,0.3734311032760557,0.1,1.0,0.1,0.5
452930,mscoco,0.16850447691977025,0.3790849217990681,0.18503523878753186,0.254576603733324,0.0,0.0625,0.2,0.3333333333333333
473500,mscoco,0.22684046104550362,0.45075518391088476,0.1450646109879017,0.46626416815983207,0.1,0.5,0.1,0.1428571428571428
32708,mscoco,0.0796580214984715,0.19095207570436673,0.18309961035847663,0.5462609978636178,0.2,0.1666666666666666,0.4,1.0
578255,mscoco,0.18229270707815887,0.48578453569905583,0.3306905493140221,0.6316558015157432,0.1,0.3333333333333333,0.1,1.0
249792,mscoco,0.026127876003738493,0.1390544001454349,0.026174012618139387,0.13580152455764985,0.1,1.0,0.1,1.0
188795,mscoco,0.1976908316835761,0.3545337697100338,0.27135296165943146,0.4701156810139912,0.3,1.0,0.5,0.3333333333333333
299205,mscoco,0.00119503628811799,0.006124433262584746,0.0016665853763697669,0.00827926155523236,0.1,1.0,0.2,1.0
404406,mscoco,0.04132943235163111,0.16306124745211048,0.04300965201109648,0.1193039308435647,0.1,1.0,0.1,1.0
145690,mscoco,0.11475746352225542,0.4629368810097073,0.14021777547895908,0.5149748402790785,0.0,0.0277777777777777,0.1,1.0
400332,mscoco,0.23157632984220983,0.4585169138215585,0.312276578694582,0.7346467264139077,0.2,0.25,0.2,1.0
202810,mscoco,0.20433268547058106,0.3959829910835723,0.21026035398244858,0.3181731616337019,0.2,0.2,0.1,0.125
52,drawbench,0.01741245148004964,0.04553487937056045,0.03253536229021847,0.07112042144619632,0.0,0.0,0.0,0.0
225700,mscoco,0.1864634070545435,0.4559666773835407,0.2567299783229828,0.531525943271799,0.1,0.1428571428571428,0.2,0.25
273106,mscoco,0.1001089938916266,0.210658365482946,0.17796166185289622,0.33948882671763025,0.0,0.0263157894736842,0.0,0.0588235294117647
394840,mscoco,0.018923286080826072,0.07724709755576781,0.02678815615363419,0.1004695846869065,0.1,1.0,0.2,1.0
323810,mscoco,0.28156814761459825,0.5683804741317672,0.2164572924375534,0.5407946994023658,0.5,1.0,0.5,1.0
174892,mscoco,0.21049903221428395,0.4379247270503714,0.1811134159564972,0.3766626285469722,0.4,0.1428571428571428,0.2,0.1666666666666666
365507,mscoco,0.3592607989907265,0.4540624182043817,0.44954267144203186,0.5903442359014147,0.4,0.25,0.7,1.0
531963,mscoco,0.023378641158342362,0.0857864024294441,0.08320888951420784,0.24679239624604712,0.0,0.0555555555555555,0.1,0.1428571428571428
214127,mscoco,0.16992697585374117,0.4273576417089245,0.26038723159581423,0.4981572329007058,0.2,0.3333333333333333,0.2,0.1111111111111111
230991,mscoco,0.30248526521027086,0.5182530361209069,0.3416956812143326,0.4162180729595669,0.1,1.0,0.6,1.0
552962,mscoco,0.09461300242692232,0.25960062915286175,0.14277059398591518,0.27514943721322915,0.1,1.0,0.1,0.1111111111111111
534565,mscoco,0.30324180275201795,0.44971083269600826,0.3419668197631836,0.5024719421530816,0.8,1.0,0.7,1.0
423647,mscoco,0.11610143668949605,0.24752570477974126,0.12536856587976217,0.3864552573355367,0.2,0.1666666666666666,0.3,0.5
48,drawbench,0.022488910576794297,0.07189510312626196,0.0301008022390306,0.09151736112352363,0.0,0.0,0.0,0.0
50480,mscoco,0.07097482334356756,0.13184119272643519,0.057165581919252875,0.19748722796964088,0.0,0.0089285714285714,0.1,0.125
138768,mscoco,0.1831791840493679,0.47724020842944753,0.25741912350058554,0.603474636628686,0.2,0.5,0.1,0.25
480482,mscoco,0.083743308018893,0.19645141108345576,0.08862228076905013,0.33209346789519156,0.1,0.5,0.1,0.5
150024,mscoco,0.09369651107117534,0.32358295233121204,0.097881671320647,0.5730889517762849,0.2,0.5,0.2,1.0
94793,mscoco,0.031555420719087124,0.10874058786721563,0.05188897605985403,0.16718099922420285,0.0,0.04,0.2,1.0
378313,mscoco,0.004636478336760774,0.01962334153327489,0.014173056464642286,0.056361796786353835,0.0,0.0021231422505307,0.1,1.0
504921,mscoco,0.7258779585361481,0.9457032142530679,0.7358037412166596,0.9311029887206134,1.0,1.0,1.0,1.0
292116,mscoco,0.10591613312717527,0.36999460266491224,0.17136079967021942,0.4225314883263166,0.0,0.0084033613445378,0.1,1.0
109012,mscoco,0.3618589863181114,0.6187771507169978,0.3800094619393349,0.5217722694935554,0.4,1.0,0.8,0.5
504657,mscoco,0.20622993297874928,0.3464339383630337,0.5778266519308091,0.7945624051052398,0.2,0.1428571428571428,0.9,1.0
72850,mscoco,0.17260553389787675,0.40683930574733257,0.16237510424107313,0.25223929679304025,0.0,0.0434782608695652,0.4,1.0
273316,mscoco,0.18890298455953597,0.6034137650262063,0.2682489424943924,0.7042532573255184,0.3,1.0,0.3,1.0
354261,mscoco,0.02339411951834336,0.06255550187373897,0.013441716559464112,0.05369991605362748,0.0,0.0909090909090909,0.0,0.0833333333333333
54437,mscoco,0.4381180390715599,0.6661370812927214,0.4402202874422073,0.535336983937254,0.5,1.0,0.1,0.1666666666666666
249251,mscoco,0.09770891144871711,0.19576891566232346,0.18292059404775501,0.2705433475564112,0.2,0.5,0.1,0.5
99747,mscoco,0.047783865686506034,0.122669930025333,0.05647357078269124,0.13284000152443853,0.6,0.5,0.6,1.0
23976,mscoco,0.2887683272361755,0.40944710702694354,0.22591052316129207,0.364042781455647,0.1,0.3333333333333333,0.3,0.2
295295,mscoco,0.4678006641566753,0.7491497386105217,0.5078808441758156,0.5512784589021484,0.3,0.25,0.4,0.3333333333333333
32712,mscoco,0.28328259512782095,0.31873185521192704,0.426596587896347,0.5206270028814461,0.0,0.0625,0.1,0.125
4616,mscoco,0.00766566346574109,0.0306221206842687,0.014494326245039702,0.048565797510399036,0.1,0.5,0.1,1.0
529096,mscoco,0.21096948459744452,0.5902575919852066,0.18977636620402336,0.5553372918655773,0.1,1.0,0.2,1.0
537349,mscoco,0.07709570853039623,0.1440259784983148,0.07188303032889962,0.269303926638605,0.0,0.0625,0.0,0.0434782608695652
367853,mscoco,0.19801878985017538,0.43119607887203537,0.24931727424263955,0.44633290481173554,0.2,1.0,0.5,1.0
323231,mscoco,0.06701528797857463,0.1582818737503303,0.05879785465076566,0.170129116770286,0.0,0.003076923076923,0.1,0.125
385317,mscoco,0.20930517464876175,0.39903315188300725,0.11113880500197411,0.24712557669051988,0.3,0.3333333333333333,0.1,1.0
284192,mscoco,0.1349131653085351,0.3087062106783069,0.13331371573731304,0.39414109410332326,0.1,1.0,0.1,1.0
384790,mscoco,0.22431460693478583,0.4506230988759234,0.204789437353611,0.5942292512416406,0.0,0.0769230769230769,0.0,0.0384615384615384
237758,mscoco,0.23166277259588242,0.4570679180051258,0.17748232781887055,0.37529166876865777,0.4,1.0,0.5,0.25
201134,mscoco,0.0942785348277539,0.762475498908483,0.10967189781367778,0.42075872857105057,0.1,1.0,0.1,0.5
33,drawbench,0.03471982022165321,0.179201786864945,0.01654533588443883,0.04681742464125389,0.0,0.0,0.0,0.0
220118,mscoco,0.184578587859869,0.39596193676046576,0.17803631946444512,0.3637360307893732,0.0,0.0169491525423728,0.1,1.0
182118,mscoco,0.007554799946956336,0.02417661059028804,0.007975614740280435,0.02481539764100988,0.0,0.0076923076923076,0.1,1.0
101569,mscoco,0.18361459225416182,0.4458499128681826,0.2586573362350464,0.3381197730422874,0.2,1.0,0.3,0.5
111754,mscoco,0.38926492519676686,0.42520658704940456,0.503668674826622,0.5750360664191309,0.2,0.2,0.8,1.0
209920,mscoco,0.11420410480350256,0.27076100446992674,0.08614400196820497,0.29507480385609075,0.0,0.0333333333333333,0.1,0.1666666666666666
534426,mscoco,0.06660163681954145,0.3046116059373812,0.0731198327615857,0.22247715744558558,0.1,0.125,0.4,0.5
165298,mscoco,0.0393556957365945,0.1622385960987907,0.02394712809473276,0.06993817930247131,0.1,0.1666666666666666,0.0,0.0833333333333333
289007,mscoco,0.03732328182086349,0.11710694461258506,0.08031765753403305,0.2150559873522498,0.0,0.0625,0.1,1.0
11796,mscoco,0.08038828847929835,0.13245349604282614,0.043997885193675756,0.1601889908537875,0.1,0.5,0.1,1.0
537135,mscoco,0.14103663451969622,0.520500516582403,0.0617411132901907,0.29958359543563184,0.1,0.5,0.2,1.0
120977,mscoco,0.03420041846111417,0.0935593668250371,0.03092154267942533,0.12123167305110116,0.1,0.5,0.1,0.25
259103,mscoco,0.10421323422342539,0.18963147008934514,0.04702163925394416,0.14551547836365653,0.0,0.0357142857142857,0.1,0.5
49073,mscoco,0.33737216517329216,0.6348076195173704,0.35604087859392164,0.6188591236624491,0.0,0.00074294205052,0.0,0.0049261083743842
387855,mscoco,0.03153975224122405,0.10754423297567568,0.030796270305290818,0.14736032888850847,0.0,0.0050251256281407,0.1,0.5
252549,mscoco,0.06833182880654931,0.22282532296353483,0.0619644271209836,0.26499609472099855,0.1,0.25,0.1,0.5
506232,mscoco,0.22757446803152562,0.512580050032124,0.24414897114038467,0.4877300491326295,0.1,1.0,0.4,1.0
178876,mscoco,0.4198603451251984,0.5626429123147828,0.4390533357858658,0.5472943361585947,0.1,0.1,0.1,1.0
98709,mscoco,0.06092461161315441,0.15178424435730747,0.09146245252341031,0.2758923528838818,0.2,0.3333333333333333,0.5,1.0
83328,mscoco,0.09393436159007251,0.28624886348385803,0.21920640990138054,0.6196903454565974,0.1,0.1,0.2,1.0
467180,mscoco,0.008250023727305234,0.0353571111545913,0.047062259074300526,0.13214757038935346,0.2,1.0,0.0,0.0833333333333333
362244,mscoco,0.09257610440254212,0.3045913044305613,0.08075879663228988,0.19372105418450025,0.3,1.0,0.1,0.1428571428571428
382182,mscoco,0.165834291651845,0.2650288260084141,0.17081071119755506,0.5749196969502746,0.2,0.3333333333333333,0.3,1.0
79545,mscoco,0.08138974644243717,0.19109639842385115,0.115348981320858,0.32851989963608813,0.0,0.0909090909090909,0.2,0.1666666666666666
516233,mscoco,0.0029456635733367876,0.012859477430734569,0.003037893903820077,0.019440345092550337,0.1,0.3333333333333333,0.1,1.0
544127,mscoco,0.15473575368523598,0.32231453676305627,0.14796288534998894,0.3537303304352972,0.1,0.5,0.1,0.1428571428571428
97734,mscoco,0.05736407758668065,0.13313242453396437,0.057023347914218904,0.15870563421873424,0.2,0.5,0.4,1.0
29752,mscoco,0.10154286460019649,0.18738931037751755,0.17831661887466907,0.32614837096089927,0.1,0.5,0.1,1.0
412491,mscoco,0.02136164838448167,0.06933583755343484,0.012939893058501184,0.046150795112412504,0.1,0.3333333333333333,0.0,0.0526315789473684
111,drawbench,0.15371089726686477,0.4091497190830978,0.22549424953758718,0.41765030643150397,0.1,0.3333333333333333,0.0,0.0052910052910052
354929,mscoco,0.015580426203086972,0.03903718547539554,0.014060296351090074,0.05595311327024396,0.1,0.25,0.1,1.0
558242,mscoco,0.11813901625573635,0.31124608360821315,0.1560158386826515,0.26447100410874164,0.0,0.0416666666666666,0.1,0.25
462129,mscoco,0.05192000502720475,0.1611639234499743,0.05139550659805536,0.1472548325519554,0.0,0.0065359477124183,0.0,0.0555555555555555
462925,mscoco,0.19384217038750648,0.6153337615010706,0.27149763852357867,0.7890577195527615,0.3,0.5,0.3,1.0
45343,mscoco,0.05421257365960628,0.1803582901278368,0.028865828877314925,0.1514386042591277,0.1,1.0,0.1,1.0
538299,mscoco,0.08591724769212306,0.26581685871701344,0.0618005346506834,0.1345853306411217,0.1,1.0,0.2,0.2
245002,mscoco,0.39536785185337064,0.5229082913683905,0.5491260290145874,0.6986916020783372,0.6,0.3333333333333333,0.9,1.0
259414,mscoco,0.07633924819529056,0.22514315448832362,0.06240901993587613,0.2157505945868026,0.0,0.0131578947368421,0.0,0.0147058823529411
130314,mscoco,0.02487003223504871,0.16086958348902602,0.026168208662420513,0.16665363235145406,0.1,1.0,0.1,1.0
544120,mscoco,0.06523106088861823,0.19857017561770535,0.037972030532546344,0.22300186664891786,0.0,0.0062111801242236,0.0,0.04
196510,mscoco,0.06371892085298896,0.23113547953162195,0.0667690587695688,0.22085293768428904,0.0,0.0172413793103448,0.0,0.0333333333333333
226197,mscoco,0.08388164481148123,0.20819776234391307,0.1611226785928011,0.3053788594559553,0.0,0.05,0.2,0.2
500568,mscoco,0.08810142050497234,0.2776659986344406,0.10959169617854059,0.4422730953948612,0.1,0.125,0.1,1.0
351149,mscoco,0.13135762549936772,0.3342894838150912,0.11081080101430416,0.30886066664558004,0.0,0.0416666666666666,0.0,0.0769230769230769
298600,mscoco,0.03187967878766358,0.06976966610742251,0.04270045822486281,0.1475842347210776,0.0,0.024390243902439,0.3,1.0
434027,mscoco,0.3733018830418587,0.5629254000346847,0.4483949229121208,0.5649187435727051,0.0,0.037037037037037,0.2,1.0
116851,mscoco,0.05544276516884565,0.15577187671578863,0.08097785636782646,0.27401042904908307,0.4,1.0,0.5,1.0
364567,mscoco,0.3805270839482546,0.7271824215887281,0.5663896888494492,0.6876953919045946,0.2,0.3333333333333333,0.6,1.0
363957,mscoco,0.07910151276737451,0.2197443889017457,0.0650456877425313,0.16927169730118055,0.8,1.0,0.9,1.0
568974,mscoco,0.0030199196364264934,0.015135855760265814,0.008168356731766835,0.022487962749700274,0.0,0.0059523809523809,0.1,1.0
223739,mscoco,0.03680336421821266,0.13749616048086244,0.05556836831383407,0.21594501774458025,0.0,0.0588235294117647,0.0,0.0833333333333333
59171,mscoco,0.42593061476945876,0.8057780243362955,0.6192220255732537,0.783788646468232,0.7,1.0,0.9,1.0
521218,mscoco,0.20325851012021304,0.4294906765849456,0.24695423431694508,0.3686612295521216,0.4,1.0,0.8,1.0
367329,mscoco,0.07834700625389815,0.1817515179487533,0.10612465254962444,0.30680366947271437,0.1,0.25,0.4,1.0
352061,mscoco,0.05097315367311239,0.192499438518581,0.07309260182082652,0.16005736389973735,0.2,0.125,0.2,1.0
484636,mscoco,0.15032893139868975,0.47947923175564827,0.1059360945597291,0.18065323271786352,0.1,0.1428571428571428,0.1,1.0
264461,mscoco,0.051963597815483806,0.13683623456128902,0.13277387181296946,0.34423469843574944,0.0,0.0085470085470085,0.0,0.0384615384615384
148165,mscoco,0.0057921538013033565,0.04537360845277581,0.013960526371374727,0.06774264215035361,0.1,1.0,0.0,0.024390243902439
429593,mscoco,0.03789297321345657,0.07116456014007042,0.04344883193261921,0.13765672014455332,0.1,0.5,0.1,1.0
15757,mscoco,0.18437188118696213,0.4067271699754906,0.2688321966677904,0.5344119352672824,0.0,0.0153846153846153,0.1,0.1111111111111111
37032,mscoco,0.024422601540572943,0.10006798875209101,0.22517565935850142,0.41728211833416773,0.0,0.0769230769230769,0.9,1.0
99515,mscoco,0.07851127255707979,0.2957104492517785,0.10061771683394909,0.3524373535681199,0.0,0.0022573363431151,0.0,0.0769230769230769
501624,mscoco,0.52710589915514,0.665368341871035,0.5714834421873093,0.734718059714552,0.7,1.0,0.8,1.0
91780,mscoco,0.2184758596122265,0.5081229388816162,0.2576815843582153,0.5076417153538908,0.1,0.5,0.1,0.5
473195,mscoco,0.06512264357879757,0.1830470000576694,0.07318066116422414,0.2535320108684315,0.0,0.0010111223458038,0.0,0.0059171597633136
200241,mscoco,0.034239527955651286,0.14454190878251355,0.02527251639403403,0.13608113332204105,0.1,1.0,0.1,1.0
20966,mscoco,0.22104922235012053,0.3798446688547409,0.22083459794521332,0.5424861928634602,0.4,0.25,0.5,1.0
477005,mscoco,0.3597201511263847,0.5807861228521561,0.32467793226242064,0.5743168309832698,0.4,0.5,0.6,1.0
568281,mscoco,0.022616876242682337,0.05744311915722703,0.0676641536410898,0.3240172990634865,0.1,0.25,0.1,0.1428571428571428
289075,mscoco,0.07545179214794188,0.27068517411103216,0.1761293187737465,0.3445354879057431,0.1,1.0,0.1,1.0
315211,mscoco,0.010173479164950549,0.06376044253912157,0.011039394978433847,0.05553444333540858,0.1,1.0,0.1,1.0
370763,mscoco,0.08556318879127503,0.3303683984663922,0.11802376341074705,0.3296965924657647,0.1,1.0,0.4,1.0
245337,mscoco,0.0639380507171154,0.22788472961480763,0.1066942822188139,0.1926346885459806,0.3,1.0,0.2,0.5
359085,mscoco,0.033748525485862046,0.14652038678583548,0.02608786050695926,0.1249069948422267,0.1,1.0,0.1,1.0
151956,mscoco,0.05804158495739102,0.30940722830254574,0.07439548554830253,0.151735150497257,0.2,0.3333333333333333,0.2,1.0
442666,mscoco,0.03278833581134677,0.11463949605855735,0.021407059114426374,0.07542627244649552,0.0,0.0833333333333333,0.1,0.1111111111111111
139214,mscoco,0.13529606647789477,0.2469155889035713,0.12486988194286823,0.2017358471344086,0.2,0.1666666666666666,0.2,0.5
112586,mscoco,0.16865482535213233,0.4393607533339771,0.1638158295303583,0.3469195038757756,0.6,1.0,0.3,1.0
277080,mscoco,0.4313259406015277,0.8460633818170837,0.4551637038588524,0.8118456625261175,0.5,0.5,0.4,0.5
497261,mscoco,0.07796242646872997,0.21497912045206582,0.07923278454691171,0.1691118818219311,0.0,0.032258064516129,0.0,0.024390243902439
421314,mscoco,0.2552516980096698,0.27381363204034986,0.3517260253429413,0.4626856699009004,0.3,0.1428571428571428,0.1,1.0
9288,mscoco,0.25346093252301216,0.5597230500065377,0.2628447458148003,0.7953016727999863,0.7,1.0,0.6,1.0
249587,mscoco,0.13564694486558437,0.25328952436884483,0.26689415574073794,0.43405467477889925,0.2,0.5,0.3,0.25
169179,mscoco,0.18085151724517345,0.28117692020080337,0.3002186790108681,0.37889695799465345,0.2,0.1111111111111111,0.4,0.2
446521,mscoco,0.05951405931264162,0.1930911774286558,0.10516132153570652,0.4176944575067639,0.0,0.0109890109890109,0.0,0.05
203098,mscoco,0.022375224973075092,0.08649589394433668,0.0322909427806735,0.09875372723905435,0.6,1.0,1.0,1.0
83102,mscoco,0.13505571633577346,0.5946530982953793,0.11506264172494411,0.3705174654903901,0.1,0.1428571428571428,0.0,0.0909090909090909
105,drawbench,0.09734518704935909,0.21206171177530572,0.23126451149582863,0.4135418031723396,0.0,0.0175438596491228,0.0,0.0769230769230769
254989,mscoco,0.08342373203486204,0.19883693660509083,0.1578866545110941,0.3213448550585389,0.3,0.25,0.4,1.0
474528,mscoco,0.043205208447761836,0.14846902855429372,0.03413131106644869,0.09593299219287434,0.1,0.125,0.1,0.25
523546,mscoco,0.06602601206395775,0.43870692102134085,0.06678842157125472,0.4190212038045733,0.1,1.0,0.1,1.0
371256,mscoco,0.022138414857909083,0.09321677986873297,0.011864131549373269,0.04419945998572615,0.2,1.0,0.1,0.25
444453,mscoco,0.06691628913395106,0.3818147226719495,0.062328736542258414,0.37308713853363196,0.1,1.0,0.1,1.0
127515,mscoco,0.15592914037406444,0.33520595280978144,0.12097284980118275,0.26844994896961594,0.0,0.015625,0.0,0.0909090909090909
15667,mscoco,0.5711685150861741,0.7428434805200299,0.631456258893013,0.8020496263161964,0.5,0.5,0.8,1.0
525851,mscoco,0.09592876425012946,0.2924368875651879,0.06460713127162307,0.27530011207021593,0.7,1.0,0.4,1.0
63777,mscoco,0.06834746378008276,0.1387553792999488,0.10503609403967858,0.25762032815093067,0.1,1.0,0.1,0.125
247422,mscoco,0.0708085326710716,0.21582527670303586,0.03024146850220859,0.10056625999748338,0.2,0.5,0.1,1.0
227724,mscoco,0.023155068792402745,0.07100974296214214,0.020883279992267488,0.054793425378940726,0.0,0.0344827586206896,0.1,0.1428571428571428
419828,mscoco,0.0074265376842959085,0.046037135689916985,0.005111489143018844,0.040362506104188026,0.1,1.0,0.1,1.0
123166,mscoco,0.23263070140965283,0.3648397530225146,0.2618564285337925,0.45824241858716436,0.0,0.0285714285714285,0.1,0.5
146236,mscoco,0.01733107374748215,0.034751216374568634,0.015866490174084903,0.05152104556909723,0.1,0.1111111111111111,0.1,0.25
264406,mscoco,0.3140158772468567,0.7183877128392417,0.18502040356397628,0.5393040387629331,0.2,0.5,0.2,1.0
311709,mscoco,0.14239367321133614,0.25136029912259356,0.1569553181529045,0.3474893472423657,0.1,1.0,0.5,1.0
54086,mscoco,0.11195401437580585,0.2631752827113171,0.10180674716830254,0.35187064852972,0.0,0.015625,0.0,0.0042918454935622
124729,mscoco,0.18606851808726788,0.4792187372025256,0.16402828320860863,0.4169174798217059,0.9,1.0,0.8,1.0
521334,mscoco,0.03454685595352203,0.1263000073194526,0.0362889863550663,0.09849954429391813,0.1,0.25,0.1,0.5
400309,mscoco,0.01404175884090364,0.05363561068804345,0.02076666699722409,0.07291765432586096,0.0,0.0625,0.1,1.0
385601,mscoco,0.19048582017421722,0.3189916740964093,0.23686388991773127,0.3139514190646997,0.4,0.5,0.5,1.0
39978,mscoco,0.36069089621305467,0.6049505452618347,0.271113808453083,0.3823167118870315,0.3,0.25,0.3,1.0
444949,mscoco,0.26760308593511584,0.6409113808996524,0.21104457341134547,0.3863610811336172,0.1,0.3333333333333333,0.1,0.2
428178,mscoco,0.08701021037995815,0.3055552816504405,0.03829343989491463,0.1293344179603858,0.0,0.0069930069930069,0.0,0.0131578947368421
120416,mscoco,0.2817528687417507,0.4371467572834231,0.24726989567279817,0.5377679823057403,0.6,1.0,0.8,1.0
52281,mscoco,0.18367694206535817,0.31745248911956375,0.3117721199989319,0.42889461258381734,0.1,0.125,0.2,0.3333333333333333
187592,mscoco,0.13585594911128282,0.3523070241816478,0.12198749426752328,0.36572826976513245,0.2,0.25,0.3,1.0
98478,mscoco,0.0029001557850278914,0.011894098996759882,0.006389365595532581,0.024750804028785277,0.1,0.1428571428571428,0.1,1.0
471599,mscoco,0.1185259260237217,0.20984855339303393,0.09562471522949637,0.25255230608892476,0.1,0.1666666666666666,0.2,1.0
136232,mscoco,0.03425533003173768,0.11334480528464236,0.08415219523012638,0.17237216445992393,0.0,0.0555555555555555,0.0,0.0833333333333333
270740,mscoco,0.3218772504478693,0.468143221114412,0.4358908161520958,0.5697057537114785,0.1,1.0,0.5,0.3333333333333333
310536,mscoco,0.4583088904619217,0.6957943651950887,0.6867551177740097,0.9233710882403052,0.2,1.0,0.4,0.5
469515,mscoco,0.005390239536063745,0.018961941311530714,0.010396557248895988,0.031448647565535885,0.0,0.0032051282051282,0.1,0.3333333333333333
251252,mscoco,0.10969457710161805,0.2109118134084793,0.13919863067567348,0.3845515586182451,0.2,0.2,0.4,1.0
560646,mscoco,0.2308853179216385,0.399520091450807,0.2619975179433823,0.4147429955460297,0.6,1.0,1.0,1.0
36029,mscoco,0.1413628462702036,0.3418006899638085,0.15057924529537559,0.46307929214953086,0.1,0.5,0.1,1.0
302216,mscoco,0.2994452305138111,0.5795098820697282,0.46121345907449723,0.7099543253827438,0.1,0.3333333333333333,0.3,1.0
178156,mscoco,0.1294386688619852,0.3362457723077104,0.08031858149915934,0.1587504088677161,0.0,0.0022573363431151,0.0,0.0135135135135135
535604,mscoco,0.22512844018638134,0.442119201359655,0.1896355576813221,0.3566936239990051,0.6,1.0,0.3,0.5
462577,mscoco,0.23807720318436623,0.3663959490689229,0.3142140030860901,0.5590595375288931,0.0,0.0666666666666666,0.4,0.5
360585,mscoco,0.2859691917896271,0.4431381321981547,0.2800543621182442,0.4346009148847791,0.4,0.25,0.6,0.5
336764,mscoco,0.06446416787803173,0.18624218780123447,0.04936593398451805,0.1802262579899496,0.0,0.0128205128205128,0.1,0.1111111111111111
277237,mscoco,0.027084763953462244,0.11279678928831213,0.03190283281728625,0.09019455101700186,0.1,0.1666666666666666,0.2,0.5
11326,mscoco,0.110071569820866,0.3026009720840278,0.10959163010120392,0.46764383717129115,0.1,0.5,0.1,1.0
243443,mscoco,0.04308656146749854,0.12088969962771853,0.03490970078855753,0.1115169990780899,0.2,0.1666666666666666,0.3,0.25
97724,mscoco,0.12380638383328915,0.374995382625093,0.21527488008141518,0.3695595753543934,0.0,0.0555555555555555,0.3,0.5
248753,mscoco,0.047163355816155675,0.15866246069083298,0.05126661187969148,0.2997184953447342,0.0,0.0277777777777777,0.0,0.0095238095238095
331676,mscoco,0.12005144825670869,0.19703083078840758,0.420391745865345,0.8935739504146065,0.0,0.0217391304347826,0.1,1.0
169500,mscoco,0.06994272731244564,0.37429581149123514,0.07315563913434744,0.1730177173696036,0.1,0.125,0.2,1.0
475035,mscoco,0.1292347392067313,0.4076668660991344,0.1339725986123085,0.27942095975423664,0.2,0.1428571428571428,0.3,0.3333333333333333
383923,mscoco,0.3473448246717453,0.4114874815200264,0.3323809687048197,0.6084578197198021,0.4,0.2,0.4,1.0
330229,mscoco,0.05472309952601791,0.14907197830125202,0.09803019752725958,0.21702997033468593,0.0,0.0476190476190476,0.3,1.0
259421,mscoco,0.11637594578787684,0.4651543464957436,0.2009244866669178,0.38885186614953926,0.1,1.0,0.1,0.2
453558,mscoco,0.07466019578278064,0.23886149792102,0.10245811641216278,0.29317744631892734,0.1,0.1428571428571428,0.1,1.0
47632,mscoco,0.04968369966372847,0.14560942169837035,0.04401161652058363,0.12342761162003635,0.0,0.0909090909090909,0.1,0.5
556406,mscoco,0.17549391463398933,0.3504636697804345,0.2645482875406742,0.48134402113328767,0.4,1.0,0.4,0.3333333333333333
205563,mscoco,0.30381970256567004,0.3837180258332064,0.3065938025712967,0.5891670860387549,0.5,0.25,0.2,1.0
358287,mscoco,0.14867877401411533,0.31520906631352535,0.10685677165165544,0.23308811288801104,0.1,0.1428571428571428,0.3,0.5
172727,mscoco,0.2090950921177864,0.5389195535434097,0.21839492712169886,0.532296787506555,0.1,1.0,0.1,1.0
274148,mscoco,0.1070981090888381,0.31172879166574696,0.15683425962924957,0.37479957759571314,0.0,0.0147058823529411,0.2,0.125
395957,mscoco,0.03869911748915911,0.10036821657371287,0.04983456507325172,0.14602627144281807,0.0,0.0555555555555555,0.2,0.5
27656,mscoco,0.33347894065082073,0.32956791462269097,0.5485153198242188,0.8547324187614028,0.5,1.0,0.9,1.0
535663,mscoco,0.2119360886514187,0.2714799330258907,0.2582424692809582,0.41465483316213203,0.3,0.3333333333333333,0.3,0.3333333333333333
59012,mscoco,0.11047920091077686,0.2643753050148254,0.20839101150631906,0.4336037044738481,0.1,0.5,0.1,1.0
338732,mscoco,0.025359446043148638,0.054123036898305235,0.007915372832212598,0.03623959517360163,0.1,1.0,0.1,1.0
34800,mscoco,0.03963646232150495,0.09336745695839126,0.07331712590530515,0.20616080741703177,0.0,0.027027027027027,0.3,0.5
78290,mscoco,0.05626619625836611,0.16681834404980644,0.1706847980618477,0.38819560816146514,0.0,0.0028328611898017,0.1,0.1428571428571428
34235,mscoco,0.36487736701965334,0.6276458587943682,0.3683969624340534,0.5338034022643361,0.0,0.0344827586206896,0.1,0.5
149993,mscoco,0.09288387205451727,0.2668812889927534,0.10291478540748358,0.3685459747344035,0.1,0.1666666666666666,0.2,1.0
92,drawbench,0.25745210628956555,0.41545838127364965,0.25849430412054064,0.36075491328535386,0.0,0.0769230769230769,0.0,0.0019920318725099
289739,mscoco,0.052008918253704906,0.14731225430871628,0.037297404906712475,0.1112838420342667,0.1,0.1,0.0,0.0217391304347826
11,drawbench,0.11843777308240533,0.42681010448506373,0.09248557491227985,0.2150156617454726,0.0,1.886863655232273e-05,0.0,1.9478748685184465e-05
394681,mscoco,0.007875195078668185,0.025402097435170023,0.009935605633654632,0.026608818815211002,0.1,0.3333333333333333,0.1,0.1428571428571428
404984,mscoco,0.13771304506808518,0.28862084706952934,0.09941072016954422,0.2653890013965385,0.0,0.003831417624521,0.0,0.0095238095238095
95777,mscoco,0.205414816737175,0.42941923197771276,0.33584921173751353,0.7310072278625089,0.2,0.5,0.2,0.25
516158,mscoco,0.005299844553519506,0.014258373864849067,0.005199457165144849,0.019346116078610493,0.0,0.015625,0.1,0.25
223569,mscoco,0.14485292099416255,0.2861089004985025,0.4108558356761932,0.6831266244999016,0.1,1.0,0.3,1.0
107782,mscoco,0.08702414757572115,0.21087570298331845,0.06354417558759451,0.16031940832823766,0.1,0.25,0.4,0.5
98881,mscoco,0.0012184233666630462,0.0050664747359178836,0.0018101905181538314,0.006953599962803326,0.1,1.0,0.1,1.0
94045,mscoco,0.311713008582592,0.4212795749697868,0.3994484081864357,0.5583305240603802,0.3,0.3333333333333333,1.0,1.0
498015,mscoco,0.0010392264499387237,0.006639895731224752,0.00025707474342198113,0.0012917826147160881,0.1,1.0,0.0,0.0526315789473684
451172,mscoco,0.02708023088052869,0.10554189376360924,0.021318937658361393,0.130564195704422,0.1,0.3333333333333333,0.1,1.0
535211,mscoco,0.030530092120170594,0.11587113173298377,0.03842247352004051,0.11336751539666935,0.1,0.25,0.1,0.5
18476,mscoco,0.00839657903125044,0.036683605356770774,0.00742026845109649,0.02974139960486856,0.1,1.0,0.1,1.0
275930,mscoco,0.03128963899798691,0.10866889901195341,0.051211762242019176,0.175488212912632,0.0,0.0833333333333333,0.1,1.0
507434,mscoco,0.008647615928202868,0.026618200106379535,0.004336363852780778,0.01600597450481538,0.1,0.25,0.0,0.0020366598778004
29122,mscoco,0.01766418300103396,0.05172124756079555,0.026299354434013367,0.14723643017365287,0.0,0.0769230769230769,0.1,1.0
116204,mscoco,0.0839685384184122,0.16656742191291551,0.09693790674209594,0.22838575576654505,0.4,1.0,0.4,0.5
274815,mscoco,0.20234269872307778,0.32605674294333326,0.10350263491272926,0.2685520963026719,0.2,0.25,0.1,0.3333333333333333
507215,mscoco,0.06554383039474487,0.17737824429765622,0.05869764555245638,0.23379123100181737,0.4,0.25,0.2,0.5
559658,mscoco,0.11405627559870482,0.25921758567017744,0.12334944084286689,0.27872702389539733,0.4,0.3333333333333333,0.5,0.5
344157,mscoco,0.9074146389961243,0.9523224513345842,0.9342239975929261,0.973164359226416,1.0,1.0,1.0,1.0
327768,mscoco,0.041625764966011045,0.15061502286521605,0.0427707364782691,0.20565132147054108,0.2,1.0,0.2,1.0
35424,mscoco,0.15064223259687423,0.2587339747709113,0.3178808897733688,0.3478949857469595,0.2,1.0,0.5,1.0
412698,mscoco,0.320343130081892,0.6352871238778519,0.29499930068850516,0.6167962142143738,0.2,1.0,0.1,1.0
502588,mscoco,0.22030124366283416,0.34932111935160043,0.15342960925772786,0.3375811595407182,0.5,0.3333333333333333,0.5,1.0
515527,mscoco,0.04720905686262995,0.24018674429845183,0.0408180417958647,0.21771016670403345,0.1,1.0,0.1,1.0
382958,mscoco,0.05841796789318323,0.142903955235321,0.0705544676631689,0.17237596314719927,0.0,0.0666666666666666,0.1,0.5
166975,mscoco,0.04683328249957412,0.10868501371810593,0.04993458800017834,0.2239989514691848,0.1,0.5,0.1,0.125
397640,mscoco,0.18235089387744666,0.39366656917293985,0.2634319208562374,0.627350011113743,0.1,0.25,0.1,0.1666666666666666
462880,mscoco,0.017301066836807877,0.08619075955711214,0.013138262036954984,0.08208074397851982,0.1,1.0,0.1,1.0
104808,mscoco,0.05444851815700531,0.13814453049897726,0.04093157594325021,0.1206768737704758,0.1,0.25,0.0,0.05
30235,mscoco,0.35432912334799765,0.5008730960810325,0.39935633838176726,0.6206298406605539,0.3,0.25,0.7,0.5
513219,mscoco,0.012405397230759263,0.040722617553677544,0.01570681040175259,0.06626718014638441,0.1,0.25,0.2,1.0
63,drawbench,0.0026112608989933505,0.012341565632623668,0.004380959094851278,0.013527734733696218,0.0,0.0,0.0,0.0
245771,mscoco,0.06835231967270375,0.17752556272347467,0.07266358304768801,0.1930310413394786,0.4,0.5,0.4,1.0
1375,mscoco,0.3122716650366783,0.49923455219914803,0.46869401931762694,0.7129188113854159,0.4,0.5,0.3,0.1666666666666666
167479,mscoco,0.052692852728068826,0.12932894558413274,0.08285016305744648,0.1785033484723935,0.0,0.0232558139534883,0.3,1.0
124874,mscoco,0.047007609345018866,0.20357345515037764,0.036407204577699304,0.09866627827036523,0.1,0.3333333333333333,0.0,0.0056497175141242
506901,mscoco,0.05638093994930386,0.1767392456869443,0.05032493453472853,0.18623016674282178,0.3,0.2,0.5,1.0
519754,mscoco,0.048846434848383066,0.3879163774973334,0.04210293299984187,0.37946865104565997,0.1,1.0,0.1,1.0
336457,mscoco,0.0325646529905498,0.12339533046744587,0.12094969591125845,0.22207524081459978,0.0,0.0526315789473684,0.4,0.25
290974,mscoco,0.005633687303634361,0.02325971552782334,0.004396955516131129,0.020731223476954785,0.1,1.0,0.1,0.3333333333333333
18918,mscoco,0.4958088338375092,0.7157910679614568,0.48070879876613615,0.6435853089468503,1.0,1.0,0.7,0.3333333333333333
153140,mscoco,0.1094514362514019,0.20490211116064544,0.16311072297394275,0.33151513687194994,0.0,0.0769230769230769,0.3,1.0
83481,mscoco,0.007964708772487939,0.05088445280508598,0.02797174159932183,0.056110184964777855,0.2,0.5,0.2,1.0
204473,mscoco,0.009055866790004075,0.03137631017346098,0.009918033267604187,0.02351757207364228,0.0,0.0526315789473684,0.0,0.0476190476190476
419074,mscoco,0.22074424624443054,0.3712177609941405,0.26839457675814626,0.5580416129132942,0.0,0.0357142857142857,0.1,0.125
261235,mscoco,0.02443452989682555,0.08483754035820272,0.06050115581601858,0.30805368604901184,0.0,0.0909090909090909,0.1,1.0
338971,mscoco,0.04002996752969921,0.11864935988935324,0.07349833128973841,0.206448973486859,0.1,0.1,0.1,0.3333333333333333
223183,mscoco,0.37452329248189925,0.4969948000744924,0.5531876966357231,0.876489080120622,0.9,1.0,0.7,1.0
450711,mscoco,0.08538951268419623,0.2823317469789141,0.07151856767013669,0.48806920142904153,0.1,0.5,0.1,1.0
490187,mscoco,0.2104773260653019,0.5432645730975528,0.16361463107168675,0.4240043461179922,0.1,0.5,0.1,0.3333333333333333
564602,mscoco,0.04865919779986143,0.14470278737507947,0.08366588987410069,0.2241055283666287,0.0,0.0188679245283018,0.4,0.5
452201,mscoco,0.08961863871663808,0.2359336785071354,0.05205502363387495,0.16816343508413376,0.0,0.05,0.2,1.0
443334,mscoco,0.24784023128449917,0.3372327207903602,0.335184583067894,0.597165262563563,0.3,0.2,0.3,1.0
18075,mscoco,0.4345996916294098,0.7785977382124655,0.636379000544548,0.7102687403608828,0.4,0.3333333333333333,1.0,1.0
50,drawbench,0.018508318078238516,0.049390057629467715,0.032625505002215505,0.06723868900587902,0.0,0.0,0.0,0.0
86,drawbench,0.24764412343502046,0.4348102748735052,0.26645190101116895,0.5295742056908561,0.1,0.125,0.0,0.0555555555555555
171808,mscoco,0.11991138271987438,0.2870316495047045,0.16798767372965812,0.36303023135659546,0.2,0.1428571428571428,0.5,1.0
572487,mscoco,0.06200945246964693,0.2201607488499129,0.10801662225276232,0.267007754698006,0.0,0.037037037037037,0.2,0.1666666666666666
566765,mscoco,0.032366798038128766,0.11168673434636008,0.021144766919314863,0.07649686641752425,0.1,1.0,0.2,0.5
163514,mscoco,0.10793315432965755,0.3866695397551329,0.10412678569555282,0.3593837340043484,0.1,1.0,0.1,1.0
311128,mscoco,0.16742500513792039,0.35633874769682833,0.1838887515477836,0.4458774115027681,1.0,1.0,0.9,1.0
520858,mscoco,0.25012241974473,0.4747988905006767,0.4969207674264908,0.6978035342174987,0.0,0.0833333333333333,0.5,0.3333333333333333
271051,mscoco,0.010765349795110523,0.053733720681632444,0.01511405985802412,0.0430300913797068,0.1,0.5,0.1,1.0
532933,mscoco,0.1430668942630291,0.27011151637825975,0.10915532857179641,0.27260198459784113,0.0,0.0434782608695652,0.1,1.0
475974,mscoco,0.09951668810099364,0.31962308886775204,0.20071036145091056,0.4600877484204937,0.1,0.3333333333333333,0.0,0.0217391304347826
206731,mscoco,0.055407696217298505,0.25508691177483567,0.052744696568697694,0.19228974307015034,0.1,0.5,0.1,0.3333333333333333
450212,mscoco,0.11934627760201692,0.2886001908979315,0.07133444100618362,0.19954415962116767,0.1,1.0,0.1,0.3333333333333333
188478,mscoco,0.10388233996927738,0.19674661499312118,0.10787364058196544,0.2237493970379478,0.4,1.0,0.2,1.0
463944,mscoco,0.021660414710640907,0.05932636832317608,0.01834760047495365,0.06059186567610374,0.1,0.1,0.0,0.0294117647058823
521657,mscoco,0.4604145087301731,0.6269145789322051,0.3879583394154906,0.6648614325208345,0.2,1.0,0.1,1.0
310511,mscoco,0.023265867499867456,0.07301814319368469,0.04318775080610067,0.19918213810816768,0.1,0.3333333333333333,0.1,1.0
24859,mscoco,0.1006630145944655,0.17937741226384668,0.3228923663496971,0.4597202587216258,0.1,0.1,0.2,1.0
402662,mscoco,0.05606006570160389,0.17674652289171228,0.05593930333852768,0.15835647364672764,0.2,0.25,0.4,1.0
109791,mscoco,0.20311428233981133,0.38643869397394937,0.28887415304780006,0.5281120027365102,0.2,0.3333333333333333,0.3,1.0
62,drawbench,0.22479503974318504,0.4161268251606861,0.18025232739746572,0.4836514512854021,0.0,0.0025839793281653,0.0,0.0023809523809523
298190,mscoco,0.11405873950570822,0.26176824701508355,0.19482010155916213,0.3460598868025695,0.1,0.125,0.3,1.0
86065,mscoco,0.472432991117239,0.7327591340206873,0.6310056388378144,0.6468843608382799,0.4,0.5,0.4,0.25
127726,mscoco,0.02891151767689735,0.21189823338263386,0.022518255352042615,0.1869803659733553,0.2,1.0,0.1,1.0
572825,mscoco,0.10113755948841571,0.3195587475742761,0.1894986230880022,0.3284750829709072,0.4,0.5,0.7,1.0
246009,mscoco,0.23014765605330467,0.5158224636949033,0.1736780546605587,0.3196257912866231,0.5,1.0,0.7,1.0
517906,mscoco,0.06430995599366725,0.17018362535277134,0.04507807306945324,0.11980566533770813,0.0,0.0909090909090909,0.1,0.1666666666666666
265256,mscoco,0.04944552383385599,0.18602820015087182,0.05861580781638622,0.1959932375689994,0.0,0.0833333333333333,0.2,1.0
373038,mscoco,0.03471319647505879,0.11432930805090677,0.027426351653411986,0.1534546143044164,0.0,0.0909090909090909,0.1,1.0
53720,mscoco,0.24766348153352738,0.32157826431374686,0.24670778438448906,0.3285509625337886,0.4,0.5,0.8,0.3333333333333333
514116,mscoco,0.04809142202138901,0.15478725921329917,0.07915040776133538,0.29595242288294404,0.0,0.0625,0.3,0.5
395396,mscoco,0.5674716621637345,0.9379930468200414,0.6319765776395798,0.8058396826331743,0.5,1.0,0.8,1.0
118851,mscoco,0.44973355028778317,0.8340525763834493,0.5746660128235817,0.8557140792981869,0.4,1.0,0.6,1.0
198625,mscoco,0.5922268882393837,0.7524231065725971,0.6198938816785813,0.8628538870636249,0.0,0.0333333333333333,0.2,0.2
53,drawbench,0.020563381840474904,0.048911322601740935,0.0377470888197422,0.0798696256863994,0.0,0.0,0.0,0.0
99,drawbench,0.0008406698725593742,0.003243921109750401,0.0003836815554677742,0.0016174253766407848,0.0,0.0,0.0,0.0
132656,mscoco,0.2711535312235355,0.414223232777865,0.21540250554680823,0.37247987919393793,0.2,0.3333333333333333,0.2,0.5
213276,mscoco,0.04498589923605323,0.12234621042731386,0.016429670876823364,0.06356653591093711,0.1,1.0,0.1,1.0
123974,mscoco,0.1053575805388391,0.301309485160387,0.2357083990238607,0.26389103016558185,0.5,1.0,0.6,0.5
131,drawbench,0.08013981329277158,0.39957602577072077,0.11641429085284472,0.45762446825824066,0.0,0.0,0.0,0.0
435096,mscoco,0.017064229428069667,0.09355215920032696,0.01699773414293304,0.09122025746100097,0.1,1.0,0.1,1.0
509764,mscoco,0.007942635216750205,0.04131602000094418,0.04149115973705193,0.10292585896328059,0.1,0.5,0.0,0.0454545454545454
204273,mscoco,0.2372472032904625,0.39553709816682264,0.18978831581771374,0.3040589669046851,0.1,0.2,0.1,0.125
299768,mscoco,0.3294104352593422,0.6793647771415662,0.43959622979164126,0.5549362579290554,0.0,0.003012048192771,0.3,0.25
135369,mscoco,0.43831092268228533,0.7552675930992339,0.37197204753756524,0.7295102965916064,0.8,1.0,0.6,1.0
508053,mscoco,0.17276755720376968,0.3695881649790588,0.3470993176102638,0.5503035179244941,0.1,0.2,0.2,0.5
475413,mscoco,0.02609572489745915,0.13310254189901588,0.1514625533716753,0.3973719986125843,0.0,0.0434782608695652,0.0,0.027027027027027
44328,mscoco,0.020170628651976587,0.08116317981611357,0.013161364977713674,0.039894067872917036,0.1,1.0,0.1,0.3333333333333333
127743,mscoco,0.20070726312696935,0.3790005122769663,0.10625898642465473,0.2625348180466316,0.2,1.0,0.2,1.0
316842,mscoco,0.08480907725170254,0.17824161117455214,0.08330238433554768,0.22958155638317054,0.0,0.0769230769230769,0.2,0.5
131075,mscoco,0.06531722201034426,0.17532146617439123,0.06010542660951614,0.18273284760562755,0.0,0.0059171597633136,0.2,1.0
323812,mscoco,0.20273513793945314,0.42980196431921786,0.1686946652829647,0.37518479759771806,0.4,1.0,0.6,1.0
354212,mscoco,0.33143174946308135,0.4358356358080366,0.4424146354198456,0.8537763784871434,0.3,1.0,0.7,1.0
33645,mscoco,0.008236822474282235,0.030989700429678437,0.006592275714501739,0.024763513793180432,0.1,0.5,0.1,0.25
285529,mscoco,0.3931144461035728,0.7294693853214217,0.3958489255979657,0.6307110883213455,0.6,0.5,0.7,1.0
52669,mscoco,0.03529081381857395,0.12705830856869385,0.05070237005129456,0.1298166445609123,0.0,0.0416666666666666,0.2,0.5
47328,mscoco,0.2771604686975479,0.6960435259044351,0.263220326602459,0.5924323688580246,0.4,0.5,0.3,0.3333333333333333
256513,mscoco,0.06454196237027646,0.18316538273439045,0.24974469617009162,0.47823843281287826,0.0,0.0833333333333333,0.3,0.5
561196,mscoco,0.012672128021949901,0.06443381474195345,0.01308079189620912,0.06434365029946255,0.1,1.0,0.1,1.0
411261,mscoco,0.06620898055844009,0.23696739237488043,0.1184547396376729,0.2465315856476617,0.1,1.0,0.1,1.0
578056,mscoco,0.011945674195885658,0.050128698310456236,0.014050453971140086,0.04822101132838552,0.1,0.3333333333333333,0.1,1.0
110926,mscoco,0.08795313388109208,0.21607083145187672,0.21566110104322433,0.4447366369187409,0.0,0.0204081632653061,0.1,1.0
290175,mscoco,0.017603019741363822,0.059384217290355694,0.029216208355501296,0.11646631806324788,0.4,0.2,0.6,1.0
295589,mscoco,0.04656565766781569,0.13918518015664294,0.05939045287668705,0.20763250076603273,0.0,0.0028735632183908,0.0,0.0025316455696202
442478,mscoco,0.11914611514657736,0.26002325056677733,0.25471227839589117,0.4312344716861669,0.0,0.0108695652173913,0.0,0.0153846153846153
267598,mscoco,0.36639809906482695,0.6259611340492522,0.4289825916290283,0.7420708624420442,0.3,1.0,0.4,1.0
386424,mscoco,0.12187545243650674,0.25711808269428377,0.06903261695988476,0.18312142733188555,0.2,0.3333333333333333,0.1,0.1666666666666666
10727,mscoco,0.10890341065824032,0.2511766023590565,0.2172794196754694,0.6514087996609863,0.0,0.0454545454545454,0.1,0.1
7452,mscoco,0.2941544070839882,0.3437281798662521,0.443233959376812,0.5147033949559883,0.2,0.1666666666666666,0.5,0.5
322560,mscoco,0.02616087142378092,0.10075369868388663,0.024647811288014056,0.08680990265377035,0.3,0.25,0.4,1.0
185849,mscoco,0.029257912933826447,0.0693198243493137,0.0431771912612021,0.17627014401201738,0.1,0.1666666666666666,0.0,0.0067567567567567
459827,mscoco,0.01060710814781487,0.04054515321540176,0.023704533744603396,0.09254402138295273,0.0,0.0769230769230769,0.3,0.5
415840,mscoco,0.06144159585237503,0.17781533537864755,0.05235116351395845,0.12944501073731832,0.0,0.0303030303030303,0.0,0.0057471264367816
206274,mscoco,0.1622836034744978,0.5235669561929378,0.1564600184559822,0.5403499230116608,0.1,1.0,0.2,1.0
239888,mscoco,0.23655746653676032,0.4851179520666291,0.31496003195643424,0.5173272447497725,0.1,0.3333333333333333,0.6,0.5
120,drawbench,0.13380674496293068,0.3048032276424596,0.11794553473591804,0.28635626746676734,0.0,0.0,0.0,0.0
309169,mscoco,0.03541742612142116,0.12484511167154855,0.07117096912115813,0.18868163417843659,0.0,0.04,0.2,0.5
112996,mscoco,0.10716040767729282,0.5691286845031146,0.10799692766740918,0.5645601515602489,0.1,1.0,0.1,1.0
459343,mscoco,0.2512668428942561,0.5925511934356633,0.27361325919628143,0.594395255551152,0.4,1.0,0.7,1.0
471488,mscoco,0.1751373864710331,0.38053223539767245,0.14639311023056506,0.2780650509107957,0.0,0.0024213075060532,0.0,0.025
252919,mscoco,0.17542716152966023,0.350646917270436,0.19106553941965104,0.3658213107189276,0.3,1.0,0.4,0.5
7945,mscoco,0.09089608793146908,0.26971779972690885,0.10914242239668966,0.45239232434584825,0.0,0.0625,0.1,1.0
162215,mscoco,0.1844983145594597,0.4891196590465629,0.18666537180542947,0.40057371897744026,0.4,0.5,0.6,1.0
193889,mscoco,0.031103111896663906,0.09588619902307234,0.10456961430609227,0.30786219988883023,0.0,0.0070422535211267,0.1,1.0
46,drawbench,0.02086824651923962,0.06741495455113816,0.03454496813938022,0.10785800276886374,0.0,0.0,0.0,0.0
30,drawbench,0.01629333579912782,0.11098742521781403,0.009523706324398518,0.04782272759332549,0.0,0.0,0.0,0.0
386864,mscoco,0.014984742790693418,0.07087742758306922,0.012815305253025145,0.0439832889480083,0.1,0.25,0.2,0.25
232287,mscoco,0.022127479361370207,0.06129879478794887,0.02206194109749049,0.08345785485635542,0.0,0.0204081632653061,0.1,0.5
241027,mscoco,0.3644465677440166,0.6687728241923785,0.2797490540891886,0.31593485273442656,0.6,0.3333333333333333,0.3,0.1666666666666666
213795,mscoco,0.1497880479320884,0.44351067624341767,0.2576672986149788,0.3076867334340942,0.1,0.25,0.2,0.25
12059,mscoco,0.022721424442715944,0.1577011568427914,0.020600796311191515,0.16295301496956235,0.1,1.0,0.1,1.0
162753,mscoco,0.16920760907232762,0.6038545989958614,0.1245823185890913,0.24419249464564252,0.2,1.0,0.0,0.0555555555555555
425458,mscoco,0.04181636394932866,0.18965835578419304,0.07582225929945707,0.2052062216695455,0.2,0.5,0.4,0.3333333333333333
368956,mscoco,0.12211418943479657,0.18584151840666902,0.06515780398622155,0.17798147026562267,0.1,0.1,0.0,0.0526315789473684
496410,mscoco,0.06540733184665441,0.19328203820679465,0.05883019431494176,0.20496731226194093,0.1,0.1111111111111111,0.2,0.5
532612,mscoco,0.154059936106205,0.3306224758229785,0.09671275913715363,0.24059209488550684,0.1,1.0,0.0,0.0625
230837,mscoco,0.217076675593853,0.3617596682295227,0.24899703003466128,0.4700819553391057,0.0,0.0196078431372549,0.0,0.0769230769230769
460882,mscoco,0.3904058650135994,0.6722336240392295,0.434398789703846,0.6168349897321685,0.4,0.5,0.3,0.5
485852,mscoco,0.01771645792759955,0.0617898545587333,0.06620526844635606,0.12015239781791724,0.1,0.3333333333333333,0.0,0.0416666666666666
72342,mscoco,0.2771340787410736,0.37954347331727056,0.27823308259248736,0.4849517747496032,0.2,1.0,0.1,0.2
81017,mscoco,0.1441820614039898,0.27413042103171065,0.14447181150317193,0.2929016265692601,0.0,0.0909090909090909,0.1,0.125
401828,mscoco,0.1477623026818037,0.29231961648488153,0.15059588178992273,0.3380635776320173,0.2,0.1666666666666666,0.2,1.0
554138,mscoco,0.11721721477806568,0.23864027608802374,0.27361047454178333,0.5950143321841221,0.0,0.0666666666666666,0.1,0.1111111111111111
321742,mscoco,0.24322359301149846,0.328731575551055,0.16107599772512912,0.3618391839950593,0.4,1.0,0.7,1.0
574384,mscoco,0.16617179550230504,0.28618961956522887,0.14869731068611144,0.33817864987933577,0.0,0.002020202020202,0.0,0.0014306151645207
446557,mscoco,0.10170239182189107,0.25726023729024233,0.08290837313979864,0.1938755038436404,0.1,0.1428571428571428,0.0,0.05
253498,mscoco,0.08328090757131576,0.1874685081549782,0.22069404572248458,0.6274208618823697,0.1,0.3333333333333333,0.4,0.25
448251,mscoco,0.08736432809382677,0.23548621407753198,0.07241359269246458,0.19978599402496228,0.1,0.5,0.0,0.0188679245283018
116622,mscoco,0.6667219460010528,0.7750730245414107,0.688616681098938,0.8694785466900767,0.3,1.0,0.3,0.3333333333333333
486899,mscoco,0.19740146026015282,0.2920099093273568,0.13189254999160765,0.2863429634331861,0.2,1.0,0.0,0.0178571428571428
59295,mscoco,0.2716073699295521,0.5262762841981058,0.25912222638726234,0.6048807144653949,0.1,1.0,0.1,0.2
289012,mscoco,0.040944889606907967,0.11162169961016945,0.03195006428286433,0.12047566602805136,0.1,0.2,0.1,1.0
435902,mscoco,0.3318793922662735,0.47116214588529803,0.39208005666732787,0.5342549456404018,0.2,0.25,0.6,1.0
480518,mscoco,0.1426820857450366,0.436210220655813,0.11427486389875412,0.3211450714462537,0.5,0.5,0.4,1.0
39272,mscoco,0.17573452852666377,0.5124658137878512,0.16397175039164721,0.6312314393542788,0.1,0.5,0.1,1.0
558579,mscoco,0.04406928257085383,0.2246708368094165,0.04290805766358972,0.089837383456508,0.2,1.0,0.2,0.2
143348,mscoco,0.2532202675938606,0.4618198971675677,0.3021068274974823,0.5460545190222488,0.1,1.0,0.4,0.2
16961,mscoco,0.026118090189993382,0.08375059810732167,0.02523028226569295,0.1131514939729509,0.1,0.5,0.1,0.1428571428571428
489939,mscoco,0.05440587420016527,0.15520883624678578,0.1110649436712265,0.31287876105004886,0.0,0.0116279069767441,0.1,0.3333333333333333
185281,mscoco,0.16442290032282472,0.7530923912993989,0.1886219915089896,0.7440919008330119,0.2,1.0,0.2,1.0
500622,mscoco,0.025371944135986268,0.09064993630262026,0.02453645933419466,0.07700805241610126,0.1,1.0,0.1,0.5
220772,mscoco,0.24278924092650414,0.5185602123742504,0.1395286750048399,0.37416658003417375,0.0,0.0060240963855421,0.0,0.0068965517241379
550400,mscoco,0.06761695081368088,0.25340240688224375,0.09044855801039375,0.27771017937659764,0.2,1.0,0.2,1.0
378906,mscoco,0.28249312900006773,0.3244877964462282,0.17212865147739648,0.43390333354314475,0.0,0.0769230769230769,0.1,1.0
542111,mscoco,0.09776008184999227,0.24028175018040343,0.2589480936527252,0.39517145522636926,0.1,0.1,0.0,0.0666666666666666
3217,mscoco,0.37584238946437837,0.7898741396438169,0.4527489721775055,0.5550128753639836,0.4,1.0,0.4,0.5
96625,mscoco,0.022807898186147212,0.09114197306147846,0.05128949796780944,0.1489292915710981,0.1,0.5,0.4,1.0
60328,mscoco,0.28751747906208036,0.46730970696848817,0.41841470301151273,0.6256831050978745,0.1,0.1666666666666666,0.3,0.1666666666666666
402287,mscoco,0.0829878375865519,0.29699361577801,0.0885125114582479,0.27564784583690477,0.3,1.0,0.4,0.25
517909,mscoco,0.018473751517012714,0.061742248010221,0.016618242114782335,0.07585171013639723,0.1,0.5,0.0,0.0285714285714285
113233,mscoco,0.08456120938062668,0.1822842441205691,0.17134082019329072,0.26970790906966136,0.0,0.0072463768115942,0.1,1.0
77181,mscoco,0.014910160563886166,0.05240414690085239,0.02068971113767475,0.07329352338370355,0.1,0.5,0.0,0.0024752475247524
371243,mscoco,0.1628747247159481,0.37466694979182347,0.3135760262608528,0.5551711513651851,0.0,0.0666666666666666,0.8,1.0
146656,mscoco,0.11300636008381844,0.23648088470055162,0.08472429476678371,0.19398097249603288,0.1,0.2,0.0,0.0666666666666666
430688,mscoco,0.007348246028413996,0.027599569115582177,0.0071097324776928875,0.03618086875939876,0.1,0.25,0.1,1.0
143449,mscoco,0.21409962177276612,0.43994546190421413,0.19409855753183364,0.4593308273022378,0.5,1.0,0.3,1.0
57433,mscoco,0.2114505622535944,0.3182963968158112,0.3763369292020798,0.5979151875151528,0.1,0.2,0.0,0.0769230769230769
298736,mscoco,0.06851062569767237,0.18044839060732612,0.15371420383453369,0.5026326400415912,0.1,1.0,0.4,1.0
406550,mscoco,0.19515061974525452,0.36980804416471963,0.1188736006617546,0.22931274658530543,0.1,0.1428571428571428,0.0,0.037037037037037
561903,mscoco,0.028773184306919573,0.10107504035640112,0.015950892865657807,0.06956558582311302,0.0,0.0476190476190476,0.1,1.0
227699,mscoco,0.461767578125,0.7908261467471908,0.45100606232881546,0.7765638016215406,0.4,1.0,0.4,0.5
59821,mscoco,0.049398244358599186,0.16817510566043256,0.04353269971907139,0.12699348799828192,0.0,0.0083333333333333,0.0,0.04
265612,mscoco,0.07936812746338547,0.33670671463360147,0.058075933065265414,0.3189792136567016,0.3,1.0,0.2,1.0
24591,mscoco,0.022117129061371088,0.07716794874225712,0.07267068270593882,0.23571237382179883,0.0,0.0714285714285714,0.3,0.5
71,drawbench,0.04497232178691775,0.19261973783828276,0.02518014340894297,0.08057521249121817,0.0,0.000432525951557,0.0,0.0008771929824561
35,drawbench,0.4070649936795235,0.7629850249703741,0.43383456990122793,0.5737912697366273,0.0,0.0454545454545454,0.0,0.0133333333333333
317833,mscoco,0.10161455795168876,0.17271079616122162,0.11025562901049853,0.25710314826783626,0.1,0.25,0.0,0.0454545454545454
544583,mscoco,0.18124759942293167,0.2999853099414646,0.49791098535060885,0.6469751737530639,0.0,0.0666666666666666,0.7,0.5
514544,mscoco,0.03602817002683878,0.11020091388893782,0.04303744565695524,0.14657680441665052,0.5,1.0,0.4,1.0
160199,mscoco,0.08919728230684995,0.2325400475030822,0.12518410831689836,0.3190840230552233,0.1,0.125,0.3,0.5
156445,mscoco,0.133190153632313,0.5530169884339161,0.16259026005864144,0.34829079452482775,0.2,1.0,0.4,1.0
46686,mscoco,0.036805739905685184,0.14206716072466946,0.04047664325335063,0.11823095017339665,0.2,1.0,0.2,0.3333333333333333
563457,mscoco,0.03755748895928264,0.15447888305587681,0.049188340082764626,0.15074573318827145,0.2,0.5,0.2,1.0
520848,mscoco,0.09811534993350506,0.24240513099511315,0.1391802839934826,0.4237688156132163,0.4,1.0,0.5,0.25
433992,mscoco,0.05359807536005974,0.13375940174591072,0.07554827760905028,0.20367706462892424,0.0,0.0031746031746031,0.1,0.1666666666666666
415464,mscoco,0.09975224658846855,0.2479564117441296,0.022799682733602823,0.09209307899760885,0.0,0.0136986301369863,0.0,0.0045871559633027
62543,mscoco,0.24675273895263672,0.3637152834927877,0.3515402875840664,0.5135754397712337,0.3,0.2,0.7,0.5
123175,mscoco,0.2556878361850977,0.6883406543615531,0.34541073366999625,0.5787750909595525,0.4,1.0,0.3,1.0
65383,mscoco,0.3157260108739138,0.5699001195616087,0.6475483536720276,0.8087088424103598,0.3,0.5,1.0,1.0
544001,mscoco,0.1324029678478837,0.26832961898617413,0.18580378517508506,0.33244961948049295,0.4,1.0,0.2,0.1428571428571428
41104,mscoco,0.2850937843322754,0.5540374322864804,0.2919396758079529,0.5398529659653325,0.5,1.0,0.5,1.0
355193,mscoco,0.897119802236557,0.9412641560184736,0.9093074023723602,0.9567609428581044,1.0,1.0,1.0,1.0
500940,mscoco,0.0013577009020082186,0.01178441667207269,0.0051214272854849694,0.018160127500932786,0.1,1.0,0.1,0.5
429142,mscoco,0.029648808669298886,0.10141607917170316,0.03128732508048415,0.14411144987430252,0.0,0.01,0.1,1.0
125252,mscoco,0.04950859937816858,0.15607823773952093,0.06198305133730173,0.18123542162823614,0.2,0.5,0.2,0.5
14683,mscoco,0.20000010021030903,0.3964175760178004,0.27124515250325204,0.46637728061359845,0.2,1.0,0.3,1.0
109,drawbench,0.03629906801506877,0.15859139019650614,0.04304807693697512,0.13271291214522887,0.1,0.1428571428571428,0.0,0.0135135135135135
391662,mscoco,0.03379324956331402,0.11288180008600229,0.03366048694588244,0.10284692577969148,0.1,0.25,0.4,0.5
409131,mscoco,0.051828439347445965,0.16649891894497143,0.14189599826931953,0.4133882248046229,0.2,0.5,0.4,1.0
478880,mscoco,0.3187138080596924,0.5379355256139063,0.3656934820115566,0.5857849594910148,0.0,0.05,0.2,0.5
230972,mscoco,0.04982905481010676,0.1954018502381103,0.09777618013322353,0.24817822660868855,0.1,1.0,0.1,0.3333333333333333
233093,mscoco,0.009704798519669567,0.045567129765227754,0.013021821202710272,0.041823358942215276,0.0,0.0064102564102564,0.0,0.0023364485981308
143,drawbench,0.0016842754805111327,0.003511086319467133,0.00019854475040119722,0.0013722952625356624,0.0,0.0,0.0,0.0
59918,mscoco,0.22250453233718873,0.5556406295810667,0.41279776245355604,0.6523600326727496,0.2,1.0,0.7,1.0
575958,mscoco,0.07255813926458358,0.2505516043731838,0.07617709217593074,0.2267920479776813,0.0,0.0101010101010101,0.1,0.5
381160,mscoco,0.7409897059202194,0.7601948388893593,0.41513501666486263,0.750316133560175,0.0,0.0714285714285714,0.1,0.5
229067,mscoco,0.24924242570996286,0.325721822636558,0.41124032586812975,0.6091109736496414,0.6,0.3333333333333333,0.6,1.0
412780,mscoco,0.031360549526289104,0.13649344478487455,0.10840573497116565,0.20202908973596248,0.0,0.0476190476190476,0.2,0.1428571428571428
515655,mscoco,0.13817356005311013,0.2571438739708334,0.08379303719848394,0.22568581823072936,0.0,0.0526315789473684,0.1,0.25
385037,mscoco,0.2908877287060022,0.623541139917088,0.36707567274570463,0.6447692127702627,0.6,1.0,0.6,0.5
30281,mscoco,0.46487649381160734,0.7814186236666746,0.5818258821964264,0.7324089569380863,0.4,0.3333333333333333,0.5,0.3333333333333333
85472,mscoco,0.47826955318450926,0.738848588995721,0.6017470329999923,0.8996807008853454,0.8,1.0,0.9,1.0
262146,mscoco,0.06532063204795122,0.17113067013056457,0.1397082045674324,0.2978106323808178,0.0,0.0833333333333333,0.5,1.0
85155,mscoco,0.40013058129698037,0.7747485564652504,0.30766009241342546,0.6553072319119173,0.4,1.0,0.3,0.5
406250,mscoco,0.3994575351476669,0.7887343408952769,0.456115098297596,0.8189442795996615,0.3,1.0,0.5,0.5
172143,mscoco,0.03980868842918426,0.1121563687389288,0.05154493283480406,0.1957301152377614,0.0,0.0625,0.1,0.5
455667,mscoco,0.3876768559217453,0.63442071420986,0.48408795446157454,0.7007931769666983,0.3,0.2,0.6,1.0
169006,mscoco,0.2833173032850027,0.33544280166408685,0.3372580587863922,0.7527546047906118,0.2,0.5,0.4,0.5
173109,mscoco,0.014866670698393137,0.07761808149665814,0.019928153546061367,0.07928392748231303,0.1,1.0,0.2,1.0
192322,mscoco,0.3421021580696106,0.6343971742658561,0.43277522176504135,0.6594705411391564,0.9,1.0,0.8,1.0
222266,mscoco,0.14841587133705617,0.4072241337065861,0.09287670720368624,0.36058367379339173,0.3,1.0,0.3,1.0
325806,mscoco,0.22982035651803018,0.43007818316953533,0.2929840922355652,0.6307429421107724,0.2,1.0,0.5,0.3333333333333333
449537,mscoco,0.19155620634555817,0.538106948893442,0.21444132626056672,0.42552856075831336,0.0,0.00625,0.0,0.0555555555555555
145284,mscoco,0.15927668549120427,0.3444952340913705,0.13908034712076187,0.46886329980355335,0.1,0.5,0.0,0.0909090909090909
465058,mscoco,0.409942601621151,0.513847251699729,0.6783774971961976,0.8531629425528051,0.3,0.5,0.9,1.0
165893,mscoco,0.007786036230390892,0.030828724128777116,0.00945512808393687,0.032998640733251684,0.1,1.0,0.1,1.0
537157,mscoco,0.12954228594899178,0.27539252016282845,0.12470095902681351,0.4640394828816335,0.0,0.0909090909090909,0.1,1.0
426323,mscoco,0.030816675070673226,0.17694623904717213,0.03820698922500014,0.17010390858046026,0.1,1.0,0.1,1.0
92280,mscoco,0.2159723134711385,0.4919289063869808,0.17316767610609532,0.4967885259338134,0.2,1.0,0.4,1.0
319118,mscoco,0.32925383299589156,0.7542351695096551,0.37504683881998063,0.5401093729749734,0.3,1.0,0.5,0.5
234713,mscoco,0.4730024442076683,0.7712009172603927,0.43325006067752836,0.5803605274619923,0.9,1.0,1.0,1.0
379165,mscoco,0.3163350336253643,0.6463190189990212,0.24651997638866305,0.6243444295067004,0.1,0.125,0.3,1.0
26551,mscoco,0.08741110526025295,0.18268647414682504,0.12669207602739335,0.3246509966205748,0.0,0.0303030303030303,0.3,1.0
280242,mscoco,0.05441390890628099,0.1271694739019212,0.1265666291117668,0.24075434131296414,0.2,0.2,0.1,0.1111111111111111
260307,mscoco,0.037339411582797764,0.18947226505719622,0.06769213834777474,0.12867837031200288,0.0,0.0070422535211267,0.0,0.0526315789473684
433168,mscoco,0.09234309326857329,0.28913943259646774,0.0527106118388474,0.21963458807414488,0.3,1.0,0.3,1.0
319043,mscoco,0.11130166333168745,0.2160766729660034,0.16988304462283849,0.2605625652495277,0.1,0.25,0.3,0.25
381994,mscoco,0.05660707382485271,0.2670409986283469,0.07915327753871679,0.14536332108902225,0.0,0.0151515151515151,0.1,0.25
206044,mscoco,0.19892800748348236,0.4164431496557467,0.19859659895300866,0.4005794049331761,0.1,1.0,0.1,1.0
211312,mscoco,0.03610381754115224,0.09990534791065671,0.07666544634848833,0.158443761404311,0.0,0.0188679245283018,0.1,1.0
42196,mscoco,0.16948925890028477,0.2510492901902911,0.17751789093017578,0.28285752221413063,0.0,0.0833333333333333,0.6,1.0
497096,mscoco,0.07740593585185707,0.2408198892971622,0.20100400783121586,0.3556205805103488,0.1,0.1666666666666666,0.4,0.2
81,mscoco,0.5571035444736481,0.7539378845622168,0.5525711953639985,0.8005889448276384,0.0,0.0119047619047619,0.0,0.0256410256410256
486123,mscoco,0.04215453267097473,0.11864439263609837,0.033359131403267385,0.1010102724384861,0.0,0.0476190476190476,0.1,0.125
322,mscoco,0.016435280675068498,0.05299394896039107,0.02614132803864777,0.10611535580329637,0.1,0.1666666666666666,0.1,0.125
493294,mscoco,0.3350898250937462,0.5988105282751558,0.31494221836328506,0.5053613646054875,0.0,0.005,0.2,0.1428571428571428
187090,mscoco,0.2231835588812828,0.2696758517625948,0.2992436245083809,0.5983042865036872,0.6,0.25,0.8,1.0
372902,mscoco,0.04382341080345213,0.14342335708140747,0.03350320216268301,0.12434422522384962,0.1,1.0,0.1,1.0
293979,mscoco,0.1768023105338216,0.5136360930266225,0.20270442105829717,0.28745782640236117,0.3,1.0,0.3,0.5
417090,mscoco,0.011529402015730739,0.038978687602498875,0.03161422279663384,0.0990805836848226,0.0,0.0109890109890109,0.1,1.0
422172,mscoco,0.006623288575792685,0.022401211977530408,0.008281457156408578,0.03824717489573373,0.1,0.5,0.1,1.0
280988,mscoco,0.03590234520379454,0.09206963218147102,0.016787314909743146,0.09707642348736578,0.1,0.25,0.1,1.0
227558,mscoco,0.09709468055516482,0.2862034961367732,0.07961103692650795,0.30878004817903215,0.6,0.5,0.9,1.0
348006,mscoco,0.02726398261729628,0.09115870576248596,0.032983406679704785,0.21350560186315679,0.1,0.25,0.1,1.0
166716,mscoco,0.06830174643546343,0.2026491604265315,0.1808956354856491,0.29836245058728866,0.0,0.0625,0.0,0.0138888888888888
124018,mscoco,0.3982572242617607,0.6895573345976233,0.6224503695964814,0.8552038368086821,0.4,1.0,0.7,1.0
373792,mscoco,0.1903283204883337,0.6183747617711282,0.24111757054924965,0.3933032317443544,0.5,1.0,0.7,0.5
334364,mscoco,0.040288450196385384,0.12267561459963751,0.05110906929476187,0.26837455844448266,0.1,0.2,0.1,1.0
196473,mscoco,0.006398983113467693,0.025132636027317575,0.0063574452651664615,0.027395458799832573,0.7,1.0,0.6,1.0
361866,mscoco,0.17653962410986423,0.21930989397604503,0.1508561410009861,0.45518044851797484,0.1,0.1,0.4,0.5
468932,mscoco,0.02325644395314157,0.08031942296396594,0.026893183961510657,0.11390649434437977,0.1,0.1428571428571428,0.1,0.5
447354,mscoco,0.326645003259182,0.5819598862172122,0.34242099821567534,0.756970359257305,0.3,1.0,0.2,1.0
85846,mscoco,0.1531973524019122,0.3053183232725776,0.04609222840517759,0.12015387044626843,0.1,1.0,0.0,0.0035971223021582
173631,mscoco,0.11621607542037964,0.27391153517808353,0.08909911038354039,0.2762097030875841,0.1,1.0,0.3,1.0
266805,mscoco,0.047349406965076925,0.12130506027362385,0.057806229777634145,0.1653257068116612,0.0,0.0256410256410256,0.3,1.0
299662,mscoco,0.13560256287455558,0.37513038327219045,0.13084136648103595,0.23010537135383208,0.0,0.0666666666666666,0.0,0.0068027210884353
569520,mscoco,0.03652300974354148,0.14103025698749033,0.053108894207980484,0.13265025436631775,0.1,0.125,0.2,1.0
193,drawbench,0.008119561336934566,0.026700350536033778,0.0028118294561863878,0.00790231148470363,0.0,0.0,0.0,0.0
205356,mscoco,0.034358690539374945,0.08525224828467946,0.0896774873137474,0.234693232780788,0.0,0.0555555555555555,0.1,0.1666666666666666
119,drawbench,0.03038360523059964,0.08861988640932393,0.018444242991972715,0.05432737536953839,0.0,0.0,0.0,0.0
394814,mscoco,0.04145925735356286,0.0957426534870106,0.03772298831027001,0.09661658188479086,0.0,0.0384615384615384,0.2,0.25
204940,mscoco,0.18428582102060317,0.27474580037174495,0.3197321705520153,0.527720497950705,0.2,0.3333333333333333,0.3,1.0
167740,mscoco,0.35153173133730886,0.8467946889613329,0.41381378993391993,0.6215901614953002,0.0,0.0769230769230769,0.1,0.2
544590,mscoco,0.5132123947143554,0.7616449897567379,0.29719042368233206,0.7913619731639862,0.5,0.5,0.4,1.0
344974,mscoco,0.23109105471521615,0.7569762386529464,0.12623489012476058,0.41604009950406534,0.1,1.0,0.1,0.3333333333333333
440434,mscoco,0.021431731968186797,0.11383597328790099,0.03151685685152188,0.10336549305001962,0.1,1.0,0.1,0.1666666666666666
30752,mscoco,0.08103379011154174,0.23941690452299416,0.08587673716247082,0.23764351729892638,0.4,1.0,0.6,1.0
288975,mscoco,0.07227459205314517,0.1933050044656444,0.10787824699655175,0.26542334585660715,0.0,0.0114942528735632,0.1,0.2
45966,mscoco,0.0017544124581036157,0.009507628254368516,0.0012647446903429227,0.003918136114621024,0.1,1.0,0.0,0.037037037037037
136042,mscoco,0.03275589770637453,0.10710630710743307,0.033771167625673115,0.07704716868227404,0.1,0.25,0.1,0.1428571428571428
369514,mscoco,0.15851341746747494,0.3181856710787563,0.24509331732988357,0.3941449829165245,0.1,1.0,0.0,0.0666666666666666
483525,mscoco,0.1530146323144436,0.35668025631709493,0.1904380891472101,0.34212690477062424,0.2,0.1666666666666666,0.3,1.0
280347,mscoco,0.02891712412238121,0.08316449547474422,0.024069021455943584,0.09322829650477281,0.3,1.0,0.5,1.0
411343,mscoco,0.3081492200493813,0.4302554923116981,0.40790093392133714,0.6228058837449604,0.3,0.1428571428571428,0.8,0.5
567803,mscoco,0.7900511622428894,0.9190975374935227,0.8267550885677337,0.9274814020737391,0.2,0.3333333333333333,0.3,1.0
217458,mscoco,0.005332388829265256,0.016608133619700316,0.00634323320700787,0.0245087529857547,0.1,0.1666666666666666,0.1,1.0
166430,mscoco,0.07453639591112733,0.1980550283699048,0.05542819332331419,0.18135557292739174,0.1,0.3333333333333333,0.0,0.0666666666666666
556597,mscoco,0.19519488345831632,0.45059561501171114,0.2738536700606346,0.408779595223589,0.0,0.0434782608695652,0.3,0.25
365556,mscoco,0.7005468785762787,0.845116372327761,0.7492653131484985,0.9091874954363501,0.3,1.0,0.3,0.5
20987,mscoco,0.08296145610511303,0.23877631727169796,0.0952754331752658,0.23056748465398166,0.0,0.0263157894736842,0.1,1.0
162031,mscoco,0.014183517429046333,0.06648032872239622,0.012655797693878413,0.04893718393973374,0.2,1.0,0.2,1.0
485955,mscoco,0.00281581943272613,0.013403747382206654,0.004439177690073848,0.01839198845928542,0.1,0.3333333333333333,0.1,1.0
202307,mscoco,0.2297785647213459,0.3848398662526038,0.26072628498077394,0.5758573101780685,0.5,0.5,0.9,1.0
502126,mscoco,0.03725407924503088,0.12317505032028013,0.10815735552459955,0.35660525910771085,0.0,0.0666666666666666,0.1,0.1
10130,mscoco,0.01968065813416615,0.07503109529746997,0.007113686288357712,0.051579689661310636,0.1,1.0,0.1,1.0
33489,mscoco,0.013764200382865965,0.04774560140476007,0.016786295641213655,0.04575495390316589,0.1,0.5,0.1,0.2
167152,mscoco,0.3119924545288086,0.5047699685286665,0.279269140958786,0.47111109233245185,0.0,0.0294117647058823,0.0,0.0188679245283018
554207,mscoco,0.05918679554015398,0.15553346430825443,0.19426406174898148,0.4242265432323524,0.1,1.0,0.2,0.3333333333333333
162827,mscoco,0.41868427842855455,0.8021937706083205,0.33443888574838637,0.6807466229278857,0.1,1.0,0.3,1.0
329217,mscoco,0.037355764280073346,0.16955799816790915,0.04117789959418587,0.1320765176072196,0.1,1.0,0.1,1.0
187194,mscoco,0.05633049588650465,0.1107448554006432,0.06196277402341366,0.14146689171980106,0.1,0.5,0.2,1.0
374357,mscoco,0.25974732674658296,0.5594388750283534,0.3644814550876617,0.5694093957354371,0.5,1.0,0.9,1.0
240976,mscoco,0.0696076076477766,0.18065782134853803,0.044943340308964255,0.16602845776262598,0.1,0.3333333333333333,0.0,0.0666666666666666
558171,mscoco,0.1480790981091559,0.671903016221524,0.20289228595793246,0.38586355873481665,0.0,0.0068965517241379,0.0,0.0625
126714,mscoco,0.004253234092902858,0.02109829101575526,0.029376516304910182,0.12128801811653804,0.0,0.0006361323155216,0.1,0.2
132652,mscoco,0.47242987900972366,0.8819867066294316,0.602466705441475,0.6258433039619469,0.7,1.0,0.8,1.0
87272,mscoco,0.06574728905688972,0.5481815926497395,0.09752579387277364,0.5913692816417443,0.1,1.0,0.2,1.0
18973,mscoco,0.07401286736130715,0.1634422250096622,0.07157074846327305,0.1887984082795461,0.2,1.0,0.0,0.0833333333333333
214261,mscoco,0.25738454759120943,0.5924488124787607,0.25727061862125994,0.47439223837359096,0.3,1.0,0.3,1.0
44136,mscoco,0.019470178832125384,0.0506714436470575,0.010526311461580918,0.05792594360651856,0.1,0.1,0.0,0.0769230769230769
204020,mscoco,0.00042272105638403447,0.001960012475480248,0.0028852068604919624,0.010452449170017133,0.0,0.0088495575221238,0.1,0.3333333333333333
226848,mscoco,0.3168496772646904,0.43181904144025224,0.2451135277748108,0.48092629324973146,0.3,0.1666666666666666,0.7,1.0
303570,mscoco,0.21063486188650132,0.3223110441692755,0.15258233910426497,0.28558237140954396,0.1,0.1111111111111111,0.0,0.0909090909090909
399983,mscoco,0.1977519564330578,0.2640072619927809,0.38952111452817917,0.7800427433050768,0.1,0.125,0.3,1.0
168843,mscoco,0.07437699735164642,0.2778749319143931,0.08622058387845755,0.24555214160870692,0.2,1.0,0.2,1.0
369074,mscoco,0.24831789564341306,0.6787006497123826,0.2014348588883877,0.6793494288874243,0.1,1.0,0.2,1.0
364487,mscoco,0.0752896960824728,0.1903251683833196,0.09764891602098942,0.23784650476562366,0.0,0.0085470085470085,0.0,0.0051282051282051
232546,mscoco,0.021870394831057637,0.07276341683007241,0.023721363779623063,0.06672297723128191,0.1,0.5,0.0,0.0052910052910052
159,drawbench,0.0009414527201442979,0.0043504984167282495,0.0007045629839922185,0.0024491661340991402,0.0,9.588095420725627e-06,0.0,1.7944300890037325e-05
329336,mscoco,0.087575498316437,0.27270069856187595,0.13636101558804511,0.33017506709017136,0.0,0.0476190476190476,0.0,0.0769230769230769
229481,mscoco,0.027665616432204842,0.1291166008721813,0.09011693466454744,0.1907045197862072,0.0,0.04,0.2,0.25
528575,mscoco,0.29545009657740595,0.6309417107861331,0.18362900975625962,0.543861520960177,0.1,1.0,0.1,1.0
3694,mscoco,0.07372320219874381,0.18208512629780588,0.16358505748212337,0.46684816318070527,0.0,0.0909090909090909,0.4,1.0
417016,mscoco,0.25508366748690603,0.43646339538787937,0.4837751567363739,0.7328015701175992,0.1,0.1666666666666666,0.2,0.1666666666666666
251418,mscoco,0.057152225822210315,0.21389897863222135,0.0721988569945097,0.19554096142828942,0.0,0.0476190476190476,0.0,0.0263157894736842
547866,mscoco,0.3839604534208775,0.6117692652532167,0.3754121497273445,0.7288653540252122,0.3,0.5,0.4,0.5
166998,mscoco,0.21251189038157464,0.2623932496081549,0.4365667149424553,0.7182407194329175,0.4,0.3333333333333333,0.6,1.0
570864,mscoco,0.05473053473979235,0.1492520865278098,0.0319484431296587,0.10247960769967332,0.6,1.0,0.4,0.5
462445,mscoco,0.021814186737174168,0.08470459379920564,0.021733587537892163,0.08156783922667044,0.1,1.0,0.1,1.0
300661,mscoco,0.007426143728662282,0.024567247133312025,0.0031735607801238073,0.016884386107544287,0.1,0.1666666666666666,0.1,1.0
169502,mscoco,0.27203993387520314,0.4830590911784184,0.09648380009457469,0.45724265520137025,0.1,0.2,0.1,1.0
66144,mscoco,0.02097759974421933,0.059534327667074255,0.04219944402575493,0.15309650129496405,0.1,0.1,0.1,1.0
269843,mscoco,0.01919587698066607,0.06678657170107312,0.01824566872091964,0.12244670996480327,0.1,0.25,0.1,1.0
54938,mscoco,0.04144168761558831,0.10386521185361426,0.06214518346823752,0.1846828561990583,0.0,0.0175438596491228,0.0,0.04
27390,mscoco,0.14275884106755257,0.2545888848862553,0.16295115165412427,0.28920248874758114,0.1,0.1666666666666666,0.1,0.3333333333333333
521978,mscoco,0.4757772281765938,0.8099793764141434,0.4158882662653923,0.836513962766933,0.1,1.0,0.1,0.5
429433,mscoco,0.07639074493199587,0.16341180107420494,0.08624713621102273,0.33161301111011304,0.1,0.25,0.0,0.0093457943925233
134,drawbench,0.04028596868738532,0.12699798148034688,0.030429485812783243,0.06335516576766136,0.0,2.6367136001687492e-05,0.0,0.0021231422505307
378621,mscoco,0.023690200372948313,0.08128198735308981,0.048490740545094016,0.17174080309123385,0.1,0.1111111111111111,0.0,0.0476190476190476
222948,mscoco,0.06224165018647909,0.17058283851482442,0.10692495852708817,0.26444134223948235,0.0,0.0056497175141242,0.1,0.3333333333333333
77,drawbench,0.013780792744364589,0.041640354342928516,0.011450499342754484,0.04498333031892269,0.0,0.0095238095238095,0.0,0.0084033613445378
124903,mscoco,0.43753298819065095,0.45832594684114825,0.44805084392428396,0.6552117344779461,0.1,0.3333333333333333,0.8,1.0
359375,mscoco,0.02452057069167495,0.07544528199944216,0.05360993817448616,0.1835600571447653,0.1,0.5,0.1,0.5
244760,mscoco,0.056198805826716124,0.15947964809942305,0.07329902099445462,0.1514796217457206,0.7,1.0,0.8,1.0
83097,mscoco,0.04677852848544717,0.14127238620805313,0.03334934953600168,0.11978699415422585,0.3,0.2,0.3,0.3333333333333333
337264,mscoco,0.014770087591023185,0.09876616925010316,0.028699614200741054,0.12541591029381208,0.1,1.0,0.1,1.0
145921,mscoco,0.4602423459291458,0.676797732631975,0.5597117602825165,0.847951975075225,0.2,0.2,0.0,0.0833333333333333
422155,mscoco,0.21620151288807393,0.5304215778159581,0.14249277403578162,0.36834388440549676,0.5,1.0,0.8,1.0
451969,mscoco,0.06990932235494256,0.1551887360482431,0.09470716137439013,0.19255892947878606,0.1,0.1666666666666666,0.1,0.2
484344,mscoco,0.03647813680581748,0.1201158015548948,0.0376096710562706,0.15195340860324613,0.2,0.25,0.3,0.3333333333333333
488952,mscoco,0.09119681026786566,0.17910356959300802,0.15421148911118507,0.5881988023317186,0.1,0.1666666666666666,0.1,1.0
67163,mscoco,0.09771528434939683,0.6805029226745393,0.09559563037473709,0.2889686297594673,0.1,1.0,0.1,0.3333333333333333
521068,mscoco,0.06870646215975285,0.20365757096074277,0.09780298806726932,0.19277516884938828,0.1,0.1,0.0,0.0119047619047619
424340,mscoco,0.017311005882220343,0.04105529083438606,0.021263556834310294,0.05768302842559359,0.1,0.2,0.0,0.0769230769230769
364491,mscoco,0.05335445431992412,0.1391827592161429,0.030281196115538478,0.15637803686674967,0.2,1.0,0.0,0.0909090909090909
556901,mscoco,0.4355363562703133,0.6390663573213284,0.4350853219628334,0.5977365765005882,0.2,0.5,0.0,0.0526315789473684
420826,mscoco,0.47334834188222885,0.7949580150395499,0.4956062361598015,0.6236356266654416,0.2,1.0,0.2,0.3333333333333333
283213,mscoco,0.09776779487729073,0.25715536820603824,0.16025120355188846,0.36011188694941604,0.0,0.0833333333333333,0.2,0.2
214363,mscoco,0.003881794877815992,0.013519189347429456,0.005749551800545305,0.023903898537425507,0.1,0.25,0.1,1.0
165350,mscoco,0.2487574376165867,0.515250795317814,0.38996294140815735,0.7013026840535516,0.0,0.0909090909090909,0.2,1.0
79806,mscoco,0.1983429953455925,0.4455346978150533,0.19215005673468114,0.4211766906296165,0.0,0.0833333333333333,0.1,0.125
279175,mscoco,0.13251828327775,0.2782893885394187,0.09234919308219106,0.2810597213463081,0.3,0.5,0.4,1.0
200423,mscoco,0.06710187047719955,0.12999605768303132,0.16068970821797848,0.3260632171400341,0.1,0.1111111111111111,0.2,0.1111111111111111
11041,mscoco,0.530660255253315,0.7423497169614914,0.6996468245983124,0.9406044497690503,0.7,1.0,0.7,0.3333333333333333
61377,mscoco,0.022534307464957236,0.05479505444141068,0.025753544038161637,0.0908433351449844,0.1,0.1,0.1,0.5
499094,mscoco,0.21869592163711787,0.24440271070747666,0.3296677902340889,0.3867598301893969,0.0,0.0476190476190476,0.3,0.25
65,drawbench,0.009870454989140853,0.0687788814591125,0.008669339987682179,0.022275085946345245,0.0,0.0,0.0,0.0
20542,mscoco,0.3051558770239353,0.49253079186577514,0.3589333653450012,0.5507298598009115,0.2,0.3333333333333333,0.2,1.0
295472,mscoco,0.12790074646472932,0.2524663482938017,0.19305153489112853,0.5597272129163458,0.2,0.3333333333333333,0.7,1.0
4471,mscoco,0.06898720287717879,0.14679460229391633,0.030419422523118557,0.09516421885854956,0.3,0.5,0.2,0.25
518816,mscoco,0.004478736594319343,0.020834047498289633,0.0027276285876723706,0.013277492627788996,0.1,1.0,0.1,0.3333333333333333
267700,mscoco,0.26946726590394976,0.5683532277243681,0.4171223357319832,0.5743250306182518,0.8,1.0,0.5,1.0
436696,mscoco,0.059940646309405564,0.23536648658298823,0.05277373977005482,0.15935297800533665,0.0,0.0833333333333333,0.2,0.5
477351,mscoco,0.01376538323238492,0.04632373741478627,0.008728310279548169,0.0441479354464563,0.2,1.0,0.2,1.0
84084,mscoco,0.24737850874662398,0.4596381024908848,0.270117911696434,0.38396338142411895,0.1,1.0,0.4,0.5
492314,mscoco,0.25972924306988715,0.4949610947602462,0.5193278968334198,0.7466605158168491,0.1,0.125,0.2,0.3333333333333333
13882,mscoco,0.01985271000303328,0.0631674475034999,0.0068068577675148845,0.047289486414938194,0.1,1.0,0.1,1.0
125700,mscoco,0.027455574984196575,0.07500657447242862,0.060077447444200516,0.20933762021081243,0.2,0.5,0.1,1.0
370103,mscoco,0.3296996638178825,0.6343108144244288,0.37796081602573395,0.6243505577371856,0.3,1.0,0.0,0.0909090909090909
94,drawbench,0.036564886244013904,0.09108582983193765,0.024674998177215458,0.06502269429498837,0.0,0.0769230769230769,0.0,0.0048543689320388
137273,mscoco,0.13332943189889193,0.39927642306804695,0.14776922175660728,0.7072987232204,0.1,0.5,0.1,1.0
106935,mscoco,0.16288106590509416,0.4454071322822349,0.2118697427213192,0.3950598063431725,0.1,0.1111111111111111,0.1,0.125
797,mscoco,0.17411202769726514,0.4187487105995992,0.2632896326482296,0.43772414927165265,0.5,0.5,0.6,1.0
107362,mscoco,0.014256342296721413,0.032194819452008,0.020582046720664948,0.12326103561384587,0.1,0.125,0.3,1.0
81128,mscoco,0.01455850200727582,0.05397239877914435,0.011238081770716234,0.06765936270824133,0.1,0.5,0.1,1.0
442554,mscoco,0.012416626507183537,0.09946640366556785,0.012131721249897965,0.0979277192753017,0.1,1.0,0.1,1.0
19413,mscoco,0.1835885051637888,0.43692170199872626,0.12397604510188102,0.32332247512204826,0.0,0.008,0.0,0.0033444816053511
7583,mscoco,0.019113805773667992,0.0862288071727959,0.05455645509064198,0.11524515660395665,0.0,0.0909090909090909,0.4,1.0
464634,mscoco,0.01864963750122115,0.06330640251652694,0.021271579412859863,0.09746603949145502,0.1,0.5,0.2,1.0
257788,mscoco,0.13338288385421038,0.44657571252385997,0.2056387505494058,0.4194227314652175,0.4,1.0,0.3,0.5
385438,mscoco,0.0719856339506805,0.3290911026990375,0.10570111144334078,0.28693797923533393,0.0,0.04,0.0,0.0833333333333333
275432,mscoco,0.038929333351552485,0.13205707035470793,0.07796236760914325,0.19469934289963037,0.0,0.0232558139534883,0.1,1.0
490582,mscoco,0.018268249032553287,0.11504692820710262,0.03947020830819383,0.0939282223892287,0.1,0.5,0.1,1.0
399880,mscoco,0.03894930258393288,0.1427715395832899,0.0495712828822434,0.15431275994206994,0.2,1.0,0.2,1.0
256903,mscoco,0.2853795997798443,0.43028667971889173,0.40839841067790983,0.5867820230176942,0.0,0.0476190476190476,0.6,0.3333333333333333
2349,mscoco,0.047470204439014195,0.1487883711248946,0.06245514741167426,0.18158435287441302,0.1,0.5,0.1,1.0
70735,mscoco,0.28696969896554947,0.4790702504912664,0.29947416931390763,0.6413421946513534,0.4,0.3333333333333333,0.5,1.0
73634,mscoco,0.08930376237258315,0.29766987661288563,0.08287352453917265,0.1941737763346356,0.4,1.0,0.5,1.0
495131,mscoco,0.02512352108024061,0.08422957153874279,0.015888350550085306,0.0670286650298492,0.0,0.0217391304347826,0.1,0.1
548953,mscoco,0.09607348386198282,0.2259727034536412,0.17150402888655664,0.288511463387947,0.0,0.0119047619047619,0.0,0.0227272727272727
517780,mscoco,0.09636821635067463,0.37907755090626505,0.09542890563607216,0.377093897927357,0.1,1.0,0.1,1.0
314616,mscoco,0.06378580778837203,0.18874888805215156,0.07825829200446606,0.26341879405884727,0.0,0.0909090909090909,0.1,1.0
51070,mscoco,0.013490157714113594,0.046161521213642594,0.041572182159870866,0.13274863633315628,0.0,0.0048076923076923,0.1,0.5
61761,mscoco,0.1790885090827942,0.5917015036302504,0.17224441170692445,0.5664187986922312,0.3,1.0,0.5,1.0
228657,mscoco,0.2703291840851307,0.42753719820833647,0.4879252761602402,0.6708115079084879,0.1,0.1428571428571428,0.6,0.3333333333333333
328732,mscoco,0.2973587796092033,0.41601106038593116,0.37123188823461534,0.7761817927273875,0.3,0.25,0.3,1.0
152108,mscoco,0.29526266530156137,0.38233990535502466,0.3091674461960793,0.4926500348992063,0.4,1.0,0.7,0.5
309192,mscoco,0.2802483566105366,0.5001401065200777,0.2561195895075798,0.31907922270962363,0.3,1.0,0.2,0.25
28085,mscoco,0.011959285766351968,0.06834969974585038,0.00950490822433494,0.05915995828946444,0.1,1.0,0.1,1.0
392717,mscoco,0.028723901882767678,0.0852559254147771,0.01930022081360221,0.050946469790157274,0.0,0.003731343283582,0.1,1.0
373648,mscoco,0.3089055232703686,0.5533506364824305,0.36301095187664034,0.6658492201958556,0.2,0.5,0.2,0.5
186201,mscoco,0.1494944840669632,0.323148797900883,0.16185429729521275,0.48660807522400584,0.3,1.0,0.1,0.25
556248,mscoco,0.0316831570584327,0.1029096300417804,0.02233583596535027,0.07026778350264637,0.3,0.5,0.1,0.3333333333333333
30631,mscoco,0.011837742337957025,0.040630472032125414,0.028024124121293424,0.09188099840392332,0.0,0.0012165450121654,0.1,0.25
109838,mscoco,0.1278695821762085,0.3570654832386801,0.14153007976710796,0.2741283907544352,0.1,1.0,0.4,0.2
97686,mscoco,0.1711328131146729,0.6938009649147524,0.21761735239997507,0.3426405717945301,0.1,1.0,0.1,0.1
22559,mscoco,0.04172488395124674,0.18942415885585004,0.030084251007065178,0.17580719880950527,0.1,1.0,0.1,1.0
163474,mscoco,0.24111283700913191,0.493374298361048,0.13005752265453338,0.382505677987994,0.0,0.0069930069930069,0.0,0.05
23489,mscoco,0.4149835631251335,0.6591924374668919,0.42822503224015235,0.6446494867606581,0.6,1.0,0.8,1.0
460417,mscoco,0.05675930604338646,0.11119081952581451,0.04254842381924391,0.13227144355116704,0.0,0.0103092783505154,0.1,1.0
143120,mscoco,0.10770699195563793,0.2352074998223554,0.06076849736273289,0.19117665226994096,0.1,0.3333333333333333,0.2,0.5
549649,mscoco,0.009553823957685382,0.02617156618109728,0.002947990389657207,0.017163357518668203,0.1,0.5,0.1,1.0
62132,mscoco,0.051093602436594665,0.36646922848258084,0.018664215116587002,0.17741997502026138,0.1,0.5,0.1,1.0
371157,mscoco,0.04673236794769764,0.13724073076731075,0.03158164592459798,0.11206000871237858,0.0,0.04,0.1,0.1
376009,mscoco,0.023599576926790176,0.09127000488803784,0.024128717416897417,0.06003380374196343,0.1,1.0,0.0,0.0357142857142857
41997,mscoco,0.7800749063491821,0.7869950660843988,0.7431991219520568,0.8760205482709251,0.9,1.0,1.0,1.0
305338,mscoco,0.05042156372219324,0.2041500886212154,0.05293786553665995,0.17165624011665728,0.5,0.5,0.2,1.0
151922,mscoco,0.14214398823678492,0.32594779476161134,0.25546295307576655,0.5782659654321685,0.1,0.1428571428571428,0.3,1.0
169683,mscoco,0.10871352888643741,0.3527749809876509,0.10988347679376602,0.35082326954120857,0.5,1.0,0.7,1.0
504216,mscoco,0.005655085697071627,0.02547281647255207,0.0020773393422132357,0.010018232497375702,0.1,1.0,0.1,0.5
42215,mscoco,0.23224611394107342,0.44681544458050315,0.15977856097742915,0.4213533871841402,0.5,1.0,0.5,1.0
285607,mscoco,0.2890513215214014,0.44084420653140244,0.3638099029660225,0.5357156054625992,0.0,0.0666666666666666,0.0,0.0192307692307692
345562,mscoco,0.021943723782896996,0.09817209013612624,0.03281245185062289,0.09519816944515111,0.1,0.2,0.1,0.1
155160,mscoco,0.09680242585018277,0.31770622807276494,0.07376346630044281,0.32488112143839193,0.1,1.0,0.1,1.0
576944,mscoco,0.02165267039090395,0.060215960546679805,0.02630393039435148,0.11058903627006833,0.1,0.3333333333333333,0.3,1.0
488360,mscoco,0.014325431163888425,0.027616190729058156,0.013290901831351221,0.03735039478940457,0.1,0.1428571428571428,0.1,0.3333333333333333
20641,mscoco,0.15795568265020848,0.3220807728632296,0.178910974599421,0.35627426715957705,0.2,1.0,0.2,1.0
83268,mscoco,0.12133142319507897,0.31696814276164653,0.07635157722979784,0.22019086356035159,0.1,1.0,0.0,0.037037037037037
203618,mscoco,0.1607388224452734,0.20916063904304824,0.1578317131847143,0.5574011120096332,0.1,0.125,0.1,1.0
301870,mscoco,0.2646182671189308,0.5615157992644114,0.42928845109418035,0.6117031443283094,0.5,1.0,0.6,1.0
424788,mscoco,0.090919766202569,0.20680584154515344,0.14927164353430272,0.4078856564951651,0.1,1.0,0.5,1.0
292170,mscoco,0.02135971370153129,0.06708751015301956,0.07986867409199476,0.27427718395892525,0.1,0.1111111111111111,0.3,0.5
502823,mscoco,0.2323922760784626,0.5956353041648036,0.3276597663760185,0.49096110462350057,0.2,1.0,0.4,1.0
40531,mscoco,0.07452103160321713,0.20873164247773307,0.0823385775089264,0.19589002026407412,0.6,0.3333333333333333,0.8,0.5
162020,mscoco,0.0955808088183403,0.15654674798116494,0.061746646743267776,0.19312864283635256,0.1,0.25,0.1,0.3333333333333333
84853,mscoco,0.38075387552380563,0.6620078276508075,0.3192070171236992,0.4264397771015535,0.5,0.5,0.7,1.0
139839,mscoco,0.05410421653650701,0.11751445074256779,0.08421493824571372,0.3159546438342452,0.1,0.125,0.1,0.1666666666666666
163296,mscoco,0.8365076065063477,0.9328964849082224,0.7944597199559211,0.9420221407205082,0.5,0.3333333333333333,0.4,1.0
268644,mscoco,0.2856461212038994,0.5885291331073855,0.3527045726776123,0.5519497911410682,0.7,1.0,0.9,1.0
69283,mscoco,0.010871958232019096,0.043703826317694185,0.010434942069696262,0.0435464815802321,0.0,0.0169491525423728,0.1,1.0
59610,mscoco,0.3982674166560173,0.7282955046499884,0.45800250619649885,0.7627246124021806,0.5,1.0,0.7,1.0
471834,mscoco,0.09462298075668514,0.19235254638812718,0.08225036291405559,0.20221792056729634,0.2,0.3333333333333333,0.7,0.5
15197,mscoco,0.29256590120494363,0.30463702425010303,0.36661411747336387,0.5028548019141028,0.4,0.5,0.6,0.5
343908,mscoco,0.031215184525353833,0.08719431635472061,0.028702004067599773,0.07749926550143259,0.0,0.0093457943925233,0.0,0.0208333333333333
451375,mscoco,0.019753144960850476,0.07579245756223983,0.007980352043523454,0.054169416517618384,0.1,0.3333333333333333,0.1,0.5
440027,mscoco,0.13217704109847545,0.2506129727306399,0.14557364247739316,0.30007725099090704,0.2,0.25,0.5,0.5
377777,mscoco,0.020489718270255253,0.06874267657036523,0.024688716686796397,0.06587602386135906,0.0,0.0060240963855421,0.3,1.0
130240,mscoco,0.31396656334400175,0.5076145841823706,0.5365896165370941,0.6572738572708431,0.4,0.25,0.8,0.5
121618,mscoco,0.0940048448741436,0.24975368674878742,0.09305531997233629,0.20813487563819438,0.3,0.5,0.3,0.5
273245,mscoco,0.037841725582256916,0.1346963401020415,0.03379813311621547,0.10909775301269929,0.1,0.2,0.0,0.0714285714285714
187978,mscoco,0.019152827747166156,0.06338054076349466,0.01945905024185777,0.0853641231611261,0.1,0.25,0.1,1.0
395933,mscoco,0.02297952529042959,0.10608202750003778,0.03831096608191729,0.1175526595761519,0.1,0.5,0.1,1.0
247184,mscoco,0.15580759281292558,0.36531639638812635,0.12890521325170995,0.23392312498462278,0.1,0.2,0.4,0.5
198397,mscoco,0.1781822547316551,0.2411053260452185,0.211611095815897,0.3845677763824053,0.1,0.125,0.4,1.0
266207,mscoco,0.6779622077941895,0.8200789040055249,0.6613299578428269,0.8342458860689889,0.7,1.0,1.0,1.0
324816,mscoco,0.10771356672048568,0.29241216960699035,0.09897966254502535,0.3194063794547011,0.1,0.1111111111111111,0.1,0.25
539311,mscoco,0.03363416311331093,0.14200480477293156,0.02534994073212147,0.13560534563669957,0.1,1.0,0.2,1.0
34,drawbench,0.0713422947563231,0.16718396576803496,0.06162994988262653,0.21445752293029796,0.0,0.0,0.0,0.0
214413,mscoco,0.03880727640353143,0.11097013093947306,0.03402550173923373,0.11697274633055758,0.0,0.0526315789473684,0.1,1.0
521574,mscoco,0.051663698814809325,0.16094166500325963,0.04262481858022511,0.1837812584941321,0.0,0.0007710100231303,0.0,0.0185185185185185
317112,mscoco,0.02735145511687733,0.09087777270894314,0.0488202397711575,0.22960411130694267,0.1,1.0,0.1,0.1111111111111111
552295,mscoco,0.11742713525891305,0.42304480456657595,0.08150933464057744,0.3916916015412537,0.0,0.037037037037037,0.1,0.25
579787,mscoco,0.4139032311737537,0.8818043512395624,0.37197120785713195,0.7129826587343617,0.3,1.0,0.5,1.0
384422,mscoco,0.017657979181967674,0.05771244070460992,0.03863894357345998,0.11437340368001725,0.1,1.0,0.0,0.0434782608695652
531725,mscoco,0.3877075970172882,0.5782053684827644,0.4937793701887131,0.8704382580432601,0.4,0.5,0.7,1.0
491943,mscoco,0.024499440391082317,0.06753492517761082,0.04227761994116008,0.1056901260168827,0.1,0.5,0.1,1.0
56605,mscoco,0.10862500444054604,0.20853686032560984,0.06842864779755473,0.17081666815271618,0.1,0.5,0.4,1.0
444272,mscoco,0.017186550539918244,0.037880672893722996,0.005443545064190402,0.02993345269921899,0.0,0.0217391304347826,0.1,0.3333333333333333
220948,mscoco,0.04229775601997972,0.12259488518739621,0.05827777683734894,0.17244304894637272,0.1,0.1428571428571428,0.8,1.0
265176,mscoco,0.060527350194752215,0.1313027685383941,0.04578923676162958,0.13722438626718092,0.3,1.0,0.3,1.0
186,drawbench,0.030187321826815605,0.1726316831330803,0.083667675498873,0.32848317088678647,0.0,0.0,0.0,0.0
275835,mscoco,0.08056648522615432,0.24473843769178613,0.057892723195254805,0.16113082123560926,0.2,0.5,0.2,0.1666666666666666
386036,mscoco,0.07481754031032324,0.19490504380854534,0.07151015102863312,0.1716822171156896,0.3,0.5,0.3,0.3333333333333333
165638,mscoco,0.147122835367918,0.24576127406097853,0.14885497614741325,0.3540524113154366,0.1,0.1428571428571428,0.1,0.1666666666666666
388353,mscoco,0.1500591367483139,0.29338652358618605,0.14839434139430524,0.4329917200328242,0.1,0.125,0.2,1.0
4624,mscoco,0.5977929979562759,0.788827132596624,0.4866635113954544,0.7285232871929106,0.4,1.0,0.6,1.0
206871,mscoco,0.1471444323658943,0.31394847792371844,0.1936960071325302,0.4189356252636118,0.3,0.3333333333333333,0.4,1.0
516805,mscoco,0.014501615869812667,0.07315380334416047,0.01853068800410256,0.08068617468417995,0.1,1.0,0.1,1.0
531798,mscoco,0.24127734825015068,0.3435542247385485,0.3551422506570816,0.5255109798367924,0.4,0.5,0.5,1.0
89095,mscoco,0.13623951524496078,0.26634573938847994,0.23380048237740994,0.4913369568900789,0.1,0.1666666666666666,0.1,0.1666666666666666
18078,mscoco,0.10090978927910328,0.2503475067218116,0.05925489589571953,0.18990534908065318,0.7,0.5,0.6,1.0
136900,mscoco,0.5245422422885895,0.6725508552776416,0.47074662148952484,0.5831468871950516,0.2,0.125,0.5,0.5
16,drawbench,0.02006021412089467,0.0562720181653731,0.012323641928378492,0.045616673304989454,0.0,0.0,0.0,0.0
350724,mscoco,0.06031196999829262,0.21220657367557233,0.13921725852414965,0.36507929519481813,0.1,0.25,0.1,0.3333333333333333
477195,mscoco,0.05854033902287483,0.22715461234999115,0.05017227753996849,0.16666834265864947,0.6,1.0,0.5,1.0
55059,mscoco,0.10983718447387218,0.46603784706167223,0.13658026419579983,0.4843052699829192,0.1,1.0,0.1,1.0
28214,mscoco,0.045424191863276064,0.33352905924655313,0.0517749942257069,0.32925111575330873,0.2,1.0,0.2,1.0
192812,mscoco,0.1448330756276846,0.2899499886684218,0.10085434503853322,0.2794076404134208,0.1,0.5,0.1,1.0
162717,mscoco,0.012140809698030353,0.044595719293582047,0.018797758629079907,0.07639047675714332,0.1,0.25,0.1,1.0
547136,mscoco,0.19184318780899048,0.33212438592256877,0.1620129443705082,0.2788159929405077,0.1,0.125,0.1,0.1
408182,mscoco,0.09778981786221266,0.18523100976395643,0.1071521089412272,0.2887348518038354,0.1,0.1666666666666666,0.1,0.2
360536,mscoco,0.059564006561413405,0.2502600191949401,0.04984539658762514,0.2343611011887672,0.1,1.0,0.1,1.0
485564,mscoco,0.2143566973041743,0.3287647618844531,0.4882099196314812,0.616419697015092,0.3,0.3333333333333333,0.3,0.1666666666666666
360695,mscoco,0.573476792126894,0.5371111995194612,0.7144964694976806,0.7461708880069675,0.4,0.25,0.6,0.5
514483,mscoco,0.06552630985970609,0.2344383672824486,0.06006522811949253,0.17204078988044155,0.1,0.25,0.2,1.0
409918,mscoco,0.053513738140463826,0.23488579369239135,0.04819374922662974,0.1622247683505707,0.1,0.5,0.1,1.0
34333,mscoco,0.003810172408702783,0.016102910149957367,0.005222752451663837,0.026641786028756807,0.1,1.0,0.1,0.5
156915,mscoco,0.2702573426067829,0.34627091805213556,0.2593074131757021,0.661123826004607,0.1,0.125,0.1,1.0
16520,mscoco,0.34827967286109923,0.6237219340577769,0.27172100022435186,0.6316301615338771,0.1,1.0,0.1,0.5
308441,mscoco,0.28791476637125013,0.4877096094137972,0.4595703959465027,0.7160751135644001,0.4,1.0,0.7,1.0
246146,mscoco,0.14486910179257392,0.3309376396841188,0.22722889557480813,0.4705371612775208,0.1,0.125,0.4,1.0
525342,mscoco,0.02316221716464497,0.1430833380079827,0.02751783961430192,0.08088290825890933,0.0,0.0217391304347826,0.1,0.3333333333333333
293306,mscoco,0.2955952987074852,0.6705657413559595,0.2757067695260048,0.4515036580934713,0.0,0.0769230769230769,0.0,0.0050761421319796
163431,mscoco,0.12480532042682171,0.2895978899475685,0.15237041413784028,0.6098668574913295,0.3,0.5,0.2,0.1666666666666666
41265,mscoco,0.2972926709800959,0.5696051020992179,0.22809835486114025,0.4188030306633773,0.1,1.0,0.0,0.0833333333333333
184610,mscoco,0.023034206684678794,0.12302965978516732,0.053481326624751094,0.15068473402743737,0.1,1.0,0.1,0.25
545673,mscoco,0.13977629076689482,0.33849329754352436,0.10762491463683546,0.4633644876836321,0.5,0.5,0.3,0.5
187757,mscoco,0.17094033043831586,0.18826854424199133,0.24764174669981004,0.5500256604518974,0.2,0.2,0.6,0.5
492065,mscoco,0.06003629968035966,0.16764318243559045,0.12121475171297788,0.21529860493990502,0.0,0.0277777777777777,0.2,0.25
352248,mscoco,0.12233344241976737,0.2720399388860791,0.09695797339081764,0.23069258601725906,0.3,1.0,0.3,1.0
360173,mscoco,0.28897321969270706,0.3905723784323825,0.45138951390981674,0.5757783658020346,0.2,0.2,0.5,0.5
443913,mscoco,0.07184769790619612,0.15504709668395894,0.11021798793226481,0.2804973835749871,0.0,0.0476190476190476,0.1,0.1428571428571428
475301,mscoco,0.1458018820732832,0.29234972589672065,0.20165451541543006,0.458700068891842,0.1,0.5,0.3,1.0
196,drawbench,0.005395790451439097,0.013700775753323794,0.0014717434512931504,0.005779081688357587,0.0,0.0,0.0,0.0
66192,mscoco,0.0641421196050942,0.15943883447721718,0.11559038795530796,0.2742627479089178,0.1,0.2,0.2,0.2
158950,mscoco,0.07224735226482153,0.2942901070188219,0.16838383600115775,0.32543452736146394,0.2,0.5,0.3,1.0
536278,mscoco,0.6157438009977341,0.8144545102856916,0.4573904789984226,0.513739606582817,0.9,1.0,0.7,0.5
232417,mscoco,0.06301952023059129,0.23902826477407202,0.1250028446316719,0.2732833630397959,0.0,0.0454545454545454,0.0,0.0072992700729927
395013,mscoco,0.0469807016896084,0.09829575365868044,0.05715586561709642,0.13972873575201897,0.3,1.0,0.3,0.5
113839,mscoco,0.21901064570993184,0.32042196822675606,0.2453397324308753,0.5193235427578778,0.6,1.0,0.5,0.5
103512,mscoco,0.1577652707695961,0.25023749970873044,0.19682651683688163,0.3365444904398431,0.0,0.0038022813688212,0.0,0.0094339622641509
47597,mscoco,0.22882692329585552,0.6711278466515214,0.124374233558774,0.24196913210262438,0.2,1.0,0.1,0.2
197427,mscoco,0.38149406015872955,0.6988195136504801,0.2871453084051609,0.5603996881110822,0.7,1.0,0.4,0.3333333333333333
416604,mscoco,0.10157234240323305,0.3171356962327865,0.08278284980915487,0.3018463295152591,0.1,1.0,0.1,1.0
513733,mscoco,0.20635005801450462,0.3527341298226404,0.20323514863848685,0.44297427359332214,0.8,1.0,0.8,1.0
182373,mscoco,0.23796354681253434,0.4752385032908931,0.4643025606870651,0.6049460849695096,0.1,0.5,0.8,1.0
561919,mscoco,0.2361671593040228,0.5592717641295135,0.2547099329531193,0.7605984566790726,0.2,0.1111111111111111,0.7,1.0
221165,mscoco,0.19302343130111693,0.2433338760863122,0.16586126573383808,0.280359720135484,0.0,0.0833333333333333,0.0,0.0133333333333333
13,drawbench,0.24650579541921616,0.43395257361302153,0.3224398702383041,0.45880822883899697,0.0,0.003690036900369,0.0,0.0178571428571428
490057,mscoco,0.13415373414754866,0.4569129390683618,0.2315893903374672,0.39915817426869926,0.1,1.0,0.4,1.0
561957,mscoco,0.4984301656484604,0.7741860801709409,0.5137051343917847,0.7115574162298767,0.3,0.5,1.0,1.0
451772,mscoco,0.670113418996334,0.8138041769227782,0.7531794965267181,0.9329259761215918,0.8,1.0,0.9,1.0
247223,mscoco,0.31197671964764595,0.7837740334646003,0.23110272251069547,0.36771162735709284,0.2,1.0,0.2,0.5
532253,mscoco,0.0022906990539922844,0.019881085061021354,0.002298892236103711,0.020103362101844983,0.1,1.0,0.1,1.0
178,drawbench,0.0004629533468687441,0.0011260651690257108,5.356629208108643e-05,0.00023027353582460812,0.0,0.0,0.0,0.0
15621,mscoco,0.17646825388073922,0.30938251767102143,0.17871262803673743,0.38407662353379013,0.1,0.1,0.5,1.0
161634,mscoco,0.1537470430135727,0.2607584060704363,0.13233708068728448,0.26060173759304,0.1,0.1,0.1,0.2
33555,mscoco,0.198970003426075,0.4085791265408618,0.3887975841760635,0.6713962148131598,0.1,0.5,0.2,1.0
59,drawbench,0.05197931444272399,0.1825234210926925,0.056561874644830826,0.16981295318405015,0.0,0.0,0.0,0.0
17869,mscoco,0.20716043412685395,0.3146481760336092,0.1752815365791321,0.3226566296043918,0.0,0.0909090909090909,0.3,0.3333333333333333
378790,mscoco,0.0062673782464116815,0.023022498323287795,0.004568389132327866,0.018493984383042013,0.1,0.2,0.2,1.0
248876,mscoco,0.16883110180497168,0.33274153563479303,0.17147378399968147,0.3527361856558304,0.0,0.0294117647058823,0.2,1.0
398130,mscoco,0.1264051666483283,0.4365705110988691,0.12714642491191624,0.405094618488084,0.1,0.5,0.1,0.5
124236,mscoco,0.042499956814572214,0.08080158584958172,0.04000435140915215,0.1326570868660773,0.1,0.1666666666666666,0.1,0.25
441382,mscoco,0.09128089752048255,0.5512643743976197,0.06839784104377031,0.2027223402234509,0.2,0.3333333333333333,0.1,1.0
444670,mscoco,0.04022615593858063,0.16409593940430658,0.042254879511892794,0.17434600986402055,0.0,0.03125,0.1,1.0
482665,mscoco,0.08492871960625052,0.24612711995082237,0.04752178904600442,0.3430641224902482,0.1,0.5,0.1,1.0
170766,mscoco,0.06753073800355196,0.27207208727817966,0.13465289026498795,0.3055447542360816,0.1,1.0,0.1,0.5
156904,mscoco,0.054516125936061144,0.15630979699639944,0.03074330501258373,0.11084368642630008,0.2,0.5,0.1,0.3333333333333333
313156,mscoco,0.3785004146397114,0.6236017196037132,0.35179478153586385,0.6639875987965299,0.2,0.1428571428571428,0.2,1.0
129176,mscoco,0.5505556344985962,0.7516010829964489,0.5959568411111832,0.8030493230318068,0.4,0.5,0.6,0.5
295558,mscoco,0.319994805753231,0.4069018613548061,0.32599933817982674,0.5965105165290374,0.0,0.0333333333333333,0.2,1.0
246358,mscoco,0.17466959869489074,0.37911286442667375,0.1916183888912201,0.38133632530875317,0.5,1.0,0.6,1.0
281052,mscoco,0.17527915723621845,0.2874253464746547,0.07782628796994687,0.21480762739456055,0.1,0.5,0.3,1.0
324165,mscoco,0.01729244701564312,0.05832791717962361,0.024191155610606075,0.10372699321509139,0.1,1.0,0.1,1.0
536900,mscoco,0.16049642711877823,0.21510497877189402,0.21025103656575084,0.4372705199611895,0.5,0.5,0.7,1.0
579341,mscoco,0.16312153600156307,0.34190970783544267,0.2511990860104561,0.4135614883646027,0.5,1.0,0.6,0.5
149679,mscoco,0.0012463725775887723,0.005345121828203697,0.0022728454088792203,0.015581909274552443,0.0,0.0909090909090909,0.1,0.25
283840,mscoco,0.00482904352247715,0.018828410559289997,0.005748042790219188,0.02774594924747785,0.1,1.0,0.2,0.25
361351,mscoco,0.07572920331731439,0.3742407925749986,0.07391002289950847,0.27855138237841987,0.2,1.0,0.1,0.3333333333333333
415239,mscoco,0.2783243913203478,0.5025235559202085,0.27875243350863455,0.4292745440819181,0.3,0.3333333333333333,0.6,0.3333333333333333
99073,mscoco,0.11938074715435505,0.21648595011628283,0.12191840913146734,0.3145101202000262,0.3,0.5,0.4,0.3333333333333333
369653,mscoco,0.43893030993640425,0.689223578369771,0.47509269043803215,0.8325701657046509,0.2,1.0,0.1,0.125
72583,mscoco,0.0056683884235098955,0.04227843289569124,0.0055686307488940654,0.0447698083367126,0.1,1.0,0.1,1.0
565326,mscoco,0.03144304510205984,0.09301446734799476,0.03158208723179996,0.08247236117798193,0.0,0.0714285714285714,0.1,0.5
264660,mscoco,0.02591222836636007,0.10743721319038568,0.022274708678014576,0.12090771098187332,0.1,1.0,0.1,1.0
236552,mscoco,0.16822025254368783,0.4229457273120422,0.1811861228197813,0.5673331830512259,0.2,1.0,0.3,1.0
522491,mscoco,0.05121974758803845,0.15518071528689453,0.10087611470371485,0.21271518793976296,0.0,0.0769230769230769,0.0,0.0095238095238095
84757,mscoco,0.019102092224056833,0.06573986738721567,0.017382493475452065,0.05142176988419472,0.0,0.0096153846153846,0.1,0.1666666666666666
40957,mscoco,0.026490780559834094,0.15010685587588182,0.0290793395601213,0.1056613577301617,0.1,1.0,0.1,0.5
95679,mscoco,0.021947418607305737,0.09722455957714764,0.02162040371913463,0.09562506371731491,0.2,1.0,0.2,1.0
265279,mscoco,0.3486123725771904,0.5018855334647445,0.3221763350069523,0.5583548123101812,0.4,1.0,0.3,0.5
245938,mscoco,0.0975546482950449,0.40998629728406005,0.08170205503702163,0.37780568215529475,0.2,1.0,0.1,1.0
522639,mscoco,0.08423095783218741,0.20202096607903083,0.11206836178898812,0.34959791492429076,0.0,0.03125,0.1,0.25
225345,mscoco,0.006480241322424263,0.03060644981661518,0.00794701454578899,0.05258111404367846,0.1,0.5,0.1,1.0
24104,mscoco,0.2649185799062252,0.3755784498170228,0.39667016714811326,0.6525317780058828,0.4,0.1666666666666666,0.8,1.0
317331,mscoco,0.22937834747135638,0.5413252955287436,0.3818437561392784,0.7286049628056727,0.5,1.0,0.3,0.3333333333333333
