caption_id,source,pred_clip_p10,pred_clip_rr,pred_blip2_p10,pred_blip2_rr,true_clip_p10,true_clip_rr,true_blip2_p10,true_blip2_rr
261342,mscoco,0.10154600944370032,0.27813617425839915,0.0811283204704523,0.18553867077074906,0.0,0.0192307692307692,0.0,0.04
203177,mscoco,0.0031657701649237422,0.016113570779797286,0.005032226804178208,0.01946835537777465,0.1,1.0,0.1,1.0
239082,mscoco,0.3153342142701149,0.5902386670533322,0.3874323397874832,0.6642719205976728,0.2,0.1666666666666666,0.4,1.0
166557,mscoco,0.5740848913788795,0.8441644412182802,0.6653783202171326,0.7203079587022319,0.7,1.0,0.7,1.0
70,drawbench,0.0027819335053209217,0.014710847674452465,0.001741369563387707,0.007714513671975514,0.0,0.0,0.0,0.0
27585,mscoco,0.12877228930592538,0.26817125287168647,0.17583425790071489,0.4162984035973115,0.0,0.0833333333333333,0.4,0.25
44960,mscoco,0.37547190934419633,0.539569614795061,0.4396751433610916,0.6605860276229548,0.2,1.0,0.5,1.0
559685,mscoco,0.23619262985885142,0.5187785957814595,0.2233206395059824,0.6792783076905304,0.2,0.3333333333333333,0.1,0.5
577169,mscoco,0.053967788256704806,0.11759097919412383,0.056784299481660125,0.22226806422877438,0.2,0.25,0.4,1.0
276964,mscoco,0.04591707419604063,0.15789272941333155,0.05002280957996845,0.14401559844174702,0.1,1.0,0.1,0.5
480770,mscoco,0.15253297686576844,0.3016833644217492,0.14437133269384503,0.5805410562119909,0.3,0.5,0.3,1.0
56821,mscoco,0.045820452272892,0.11303209082249982,0.0357880306430161,0.12772434910223904,0.1,0.2,0.1,0.25
298353,mscoco,0.022768550994805993,0.06631401705756519,0.018925651465542613,0.04791993560758587,0.0,0.0204081632653061,0.1,0.125
58492,mscoco,0.08516796156764031,0.2434768053740655,0.09103479366749526,0.24862619737597386,0.1,1.0,0.1,0.1428571428571428
530479,mscoco,0.13473222106695176,0.2688580990433359,0.15869838669896125,0.37147741262459233,0.0,0.05,0.0,0.0555555555555555
318426,mscoco,0.09992262176238001,0.2095688975550033,0.13417659923434258,0.2860721390012515,0.3,0.3333333333333333,0.5,0.5
386890,mscoco,0.12350701075047255,0.326525121548735,0.06148946732282638,0.27131492169532073,0.0,0.0909090909090909,0.1,1.0
23309,mscoco,0.042645313590765,0.15761610368792758,0.05228919144719839,0.20933364288904752,0.1,1.0,0.2,1.0
101270,mscoco,0.21325914338231086,0.23093158994322158,0.23069194033741952,0.36844810632863423,0.0,0.0769230769230769,0.1,0.25
170809,mscoco,0.005027535988483578,0.021385414920869743,0.00476822912460193,0.013363977006460089,0.1,1.0,0.1,0.1
20150,mscoco,0.09052823912352323,0.268943764137408,0.10577232325449586,0.2932437158724361,0.1,0.1428571428571428,0.1,0.2
142942,mscoco,0.28145798072218897,0.6123053573198054,0.29860350787639617,0.6385800041448767,0.2,0.125,0.2,1.0
63306,mscoco,0.1048413511365652,0.2566886450131942,0.24633114263415337,0.3912418670469822,0.1,0.1,0.2,1.0
561151,mscoco,0.3366854339838028,0.565046655297498,0.39386372864246366,0.5369335248279938,0.0,0.0172413793103448,0.1,0.1
377619,mscoco,0.09782066885381938,0.3545596006842085,0.10520079713314771,0.32466416583871754,0.1,1.0,0.1,1.0
390068,mscoco,0.2263237338513136,0.5896216906384296,0.16206054724752902,0.5775922951698721,0.5,1.0,0.4,1.0
246004,mscoco,0.02078337878920138,0.10645747868714973,0.01937920870259404,0.05660981383924179,0.1,1.0,0.1,0.1
324789,mscoco,0.004571533986018039,0.01855396823727614,0.01091099705081433,0.0445144377361258,0.1,0.125,0.1,1.0
301541,mscoco,0.18107093386352063,0.3112449214925886,0.2988031692802906,0.5160144940350282,0.0,0.0526315789473684,0.2,0.25
233617,mscoco,0.128698636777699,0.286401112843026,0.10845487248152494,0.4945518932247536,0.1,0.3333333333333333,0.1,1.0
108452,mscoco,0.08577555567026138,0.2914323108673677,0.09437708035111428,0.3035523004150513,0.1,1.0,0.1,1.0
333049,mscoco,0.13763577938079835,0.33568966944312123,0.23179569765925406,0.33183333223117606,0.2,0.125,0.3,1.0
144796,mscoco,0.06610335763543844,0.15901802987896155,0.07068031206727028,0.16018207939127663,0.1,0.3333333333333333,0.0,0.0303030303030303
488514,mscoco,0.05904433196410537,0.19680218417393927,0.06942720003426076,0.18136037310295308,0.1,1.0,0.1,0.125
47294,mscoco,0.09652916938066483,0.2294917315185294,0.15342219155281783,0.2849264553316196,0.1,0.2,0.3,1.0
306173,mscoco,0.03734693769365549,0.13234175433197523,0.039577819872647524,0.15156278834963624,0.1,1.0,0.1,0.5
253470,mscoco,0.019209735887125136,0.060892665816908505,0.027938525937497617,0.10350228346280743,0.0,0.0909090909090909,0.1,0.5
190700,mscoco,0.024833118077367544,0.0959997476715312,0.03580563352443278,0.14107755483075995,0.1,1.0,0.1,0.5
84089,mscoco,0.20884506553411483,0.41912722585538026,0.12956019230186938,0.19686002341406073,0.0,0.0178571428571428,0.0,0.0031347962382445
175954,mscoco,0.20812697112560272,0.29306711037470734,0.3771318532526493,0.6234594840650929,0.2,1.0,0.5,0.2
158223,mscoco,0.1518367095850408,0.40066247836885016,0.17510673142969607,0.4574556448843281,0.5,1.0,0.7,1.0
448607,mscoco,0.347766675055027,0.5983348357148335,0.5626303911209106,0.8815778137135021,0.4,0.5,0.3,0.5
248862,mscoco,0.07327053006738424,0.23234325311362816,0.08278477899730205,0.2500075722156422,0.1,0.5,0.1,1.0
227526,mscoco,0.08666508868336678,0.16654477246487268,0.04918806040659547,0.11506218458428355,0.0,0.0037593984962406,0.0,0.0022988505747126
549409,mscoco,0.018683723267167808,0.07753961785544541,0.018787927459925413,0.07182716225941174,0.1,0.3333333333333333,0.1,0.3333333333333333
123214,mscoco,0.49874849915504454,0.7311533661562297,0.40496732741594316,0.5018639719190816,0.3,0.25,0.1,0.3333333333333333
494957,mscoco,0.159813741594553,0.30400344024282333,0.15851830150932072,0.2992343228337759,0.1,1.0,0.1,1.0
284176,mscoco,0.07156516648828984,0.22979448055856921,0.1338809311389923,0.2589477326284552,0.2,0.25,0.5,1.0
25430,mscoco,0.3786173090338707,0.5914774124560619,0.43519929945468905,0.4137117295158589,0.4,0.25,0.4,1.0
52746,mscoco,0.05346251102164388,0.13640062532682495,0.06670391075313091,0.15018637808225288,0.4,1.0,0.4,1.0
118598,mscoco,0.152125683426857,0.3042623877630356,0.14926400259137154,0.3110418822501095,0.3,1.0,0.3,0.5
42622,mscoco,0.20408604219555854,0.3114496392435995,0.34232225120067594,0.619711029099486,0.1,0.1111111111111111,0.6,1.0
128275,mscoco,0.07291798302903771,0.2031154389202188,0.13851587176322938,0.3912806432879098,0.1,0.3333333333333333,0.4,1.0
402255,mscoco,0.013445502473041415,0.04609914911854896,0.013083213265053928,0.04011306541435683,0.0,0.0285714285714285,0.1,0.25
24935,mscoco,0.10854107029736042,0.28347750739376054,0.0895478231832385,0.2876835251155478,0.1,0.5,0.1,1.0
39502,mscoco,0.027733819489367307,0.09876921947204177,0.03176909552421421,0.11269954888941704,0.0,0.0123456790123456,0.1,0.5
370391,mscoco,0.0611990561708808,0.18187428618609208,0.1646378718316555,0.3477242284779843,0.0,0.0138888888888888,0.3,0.3333333333333333
170700,mscoco,0.022341269999742508,0.051049043986337535,0.09119521102402359,0.29300774362152815,0.0,0.0212765957446808,0.1,1.0
438910,mscoco,0.14551266469061375,0.3068883811016901,0.20637052617967128,0.3800083455486962,0.1,0.25,0.3,1.0
160,drawbench,0.009701500996015966,0.030612238919541967,0.003803762735333294,0.016137749001663378,0.0,0.0,0.0,0.0
291526,mscoco,0.01803261378663592,0.07138299199348973,0.014522009226493538,0.06325509491819191,0.1,1.0,0.1,0.5
379596,mscoco,0.0548315835185349,0.2054664887328702,0.06590588260442018,0.21844567659679343,0.1,1.0,0.0,0.0769230769230769
12,drawbench,0.15749304816126825,0.3407067417986296,0.12013253308832646,0.23773444840718838,0.0,0.0,0.0,0.0
241148,mscoco,0.07921634810045361,0.16822723929819666,0.04822441590949893,0.17561386371322174,0.1,0.1428571428571428,0.2,1.0
319991,mscoco,0.11882847733795643,0.21869011596345633,0.05089797070249915,0.1976645526677625,0.1,0.5,0.1,1.0
310688,mscoco,0.019978971453383565,0.0710677754894573,0.013979517645202577,0.05337348802909451,0.1,1.0,0.1,1.0
243283,mscoco,0.1814595725387335,0.3136445587101489,0.21444834321737288,0.390596274977191,0.9,0.5,1.0,1.0
149,drawbench,0.040824508480727675,0.1759218390359803,0.04677385985851288,0.16304539899612774,0.0,0.0,0.0,0.0
558426,mscoco,0.19932964481413365,0.4275715868208671,0.26529628187417986,0.611762371427386,0.2,0.3333333333333333,0.5,1.0
394214,mscoco,0.12930332943797113,0.26947069914707844,0.19144657999277115,0.3610078965252719,0.0,0.05,0.1,1.0
297699,mscoco,0.05690627042204142,0.18058607874021484,0.0895594023168087,0.22824180264877647,0.1,0.125,0.1,0.125
146972,mscoco,0.018660594685934485,0.07779721873163813,0.02949518021196127,0.08957057939420893,0.2,0.5,0.0,0.0909090909090909
401783,mscoco,0.6674279242753982,0.6909039288985523,0.6036406248807907,0.7877685069221121,0.8,0.5,0.9,1.0
182245,mscoco,0.1413077488541603,0.3628418694284263,0.2959526300430298,0.6249347886271358,0.0,0.0256410256410256,0.2,1.0
126018,mscoco,0.2664843272417784,0.47413028090783166,0.2590758506208658,0.608120738160981,0.7,1.0,0.4,1.0
290549,mscoco,0.043838378880172967,0.20765836168830348,0.05568425038363785,0.17359256500296338,0.1,0.3333333333333333,0.1,1.0
399946,mscoco,0.05612258203327656,0.14233567108406806,0.06046815607696772,0.20881205053676988,0.1,0.5,0.1,1.0
8,drawbench,0.34088684171438216,0.5072260699380663,0.23118089213967324,0.31055934421869685,0.0,0.0001043296817944,0.0,6.345580303318739e-05
211678,mscoco,0.07583574261516332,0.1712556482795826,0.05753738600760698,0.1650008066621531,0.3,0.5,0.4,0.5
421539,mscoco,0.006002776997047476,0.018974935250429342,0.008495036326348782,0.03386596440731165,0.1,1.0,0.2,0.3333333333333333
264358,mscoco,0.028268287377431988,0.07870380082159907,0.02678054356947541,0.10254766623245512,0.1,0.5,0.1,1.0
430848,mscoco,0.09915734641253948,0.3204310420913388,0.11453193426132202,0.25206955082019966,0.2,1.0,0.2,0.5
133251,mscoco,0.3348958492279053,0.6248951824722709,0.31949140429496764,0.6044503816677462,0.5,0.5,0.2,0.1666666666666666
568560,mscoco,0.12599475607275962,0.27347961057285725,0.1445728711783886,0.33759979373728793,0.2,0.3333333333333333,0.0,0.0526315789473684
405612,mscoco,0.1093558520078659,0.2244836901898333,0.08338419161736965,0.28892092424639965,0.1,1.0,0.1,0.5
20794,mscoco,0.09416713975369931,0.21152911496335897,0.2099874261766672,0.33691635640719886,0.1,0.1428571428571428,0.1,0.5
6,drawbench,0.5713440358638764,0.6621835887162733,0.3398258626461029,0.4703720191069537,0.0,0.0011750881316098,0.0,0.0129870129870129
225306,mscoco,0.11387651413679123,0.2859754454726426,0.1699555456638336,0.406731558791944,0.0,0.0833333333333333,0.1,1.0
103603,mscoco,0.1840523909777403,0.29978172551049015,0.2756324902176857,0.4398790136943751,0.6,0.3333333333333333,0.4,1.0
395,mscoco,0.030834307777695358,0.11019103893091549,0.03758295448496938,0.12126888108345708,0.2,1.0,0.1,0.25
80067,mscoco,0.026510617509484292,0.06461783061247246,0.028849810687825085,0.17350608789659733,0.1,0.1428571428571428,0.1,1.0
490619,mscoco,0.12230697497725487,0.26031372087298266,0.11353769470006228,0.2452896122090954,0.0,0.0066666666666666,0.0,0.0109890109890109
167126,mscoco,0.13275188095867635,0.36972312233123916,0.19308198429644108,0.432712731607112,0.4,1.0,0.1,1.0
442961,mscoco,0.12937569841742516,0.31871540247768887,0.1655354082584381,0.32474725825715284,0.1,0.5,0.5,0.5
260111,mscoco,0.19999654535204173,0.4883018189586145,0.11650443896651268,0.2469094658627994,0.0,0.0555555555555555,0.0,0.0161290322580645
68005,mscoco,0.031972314696758986,0.11830134861239694,0.04348310884088278,0.1270148284508267,0.1,1.0,0.1,1.0
73541,mscoco,0.2376409847289324,0.41014106204725215,0.34112135842442515,0.7310967595860272,0.2,0.5,0.0,0.0833333333333333
316190,mscoco,0.08230471778661012,0.17091456189133583,0.10860893055796624,0.36319942042249465,0.1,1.0,0.1,0.1428571428571428
519552,mscoco,0.016797445132397115,0.06987891371787953,0.011092403228394688,0.043990906098374305,0.1,0.3333333333333333,0.1,0.5
365419,mscoco,0.29248594399541616,0.44383241721920347,0.3206264406442642,0.6730993525310437,0.1,0.2,0.2,0.5
55050,mscoco,0.1051884887740016,0.4481293431229722,0.10238610431551934,0.4303122602583016,0.1,1.0,0.1,1.0
150,drawbench,0.05457806997001171,0.1157407630875827,0.035983640048652885,0.1180442554865225,0.0,0.0,0.0,0.0
122,drawbench,0.03660452412441373,0.09727332308129956,0.04611291373148561,0.26893645037117775,0.0,0.000125786163522,0.0,4.940955580809328e-05
403464,mscoco,0.2467856526374817,0.6216485636496568,0.20407729055732488,0.4690969623693323,0.2,1.0,0.1,0.25
256809,mscoco,0.278454314917326,0.4805095320407354,0.35811440348625184,0.6504240241846986,0.0,0.0434782608695652,0.6,0.5
481098,mscoco,0.06421734094619751,0.1549280340225294,0.15438750125467776,0.23830833584374156,0.0,0.0060240963855421,0.0,0.0909090909090909
163289,mscoco,0.14872309789061547,0.2597427323507195,0.16726802624762058,0.41419641424057085,0.0,0.0025839793281653,0.0,0.0476190476190476
383175,mscoco,0.24219489842653275,0.3893637100871179,0.291414874792099,0.6435138737652438,0.3,0.3333333333333333,0.2,0.3333333333333333
71346,mscoco,0.14211761876940726,0.26586938643563385,0.21110313311219214,0.33277958578932115,0.0,0.0161290322580645,0.1,0.5
15569,mscoco,0.08611184097826481,0.231690102649837,0.2158160053193569,0.5188682826887794,0.1,0.125,0.3,0.25
314949,mscoco,0.03787792362272739,0.14568630199813953,0.05397437959909439,0.19295072235692698,0.1,1.0,0.1,1.0
424018,mscoco,0.07166910739615559,0.2595046819429261,0.07885904312133789,0.2587738370776247,0.3,0.3333333333333333,0.2,1.0
465153,mscoco,0.02135012801736593,0.08419496967629655,0.025303326454013585,0.09932366551890932,0.2,1.0,0.2,1.0
10540,mscoco,0.049187901243567464,0.13118093609581166,0.06598231848329306,0.1651645130227892,0.0,0.0294117647058823,0.0,0.0024509803921568
524401,mscoco,0.034022966865450144,0.09664345621997611,0.09458271637558938,0.23470606942772074,0.1,0.1111111111111111,0.4,0.5
277498,mscoco,0.09824004210531712,0.1877125332993175,0.20201378762722016,0.4119840779397873,0.0,0.0196078431372549,0.1,0.1
393583,mscoco,0.03619835171848536,0.11466985610360117,0.03678651740774512,0.16849379488608598,0.2,0.25,0.2,1.0
151339,mscoco,0.27846590578556063,0.5838565852592467,0.21726404465734958,0.49719991850670386,0.3,1.0,0.2,0.3333333333333333
300509,mscoco,0.0627784171141684,0.15633567317045444,0.08472164273262024,0.18151949775803264,0.1,0.5,0.0,0.0833333333333333
389145,mscoco,0.026698732608929278,0.09564679339336549,0.023088182252831758,0.09107697306774003,0.1,1.0,0.1,1.0
537667,mscoco,0.07421422116458416,0.15512180263001768,0.03387528695166111,0.1491936859583091,0.1,0.5,0.1,1.0
352143,mscoco,0.07728556366637349,0.21997808613264092,0.06069128466770053,0.1735858570748963,0.1,1.0,0.2,0.5
148,drawbench,0.1319009130820632,0.3894345528826402,0.03504695417359471,0.118848351589862,0.0,0.0,0.0,0.0
355826,mscoco,0.09923127926886081,0.40152581385340186,0.09090996496379375,0.40173491909440473,0.2,1.0,0.1,1.0
251937,mscoco,0.17253773882985116,0.3487752071254059,0.2571299083530903,0.40618991756067496,0.3,1.0,0.3,1.0
135397,mscoco,0.03255699211731553,0.1603446534906299,0.032693824451416734,0.17362064931530455,0.1,1.0,0.1,1.0
394658,mscoco,0.11392769515514374,0.2909248881863818,0.07026026733219623,0.29100979753099593,0.1,0.3333333333333333,0.1,1.0
485709,mscoco,0.2375197596848011,0.680247634828918,0.09478505607694387,0.17209784332843728,0.2,1.0,0.1,0.1428571428571428
504167,mscoco,0.29551907777786257,0.5211812306369955,0.29682196453213694,0.5009068984913944,0.1,1.0,0.0,0.0263157894736842
230644,mscoco,0.07233952349051834,0.1435844544527102,0.07565849162638187,0.18582016778725172,0.1,0.1,0.2,0.3333333333333333
83510,mscoco,0.07166038900613785,0.19373714122546448,0.11079128831624985,0.30185488647086295,0.1,0.1428571428571428,0.0,0.02
401650,mscoco,0.02487101461738348,0.05867044146856404,0.030490417056716977,0.06558789365751366,0.1,0.125,0.1,0.2
136411,mscoco,0.34520790725946426,0.4459425291591577,0.32687510177493095,0.7250539516480915,0.0,0.037037037037037,0.1,0.1666666666666666
176120,mscoco,0.16998773366212844,0.3947198334998649,0.13038845285773276,0.27031384809448883,0.2,0.1111111111111111,0.3,0.25
348134,mscoco,0.04325811360031366,0.12167590323517509,0.0677277285605669,0.25523389009830827,0.3,0.5,0.1,1.0
193398,mscoco,0.04971614265814424,0.15471787525113384,0.04175205826759339,0.15301719691743662,0.0,0.0833333333333333,0.1,1.0
540774,mscoco,0.24785788655281066,0.4565920040964523,0.5023135095834732,0.7878232928497849,0.6,1.0,0.9,1.0
113211,mscoco,0.08365871571004391,0.24065257793187153,0.05391802443191409,0.1841898527192939,0.1,0.1111111111111111,0.2,1.0
406749,mscoco,0.04492519795894623,0.1310080349477776,0.04460055325180292,0.1255257225490214,0.2,1.0,0.2,1.0
280551,mscoco,0.022025923850014804,0.074252949294834,0.02942668495234102,0.10813001446613221,0.1,0.3333333333333333,0.1,1.0
441358,mscoco,0.06688644923269749,0.21581629819896167,0.12106750048696995,0.30779003802963595,0.2,0.2,0.1,0.5
561314,mscoco,0.17075336426496507,0.3027086103169737,0.31867237240076063,0.5105815386265378,0.0,0.0454545454545454,0.6,1.0
130749,mscoco,0.09353965874761343,0.2681804696897963,0.10451722592115402,0.2795563493788713,0.0,0.0769230769230769,0.1,0.3333333333333333
25907,mscoco,0.04432269474491477,0.17474810459883344,0.03552802177146077,0.14107367378302724,0.1,1.0,0.1,1.0
364157,mscoco,0.01935033965855837,0.08447953517238196,0.02373748514801264,0.07936227717477008,0.3,1.0,0.3,0.3333333333333333
327529,mscoco,0.03894363041035831,0.15915293827714647,0.09199529504403473,0.2910581632458453,0.1,1.0,0.1,0.3333333333333333
214087,mscoco,0.07549498826265336,0.24767055855870188,0.04331937348470092,0.19038333966428034,0.1,0.25,0.1,1.0
253763,mscoco,0.13367645032703876,0.31279833603223034,0.18860750943422316,0.3381788210056268,0.1,1.0,0.1,1.0
298065,mscoco,0.07735070139169693,0.29173275156558476,0.06853236141614616,0.2890091092862772,0.1,1.0,0.1,1.0
305803,mscoco,0.17034641951322554,0.35308775225720196,0.1965758331120014,0.36196308664886523,0.0,0.0151515151515151,0.0,0.0454545454545454
173,drawbench,0.014654486253857613,0.04320727474262723,0.04913835842162371,0.12200276378237274,0.0,0.0,0.0,0.0
458339,mscoco,0.21251240968704224,0.5180429061558764,0.17290730848908425,0.3473851716729573,0.0,0.0833333333333333,0.1,0.5
428326,mscoco,0.059441720321774486,0.13260128454028297,0.059454327635467055,0.14722106984347827,0.0,0.0181818181818181,0.0,0.0103092783505154
530201,mscoco,0.19776353277266026,0.4890099277906415,0.20397055707871914,0.5055303821819249,0.1,1.0,0.1,1.0
59039,mscoco,0.21509437300264836,0.502438824432178,0.30063033401966094,0.46457350111171636,0.3,1.0,0.7,0.5
333738,mscoco,0.30525519549846647,0.5226749531363555,0.27502655163407325,0.48413556781606554,0.6,0.5,1.0,1.0
132081,mscoco,0.035544409230351445,0.13078824459142654,0.046711061522364615,0.13787919635907062,0.1,0.25,0.1,0.5
26573,mscoco,0.30916968584060667,0.6702624163398743,0.22305277064442636,0.5034987188253953,0.3,1.0,0.4,0.3333333333333333
115893,mscoco,0.366719426214695,0.7556571827541925,0.2550962954759598,0.48951621851361393,0.2,1.0,0.4,1.0
49542,mscoco,0.2853181153535843,0.4993007069190334,0.44635106027126314,0.7925704805295748,0.5,0.25,0.5,0.5
212864,mscoco,0.0220588902477175,0.07316449417701351,0.0266065938398242,0.07192823383935774,0.0,0.0454545454545454,0.0,0.0075187969924812
32967,mscoco,0.06742089921608567,0.2755750787582374,0.07375893481075764,0.2099692929441134,0.0,0.0015037593984962,0.2,0.2
98642,mscoco,0.004565958515740931,0.01767455109228997,0.007613815460354089,0.027841902168632627,0.1,0.3333333333333333,0.1,1.0
183719,mscoco,0.14089878983795642,0.34736933834154693,0.20192477032542228,0.4092423557093875,0.0,0.0060240963855421,0.0,0.006060606060606
401307,mscoco,0.22866163011640311,0.613492005853001,0.2518067505210638,0.6575910809112294,0.2,1.0,0.3,1.0
467612,mscoco,0.29268168583512305,0.40097977293528697,0.3320672571659088,0.5236320467281458,0.6,0.5,0.4,0.3333333333333333
36034,mscoco,0.06414354257285595,0.2038793194000781,0.04996069641783833,0.14806068323833058,0.2,1.0,0.1,0.2
216378,mscoco,0.15029455702751876,0.25200740916255066,0.16681851679459214,0.34676951700033765,0.1,0.5,0.1,1.0
360441,mscoco,0.08159006666392088,0.24358540973611956,0.06598771866410971,0.16831394653205536,0.1,0.1666666666666666,0.1,0.1428571428571428
75057,mscoco,0.16085820868611336,0.5886254443668685,0.38871671110391615,0.5450399698590188,0.3,1.0,0.6,1.0
53870,mscoco,0.08524224422872066,0.2004026453691159,0.0714217972010374,0.20246101122625496,0.1,0.1428571428571428,0.0,0.0161290322580645
253323,mscoco,0.07308674454689026,0.29202115432663683,0.06004126146435738,0.16273978578541004,0.2,0.1666666666666666,0.3,0.5
433270,mscoco,0.1550946481525898,0.3306346122080142,0.19030028730630874,0.37505838992507334,0.2,0.125,0.3,1.0
176758,mscoco,0.12608746252954006,0.23524310863688438,0.1888615794479847,0.4355902644907789,0.1,0.2,0.2,1.0
420396,mscoco,0.01816698219627142,0.06061855788171912,0.031048691552132367,0.12252175551389087,0.1,0.1428571428571428,0.1,1.0
365792,mscoco,0.2780676372349262,0.5321095204286647,0.252160419523716,0.6190877362193304,0.3,0.5,0.3,1.0
564382,mscoco,0.029358429228886963,0.15158268974277694,0.022753312019631267,0.11893145331478781,0.1,0.5,0.1,1.0
180667,mscoco,0.047452117409557105,0.1381944395939494,0.05454453900456428,0.15648023921929216,0.1,1.0,0.0,0.0020242914979757
154399,mscoco,0.12712708469480277,0.21854165499408687,0.10452369004487991,0.26227216124088065,0.1,0.2,0.0,0.0833333333333333
576537,mscoco,0.12397650070488453,0.3067975790213508,0.29283318519592283,0.6001491842223948,0.2,1.0,0.4,1.0
18194,mscoco,0.025223938375711442,0.11655227598899985,0.06258604805916548,0.2059771574853637,0.1,0.1666666666666666,0.2,0.5
278243,mscoco,0.0909344807267189,0.24076978856790512,0.07368244305253029,0.19925566945852277,0.1,0.5,0.1,0.5
253728,mscoco,0.09134725667536259,0.235168517182704,0.11872755754739046,0.2560272541536451,0.1,1.0,0.1,1.0
306229,mscoco,0.3134062260389328,0.42511779781318687,0.4034042745828629,0.5734847803219352,0.6,1.0,0.8,1.0
413277,mscoco,0.3298900410532951,0.5304346933474762,0.39798043519258497,0.69050537789976,0.1,0.1428571428571428,0.5,1.0
86951,mscoco,0.15283893346786498,0.3482937875806775,0.12615275159478187,0.21789188495031958,0.5,1.0,0.8,1.0
489942,mscoco,0.04562695696949959,0.2041201116220328,0.04953626673668623,0.20010023818926273,0.1,1.0,0.1,1.0
199141,mscoco,0.28920120000839233,0.5727456657440393,0.2980505533516407,0.5541329666918434,0.4,0.5,0.5,0.5
170336,mscoco,0.1853137157857418,0.3678019113945841,0.2105047695338726,0.3698326683511636,0.1,0.3333333333333333,0.2,0.2
89549,mscoco,0.06425448432564736,0.20285915253872133,0.10929564759135246,0.3580715999773208,0.0,0.0909090909090909,0.1,1.0
372246,mscoco,0.0376835361123085,0.14286007978856466,0.03575766240246594,0.15344973499226278,0.1,1.0,0.1,1.0
535563,mscoco,0.03577865855768323,0.11943090679023748,0.07395930383354425,0.17448296634225066,0.1,1.0,0.1,1.0
228222,mscoco,0.13714169561862946,0.2671748726351938,0.17522287666797637,0.3461877557416377,0.4,0.5,0.6,1.0
195353,mscoco,0.19178171195089816,0.3206967035081458,0.2511895015835762,0.6878371081075665,0.4,0.3333333333333333,0.5,1.0
58624,mscoco,0.06058382119517773,0.1928618792788355,0.08251893194392323,0.29937437423051333,0.1,0.5,0.1,1.0
268900,mscoco,0.08529574638232588,0.2266391383863617,0.09329501818865538,0.16177695499662026,0.1,0.125,0.1,0.25
161019,mscoco,0.26925402134656906,0.5454251658862566,0.27536931186914443,0.5028991006066965,0.2,0.3333333333333333,0.4,1.0
379035,mscoco,0.12915361057966948,0.3078409556325185,0.17362878397107123,0.3567093433123889,0.0,0.0123456790123456,0.2,0.25
172276,mscoco,0.23463389165699483,0.6565729382742904,0.23429384529590608,0.5789211554592643,0.1,0.1428571428571428,0.1,0.1111111111111111
271120,mscoco,0.10950907580554485,0.2518649598970076,0.12312044762074947,0.2864824938620976,0.0,0.0555555555555555,0.1,0.1111111111111111
180445,mscoco,0.025810605147853494,0.11099334153947876,0.02764756188262254,0.11407207986595086,0.2,1.0,0.2,1.0
284362,mscoco,0.10122272968292237,0.22951794193842004,0.11183877773582936,0.26089533500863504,0.0,0.0384615384615384,0.1,1.0
466656,mscoco,0.12005913481116295,0.31521733496724563,0.1087473552674055,0.26818110701304687,0.5,1.0,0.5,1.0
271360,mscoco,0.03240130457561463,0.1249023774440305,0.032086002128198746,0.15454813754398253,0.1,1.0,0.0,0.0001578033769922
429290,mscoco,0.1524988517165184,0.30559021730715563,0.29599286466836927,0.3745181145954668,0.0,0.0238095238095238,0.0,0.0769230769230769
464649,mscoco,0.3893388189375401,0.7862820166429415,0.21124020554125308,0.3702295029026937,0.0,0.0666666666666666,0.0,0.02
118260,mscoco,0.08078049719333649,0.18816769871417782,0.07537320107221604,0.27697191043405134,0.0,0.0263157894736842,0.0,0.0120481927710843
337062,mscoco,0.0649705270305276,0.16048268031978738,0.17230088096112012,0.22875471054750485,0.0,0.0625,0.4,0.5
249049,mscoco,0.09674964603036643,0.23589637498442503,0.08801208604127168,0.2884215574740423,0.2,0.3333333333333333,0.1,1.0
497542,mscoco,0.023612075811252,0.08834006803759026,0.05271655451506376,0.21657310274607552,0.0,0.0123456790123456,0.1,0.5
400940,mscoco,0.1501082070171833,0.3093327921101302,0.15581328719854354,0.3834491170715683,0.1,0.3333333333333333,0.1,0.5
254753,mscoco,0.06405297219753266,0.150913615202138,0.08012396860867739,0.26326342822640797,0.1,0.2,0.1,1.0
550157,mscoco,0.22478203997015953,0.4286326104549829,0.24754468426108361,0.4972213994857247,0.4,1.0,0.5,1.0
113905,mscoco,0.22629805728793145,0.34913645384187886,0.22797148078680038,0.44115659614274033,0.1,0.2,0.3,1.0
471881,mscoco,0.04375618444755673,0.18140409663375517,0.03542904290370643,0.18231977710697325,0.1,1.0,0.1,1.0
524187,mscoco,0.22973721325397492,0.40417674823611827,0.3036217711865902,0.6813760704600237,0.1,0.1111111111111111,0.4,1.0
354409,mscoco,0.043774743913672864,0.2169360058439554,0.04923117561265826,0.24763267429227825,0.1,1.0,0.1,1.0
36713,mscoco,0.12074289564043283,0.3092875790375704,0.13978968672454356,0.2620754460878701,0.1,1.0,0.1,0.5
421005,mscoco,0.11195235569030046,0.24142300533032365,0.11584302317351103,0.3177411007555023,0.2,0.25,0.2,1.0
504639,mscoco,0.2294893391430378,0.43035716130011964,0.2725205585360527,0.5210835332434399,0.7,1.0,0.8,1.0
356660,mscoco,0.15108179077506065,0.3084771409708054,0.2231204092502594,0.4399288715700043,0.1,0.1111111111111111,0.2,0.2
1792,mscoco,0.6163937628269196,0.8654912005674433,0.692899864912033,0.7552753176541573,0.7,1.0,1.0,1.0
30409,mscoco,0.08322520740330219,0.1982156230098736,0.20872095227241516,0.4632436887379736,0.0,0.0142857142857142,0.1,1.0
254060,mscoco,0.1096426159143448,0.261472288822036,0.20674122050404548,0.43451186768136174,0.1,0.1111111111111111,0.3,1.0
169340,mscoco,0.05029041080269962,0.1626513359805755,0.09746113931760192,0.2613146263428682,0.1,0.3333333333333333,0.1,1.0
42513,mscoco,0.04642446804791689,0.17153099978847497,0.08391394987702369,0.20484559479516493,0.1,1.0,0.2,0.1428571428571428
402887,mscoco,0.48798354230821134,0.5036510687409262,0.31553727127611636,0.7295891982675632,0.1,0.3333333333333333,0.1,0.5
96435,mscoco,0.028556975291576237,0.1498366583219039,0.018352223746478557,0.13543436765338157,0.1,1.0,0.1,1.0
441541,mscoco,0.04041704535484314,0.14913927151187645,0.061740886233747,0.15754884826516538,0.0,0.0833333333333333,0.0,0.0333333333333333
51663,mscoco,0.10173959759995341,0.28423835506353695,0.13870131894946097,0.3099582421652346,0.1,0.1111111111111111,0.1,0.2
474271,mscoco,0.0767634890973568,0.2596331711657539,0.07897181734442711,0.20314746656545576,0.1,1.0,0.1,1.0
72702,mscoco,0.10886287614703179,0.30969015291533053,0.16544350609183311,0.36419406687678324,0.1,1.0,0.1,1.0
182793,mscoco,0.3178403522819281,0.6218595628572401,0.3641742914915085,0.6032786498567178,0.0,0.0113636363636363,0.0,0.0434782608695652
21795,mscoco,0.1478099998086691,0.3105256626437717,0.10852033570408821,0.2958783772724613,0.1,1.0,0.1,1.0
566672,mscoco,0.1514381617307663,0.3395879000722428,0.1954839713871479,0.4563229893081618,0.2,0.25,0.5,1.0
2664,mscoco,0.055259861424565314,0.17100321317728748,0.05109609942883253,0.17267510440175865,0.0,0.0625,0.0,0.0476190476190476
333241,mscoco,0.03312841197475791,0.17064870536839427,0.03258276716223918,0.12760710768480726,0.1,1.0,0.1,0.3333333333333333
353402,mscoco,0.0807183027267456,0.1992994158052527,0.1125392910093069,0.31543955643197474,0.0,0.0285714285714285,0.1,0.5
18252,mscoco,0.1594144120812416,0.3237889186392467,0.19189946092665194,0.2969772997341086,0.6,1.0,1.0,1.0
387352,mscoco,0.07187058478593826,0.1772460731054134,0.14526766017079354,0.3091045034251301,0.1,0.5,0.3,0.5
198085,mscoco,0.3247025109827518,0.49255501587149975,0.21600849330425262,0.3938525547798929,0.1,0.1428571428571428,0.1,0.5
246625,mscoco,0.3507018119096756,0.5156963717963461,0.35244467556476594,0.4769213392236348,0.5,0.3333333333333333,0.7,1.0
420045,mscoco,0.22501200288534165,0.5161129652424173,0.21660368330776691,0.5177299285671771,0.0,0.0303030303030303,0.0,0.0714285714285714
398225,mscoco,0.059173204191029075,0.1697121790559857,0.08050125800073146,0.21376277965554005,0.1,0.3333333333333333,0.0,0.0909090909090909
132964,mscoco,0.23473915457725525,0.46487499434683016,0.3001867175102234,0.6295054865592692,0.6,1.0,0.9,1.0
344632,mscoco,0.0016020466573536396,0.004871948327428414,0.0023066796275088564,0.007424894841799938,0.0,0.0285714285714285,0.0,0.0434782608695652
508045,mscoco,0.1459107369184494,0.4231806611074343,0.1614587761461735,0.4382543655075626,0.3,1.0,0.2,1.0
236936,mscoco,0.03447875066194683,0.1156232567401186,0.036287224804982546,0.15929714620776128,0.0,0.0526315789473684,0.1,1.0
110330,mscoco,0.031082428339868785,0.09970224801096952,0.028491645120084286,0.08532598590523058,0.1,0.5,0.1,0.2
19292,mscoco,0.267179973423481,0.2698944996036938,0.4231059208512306,0.5669599245009803,0.4,0.2,0.4,1.0
19,drawbench,0.024164803931489585,0.09302755872796721,0.012830131617374719,0.035037315469868865,0.0,0.0,0.0,0.0
345294,mscoco,0.21225762851536273,0.3464058626629125,0.14798306487500668,0.38921026691011035,0.1,0.125,0.2,1.0
250424,mscoco,0.016937065566889942,0.09261573397995007,0.014163887407630683,0.04559313730724923,0.0,0.0136986301369863,0.1,1.0
50583,mscoco,0.040067744068801404,0.18966675388652415,0.026704529114067555,0.10265270489684711,0.2,0.5,0.2,0.5
230879,mscoco,0.10081124790012837,0.20331933459566556,0.1336047388613224,0.3804385520629576,0.0,0.04,0.0,0.0833333333333333
168609,mscoco,0.03436164781451225,0.09600897576281288,0.05436896663159132,0.24556013601608115,0.0,0.0121951219512195,0.1,1.0
175923,mscoco,0.051597613655030725,0.12841261984232785,0.07033606488257646,0.17463601097118547,0.3,0.3333333333333333,0.3,0.2
530248,mscoco,0.06816650442779064,0.24173076216804343,0.08940863478928804,0.19794326536062523,0.2,1.0,0.0,0.0294117647058823
421009,mscoco,0.09807700663805008,0.22276318147445207,0.1654928907752037,0.3143741404137766,0.0,0.0666666666666666,0.1,0.5
450974,mscoco,0.08228141069412231,0.2440776083010098,0.14943835139274597,0.4079208002427627,0.1,0.125,0.2,1.0
34922,mscoco,0.07210470195859671,0.21515865875178974,0.04789047692902386,0.08812134387194036,0.0,0.0625,0.2,0.5
134454,mscoco,0.14978422336280345,0.4229304698572289,0.25230339989066125,0.45440243703524014,0.3,1.0,0.3,0.5
91960,mscoco,0.05321549205109477,0.1746673619937442,0.04013340403325856,0.2293617092741841,0.0,0.03125,0.0,0.0238095238095238
570203,mscoco,0.13536117244511842,0.2206963625247165,0.13830689787864686,0.3700266417811584,0.1,0.125,0.5,1.0
46506,mscoco,0.01795586337102577,0.04912172782315191,0.012754883756861091,0.03438790389099384,0.0,0.0285714285714285,0.1,0.1428571428571428
460202,mscoco,0.10743149928748608,0.26340858133315104,0.09034193269908428,0.18985341931523927,0.3,1.0,0.3,0.5
358566,mscoco,0.08357701785862445,0.20487352113907498,0.12574622947722675,0.2679532011108893,0.2,0.5,0.6,0.3333333333333333
205206,mscoco,0.06879982464015484,0.26635622762335204,0.06284650675952434,0.17487244270695143,0.1,0.5,0.0,0.01
342273,mscoco,0.08804597361013293,0.321290351923617,0.11283853184431791,0.23984981506819175,0.1,0.3333333333333333,0.1,0.1428571428571428
550466,mscoco,0.0969483757391572,0.25393160002564147,0.23499075695872307,0.4270252059719219,0.3,1.0,0.5,1.0
303281,mscoco,0.5493917822837829,0.7945677083579539,0.5616441816091537,0.7955776904619086,0.8,1.0,0.9,1.0
464787,mscoco,0.012866343883797527,0.04877773348008339,0.02093280414119363,0.10159849595437209,0.0,0.0625,0.1,0.5
382210,mscoco,0.20219574682414532,0.35516929507389333,0.2828217603266239,0.5101807235909033,0.0,0.0078740157480314,0.0,0.0217391304347826
78413,mscoco,0.05041710641235113,0.17447980411453612,0.039581427723169325,0.11511080121190458,0.1,1.0,0.1,0.5
241530,mscoco,0.06559336632490158,0.12479923989495821,0.10476581119000912,0.2808221054778254,0.0,0.0185185185185185,0.0,0.0666666666666666
165419,mscoco,0.4176400065422058,0.6389868483991122,0.4193750262260437,0.7062743685589885,0.4,1.0,0.8,1.0
152776,mscoco,0.027842902671545745,0.13590677682679367,0.04522026339545846,0.15692181507340852,0.1,1.0,0.1,1.0
103320,mscoco,0.17917964681982995,0.38263709813464775,0.2069645717740059,0.36285077539058763,0.1,0.25,0.0,0.0714285714285714
391011,mscoco,0.2528226669877768,0.3770272755862677,0.3946504220366478,0.7314403468455216,0.6,1.0,1.0,1.0
36281,mscoco,0.013742003263905645,0.07161964831063956,0.01828312114812434,0.07531605122265482,0.1,1.0,0.1,1.0
485016,mscoco,0.03624183293431997,0.12622852976742205,0.1239054867066443,0.40519106231908797,0.0,0.0112359550561797,0.0,0.0833333333333333
524392,mscoco,0.5044002458453178,0.6805986555128771,0.5456401616334915,0.8163257596025429,1.0,1.0,0.9,1.0
299123,mscoco,0.15619391538202762,0.29438909326117,0.11848657988011838,0.30526523036449893,0.4,1.0,0.6,0.5
211905,mscoco,0.019099001213908194,0.06280279161324773,0.01041414636420086,0.04308784760894508,0.1,1.0,0.1,1.0
231381,mscoco,0.2946785010397434,0.5637107432780641,0.34411519914865496,0.6711193250684155,0.3,0.5,0.5,1.0
433896,mscoco,0.035848459927365184,0.1662388030951886,0.029140640096738935,0.15226512085978886,0.1,1.0,0.1,1.0
284259,mscoco,0.05594209972769022,0.1498758656671902,0.07133139949291945,0.16473928368324123,0.2,1.0,0.1,1.0
540283,mscoco,0.24301272705197335,0.48916195209824864,0.18543975930660964,0.33758882158966125,0.2,1.0,0.0,0.0769230769230769
425010,mscoco,0.17283090464770795,0.3462137566668596,0.07408618088811636,0.25668401297587956,0.2,1.0,0.4,1.0
170525,mscoco,0.4164875388145447,0.5826062249216759,0.4214838996529579,0.5776697076653216,0.0,0.0434782608695652,0.2,0.125
432216,mscoco,0.0343584967777133,0.11112372141534634,0.07254468984901905,0.22272014797235817,0.1,0.2,0.1,0.3333333333333333
142402,mscoco,0.018337121326476337,0.07481492785200704,0.021680525690317153,0.095951252037924,0.1,1.0,0.1,0.125
90820,mscoco,0.1919405208900571,0.6007211307814379,0.11161204939708114,0.4367914935554139,0.0,0.04,0.0,0.0833333333333333
208961,mscoco,0.026476209238171577,0.1245918075010849,0.019269411964342,0.12133291057129268,0.1,1.0,0.1,1.0
140623,mscoco,0.11836052574217319,0.3206447562960134,0.15807316675782204,0.2648243841226857,0.3,1.0,0.3,0.3333333333333333
312015,mscoco,0.16660159155726434,0.3383438904804455,0.1303429299965501,0.4376361086137115,0.3,0.5,0.2,0.3333333333333333
388399,mscoco,0.20844055935740471,0.4410939031687547,0.17475818134844304,0.3855864450857841,0.2,0.3333333333333333,0.1,0.25
126659,mscoco,0.08596520498394966,0.23910771395902422,0.13958151042461395,0.3449139441470159,0.2,0.2,0.4,0.25
234990,mscoco,0.09124512877315283,0.2430223019324265,0.10626284591853619,0.20855117391429137,0.0,0.04,0.2,0.1111111111111111
212445,mscoco,0.39816889539361,0.693293153554178,0.5437337562441826,0.875141068290294,0.9,1.0,1.0,1.0
540885,mscoco,0.27737186253070834,0.4690329513623601,0.3699223130941391,0.6262863586699414,0.3,1.0,0.5,1.0
276417,mscoco,0.2585084207355976,0.5353292780554086,0.39700124114751817,0.5454072465884006,0.1,0.2,0.2,0.1111111111111111
46173,mscoco,0.07466860637068748,0.19184643296412396,0.11654514446854591,0.22887792698844062,0.1,0.3333333333333333,0.0,0.0188679245283018
53641,mscoco,0.13533017225563526,0.3137874038860345,0.10269437599927186,0.22554941393226458,0.2,0.5,0.2,0.1666666666666666
367332,mscoco,0.3359166532754898,0.7033871820484922,0.4229778841137886,0.6416953283278382,0.3,1.0,0.6,1.0
527134,mscoco,0.0520535983145237,0.151700293367974,0.06776776053011417,0.16700017062374076,0.1,0.3333333333333333,0.1,0.1666666666666666
263970,mscoco,0.01804995285347104,0.06345874660922325,0.0392905792221427,0.11790313699271551,0.0,0.006060606060606,0.1,1.0
485696,mscoco,0.03563257334753871,0.12947249559083202,0.04140789834782481,0.14960686034258258,0.1,1.0,0.1,1.0
118870,mscoco,0.019674746156670152,0.07743146140036238,0.009453314263373614,0.042678457557379354,0.0,0.0909090909090909,0.1,0.5
11332,mscoco,0.25225937701761725,0.5541088647533832,0.18991628810763359,0.38720787496016906,0.0,0.0625,0.5,1.0
365523,mscoco,0.07512676743790507,0.24867598571010466,0.04824716346338391,0.240552598188056,0.1,0.3333333333333333,0.1,1.0
479035,mscoco,0.052830153657123444,0.1383379242041248,0.0727055948227644,0.21241959809601077,0.1,0.1428571428571428,0.0,0.0294117647058823
416098,mscoco,0.09685777723789216,0.4278473719383654,0.08238070150837302,0.3246586004112162,0.1,0.5,0.5,1.0
13284,mscoco,0.014227814646437765,0.06053000404463648,0.009378635481698438,0.04489320464839397,0.1,1.0,0.1,1.0
110435,mscoco,0.01742319678887725,0.07155237569481926,0.01627220856025815,0.0754305402846502,0.1,1.0,0.1,1.0
116694,mscoco,0.13531068712472916,0.38208907730321084,0.2319211844354868,0.48875247682723594,0.1,0.3333333333333333,0.0,0.037037037037037
244410,mscoco,0.12020160257816315,0.3161565078526378,0.25503009036183355,0.4802436146711654,0.3,1.0,1.0,1.0
428992,mscoco,0.01619932169560343,0.06522384404925802,0.017426362610422075,0.06624972131979776,0.2,1.0,0.6,1.0
337902,mscoco,0.1449376240372658,0.2747371501793877,0.1232606359757483,0.24676502045162668,0.8,1.0,0.9,1.0
546074,mscoco,0.01554028580430895,0.06364610126615723,0.02904020082205534,0.0953538354719114,0.0,0.04,0.1,1.0
70033,mscoco,0.01861061453819275,0.08610621323166023,0.01690843605902046,0.06438645527828869,0.6,1.0,0.6,1.0
149268,mscoco,0.1758070547133684,0.29621741472101454,0.13429016210138797,0.23359437562097715,0.0,0.0476190476190476,0.3,0.3333333333333333
431370,mscoco,0.07791047431528568,0.19713668253383773,0.325536572188139,0.5575009457123742,0.1,0.125,0.2,0.3333333333333333
254387,mscoco,0.035411183862015604,0.09585662710789265,0.035482457652688024,0.09699818853394743,0.2,0.1428571428571428,0.5,0.3333333333333333
177349,mscoco,0.018532746576238424,0.08121427384685914,0.01568247431423515,0.07234544026481671,0.1,0.3333333333333333,0.1,0.1666666666666666
287186,mscoco,0.14500987827777861,0.36238606518453353,0.2512565053999424,0.3409048167072883,0.0,0.0769230769230769,0.1,0.125
328284,mscoco,0.24507147073745728,0.32024682945511235,0.22738852575421334,0.5882246261231077,0.1,0.25,0.1,1.0
50409,mscoco,0.03621341534890234,0.17044304589796347,0.0663997508585453,0.1741333702424079,0.0,0.032258064516129,0.1,0.1111111111111111
399183,mscoco,0.11588901989161968,0.2829529549530619,0.26970723941922187,0.4094710916720367,0.1,0.1111111111111111,0.6,0.5
76589,mscoco,0.0812739547342062,0.24106944880865253,0.08729633074253798,0.17535050131888227,0.2,1.0,0.3,1.0
534965,mscoco,0.16858653351664543,0.4696136639517817,0.11538053192198276,0.2617446069647952,0.1,0.25,0.0,0.0833333333333333
295759,mscoco,0.05529542025178671,0.16895447033729025,0.04383787699043751,0.11952976025774248,0.0,0.0037735849056603,0.0,0.0526315789473684
131725,mscoco,0.006528049590997398,0.025885282106673988,0.008771812857594341,0.03311519924930564,0.0,0.0588235294117647,0.1,1.0
214123,mscoco,0.1268183331936598,0.40333964496051383,0.11291895117610692,0.3205267704880873,0.1,1.0,0.0,0.0625
433075,mscoco,0.08936327286064624,0.3370191536032959,0.10654667504131794,0.25039714315277845,0.1,1.0,0.1,0.1666666666666666
21260,mscoco,0.0777699847240001,0.12228705735018719,0.04133161995559931,0.10798380256676882,0.0,0.0098039215686274,0.1,0.2
312870,mscoco,0.18260301575064658,0.46234615678864793,0.1321310430765152,0.425604055503024,0.0,0.0476190476190476,0.1,0.25
6824,mscoco,0.3281677283346653,0.5393518397188964,0.40216309279203416,0.5355031021108227,0.7,0.25,0.8,1.0
368014,mscoco,0.23028614819049836,0.4183579687804175,0.2789816945791245,0.3933284724133934,0.3,0.3333333333333333,0.3,1.0
227772,mscoco,0.05468652248382568,0.18203666739553626,0.08848358653485774,0.23831433365187826,0.1,0.1666666666666666,0.3,0.25
276671,mscoco,0.28052360787987707,0.6280995763460137,0.39222416579723357,0.7612369386075225,0.2,0.3333333333333333,0.6,0.5
74894,mscoco,0.2707382634282112,0.47363792950930494,0.2382240042090416,0.4770202577267793,0.3,1.0,0.5,1.0
395170,mscoco,0.1970326878130436,0.44650710668719956,0.1687556229531765,0.35207327253087645,0.4,0.5,0.6,1.0
362521,mscoco,0.15592703744769096,0.3245747486609218,0.14640893861651422,0.2749738855525494,0.0,0.02,0.1,0.2
543838,mscoco,0.01255687999073416,0.03989280668247471,0.01207413850352168,0.045217851344935146,0.1,1.0,0.1,0.3333333333333333
385580,mscoco,0.008930834999773651,0.05092347504013196,0.031304071610793474,0.08852506867883059,0.0,0.0153846153846153,0.0,0.0714285714285714
448131,mscoco,0.07542288471013307,0.22396558319049711,0.10122509114444256,0.23765373530954592,0.1,0.2,0.6,1.0
33702,mscoco,0.13308552652597427,0.4305822613378386,0.2665301002562046,0.3623980902994142,0.0,0.0555555555555555,0.0,0.0769230769230769
109522,mscoco,0.23242140486836432,0.33779082775349994,0.27064835727214814,0.4817557255797737,0.0,0.0416666666666666,0.0,0.0256410256410256
268444,mscoco,0.09852702133357524,0.27883437066062416,0.1781780332326889,0.3750870627334779,0.2,0.5,0.3,1.0
526105,mscoco,0.09751534350216388,0.24786500546878526,0.1290447600185871,0.4510196113079652,0.0,0.0714285714285714,0.0,0.0833333333333333
538709,mscoco,0.03789038006216287,0.1492197660182031,0.054797378834336996,0.21336004090947466,0.1,0.1666666666666666,0.2,0.5
455856,mscoco,0.008857836155220867,0.032575534015086574,0.01086325035430491,0.03656869401678008,0.1,0.5,0.1,0.5
246878,mscoco,0.15876021049916744,0.27663837403663905,0.2792556621134281,0.5483406143337126,0.0,0.0142857142857142,0.4,0.5
361472,mscoco,0.02905343477614224,0.0885931799113795,0.04703772328794002,0.21778668297883863,0.0,0.0384615384615384,0.1,1.0
422240,mscoco,0.038911758176982406,0.11556405473774663,0.035341191571205854,0.12139176912294602,0.1,1.0,0.1,1.0
233073,mscoco,0.08391318824142217,0.23880683902870248,0.0636960007250309,0.16738369482147458,0.1,0.3333333333333333,0.1,1.0
340621,mscoco,0.1031304221600294,0.2469901808626904,0.0858162285760045,0.2339744755445596,0.4,1.0,0.6,1.0
422804,mscoco,0.004291830025613308,0.012085661416386425,0.004313404462300241,0.02126722240065067,0.1,0.1666666666666666,0.1,1.0
440762,mscoco,0.16904392577707766,0.3967862576474181,0.2301161028444767,0.41197692366121014,0.1,0.125,0.1,0.1
165907,mscoco,0.1843369472771883,0.3871202623997013,0.20740145146846772,0.4342852694811538,0.4,0.5,0.6,1.0
540006,mscoco,0.006006622640416026,0.023769731093520794,0.00717200601939112,0.02821293111871245,0.1,0.1111111111111111,0.1,1.0
300267,mscoco,0.09344198275357485,0.20714301306292066,0.09770592488348484,0.27946777088923397,0.5,0.5,0.3,1.0
413852,mscoco,0.2867655213922262,0.33764493288089414,0.3967748135328293,0.6950355572533031,0.4,0.25,0.7,1.0
360975,mscoco,0.2704700004309416,0.5130517861502344,0.16893053911626338,0.4232221587950661,0.4,0.25,0.3,1.0
211909,mscoco,0.2298043392598629,0.5724864382719658,0.32775258347392083,0.5169322878867941,0.6,1.0,0.8,1.0
66389,mscoco,0.10972132682800292,0.29137549879292446,0.12350033447146416,0.3061157414066485,0.0,0.0030395136778115,0.0,0.0025575447570332
13285,mscoco,0.06893791873008012,0.2170885958541429,0.06274461634457111,0.21254101068203743,0.0,0.009009009009009,0.0,0.0026178010471204
573922,mscoco,0.1914348602294922,0.4290647451054711,0.22189015317708255,0.5034806495329964,0.1,0.125,0.4,1.0
62619,mscoco,0.036336281802505255,0.09779943800524467,0.07050232365727424,0.18505055509745974,0.1,0.1,0.1,1.0
168563,mscoco,0.15355537682771683,0.2928163764135745,0.1632252961397171,0.3131059296993943,0.2,0.25,0.2,0.5
178504,mscoco,0.022532481979578734,0.07558883701928931,0.08826504200696945,0.27813076242586826,0.0,0.0909090909090909,0.1,1.0
176174,mscoco,0.1272032205015421,0.3178386798407166,0.18576799258589743,0.32625364522264216,0.1,0.1666666666666666,0.1,0.5
60903,mscoco,0.15037809163331986,0.31425694583704544,0.2130085125565529,0.4649273889639551,0.1,0.1111111111111111,0.2,1.0
80554,mscoco,0.12102569881826639,0.3285619279381781,0.1684374287724495,0.34380267317977303,0.0,0.0714285714285714,0.2,0.3333333333333333
494852,mscoco,0.07128591779619456,0.2000260417399248,0.12464272566139697,0.3093512415329262,0.4,1.0,0.3,1.0
272832,mscoco,0.03747908361256123,0.1115058924473415,0.05094777522608638,0.20939766193973447,0.1,0.3333333333333333,0.1,1.0
497002,mscoco,0.03089298391714692,0.1170290941125345,0.03051871636416763,0.09444879052818257,0.1,0.5,0.0,0.0526315789473684
473918,mscoco,0.021483784122392536,0.08115706635962192,0.034829860320314765,0.10711763769988332,0.0,0.0454545454545454,0.1,0.5
78681,mscoco,0.2999702233821154,0.5773328583780258,0.2827720381319523,0.5772799151646788,0.5,1.0,0.5,1.0
261323,mscoco,0.0691849703900516,0.18300266634230514,0.07019079048186541,0.18508412100379326,0.0,0.0476190476190476,0.1,1.0
489482,mscoco,0.06924387440085411,0.2055456300274655,0.07830117605626583,0.17755521963032672,0.0,0.0909090909090909,0.1,0.5
513966,mscoco,0.03449746007099748,0.13260542391751337,0.0932366108521819,0.24846317358939404,0.1,0.2,0.0,0.04
326202,mscoco,0.19792353436350824,0.44898939292876366,0.2013318095356226,0.5943322293151174,0.3,1.0,0.3,1.0
394159,mscoco,0.2601008951663971,0.5883167284759142,0.3526536703109741,0.5698254041861937,0.1,0.3333333333333333,0.2,0.3333333333333333
392320,mscoco,0.4002462401986122,0.5724445917230776,0.4009719893336296,0.8373185436443079,0.7,1.0,0.6,1.0
428301,mscoco,0.31898118555545807,0.6000408614481363,0.2653516300022602,0.5355948116856994,0.3,1.0,0.3,1.0
304217,mscoco,0.10895996987819671,0.2828771218903036,0.0678105641156435,0.24063873776217465,0.0,0.0217391304347826,0.0,0.0133333333333333
332131,mscoco,0.24869286864995957,0.41331159354269603,0.434937584400177,0.540789843241182,0.6,1.0,0.7,1.0
316336,mscoco,0.08355132136493922,0.21178311112210904,0.14168512225151061,0.3034679736411441,0.1,0.3333333333333333,0.1,1.0
575331,mscoco,0.04272411968559027,0.11747328652777177,0.033004963956773284,0.09008742799164643,0.0,0.0476190476190476,0.1,1.0
357578,mscoco,0.13361890316009523,0.3057735098766116,0.31123392283916473,0.7231220436543335,0.0,0.0625,0.2,0.25
201714,mscoco,0.30887766033411024,0.478735636904102,0.15680425614118576,0.4481046041552036,0.5,1.0,0.3,1.0
76899,mscoco,0.3062625411897898,0.476160082461488,0.20932756029069424,0.3682467934691951,0.1,0.1666666666666666,0.0,0.0175438596491228
461445,mscoco,0.286236672103405,0.46852723121815065,0.32301987856626513,0.477726363015873,0.2,0.3333333333333333,0.1,1.0
317431,mscoco,0.40147792622447015,0.812474090239891,0.4785019546747208,0.8002035038670806,0.9,1.0,0.9,1.0
74,drawbench,0.07760433182120323,0.17786099769149316,0.06628260090947151,0.3396077255896108,0.0,0.0128205128205128,0.0,0.0181818181818181
413172,mscoco,0.057273397035896775,0.17350311485234274,0.08139582462608815,0.28869156120526435,0.1,0.1428571428571428,0.4,0.3333333333333333
346754,mscoco,0.026722562871873377,0.08710564339552603,0.025344671215862036,0.0872513814490152,0.0,0.0038167938931297,0.0,0.0014245014245014
142349,mscoco,0.1807954680174589,0.3936664544490316,0.19161757044494152,0.32724126703869777,0.1,0.1666666666666666,0.3,0.25
495947,mscoco,0.10024577099829912,0.2924846236414394,0.09738943874835967,0.25661556431846644,0.0,0.0454545454545454,0.0,0.0416666666666666
105344,mscoco,0.15551508218050003,0.3554682005414122,0.15812919661402702,0.48740391090410434,0.2,0.25,0.5,1.0
466024,mscoco,0.31947643905878065,0.5532347258869381,0.40763583332300185,0.66861524915912,0.7,1.0,1.0,1.0
579165,mscoco,0.04584476891905069,0.14243934689356572,0.09170114686712623,0.23472229882417286,0.1,0.2,0.0,0.0256410256410256
323868,mscoco,0.08510267939418555,0.19384621140717467,0.32658486589789393,0.6127961616821525,0.1,0.1666666666666666,0.7,1.0
119947,mscoco,0.10932846013456583,0.2682375204772517,0.16266802940517663,0.3733634341019172,0.1,1.0,0.1,0.5
536201,mscoco,0.06305041536688805,0.20341902162418365,0.06616343539208173,0.19974631217037866,0.1,1.0,0.1,1.0
151432,mscoco,0.34910874366760253,0.46170163338122944,0.38114154040813447,0.5404409297258949,0.5,1.0,0.3,0.3333333333333333
50972,mscoco,0.23808194156736134,0.7483147142447077,0.2044367454946041,0.34082320267377736,0.2,1.0,0.2,0.3333333333333333
222361,mscoco,0.11875343695282936,0.21275782755250855,0.13277152236551046,0.25946619967047224,0.4,0.25,0.7,1.0
183,drawbench,0.024147905642166734,0.0651319150773267,0.023972789710387587,0.08019470612534452,0.0,0.0,0.0,0.0
356654,mscoco,0.04036653088405728,0.12226956254027165,0.04046105956658721,0.12031708115053966,0.1,1.0,0.0,0.0526315789473684
12377,mscoco,0.01146938670426607,0.05722519636360919,0.015377292595803737,0.05147305250812623,0.1,0.25,0.1,1.0
62589,mscoco,0.2834743820130825,0.5782024977460595,0.29158071950078013,0.5790591648938362,0.4,1.0,0.5,1.0
175,drawbench,0.032340215798467395,0.12190549847783398,0.036009582225233316,0.07980248457334377,0.0,0.0,0.0,0.0
97569,mscoco,0.0207743679638952,0.06716443142998522,0.028990861028432846,0.09368713967238042,0.1,0.1111111111111111,0.2,0.3333333333333333
118342,mscoco,0.27098012417554856,0.514478992167545,0.29742347449064255,0.4930994289836303,0.5,1.0,0.7,0.5
226348,mscoco,0.09010244570672513,0.22386601946827722,0.06964476518332958,0.305910357220266,0.1,0.5,0.1,1.0
507833,mscoco,0.009150999085977673,0.03234292573139668,0.00400827054399997,0.02621348292940078,0.1,1.0,0.1,1.0
509503,mscoco,0.1815773442387581,0.25550933604174136,0.11094756051898003,0.39858826567715316,0.4,1.0,0.3,0.5
265447,mscoco,0.18934425562620164,0.4298691914599822,0.19248701333999635,0.41436271325030677,0.6,1.0,0.6,1.0
39398,mscoco,0.24538031183183193,0.46547882078938896,0.4845964565873146,0.7685360918959523,0.1,0.5,0.2,1.0
475667,mscoco,0.22515670731663703,0.439190882213939,0.24564597606658936,0.4208768375358577,0.3,0.3333333333333333,0.3,0.5
110829,mscoco,0.049204600509256124,0.20536188741270767,0.034123702067881824,0.12645464818637248,0.0,0.0434782608695652,0.2,1.0
423830,mscoco,0.3211412087082863,0.6695629178310258,0.17159081920981406,0.6402527719872025,0.1,0.125,0.2,1.0
159567,mscoco,0.11960957385599613,0.2794526915919292,0.11417986191809178,0.297773916467948,0.1,1.0,0.0,0.003012048192771
67422,mscoco,0.22917584106326103,0.35094154944180395,0.2829185888171196,0.57726251026401,0.3,0.5,0.3,0.5
449210,mscoco,0.21749783977866172,0.5261092075320991,0.3043313041329384,0.5443888847215675,0.1,0.2,0.4,1.0
561386,mscoco,0.06853804821148515,0.1969328898169116,0.26614386811852453,0.43480311204617145,0.2,0.2,0.2,0.25
136267,mscoco,0.20315292626619338,0.3384859768147029,0.21879813820123672,0.3916994483223855,0.8,1.0,0.6,0.5
147294,mscoco,0.06731529124081134,0.15517985383526076,0.12013742625713349,0.21272756948658766,0.1,0.2,0.2,0.5
127074,mscoco,0.10553914755582809,0.2743636362442187,0.12412477433681487,0.3293141558702883,0.3,1.0,0.6,1.0
355593,mscoco,0.06743456777185201,0.2794090791743698,0.11063068490475417,0.2991564736663872,0.0,0.0005411255411255,0.0,0.0078740157480314
82,drawbench,0.14350710883736612,0.36940130589600856,0.21911790408194065,0.58683528379331,0.1,0.1666666666666666,0.0,0.032258064516129
97614,mscoco,0.11337313018739223,0.2998010711724073,0.27498686984181403,0.6192675893948566,0.0,0.0196078431372549,0.0,0.0555555555555555
548219,mscoco,0.16420424729585648,0.45488235853758163,0.13928296230733395,0.4998654376479872,0.4,0.5,0.4,1.0
232031,mscoco,0.04998062406666577,0.14912635069795663,0.044193935580551624,0.11855517968304251,0.1,0.5,0.0,0.0526315789473684
212047,mscoco,0.021578570967540144,0.08576562426606674,0.028218571748584508,0.09908712049893525,0.1,1.0,0.1,1.0
532520,mscoco,0.047710718028247355,0.1357773460263826,0.059071858413517475,0.14446118148695772,0.2,0.3333333333333333,0.1,0.25
202923,mscoco,0.13577910158783196,0.2522760445679044,0.23104463890194893,0.6578409088728459,0.4,0.25,0.3,0.1666666666666666
32675,mscoco,0.1500465240329504,0.6024959679805331,0.1809280227869749,0.6035227738485487,0.1,1.0,0.1,1.0
280112,mscoco,0.39752056896686555,0.696534019583979,0.3730578556656837,0.6640246110484678,0.3,0.3333333333333333,0.2,1.0
230982,mscoco,0.05086461128666997,0.17653308132643047,0.07655923524871469,0.19110043735970844,0.1,0.5,0.0,0.0714285714285714
104340,mscoco,0.009336170251481235,0.03548855856019677,0.013983475812710821,0.04503126231039532,0.0,0.0256410256410256,0.1,1.0
444912,mscoco,0.00823911156039685,0.03738909519138995,0.012362525425851345,0.05386631818510024,0.0,0.0833333333333333,0.1,0.1666666666666666
210071,mscoco,0.0926648885011673,0.18601283994591164,0.07329577170312404,0.19523873979548417,0.9,1.0,1.0,1.0
541203,mscoco,0.09490996263921261,0.3125592015713406,0.09541935570305213,0.1887045073858875,0.1,0.1,0.2,1.0
64626,mscoco,0.08653192073106766,0.24949950406869587,0.13572664707899093,0.44298564432935994,0.1,0.1111111111111111,0.0,0.0555555555555555
224060,mscoco,0.2103088429197669,0.4637006687421421,0.10859705563634633,0.3955025698408709,0.1,1.0,0.1,1.0
411028,mscoco,0.11998543590307235,0.21775630402360968,0.27388318330049516,0.6089559123554652,0.4,1.0,0.5,1.0
228712,mscoco,0.058007418736815454,0.19536236128606171,0.035209011379629375,0.12891704181602828,0.1,0.125,0.0,0.0256410256410256
170365,mscoco,0.1710406020283699,0.42948432356792104,0.16411678567528726,0.4189250868265706,0.0,0.0769230769230769,0.1,0.125
346403,mscoco,0.19463897831737995,0.38307266777510235,0.2560468304902315,0.6341874760250625,0.0,0.0163934426229508,0.2,1.0
265597,mscoco,0.5054370641708374,0.7054588858282494,0.531615337729454,0.584659699508904,1.0,1.0,0.9,0.5
11504,mscoco,0.09441454671323299,0.15605147372165923,0.109823464974761,0.27604647279541905,0.1,0.125,0.2,0.3333333333333333
546010,mscoco,0.04396421201527119,0.188866107878495,0.032145409286022185,0.14673047106986262,0.1,1.0,0.1,0.5
287003,mscoco,0.1511851478368044,0.5251229711606828,0.18215159177780152,0.4074234121313216,0.1,1.0,0.3,0.5
485406,mscoco,0.21005343506112695,0.6462836902345541,0.30638641864061356,0.4673829973831244,0.0,0.0416666666666666,0.1,1.0
299051,mscoco,0.1615208238363266,0.2753517204539238,0.2478521376848221,0.5072449930505037,0.3,1.0,0.5,1.0
67,drawbench,0.004894231318030506,0.02079703261443279,0.0020191150601021946,0.009609409899158724,0.0,0.0,0.0,0.0
107481,mscoco,0.34319502860307693,0.5470509993231484,0.4744495153427124,0.6710819390647573,0.4,0.3333333333333333,0.5,1.0
160968,mscoco,0.24535402320325375,0.43193054557243804,0.14929663091897966,0.355821028727059,0.1,0.1428571428571428,0.1,0.3333333333333333
447983,mscoco,0.056498043704777956,0.2532295043931824,0.093223674595356,0.28931352032001545,0.1,1.0,0.1,1.0
192651,mscoco,0.16148399338126182,0.377502404318249,0.25879594013094903,0.5166910749032327,0.3,0.5,0.5,1.0
341856,mscoco,0.10656959395855665,0.3308199435372489,0.13776510283350946,0.3690512563442935,0.3,0.5,0.2,1.0
45809,mscoco,0.17694870196282864,0.4627679764531581,0.1775335744023323,0.4184980418162791,0.6,1.0,0.6,1.0
552089,mscoco,0.09921589493751526,0.4056932054002052,0.06098520671948791,0.12807899986864177,0.1,0.1111111111111111,0.1,0.1
24097,mscoco,0.07894402742385864,0.3787505720217137,0.06570059400983155,0.34649515747413684,0.1,1.0,0.1,1.0
433451,mscoco,0.25096093248575924,0.3984225357687822,0.24729009643197059,0.494210030509229,0.0,0.0909090909090909,0.1,0.1666666666666666
547100,mscoco,0.07160549974069,0.458485642979964,0.06886344735976309,0.45132276941532956,0.1,1.0,0.1,1.0
485595,mscoco,0.023837887588888405,0.0961668207929538,0.04835902005434036,0.15760466887814006,0.1,0.5,0.1,1.0
266209,mscoco,0.10055582709610462,0.2382797261042298,0.12862929217517377,0.3150612024491231,0.2,0.3333333333333333,0.8,1.0
559754,mscoco,0.1717891652137041,0.48670590001317904,0.1047589868772775,0.20625641555275537,0.3,0.25,0.5,1.0
253848,mscoco,0.06950047751888633,0.19558431995425224,0.06950157936662435,0.16461683066361302,0.0,0.0434782608695652,0.1,0.1666666666666666
51487,mscoco,0.009901466814335435,0.043171948260814955,0.010761148913297802,0.04197179715456891,0.1,1.0,0.1,1.0
8725,mscoco,0.26839489974081515,0.5319412457514678,0.1885697178542614,0.39386012715490326,0.0,0.003690036900369,0.0,0.0909090909090909
115,drawbench,0.15849008886143565,0.4421677101642536,0.14877593629062175,0.4143347033612182,0.0,0.0,0.0,0.0
168833,mscoco,0.18510532081127168,0.3956789622120726,0.3177899032831192,0.5219451855905807,0.0,0.02,0.0,0.0357142857142857
248682,mscoco,0.255978861451149,0.4379272153578828,0.30346091985702517,0.4807645039355414,0.6,0.5,0.8,1.0
488032,mscoco,0.22798430547118187,0.5665914736910697,0.3445653423666954,0.514301218343212,0.3,1.0,0.6,1.0
24242,mscoco,0.07448120787739754,0.19425447054291134,0.18380451053380967,0.3769974897152883,0.0,0.05,0.5,1.0
150546,mscoco,0.0616267254576087,0.2104269196362937,0.06742101199924946,0.20995632685623813,0.1,0.5,0.1,1.0
67563,mscoco,0.43893005400896073,0.46401639188356636,0.3367404952645302,0.5120324340896388,0.2,1.0,0.0,0.0833333333333333
36783,mscoco,0.19286409690976142,0.5717465576102948,0.19162844195961953,0.39486762054237184,0.0,0.0040485829959514,0.1,0.1428571428571428
216015,mscoco,0.1468673311173916,0.4202528355663142,0.14325126511976122,0.4233061926033026,0.2,1.0,0.1,1.0
530904,mscoco,0.06720777926966548,0.20270898495551015,0.08949112799018621,0.24446154913584678,0.3,0.3333333333333333,0.3,1.0
15356,mscoco,0.1041744239628315,0.25240689069981875,0.09226389601826668,0.28009162531681614,0.4,0.3333333333333333,0.4,1.0
213809,mscoco,0.019486186793074012,0.09521027055927345,0.020717160706408323,0.10187805221572807,0.1,1.0,0.1,1.0
407057,mscoco,0.045224784035235645,0.13742902241216967,0.03627906618639827,0.12434211297054136,0.4,1.0,0.3,1.0
229142,mscoco,0.08951573763042689,0.22139626815056185,0.12205398865044118,0.3271773675272025,0.1,0.3333333333333333,0.1,0.1428571428571428
307990,mscoco,0.14015875533223152,0.25187551416109527,0.28506517261266706,0.4729420772834004,0.3,0.25,0.2,0.5
185,drawbench,0.04111598308663815,0.09737532819867346,0.015481982799246907,0.0474761923479034,0.0,0.0,0.0,0.0
318820,mscoco,0.10354459881782532,0.3823092597293592,0.0956330955028534,0.37765064186214126,0.1,1.0,0.1,1.0
575303,mscoco,0.05589750912040472,0.26508753484774666,0.05190932396799326,0.25145281882577236,0.1,1.0,0.1,1.0
578094,mscoco,0.026091522676870225,0.09606142199955973,0.03895998210646212,0.1333178307952159,0.4,1.0,0.7,1.0
54611,mscoco,0.20857729017734528,0.28235634584202096,0.4104651570320129,0.6129292585219923,0.2,0.3333333333333333,0.7,1.0
5903,mscoco,0.06638108463957906,0.29794514693261664,0.07919680271297694,0.2996194543136963,0.2,1.0,0.1,1.0
238603,mscoco,0.3655583649873734,0.47011334979314556,0.46951133012771606,0.7615818630026048,0.3,0.1666666666666666,0.7,1.0
113089,mscoco,0.05262669920921326,0.17236669069331806,0.11998414993286133,0.2506240205244046,0.1,1.0,0.1,1.0
381759,mscoco,0.021525160968303682,0.0790634061630632,0.01785849081352353,0.05812327584358998,0.0,0.0104166666666666,0.1,0.5
486580,mscoco,0.2785800576210022,0.5358177375601975,0.3526356302201748,0.5797896317487609,0.0,0.0434782608695652,0.2,0.25
480720,mscoco,0.2825337812304497,0.5039027309178562,0.26704623773694036,0.5263186046820092,0.6,0.3333333333333333,0.5,1.0
289140,mscoco,0.014643595879897475,0.04211877050661344,0.016706527583301066,0.04316093929519235,0.1,0.2,0.1,0.3333333333333333
91719,mscoco,0.24847412109375,0.3472679436152417,0.4885626435279846,0.6217954734636931,0.2,0.3333333333333333,0.8,1.0
8944,mscoco,0.07045385045930744,0.15350520703336432,0.06733009740710258,0.1851118596878468,0.1,0.3333333333333333,0.0,0.0833333333333333
468742,mscoco,0.08296380303800106,0.19191861547862882,0.09787110071629286,0.19923603603181056,0.3,1.0,0.3,1.0
512723,mscoco,0.37844960689544677,0.6431983290395462,0.38732609897851944,0.4392378684827237,0.5,1.0,0.8,1.0
167962,mscoco,0.23282436951994895,0.41454943330241845,0.3943969517946243,0.6648143531844302,0.2,0.1666666666666666,0.4,0.3333333333333333
132161,mscoco,0.04500224904622883,0.13487623582001085,0.030566288018599154,0.09961026604231549,0.0,0.0416666666666666,0.1,1.0
260336,mscoco,0.13703175261616707,0.3412346875067783,0.14180321674793958,0.3132293264767066,0.6,1.0,0.8,1.0
320429,mscoco,0.1666358020156622,0.2917701638371482,0.19464053511619567,0.5339181237197358,0.1,0.1,0.2,1.0
465893,mscoco,0.14250671677291393,0.2548808158683297,0.26317826136946676,0.41933103059742366,0.2,0.1666666666666666,0.5,0.3333333333333333
34183,mscoco,0.11541142258793116,0.32656313402574494,0.06351104844361544,0.34054795080591427,0.2,1.0,0.2,1.0
531404,mscoco,0.01664895936846733,0.07717485292997635,0.01946087824180722,0.07397710991420504,0.0,0.015625,0.1,0.1666666666666666
551651,mscoco,0.0692969586700201,0.20497395685122027,0.08037419207394123,0.1799777943839687,0.1,0.1428571428571428,0.2,0.5
140921,mscoco,0.23983600437641145,0.6327057956377612,0.28419607877731323,0.6451631612304585,0.2,1.0,0.2,1.0
449780,mscoco,0.15206928886473178,0.26644185365993645,0.16949111521244048,0.46367370994185453,0.1,0.1666666666666666,0.0,0.0588235294117647
560326,mscoco,0.07844574097543955,0.18115806738615398,0.12077672220766544,0.35778961993698893,0.2,0.5,0.3,1.0
440813,mscoco,0.01840756966266781,0.05846102488845484,0.017798504792153835,0.07090451320200367,0.1,0.5,0.1,0.25
126,drawbench,0.11201134845614433,0.2743177182790459,0.09900404997169972,0.2584652586512494,0.0,1.321684883889983e-05,0.0,4.428305730227615e-05
44,drawbench,0.26336375027894976,0.36102685942150625,0.26406705304980277,0.43691968959164085,0.0,2.0200795911358907e-05,0.0,0.0002699784017278
174417,mscoco,0.021698343195021154,0.08000433616770616,0.0225637492723763,0.08058401445878671,0.1,1.0,0.1,0.5
423215,mscoco,0.04703780515119434,0.10764398332134861,0.09067841470241547,0.22864319188061433,0.0,0.0017094017094017,0.0,0.0588235294117647
478090,mscoco,0.13760157376527787,0.25844064757364255,0.11880392096936702,0.2595448265929849,0.0,0.0588235294117647,0.1,0.1666666666666666
83034,mscoco,0.02466375657822937,0.1294568694241563,0.031003936007618905,0.12826090566686163,0.1,1.0,0.0,0.0833333333333333
325568,mscoco,0.07807378005236387,0.21674099105806605,0.15307157188653947,0.28187316000401497,0.0,0.0010660980810234,0.0,0.0007107320540156
517603,mscoco,0.12783138379454612,0.27791900505053446,0.14566717408597468,0.4332395647461398,0.4,0.25,0.1,0.2
460287,mscoco,0.05590914622880518,0.21700588485733247,0.05474648047238588,0.1949695693703466,0.2,1.0,0.2,1.0
337546,mscoco,0.19832293912768365,0.359076136581694,0.29571547657251357,0.5667422786332559,0.1,0.1111111111111111,0.3,1.0
389491,mscoco,0.2441168513149023,0.5609238242113556,0.2872472688555717,0.6218755415292906,0.0,0.024390243902439,0.2,0.5
557451,mscoco,0.041197783499956134,0.2047413893612659,0.04363961108028889,0.12941477692484826,0.2,1.0,0.2,1.0
20414,mscoco,0.09886924168094993,0.32053474459878034,0.1238132156431675,0.34967456555432547,0.4,1.0,0.7,1.0
402603,mscoco,0.06211928129196167,0.19651624091844694,0.06528711840510368,0.16588589100272033,0.1,0.5,0.1,1.0
93116,mscoco,0.08037460800260306,0.21400786553786713,0.082299913931638,0.19799321687039037,0.3,0.25,0.4,1.0
202143,mscoco,0.08955632224678993,0.28515415799186283,0.28230296447873116,0.5077654219834498,0.4,0.5,0.8,1.0
477526,mscoco,0.22386016324162483,0.5534673942256664,0.2391045019030571,0.556364567248142,0.2,1.0,0.3,1.0
557388,mscoco,0.27586343586444856,0.5099242070684716,0.27007478326559065,0.5201761788351575,0.5,1.0,0.2,1.0
120254,mscoco,0.08286465108394622,0.3204824307974957,0.1135165948420763,0.3086971027299398,0.1,0.1666666666666666,0.2,0.25
188606,mscoco,0.25622213874012234,0.6037513938131426,0.23781208805739878,0.5913831007471044,0.0,0.037037037037037,0.1,0.1
490336,mscoco,0.2627506576478481,0.33213608573945147,0.3453680038452148,0.637237005905514,0.1,0.3333333333333333,0.4,0.5
82731,mscoco,0.06629134491086006,0.1793723663757098,0.05687140664085746,0.13470394849320547,0.1,0.1428571428571428,0.1,0.1
46674,mscoco,0.03482519967947155,0.12601391459527825,0.03286639996804297,0.11837849165331878,0.1,1.0,0.1,1.0
534366,mscoco,0.13461908381432294,0.5189623024160301,0.2062705885618925,0.42698039475352245,0.2,1.0,0.3,1.0
493774,mscoco,0.029699710384011268,0.09827771746638062,0.0347304402384907,0.11582406772781995,0.0,0.0833333333333333,0.2,0.5
417547,mscoco,0.13764218017458915,0.3591157479514693,0.1646620888262987,0.34975021610207596,0.0,0.0344827586206896,0.0,0.0119047619047619
63556,mscoco,0.01750347400084138,0.06501682290698721,0.02006943253800273,0.06637169889424131,0.1,0.3333333333333333,0.1,1.0
479036,mscoco,0.08760178280062973,0.40399840092107936,0.07977347918786108,0.2676137349986599,0.4,1.0,0.4,1.0
515424,mscoco,0.24610270708799362,0.5332470870761337,0.41583412438631057,0.639057083537777,0.2,0.5,0.1,0.25
320899,mscoco,0.09914954658597708,0.24739860599806793,0.2545822307467461,0.44129550617002533,0.1,0.125,0.1,0.125
353378,mscoco,0.07849242258816957,0.2825723916468414,0.07575191268697382,0.23174330711158078,0.1,1.0,0.1,1.0
26517,mscoco,0.30882647782564165,0.41899047995119854,0.366428142786026,0.6377304455090128,0.1,0.2,0.2,1.0
559912,mscoco,0.21634647399187087,0.303629921918328,0.22793871462345122,0.4372719185779482,0.4,0.2,0.5,1.0
5913,mscoco,0.34706097543239595,0.6031738397462091,0.2302744746208191,0.5798538772641069,0.0,0.0833333333333333,0.0,0.0625
390474,mscoco,0.1696041438728571,0.33154342115761304,0.16878916844725608,0.3861519735895566,0.5,0.5,0.6,1.0
235062,mscoco,0.12690554633736612,0.28629290242050875,0.07934265732765197,0.27475658303768347,0.2,0.3333333333333333,0.2,1.0
313015,mscoco,0.007327292393893003,0.02767746613988807,0.00880766772897914,0.04149140566067639,0.1,0.2,0.1,1.0
397857,mscoco,0.04149437672458589,0.20943361553614073,0.045127110369503495,0.21976818480469928,0.1,1.0,0.1,1.0
550140,mscoco,0.13859424218535424,0.2701162015031989,0.13570811972022057,0.303338366227832,0.7,0.25,0.5,0.5
461836,mscoco,0.12226071124896407,0.19944181021073445,0.1564945951104164,0.3664940596937744,0.0,0.0666666666666666,0.0,0.0714285714285714
106,drawbench,0.049130269791930914,0.15511829845825828,0.12539474200457335,0.24506419357465573,0.0,0.02,0.1,0.1666666666666666
81779,mscoco,0.09575343728065491,0.2229742901767162,0.12098078895360231,0.3407636619711743,0.1,0.5,0.1,0.25
215134,mscoco,0.2923687845468521,0.4206476935908999,0.4159062564373016,0.5202508890490449,0.1,0.3333333333333333,0.1,0.25
523309,mscoco,0.030347017315216364,0.08910071589746955,0.018506734841503204,0.08667077195220377,0.0,0.0833333333333333,0.0,0.0833333333333333
171,drawbench,0.024930664943531154,0.06711461024927377,0.024718261579982935,0.1138004437202227,0.0,0.0,0.0,0.0
380500,mscoco,0.24555784612894058,0.38909343669262253,0.24797034859657288,0.6698866749221174,0.0,0.0192307692307692,0.2,1.0
156128,mscoco,0.3594710486009717,0.8433264361179585,0.4290164537727833,0.7928568200989369,0.2,1.0,0.4,1.0
125908,mscoco,0.19459167793393134,0.4132466221285614,0.27908423617482186,0.49519800385345214,0.4,0.5,0.4,0.5
488303,mscoco,0.05401697400957346,0.26855920789925064,0.07879925481975078,0.13833770417985017,0.1,0.3333333333333333,0.0,0.0476190476190476
49725,mscoco,0.13137368969619273,0.3450347344747794,0.12247140128165483,0.31041032208096736,0.1,0.5,0.1,0.5
556363,mscoco,0.053320249728858474,0.16629205523532772,0.04454704718664289,0.15471602557792655,0.1,1.0,0.1,0.1428571428571428
279947,mscoco,0.16094885356724262,0.28528533257695216,0.18272865302860736,0.4003444635706164,0.3,0.5,0.6,1.0
139083,mscoco,0.20654922109097243,0.4003298611915348,0.28152659460902213,0.6766403653534943,0.2,0.3333333333333333,0.0,0.0666666666666666
325055,mscoco,0.12322177477180958,0.3011633003724598,0.11254660077393056,0.22669442803740733,0.3,0.25,0.3,0.3333333333333333
483311,mscoco,0.6126408517360687,0.7992170896070014,0.6658505603671074,0.8513239947236076,0.8,1.0,0.8,0.5
206410,mscoco,0.08851844426244497,0.21646981525115994,0.10004701055586337,0.2621626522514926,0.2,1.0,0.0,0.0212765957446808
270290,mscoco,0.041415836196392775,0.14529845941541805,0.03906745705753565,0.18080026854085982,0.3,1.0,0.3,1.0
542937,mscoco,0.13443040288984776,0.4550992461042288,0.11382238194346428,0.2576111368285968,0.2,0.25,0.1,0.2
109178,mscoco,0.16147819785401224,0.5224838835868104,0.16863985657691954,0.42729813074445216,0.9,1.0,1.0,1.0
286116,mscoco,0.053624092414975164,0.14518725195994886,0.0507062123157084,0.1486287199225046,0.2,0.1428571428571428,0.3,1.0
369557,mscoco,0.10411072764545679,0.30858028434077484,0.158037081733346,0.3886739615239457,0.2,0.5,0.5,1.0
195810,mscoco,0.23828917220234871,0.502392115850819,0.18126199170947074,0.3239903192511253,0.1,1.0,0.1,0.5
561907,mscoco,0.02908565360121429,0.15947707518241727,0.026805761270225048,0.10671284095588715,0.0,0.03125,0.0,0.0010604453870625
100083,mscoco,0.08602251783013344,0.18468410984856048,0.07119764648377895,0.20536308279768714,0.9,1.0,0.5,1.0
427113,mscoco,0.191795945353806,0.4398593591199819,0.27172734066843984,0.5184288196157241,0.3,1.0,0.5,1.0
504670,mscoco,0.07378690373152494,0.26391881872728423,0.08447461519390345,0.17703747311391163,0.0,0.0384615384615384,0.0,0.04
171656,mscoco,0.04021456120535731,0.10915388718692957,0.03354821077082306,0.15512940512710846,0.1,0.1428571428571428,0.1,1.0
337011,mscoco,0.017696373350918292,0.05716439372322468,0.010246456670574843,0.037381026390438,0.0,0.0344827586206896,0.1,0.5
452031,mscoco,0.019451826415024697,0.07121501148467028,0.025562606984749436,0.08575827732369345,0.1,1.0,0.0,0.0769230769230769
59593,mscoco,0.32452851384878156,0.5236835709865576,0.3430506683886051,0.7772468084178402,0.3,0.3333333333333333,0.2,1.0
469894,mscoco,0.07277094442397355,0.13933417823695804,0.16100401133298875,0.36933002584379493,0.1,0.25,0.6,0.5
427688,mscoco,0.3635662332177162,0.30415766093659596,0.36361652985215187,0.5967185561975227,0.5,0.2,0.9,1.0
247394,mscoco,0.24195894300937654,0.4548207220053391,0.13814392387866975,0.26916569521136924,0.2,1.0,0.2,0.5
189197,mscoco,0.20614794939756392,0.37586802750086984,0.1579146459698677,0.4121013013468431,0.0,0.024390243902439,0.0,0.0769230769230769
293218,mscoco,0.16116888150572778,0.32431342547601716,0.16188805736601353,0.5410651015285506,0.1,0.25,0.5,1.0
563257,mscoco,0.28560617864131926,0.5224482121663016,0.26181957721710203,0.5272090405309285,0.0,0.0285714285714285,0.1,0.1
188556,mscoco,0.07611447647213936,0.23154825088690398,0.07728242296725511,0.28813763805721687,0.4,1.0,0.6,0.5
544348,mscoco,0.14697135463356972,0.43633127237263436,0.1015698615461588,0.3912883651197533,0.1,1.0,0.1,1.0
492817,mscoco,0.24645611122250558,0.42035809667282725,0.21830954998731614,0.35757954495903277,0.5,1.0,0.2,0.3333333333333333
5614,mscoco,0.05520386113785207,0.11023657396618103,0.11187635287642479,0.2794636073764197,0.1,0.1666666666666666,0.6,1.0
58250,mscoco,0.0565159160643816,0.22627637496149353,0.05499433651566506,0.24176296410984713,0.0,0.0212765957446808,0.1,1.0
110348,mscoco,0.21144231129437685,0.4341719374844906,0.22322873398661613,0.4789140453309363,0.8,1.0,0.9,1.0
502179,mscoco,0.1473970528692007,0.20565939109913284,0.14874344393610955,0.309291194033792,0.0,0.0476190476190476,0.0,0.0833333333333333
357948,mscoco,0.062260641576722266,0.4714646624586769,0.05440762210637331,0.25223616950346367,0.1,1.0,0.1,0.5
293081,mscoco,0.2971691332757473,0.41499987139196587,0.4891866981983185,0.7617571432800048,0.3,0.5,0.6,0.5
531883,mscoco,0.04020884684287011,0.14570159415444386,0.052032293006777766,0.2056059742474279,0.2,1.0,0.2,1.0
241911,mscoco,0.08607683461159468,0.23242209977568742,0.1308819584082812,0.2975570551284443,0.1,0.1428571428571428,0.1,0.125
253480,mscoco,0.25364952310919764,0.4293821828684227,0.33102154582738874,0.7223613009729827,0.0,0.0588235294117647,0.3,0.5
7,drawbench,0.41939561516046525,0.7977862785328577,0.20156822130084037,0.35441234403139044,0.0,5.006257822277847e-05,0.0,0.0001886080724254
418853,mscoco,0.025729578733444215,0.08680690181635879,0.029316843114793302,0.10221757525413393,0.1,0.3333333333333333,0.1,1.0
476341,mscoco,0.0761076059192419,0.19357293776300466,0.11971263140439987,0.2513255263023686,0.0,0.0181818181818181,0.0,0.0013351134846461
92554,mscoco,0.1055507080629468,0.18198467639019258,0.1108145235106349,0.41120997652440233,0.1,0.5,0.3,1.0
186145,mscoco,0.31899751648306846,0.7070090231971763,0.4144220232963562,0.6760816808864867,0.2,0.1666666666666666,0.5,0.3333333333333333
323424,mscoco,0.09341332763433456,0.29701067179452023,0.1638167981058359,0.33420625742468024,0.0,0.0357142857142857,0.2,0.1428571428571428
92670,mscoco,0.16151997819542885,0.32433728168213116,0.1112518161535263,0.30542255911297905,0.2,0.5,0.2,0.5
436333,mscoco,0.16310029197484255,0.32668977896076545,0.16069539003074168,0.34912223590707087,0.0,0.0285714285714285,0.1,0.5
25748,mscoco,0.10772498212754726,0.23266855624533322,0.11407442651689052,0.30943232313736124,0.0,0.0666666666666666,0.1,1.0
437156,mscoco,0.16809981130063534,0.40721574553452483,0.24771692156791686,0.5956948645382307,0.5,1.0,1.0,1.0
40361,mscoco,0.19211695808917284,0.4267665274617178,0.3355597570538521,0.4007336649758353,0.1,0.125,0.4,0.3333333333333333
190,drawbench,0.016711894585750998,0.05467945960748608,0.02101530509535223,0.1054531445137909,0.0,0.0,0.0,0.0
477988,mscoco,0.16136635057628154,0.4414993725978041,0.13825471457093955,0.4718981930417137,0.2,1.0,0.2,1.0
108238,mscoco,0.08907268028706312,0.2359923544794972,0.16645942069590092,0.6262325751579938,0.0,0.03125,0.1,1.0
397575,mscoco,0.16672037597745656,0.3799370881930644,0.154662698879838,0.4298666773095727,0.0,0.0192307692307692,0.1,1.0
442667,mscoco,0.0785672515630722,0.23477039675547276,0.1866666380316019,0.3159155764905274,0.0,0.0212765957446808,0.4,0.5
362839,mscoco,0.017911725025624037,0.0751200995322402,0.022070745239034295,0.09085558629282878,0.1,1.0,0.1,1.0
375004,mscoco,0.054237127164378764,0.14403597901820336,0.08000249750912189,0.22132874379550746,0.1,0.5,0.1,1.0
409949,mscoco,0.29797728881239893,0.6666118773874395,0.3424738377332687,0.5581679618417429,0.4,1.0,0.6,1.0
549532,mscoco,0.4469726771116257,0.5228088701308213,0.5230421312153339,0.6612364564298039,0.5,0.3333333333333333,0.2,0.1111111111111111
434511,mscoco,0.1291275793686509,0.6320204051484987,0.23985115252435207,0.6930133881557488,0.1,1.0,0.1,1.0
33481,mscoco,0.030378057900816203,0.10133985875806303,0.03589129839092493,0.1136983004038969,0.3,1.0,0.2,1.0
306232,mscoco,0.11557225696742535,0.2907581135621121,0.10546337459236384,0.2910752854119698,0.0,0.0222222222222222,0.0,0.0769230769230769
154119,mscoco,0.11951930448412895,0.2651270349506621,0.14135470427572727,0.44104608676704704,0.4,0.3333333333333333,0.6,1.0
525467,mscoco,0.09708976820111274,0.32274929256726054,0.20107901580631732,0.29812203950262023,0.3,1.0,0.3,1.0
494360,mscoco,0.1537889361381531,0.3765761543686378,0.08282780088484287,0.22420225163879925,0.1,0.5,0.1,0.125
223574,mscoco,0.04807339143007994,0.11871264159838694,0.07043669037520886,0.16634714055131608,0.1,0.5,0.1,1.0
347113,mscoco,0.09875116180628538,0.2548655039715142,0.10078582391142846,0.21716353530503976,0.0,0.0014903129657228,0.0,0.0833333333333333
25697,mscoco,0.3974094644188881,0.564686262646103,0.4377904340624809,0.5798541815355508,0.8,1.0,0.7,1.0
198978,mscoco,0.054063628613948825,0.17151045836022322,0.14885625652968884,0.3323617105044824,0.0,0.0666666666666666,0.3,0.25
172776,mscoco,0.20799006074666976,0.347447064688511,0.4140284411609173,0.4815402183276137,0.2,0.25,0.7,0.25
59515,mscoco,0.033713693637400864,0.10842109856195405,0.12129651941359043,0.5275879749640232,0.0,0.0055555555555555,0.0,0.0017391304347826
35715,mscoco,0.05122783817350864,0.18118429875056988,0.04223720356822014,0.1308349420681708,0.0,0.05,0.1,1.0
386777,mscoco,0.09386144066229463,0.3864708030835761,0.05115105239674449,0.1810575525251667,0.2,1.0,0.1,0.1428571428571428
527342,mscoco,0.1314129453152418,0.26542098954565874,0.12169421557337046,0.3217353210289942,0.1,0.3333333333333333,0.1,1.0
408838,mscoco,0.3213091826066375,0.7253781457695498,0.3704826470464468,0.541288833967176,0.1,0.1666666666666666,0.0,0.02
53744,mscoco,0.01909029164817184,0.09845550407847012,0.06322378218173981,0.18790846355026916,0.1,1.0,0.8,1.0
218960,mscoco,0.1365897860378027,0.4356126008071509,0.15360177159309388,0.42072627798409684,0.2,1.0,0.3,1.0
404367,mscoco,0.2630088895559311,0.3756734900665735,0.42422262728214266,0.5991651251257488,0.4,0.3333333333333333,0.5,1.0
500071,mscoco,0.013115893234498799,0.053267787761283374,0.018442030157893897,0.0749389329948189,0.0,0.009090909090909,0.1,1.0
74331,mscoco,0.2690046690404415,0.5395379598151898,0.2674620013684034,0.5723806408842137,0.2,1.0,0.1,1.0
47652,mscoco,0.07855565920472145,0.18758201936517374,0.10508976764976978,0.21998129006673314,0.0,0.0714285714285714,0.6,1.0
299154,mscoco,0.040028926683589816,0.13678634131505246,0.04615858756005764,0.11787564655380667,0.1,0.1666666666666666,0.2,0.5
499004,mscoco,0.17450241204351186,0.4583230185422631,0.13752791080623866,0.4124016187898672,0.1,0.2,0.3,0.25
13471,mscoco,0.19591917097568512,0.4421313799384812,0.21002962589263915,0.4241900096149804,0.3,1.0,0.6,1.0
280810,mscoco,0.045098931062966585,0.13126240846182521,0.08647771161049604,0.1931397879928039,0.2,0.5,0.1,0.3333333333333333
322008,mscoco,0.03930545523762703,0.13441070908768593,0.13326954301446675,0.31294785508722556,0.1,0.1428571428571428,0.0,0.0909090909090909
108871,mscoco,0.06582381073385477,0.2030397456098238,0.06987247001379729,0.2908265106689675,0.1,0.5,0.1,1.0
509626,mscoco,0.0965546004474163,0.2549601745728421,0.08313402067869902,0.19954565812823924,0.1,0.2,0.0,0.0014492753623188
105853,mscoco,0.26311326771974564,0.5279121510428834,0.21758480966091157,0.5372316398202955,0.0,0.024390243902439,0.3,1.0
478320,mscoco,0.12306662648916245,0.3058416935846991,0.12031608074903488,0.28470241348727876,0.5,1.0,0.2,1.0
517632,mscoco,0.19152766540646554,0.5855950754699483,0.15921946428716183,0.5719512749735863,0.2,1.0,0.2,1.0
194105,mscoco,0.12416071072220802,0.2971276467906204,0.11559390090405941,0.3247148572843234,0.0,0.032258064516129,0.0,0.0227272727272727
323208,mscoco,0.19151818603277207,0.4503639185051728,0.19823742303997277,0.4853918286954646,0.1,0.25,0.1,0.3333333333333333
116,drawbench,0.31478866189718246,0.5057272121617724,0.29097195267677306,0.6751092067540307,0.0,0.0,0.0,0.0
246746,mscoco,0.14659801721572877,0.30390821353441594,0.29006152898073195,0.4227094166146385,0.0,0.0052356020942408,0.2,0.25
243292,mscoco,0.08354233764111996,0.20699910769896118,0.16472425907850266,0.3263568442479686,0.2,0.5,0.3,0.5
125,drawbench,0.2121012657880783,0.34476427959049355,0.19049549251794815,0.390533283874664,0.0,0.0,0.0,0.0
392363,mscoco,0.174057824537158,0.25160039265135636,0.24572960026562213,0.5339830579027889,0.0,0.0714285714285714,0.1,0.2
6107,mscoco,0.1182717427611351,0.231169825856552,0.15864001587033272,0.2806001708722149,0.1,0.1666666666666666,0.3,0.5
279605,mscoco,0.06076606065034866,0.17573484507196613,0.2404496118426323,0.42682693314862613,0.3,0.25,0.3,0.2
518199,mscoco,0.038833481073379514,0.17690291405976133,0.03287722654640675,0.1137444923409372,0.0,0.05,0.0,0.0909090909090909
516990,mscoco,0.501260769367218,0.7050933788860718,0.5618013679981232,0.6715216843298258,0.7,1.0,0.8,1.0
474504,mscoco,0.19183544926345347,0.33212357533824,0.35159885734319685,0.6237869009187369,0.0,0.0454545454545454,0.1,0.5
323788,mscoco,0.3564245417714119,0.6947797643654025,0.37955845072865485,0.4141597232351229,0.6,1.0,0.6,1.0
210136,mscoco,0.2687236398458481,0.4993904963218985,0.23430350497365,0.4603425207268979,0.3,0.2,0.1,0.3333333333333333
450558,mscoco,0.05013515166938305,0.18039266873388415,0.06716226805001498,0.2324006764029602,0.0,0.0588235294117647,0.2,0.3333333333333333
542178,mscoco,0.02939176233485341,0.10094016962400848,0.04316508867777884,0.128706245512069,0.0,0.0076923076923076,0.0,0.0909090909090909
59525,mscoco,0.15461495257914065,0.26200877884756674,0.1667203739285469,0.3633890395458358,0.0,0.0454545454545454,0.2,0.1666666666666666
50201,mscoco,0.18605624362826348,0.47178675597393566,0.12992603611201048,0.4681693294331687,0.1,1.0,0.1,1.0
311629,mscoco,0.10526984967291356,0.25442088490682163,0.15120005495846273,0.30001300782124657,0.2,1.0,0.2,1.0
151594,mscoco,0.0750346127897501,0.21327529079659263,0.10725348815321922,0.22544399243467558,0.4,0.5,0.6,1.0
305545,mscoco,0.015722767263650895,0.105963540149837,0.019884496950544416,0.11277559042741978,0.1,1.0,0.1,1.0
162393,mscoco,0.1724078193306923,0.5113820191764941,0.2336408242583275,0.6313864657806064,0.2,1.0,0.2,1.0
297967,mscoco,0.0958142016083002,0.21182084319396768,0.15297053754329681,0.39249282667569685,0.1,0.1428571428571428,0.1,1.0
237833,mscoco,0.02535639498382807,0.09058369652560302,0.018749265628866852,0.06047885397386238,0.0,0.0181818181818181,0.0,0.0049504950495049
234274,mscoco,0.027201015129685403,0.09373070632766965,0.027540758717805147,0.09050331980787726,0.1,0.5,0.1,0.2
111742,mscoco,0.11529980432242155,0.2657206355441334,0.1427343524992466,0.27530687326088293,0.5,1.0,0.4,1.0
109061,mscoco,0.16332527324557305,0.5281911536302987,0.1362711088731885,0.49551325874331,0.1,1.0,0.1,1.0
190035,mscoco,0.1600522343069315,0.3427211876776514,0.1869680941104889,0.5100125213074316,0.2,0.25,0.1,1.0
62995,mscoco,0.02824609512463212,0.12967723875131612,0.024929332733154296,0.09181074896388373,0.1,1.0,0.1,0.3333333333333333
285484,mscoco,0.1107108922675252,0.24525108998957862,0.09045669864863157,0.2602070598196249,0.0,0.0185185185185185,0.0,0.05
36850,mscoco,0.11172477751970292,0.28257354225608183,0.16340075246989727,0.32414473685566964,0.2,0.5,0.3,1.0
110324,mscoco,0.13760580271482467,0.2551123910089462,0.12394062764942645,0.2675052876464956,0.1,0.5,0.0,0.0909090909090909
388566,mscoco,0.3284700870513916,0.8112750479000675,0.29901586323976515,0.739545514593378,0.7,1.0,1.0,1.0
74466,mscoco,0.10717711802572012,0.20950478165885336,0.09478660430759192,0.5249142400629176,0.1,0.1111111111111111,0.1,1.0
358438,mscoco,0.11760006807744502,0.3674982566224631,0.0992595836520195,0.17959873529384046,0.1,0.25,0.1,0.3333333333333333
302137,mscoco,0.1667036309838295,0.34579037162378595,0.23515475690364837,0.5031550546835404,0.2,0.3333333333333333,0.4,0.25
144,drawbench,0.07111649923026561,0.20873470839197295,0.03252757536247373,0.11082037313111967,0.0,0.0,0.0,0.0
404766,mscoco,0.336577532440424,0.6730974926731098,0.48270983099937437,0.7424775806031609,0.3,0.5,0.3,0.3333333333333333
322937,mscoco,0.23341914117336274,0.3749945772238713,0.29396863281726837,0.4591899174201795,0.4,1.0,0.9,1.0
245902,mscoco,0.05792867131531239,0.14617642020520444,0.1012890387326479,0.21128875733063848,0.0,0.0222222222222222,0.0,0.0833333333333333
27528,mscoco,0.1200288513675332,0.2173969451391056,0.1353416560217738,0.24086428143427493,0.6,1.0,0.8,1.0
254392,mscoco,0.053823917359113696,0.20775066859719124,0.05477038389071822,0.21052202671883097,0.2,1.0,0.2,1.0
34827,mscoco,0.4803024917840958,0.7837511530571935,0.5223832190036773,0.6585854329496672,0.9,1.0,1.0,1.0
291752,mscoco,0.5877022907137871,0.73109119463064,0.6836604833602905,0.7350311850561625,0.9,1.0,1.0,1.0
126895,mscoco,0.0905998382717371,0.20322468642092031,0.15576505921781064,0.3465459682021253,0.0,0.0833333333333333,0.3,1.0
312316,mscoco,0.11053192727267742,0.27403754892488513,0.19406330808997155,0.5501559566414396,0.0,0.0769230769230769,0.4,1.0
439657,mscoco,0.06285350788384676,0.1766338493143026,0.10139043256640434,0.20850347224977078,0.2,1.0,0.2,1.0
438446,mscoco,0.27003200463950633,0.5891138472464045,0.3332947602495551,0.6843652899642476,0.5,0.5,0.7,1.0
470932,mscoco,0.046359119936823845,0.13193864899600313,0.03899786667898297,0.09784732223855214,0.2,0.1428571428571428,0.5,0.5
500829,mscoco,0.047532568126916884,0.16717207796245673,0.05043734945356846,0.13368148078353959,0.5,1.0,0.7,0.5
53550,mscoco,0.08048252183943987,0.2963879755930296,0.12389423754066228,0.30545251003887425,0.1,1.0,0.2,1.0
395340,mscoco,0.13459511511027814,0.340292358375306,0.10004534795880318,0.2480424662852474,0.1,0.1666666666666666,0.1,0.5
257983,mscoco,0.5464502304792405,0.7503818772662919,0.631823205947876,0.7431653555981915,0.4,1.0,0.7,0.5
573052,mscoco,0.06855355016887188,0.21118736798079216,0.05715402197092771,0.15249168915349576,0.1,0.5,0.2,0.1666666666666666
475457,mscoco,0.07120962087064982,0.1969639974040434,0.09941367283463479,0.28670266027795943,0.0,0.0588235294117647,0.2,0.1428571428571428
75,drawbench,0.15103695318102836,0.2642071005448908,0.15192247033119202,0.32425701146660596,0.0,0.0833333333333333,0.1,1.0
11288,mscoco,0.24166684001684188,0.4721147401822229,0.3495661191642284,0.6919744973585324,0.0,0.0909090909090909,0.3,1.0
276852,mscoco,0.11526012420654297,0.26515181796792514,0.13918327987194062,0.3951690612094009,0.0,0.0303030303030303,0.1,1.0
557780,mscoco,0.15838369503617286,0.47104755373632673,0.14260065499693156,0.47514768052994255,0.2,1.0,0.2,1.0
363165,mscoco,0.19961935877799988,0.3103711983975399,0.2352231677621603,0.6298895732330504,0.1,0.2,0.4,1.0
541880,mscoco,0.42243058085441587,0.5427430252764467,0.4155330196022987,0.7377093069968623,0.7,0.5,0.7,1.0
313526,mscoco,0.02378398380242288,0.10961324224212349,0.021815312292892484,0.10180229191839658,0.1,0.5,0.2,1.0
214055,mscoco,0.1432466972619295,0.3425494910160938,0.26609729826450346,0.44310672999129286,0.0,0.0625,0.1,0.125
458675,mscoco,0.06701602973043919,0.13892882730178954,0.15174367129802704,0.45021772491721557,0.0,0.0294117647058823,0.4,0.3333333333333333
175277,mscoco,0.0380027879960835,0.10521300820615163,0.05003733299672604,0.17505998317728713,0.2,0.3333333333333333,0.5,1.0
295076,mscoco,0.1608614436350763,0.2988200920366619,0.1672067753970623,0.40639281389252124,0.4,1.0,0.5,1.0
63075,mscoco,0.34388299137353895,0.5410225886252161,0.45066877976059916,0.5519608990666182,0.4,1.0,0.8,0.5
533159,mscoco,0.22937350273132323,0.2891224265431704,0.3948326572775841,0.5347789700220456,0.6,0.25,0.8,0.5
292810,mscoco,0.11481442069634795,0.27017485801082874,0.1496946238912642,0.3388783222377865,0.1,0.2,0.1,1.0
333978,mscoco,0.3945240944623947,0.6111725933723785,0.5004322767257691,0.5265488360456685,0.6,1.0,0.8,0.5
487264,mscoco,0.27694626823067664,0.4901904233714893,0.2779672764241695,0.4741172440821071,0.1,1.0,0.4,1.0
429074,mscoco,0.12163178063929081,0.2603640550998644,0.2243327721953392,0.42650357582945925,0.2,0.3333333333333333,0.1,0.1
39789,mscoco,0.015251869149506093,0.06934083915072996,0.016177725710440426,0.048738630889998656,0.1,0.5,0.0,0.05
429353,mscoco,0.06668948838487268,0.1466945947601296,0.04910585284233093,0.1631923487615133,0.3,1.0,0.4,1.0
110683,mscoco,0.06668849512934685,0.2066622843456242,0.11467744782567024,0.3428937992967347,0.0,0.04,0.0,0.0175438596491228
4132,mscoco,0.1221724346280098,0.2968417598885463,0.1302472511306405,0.2931887904467348,0.2,0.1666666666666666,0.1,1.0
278134,mscoco,0.08170287348330021,0.2869397911632012,0.07601381205022335,0.16224691354256965,0.1,1.0,0.0,0.0034722222222222
238709,mscoco,0.041415312816388904,0.08401008335786857,0.0881719084456563,0.23352736200255633,0.1,0.1111111111111111,0.6,1.0
485300,mscoco,0.005772915360284969,0.020414828410558042,0.007632711692713201,0.016746988510703515,0.0,0.0769230769230769,0.1,0.25
296620,mscoco,0.05558105055242777,0.23052399712471125,0.024706020299345256,0.0720876551515965,0.0,0.0454545454545454,0.0,0.0142857142857142
193077,mscoco,0.020977720199152828,0.1067556901654937,0.012999600451439618,0.05702349119230342,0.0,0.05,0.2,0.5
103,drawbench,0.0058300838223658506,0.01821743393582471,0.00425126917543821,0.026364816707228834,0.0,0.0,0.0,0.0
310749,mscoco,0.17216513324528931,0.3509985593075134,0.18251073956489564,0.40408999898329784,0.2,0.5,0.3,1.0
293864,mscoco,0.36174154095351696,0.6594575365487333,0.4888738006353378,0.575591253781563,0.3,0.5,0.5,1.0
493806,mscoco,0.19306755661964417,0.47023959673754584,0.18912033326923847,0.5499844296037757,0.2,1.0,0.4,0.5
39535,mscoco,0.24718279391527176,0.38770468148147186,0.24989631175994872,0.43093223697827354,0.0,0.04,0.0,0.0526315789473684
481252,mscoco,0.06973768342286349,0.1549812746970796,0.11632211953401565,0.2765549907714017,0.2,1.0,0.1,0.5
522535,mscoco,0.16595879048109055,0.36962257561147616,0.31579803228378295,0.5088903974402881,0.0,0.0434782608695652,0.0,0.0476190476190476
482765,mscoco,0.25791650339961053,0.4876477247978834,0.2041038192808628,0.6301713717618826,0.1,0.1666666666666666,0.0,0.0769230769230769
81954,mscoco,0.05014201905578375,0.12016383081705904,0.06816867627203464,0.19689830721327362,0.1,0.2,0.1,0.5
333124,mscoco,0.08756853267550468,0.35488368742031845,0.11156638688407838,0.34523063233305845,0.2,1.0,0.2,1.0
529258,mscoco,0.041143080592155455,0.127360013933593,0.03070523631758988,0.08775270221739316,0.0,0.0142857142857142,0.1,0.25
2567,mscoco,0.17552655655890703,0.49474616690898604,0.32932947427034376,0.5669194572427056,0.1,1.0,0.6,0.5
53803,mscoco,0.06743057370185852,0.20728070940989438,0.0451526721008122,0.12884849755272273,0.1,0.5,0.1,0.1111111111111111
172351,mscoco,0.1389291200786829,0.35338099379941595,0.3080593295395374,0.38041649031401026,0.2,0.5,0.4,0.5
311251,mscoco,0.39598042592406274,0.7220155517629605,0.5408425718545914,0.8089380193695329,0.2,1.0,0.5,1.0
356869,mscoco,0.07701540999114513,0.1795202643587535,0.20445859134197236,0.2854878186073741,0.1,0.2,0.0,0.0068965517241379
203406,mscoco,0.679035770893097,0.6948615011299243,0.7150904297828674,0.9077198093749271,0.9,1.0,0.9,1.0
119870,mscoco,0.32228263914585115,0.40995309609062763,0.4227187380194664,0.6629487782549605,0.1,0.1428571428571428,0.2,0.5
442125,mscoco,0.035206323582679035,0.1097237304514851,0.048788320552557704,0.1441151267373655,0.1,0.3333333333333333,0.3,1.0
530619,mscoco,0.13996874690055847,0.40422487839588456,0.1609296716749668,0.32727770134809303,0.6,1.0,0.8,1.0
73196,mscoco,0.13086087256669998,0.2902507983512333,0.09101992398500443,0.22693090870621843,0.1,0.5,0.0,0.0303030303030303
507714,mscoco,0.06577710267156363,0.24719023705896725,0.14665000289678573,0.33098450703825205,0.0,0.0072992700729927,0.0,0.0416666666666666
376144,mscoco,0.007730903686024249,0.032414930857307796,0.012877537775784731,0.0379391645070145,0.3,1.0,0.5,1.0
211063,mscoco,0.0366040357388556,0.15974485736968,0.05391093632206321,0.15633014322870045,0.1,1.0,0.1,0.3333333333333333
436799,mscoco,0.12996052261441945,0.23026060933161863,0.13551535960286856,0.31548752321266954,0.1,0.3333333333333333,0.2,0.5
204256,mscoco,0.04064556956291199,0.13457732939332098,0.03417494555469602,0.13273010229180673,0.0,0.0714285714285714,0.1,1.0
314048,mscoco,0.08367360578849911,0.13112415449547046,0.13269054433330893,0.25687242252091214,0.2,1.0,0.3,1.0
447009,mscoco,0.18211704194545747,0.29788359106791096,0.13768009096384048,0.4240736544679421,0.1,0.1,0.2,1.0
455079,mscoco,0.3653671436011791,0.7590355453616713,0.3891944821923971,0.5392953815054413,0.2,1.0,0.3,0.5
157617,mscoco,0.1290970856323838,0.3760836365460856,0.20826978348195552,0.38323370769992793,0.2,0.5,0.1,0.25
546877,mscoco,0.44861027151346206,0.51490983525871,0.49546256959438323,0.7400674217639631,0.1,0.2,0.7,1.0
41392,mscoco,0.03706942182034254,0.1122106066265162,0.0626028886064887,0.14722605439141526,0.1,1.0,0.1,1.0
556462,mscoco,0.12636086158454418,0.285581387716017,0.2061254419386387,0.3296210744030248,0.6,0.5,0.4,1.0
80053,mscoco,0.11846140548586845,0.3117128491665468,0.3322237774729729,0.5062780994470828,0.0,0.0714285714285714,0.7,0.5
553304,mscoco,0.11331647224724292,0.33581498885647254,0.11896358709782362,0.36050640769533676,0.1,0.2,0.1,1.0
102,drawbench,0.02467456627637148,0.08956518322453302,0.0561189666390419,0.11667120326244995,0.0,0.0,0.0,0.0
463168,mscoco,0.047052185190841554,0.14576911640084864,0.047834362182766196,0.1627094017529514,0.1,0.5,0.1,0.3333333333333333
398463,mscoco,0.06674796901643276,0.16971159299537247,0.1348975718021393,0.49795229884074116,0.1,0.3333333333333333,0.5,1.0
454916,mscoco,0.11816940531134605,0.22454473718716175,0.1688384711742401,0.26814316931528015,0.0,0.0625,0.1,0.125
317022,mscoco,0.06348740104585886,0.18479975729635012,0.07703103125095367,0.16814283056921386,0.0,0.0476190476190476,0.1,0.1111111111111111
61943,mscoco,0.3577862992882729,0.6616554224603254,0.34315154552459715,0.41039262205400373,0.0,0.0099009900990099,0.0,0.0833333333333333
543521,mscoco,0.1279555881395936,0.3057973534077929,0.08047646712511777,0.253599628829445,0.1,1.0,0.1,1.0
509490,mscoco,0.031524572800844905,0.08177490637874546,0.036194632621482016,0.10451336530815057,0.0,0.0208333333333333,0.1,1.0
413970,mscoco,0.002956826609442942,0.011778816682375954,0.003940461500314995,0.01493223262650944,0.0,0.0263157894736842,0.0,0.0833333333333333
67331,mscoco,0.06941043967381119,0.21699258195673954,0.1701792474836111,0.5861867959668968,0.1,0.3333333333333333,0.1,1.0
230669,mscoco,0.1851015031337738,0.49034103462512335,0.2406651195138693,0.641162818108151,0.3,0.25,0.1,0.1428571428571428
487266,mscoco,0.21382372900843621,0.43632406145995856,0.17364578694105148,0.42548858546124146,0.5,1.0,0.8,1.0
525024,mscoco,0.09283581487834454,0.23643390022719923,0.0863555883988738,0.19880095957289848,0.2,0.3333333333333333,0.6,1.0
14257,mscoco,0.03939450429752469,0.13885251134435003,0.052999240020290016,0.1355034590705852,0.1,1.0,0.1,0.1
478240,mscoco,0.09315437208861113,0.1941479560668259,0.09679699391126632,0.21555986389896578,0.2,0.3333333333333333,0.0,0.0344827586206896
7211,mscoco,0.008736872859299184,0.035798559864199206,0.007360777258872986,0.02261222076664931,0.3,1.0,0.2,0.3333333333333333
23250,mscoco,0.17209921199828387,0.2177951894180345,0.26396591290831567,0.5549526306008076,0.1,0.1,0.5,1.0
3590,mscoco,0.41463021039962766,0.7309075481546576,0.536137580871582,0.6251199321137375,0.7,1.0,1.0,1.0
580511,mscoco,0.24981352165341378,0.586666280041016,0.3245629079639912,0.550483450243539,0.2,1.0,0.7,1.0
40658,mscoco,0.04483781377784908,0.24772280688562592,0.09430771190673112,0.34881102472595726,0.1,1.0,0.1,1.0
322350,mscoco,0.13005185965448618,0.24251293600288606,0.15027805119752885,0.29934419572219695,0.2,1.0,0.1,1.0
125635,mscoco,0.3778913997113705,0.6032864383663087,0.3949481397867203,0.7234816279326256,0.5,0.25,0.6,1.0
283631,mscoco,0.11531854532659054,0.3122103863777018,0.12805742174386978,0.3295301435955346,0.1,0.5,0.3,0.5
528729,mscoco,0.017181926453486086,0.09147356156630003,0.03139160098508,0.12027109110716622,0.1,1.0,0.1,1.0
167021,mscoco,0.14018240980803967,0.32604079541237535,0.2222836408764124,0.38134800564203364,0.2,0.2,0.5,0.2
140100,mscoco,0.17436218913644552,0.20824559550452265,0.36873992532491684,0.5038847715856751,0.1,0.25,0.2,0.5
252213,mscoco,0.09948964715003968,0.2631586350948293,0.056193990632891655,0.17724853136771618,0.1,0.25,0.1,0.2
501364,mscoco,0.21163234747946263,0.5151916300883757,0.4002337783575058,0.6052841399349168,0.5,1.0,0.8,1.0
580390,mscoco,0.022643355058971793,0.09801364101847447,0.03147591073065996,0.10511203787830516,0.1,1.0,0.1,1.0
463859,mscoco,0.04203351279720664,0.1669125618898392,0.043815426714718345,0.15996494935907205,0.1,1.0,0.1,1.0
391657,mscoco,0.1939504437148571,0.45798786045387274,0.21788723021745682,0.3896588853939727,0.1,0.1111111111111111,0.6,0.3333333333333333
391415,mscoco,0.03627516836859286,0.10443703210250967,0.032557509187608955,0.12984725441831665,0.0,0.0123456790123456,0.1,1.0
333099,mscoco,0.023933994583785534,0.07379226062199518,0.03557868842035532,0.10589705048011414,0.1,0.5,0.1,0.2
405574,mscoco,0.005491662595886737,0.019089271347176542,0.009956325986422598,0.045422764143323954,0.0,0.0140845070422535,0.1,1.0
575823,mscoco,0.02779637696221471,0.08603482902354778,0.030080657731741667,0.10495404509540354,0.0,0.0023923444976076,0.0,0.0222222222222222
57088,mscoco,0.21773817725479602,0.5047239419883511,0.27530072033405306,0.5505394494853346,0.1,0.1428571428571428,0.2,0.3333333333333333
226957,mscoco,0.10239619091153145,0.18418921708583288,0.049430193938314916,0.14019978976572364,0.1,1.0,0.1,0.25
184329,mscoco,0.2756954997777939,0.5002393523982084,0.20728771835565568,0.37945421709407445,0.0,0.0104166666666666,0.0,0.0043103448275862
550324,mscoco,0.46845425143837927,0.37898654121721853,0.62416570186615,0.7259310088534654,0.6,0.25,1.0,1.0
575174,mscoco,0.22393286004662513,0.43653251770602325,0.1736162856221199,0.37780965562236646,0.1,1.0,0.3,0.25
24380,mscoco,0.14472429305315018,0.3527295909715404,0.13334297202527523,0.2944246793731563,0.4,0.3333333333333333,0.2,0.3333333333333333
506394,mscoco,0.17839755676686764,0.31213107329597783,0.18156270496547222,0.3573478031936757,0.5,0.5,0.9,1.0
195463,mscoco,0.22314922362565995,0.41354876555928527,0.24122488498687744,0.4131594171810936,0.2,1.0,0.3,1.0
308892,mscoco,0.0514225561521016,0.1850038987755449,0.047624118812382224,0.16583057500262316,0.0,0.0588235294117647,0.1,0.5
361913,mscoco,0.05695266425609589,0.13216012343932587,0.09164166748523712,0.17530530496868396,0.1,0.1111111111111111,0.1,0.3333333333333333
293532,mscoco,0.15858412012457848,0.3300302173174899,0.1648474209010601,0.4243982059645746,0.4,0.3333333333333333,0.6,1.0
338118,mscoco,0.04448012597858906,0.15055154769000423,0.045139544922858474,0.16903146854533366,0.1,1.0,0.1,1.0
521250,mscoco,0.1311819192022085,0.31524963269839484,0.19235944226384163,0.4428304654518517,0.2,0.5,0.2,0.25
85353,mscoco,0.02694214500952512,0.11822624168082797,0.007572309719398618,0.028904664426393948,0.2,1.0,0.0,0.0666666666666666
35951,mscoco,0.011264291941188276,0.03427324760650331,0.014484920678660274,0.05676422823519065,0.0,0.009090909090909,0.1,0.1666666666666666
16764,mscoco,0.06830049771815538,0.15286818049501086,0.10920167043805122,0.2487078717175496,0.0,0.0434782608695652,0.2,1.0
397427,mscoco,0.17154480209574102,0.4180095277688507,0.1445213623344898,0.32814394085864124,0.1,1.0,0.1,0.5
515561,mscoco,0.03354101479053497,0.10259864452478841,0.052923974115401506,0.16912106663980503,0.0,0.037037037037037,0.1,1.0
366829,mscoco,0.04751103799790144,0.14450818980658317,0.05810826038941741,0.19459352530581378,0.0,0.0131578947368421,0.1,0.5
432410,mscoco,0.4125740021467209,0.5484417610900393,0.5557470947504044,0.6396050298093122,0.0,0.0666666666666666,0.2,0.1428571428571428
61972,mscoco,0.030980807077139617,0.11580503390618804,0.03422806309536099,0.11567002980885095,0.1,1.0,0.1,1.0
499054,mscoco,0.13152698688209058,0.2786027367833889,0.09221581481397152,0.30457057486504585,0.1,0.1,0.4,1.0
569021,mscoco,0.029579901602119207,0.08719895200691789,0.027279358403757215,0.10568378147426152,0.1,0.5,0.0,0.0909090909090909
9029,mscoco,0.08340095523744821,0.3031923162251691,0.11627058312296867,0.32019314052120335,0.3,1.0,0.4,1.0
18373,mscoco,0.29139484018087386,0.4702500671282913,0.4514674559235573,0.6129545254402631,0.7,1.0,0.9,1.0
336001,mscoco,0.09641304779797792,0.33280616564983073,0.10395372956991196,0.3049121663694994,0.2,0.25,0.4,0.3333333333333333
461475,mscoco,0.033994394820183516,0.10786259180097782,0.025443947175517678,0.07074988866272511,0.0,0.0285714285714285,0.2,0.5
388841,mscoco,0.1757891286164522,0.4549031448356941,0.1986519606783986,0.3814544080037682,0.5,0.3333333333333333,0.4,1.0
284940,mscoco,0.07858083993196488,0.18645175766841168,0.14681925754994155,0.2744538233318149,0.1,0.5,0.4,0.5
394759,mscoco,0.16219947598874568,0.302236111668124,0.14390580616891385,0.36292915320318986,0.5,0.5,0.3,1.0
358411,mscoco,0.04262778419069946,0.17496387150918477,0.08059004619717598,0.19033938709547435,0.2,0.5,0.5,1.0
284421,mscoco,0.12334142196923495,0.229246067629675,0.11054290235042571,0.3605456394251359,0.6,1.0,0.2,0.3333333333333333
237716,mscoco,0.06934468876570463,0.2636590456228876,0.06461275136098266,0.2305915614874062,0.2,0.5,0.2,1.0
167520,mscoco,0.043220410123467445,0.13659200941864202,0.012601879399153405,0.05345141198196679,0.1,0.2,0.1,0.5
568611,mscoco,0.16678280085325242,0.28251499369502886,0.14909492880105973,0.41808687864599686,0.4,0.25,0.5,0.5
159356,mscoco,0.36248449310660363,0.5269485941001909,0.2778392143547535,0.48231594610431955,0.1,0.5,0.1,0.2
301261,mscoco,0.03294615624472499,0.11997805689239141,0.08147699106484652,0.28533300020186664,0.0,0.0625,0.0,0.037037037037037
113787,mscoco,0.0367203620262444,0.1278507249548098,0.03719812016934156,0.12208910053594355,0.1,0.125,0.1,0.1428571428571428
375809,mscoco,0.23934182077646254,0.3751845654111271,0.22194578126072884,0.2976530121326438,0.3,0.3333333333333333,0.4,0.3333333333333333
64460,mscoco,0.20270298849791288,0.5130312830113922,0.23991221264004708,0.46243036682629857,0.5,0.5,0.5,1.0
470799,mscoco,0.16327331587672234,0.2803813550945096,0.13605553545057775,0.2610195868278452,0.4,1.0,0.5,1.0
382046,mscoco,0.1531522862613201,0.31202378785306806,0.2773417800664902,0.47357418020816416,0.0,0.0625,0.5,1.0
170974,mscoco,0.18314374461770058,0.46215389966574755,0.29372073262929915,0.509141900806489,0.0,0.0303030303030303,0.3,0.25
562160,mscoco,0.19057170003652574,0.46347866100095053,0.10639198822900653,0.2447812752808252,0.1,1.0,0.1,0.25
562248,mscoco,0.17746789362281562,0.6103687103969404,0.1881162218749523,0.42690424067925986,0.2,1.0,0.3,1.0
96638,mscoco,0.09463020227849483,0.21237379982909216,0.3256378561258316,0.5136512945095074,0.2,0.25,0.6,1.0
164234,mscoco,0.3103241592645645,0.3942090642527553,0.22058017775416375,0.4594149341119068,0.7,1.0,0.6,1.0
278962,mscoco,0.09178797733038664,0.27185864280091987,0.08613019715994596,0.2555071343691092,0.2,0.3333333333333333,0.4,1.0
553248,mscoco,0.06710962560027837,0.176073777131286,0.05370817352086306,0.15303887176292977,0.2,0.5,0.1,0.5
523371,mscoco,0.04493715791031718,0.13674231393313457,0.06401277370750905,0.1999536330768972,0.1,0.2,0.2,1.0
141283,mscoco,0.040704406425356866,0.13331608821264346,0.08300377670675516,0.19809028493130276,0.0,0.0051020408163265,0.0,0.0033003300330033
320292,mscoco,0.30408244729042055,0.623646151301378,0.23950938284397125,0.5405109297635509,0.5,1.0,0.7,1.0
269588,mscoco,0.05167086631990969,0.12108547078383197,0.09051953069865704,0.2043830803701641,0.1,0.2,0.5,1.0
113594,mscoco,0.034694657661020756,0.12204478890733521,0.045462258346378806,0.11252168577649285,0.0,0.0011627906976744,0.0,0.0038022813688212
349622,mscoco,0.1385079275816679,0.24987089818394365,0.1933529691770673,0.3572066953758372,0.1,0.1,0.3,0.3333333333333333
215226,mscoco,0.0935707651078701,0.23535001562182478,0.07964480929076671,0.22544098945086422,0.1,0.5,0.1,0.5
78371,mscoco,0.026910950522869827,0.09583681172613447,0.034728335496038196,0.1568298899723607,0.0,0.024390243902439,0.0,0.0163934426229508
451972,mscoco,0.062324530072510244,0.3080341036659868,0.06323378654196858,0.1806712341972765,0.1,1.0,0.1,0.5
163,drawbench,0.026920721912756563,0.10832024598374107,0.021545937517657876,0.07369681544877371,0.0,0.0,0.0,0.0
150360,mscoco,0.04715375564992428,0.1380073342680172,0.062464123219251634,0.16684303903783773,0.0,0.0178571428571428,0.2,1.0
138567,mscoco,0.06654125060886144,0.2795169186335433,0.08109148349612952,0.2055400387760098,0.0,0.0149253731343283,0.1,1.0
383220,mscoco,0.05139091163873673,0.19023527575047577,0.061277706362307074,0.18457096485384739,0.1,1.0,0.1,1.0
557272,mscoco,0.036243300046771766,0.11759216576267396,0.03169623445719481,0.11403509766130279,0.1,0.25,0.1,0.5
17073,mscoco,0.009419266798067838,0.06023791550485327,0.012019260972738265,0.06456151580438102,0.1,1.0,0.1,1.0
441083,mscoco,0.285283412784338,0.3935351315953769,0.2890037018805742,0.39432020505092685,0.9,0.5,0.8,0.5
109750,mscoco,0.06350989639759064,0.18862425037111333,0.09671055786311626,0.3038758293178566,0.1,0.5,0.1,1.0
20279,mscoco,0.09603077503852546,0.24171195436277942,0.06302407491020859,0.17123147787103593,0.2,1.0,0.2,0.5
324845,mscoco,0.06125730499625206,0.1752019216218102,0.10117227397859097,0.2602506997383374,0.1,0.2,0.3,1.0
303520,mscoco,0.07939539533108472,0.1606192662228616,0.051177072990685704,0.13570855389130357,0.1,1.0,0.1,1.0
363136,mscoco,0.20022000633180143,0.3764295677053357,0.19269677624106407,0.44856375186940306,0.1,0.125,0.1,1.0
161622,mscoco,0.055358678102493286,0.18561552129813155,0.06176629550755024,0.1563051285425097,0.1,1.0,0.2,0.5
315242,mscoco,0.08649955131113529,0.3365776613859993,0.0945224016904831,0.23591076045045126,0.0,0.0222222222222222,0.1,1.0
418723,mscoco,0.032963220681995156,0.12029383197591483,0.04560445258393884,0.10364566665595373,0.1,1.0,0.1,0.1666666666666666
65440,mscoco,0.17009073495864868,0.36982863084364526,0.11018817983567715,0.3098965292667139,0.1,0.1111111111111111,0.0,0.0016
111907,mscoco,0.11396058853715658,0.20688045903899122,0.17417617365717888,0.49826829028686753,0.2,0.3333333333333333,0.4,1.0
465140,mscoco,0.1261626437306404,0.291057794904498,0.1326631348580122,0.29693476044062395,0.1,0.5,0.1,0.5
21083,mscoco,0.057263661874458194,0.11308809577442978,0.10555149279534817,0.30915711123519957,0.1,0.1,0.1,0.2
200202,mscoco,0.08467884752899409,0.2678257923309507,0.1928432947024703,0.5273803572705932,0.3,0.3333333333333333,0.7,1.0
215320,mscoco,0.030079184286296367,0.11873136599689138,0.06860376093536616,0.19181062372392227,0.0,0.0666666666666666,0.2,0.25
28978,mscoco,0.21119674108922482,0.4121650337773535,0.2077312095090747,0.3897035919596358,0.0,0.0769230769230769,0.4,1.0
281427,mscoco,0.0338043911382556,0.11384510217443011,0.09023747593164444,0.19185459251890277,0.0,0.0161290322580645,0.2,1.0
357663,mscoco,0.12532837130129337,0.33564300921545104,0.06430445723235607,0.3014388945357717,0.1,1.0,0.1,1.0
186171,mscoco,0.2279620800167322,0.44592823598025266,0.20219138115644456,0.603876581865891,0.0,0.05,0.1,0.3333333333333333
386788,mscoco,0.21137193813920022,0.4439335476572835,0.13888535872101784,0.36954067231919907,0.1,0.5,0.0,0.0909090909090909
492363,mscoco,0.032261780742555854,0.10695223150496791,0.028833975736051797,0.0882495636963466,0.1,1.0,0.1,1.0
486547,mscoco,0.417960237339139,0.6202282483966611,0.3559925615787506,0.553399492591351,0.1,1.0,0.1,0.5
516570,mscoco,0.020919906627386808,0.07774396537874999,0.03536045886576176,0.11366017110258536,0.1,0.2,0.1,0.1
152662,mscoco,0.11634889515116811,0.2661992359220079,0.2332470279186964,0.4471798432563401,0.0,0.0277777777777777,0.0,0.037037037037037
415280,mscoco,0.0997549021616578,0.39664953060615504,0.1182632464915514,0.40411289421346797,0.1,1.0,0.1,1.0
397404,mscoco,0.09443954471498728,0.19332716176878545,0.15802009776234627,0.30404099295987386,0.0,0.0095238095238095,0.0,0.0526315789473684
488801,mscoco,0.416600738465786,0.7848792571406568,0.44525775462388995,0.7607092015173034,0.7,1.0,0.8,1.0
544956,mscoco,0.015618596971035004,0.09941077027955605,0.014015896047931164,0.09711232994264254,0.1,1.0,0.1,1.0
576859,mscoco,0.10863243490457535,0.28199409146606985,0.1605314675718546,0.4194569855501312,0.1,0.2,0.0,0.0106382978723404
280370,mscoco,0.08093180693686008,0.20464992776290644,0.09387215776368976,0.24019364142562932,0.1,0.1666666666666666,0.1,0.1
310853,mscoco,0.19280374199151992,0.28862367746420514,0.22475492320954799,0.3527831323454113,0.1,0.2,0.2,0.5
363527,mscoco,0.07331447722390294,0.1445252456463348,0.07918354496359825,0.16753805565735577,0.1,0.5,0.2,1.0
47548,mscoco,0.28897799402475355,0.5139516102248217,0.2912360727787018,0.4205737594455587,0.2,1.0,0.2,0.5
542313,mscoco,0.1053757555782795,0.2705329101584838,0.19113860428333282,0.4381259596506108,0.2,0.3333333333333333,0.2,0.5
183386,mscoco,0.18175895437598227,0.37935585071437544,0.2127157725393772,0.3476576659634554,0.5,0.25,0.3,0.2
131101,mscoco,0.05264220256358385,0.17593026812835638,0.04898546282202006,0.16920649148973757,0.1,0.3333333333333333,0.4,1.0
130981,mscoco,0.10127662606537342,0.24485631436607422,0.1862964934669435,0.42176077465596246,0.1,0.1111111111111111,0.8,1.0
443547,mscoco,0.09986103437840939,0.21149027883032345,0.07592788804322481,0.2559551780333498,0.1,0.25,0.1,1.0
103978,mscoco,0.22436247989535332,0.4923894034341596,0.3550764098763466,0.5097854973789016,0.2,0.5,0.3,1.0
7669,mscoco,0.27753204554319383,0.598968793853036,0.3586181253194809,0.5338759781401233,0.4,1.0,0.7,1.0
111245,mscoco,0.017784649739041924,0.073445699530139,0.019857576163485647,0.08627761434186033,0.1,1.0,0.1,1.0
326948,mscoco,0.4774894505739212,0.7204642564822741,0.356041219830513,0.7397177022546949,0.5,1.0,0.7,1.0
486807,mscoco,0.005973484145943076,0.023587260240578712,0.0067704003537073735,0.021842776867024627,0.1,1.0,0.1,0.5
303652,mscoco,0.02502702735364437,0.0886636445236412,0.040630637248978016,0.10730329879184806,0.0,0.0044843049327354,0.1,1.0
173547,mscoco,0.20937266796827317,0.4042048607181419,0.2271391749382019,0.40891235322202113,0.6,1.0,0.6,1.0
325239,mscoco,0.012796636461280287,0.04571588845169552,0.0183333657681942,0.044640639585089244,0.1,0.125,0.0,0.037037037037037
353357,mscoco,0.05634883614256978,0.18638336584933596,0.04168641306459904,0.13574053937718486,0.1,0.1111111111111111,0.0,0.0105263157894736
426429,mscoco,0.08166961334645748,0.18063687373746468,0.04954412640072405,0.13447335742724822,0.2,0.3333333333333333,0.2,0.5
261207,mscoco,0.16367685310542585,0.44003527895808614,0.15760271102190018,0.5197301765871648,0.3,0.3333333333333333,0.2,0.1666666666666666
461506,mscoco,0.0262423955835402,0.08924362668206991,0.05279837995767593,0.14757601854787522,0.1,0.125,0.0,0.0909090909090909
44856,mscoco,0.12313103042542935,0.27876187262074764,0.1065380997955799,0.37947267830268183,0.2,0.3333333333333333,0.2,0.5
180817,mscoco,0.03603853229433298,0.1193756915253458,0.012017716187983751,0.03993180248769651,0.1,0.5,0.1,0.1428571428571428
390435,mscoco,0.39237297177314756,0.7992300218084986,0.4336609303951263,0.6915858196725737,0.3,1.0,0.5,1.0
49648,mscoco,0.13266748432070016,0.25881970276632393,0.19988833628594876,0.2823707170770739,0.1,0.2,0.1,1.0
172498,mscoco,0.039996645972132684,0.09898081116408605,0.07464246060699224,0.1861807438399937,0.1,1.0,0.5,1.0
67126,mscoco,0.09845917634665965,0.17591410300351967,0.1070947116240859,0.26599806379501917,0.1,0.5,0.0,0.0769230769230769
478029,mscoco,0.12999645043164493,0.4531746570832985,0.11371659077703952,0.2627798441340603,0.1,0.2,0.1,1.0
508567,mscoco,0.12568478100001812,0.25145493425582915,0.1885577991604805,0.4045061927913571,0.2,0.2,0.8,0.5
81,drawbench,0.0845520419999957,0.2751090853292519,0.19762286692857742,0.3152645746010629,0.0,0.0232558139534883,0.0,0.027027027027027
109355,mscoco,0.13302707225084304,0.3316915785003712,0.16735665872693062,0.4162619819110946,0.0,0.0043668122270742,0.0,0.0333333333333333
48935,mscoco,0.43915108442306516,0.6204931324044403,0.38861203119158744,0.5516025334181506,0.2,1.0,0.3,0.25
84886,mscoco,0.05974260102957487,0.13986511058568532,0.07344143763184548,0.18708443995387863,0.0,0.05,0.4,1.0
217271,mscoco,0.12380127552896739,0.3738162035707574,0.15630191173404456,0.3714264858050474,0.1,0.5,0.2,1.0
480140,mscoco,0.005466946703381837,0.01922062958653745,0.007494932145345956,0.021839024474808462,0.0,0.0476190476190476,0.0,0.0357142857142857
327105,mscoco,0.2397965557873249,0.49092983996682377,0.3941007226705551,0.5583361805471572,0.2,1.0,0.5,0.2
55768,mscoco,0.17478449642658234,0.2945740707847603,0.3582439735531807,0.6664355426135782,0.1,0.1,0.7,1.0
129030,mscoco,0.037835158640518785,0.2083254918942355,0.04464802946895361,0.22712831457796195,0.1,1.0,0.1,1.0
565387,mscoco,0.09744433555752038,0.22954517978054068,0.17543042190372943,0.3588771291179526,0.0,0.0666666666666666,0.1,0.5
553501,mscoco,0.01300994916819036,0.04365860066611451,0.01196031088475138,0.039843202986993474,0.1,0.1666666666666666,0.1,1.0
170193,mscoco,0.1232877615839243,0.3670416083160851,0.12534221913665533,0.35591105807607853,0.2,1.0,0.2,1.0
199,drawbench,0.007443801243789494,0.01844031325497039,0.0020338551490567624,0.006768165761613689,0.0,0.0,0.0,0.0
65162,mscoco,0.13807101044803857,0.23400377683982815,0.09007672946900129,0.2649191987421484,0.1,0.5,0.1,0.3333333333333333
334542,mscoco,0.4816393777728081,0.6374263261728894,0.4158400796353817,0.6690244938282036,0.3,0.2,0.6,1.0
185559,mscoco,0.8030184268951416,0.85721532913701,0.8405056893825531,0.9286507036493287,0.8,1.0,1.0,1.0
134066,mscoco,0.3048655539751053,0.44968126023286953,0.38785227835178376,0.5950794160929628,0.2,0.3333333333333333,0.2,0.25
19318,mscoco,0.25258066281676295,0.6344974895032441,0.4407261922955513,0.7034394584651695,0.2,1.0,0.2,1.0
122896,mscoco,0.171879068762064,0.33610453684376057,0.3562541052699089,0.45034550851728516,0.2,0.1666666666666666,0.0,0.0909090909090909
484175,mscoco,0.04333933973684907,0.13308854461003164,0.06776930540800094,0.18815473286161685,0.0,0.0256410256410256,0.1,0.25
550049,mscoco,0.25285999923944474,0.4603294974616923,0.34018525406718253,0.7022084357091873,0.7,1.0,0.6,1.0
558966,mscoco,0.03850584635511041,0.17362976152271747,0.055216607823967936,0.18872083978087453,0.4,1.0,0.6,1.0
303177,mscoco,0.3163731753826141,0.5418272052823703,0.21272449120879172,0.40257932293065196,0.0,0.0344827586206896,0.0,0.001727115716753
300047,mscoco,0.0399312723428011,0.12890454874676027,0.06033838735893369,0.18100595505385056,0.2,1.0,0.1,0.25
281977,mscoco,0.049458798952400684,0.1733491901256994,0.0786174489185214,0.28214573127260506,0.8,1.0,1.0,1.0
100169,mscoco,0.08837135098874568,0.19805290820788618,0.2650719493627548,0.5629225816394489,0.2,0.3333333333333333,0.3,1.0
35217,mscoco,0.030764871276915073,0.11810086889114987,0.049603155720978974,0.1385310792764693,0.1,0.5,0.0,0.0049019607843137
195863,mscoco,0.41070392206311224,0.6602355898685047,0.49295961037278174,0.5890521359550841,0.3,0.3333333333333333,0.6,0.5
55753,mscoco,0.008066535473335534,0.024932367384722032,0.005300511093810201,0.017090834032723396,0.0,0.0119047619047619,0.0,0.0277777777777777
189504,mscoco,0.043199418252334,0.15207809165734237,0.02573536429554224,0.08988062525808897,0.0,0.0175438596491228,0.1,1.0
257236,mscoco,0.07556280847638845,0.18054429789982154,0.07762211775407195,0.1704390328764792,0.0,0.02,0.1,0.2
15830,mscoco,0.062450467003509404,0.48375713926306074,0.06987227629870177,0.485780276398207,0.1,1.0,0.1,1.0
382423,mscoco,0.13700514752417803,0.4807159559722022,0.11610428607091308,0.29675992862190637,0.1,1.0,0.2,1.0
182,drawbench,0.02049187636002898,0.06868895285200174,0.0163790050894022,0.046858493292886313,0.0,0.0,0.0,0.0
261431,mscoco,0.025853882916271685,0.12441241595379446,0.02901222719810903,0.14123219017979446,0.2,1.0,0.2,1.0
286021,mscoco,0.09390787184238433,0.26461862438726447,0.12140927352011203,0.2674386760692798,0.0,0.0909090909090909,0.0,0.037037037037037
179,drawbench,0.03699732087552547,0.12663042680865513,0.05132091650739312,0.14713743455129466,0.0,0.0,0.0,0.0
20145,mscoco,0.06415718831121922,0.1553189864578479,0.09627069383859635,0.2585997391660495,0.0,0.0909090909090909,0.0,0.0666666666666666
545274,mscoco,0.07319358456879854,0.2676347400687634,0.09819258488714695,0.25396351312945287,0.0,0.0526315789473684,0.2,1.0
93,drawbench,0.0310420086607337,0.13321725671417167,0.04923150632530451,0.15713631966456099,0.0,0.0003133813851457,0.0,0.0013586956521739
254726,mscoco,0.13484635725617408,0.2574382890599998,0.11265238001942635,0.2256928955773929,0.3,1.0,0.4,0.3333333333333333
182125,mscoco,0.17422943338751792,0.31663920698359405,0.2921109959483147,0.5174870167743849,0.1,0.1111111111111111,0.2,0.3333333333333333
46055,mscoco,0.08645982658490539,0.18867271074457062,0.04424890447407961,0.15033709496946698,0.0,0.027027027027027,0.1,1.0
336933,mscoco,0.11821312010288239,0.21397776889978204,0.16862399727106095,0.37774612130332347,0.0,0.0013717421124828,0.1,0.1
175597,mscoco,0.07834411123767496,0.18986847420665642,0.16751963421702384,0.30387437650280874,0.1,1.0,0.0,0.0303030303030303
370157,mscoco,0.02539607621729374,0.0814870802321922,0.03520498340949416,0.10434853876595118,0.0,0.0227272727272727,0.1,0.25
361356,mscoco,0.016153543745167552,0.062417946014353895,0.010262105241417884,0.04549555804096907,0.2,1.0,0.3,1.0
452806,mscoco,0.4111005298793316,0.5150406860922662,0.5055548846721649,0.7713570665154119,0.4,0.25,0.6,0.5
136,drawbench,0.08115466339513659,0.2492502382922491,0.027532174345105888,0.09468213268941611,0.0,7.48839299086416e-05,0.0,1.80446786242737e-05
191314,mscoco,0.03623807015828788,0.11571645317711586,0.03380547668784857,0.14541571670754083,0.1,0.5,0.1,1.0
26,drawbench,0.367745690792799,0.6497031283700548,0.2158609963953495,0.3695903074575023,0.0,0.0,0.0,0.0
24414,mscoco,0.2408936597406864,0.5240019984873465,0.21558837480843068,0.5021166584044181,0.2,1.0,0.5,1.0
499634,mscoco,0.02806488759815693,0.0908774552370123,0.03020346034318209,0.10045618894619295,0.0,0.037037037037037,0.0,0.0121951219512195
13482,mscoco,0.08721795519813895,0.27110023807320105,0.058024493418633936,0.19949177559838188,0.1,1.0,0.1,1.0
267861,mscoco,0.10750021263957024,0.2263207168617532,0.1560378149151802,0.4451719937261034,0.1,0.1666666666666666,0.1,1.0
498967,mscoco,0.14153490848839284,0.3003313803467058,0.26653914153575897,0.492630735259435,0.3,0.3333333333333333,0.2,1.0
247979,mscoco,0.001281666180875618,0.0072222634438386946,0.00151264139713021,0.007271664886608623,0.1,1.0,0.1,1.0
438196,mscoco,0.1536786112934351,0.39291257081417086,0.1952836211770773,0.250463866401829,0.3,1.0,0.3,1.0
230700,mscoco,0.21118591614067556,0.47230868773016993,0.18659182712435723,0.32932255902563706,0.0,0.0076335877862595,0.0,0.0909090909090909
22660,mscoco,0.13996266722679138,0.5424344426638087,0.1450175519566983,0.42847970286069365,0.3,1.0,0.3,1.0
227982,mscoco,0.02666601361706853,0.07966807566900723,0.022957068914547563,0.06745940389120399,0.1,0.25,0.2,0.5
134807,mscoco,0.007475799764506519,0.033252478721296566,0.007968747639097273,0.03191021127320155,0.1,1.0,0.1,1.0
209788,mscoco,0.04685988668352366,0.1368524292584083,0.13193580210208894,0.3044041363121895,0.0,0.0263157894736842,0.0,0.02
139518,mscoco,0.10219260789453984,0.3046894219625933,0.10030333176255227,0.30370597329797944,0.0,0.0454545454545454,0.1,0.25
232625,mscoco,0.10228702425956726,0.2274859467545994,0.11944102868437767,0.36250422729923315,0.0,0.0303030303030303,0.2,0.25
423875,mscoco,0.011518815776798873,0.03738028344831701,0.01080771153792739,0.03817655100353201,0.1,1.0,0.1,1.0
87878,mscoco,0.14089229814708232,0.28456978675105593,0.14752112571150064,0.34767596270946255,0.0,0.0416666666666666,0.1,0.5
55,drawbench,0.03401707774028182,0.0921647478280991,0.011640224931761622,0.04038834540092739,0.0,0.0,0.0,0.0
315273,mscoco,0.1984705962240696,0.29372003702806837,0.27844939157366755,0.6242937494236424,0.3,1.0,0.5,0.5
118968,mscoco,0.12292815335094928,0.27731421000149586,0.13587407544255256,0.24915046635931284,0.1,0.5,0.0,0.0714285714285714
426459,mscoco,0.2330441378057003,0.4803104747167246,0.16915701068937777,0.29388263193162917,0.3,0.2,0.1,0.1
310695,mscoco,0.08309927843511104,0.29952142513363333,0.07242574281990528,0.17431561474309806,0.1,1.0,0.3,1.0
266912,mscoco,0.4329219773411751,0.5200354754455395,0.4061378136277199,0.7949627274669429,0.1,0.5,0.1,1.0
70187,mscoco,0.06838454250246287,0.20169091996381416,0.10972589943557978,0.28727494105222906,0.1,0.5,0.1,1.0
75352,mscoco,0.2001771241426468,0.4173248136004994,0.3078305542469025,0.42733712702006443,0.2,0.5,0.5,0.5
485187,mscoco,0.04900131253525615,0.1552992021835259,0.0390976145863533,0.157477720533933,0.3,0.25,0.3,1.0
446310,mscoco,0.1356822896748781,0.3145961589271326,0.22423734813928603,0.47858948836184995,0.0,0.0416666666666666,0.6,1.0
172702,mscoco,0.06284348610788584,0.21092347589059587,0.07712810281664133,0.2143273675783297,0.1,1.0,0.1,1.0
41838,mscoco,0.2095789024606347,0.5301510614906867,0.35155869722366334,0.5970931901407297,0.8,1.0,1.0,1.0
348083,mscoco,0.03778227744624019,0.08951986865991234,0.045460447855293754,0.17743596076313167,0.1,0.1111111111111111,0.1,0.2
465198,mscoco,0.12196315228939056,0.2887682477248921,0.2534541845321655,0.5053103261613298,0.0,0.0454545454545454,0.1,1.0
458123,mscoco,0.24985850974917412,0.45435027248005505,0.219024957716465,0.32479127015826353,0.1,0.2,0.3,1.0
215558,mscoco,0.36947963386774063,0.6781592321099201,0.36171522811055185,0.7404686828413167,0.0,0.0769230769230769,0.4,1.0
201019,mscoco,0.07328722327947616,0.19163035993304248,0.21007529813796283,0.3136961937883941,0.2,0.1428571428571428,0.9,0.5
153921,mscoco,0.11748018451035022,0.3219383806470031,0.20866506025195122,0.3799626332202965,0.1,0.2,0.1,0.1428571428571428
345389,mscoco,0.00402648396557197,0.011216818756884822,0.0026810217124875633,0.016824445401419533,0.1,0.1111111111111111,0.1,1.0
359066,mscoco,0.03944414231227711,0.1543849343937835,0.054916605399921534,0.20076569247479387,0.1,1.0,0.2,0.25
22102,mscoco,0.14285882860422133,0.298883185786402,0.2332438722252846,0.4440663377707962,0.7,1.0,0.9,1.0
194419,mscoco,0.21414741091430187,0.36419290799295445,0.20978480204939842,0.4359528854786837,0.5,0.5,0.5,1.0
391053,mscoco,0.08722857385873795,0.264850904222107,0.07589074084535241,0.1772142405151758,0.1,0.25,0.0,0.0033783783783783
20171,mscoco,0.15911950320005416,0.4107054537823088,0.1495245959609747,0.34442428767894084,0.3,1.0,0.7,1.0
538001,mscoco,0.09435047004371881,0.18301011197629388,0.1812904614955187,0.3198495733589207,0.0,0.0095238095238095,0.0,0.0024570024570024
575490,mscoco,0.02850572937168181,0.07677409855451194,0.05124424919486046,0.1575349893868393,0.2,0.5,0.7,0.3333333333333333
75427,mscoco,0.10250532701611519,0.27701834912741735,0.10726158563047647,0.2711702090573905,0.1,1.0,0.1,0.5
510564,mscoco,0.043779109790921214,0.12150791189016635,0.11136172600090503,0.3795502944021104,0.0,0.0454545454545454,0.1,0.5
58117,mscoco,0.07258539199829102,0.19529701110482406,0.06262221205979586,0.186867135820381,0.1,0.5,0.1,0.1666666666666666
294416,mscoco,0.10828143637627363,0.2893027545977204,0.2049138940870762,0.5367147745552343,0.0,0.0416666666666666,0.3,1.0
525176,mscoco,0.1615102618932724,0.3751429257368213,0.19112968146800996,0.43033863822218094,0.0,0.0133333333333333,0.0,0.0588235294117647
316522,mscoco,0.028204496705438942,0.22277920337187757,0.036139376228675246,0.09504456428783409,0.1,1.0,0.1,0.2
198832,mscoco,0.1552281856536865,0.3037546948844557,0.3393547847867012,0.5198543583782986,0.0,0.0113636363636363,0.0,0.0294117647058823
378022,mscoco,0.03585351519286632,0.0925012025076941,0.0627797082066536,0.14892405892985525,0.1,0.25,0.3,1.0
306037,mscoco,0.12807744666934012,0.28520649717711566,0.07944321930408478,0.35729438366222194,0.0,0.0333333333333333,0.1,1.0
51021,mscoco,0.15533954538404943,0.3652793511748911,0.1979759491980076,0.3787103428226299,0.4,1.0,0.8,1.0
225392,mscoco,0.019591280398890375,0.07235554674147864,0.05811488162726164,0.25991130070108187,0.0,0.0232558139534883,0.3,0.3333333333333333
543490,mscoco,0.13503907509148122,0.36950673544980556,0.17883625775575637,0.32066653649240706,0.2,1.0,0.4,0.5
305117,mscoco,0.01490914886817336,0.06194837286077876,0.03631151197478175,0.12487840254830294,0.0,0.0192307692307692,0.1,1.0
519387,mscoco,0.007712230586912483,0.027106091333182144,0.007837992638815194,0.038012332802453704,0.0,0.00177304964539,0.0,0.0192307692307692
98501,mscoco,0.14046399919316171,0.40958147214993174,0.16019283197820186,0.4169532502053932,0.1,0.1111111111111111,0.0,0.0120481927710843
249791,mscoco,0.16040083318948745,0.433167121769093,0.1647378161549568,0.2995017702617392,0.1,0.3333333333333333,0.0,0.0147058823529411
327664,mscoco,0.09719891082495451,0.21839677368369323,0.18305273056030275,0.3912145845594224,0.1,0.25,0.2,1.0
22,drawbench,0.0028051252360455693,0.011440342462194298,0.0032029601628892125,0.014921786456613989,0.0,0.0,0.0,0.0
225654,mscoco,0.11100104041397571,0.24912243371356357,0.09346453715115785,0.3881349905057331,0.0,0.0384615384615384,0.1,1.0
47700,mscoco,0.17691120654344558,0.4599565603080422,0.19880321770906448,0.34242483623724806,0.3,0.5,0.2,0.2
77159,mscoco,0.13830856122076512,0.3021928682275804,0.18541095554828643,0.3523241109473964,0.1,0.1111111111111111,0.3,1.0
501773,mscoco,0.08120628856122494,0.2602003681373679,0.10146845616400242,0.2848506891407736,0.1,1.0,0.1,1.0
355137,mscoco,0.30117404013872145,0.557338333916522,0.3057526394724846,0.4464855925008729,0.1,0.2,0.4,1.0
476055,mscoco,0.12714405171573162,0.24917644455629162,0.18900339752435685,0.4294016630645144,0.1,0.1666666666666666,0.2,0.5
446898,mscoco,0.12166777607053518,0.2673806936706766,0.2605704091489315,0.4395287566523317,0.2,1.0,0.5,1.0
336645,mscoco,0.1486088175326586,0.292386152284114,0.20114683359861374,0.4591854574193347,0.2,1.0,0.4,0.3333333333333333
57242,mscoco,0.07471606368198991,0.2505395987722225,0.06794003080576658,0.3311866621368611,0.1,0.5,0.1,1.0
137178,mscoco,0.2281370557844639,0.4755497586605442,0.28999598920345304,0.5480114962523932,0.4,0.5,0.4,1.0
113113,mscoco,0.09971927367150783,0.25203971968152217,0.22504462487995625,0.6951049593033759,0.6,1.0,0.5,1.0
403028,mscoco,0.17403669282794,0.27268799361418966,0.20813203901052474,0.391320376345265,0.1,0.1111111111111111,0.1,1.0
346795,mscoco,0.028408735617995264,0.08356587033873498,0.02465205742046237,0.08570884344051534,0.1,0.1,0.0,0.0909090909090909
145682,mscoco,0.3393311552703381,0.40801261031488134,0.12058783108368516,0.2457734540645702,0.1,0.1111111111111111,0.0,0.0163934426229508
418791,mscoco,0.04118976518511772,0.14329840133274363,0.04341095359995961,0.18260862393103516,0.0,0.0833333333333333,0.1,1.0
107838,mscoco,0.1794556574895978,0.42938645667886594,0.2145281530916691,0.5168632570104507,0.2,1.0,0.5,1.0
149577,mscoco,0.09687095177359879,0.42560417043101967,0.1941219110041857,0.47220671135580655,0.1,1.0,0.1,1.0
10,drawbench,0.19954396039247513,0.5439803174852633,0.13077532537281514,0.34106334396849375,0.0,0.0,0.0,0.0
544614,mscoco,0.570293527841568,0.7743671182643309,0.6355155855417252,0.8182553968341288,0.9,1.0,1.0,1.0
419150,mscoco,0.14130811849609018,0.28910924822696593,0.21951727345585823,0.6988262211267185,0.1,0.1666666666666666,0.2,1.0
496783,mscoco,0.049267910327762364,0.19496725475286644,0.0630310233682394,0.20761302547775418,0.2,1.0,0.2,1.0
195062,mscoco,0.43173276335000993,0.7118166362086595,0.39445820450782776,0.6653708179586322,0.1,0.1111111111111111,0.6,1.0
183481,mscoco,0.28761897087097166,0.4767110516222895,0.32008124217391015,0.4196047024090265,0.7,0.5,0.7,1.0
495288,mscoco,0.1807774767279625,0.5227456673540505,0.2449020616710186,0.629295027508077,0.0,0.0416666666666666,0.1,1.0
162,drawbench,0.009602633933536709,0.034909932876392664,0.019977208448108286,0.09529015494824968,0.0,0.0,0.0,0.0
99321,mscoco,0.22166207954287528,0.36443394284837166,0.2426004134118557,0.5235279017342725,0.6,0.5,1.0,1.0
502637,mscoco,0.09349571131169795,0.20715537230436976,0.09160284828394652,0.28477384680165785,0.4,0.3333333333333333,0.7,1.0
136458,mscoco,0.05652795825153589,0.22125311288203803,0.07865027394145727,0.18969306900421115,0.1,0.5,0.1,0.3333333333333333
113333,mscoco,0.1165305145084858,0.26560438955957716,0.13398062251508236,0.3243446540320706,0.3,0.5,0.1,1.0
473448,mscoco,0.1379954356700182,0.3840926863374561,0.14857740178704262,0.283908652814833,0.3,1.0,0.0,0.05
450598,mscoco,0.47818694412708285,0.7351459636911434,0.49386915415525434,0.7708389804033715,0.4,1.0,0.9,1.0
474157,mscoco,0.18018927089869977,0.2726583178606471,0.33290271610021593,0.6187268374762159,0.1,0.1111111111111111,0.2,1.0
74499,mscoco,0.04694957933388651,0.15000826325773362,0.07049737726338208,0.21319165066173928,0.1,1.0,0.2,1.0
107610,mscoco,0.46458508670330045,0.7246617419332757,0.5046097218990326,0.691066819805335,0.4,1.0,0.6,0.5
200959,mscoco,0.15535979755222798,0.438886528208416,0.26625465154647826,0.5618951411461209,0.3,1.0,0.7,1.0
463430,mscoco,0.2025030579417944,0.6657324780419953,0.0920707942917943,0.22063374990048298,0.0,0.0123456790123456,0.0,0.0085470085470085
512509,mscoco,0.12121019065380097,0.24520143111224132,0.16643707379698752,0.4080235313048233,0.2,0.5,0.1,0.5
458921,mscoco,0.009288380690850317,0.028410415317162475,0.012676148884929716,0.040904785775870825,0.0,0.025,0.1,1.0
282667,mscoco,0.05313176540657878,0.25674303884580496,0.06297139655798674,0.2790983693735266,0.1,0.3333333333333333,0.1,0.5
448771,mscoco,0.028736758045852184,0.08469351093471135,0.04504135120660067,0.1339234922506019,0.0,0.0196078431372549,0.0,0.05
293598,mscoco,0.5187227755784989,0.7128981123815508,0.5739802151918412,0.6981427504018449,0.7,1.0,0.8,1.0
541193,mscoco,0.054677323810756205,0.21639159884566603,0.06406070487573742,0.22298091681719906,0.0,0.0666666666666666,0.0,0.0588235294117647
356569,mscoco,0.0877531461417675,0.15858961256546197,0.06898427177220583,0.20600840453697566,0.1,0.125,0.0,0.0714285714285714
334513,mscoco,0.11511248908936977,0.24785017928767994,0.22432257011532783,0.4250197290656923,0.1,0.1111111111111111,0.6,1.0
430167,mscoco,0.06462610319722444,0.19302942420324248,0.12462669098749757,0.5385828436398566,0.0,0.025,0.0,0.032258064516129
513125,mscoco,0.4324074909090996,0.500086876466657,0.4612459361553192,0.64465837121867,0.1,0.1428571428571428,0.2,0.3333333333333333
356257,mscoco,0.012350927834631875,0.06696997184066417,0.019657440809533,0.06198487729836253,0.1,1.0,0.1,0.25
364010,mscoco,0.04827734399586916,0.14731388773603363,0.05017312653362751,0.14031468915426573,0.1,0.25,0.1,1.0
148542,mscoco,0.07738141547888518,0.19666022299926705,0.07020038235932588,0.22527124679751864,0.0,0.0526315789473684,0.0,0.037037037037037
82405,mscoco,0.19256287068128586,0.5576912795375675,0.136754547059536,0.44085292505282697,0.7,1.0,0.4,1.0
70755,mscoco,0.09894859548658133,0.2350991174868536,0.1673403514549136,0.38458340237954414,0.1,0.1666666666666666,0.1,1.0
118927,mscoco,0.09443040341138839,0.2303331275568276,0.07719287062063813,0.37902833569464656,0.1,1.0,0.1,0.3333333333333333
508915,mscoco,0.04984030039049685,0.14968143609421308,0.11785773299634457,0.3232338396604033,0.2,0.3333333333333333,0.1,0.2
491739,mscoco,0.24013183638453484,0.4294343089022736,0.20545825250446798,0.6296096143044181,0.0,0.0147058823529411,0.1,0.3333333333333333
147546,mscoco,0.15610988959670066,0.32773139601466617,0.2838739059865475,0.44207795634946695,0.5,0.3333333333333333,0.3,0.5
262213,mscoco,0.27324520647525785,0.4171340679879252,0.3819975644350052,0.5529244257300817,0.9,0.5,0.7,1.0
415728,mscoco,0.031739051919430494,0.10711345005637259,0.033966539427638054,0.12938407435146393,0.5,1.0,0.5,1.0
506873,mscoco,0.06856004353612662,0.18490769545565483,0.08952639326453209,0.34123411620579824,0.6,1.0,0.7,1.0
538210,mscoco,0.19305229783058167,0.2628865783973117,0.37903629764914515,0.4284813600807237,0.2,0.2,0.6,0.5
581127,mscoco,0.06785859148949384,0.18295302506106595,0.058065146766602994,0.1543019359485782,0.0,0.0185185185185185,0.1,0.5
110013,mscoco,0.053407239727675915,0.1313734183756178,0.024530674004927276,0.11837319113207945,0.3,1.0,0.3,1.0
502286,mscoco,0.07952801492065191,0.23825834851142322,0.05836793817579746,0.21080237639151939,0.0,0.04,0.1,0.5
99425,mscoco,0.24950913041830064,0.52348860289404,0.3185290277004242,0.4469570037543362,0.1,0.125,0.4,1.0
103042,mscoco,0.21275491788983344,0.43170502325298826,0.3560428336262703,0.5691159508129381,0.3,1.0,0.7,0.5
360440,mscoco,0.05779535435140133,0.27102864723499986,0.03504154067486524,0.24783643288639295,0.1,1.0,0.1,1.0
409668,mscoco,0.24970600083470346,0.561608796403974,0.26629688665270806,0.49090771458174126,0.9,1.0,0.9,1.0
421639,mscoco,0.015892192139290273,0.050844002758990856,0.016063139913603662,0.0591549018572216,0.0,0.0526315789473684,0.1,0.1111111111111111
277717,mscoco,0.045654269959777595,0.17988090047420552,0.03529405924491584,0.1563659921368797,0.1,1.0,0.1,1.0
113851,mscoco,0.2736147180199623,0.4496660717267744,0.2079423487186432,0.4782744085855117,0.6,0.5,0.4,1.0
380100,mscoco,0.22155570685863496,0.3975926734702725,0.35090265348553656,0.39270987203902097,0.3,1.0,0.7,1.0
68601,mscoco,0.2182873088866472,0.5321523905279683,0.22095298171043395,0.6014663265761595,0.1,0.5,0.2,0.125
82229,mscoco,0.08226153198629618,0.1851531947126989,0.16194856129586696,0.3378839672798435,0.0,0.0909090909090909,0.0,0.0185185185185185
263462,mscoco,0.10353653449565173,0.2848089708455444,0.17433728277683258,0.39616254635223597,0.2,0.1666666666666666,0.4,0.5
352495,mscoco,0.0333470790181309,0.0945140872478476,0.05561387706547975,0.15051312631824096,0.5,1.0,0.6,0.5
64339,mscoco,0.046199369011446834,0.1363008355946988,0.046048144437372686,0.13203960255600689,0.1,1.0,0.1,0.3333333333333333
11156,mscoco,0.018895435193553568,0.07688164760754426,0.01640212731435895,0.06379866865859815,0.1,0.5,0.1,1.0
334872,mscoco,0.42720658257603644,0.7233949275311161,0.491699093580246,0.5413244807871269,0.3,0.3333333333333333,0.4,0.5
477820,mscoco,0.1403264656662941,0.3585395426539746,0.15517769753932953,0.29104250104659735,0.3,0.25,0.2,0.5
283884,mscoco,0.20594048276543617,0.5829627159066593,0.4355711221694946,0.5350663203897192,0.4,0.3333333333333333,0.6,0.5
418868,mscoco,0.007541530765593052,0.029451712248413434,0.01959912651218474,0.056474019914916865,0.1,0.25,0.2,1.0
350309,mscoco,0.17098031472414732,0.32430135206544075,0.13268050774931908,0.24655457481278037,0.2,0.3333333333333333,0.1,0.25
14537,mscoco,0.08482386711984873,0.2697293188147443,0.054448137804865834,0.22326139716642127,0.1,0.5,0.1,1.0
575040,mscoco,0.05602951906621456,0.20015039165223425,0.03300900235772133,0.0939334459475425,0.0,0.006578947368421,0.0,0.0018115942028985
449455,mscoco,0.11197015121579171,0.2402689177575777,0.126474105194211,0.3063099312361005,0.9,1.0,0.6,1.0
211686,mscoco,0.07264670915901661,0.3238109561292592,0.06644380954094231,0.32828990370381206,0.1,1.0,0.1,1.0
154745,mscoco,0.21059747003018855,0.30880689198792943,0.3559722978621721,0.5950762735445985,0.1,0.25,0.2,0.25
152084,mscoco,0.19283452518284322,0.5446483562281432,0.17336135152727367,0.29740507890192697,0.1,0.1666666666666666,0.1,1.0
536390,mscoco,0.15639395900070668,0.36646390656343825,0.1398640379309654,0.3058694480486162,0.0,0.0666666666666666,0.3,0.3333333333333333
235906,mscoco,0.16847868785262107,0.32006811869063706,0.11385241206735372,0.28125185481398335,0.5,1.0,0.3,1.0
526126,mscoco,0.06106949653476477,0.18612579155792275,0.0913261380046606,0.2876521192493222,0.0,0.037037037037037,0.2,1.0
3711,mscoco,0.1547356214374304,0.3686396414077283,0.16347588524222373,0.2656772758080734,0.3,0.1666666666666666,0.2,1.0
275938,mscoco,0.3771383211016655,0.5472613019056717,0.4785378217697144,0.7420538522561071,0.5,1.0,0.9,1.0
180130,mscoco,0.5853339523077011,0.8109942650814903,0.7219837605953217,0.8937572054691716,0.5,1.0,0.7,1.0
401037,mscoco,0.058788235392421485,0.19650229451756285,0.05748974699527025,0.18934878598076266,0.0,0.0178571428571428,0.1,1.0
348816,mscoco,0.20540160117670894,0.43298137338320697,0.16725663766264914,0.4696698484479988,0.3,1.0,0.2,1.0
358300,mscoco,0.1111484463326633,0.47028783412207603,0.06718979114666582,0.17693604580120958,0.1,1.0,0.0,0.0588235294117647
226577,mscoco,0.26534738279879094,0.31748993854257845,0.21482279598712922,0.5462998297175696,0.5,0.5,0.3,0.5
425100,mscoco,0.1267687428742647,0.21534258910138265,0.1673829186707735,0.32073486367002246,0.1,0.1666666666666666,0.1,0.2
11184,mscoco,0.0642625104635954,0.14274108487847653,0.09365403521806001,0.2353717696070101,0.0,0.0434782608695652,0.0,0.03125
391972,mscoco,0.0561222325079143,0.1743719579998509,0.05419305777177215,0.18341781468675603,0.1,0.5,0.0,0.0714285714285714
578072,mscoco,0.1816946456208825,0.37560617405984476,0.11877899598330259,0.366518483356499,0.2,1.0,0.1,1.0
558798,mscoco,0.06830299086868763,0.15898865216321914,0.05230099894106388,0.25050850891593707,0.1,0.25,0.0,0.0181818181818181
353559,mscoco,0.09596258793026209,0.21709759432019154,0.07902745213359594,0.29385240534433127,0.3,0.2,0.3,0.5
291117,mscoco,0.20110197886824607,0.37375268521367255,0.275825534760952,0.537665938607375,0.0,0.0769230769230769,0.6,1.0
372201,mscoco,0.041129717417061326,0.15432265617413773,0.07603035643696784,0.2016305055052976,0.0,0.0303030303030303,0.2,0.1666666666666666
204085,mscoco,0.08895521871745586,0.27452517764000695,0.10351330377161502,0.2790734497394984,0.6,1.0,0.6,1.0
218965,mscoco,0.16806412860751152,0.5923929508258116,0.20839264914393424,0.5982914880673328,0.2,1.0,0.2,1.0
343012,mscoco,0.0268633957952261,0.08414160570896466,0.03342949142679572,0.08291844264844601,0.1,1.0,0.1,0.25
271941,mscoco,0.04294336214661598,0.12280552831883065,0.029200148582458497,0.09794577055809114,0.1,0.1666666666666666,0.2,0.5
230141,mscoco,0.09411626919172704,0.2801082219645688,0.1547602927312255,0.39395190895258225,0.1,0.25,0.1,0.2
58232,mscoco,0.33189869970083236,0.5701254609497962,0.32941450029611585,0.3397065712743689,0.0,0.0434782608695652,0.0,0.0303030303030303
175437,mscoco,0.037585983006283644,0.10401158000288287,0.05379106197506189,0.1629286116033712,0.1,0.5,0.0,0.0175438596491228
541010,mscoco,0.1317382512614131,0.2095333329271861,0.17058488428592683,0.3025873215983852,0.1,0.5,0.1,0.1666666666666666
140,drawbench,0.07443832596763969,0.19635488256411757,0.03057914604432881,0.1022342652985978,0.0,0.0,0.0,0.0
170558,mscoco,0.06030305121093989,0.18726226853015662,0.0390427129343152,0.14882290093587672,0.1,0.3333333333333333,0.2,0.3333333333333333
148267,mscoco,0.27267511039972303,0.6580047993855621,0.24966745674610138,0.6369098466098511,0.1,1.0,0.1,1.0
531896,mscoco,0.040334617160260676,0.11898869398993135,0.06648211721330881,0.17475625771095674,0.0,0.0769230769230769,0.1,1.0
153620,mscoco,0.06291825324296951,0.1653050771674641,0.05466182744130492,0.15116062996548588,0.1,0.125,0.1,0.25
450,mscoco,0.2175417348742485,0.40822983289495096,0.3809393927454948,0.5968809317986442,0.2,1.0,0.3,0.3333333333333333
186605,mscoco,0.07068098448216915,0.21083670837190416,0.06672464795410633,0.21075627602324273,0.1,1.0,0.1,0.25
188845,mscoco,0.03820217903703451,0.10747925862341205,0.10790792591869831,0.26956124613194377,0.0,0.0039682539682539,0.0,0.0333333333333333
442400,mscoco,0.022153079160489142,0.10333833304936131,0.027045355923473836,0.0983066142475976,0.0,0.0416666666666666,0.1,0.25
493416,mscoco,0.021593293361365794,0.08696983415701733,0.032083211623830724,0.12129531286187051,0.0,0.0069444444444444,0.1,0.5
239532,mscoco,0.1414206512272358,0.3161730275133653,0.14298665709793568,0.4936686761086705,0.0,0.0263157894736842,0.1,1.0
5862,mscoco,0.06024862993508577,0.16743181860423825,0.06860519126057625,0.19465758512505718,0.1,0.1428571428571428,0.3,1.0
194744,mscoco,0.21659169122576713,0.5026965625267547,0.163203164935112,0.3151567932071455,0.1,0.5,0.2,0.1428571428571428
570512,mscoco,0.014559948025271297,0.05622675990795516,0.009200532082468271,0.04035653378508967,0.0,0.0666666666666666,0.1,1.0
18191,mscoco,0.005880826362408697,0.02378440580417454,0.006647021195385605,0.02426981471800734,0.1,0.1666666666666666,0.0,0.0833333333333333
346093,mscoco,0.3774728387594223,0.5249491610165458,0.5363060623407364,0.7649821593464253,0.3,0.3333333333333333,0.3,1.0
549978,mscoco,0.23861182406544684,0.400004489693414,0.2727164000272751,0.42643698285062753,0.0,0.0833333333333333,0.3,0.5
114468,mscoco,0.11337781921029091,0.28175179855513066,0.13745299838483332,0.3325752093278767,0.1,0.5,0.2,1.0
45490,mscoco,0.06149803791195154,0.2795683496626618,0.09528830945491791,0.23207524434520718,0.1,0.25,0.1,1.0
99701,mscoco,0.19926852509379386,0.435992169226894,0.17105000074952842,0.2898106719383314,0.2,0.5,0.2,0.1666666666666666
228336,mscoco,0.23022383749485015,0.5300373767267851,0.31943364888429643,0.5326556676588073,0.0,0.0625,0.3,0.5
442148,mscoco,0.11780852372758091,0.3437399553488138,0.11396908974274993,0.2896196004851896,0.3,1.0,0.2,1.0
155,drawbench,0.021891907323151827,0.0803939161571817,0.015483398572541773,0.04216750091503767,0.0,4.697702823319397e-05,0.0,0.000124254473161
539287,mscoco,0.12174680195748806,0.22173688859614452,0.34966896176338197,0.6869106301780118,0.0,0.0588235294117647,0.6,1.0
151466,mscoco,0.021603837236762048,0.11422066554796997,0.07718608966097236,0.24582595250562214,0.1,1.0,0.3,0.25
329908,mscoco,0.18444705493748187,0.45791842749350853,0.22591082155704498,0.38793286162461227,0.2,0.3333333333333333,0.4,0.3333333333333333
384986,mscoco,0.0952984482049942,0.2477151714474339,0.11207768991589546,0.2300758998155775,0.0,0.0068493150684931,0.0,0.0111111111111111
444801,mscoco,0.15105854272842406,0.24927391929058806,0.25337064266204834,0.41805271875674055,0.1,0.125,0.5,0.5
223875,mscoco,0.08305348427966237,0.19938905809221502,0.11461813608184457,0.41847033124987476,0.0,0.04,0.1,1.0
84493,mscoco,0.08194776065647602,0.20841374530744933,0.07989286817610264,0.18787867184533866,0.4,1.0,0.4,1.0
484206,mscoco,0.17931541353464125,0.3282278442353752,0.14781089797616004,0.30054025860766903,0.1,0.3333333333333333,0.2,1.0
223869,mscoco,0.23446036949753762,0.3623280811710653,0.27702862918376925,0.38836439667068906,0.3,0.5,0.5,1.0
13800,mscoco,0.14041630364954472,0.18591661509985977,0.1904872737824917,0.3256008585003357,0.2,0.1428571428571428,0.2,0.3333333333333333
62250,mscoco,0.055951802199706434,0.22841590830745614,0.07631166111677885,0.20217370969535509,0.1,0.5,0.2,0.3333333333333333
401092,mscoco,0.05108201894909144,0.1594397858451727,0.04890702934935689,0.1418196199690151,0.4,0.5,0.2,0.125
407626,mscoco,0.032167307753115895,0.09752584321208682,0.016276942007243632,0.04844142993520139,0.1,0.3333333333333333,0.0,0.0083333333333333
479866,mscoco,0.24327720291912555,0.615535706637333,0.34760172441601755,0.6365105629215946,0.5,1.0,0.5,0.5
579247,mscoco,0.09296914357692003,0.4139565463182856,0.09388554329052567,0.3574939714327174,0.3,1.0,0.4,1.0
432832,mscoco,0.041484412271529436,0.11056201523801851,0.032622453104704616,0.17859497720108458,0.3,0.3333333333333333,0.4,1.0
297695,mscoco,0.01433371757157147,0.045283353975781246,0.01866579840425402,0.06745510030527083,0.1,0.1,0.1,1.0
440793,mscoco,0.04188767857849598,0.15821212589983646,0.10665614753961564,0.29814646205154527,0.1,1.0,0.1,1.0
484338,mscoco,0.12938932925462723,0.2832886643493844,0.16426210775971412,0.3392410929334794,0.1,0.1111111111111111,0.4,0.1428571428571428
28654,mscoco,0.1531630977988243,0.24739543082257257,0.13933828212320803,0.2972053901326064,0.2,0.5,0.0,0.0227272727272727
372580,mscoco,0.18268712908029555,0.33449857013520506,0.2637370899319649,0.43912026835820483,0.0,0.0222222222222222,0.0,0.0227272727272727
53802,mscoco,0.07457243953831494,0.2166569939684323,0.07086658217012883,0.2002940347637864,0.1,1.0,0.1,1.0
72792,mscoco,0.14623935762792825,0.3981942079175158,0.21021968275308608,0.3163599061588578,0.0,0.0263157894736842,0.0,0.0333333333333333
185844,mscoco,0.20996669866144657,0.3990170786532389,0.2603571772575378,0.5500746087302512,0.1,0.1666666666666666,0.3,1.0
355347,mscoco,0.17971766293048858,0.3248931264589573,0.27423700168728826,0.4092048774181459,0.3,0.2,0.3,0.5
55237,mscoco,0.18890828602015972,0.4977070845042884,0.2779852611944079,0.30916442578014314,0.0,0.0344827586206896,0.0,0.0454545454545454
167910,mscoco,0.06040960755199194,0.1905097429092347,0.03858284596353769,0.10314513365231169,0.1,0.5,0.0,0.0166666666666666
398527,mscoco,0.20861218348145485,0.512462061679106,0.24335808418691157,0.5326335091996881,0.2,1.0,0.5,1.0
484666,mscoco,0.051553869247436525,0.15336252649300852,0.04708328926935792,0.20860052104155338,0.1,0.5,0.1,1.0
399461,mscoco,0.07261250596493482,0.21763462573498185,0.049047169461846354,0.21726206999547465,0.1,0.5,0.2,1.0
71220,mscoco,0.0926861746236682,0.20014315303440414,0.1666546031832695,0.5332061620988268,0.1,0.1666666666666666,0.7,1.0
430391,mscoco,0.19996520578861238,0.32258735322575427,0.2458219535648823,0.4696079027419329,0.6,1.0,0.4,1.0
81166,mscoco,0.09586311243474484,0.2660536228364292,0.2255471222102642,0.4208331679539653,0.0,0.0769230769230769,0.2,0.5
11690,mscoco,0.10097659304738045,0.2119747139960449,0.19175016209483148,0.4606938023850731,0.3,0.5,0.6,1.0
74570,mscoco,0.11253894902765751,0.28846978503934756,0.15000868141651152,0.2903120835043413,0.7,0.5,0.7,1.0
495609,mscoco,0.16998019777238368,0.37050766144614317,0.24445376470685004,0.6009256903210042,0.1,0.125,0.1,1.0
286874,mscoco,0.11785398721694947,0.2636816117118257,0.1932573065161705,0.32855369651718985,0.1,0.3333333333333333,0.1,1.0
310562,mscoco,0.5272029340267181,0.7533634702801898,0.41924830079078673,0.6482093108248936,0.7,1.0,0.6,1.0
49946,mscoco,0.14054102525115014,0.2915802071690243,0.11349457427859307,0.3104257317995203,0.1,1.0,0.1,1.0
546114,mscoco,0.20017877519130706,0.7223975811464677,0.23419928960502148,0.4731252180823851,0.4,1.0,0.5,0.5
229052,mscoco,0.02510807989165187,0.07740333668753714,0.02018001601099968,0.0694461929487809,0.1,1.0,0.1,0.3333333333333333
218294,mscoco,0.08123653149232268,0.279844295136178,0.09799340013414622,0.27707705557665585,0.1,1.0,0.3,1.0
262235,mscoco,0.3449902325868607,0.49858638330536154,0.41712637692689897,0.5870844838119844,0.6,1.0,1.0,1.0
53229,mscoco,0.025229380186647176,0.13068294358717727,0.028540215035900474,0.07138709761541603,0.3,1.0,0.8,0.5
447209,mscoco,0.042141466634348035,0.10028781199270263,0.04797202628105879,0.16312727488484832,0.2,1.0,0.1,0.3333333333333333
166096,mscoco,0.23633261993527413,0.36837363736103645,0.26731391027569773,0.42681275434967636,0.3,0.25,0.2,0.2
70363,mscoco,0.037238027062267066,0.11926246178718282,0.060278368555009364,0.11957912249202537,0.0,0.03125,0.1,0.1111111111111111
23355,mscoco,0.05145907998085022,0.18557116872450138,0.054736950807273387,0.1964227227455383,0.1,1.0,0.1,1.0
269886,mscoco,0.10944759212434292,0.2411410535504533,0.15375360585749148,0.23363292081569983,0.0,0.0185185185185185,0.2,0.125
237445,mscoco,0.016748001519590616,0.08382042245981204,0.0452503127977252,0.15339891440130551,0.0,0.0769230769230769,0.4,1.0
63835,mscoco,0.3845328003168106,0.5195271280443156,0.46686387807130814,0.49400299476716636,0.5,1.0,0.9,1.0
272255,mscoco,0.3053745612502098,0.428946708801363,0.3701649270951748,0.6399145069828271,0.5,0.3333333333333333,0.3,1.0
373414,mscoco,0.147188469953835,0.4190705176344416,0.20242399517446757,0.36692572077944097,0.1,0.1111111111111111,0.5,1.0
466827,mscoco,0.2435260109603405,0.5138760790173538,0.29349062889814376,0.4851772220271154,0.4,1.0,0.7,0.5
506026,mscoco,0.010958176269195975,0.04391080537026496,0.017245607730001212,0.058721250458612914,0.1,0.25,0.1,1.0
262145,mscoco,0.09387406501919031,0.31478907664578876,0.19421008247882127,0.42979863198155976,0.1,1.0,0.4,1.0
40210,mscoco,0.1076463833451271,0.24690853972551546,0.13527514301240445,0.2801518523004455,0.1,1.0,0.1,0.3333333333333333
281652,mscoco,0.10661560297012329,0.28316025598831307,0.06372204278595746,0.2315664865743324,0.2,1.0,0.2,1.0
280808,mscoco,0.30158886685967445,0.5584647287814102,0.35694534331560135,0.592811805057183,0.0,0.05,0.2,0.1666666666666666
244549,mscoco,0.35117206275463103,0.4953358010401894,0.36838392317295077,0.6276209515031052,0.1,0.25,0.2,1.0
179504,mscoco,0.012219365569762886,0.05117850007501875,0.017516194633208214,0.04416072876892953,0.0,0.0769230769230769,0.1,0.1428571428571428
177353,mscoco,0.04531032023951411,0.16130501539408382,0.042343738861382006,0.13657111577818745,0.1,1.0,0.1,1.0
298830,mscoco,0.20610408410429953,0.7206635160237291,0.30669819712638857,0.5483696777589442,0.1,1.0,0.3,0.5
126182,mscoco,0.08507192097604274,0.2081314514683211,0.13363356329500675,0.33417555347916783,0.0,0.0208333333333333,0.1,0.125
112904,mscoco,0.20012238398194312,0.39666663601689145,0.24371763449162245,0.5283925392402355,0.0,0.0555555555555555,0.1,0.1666666666666666
211080,mscoco,0.04806223269551992,0.1275829823987275,0.07418958842754364,0.21194235817350332,0.0,0.027027027027027,0.5,1.0
526729,mscoco,0.22023057714104652,0.3863706378051446,0.2420937806367874,0.35712841498640613,0.2,0.25,0.1,0.1666666666666666
474180,mscoco,0.128625828307122,0.3207855377498075,0.0875464767217636,0.2956795811002525,0.1,0.5,0.1,1.0
466083,mscoco,0.09344308786094188,0.2697243422690438,0.1349736150354147,0.27087238421230303,0.0,0.05,0.0,0.0285714285714285
154,drawbench,0.05334759005345404,0.16103893401231767,0.04141758745536208,0.2932370451375411,0.0,0.0,0.0,0.0
183805,mscoco,0.09644879680126905,0.22629098796397265,0.07715374380350112,0.31712656804253125,0.1,0.1,0.0,0.0263157894736842
185571,mscoco,0.023659807723015548,0.0800035213353431,0.02254956306423992,0.0633007415712085,0.1,0.5,0.1,1.0
27471,mscoco,0.1797357477247715,0.4440762992756097,0.28689582273364067,0.4216967994689515,0.3,1.0,0.2,0.5
21504,mscoco,0.09024315914139151,0.2809412763100715,0.06640106299892068,0.1747676336926481,0.1,1.0,0.1,0.1111111111111111
422676,mscoco,0.1785418637096882,0.6960729110237907,0.1832316379994154,0.4210545621422279,0.1,1.0,0.1,0.5
452930,mscoco,0.0665105490013957,0.20507825840637486,0.07581839459016919,0.13420925442997655,0.0,0.0625,0.2,0.3333333333333333
473500,mscoco,0.11841403730213643,0.28575213824561935,0.09229497015476226,0.3338077216842053,0.1,0.5,0.1,0.1428571428571428
32708,mscoco,0.13245568238198757,0.29273226128757196,0.2603650737553835,0.5436903704429499,0.2,0.1666666666666666,0.4,1.0
578255,mscoco,0.2160620853304863,0.6338310557861826,0.3748263522982597,0.6435920920698533,0.1,0.3333333333333333,0.1,1.0
249792,mscoco,0.021185046108439565,0.11255993618315503,0.021132987830787896,0.10875454472056147,0.1,1.0,0.1,1.0
188795,mscoco,0.22850859835743903,0.400889295664322,0.23493367433547974,0.46356568304562507,0.3,1.0,0.5,0.3333333333333333
299205,mscoco,0.013847912242636085,0.04783983598647687,0.009845662023872137,0.03829412133625412,0.1,1.0,0.2,1.0
404406,mscoco,0.04576002219691873,0.1562118845567908,0.05263904090970754,0.13672677326738814,0.1,1.0,0.1,1.0
145690,mscoco,0.11417934689670801,0.45995057323191013,0.1225296437740326,0.3742988099982239,0.0,0.0277777777777777,0.1,1.0
400332,mscoco,0.2793005034327507,0.4622699983097544,0.2871644891798496,0.6488335557927227,0.2,0.25,0.2,1.0
202810,mscoco,0.10821658186614513,0.2467223766593949,0.1011663343757391,0.19047195361199573,0.2,0.2,0.1,0.125
52,drawbench,0.05909657701849937,0.1494894993798812,0.06678489185869693,0.1458151852546571,0.0,0.0,0.0,0.0
225700,mscoco,0.46887906938791274,0.7189083540140397,0.5430759698152542,0.7882488231158622,0.1,0.1428571428571428,0.2,0.25
273106,mscoco,0.13661453425884246,0.30930173513409415,0.1708505805581808,0.3266527309675358,0.0,0.0263157894736842,0.0,0.0588235294117647
394840,mscoco,0.08221297655254603,0.2633783555928493,0.08066244684159755,0.2702695784965451,0.1,1.0,0.2,1.0
323810,mscoco,0.284483477845788,0.6047917543098456,0.25181214064359664,0.5865800828331216,0.5,1.0,0.5,1.0
174892,mscoco,0.11365352980792523,0.282671769551488,0.0915436977520585,0.2615004634177204,0.4,0.1428571428571428,0.2,0.1666666666666666
365507,mscoco,0.30792333036661146,0.48614106239507815,0.32816137075424195,0.5317113006971316,0.4,0.25,0.7,1.0
531963,mscoco,0.03163022799417377,0.10729703809315949,0.0881007194519043,0.2413402294380358,0.0,0.0555555555555555,0.1,0.1428571428571428
214127,mscoco,0.09045254345983267,0.29073860101379473,0.15848924424499272,0.3883403083130915,0.2,0.3333333333333333,0.2,0.1111111111111111
230991,mscoco,0.1614530051127076,0.3731063719460756,0.16930806264281273,0.33154815747701905,0.1,1.0,0.6,1.0
552962,mscoco,0.24314194023609162,0.4720162359009404,0.26869494542479516,0.3871721165659644,0.1,1.0,0.1,0.1111111111111111
534565,mscoco,0.17301474809646605,0.3495267201383966,0.21170240715146066,0.40818283681801426,0.8,1.0,0.7,1.0
423647,mscoco,0.10852442756295204,0.24442501759828963,0.1397264812141657,0.35582176439254753,0.2,0.1666666666666666,0.3,0.5
48,drawbench,0.04823123482055962,0.15030086385586788,0.05453613810241222,0.14070534126782214,0.0,0.0,0.0,0.0
50480,mscoco,0.06537488759495318,0.1510220897053743,0.060550838336348535,0.1873332967793628,0.0,0.0089285714285714,0.1,0.125
138768,mscoco,0.18743391558527947,0.45669390652412883,0.23742874711751938,0.5681834599230734,0.2,0.5,0.1,0.25
480482,mscoco,0.08267408050596714,0.2074195692860197,0.08962195068597793,0.31029091339340376,0.1,0.5,0.1,0.5
150024,mscoco,0.06910403026267886,0.23854922696558317,0.06599571881815791,0.419115473447944,0.2,0.5,0.2,1.0
94793,mscoco,0.04138893336057663,0.13710049811363825,0.06783255357295274,0.20324482242509284,0.0,0.04,0.2,1.0
378313,mscoco,0.018648294638842343,0.0787577140953144,0.03139696465805173,0.09577316059907495,0.0,0.0021231422505307,0.1,1.0
504921,mscoco,0.741223931312561,0.9172444931947469,0.7326542437076569,0.8959042361804429,1.0,1.0,1.0,1.0
292116,mscoco,0.048798086028546094,0.2023125397025227,0.09695463664829732,0.28213549432756035,0.0,0.0084033613445378,0.1,1.0
109012,mscoco,0.36757340729236604,0.5769373915135628,0.348436476290226,0.48371473799023473,0.4,1.0,0.8,0.5
504657,mscoco,0.20276201665401458,0.3211197120835482,0.49941737949848175,0.7456531439448176,0.2,0.1428571428571428,0.9,1.0
72850,mscoco,0.14704183340072632,0.38908249099305425,0.14291085824370384,0.2216746015343875,0.0,0.0434782608695652,0.4,1.0
273316,mscoco,0.151223836094141,0.4788532374607349,0.19510678052902222,0.5740307800029512,0.3,1.0,0.3,1.0
354261,mscoco,0.008252526697469875,0.02160263473836118,0.010062743409071118,0.03165155796897664,0.0,0.0909090909090909,0.0,0.0833333333333333
54437,mscoco,0.48169628232717515,0.6912613289826096,0.4179793417453766,0.5173826519392993,0.5,1.0,0.1,0.1666666666666666
249251,mscoco,0.11866080313920975,0.22424243079476838,0.18737611956894398,0.3062137491957214,0.2,0.5,0.1,0.5
99747,mscoco,0.06040650624781847,0.15464493662733525,0.06653466373682022,0.15680105303813618,0.6,0.5,0.6,1.0
23976,mscoco,0.33521774262189863,0.4749085075665443,0.2844198301434517,0.41415665300393495,0.1,0.3333333333333333,0.3,0.2
295295,mscoco,0.37987311109900473,0.5745538374428236,0.39248117059469223,0.5216174929230372,0.3,0.25,0.4,0.3333333333333333
32712,mscoco,0.2487260326743126,0.2985871100318243,0.3816272526979446,0.4564355688323225,0.0,0.0625,0.1,0.125
4616,mscoco,0.027920578327029943,0.14871325406575236,0.02873940523713827,0.10398248622699223,0.1,0.5,0.1,1.0
529096,mscoco,0.08146335668861866,0.2540873064902869,0.07668018229305744,0.23272992921164573,0.1,1.0,0.2,1.0
537349,mscoco,0.06316818716004491,0.14016210748095842,0.05988850919529796,0.21850992238204686,0.0,0.0625,0.0,0.0434782608695652
367853,mscoco,0.21488870419561862,0.4291515148621881,0.2616237334907055,0.4484041362354078,0.2,1.0,0.5,1.0
323231,mscoco,0.0564215877559036,0.12619023489652328,0.04192433906719088,0.1360020151232208,0.0,0.003076923076923,0.1,0.125
385317,mscoco,0.2739898502826691,0.596219887771512,0.25049263089895246,0.38340175045120617,0.3,0.3333333333333333,0.1,1.0
284192,mscoco,0.08478022143244743,0.24097601850436148,0.08972433060407639,0.27612241550883365,0.1,1.0,0.1,1.0
384790,mscoco,0.22980508655309678,0.4627994930129543,0.232905650511384,0.5548622922070237,0.0,0.0769230769230769,0.0,0.0384615384615384
237758,mscoco,0.19500919803977013,0.44756007734498254,0.1479436606168747,0.29356518672533655,0.4,1.0,0.5,0.25
201134,mscoco,0.07843621573410928,0.5415647488033781,0.09940157104283572,0.35596846094062096,0.1,1.0,0.1,0.5
33,drawbench,0.1817007814068347,0.6283723588368388,0.12327250149101018,0.31774932963222585,0.0,0.0,0.0,0.0
220118,mscoco,0.17294511944055557,0.37665746185737303,0.1555540755391121,0.3607291097053876,0.0,0.0169491525423728,0.1,1.0
182118,mscoco,0.0124876037822105,0.05304145160234458,0.009130946907680482,0.034656839350118075,0.0,0.0076923076923076,0.1,1.0
101569,mscoco,0.19729982912540436,0.46390798081056533,0.28262424394488334,0.3752250221556784,0.2,1.0,0.3,0.5
111754,mscoco,0.388244279846549,0.4506553728703455,0.5535765498876571,0.6777099068351387,0.2,0.2,0.8,1.0
209920,mscoco,0.0967634180560708,0.24681436500131565,0.0998735312372446,0.3243169877892077,0.0,0.0333333333333333,0.1,0.1666666666666666
534426,mscoco,0.09787339121103286,0.35070493346526516,0.09147517401725054,0.22699664109378725,0.1,0.125,0.4,0.5
165298,mscoco,0.0860599061474204,0.2278386283375079,0.11458648554980755,0.19742777766466826,0.1,0.1666666666666666,0.0,0.0833333333333333
289007,mscoco,0.053296553622931245,0.20294491621672683,0.06432809010148048,0.18041965021146814,0.0,0.0625,0.1,1.0
11796,mscoco,0.12633460462093354,0.22433092671488397,0.09841601923108101,0.2531253540982046,0.1,0.5,0.1,1.0
537135,mscoco,0.14133220501244068,0.4839832416359419,0.061267478950321676,0.2333206103494348,0.1,0.5,0.2,1.0
120977,mscoco,0.05064774490892887,0.13899779603805607,0.04726356165483594,0.1760648642729572,0.1,0.5,0.1,0.25
259103,mscoco,0.18948081154376267,0.29640068475178927,0.12710319235920906,0.32803740792953684,0.0,0.0357142857142857,0.1,0.5
49073,mscoco,0.2639882083982229,0.49151605758097505,0.23009850829839706,0.44136581916437534,0.0,0.00074294205052,0.0,0.0049261083743842
387855,mscoco,0.0339789193123579,0.12037568534575148,0.034048181911930445,0.12794913713952152,0.0,0.0050251256281407,0.1,0.5
252549,mscoco,0.07938897609710693,0.2570241598833355,0.06416541002690793,0.23934833034643802,0.1,0.25,0.1,0.5
506232,mscoco,0.18239572420716285,0.467585087010766,0.1804066464304924,0.45632785279716104,0.1,1.0,0.4,1.0
178876,mscoco,0.31585513725876807,0.48976881452033416,0.292195338755846,0.40808965685912524,0.1,0.1,0.1,1.0
98709,mscoco,0.06453499244526029,0.18172978636132417,0.07919526565819979,0.2156225429673144,0.2,0.3333333333333333,0.5,1.0
83328,mscoco,0.040815773396752776,0.14511608307424803,0.1065331632271409,0.3933959915490041,0.1,0.1,0.2,1.0
467180,mscoco,0.02254269802942872,0.07603110217158217,0.06706884242594242,0.18399783764832706,0.2,1.0,0.0,0.0833333333333333
362244,mscoco,0.20057771820575,0.4204384590048588,0.2206421300768852,0.4514428415881422,0.3,1.0,0.1,0.1428571428571428
382182,mscoco,0.16602542884647847,0.246167248915228,0.1757847022265196,0.5776661803191647,0.2,0.3333333333333333,0.3,1.0
79545,mscoco,0.209212389215827,0.3353217628225208,0.2802565783262253,0.5868437273606109,0.0,0.0909090909090909,0.2,0.1666666666666666
516233,mscoco,0.00491007870878093,0.0182810487826613,0.003546406645909883,0.023065711360203196,0.1,0.3333333333333333,0.1,1.0
544127,mscoco,0.1366054367274046,0.2838673345092269,0.10432488294318318,0.23632853048148908,0.1,0.5,0.1,0.1428571428571428
97734,mscoco,0.04933666130527854,0.1301305348485786,0.05210625864565373,0.14075511455476242,0.2,0.5,0.4,1.0
29752,mscoco,0.1017250141594559,0.17972813502737048,0.17556220963597297,0.3366450949854163,0.1,0.5,0.1,1.0
412491,mscoco,0.025596653949469327,0.07358007215698552,0.018131297454237937,0.059613416071687374,0.1,0.3333333333333333,0.0,0.0526315789473684
111,drawbench,0.025592365115880967,0.10920360852285574,0.06290159514173865,0.17741742314599646,0.1,0.3333333333333333,0.0,0.0052910052910052
354929,mscoco,0.051759646460413936,0.12794319438007032,0.030603635217994453,0.12235205464841285,0.1,0.25,0.1,1.0
558242,mscoco,0.16196195408701897,0.3782532360096367,0.18463972210884094,0.31406464368404274,0.0,0.0416666666666666,0.1,0.25
462129,mscoco,0.02771941674873233,0.0825144484297671,0.03213049657642841,0.09429044849312035,0.0,0.0065359477124183,0.0,0.0555555555555555
462925,mscoco,0.17667786814272404,0.5789107063861193,0.2528266221284866,0.6723202662534089,0.3,0.5,0.3,1.0
45343,mscoco,0.05308891087770462,0.17485384071169374,0.033254215400666,0.1479179369990278,0.1,1.0,0.1,1.0
538299,mscoco,0.0899662259966135,0.2486429980131756,0.08222809098660946,0.17537834258653084,0.1,1.0,0.2,0.2
245002,mscoco,0.21964358761906624,0.3598649085031126,0.2769871786236763,0.4615183393957122,0.6,0.3333333333333333,0.9,1.0
259414,mscoco,0.06588903348892927,0.22655217111356052,0.0620344003662467,0.201941145460546,0.0,0.0131578947368421,0.0,0.0147058823529411
130314,mscoco,0.03232864653691649,0.14542148378556274,0.03704095743596554,0.1631440459368809,0.1,1.0,0.1,1.0
544120,mscoco,0.08574034720659256,0.25426768080601625,0.03715152963995934,0.18395699703266818,0.0,0.0062111801242236,0.0,0.04
196510,mscoco,0.083460449334234,0.31855105004385403,0.11263951966539025,0.24571156168963823,0.0,0.0172413793103448,0.0,0.0333333333333333
226197,mscoco,0.10330495312809944,0.23854587500445942,0.21439171358942985,0.36383740581886503,0.0,0.05,0.2,0.2
500568,mscoco,0.0667390488088131,0.22709691722596917,0.06629690732806921,0.2485916993587268,0.1,0.125,0.1,1.0
351149,mscoco,0.15225328579545022,0.364029437449176,0.13329855147749187,0.3559548822692921,0.0,0.0416666666666666,0.0,0.0769230769230769
298600,mscoco,0.042234388366341594,0.09470548344812012,0.07240627398714423,0.21987958060865778,0.0,0.024390243902439,0.3,1.0
434027,mscoco,0.29558953568339347,0.5168965698214332,0.30703831315040586,0.505684524276188,0.0,0.037037037037037,0.2,1.0
116851,mscoco,0.06636456595733761,0.1822868872903755,0.09168304316699505,0.2896685596448882,0.4,1.0,0.5,1.0
364567,mscoco,0.3845346674323082,0.7187238578067379,0.6309448182582855,0.7665065016953339,0.2,0.3333333333333333,0.6,1.0
363957,mscoco,0.1681417152285576,0.4641991940384249,0.16700088381767272,0.30745639885162973,0.8,1.0,0.9,1.0
568974,mscoco,0.007789163524284959,0.038016347666577424,0.013007026864215732,0.036938060720360745,0.0,0.0059523809523809,0.1,1.0
223739,mscoco,0.03749901717528701,0.12234263867421218,0.056962572410702704,0.2085756309207266,0.0,0.0588235294117647,0.0,0.0833333333333333
59171,mscoco,0.5202160865068436,0.7785752323580545,0.6317070305347443,0.8064345099291067,0.7,1.0,0.9,1.0
521218,mscoco,0.10268871486186981,0.2757474197923365,0.1387782871723175,0.28371892168362317,0.4,1.0,0.8,1.0
367329,mscoco,0.1554891549050808,0.31420241186499714,0.217209804803133,0.4444930034759871,0.1,0.25,0.4,1.0
352061,mscoco,0.07088856250047684,0.19424011699473742,0.10844442434608936,0.24199350650350482,0.2,0.125,0.2,1.0
484636,mscoco,0.25674299597740174,0.46013346326787075,0.3068196602165699,0.3653498473680135,0.1,0.1428571428571428,0.1,1.0
264461,mscoco,0.08374084755778313,0.18651010931635292,0.2075886655598879,0.44772511336814413,0.0,0.0085470085470085,0.0,0.0384615384615384
148165,mscoco,0.012136794626712799,0.07967617518243376,0.020395058393478393,0.07896647775669939,0.1,1.0,0.0,0.024390243902439
429593,mscoco,0.04677589265629649,0.10013890224215743,0.039795750938355925,0.14245334540660315,0.1,0.5,0.1,1.0
15757,mscoco,0.20189279690384865,0.3812707983622667,0.22090714946389198,0.38812760075752134,0.0,0.0153846153846153,0.1,0.1111111111111111
37032,mscoco,0.03819891200400889,0.12404898940174883,0.15923019424080848,0.3237865859584723,0.0,0.0769230769230769,0.9,1.0
99515,mscoco,0.05136598963290453,0.17881824818127331,0.08013610895723104,0.22522452058003248,0.0,0.0022573363431151,0.0,0.0769230769230769
501624,mscoco,0.420685862749815,0.5708683696084152,0.4475799113512039,0.6677786728254386,0.7,1.0,0.8,1.0
91780,mscoco,0.19477412328124047,0.5104319370559159,0.20518773570656776,0.49621826157041493,0.1,0.5,0.1,0.5
473195,mscoco,0.07489032447338104,0.20896429975353314,0.08200478628277778,0.21175545621796962,0.0,0.0010111223458038,0.0,0.0059171597633136
200241,mscoco,0.04620383158326149,0.18064486257751902,0.04046448413282633,0.17033035050137194,0.1,1.0,0.1,1.0
20966,mscoco,0.19941694363951684,0.31570816252376643,0.1960204616189003,0.5247664956267599,0.4,0.25,0.5,1.0
477005,mscoco,0.17987422980368137,0.380400731463221,0.19708785228431225,0.46781613485631524,0.4,0.5,0.6,1.0
568281,mscoco,0.02430473333224654,0.06720722479780306,0.050684953760355714,0.26224924908093344,0.1,0.25,0.1,0.1428571428571428
289075,mscoco,0.030254183569923043,0.13004173368972077,0.06963531775400042,0.1732948447294726,0.1,1.0,0.1,1.0
315211,mscoco,0.01336170369759202,0.06278596492527264,0.018046185234561564,0.061251904314241976,0.1,1.0,0.1,1.0
370763,mscoco,0.0649960933253169,0.2717854582084045,0.10322462432086468,0.27043242486108665,0.1,1.0,0.4,1.0
245337,mscoco,0.1533037517219782,0.4067394871836432,0.25568184331059457,0.3259439770814002,0.3,1.0,0.2,0.5
359085,mscoco,0.032384478580206634,0.12070511959973497,0.028217943338677286,0.10929429871298275,0.1,1.0,0.1,1.0
151956,mscoco,0.042869207076728345,0.20818855274857423,0.05665798322297633,0.1269638139311732,0.2,0.3333333333333333,0.2,1.0
442666,mscoco,0.07872477686032653,0.23077018664835924,0.05963432500138879,0.19246169717041844,0.0,0.0833333333333333,0.1,0.1111111111111111
139214,mscoco,0.1378055986016989,0.28031194460833153,0.132579567655921,0.26473749563816523,0.2,0.1666666666666666,0.2,0.5
112586,mscoco,0.13651846442371607,0.3451487199803048,0.11649118401110173,0.2584702809451809,0.6,1.0,0.3,1.0
277080,mscoco,0.4326905470341444,0.813308550283601,0.4316019296646118,0.6676699817552975,0.5,0.5,0.4,0.5
497261,mscoco,0.10590999126434326,0.25901569785761785,0.1446199778467417,0.37238012236182677,0.0,0.032258064516129,0.0,0.024390243902439
421314,mscoco,0.16905643325299025,0.21080803413754787,0.232417094707489,0.3256983300169332,0.3,0.1428571428571428,0.1,1.0
9288,mscoco,0.22976244986057281,0.5140197979249529,0.26007753014564516,0.7172169545828555,0.7,1.0,0.6,1.0
249587,mscoco,0.08106755055487155,0.1790753855108994,0.17086838707327842,0.38130622032746375,0.2,0.5,0.3,0.25
169179,mscoco,0.17518499232828616,0.3113272831621902,0.2551472380757332,0.3670660258174452,0.2,0.1111111111111111,0.4,0.2
446521,mscoco,0.07879555989056826,0.19695777228639816,0.09698549006134272,0.44337208141062695,0.0,0.0109890109890109,0.0,0.05
203098,mscoco,0.02555537214502692,0.10127377751697436,0.02847521919757128,0.08782373157039793,0.6,1.0,1.0,1.0
83102,mscoco,0.059810936264693734,0.2824543390829864,0.06457143705338239,0.20117644485095773,0.1,0.1428571428571428,0.0,0.0909090909090909
105,drawbench,0.03098398493602872,0.07011258658130975,0.035118218045681715,0.10382336196537709,0.0,0.0175438596491228,0.0,0.0769230769230769
254989,mscoco,0.06241186652332544,0.15816448541370012,0.11994700692594051,0.28348415493360746,0.3,0.25,0.4,1.0
474528,mscoco,0.04592701527290046,0.14405710064854804,0.03773089274764061,0.10620736966525332,0.1,0.125,0.1,0.25
523546,mscoco,0.06657692422159016,0.3572162856190333,0.0816299382597208,0.3548312595986171,0.1,1.0,0.1,1.0
371256,mscoco,0.06576305441558361,0.16602398211802363,0.04305456937290728,0.11737264667455276,0.2,1.0,0.1,0.25
444453,mscoco,0.04461836712434888,0.17681183909236697,0.04266127925366163,0.17008325499400367,0.1,1.0,0.1,1.0
127515,mscoco,0.17763725109398365,0.4033666259567321,0.15792207792401314,0.3544201642175969,0.0,0.015625,0.0,0.0909090909090909
15667,mscoco,0.40159755647182466,0.6547380601349763,0.5015773713588715,0.695288588649458,0.5,0.5,0.8,1.0
525851,mscoco,0.11701524881646037,0.2961681827892233,0.08196709770709276,0.2641282724710382,0.7,1.0,0.4,1.0
63777,mscoco,0.11375025268644094,0.2240477388642404,0.15533964410424234,0.3250105882734045,0.1,1.0,0.1,0.125
247422,mscoco,0.06164075590204447,0.19072402494540097,0.03482549134641886,0.11381410597445671,0.2,0.5,0.1,1.0
227724,mscoco,0.04417069405317307,0.13150739115010682,0.047325866483151915,0.11525860142616236,0.0,0.0344827586206896,0.1,0.1428571428571428
419828,mscoco,0.029211520776152612,0.1160547709573163,0.020453323307447136,0.10612292261464831,0.1,1.0,0.1,1.0
123166,mscoco,0.2079932250082493,0.3233925468165909,0.21122439950704575,0.4221705063561238,0.0,0.0285714285714285,0.1,0.5
146236,mscoco,0.012246072455309332,0.0272871270975237,0.011568407178856432,0.04120160158374912,0.1,0.1111111111111111,0.1,0.25
264406,mscoco,0.2611643634736538,0.6392486922193418,0.1920315146446228,0.6176634464414058,0.2,0.5,0.2,1.0
311709,mscoco,0.17931987792253495,0.3141169727165537,0.22513041645288467,0.3749082471050515,0.1,1.0,0.5,1.0
54086,mscoco,0.16208465918898582,0.35509739977002863,0.1426212914288044,0.4350489339416085,0.0,0.015625,0.0,0.0042918454935622
124729,mscoco,0.24787125438451768,0.5350894581298915,0.253170982003212,0.512261028428542,0.9,1.0,0.8,1.0
521334,mscoco,0.04354814700782299,0.14320174615327255,0.04178697606548667,0.12435940831369048,0.1,0.25,0.1,0.5
400309,mscoco,0.008367307321168482,0.03083216778782093,0.01965910978615284,0.07328716620976489,0.0,0.0625,0.1,1.0
385601,mscoco,0.18867890909314156,0.3284030744173513,0.2071049802005291,0.25601645023202557,0.4,0.5,0.5,1.0
39978,mscoco,0.21338393837213515,0.4271293589681569,0.1677054449915886,0.2758616706254298,0.3,0.25,0.3,1.0
444949,mscoco,0.12349642850458623,0.3575842593340707,0.1731713242828846,0.36000895131276733,0.1,0.3333333333333333,0.1,0.2
428178,mscoco,0.14410921335220336,0.38494331363222833,0.20863258838653564,0.3962039865054157,0.0,0.0069930069930069,0.0,0.0131578947368421
120416,mscoco,0.5129226684570313,0.7134645746278924,0.48492240607738496,0.760706736600563,0.6,1.0,0.8,1.0
52281,mscoco,0.17644351460039615,0.2731505431364637,0.24160249829292296,0.39936730256780173,0.1,0.125,0.2,0.3333333333333333
187592,mscoco,0.07109636384993792,0.2157615542481858,0.06444438342005014,0.23724360784361148,0.2,0.25,0.3,1.0
98478,mscoco,0.007112693809904158,0.029910892943305938,0.012584543926641345,0.03961001125787224,0.1,0.1428571428571428,0.1,1.0
471599,mscoco,0.07851466350257397,0.15717438401402875,0.07613844126462936,0.20563681319223368,0.1,0.1666666666666666,0.2,1.0
136232,mscoco,0.03646891722455621,0.12372486237151714,0.07559930048882961,0.17032865058611266,0.0,0.0555555555555555,0.0,0.0833333333333333
270740,mscoco,0.207672930136323,0.33851724194287636,0.32616989836096766,0.45550030484902865,0.1,1.0,0.5,0.3333333333333333
310536,mscoco,0.23882111459970473,0.5121494118169001,0.43889364451169965,0.7839903084017497,0.2,1.0,0.4,0.5
469515,mscoco,0.015391424531117082,0.05511612427106941,0.018638473702594638,0.07314790276430297,0.0,0.0032051282051282,0.1,0.3333333333333333
251252,mscoco,0.12232769317924977,0.2527475503652198,0.12803277969360352,0.3453592578474841,0.2,0.2,0.4,1.0
560646,mscoco,0.19551238119602204,0.32751370755239045,0.19453281611204148,0.39609997970268496,0.6,1.0,1.0,1.0
36029,mscoco,0.1538316361606121,0.40323181501279426,0.14571438357234,0.466224978612332,0.1,0.5,0.1,1.0
302216,mscoco,0.20979255251586437,0.4546928020034192,0.3499440893530846,0.6717426744454904,0.1,0.3333333333333333,0.3,1.0
178156,mscoco,0.23075122460722924,0.5226685040036319,0.09773869086056948,0.2012063993703538,0.0,0.0022573363431151,0.0,0.0135135135135135
535604,mscoco,0.15574670527130366,0.35244275823317733,0.12231778129935264,0.29005979361697753,0.6,1.0,0.3,0.5
462577,mscoco,0.2368612065911293,0.3798109591243571,0.22928293496370317,0.4095209841101532,0.0,0.0666666666666666,0.4,0.5
360585,mscoco,0.33494050018489363,0.46520181762082735,0.3873939633369446,0.5282961625102047,0.4,0.25,0.6,0.5
336764,mscoco,0.09489398524165153,0.2805789128580429,0.07559045031666756,0.2034145944221941,0.0,0.0128205128205128,0.1,0.1111111111111111
277237,mscoco,0.026326898112893106,0.10560145144458324,0.029777245223522188,0.08635044228605139,0.1,0.1666666666666666,0.2,0.5
11326,mscoco,0.06398942274972796,0.18103096685898332,0.07188676632940769,0.24174777773013556,0.1,0.5,0.1,1.0
243443,mscoco,0.03515254044905305,0.1061017562138321,0.04225969510152936,0.1331040190684315,0.2,0.1666666666666666,0.3,0.25
97724,mscoco,0.13020067922770978,0.3608627417707112,0.2607498712837696,0.4009740552386281,0.0,0.0555555555555555,0.3,0.5
248753,mscoco,0.04636175599880517,0.15502204324621377,0.04156776070594788,0.20828858819546775,0.0,0.0277777777777777,0.0,0.0095238095238095
331676,mscoco,0.11840428374707698,0.253289384588179,0.3843785285949707,0.8161051101470308,0.0,0.0217391304347826,0.1,1.0
169500,mscoco,0.03584063993766904,0.19620971237194892,0.03825009148567915,0.10799043038729925,0.1,0.125,0.2,1.0
475035,mscoco,0.17914984989911317,0.4983197242738498,0.17215822003781794,0.33437514540218366,0.2,0.1428571428571428,0.3,0.3333333333333333
383923,mscoco,0.2500942274928093,0.45496291006278,0.2668911647051573,0.5412935798698749,0.4,0.2,0.4,1.0
330229,mscoco,0.08266674857586623,0.1825231881100898,0.14930661860853434,0.2851602476462501,0.0,0.0476190476190476,0.3,1.0
259421,mscoco,0.17181128412485122,0.47737172627622476,0.21043179780244828,0.41961695373727437,0.1,1.0,0.1,0.2
453558,mscoco,0.07356096114963293,0.2583940626273077,0.08331746906042099,0.23301433622313747,0.1,0.1428571428571428,0.1,1.0
47632,mscoco,0.05937519147992134,0.1637500428187717,0.0780570849776268,0.22556548468081727,0.0,0.0909090909090909,0.1,0.5
556406,mscoco,0.1376512221992016,0.27549728382201977,0.23377159237861633,0.4454413854165863,0.4,1.0,0.4,0.3333333333333333
205563,mscoco,0.2949844129383564,0.3610027133399355,0.2883664324879646,0.5430283198338428,0.5,0.25,0.2,1.0
358287,mscoco,0.2938427858054638,0.5357570504772537,0.22523735277354717,0.4257265425437948,0.1,0.1428571428571428,0.3,0.5
172727,mscoco,0.2080155611038208,0.5101455937904975,0.2129349432885647,0.5040435373096821,0.1,1.0,0.1,1.0
274148,mscoco,0.07053006216883659,0.2172318757591975,0.10670623406767846,0.29125527619476604,0.0,0.0147058823529411,0.2,0.125
395957,mscoco,0.04944472946226597,0.12957029569246686,0.06612854860723019,0.1919563427873238,0.0,0.0555555555555555,0.2,0.5
27656,mscoco,0.18381269983947277,0.2622000177490503,0.35414183884859085,0.7005020162778877,0.5,1.0,0.9,1.0
535663,mscoco,0.16957721188664437,0.2647933477992733,0.18449521362781524,0.3516146717788828,0.3,0.3333333333333333,0.3,0.3333333333333333
59012,mscoco,0.08494342360645532,0.2473410846355335,0.1696965154260397,0.3684109468319261,0.1,0.5,0.1,1.0
338732,mscoco,0.047716383426450196,0.12843276378900803,0.02381074884906411,0.10274160805480402,0.1,1.0,0.1,1.0
34800,mscoco,0.07289424752816558,0.14923848777763044,0.09500040113925934,0.3082178166063436,0.0,0.027027027027027,0.3,0.5
78290,mscoco,0.1358814999461174,0.31777740259867626,0.30012689158320427,0.5403816735591233,0.0,0.0028328611898017,0.1,0.1428571428571428
34235,mscoco,0.2343726523220539,0.4336823229185296,0.2308721996843815,0.37711848019324035,0.0,0.0344827586206896,0.1,0.5
149993,mscoco,0.2630673564970493,0.4232307505873397,0.31007591262459755,0.6574788617122592,0.1,0.1666666666666666,0.2,1.0
92,drawbench,0.08069348894059658,0.21038970747765662,0.08525628186762332,0.19617008835853936,0.0,0.0769230769230769,0.0,0.0019920318725099
289739,mscoco,0.058690909668803214,0.2072188676951727,0.056377859739586714,0.19280308337312094,0.1,0.1,0.0,0.0217391304347826
11,drawbench,0.12746086940169335,0.4305924825283881,0.13187965620309114,0.2926444257249041,0.0,1.886863655232273e-05,0.0,1.9478748685184465e-05
394681,mscoco,0.023076258995570243,0.07665504558849524,0.028600806975737213,0.07185141768304457,0.1,0.3333333333333333,0.1,0.1428571428571428
404984,mscoco,0.1133383721113205,0.2640256524199836,0.09341722652316094,0.27343379869331735,0.0,0.003831417624521,0.0,0.0095238095238095
95777,mscoco,0.11234990060329438,0.31455785663858526,0.20834173560142516,0.4587659807570005,0.2,0.5,0.2,0.25
516158,mscoco,0.051183738233521583,0.1673057418494003,0.06600812301039696,0.21381318733745994,0.0,0.015625,0.1,0.25
223569,mscoco,0.18550387695431708,0.28367228292732194,0.40693454891443254,0.6262729125686873,0.1,1.0,0.3,1.0
107782,mscoco,0.09581860359758139,0.25862373734789745,0.08459063917398453,0.1835272407039432,0.1,0.25,0.4,0.5
98881,mscoco,0.0060523240419570355,0.021204081196636568,0.009547331044450403,0.02541826931631949,0.1,1.0,0.1,1.0
94045,mscoco,0.24704888463020325,0.4040981031864928,0.3241807669401169,0.4811371534279672,0.3,0.3333333333333333,1.0,1.0
498015,mscoco,0.0062557467957958576,0.026584492184316674,0.002260560588911176,0.008941161257233833,0.1,1.0,0.0,0.0526315789473684
451172,mscoco,0.051579431630671024,0.17489195379085878,0.04740574180614203,0.23478451628433233,0.1,0.3333333333333333,0.1,1.0
535211,mscoco,0.020000374317169188,0.08004012169940854,0.021820502076297998,0.07970759796305181,0.1,0.25,0.1,0.5
18476,mscoco,0.016456534166354685,0.0768498902333329,0.019729231437668204,0.0727996170388395,0.1,1.0,0.1,1.0
275930,mscoco,0.050670286640524864,0.15011663193921956,0.09141608271747828,0.24389899306867413,0.0,0.0833333333333333,0.1,1.0
507434,mscoco,0.02091577942483127,0.057790606233943304,0.011247555934824049,0.04594019079454324,0.1,0.25,0.0,0.0020366598778004
29122,mscoco,0.04500584546476603,0.11518310781963376,0.06616284679621458,0.2556702041266891,0.0,0.0769230769230769,0.1,1.0
116204,mscoco,0.16745111346244812,0.2952686529225205,0.2387757644057274,0.38969384044021127,0.4,1.0,0.4,0.5
274815,mscoco,0.13822621032595633,0.2882494490328305,0.11469886861741543,0.311070024033416,0.2,0.25,0.1,0.3333333333333333
507215,mscoco,0.10274500548839569,0.2634869932309294,0.10750872120261193,0.32441255397941704,0.4,0.25,0.2,0.5
559658,mscoco,0.12024699244648218,0.2604221001527536,0.15390210710465907,0.3309838693948055,0.4,0.3333333333333333,0.5,0.5
344157,mscoco,0.8167279124259949,0.8747420040649876,0.8587604701519013,0.9320950085053515,1.0,1.0,1.0,1.0
327768,mscoco,0.15934625118970872,0.3404113578009573,0.0925747962668538,0.299130945420587,0.2,1.0,0.2,1.0
35424,mscoco,0.0756237143650651,0.18511879039032947,0.20471543297171593,0.3003381418774731,0.2,1.0,0.5,1.0
412698,mscoco,0.08747427072376013,0.2472623422193984,0.07385018020868302,0.23523326262496588,0.2,1.0,0.1,1.0
502588,mscoco,0.189992967993021,0.3384693209375557,0.13120562266558408,0.309371615656537,0.5,0.3333333333333333,0.5,1.0
515527,mscoco,0.06967974649742245,0.3872588947878234,0.06371433269232511,0.37778446295493456,0.1,1.0,0.1,1.0
382958,mscoco,0.080053149163723,0.2005227588716654,0.09969165176153183,0.2333893831840911,0.0,0.0666666666666666,0.1,0.5
166975,mscoco,0.07815179843455552,0.17423554136495423,0.08941494561731815,0.247628400332929,0.1,0.5,0.1,0.125
397640,mscoco,0.24034430235624313,0.4834853719912658,0.3109069526195526,0.4911305650670016,0.1,0.25,0.1,0.1666666666666666
462880,mscoco,0.029503721557557584,0.10980520784440967,0.021455280669033527,0.10085804588672408,0.1,1.0,0.1,1.0
104808,mscoco,0.059116026014089586,0.15988233415525108,0.03860391769558191,0.13246332977035835,0.1,0.25,0.0,0.05
30235,mscoco,0.21326075885444878,0.33665895842794236,0.3151235543191433,0.5175956776258316,0.3,0.25,0.7,0.5
513219,mscoco,0.02435681242495775,0.07264793560511142,0.02966010649688542,0.1320078644101341,0.1,0.25,0.2,1.0
63,drawbench,0.005570854782126844,0.025814104770764724,0.006494827766437084,0.02681077524582975,0.0,0.0,0.0,0.0
245771,mscoco,0.06934131029993296,0.2317097603768087,0.0744607524946332,0.19481749216681365,0.4,0.5,0.4,1.0
1375,mscoco,0.20585081204771996,0.3447766943572545,0.3802799046039581,0.639569908110579,0.4,0.5,0.3,0.1666666666666666
167479,mscoco,0.06441840585321187,0.15531014798112594,0.09196871742606164,0.21925185133207972,0.0,0.0232558139534883,0.3,1.0
124874,mscoco,0.04502575686201453,0.16654639790440123,0.042201372981071475,0.10740797315423532,0.1,0.3333333333333333,0.0,0.0056497175141242
506901,mscoco,0.03954490041360259,0.12435005534627215,0.04226325382478535,0.1550779065457828,0.3,0.2,0.5,1.0
519754,mscoco,0.10826191566884517,0.5504516365384539,0.10280428221449256,0.5665790070513204,0.1,1.0,0.1,1.0
336457,mscoco,0.06884577367454767,0.26516250726023577,0.14680552259087562,0.257299969410167,0.0,0.0526315789473684,0.4,0.25
290974,mscoco,0.007734874112065882,0.02857050525940688,0.011036468320526183,0.044476327386771854,0.1,1.0,0.1,0.3333333333333333
18918,mscoco,0.31192324310541153,0.5662197123168983,0.2941811293363571,0.4610017645830544,1.0,1.0,0.7,0.3333333333333333
153140,mscoco,0.2526387877762318,0.36387780320328955,0.35478130728006363,0.6094331809329743,0.0,0.0769230769230769,0.3,1.0
83481,mscoco,0.012342672445811331,0.06888322269757223,0.02326739268610254,0.05408079215741696,0.2,0.5,0.2,1.0
204473,mscoco,0.05175481159240007,0.14612442370655906,0.03374500328209251,0.09029455915406862,0.0,0.0526315789473684,0.0,0.0476190476190476
419074,mscoco,0.1295432187616825,0.30181677028721277,0.24959006309509277,0.4644009400396537,0.0,0.0357142857142857,0.1,0.125
261235,mscoco,0.029741041315719485,0.09348405005734535,0.06685004457831382,0.25386841811064415,0.0,0.0909090909090909,0.1,1.0
338971,mscoco,0.03023496475070715,0.1027454336104143,0.04778134971857071,0.14858202713716617,0.1,0.1,0.1,0.3333333333333333
223183,mscoco,0.3889310784637928,0.5461253734001743,0.47240555807948115,0.8211149685887399,0.9,1.0,0.7,1.0
450711,mscoco,0.06865352848544717,0.20616161405383793,0.054223541542887686,0.2751685324465294,0.1,0.5,0.1,1.0
490187,mscoco,0.17938069850206376,0.4414245731605895,0.18670896701514722,0.43405231088308194,0.1,0.5,0.1,0.3333333333333333
564602,mscoco,0.0930569726973772,0.22487028119180838,0.1574568472802639,0.36441855543081514,0.0,0.0188679245283018,0.4,0.5
452201,mscoco,0.1396483637392521,0.33764621944079337,0.11255830936133862,0.26198532818789555,0.0,0.05,0.2,1.0
443334,mscoco,0.17385429926216603,0.2829915520852196,0.2469874456524849,0.44382569290770907,0.3,0.2,0.3,1.0
18075,mscoco,0.285627206414938,0.6470835657943033,0.5084107905626297,0.5682220522644453,0.4,0.3333333333333333,1.0,1.0
50,drawbench,0.06593765337020159,0.1671605475953099,0.07652877196669579,0.177107559693753,0.0,0.0,0.0,0.0
86,drawbench,0.07799323722720146,0.21574745739828896,0.09538494413718582,0.3064849753699683,0.1,0.125,0.0,0.0555555555555555
171808,mscoco,0.11834103465080262,0.30116558635550855,0.15896959602832794,0.3435469010810349,0.2,0.1428571428571428,0.5,1.0
572487,mscoco,0.029524946957826613,0.10870673432760827,0.04952163035050035,0.1348852720367946,0.0,0.037037037037037,0.2,0.1666666666666666
566765,mscoco,0.07705439943820239,0.23336049334937722,0.07593458816409111,0.20952407535543885,0.1,1.0,0.2,0.5
163514,mscoco,0.10878828298300505,0.3419575800627832,0.0955041591078043,0.32255877707341374,0.1,1.0,0.1,1.0
311128,mscoco,0.2556202434003353,0.47298064789834116,0.2706822775304317,0.6374851121598408,1.0,1.0,0.9,1.0
520858,mscoco,0.17530485205352306,0.3350541011033189,0.3825136825442314,0.6196810370351461,0.0,0.0833333333333333,0.5,0.3333333333333333
271051,mscoco,0.015864897053688765,0.0645661071770873,0.020611055521294476,0.05930214593838464,0.1,0.5,0.1,1.0
532933,mscoco,0.08500041216611862,0.20961321901472596,0.06900608111172915,0.21129707212208854,0.0,0.0434782608695652,0.1,1.0
475974,mscoco,0.13685952499508858,0.3545992535530221,0.22903024703264235,0.4931485231975611,0.1,0.3333333333333333,0.0,0.0217391304347826
206731,mscoco,0.05629850709810853,0.21635024799932565,0.051236933562904596,0.1737863243062504,0.1,0.5,0.1,0.3333333333333333
450212,mscoco,0.18692608550190926,0.37966548859098603,0.14537998363375665,0.3405185826353969,0.1,1.0,0.1,0.3333333333333333
188478,mscoco,0.1875490505248308,0.29933015820484193,0.20406851433217527,0.3450482713671973,0.4,1.0,0.2,1.0
463944,mscoco,0.02479479890316725,0.06453853825455852,0.01993593657389283,0.06539874957536757,0.1,0.1,0.0,0.0294117647058823
521657,mscoco,0.25979838222265245,0.4272155262241662,0.23207420371472837,0.5038786254655988,0.2,1.0,0.1,1.0
310511,mscoco,0.03606458213180304,0.11061106646121845,0.0802121676504612,0.2925016235828174,0.1,0.3333333333333333,0.1,1.0
24859,mscoco,0.09362019272521138,0.1980611715817126,0.23362486362457274,0.37926788100681813,0.1,0.1,0.2,1.0
402662,mscoco,0.14818740002810954,0.38576543324353096,0.1642910845577717,0.3934568039388371,0.2,0.25,0.4,1.0
109791,mscoco,0.15310835354030133,0.33441049325508504,0.2141232542693615,0.4921480997794231,0.2,0.3333333333333333,0.3,1.0
62,drawbench,0.10352286696434021,0.3166796133039707,0.11347904438152909,0.3358146770293837,0.0,0.0025839793281653,0.0,0.0023809523809523
298190,mscoco,0.04972476935945451,0.1492687519309966,0.07568680811673403,0.20267322306461918,0.1,0.125,0.3,1.0
86065,mscoco,0.40599240697920325,0.6693689576115496,0.6012829095125198,0.7358781138026756,0.4,0.5,0.4,0.25
127726,mscoco,0.044550651172176006,0.24034551030034712,0.03514175713062286,0.21641025408600134,0.2,1.0,0.1,1.0
572825,mscoco,0.0906529238447547,0.2612428557698162,0.16217144392430782,0.3089953507109682,0.4,0.5,0.7,1.0
246009,mscoco,0.24172466360032557,0.5252988641071881,0.20760319679975509,0.39335973722502643,0.5,1.0,0.7,1.0
517906,mscoco,0.041401410242542624,0.1252694959572094,0.034116331674158576,0.09792170007178626,0.0,0.0909090909090909,0.1,0.1666666666666666
265256,mscoco,0.06554322559386491,0.23242500936526914,0.07079407311975956,0.15138872993779673,0.0,0.0833333333333333,0.2,1.0
373038,mscoco,0.030936774984002113,0.09833687888591022,0.02505958192050457,0.11404857325143475,0.0,0.0909090909090909,0.1,1.0
53720,mscoco,0.1820892460644245,0.268225476677486,0.1792278304696083,0.29699435162449356,0.4,0.5,0.8,0.3333333333333333
514116,mscoco,0.04934385037049651,0.1381294528754879,0.060833188518881795,0.2274198802201226,0.0,0.0625,0.3,0.5
395396,mscoco,0.4161381285637617,0.8631504545526258,0.4682764157652855,0.7202486557254678,0.5,1.0,0.8,1.0
118851,mscoco,0.18703172812238336,0.4010083548107386,0.2586471688002348,0.46095252207564547,0.4,1.0,0.6,1.0
198625,mscoco,0.5381864607334137,0.7241829763792841,0.5782429128885269,0.8329529466431213,0.0,0.0333333333333333,0.2,0.2
53,drawbench,0.06748079117387533,0.14910614231315816,0.07314391285181046,0.16355745855398057,0.0,0.0,0.0,0.0
99,drawbench,0.006250503985211253,0.02487937919814079,0.003215275518596172,0.011908861054679133,0.0,0.0,0.0,0.0
132656,mscoco,0.5048315912485123,0.6510895456771955,0.3674647450447083,0.5298034435898035,0.2,0.3333333333333333,0.2,0.5
213276,mscoco,0.020953915640711786,0.06104527265221882,0.013658025884069502,0.04910421765203961,0.1,1.0,0.1,1.0
123974,mscoco,0.09604447931051255,0.2560480728155501,0.17369501255452632,0.2611244652509989,0.5,1.0,0.6,0.5
131,drawbench,0.07110748309642076,0.32796235394872686,0.1323233101516962,0.4062779275220348,0.0,0.0,0.0,0.0
435096,mscoco,0.022973154531791808,0.12629570217779046,0.03174618585035205,0.13602928290837918,0.1,1.0,0.1,1.0
509764,mscoco,0.02715492229908705,0.11263495797163658,0.06494563488522545,0.14179459706409825,0.1,0.5,0.0,0.0454545454545454
204273,mscoco,0.21453797742724418,0.350917984580684,0.17811788469552994,0.33564578177115273,0.1,0.2,0.1,0.125
299768,mscoco,0.19478745087981225,0.49085047158137,0.3363495498895645,0.497039880750224,0.0,0.003012048192771,0.3,0.25
135369,mscoco,0.4268494173884392,0.7822986045945467,0.3411979153752327,0.7299665185979272,0.8,1.0,0.6,1.0
508053,mscoco,0.137478618696332,0.3345233704843368,0.3177195906639099,0.5656104512721777,0.1,0.2,0.2,0.5
475413,mscoco,0.02894530463963747,0.13462749022438958,0.1395183932967484,0.3187314815692776,0.0,0.0434782608695652,0.0,0.027027027027027
44328,mscoco,0.03427616283297539,0.1152778574555108,0.03060628054663539,0.10179940370783583,0.1,1.0,0.1,0.3333333333333333
127743,mscoco,0.13087177872657776,0.35900770077207517,0.10945176314562559,0.2864103236825712,0.2,1.0,0.2,1.0
316842,mscoco,0.1781871411949396,0.35303041583203026,0.14884956572204827,0.32583304107943295,0.0,0.0769230769230769,0.2,0.5
131075,mscoco,0.04288161729928106,0.1400294691973925,0.03654468413442373,0.11784159466143602,0.0,0.0059171597633136,0.2,1.0
323812,mscoco,0.08956370092928409,0.23378877621511485,0.07654050849378109,0.23730652339191893,0.4,1.0,0.6,1.0
354212,mscoco,0.2404610265046358,0.3199864478430516,0.3317771144211292,0.7827845599102424,0.3,1.0,0.7,1.0
33645,mscoco,0.05982210519723594,0.15701832635650295,0.06444111727178096,0.16707154491488066,0.1,0.5,0.1,0.25
285529,mscoco,0.27930834144353867,0.5379918722737875,0.2743156522512436,0.534132398676548,0.6,0.5,0.7,1.0
52669,mscoco,0.1127646580338478,0.28945604950670945,0.16094930097460747,0.31035009314585466,0.0,0.0416666666666666,0.2,0.5
47328,mscoco,0.2666186109185219,0.5599779654788064,0.2560707271099091,0.5793050182790196,0.4,0.5,0.3,0.3333333333333333
256513,mscoco,0.040548674389719964,0.13252031120792415,0.13268882483243943,0.34188995862684646,0.0,0.0833333333333333,0.3,0.5
561196,mscoco,0.013160568347666412,0.05709909917313074,0.009526481409557164,0.04393271196471642,0.1,1.0,0.1,1.0
411261,mscoco,0.10884889326989651,0.3518470131762431,0.15569638311862946,0.37548872419658774,0.1,1.0,0.1,1.0
578056,mscoco,0.011480449675582349,0.04596220496274071,0.014496617671102285,0.04753814239828491,0.1,0.3333333333333333,0.1,1.0
110926,mscoco,0.2216806508600712,0.3761978261014112,0.3721616864204407,0.612687229398885,0.0,0.0204081632653061,0.1,1.0
290175,mscoco,0.14419221952557565,0.2559844163843608,0.19522073157131672,0.468989741178312,0.4,0.2,0.6,1.0
295589,mscoco,0.13166477307677268,0.27914698731909793,0.1686374679207802,0.42214636636699066,0.0,0.0028735632183908,0.0,0.0025316455696202
442478,mscoco,0.0634967328980565,0.16847497710501289,0.1263550367206335,0.25254718611668364,0.0,0.0108695652173913,0.0,0.0153846153846153
267598,mscoco,0.2888987839221954,0.5720538700937117,0.3230062648653984,0.5661921665229367,0.3,1.0,0.4,1.0
386424,mscoco,0.08629681151360273,0.17445947196722403,0.05797109669074416,0.14685024049837223,0.2,0.3333333333333333,0.1,0.1666666666666666
10727,mscoco,0.11975066550076008,0.2654423604370459,0.18593434989452362,0.6293867267486842,0.0,0.0454545454545454,0.1,0.1
7452,mscoco,0.25424683541059495,0.3548614151687655,0.37133686393499377,0.4959743343684026,0.2,0.1666666666666666,0.5,0.5
322560,mscoco,0.05608734106644988,0.18880557961593022,0.05724696256220341,0.16913882061713348,0.3,0.25,0.4,1.0
185849,mscoco,0.034370513586327436,0.08400223139588009,0.05721993185579777,0.19902993524395618,0.1,0.1666666666666666,0.0,0.0067567567567567
459827,mscoco,0.03569235960021615,0.1138267199796981,0.06464067064225673,0.2656629654602798,0.0,0.0769230769230769,0.3,0.5
415840,mscoco,0.07189094964414836,0.1916719157514718,0.058446512743830684,0.15212157144908878,0.0,0.0303030303030303,0.0,0.0057471264367816
206274,mscoco,0.10352202113717794,0.34101189177249364,0.09888220578432083,0.35540902560662413,0.1,1.0,0.2,1.0
239888,mscoco,0.16712906807661057,0.38238119403898474,0.22956795766949653,0.41467604051758183,0.1,0.3333333333333333,0.6,0.5
120,drawbench,0.07806011959910393,0.20102582435549968,0.05926881916821003,0.18100460551663516,0.0,0.0,0.0,0.0
309169,mscoco,0.09004127578809858,0.2054735363368869,0.23046375140547753,0.41593567331034886,0.0,0.04,0.2,0.5
112996,mscoco,0.122320856153965,0.4950733115212548,0.1307809691876173,0.49421916809206945,0.1,1.0,0.1,1.0
459343,mscoco,0.17469396851956845,0.42215570013410797,0.19863297939300537,0.5079874981771048,0.4,1.0,0.7,1.0
471488,mscoco,0.12508618086576462,0.22949976228576108,0.10182682871818542,0.22643993917101748,0.0,0.0024213075060532,0.0,0.025
252919,mscoco,0.2888003379106522,0.3829628504267858,0.3024560049176216,0.5241343815299894,0.3,1.0,0.4,0.5
7945,mscoco,0.06307938676327467,0.17421874615995453,0.07070691995322705,0.29827374020902786,0.0,0.0625,0.1,1.0
162215,mscoco,0.24278539717197417,0.5424744064761009,0.2433845430612564,0.41928484293189755,0.4,0.5,0.6,1.0
193889,mscoco,0.03219913765788078,0.1049287627696372,0.11390722692012786,0.30592208499099827,0.0,0.0070422535211267,0.1,1.0
46,drawbench,0.05549964695237577,0.167740664097423,0.07394901551306247,0.18010504133015706,0.0,0.0,0.0,0.0
30,drawbench,0.05334506202489138,0.17565415401751622,0.03397165411151946,0.10990667112613815,0.0,0.0,0.0,0.0
386864,mscoco,0.01942075681872666,0.0776124918758705,0.015905244601890446,0.059721411141760716,0.1,0.25,0.2,0.25
232287,mscoco,0.02328236890025437,0.07419258091843015,0.029595030285418034,0.09718363610273195,0.0,0.0204081632653061,0.1,0.5
241027,mscoco,0.3007886350154877,0.6274162673503386,0.2204840738326311,0.33490803353794657,0.6,0.3333333333333333,0.3,0.1666666666666666
213795,mscoco,0.08395410533994437,0.26856406662066457,0.13006821908056737,0.2242850571314734,0.1,0.25,0.2,0.25
12059,mscoco,0.06011842843145132,0.2216413543467896,0.0462819043896161,0.23796361716878978,0.1,1.0,0.1,1.0
162753,mscoco,0.18818794135004283,0.588758777599592,0.12466711327433586,0.2527756397728194,0.2,1.0,0.0,0.0555555555555555
425458,mscoco,0.032967731822282076,0.14754283405490007,0.06096424022689462,0.17928786352865975,0.2,0.5,0.4,0.3333333333333333
368956,mscoco,0.16875476129353045,0.24873010310658444,0.12942586466670036,0.3082899360398218,0.1,0.1,0.0,0.0526315789473684
496410,mscoco,0.07404723763465881,0.20774019378714334,0.06589763076044619,0.22565685361308963,0.1,0.1111111111111111,0.2,0.5
532612,mscoco,0.13089921213686467,0.2898584036059611,0.09151754379272461,0.23039867274347664,0.1,1.0,0.0,0.0625
230837,mscoco,0.24159251451492308,0.409858496147897,0.2955061629414558,0.4688420322381924,0.0,0.0196078431372549,0.0,0.0769230769230769
460882,mscoco,0.28416047245264053,0.5871126250129212,0.2960266783833504,0.4399795916600731,0.4,0.5,0.3,0.5
485852,mscoco,0.02847979627549648,0.09853066983117505,0.08059775959700347,0.15714918218946544,0.1,0.3333333333333333,0.0,0.0416666666666666
72342,mscoco,0.1927819862961769,0.2822152188436718,0.18427640199661255,0.37462359756709523,0.2,1.0,0.1,0.2
81017,mscoco,0.13050687909126282,0.2415824389354225,0.17265109568834305,0.29403365941372694,0.0,0.0909090909090909,0.1,0.125
401828,mscoco,0.04096263321116567,0.10723054185113336,0.053734098467975853,0.1886232598520157,0.2,0.1666666666666666,0.2,1.0
554138,mscoco,0.1281454898416996,0.2591927122764294,0.2805468782782555,0.5508082130050399,0.0,0.0666666666666666,0.1,0.1111111111111111
321742,mscoco,0.2509549427777529,0.32469109984879685,0.20051475912332534,0.40350939636300226,0.4,1.0,0.7,1.0
574384,mscoco,0.18620750680565834,0.3110822887939191,0.16647120714187622,0.3788523027233269,0.0,0.002020202020202,0.0,0.0014306151645207
446557,mscoco,0.11906611099839211,0.34164426739952386,0.1112872090190649,0.2762952067849047,0.1,0.1428571428571428,0.0,0.05
253498,mscoco,0.1057978181168437,0.20393153246563345,0.21225131601095198,0.680634539389556,0.1,0.3333333333333333,0.4,0.25
448251,mscoco,0.09649127386510373,0.24498451877821772,0.086889105476439,0.2323040233406484,0.1,0.5,0.0,0.0188679245283018
116622,mscoco,0.5191588282585144,0.6702117485335461,0.5168768376111984,0.7866729990186385,0.3,1.0,0.3,0.3333333333333333
486899,mscoco,0.16431695893406867,0.2556213306593463,0.11549800634384155,0.2778097486668706,0.2,1.0,0.0,0.0178571428571428
59295,mscoco,0.16860891580581666,0.45108651111088904,0.20115559566766023,0.4979388136427451,0.1,1.0,0.1,0.2
289012,mscoco,0.07748527098447085,0.19212717872913712,0.06044749729335308,0.20260643197492295,0.1,0.2,0.1,1.0
435902,mscoco,0.25938780605793,0.40844103576532964,0.3296987399458885,0.46996219962615915,0.2,0.25,0.6,1.0
480518,mscoco,0.1747981609776616,0.4279704159254138,0.1608048465102911,0.5719302803002302,0.5,0.5,0.4,1.0
39272,mscoco,0.1259660694748163,0.3889411856652377,0.12685063797980548,0.437598220430389,0.1,0.5,0.1,1.0
558579,mscoco,0.08228628803044558,0.339033888166641,0.07574882674962283,0.16073164112897573,0.2,1.0,0.2,0.2
143348,mscoco,0.1783652901649475,0.32101911389397886,0.20541935041546822,0.3858400985017764,0.1,1.0,0.4,0.2
16961,mscoco,0.06738484222441912,0.21192623224892693,0.07890650872141122,0.22377258811478212,0.1,0.5,0.1,0.1428571428571428
489939,mscoco,0.035050584096461536,0.12244979856538443,0.08002620860934258,0.2505816245599553,0.0,0.0116279069767441,0.1,0.3333333333333333
185281,mscoco,0.17251617824658752,0.6443319431817649,0.22064414266496896,0.634276612236674,0.2,1.0,0.2,1.0
500622,mscoco,0.023044075083453207,0.08575705389899864,0.022053762129507958,0.07203204155393314,0.1,1.0,0.1,0.5
220772,mscoco,0.14454748742282392,0.32901023214458774,0.09826604574918747,0.25371051644934706,0.0,0.0060240963855421,0.0,0.0068965517241379
550400,mscoco,0.12734063975512983,0.3527509140673236,0.13128043608739973,0.3613915411967487,0.2,1.0,0.2,1.0
378906,mscoco,0.10748553164303302,0.19510562053852085,0.0709214004687965,0.2460522934671061,0.0,0.0769230769230769,0.1,1.0
542111,mscoco,0.156716887652874,0.36752338483072083,0.29697221517562866,0.46001911188000866,0.1,0.1,0.0,0.0666666666666666
3217,mscoco,0.306762807816267,0.683160727589372,0.39801150411367414,0.5744541111627692,0.4,1.0,0.4,0.5
96625,mscoco,0.03318174807354808,0.1165222914129623,0.06947582168504596,0.16865785769956998,0.1,0.5,0.4,1.0
60328,mscoco,0.20076972544193267,0.3768669423213533,0.2971087396144867,0.481983791412297,0.1,0.1666666666666666,0.3,0.1666666666666666
402287,mscoco,0.1475094512104988,0.3889851547685111,0.13730733171105386,0.34556269461107875,0.3,1.0,0.4,0.25
517909,mscoco,0.12162629999220372,0.29667505127692295,0.12085205651819705,0.4174257065629816,0.1,0.5,0.0,0.0285714285714285
113233,mscoco,0.05909585254266858,0.14057671847661113,0.11809662953019143,0.2339600689211081,0.0,0.0072463768115942,0.1,1.0
77181,mscoco,0.06090375958010554,0.17268782873692756,0.07118201800622045,0.18962226061977583,0.1,0.5,0.0,0.0024752475247524
371243,mscoco,0.24570196121931076,0.479794978563084,0.43471379280090333,0.7054167905913382,0.0,0.0666666666666666,0.8,1.0
146656,mscoco,0.09325019866228104,0.23288556551371747,0.08023396600037813,0.173894358286764,0.1,0.2,0.0,0.0666666666666666
430688,mscoco,0.01815448426641524,0.056382080473466836,0.01686587542062625,0.07384314831703712,0.1,0.25,0.1,1.0
143449,mscoco,0.13634317591786385,0.3235404651387301,0.14870569705963135,0.4089206219296704,0.5,1.0,0.3,1.0
57433,mscoco,0.16562519408762455,0.2701788838132046,0.2469562627375126,0.49513800095565685,0.1,0.2,0.0,0.0769230769230769
298736,mscoco,0.09996270500123501,0.23678802016407663,0.1907809220254421,0.54770485700405,0.1,1.0,0.4,1.0
406550,mscoco,0.2702177032828331,0.454801555492358,0.1937039215117693,0.3291951305680186,0.1,0.1428571428571428,0.0,0.037037037037037
561903,mscoco,0.05866311118006706,0.2532387456164766,0.04452441520988941,0.14489803671203255,0.0,0.0476190476190476,0.1,1.0
227699,mscoco,0.3168362364172935,0.6723725891026872,0.29865542277693746,0.5611943354628613,0.4,1.0,0.4,0.5
59821,mscoco,0.05341967828571796,0.1597518627294511,0.07028434798121452,0.1913453618098414,0.0,0.0083333333333333,0.0,0.04
265612,mscoco,0.05483904331922531,0.2260678341052857,0.04787558272946626,0.21931344059119112,0.3,1.0,0.2,1.0
24591,mscoco,0.05587929561734199,0.15841313810059576,0.12290645502507687,0.3421036125441052,0.0,0.0714285714285714,0.3,0.5
71,drawbench,0.08257424216717482,0.2870314613392052,0.05902384929358959,0.17900480575698505,0.0,0.000432525951557,0.0,0.0008771929824561
35,drawbench,0.29733221381902697,0.5766931475123288,0.36155787482857704,0.5485296238018273,0.0,0.0454545454545454,0.0,0.0133333333333333
317833,mscoco,0.060496145486831666,0.1350527403745597,0.0963948950637132,0.23685392849575357,0.1,0.25,0.0,0.0454545454545454
544583,mscoco,0.16170287132263184,0.2820591880996381,0.4473829925060272,0.6227115697339319,0.0,0.0666666666666666,0.7,0.5
514544,mscoco,0.07833029590547085,0.21838124172798368,0.08966029658913613,0.2557824488228343,0.5,1.0,0.4,1.0
160199,mscoco,0.08727449737489223,0.22922072374515964,0.1289611801505089,0.34235940931228165,0.1,0.125,0.3,0.5
156445,mscoco,0.1992079872637987,0.6284656525266873,0.2982532888650894,0.47643565784703545,0.2,1.0,0.4,1.0
46686,mscoco,0.09681884991005063,0.34277287087139874,0.06953038456849754,0.1740422162597916,0.2,1.0,0.2,0.3333333333333333
563457,mscoco,0.1216797262430191,0.3539648654813337,0.12433480517938733,0.30299670755938063,0.2,0.5,0.2,1.0
520848,mscoco,0.12521855235099794,0.2781050959735616,0.16544003263115883,0.38215496953675704,0.4,1.0,0.5,0.25
433992,mscoco,0.06507092583924531,0.14696281917190795,0.08539472334086895,0.2316533029242082,0.0,0.0031746031746031,0.1,0.1666666666666666
415464,mscoco,0.16139085069298745,0.3280096112418384,0.07416157815605402,0.2678518798260257,0.0,0.0136986301369863,0.0,0.0045871559633027
62543,mscoco,0.16046357601881028,0.2575058273495463,0.23280916213989258,0.43095492791347856,0.3,0.2,0.7,0.5
123175,mscoco,0.2743041940033436,0.5981139311522636,0.340396860986948,0.5741239065115947,0.4,1.0,0.3,1.0
65383,mscoco,0.286350180208683,0.5723662318397504,0.5052158385515213,0.6169809545231956,0.3,0.5,1.0,1.0
544001,mscoco,0.11972779519855976,0.2587896282432994,0.1489103466272354,0.3013992077223393,0.4,1.0,0.2,0.1428571428571428
41104,mscoco,0.2659976460039616,0.6254481671931894,0.22649443075060843,0.5814959455603343,0.5,1.0,0.5,1.0
355193,mscoco,0.718844074010849,0.8169576508579902,0.7555474281311035,0.8823161384686301,1.0,1.0,1.0,1.0
500940,mscoco,0.01347218556329608,0.06205410591669312,0.03290359415113926,0.11212347075654341,0.1,1.0,0.1,0.5
429142,mscoco,0.03394309366121888,0.10159724142161643,0.04204189376905561,0.17449260161635977,0.0,0.01,0.1,1.0
125252,mscoco,0.05078662820160389,0.16114710876198637,0.059670106321573255,0.1727701169474419,0.2,0.5,0.2,0.5
14683,mscoco,0.1712949700653553,0.3280379567116754,0.21769948303699493,0.37987016577846067,0.2,1.0,0.3,1.0
109,drawbench,0.0378008802421391,0.0880774287364914,0.049799179378896954,0.19005615812528664,0.1,0.1428571428571428,0.0,0.0135135135135135
391662,mscoco,0.04200449855998158,0.12266942012910953,0.06024162285029888,0.17746776759087132,0.1,0.25,0.4,0.5
409131,mscoco,0.12831286508589984,0.29997661519343893,0.24509226754307747,0.44536174360599035,0.2,0.5,0.4,1.0
478880,mscoco,0.2038689710199833,0.40295563688453195,0.24058642871677877,0.4999240877413325,0.0,0.05,0.2,0.5
230972,mscoco,0.07389255762100219,0.26573599000819303,0.11567135564982892,0.27156838771875896,0.1,1.0,0.1,0.3333333333333333
233093,mscoco,0.014789346233010292,0.054385258603874664,0.016313944500871,0.060596311392911786,0.0,0.0064102564102564,0.0,0.0023364485981308
143,drawbench,0.0028791148855816574,0.009135830593932602,0.0012212928646476938,0.007314036101677242,0.0,0.0,0.0,0.0
59918,mscoco,0.3285257093608379,0.6707600059452956,0.4808527261018753,0.6910115269519759,0.2,1.0,0.7,1.0
575958,mscoco,0.09681721962988377,0.2532795801996452,0.11482338644564152,0.3138595965914383,0.0,0.0101010101010101,0.1,0.5
381160,mscoco,0.6890512526035308,0.7592160540547154,0.3541030779480934,0.5975130149011962,0.0,0.0714285714285714,0.1,0.5
229067,mscoco,0.2097190499305725,0.2926665077371286,0.3479049488902092,0.49596917040110416,0.6,0.3333333333333333,0.6,1.0
412780,mscoco,0.07619827501475811,0.28659956037493495,0.2579644717276096,0.30478014002343445,0.0,0.0476190476190476,0.2,0.1428571428571428
515655,mscoco,0.08556178025901318,0.17761209873436729,0.06294290907680988,0.17160682459327958,0.0,0.0526315789473684,0.1,0.25
385037,mscoco,0.24364695101976394,0.5752363817406511,0.28243363499641416,0.5346618603375515,0.6,1.0,0.6,0.5
30281,mscoco,0.28108443766832353,0.6257778092570802,0.3548369690775871,0.4793168988471582,0.4,0.3333333333333333,0.5,0.3333333333333333
85472,mscoco,0.3436670109629631,0.541978242606085,0.3817541092634201,0.7262030722583066,0.8,1.0,0.9,1.0
262146,mscoco,0.17168847359716893,0.33309956165128596,0.3716920539736748,0.600416305005955,0.0,0.0833333333333333,0.5,1.0
85155,mscoco,0.3814331699162722,0.7081457484070481,0.3445384126156569,0.6376777109534156,0.4,1.0,0.3,0.5
406250,mscoco,0.38704807609319686,0.7364379184758892,0.4415521189570427,0.7930538653453446,0.3,1.0,0.5,0.5
172143,mscoco,0.027947163837961853,0.07227775920499925,0.03930217889137566,0.1442254380672057,0.0,0.0625,0.1,0.5
455667,mscoco,0.36952666789293287,0.5749189791481859,0.4409489005804062,0.6315274679283788,0.3,0.2,0.6,1.0
169006,mscoco,0.14228460099548101,0.2346870985453149,0.16806421652436257,0.42108427353542366,0.2,0.5,0.4,0.5
173109,mscoco,0.04797696012537926,0.19344440888141878,0.05949885919690132,0.20195889136997086,0.1,1.0,0.2,1.0
192322,mscoco,0.1956668056547642,0.41291788582652184,0.22426117546856403,0.42008923280974636,0.9,1.0,0.8,1.0
222266,mscoco,0.14967441260814668,0.46716175880359695,0.11176188737154007,0.38455008707088434,0.3,1.0,0.3,1.0
325806,mscoco,0.24060400128364562,0.44040215886833445,0.34821230843663215,0.6958941778532869,0.2,1.0,0.5,0.3333333333333333
449537,mscoco,0.1829639919102192,0.5545988845728415,0.2099107623100281,0.41911435026756516,0.0,0.00625,0.0,0.0555555555555555
145284,mscoco,0.11572347022593021,0.27876621062761664,0.10906993392854929,0.30404689870952284,0.1,0.5,0.0,0.0909090909090909
465058,mscoco,0.3562763601541519,0.5583277240464604,0.5248546540737152,0.720304645134703,0.3,0.5,0.9,1.0
165893,mscoco,0.023606562009081244,0.08622171251829923,0.03649087809026241,0.11391946577849137,0.1,1.0,0.1,1.0
537157,mscoco,0.19845905862748622,0.3032451251607502,0.17997488938272,0.6014751444172312,0.0,0.0909090909090909,0.1,1.0
426323,mscoco,0.04578994396142662,0.2337426602674699,0.0630692851729691,0.2410861033010756,0.1,1.0,0.1,1.0
92280,mscoco,0.19596829116344452,0.46501007594299165,0.15825371891260148,0.4661396541508279,0.2,1.0,0.4,1.0
319118,mscoco,0.13782176785171033,0.47946093738898443,0.15803361125290394,0.29173827160919275,0.3,1.0,0.5,0.5
234713,mscoco,0.30556646063923837,0.5426771672440796,0.3091316968202591,0.49382022633059297,0.9,1.0,1.0,1.0
379165,mscoco,0.25662668496370317,0.4397948350593841,0.22682466581463814,0.5926434772849711,0.1,0.125,0.3,1.0
26551,mscoco,0.1039424106478691,0.2153196191158741,0.13242599591612816,0.374385369450805,0.0,0.0303030303030303,0.3,1.0
280242,mscoco,0.07831407077610493,0.1663517855088338,0.14346680268645287,0.2750348353622617,0.2,0.2,0.1,0.1111111111111111
260307,mscoco,0.031478507444262505,0.15705390741809777,0.06027643065899611,0.11836572020658945,0.0,0.0070422535211267,0.0,0.0526315789473684
433168,mscoco,0.328662583976984,0.6028203200098683,0.29691308215260503,0.5937925669222981,0.3,1.0,0.3,1.0
319043,mscoco,0.1121720340102911,0.21894632858586976,0.14452839661389588,0.2502377419320812,0.1,0.25,0.3,0.25
381994,mscoco,0.055244529712945224,0.29881766759945116,0.08184984549880028,0.14636223313307206,0.0,0.0151515151515151,0.1,0.25
206044,mscoco,0.14462486207485198,0.3483880532172913,0.1268157072365284,0.3107016589755901,0.1,1.0,0.1,1.0
211312,mscoco,0.050954480282962324,0.14461678356692267,0.08733746856451034,0.19616507856738566,0.0,0.0188679245283018,0.1,1.0
42196,mscoco,0.13457297757267953,0.26219900475579716,0.18466436341404915,0.3531543534678203,0.0,0.0833333333333333,0.6,1.0
497096,mscoco,0.08185419365763665,0.2320999323770996,0.24202343821525574,0.43695265276905676,0.1,0.1666666666666666,0.4,0.2
81,mscoco,0.5006078213453293,0.7666769283622192,0.4986212603747845,0.7342838538372037,0.0,0.0119047619047619,0.0,0.0256410256410256
486123,mscoco,0.08724058698862791,0.26203970313371,0.0757213868200779,0.17147679342490235,0.0,0.0476190476190476,0.1,0.125
322,mscoco,0.039926237799227236,0.1039231154005131,0.06252094251103699,0.2183945930092957,0.1,0.1666666666666666,0.1,0.125
493294,mscoco,0.18571179658174514,0.405941800394398,0.17624757960438728,0.34709020685921943,0.0,0.005,0.2,0.1428571428571428
187090,mscoco,0.13317123502492906,0.20389251594063076,0.1797245942056179,0.47864762470166206,0.6,0.25,0.8,1.0
372902,mscoco,0.03450454892590642,0.11643269900736368,0.030319744581356646,0.11025147583020133,0.1,1.0,0.1,1.0
293979,mscoco,0.2294333904981613,0.4447918146349432,0.3619499564170837,0.4036573844129608,0.3,1.0,0.3,0.5
417090,mscoco,0.016826216294430197,0.061303145058088086,0.03856183169409633,0.11550591729390164,0.0,0.0109890109890109,0.1,1.0
422172,mscoco,0.021110730618238448,0.07220320385778936,0.021341608418151737,0.10862877120834957,0.1,0.5,0.1,1.0
280988,mscoco,0.05260267918929458,0.12705962140866298,0.03457361590117216,0.15231659363292413,0.1,0.25,0.1,1.0
227558,mscoco,0.1018560279160738,0.2786498304387169,0.08886519707739353,0.31533590010791224,0.6,0.5,0.9,1.0
348006,mscoco,0.023289053980261088,0.08435437977962397,0.01834996833931655,0.12328205175499132,0.1,0.25,0.1,1.0
166716,mscoco,0.06446108128875494,0.20024380699064287,0.14194583147764206,0.2682200683752694,0.0,0.0625,0.0,0.0138888888888888
124018,mscoco,0.4174214482307434,0.6916885362033321,0.5520997062325478,0.7865046735374305,0.4,1.0,0.7,1.0
373792,mscoco,0.1071195715572685,0.41967276124697567,0.1686742626130581,0.3471988084609543,0.5,1.0,0.7,0.5
334364,mscoco,0.039386506751179697,0.11092937503537931,0.0603920987341553,0.2484305006624288,0.1,0.2,0.1,1.0
196473,mscoco,0.05482181999832392,0.13881336188414267,0.071242605894804,0.17444691569218415,0.7,1.0,0.6,1.0
361866,mscoco,0.16620961893349886,0.21131337353658403,0.11467968765646219,0.34834950604382037,0.1,0.1,0.4,0.5
468932,mscoco,0.06144303195178509,0.1998634562945125,0.06698670629411936,0.252594205525282,0.1,0.1428571428571428,0.1,0.5
447354,mscoco,0.23998434245586395,0.4199736035328401,0.22279541268944741,0.5958986840826439,0.3,1.0,0.2,1.0
85846,mscoco,0.15443476065993308,0.2871644336539264,0.05402161590754986,0.13786128731003938,0.1,1.0,0.0,0.0035971223021582
173631,mscoco,0.15714972279965878,0.32864608692275044,0.12507824338972567,0.3117476158273551,0.1,1.0,0.3,1.0
266805,mscoco,0.08499498870223761,0.18167400499191325,0.1133425299078226,0.29199083376405166,0.0,0.0256410256410256,0.3,1.0
299662,mscoco,0.10888338200747967,0.31431032451215973,0.1099589066579938,0.20314334132110226,0.0,0.0666666666666666,0.0,0.0068027210884353
569520,mscoco,0.04020079514011741,0.13355504649877034,0.07393854325637221,0.16283473368909662,0.1,0.125,0.2,1.0
193,drawbench,0.014723547268658876,0.04708902646943925,0.0063910655153449625,0.020737449807123155,0.0,0.0,0.0,0.0
205356,mscoco,0.05014129420742393,0.1268083672531893,0.11562757827341556,0.28209337679104957,0.0,0.0555555555555555,0.1,0.1666666666666666
119,drawbench,0.04476438220590353,0.1293738270368742,0.034397228388115764,0.10406789273052422,0.0,0.0,0.0,0.0
394814,mscoco,0.08157096840441228,0.1423855033997037,0.0768068315461278,0.1674306025866372,0.0,0.0384615384615384,0.2,0.25
204940,mscoco,0.17644408009946347,0.2700897191917771,0.2713875718414783,0.49066017166170955,0.2,0.3333333333333333,0.3,1.0
167740,mscoco,0.33175954669713975,0.7578573224197823,0.39993881732225417,0.66470872443099,0.0,0.0769230769230769,0.1,0.2
544590,mscoco,0.29451208710670473,0.5239441755931151,0.18479336239397526,0.5631695201299037,0.5,0.5,0.4,1.0
344974,mscoco,0.3262104459106922,0.7479750286103667,0.22204358037561178,0.6095398587780809,0.1,1.0,0.1,0.3333333333333333
440434,mscoco,0.020287163427565248,0.10267775441128914,0.034673228138126434,0.11010198675674916,0.1,1.0,0.1,0.1666666666666666
30752,mscoco,0.13749623503535985,0.3252208734948902,0.15167619958519934,0.305085081828625,0.4,1.0,0.6,1.0
288975,mscoco,0.11031984072178602,0.27440010645618135,0.1583199517801404,0.37847893709059793,0.0,0.0114942528735632,0.1,0.2
45966,mscoco,0.006527707376517355,0.020575695517787523,0.006628797599114477,0.02073873810820075,0.1,1.0,0.0,0.037037037037037
136042,mscoco,0.05403837948106229,0.17352195762432407,0.04060807218775153,0.097401264515792,0.1,0.25,0.1,0.1428571428571428
369514,mscoco,0.3806888222694397,0.6252511359052543,0.38405261635780336,0.5520523291477352,0.1,1.0,0.0,0.0666666666666666
483525,mscoco,0.14329708255827428,0.31266064531476234,0.1962175015360117,0.37825637617018004,0.2,0.1666666666666666,0.3,1.0
280347,mscoco,0.1592834498733282,0.34001929604474607,0.12228550277650356,0.37783271411005237,0.3,1.0,0.5,1.0
411343,mscoco,0.23035488948225974,0.3336641710520088,0.3097080856561661,0.5412807902956547,0.3,0.1428571428571428,0.8,0.5
567803,mscoco,0.7422473520040512,0.8793906185689141,0.7685696214437485,0.8620627796541405,0.2,0.3333333333333333,0.3,1.0
217458,mscoco,0.010239491926040501,0.026074711450691925,0.011675116128753871,0.07371596781103935,0.1,0.1666666666666666,0.1,1.0
166430,mscoco,0.0553020459599793,0.15138415824429013,0.04706513453274965,0.14715086455725365,0.1,0.3333333333333333,0.0,0.0666666666666666
556597,mscoco,0.13490697890520095,0.3185550524489581,0.19378734976053238,0.3280465770304676,0.0,0.0434782608695652,0.3,0.25
365556,mscoco,0.5505215615034104,0.8090647267783238,0.5789882004261017,0.8081540274544182,0.3,1.0,0.3,0.5
20987,mscoco,0.10381798520684242,0.27673480869737516,0.10647534392774105,0.25956606525334613,0.0,0.0263157894736842,0.1,1.0
162031,mscoco,0.022959817200899124,0.09748136861864783,0.020253672543913127,0.08160735823468425,0.2,1.0,0.2,1.0
485955,mscoco,0.003955666511319578,0.020550194429071196,0.006318566959816962,0.026869839774059892,0.1,0.3333333333333333,0.1,1.0
202307,mscoco,0.30028262585401533,0.5083418221917799,0.3369378738105297,0.6760036966051405,0.5,0.5,0.9,1.0
502126,mscoco,0.06554590296000243,0.1835308381971632,0.1094158498570323,0.33859690177545726,0.0,0.0666666666666666,0.1,0.1
10130,mscoco,0.018716076645068823,0.06813199810407769,0.008760545973200352,0.04967787751526049,0.1,1.0,0.1,1.0
33489,mscoco,0.017025674134492873,0.053819942889076794,0.022928854543715717,0.06756199800283857,0.1,0.5,0.1,0.2
167152,mscoco,0.4330940991640091,0.6638877986631774,0.4221875160932541,0.6219138988412781,0.0,0.0294117647058823,0.0,0.0188679245283018
554207,mscoco,0.09438223224133253,0.20351509480567986,0.2785977378487587,0.5228299609900512,0.1,1.0,0.2,0.3333333333333333
162827,mscoco,0.3633720725774765,0.6874083396762891,0.3531393393874168,0.7266531348766954,0.1,1.0,0.3,1.0
329217,mscoco,0.030059410259127617,0.1348960599800288,0.031219211569987238,0.11220218442986286,0.1,1.0,0.1,1.0
187194,mscoco,0.08031345419585705,0.15803541168389265,0.09437849726527929,0.23099278867542788,0.1,0.5,0.2,1.0
374357,mscoco,0.1406117090024054,0.3559801627711554,0.2012700092047453,0.33842452791119837,0.5,1.0,0.9,1.0
240976,mscoco,0.09135746844112873,0.20700599894346697,0.08502131290733814,0.2765976746945364,0.1,0.3333333333333333,0.0,0.0666666666666666
558171,mscoco,0.13931761905550957,0.5957357132028814,0.1898070577532053,0.359897643925804,0.0,0.0068965517241379,0.0,0.0625
126714,mscoco,0.017302835965529083,0.05777106077497647,0.05973801044747233,0.20923154800939628,0.0,0.0006361323155216,0.1,0.2
132652,mscoco,0.2716366223990917,0.6725583646176546,0.4022293359041214,0.5687234945886921,0.7,1.0,0.8,1.0
87272,mscoco,0.05575398718938231,0.34595147048658564,0.09047612324357032,0.39427593166895125,0.1,1.0,0.2,1.0
18973,mscoco,0.10171345993876457,0.23597913261293368,0.10429092310369015,0.258126808511754,0.2,1.0,0.0,0.0833333333333333
214261,mscoco,0.14234968163073064,0.38246673648004104,0.1600630858913064,0.34761296732765296,0.3,1.0,0.3,1.0
44136,mscoco,0.02440691055962816,0.06437437235330068,0.016411319933831693,0.07976071822133715,0.1,0.1,0.0,0.0769230769230769
204020,mscoco,0.0037679359666071832,0.01713905915157429,0.013227130520681385,0.046742618430290685,0.0,0.0088495575221238,0.1,0.3333333333333333
226848,mscoco,0.2643400013446808,0.43009626265307765,0.20348650515079497,0.45672716389365875,0.3,0.1666666666666666,0.7,1.0
303570,mscoco,0.19258406087756158,0.2994731091998832,0.15958030708134174,0.2828433167193492,0.1,0.1111111111111111,0.0,0.0909090909090909
399983,mscoco,0.12949624173343183,0.21715893312238313,0.27711918130517005,0.680402828601746,0.1,0.125,0.3,1.0
168843,mscoco,0.08991447482258082,0.2818186773757745,0.12381453681737184,0.30119087218131446,0.2,1.0,0.2,1.0
369074,mscoco,0.32315134108066557,0.6273708006719,0.22472752779722213,0.62329045072686,0.1,1.0,0.2,1.0
364487,mscoco,0.07184409461915493,0.20363496552692717,0.09730681031942368,0.23323802209220992,0.0,0.0085470085470085,0.0,0.0051282051282051
232546,mscoco,0.033560071233659984,0.09646668590592229,0.02007120195776224,0.06306829170849396,0.1,0.5,0.0,0.0052910052910052
159,drawbench,0.0032426749356091024,0.015490947782333312,0.003135236576781608,0.010200718294528194,0.0,9.588095420725627e-06,0.0,1.7944300890037325e-05
329336,mscoco,0.038913063891232016,0.16668068873962533,0.0399787456728518,0.12982594994421048,0.0,0.0476190476190476,0.0,0.0769230769230769
229481,mscoco,0.0821380177512765,0.25470770158719386,0.21424234211444854,0.4369801905130668,0.0,0.04,0.2,0.25
528575,mscoco,0.23326646387577057,0.5095506831464254,0.14944922290742396,0.41022845352007137,0.1,1.0,0.1,1.0
3694,mscoco,0.06600169539451599,0.18430617897942944,0.17067651972174644,0.5958409116519673,0.0,0.0909090909090909,0.4,1.0
417016,mscoco,0.16493144854903222,0.2799340268115526,0.32847915291786195,0.599742690069894,0.1,0.1666666666666666,0.2,0.1666666666666666
251418,mscoco,0.04305996294133365,0.17285400077026206,0.0520804138854146,0.17462943554093374,0.0,0.0476190476190476,0.0,0.0263157894736842
547866,mscoco,0.20561988577246665,0.33927593000871464,0.20518580228090286,0.4712694065360505,0.3,0.5,0.4,0.5
166998,mscoco,0.1922169979661703,0.2757887212825936,0.3988976389169693,0.6328458304280732,0.4,0.3333333333333333,0.6,1.0
570864,mscoco,0.05252547673881054,0.15477900890970517,0.03708660947158933,0.13305749409168502,0.6,1.0,0.4,0.5
462445,mscoco,0.055889859795570374,0.2402827173142382,0.053144923667423426,0.2277433569182636,0.1,1.0,0.1,1.0
300661,mscoco,0.008141764655010774,0.03100122775757221,0.004396289604483172,0.02026771981065678,0.1,0.1666666666666666,0.1,1.0
169502,mscoco,0.22177690714597703,0.37737055121837587,0.09753169734030961,0.308096552055448,0.1,0.2,0.1,1.0
66144,mscoco,0.03595053497701883,0.10922930169666337,0.07987896502017974,0.20739100813823136,0.1,0.1,0.1,1.0
269843,mscoco,0.022919710027053952,0.08845290044380927,0.02613034565001726,0.12213074888199207,0.1,0.25,0.1,1.0
54938,mscoco,0.07395233977586031,0.18340457261111437,0.09295044429600238,0.25429112693619504,0.0,0.0175438596491228,0.0,0.04
27390,mscoco,0.16093311011791228,0.2669857021041532,0.20178717821836473,0.3952806554748078,0.1,0.1666666666666666,0.1,0.3333333333333333
521978,mscoco,0.16195771805942058,0.39136832879945266,0.13957563936710357,0.5109461147548885,0.1,1.0,0.1,0.5
429433,mscoco,0.0703889524564147,0.1470866848399747,0.07296419460326434,0.28400704657399434,0.1,0.25,0.0,0.0093457943925233
134,drawbench,0.0663923354819417,0.16414943400945814,0.05555546637624502,0.09285200395481849,0.0,2.6367136001687492e-05,0.0,0.0021231422505307
378621,mscoco,0.06529498808085918,0.19811728892085487,0.09615506306290626,0.22932004318662025,0.1,0.1111111111111111,0.0,0.0476190476190476
222948,mscoco,0.0736545218154788,0.18325922642267878,0.12606725208461284,0.33504541391436693,0.0,0.0056497175141242,0.1,0.3333333333333333
77,drawbench,0.05363412834703922,0.13909488946143295,0.03158119451254606,0.10142428435321728,0.0,0.0095238095238095,0.0,0.0084033613445378
124903,mscoco,0.39629051387310027,0.46458941594992764,0.39191325902938845,0.6150994946595689,0.1,0.3333333333333333,0.8,1.0
359375,mscoco,0.045232536271214485,0.13668854857942048,0.07798547688871622,0.21420382449888586,0.1,0.5,0.1,0.5
244760,mscoco,0.09940081164240837,0.215379396037214,0.10961612705141306,0.20632827143759191,0.7,1.0,0.8,1.0
83097,mscoco,0.04416087921708822,0.1175984267543484,0.029362755082547664,0.09807762448324177,0.3,0.2,0.3,0.3333333333333333
337264,mscoco,0.02188240485265851,0.1444558064191161,0.04600972840562463,0.19122746612742034,0.1,1.0,0.1,1.0
145921,mscoco,0.24834349602460862,0.5069074025177706,0.26292927861213683,0.5260406535931211,0.2,0.2,0.0,0.0833333333333333
422155,mscoco,0.12229228653013706,0.3045091702789329,0.10798479355871678,0.28698553981439767,0.5,1.0,0.8,1.0
451969,mscoco,0.10969505794346332,0.21360352996524326,0.16586935743689538,0.2947112213992783,0.1,0.1666666666666666,0.1,0.2
484344,mscoco,0.18810015842318534,0.3854635235662016,0.22200302481651307,0.4565059520216609,0.2,0.25,0.3,0.3333333333333333
488952,mscoco,0.08576058205217123,0.19675732699548912,0.13293300988152623,0.40524149639041906,0.1,0.1666666666666666,0.1,1.0
67163,mscoco,0.08310647457838058,0.4569646249151621,0.08263445696793496,0.25587692096146053,0.1,1.0,0.1,0.3333333333333333
521068,mscoco,0.08776823990046978,0.23597421693352055,0.12294529415667058,0.25239229386386564,0.1,0.1,0.0,0.0119047619047619
424340,mscoco,0.03747668494470417,0.07335247053423365,0.055011880956590174,0.14462152016135468,0.1,0.2,0.0,0.0769230769230769
364491,mscoco,0.09216059446334839,0.22565130221630644,0.0708682008087635,0.290549248230495,0.2,1.0,0.0,0.0909090909090909
556901,mscoco,0.2707651764154434,0.4701126804706179,0.25912930369377135,0.46571856875725365,0.2,0.5,0.0,0.0526315789473684
420826,mscoco,0.2946446776390076,0.6901443787323653,0.2979402907192707,0.587335085235395,0.2,1.0,0.2,0.3333333333333333
283213,mscoco,0.10659102834761143,0.2885389214149503,0.19114810451865197,0.4217519692297546,0.0,0.0833333333333333,0.2,0.2
214363,mscoco,0.005773624789435416,0.019846194848356733,0.009498709149193018,0.03863448982349461,0.1,0.25,0.1,1.0
165350,mscoco,0.2291925920173526,0.46628765147697826,0.34404329881072043,0.653405829947658,0.0,0.0909090909090909,0.2,1.0
79806,mscoco,0.18360114321112633,0.43147811832607635,0.163603800162673,0.32985594487850195,0.0,0.0833333333333333,0.1,0.125
279175,mscoco,0.13886049925349653,0.3768554121619362,0.18506133500486613,0.5092292444733019,0.3,0.5,0.4,1.0
200423,mscoco,0.0829895849339664,0.15722649932891983,0.18856540266424418,0.3632074296942942,0.1,0.1111111111111111,0.2,0.1111111111111111
11041,mscoco,0.36916288137435915,0.5617064610211022,0.5406804054975509,0.824727179440338,0.7,1.0,0.7,0.3333333333333333
61377,mscoco,0.023283684672787786,0.05216646124354014,0.02317048266995698,0.09265542693093702,0.1,0.1,0.1,0.5
499094,mscoco,0.2828677237033844,0.32603040619653884,0.40819285809993744,0.5376089262897473,0.0,0.0476190476190476,0.3,0.25
65,drawbench,0.012525693234056234,0.07023603603064217,0.02189129204489291,0.05664501365549219,0.0,0.0,0.0,0.0
20542,mscoco,0.16187983229756356,0.31567795933503573,0.23040011823177337,0.3637351231951739,0.2,0.3333333333333333,0.2,1.0
295472,mscoco,0.17738513723015786,0.3361585487783821,0.27370025850832463,0.6624845595180449,0.2,0.3333333333333333,0.7,1.0
4471,mscoco,0.09292918350547552,0.2200839719478234,0.027740108128637076,0.11701801527300269,0.3,0.5,0.2,0.25
518816,mscoco,0.011189956148155034,0.04456399995725511,0.00622830608044751,0.030163352256327474,0.1,1.0,0.1,0.3333333333333333
267700,mscoco,0.2356471449136734,0.5369870189378566,0.46354331970214846,0.5676358806869933,0.8,1.0,0.5,1.0
436696,mscoco,0.10535284336656332,0.37261663619234775,0.11893225759267807,0.34476787077753307,0.0,0.0833333333333333,0.2,0.5
477351,mscoco,0.018176534771919252,0.06425078314680548,0.01387694466393441,0.05950335818198552,0.2,1.0,0.2,1.0
84084,mscoco,0.14570788517594338,0.3614831402029668,0.19015392065048217,0.32076434151173516,0.1,1.0,0.4,0.5
492314,mscoco,0.17191767320036888,0.32274678577245186,0.3885065346956253,0.6254342351105169,0.1,0.125,0.2,0.3333333333333333
13882,mscoco,0.06761950943619013,0.2225002847140428,0.027545140031725167,0.19011077301076146,0.1,1.0,0.1,1.0
125700,mscoco,0.03334641922265291,0.09925539465503339,0.07585550323128701,0.2293386910410855,0.2,0.5,0.1,1.0
370103,mscoco,0.29256062358617785,0.6034611706160009,0.31318420320749285,0.5018101408106301,0.3,1.0,0.0,0.0909090909090909
94,drawbench,0.0687204954214394,0.16046319064412426,0.043454959243536,0.11639913799834141,0.0,0.0769230769230769,0.0,0.0048543689320388
137273,mscoco,0.12647264264523983,0.3724958937751428,0.12803665576502682,0.638412104229057,0.1,0.5,0.1,1.0
106935,mscoco,0.08476614262908697,0.3060949818129332,0.12003759145736695,0.27353637397455527,0.1,0.1111111111111111,0.1,0.125
797,mscoco,0.21244276389479638,0.453810344608802,0.33138541132211685,0.48372463582420233,0.5,0.5,0.6,1.0
107362,mscoco,0.04600022507365793,0.09130077209639877,0.051959131844341755,0.3307603282711071,0.1,0.125,0.3,1.0
81128,mscoco,0.017882310855202376,0.0644168810669712,0.013970851968042552,0.07833539314306169,0.1,0.5,0.1,1.0
442554,mscoco,0.0421132996911183,0.3003897963245581,0.03894914351403713,0.2992264910545921,0.1,1.0,0.1,1.0
19413,mscoco,0.15587940849363804,0.3601987571831729,0.09655752889811993,0.2810726953774337,0.0,0.008,0.0,0.0033444816053511
7583,mscoco,0.027413283893838524,0.10303743994840502,0.05092205088585615,0.11494827463381353,0.0,0.0909090909090909,0.4,1.0
464634,mscoco,0.04246333353221417,0.1150932028906543,0.04227024364518002,0.1732246200635436,0.1,0.5,0.2,1.0
257788,mscoco,0.24375972487032413,0.6444777786837405,0.18747506178915502,0.49371871155319047,0.4,1.0,0.3,0.5
385438,mscoco,0.08060333095490932,0.3388547959072985,0.09928632657974959,0.23868883852153785,0.0,0.04,0.0,0.0833333333333333
275432,mscoco,0.04925631061196327,0.1653991574266268,0.08857375662773848,0.214110254158147,0.0,0.0232558139534883,0.1,1.0
490582,mscoco,0.04887695671059191,0.2450191821911919,0.12274913853034378,0.23229805154669883,0.1,0.5,0.1,1.0
399880,mscoco,0.11509238630533218,0.2918356274007645,0.12975193224847317,0.30112154038811595,0.2,1.0,0.2,1.0
256903,mscoco,0.17506988048553468,0.3113870030955879,0.26103209853172304,0.4762454528292333,0.0,0.0476190476190476,0.6,0.3333333333333333
2349,mscoco,0.11893461905419826,0.32351604495561426,0.1481676608324051,0.40887102353730853,0.1,0.5,0.1,1.0
70735,mscoco,0.16154899783432483,0.33977421783705825,0.17889886237680913,0.4757051989734602,0.4,0.3333333333333333,0.5,1.0
73634,mscoco,0.05975236687809229,0.17351556702310425,0.07714017070829868,0.2007903312655132,0.4,1.0,0.5,1.0
495131,mscoco,0.024820695398375392,0.07085065270253216,0.016906734369695187,0.0639268446457989,0.0,0.0217391304347826,0.1,0.1
548953,mscoco,0.057364465296268465,0.1668718797952987,0.10747114606201649,0.21089642946240175,0.0,0.0119047619047619,0.0,0.0227272727272727
517780,mscoco,0.13066739812493325,0.5256981257312124,0.12250572182238102,0.5155010759441477,0.1,1.0,0.1,1.0
314616,mscoco,0.12362209279090167,0.2710255790149051,0.06956038288772107,0.2895623398166131,0.0,0.0909090909090909,0.1,1.0
51070,mscoco,0.007421542098745704,0.027986858927794643,0.023326519597321748,0.07971622176117805,0.0,0.0048076923076923,0.1,0.5
61761,mscoco,0.14659908562898635,0.5876438563616965,0.1372833762317896,0.5876422004009055,0.3,1.0,0.5,1.0
228657,mscoco,0.11944376043975354,0.2695405475821312,0.28824982345104216,0.4774946179123053,0.1,0.1428571428571428,0.6,0.3333333333333333
328732,mscoco,0.2586006850004196,0.40719536058325906,0.2635730102658272,0.5853717749071733,0.3,0.25,0.3,1.0
152108,mscoco,0.2605083592236042,0.3399835684097699,0.3345075875520706,0.525196444869084,0.4,1.0,0.7,0.5
309192,mscoco,0.250142477452755,0.49074521463709786,0.22193513587117195,0.30283139585308905,0.3,1.0,0.2,0.25
28085,mscoco,0.04309136476367712,0.1859311574711776,0.04172763777896762,0.174964119685426,0.1,1.0,0.1,1.0
392717,mscoco,0.03627873230725527,0.12312256106170294,0.03351023574359715,0.08238710245112826,0.0,0.003731343283582,0.1,1.0
373648,mscoco,0.27961455248296263,0.5183992300809731,0.3155594915151596,0.5605189435862271,0.2,0.5,0.2,0.5
186201,mscoco,0.15731919407844544,0.36051343763860116,0.137156380712986,0.39495309422313984,0.3,1.0,0.1,0.25
556248,mscoco,0.14391941633075475,0.34030397393149797,0.10737979076802731,0.26005035462320863,0.3,0.5,0.1,0.3333333333333333
30631,mscoco,0.04369195103645325,0.12526348723487166,0.07686094716191291,0.19154014907766528,0.0,0.0012165450121654,0.1,0.25
109838,mscoco,0.06876549646258354,0.23082618828691387,0.08895293269306422,0.23894461846695061,0.1,1.0,0.4,0.2
97686,mscoco,0.17949446896091104,0.5302526931686538,0.21039410904049874,0.31114992360399535,0.1,1.0,0.1,0.1
22559,mscoco,0.019160110224038362,0.07550232185692009,0.01323226117528975,0.06612813612903976,0.1,1.0,0.1,1.0
163474,mscoco,0.10991856250911951,0.32716133453686735,0.07612186409533024,0.2897891099292357,0.0,0.0069930069930069,0.0,0.05
23489,mscoco,0.1688945084810257,0.3189937632120046,0.17751735411584377,0.39013295855174984,0.6,1.0,0.8,1.0
460417,mscoco,0.043372843973338605,0.09284727548926858,0.0307425145059824,0.10350033192495817,0.0,0.0103092783505154,0.1,1.0
143120,mscoco,0.1064573435112834,0.22794922679353877,0.08520252145826816,0.2625907672261416,0.1,0.3333333333333333,0.2,0.5
549649,mscoco,0.015747337020002306,0.056001032862712304,0.011804408207535744,0.05314394252298751,0.1,0.5,0.1,1.0
62132,mscoco,0.033642427949234846,0.19865836827401942,0.01766256932169199,0.10742071291360906,0.1,0.5,0.1,1.0
371157,mscoco,0.03556277509778738,0.11891652282046856,0.01844513649120927,0.06997306790003677,0.0,0.04,0.1,0.1
376009,mscoco,0.08561689546331763,0.2483951113000481,0.10537281800061464,0.21834143571225129,0.1,1.0,0.0,0.0357142857142857
41997,mscoco,0.588804903626442,0.6254239507615892,0.477791428565979,0.6945594542761223,0.9,1.0,1.0,1.0
305338,mscoco,0.03867082558572292,0.1436290110191319,0.04244690202176571,0.14597560101006457,0.5,0.5,0.2,1.0
151922,mscoco,0.12731929793953894,0.3397906075747439,0.1590456660836935,0.3937033130825459,0.1,0.1428571428571428,0.3,1.0
169683,mscoco,0.15719374120235444,0.33746726605069427,0.22042131796479225,0.3691513905374664,0.5,1.0,0.7,1.0
504216,mscoco,0.019958881358616055,0.07106108122082494,0.006126261712051928,0.028423616012154578,0.1,1.0,0.1,0.5
42215,mscoco,0.4066778257489204,0.718854494138186,0.29918553233146666,0.6030899319297286,0.5,1.0,0.5,1.0
285607,mscoco,0.3189131461083889,0.4920182287078299,0.36363201439380644,0.5541226648994341,0.0,0.0666666666666666,0.0,0.0192307692307692
345562,mscoco,0.027274122647941112,0.09679627822046498,0.020643819728866218,0.05893732701475099,0.1,0.2,0.1,0.1
155160,mscoco,0.06539084259420633,0.15467645838769914,0.038771537598222494,0.1382394461067053,0.1,1.0,0.1,1.0
576944,mscoco,0.08054423481225967,0.18592601758584754,0.10774773433804512,0.2903627906341152,0.1,0.3333333333333333,0.3,1.0
488360,mscoco,0.028270999295637013,0.06231473642423243,0.02325529237277806,0.07198477222993542,0.1,0.1428571428571428,0.1,0.3333333333333333
20641,mscoco,0.23313501328229905,0.3999734279883512,0.24541315361857413,0.5109071048759739,0.2,1.0,0.2,1.0
83268,mscoco,0.09040268631651997,0.24408085351398334,0.07385879307985306,0.21903649132493233,0.1,1.0,0.0,0.037037037037037
203618,mscoco,0.1599165242165327,0.21610100023164058,0.20028937943279743,0.5535681066137527,0.1,0.125,0.1,1.0
301870,mscoco,0.30597031116485596,0.5282178134364585,0.4241470001637936,0.6765246486898595,0.5,1.0,0.6,1.0
424788,mscoco,0.120267678424716,0.25753398349123363,0.22574112825095655,0.5790365500439367,0.1,1.0,0.5,1.0
292170,mscoco,0.026762794703245163,0.0842970431108589,0.09714339040219784,0.2656851287866074,0.1,0.1111111111111111,0.3,0.5
502823,mscoco,0.1691046729683876,0.48123234247310825,0.187180819734931,0.26616966131898556,0.2,1.0,0.4,1.0
40531,mscoco,0.19750756323337554,0.3740311917236754,0.1864027913659811,0.33035287400934743,0.6,0.3333333333333333,0.8,0.5
162020,mscoco,0.16151942815631629,0.25214531037690335,0.08936686404049396,0.25566697633373014,0.1,0.25,0.1,0.3333333333333333
84853,mscoco,0.11994765661656856,0.3451134461378447,0.09643651489168406,0.18937776458176053,0.5,0.5,0.7,1.0
139839,mscoco,0.08415577262639999,0.21265295245719343,0.09628122337162495,0.3285464960293313,0.1,0.125,0.1,0.1666666666666666
163296,mscoco,0.7250644266605377,0.8882198204798943,0.6679428681731224,0.8612242643356335,0.5,0.3333333333333333,0.4,1.0
268644,mscoco,0.16957665085792542,0.47646213642973834,0.1973689839243889,0.3889987038480343,0.7,1.0,0.9,1.0
69283,mscoco,0.012865049252286553,0.049497625609941275,0.015889028436504304,0.059484717180707955,0.0,0.0169491525423728,0.1,1.0
59610,mscoco,0.39850243777036665,0.7227072965018568,0.4263779029250145,0.751338842424265,0.5,1.0,0.7,1.0
471834,mscoco,0.1188237437978387,0.23339725441446937,0.11123624816536903,0.2506199922672883,0.2,0.3333333333333333,0.7,0.5
15197,mscoco,0.18919763155281544,0.2623954144966865,0.21694715246558188,0.39898841122208517,0.4,0.5,0.6,0.5
343908,mscoco,0.038613686058670285,0.1250233906332038,0.061806470900774,0.11095508293913904,0.0,0.0093457943925233,0.0,0.0208333333333333
451375,mscoco,0.05958400797098875,0.22584690141007432,0.03407378864940256,0.18428699199933063,0.1,0.3333333333333333,0.1,0.5
440027,mscoco,0.07749164253473281,0.18791551113145957,0.09829669967293739,0.2010934140445798,0.2,0.25,0.5,0.5
377777,mscoco,0.062434138357639314,0.15725572308592156,0.07030927096493542,0.17088143541771686,0.0,0.0060240963855421,0.3,1.0
130240,mscoco,0.26904811784625055,0.4668683352695561,0.3741661563515663,0.5885025307721562,0.4,0.25,0.8,0.5
121618,mscoco,0.07846101839095354,0.21849326775583808,0.09425436444580555,0.2018429313869875,0.3,0.5,0.3,0.5
273245,mscoco,0.06058515277691186,0.20673039286506073,0.06770397201180459,0.18759924393099978,0.1,0.2,0.0,0.0714285714285714
187978,mscoco,0.01949044456705451,0.059826302737125844,0.02488603750243783,0.08507467755158203,0.1,0.25,0.1,1.0
395933,mscoco,0.037199986167252064,0.1369623838801129,0.05027216766029596,0.16244752270783164,0.1,0.5,0.1,1.0
247184,mscoco,0.15505649540573357,0.3822357736662967,0.1434172835201025,0.31256866027393543,0.1,0.2,0.4,0.5
198397,mscoco,0.18421862907707692,0.25647346568021423,0.19431018009781836,0.38761111937212245,0.1,0.125,0.4,1.0
266207,mscoco,0.5100199103355407,0.7291562893122229,0.5272118628025055,0.6945234096776232,0.7,1.0,1.0,1.0
324816,mscoco,0.13237471096217632,0.3237437551135665,0.16639504134654998,0.38876352701931416,0.1,0.1111111111111111,0.1,0.25
539311,mscoco,0.04906568489968777,0.21385710015982373,0.06285582128912211,0.2404455483600809,0.1,1.0,0.2,1.0
34,drawbench,0.12197935543954372,0.2926933873042499,0.10377202965319157,0.3033072145597346,0.0,0.0,0.0,0.0
214413,mscoco,0.0821198389865458,0.19506145491498034,0.07567978613078594,0.22167469893625436,0.0,0.0526315789473684,0.1,1.0
521574,mscoco,0.028753140522167087,0.09586316692894864,0.024523596977815032,0.10694050516593746,0.0,0.0007710100231303,0.0,0.0185185185185185
317112,mscoco,0.0473475799895823,0.15480474483070203,0.06976835085079074,0.16712066997546507,0.1,1.0,0.1,0.1111111111111111
552295,mscoco,0.11190141588449479,0.33025246525484214,0.09312341697514057,0.3922044732357589,0.0,0.037037037037037,0.1,0.25
579787,mscoco,0.28068362846970557,0.7246231873921124,0.2625150211155415,0.5218626983955429,0.3,1.0,0.5,1.0
384422,mscoco,0.02836777423508465,0.08345504529912134,0.05383994923904538,0.15102271028945233,0.1,1.0,0.0,0.0434782608695652
531725,mscoco,0.43401945382356644,0.6397749928481676,0.5281065374612808,0.837202523461459,0.4,0.5,0.7,1.0
491943,mscoco,0.02992542050778866,0.09096177701740886,0.04427341278642416,0.1282401617376284,0.1,0.5,0.1,1.0
56605,mscoco,0.11847742982208728,0.22999130215380675,0.0914809474721551,0.223356512361291,0.1,0.5,0.4,1.0
444272,mscoco,0.01817822945304215,0.05511985748859763,0.011855486687272787,0.04523369007103909,0.0,0.0217391304347826,0.1,0.3333333333333333
220948,mscoco,0.13618361428380013,0.28780868999353376,0.1628424867987633,0.3384708064682556,0.1,0.1428571428571428,0.8,1.0
265176,mscoco,0.0752822369337082,0.17117153231721274,0.07587403543293476,0.18610157589403906,0.3,1.0,0.3,1.0
186,drawbench,0.06307748183608056,0.28669730296088464,0.1224377490580082,0.3953175676919983,0.0,0.0,0.0,0.0
275835,mscoco,0.08114020526409149,0.24663317031011495,0.0813072957098484,0.20292710118853383,0.2,0.5,0.2,0.1666666666666666
386036,mscoco,0.09803366363048553,0.2703779785591229,0.09996581207960845,0.22093586156371817,0.3,0.5,0.3,0.3333333333333333
165638,mscoco,0.2090442582964897,0.30621525188515103,0.23779960796236993,0.4949878069302633,0.1,0.1428571428571428,0.1,0.1666666666666666
388353,mscoco,0.10806396640837193,0.268207034017077,0.11732378676533699,0.35455925263832727,0.1,0.125,0.2,1.0
4624,mscoco,0.402775040268898,0.5707075722979784,0.3764828383922577,0.5659342829748288,0.4,1.0,0.6,1.0
206871,mscoco,0.22312759272754193,0.37814044600790186,0.3098710171878338,0.559242687272206,0.3,0.3333333333333333,0.4,1.0
516805,mscoco,0.039681277237832546,0.1297246770470565,0.03488478623330593,0.12599799126179173,0.1,1.0,0.1,1.0
531798,mscoco,0.21281446591019632,0.32695712585012926,0.2982019305229187,0.4740960270748878,0.4,0.5,0.5,1.0
89095,mscoco,0.12513674087822438,0.23874538123331954,0.2177486155182123,0.4394137286080944,0.1,0.1666666666666666,0.1,0.1666666666666666
18078,mscoco,0.1484166845679283,0.3367273138095887,0.08622718304395675,0.264257578693716,0.7,0.5,0.6,1.0
136900,mscoco,0.4699492365121841,0.6183873288088323,0.42427813708782197,0.49630623422215425,0.2,0.125,0.5,0.5
16,drawbench,0.04862187746912241,0.11473760804900707,0.03248979430645704,0.0990315986121034,0.0,0.0,0.0,0.0
350724,mscoco,0.09096667189151049,0.32990124945685073,0.19284930564463137,0.4000702042486765,0.1,0.25,0.1,0.3333333333333333
477195,mscoco,0.03803812458645552,0.15695848938704177,0.034496155101805925,0.11868044289690038,0.6,1.0,0.5,1.0
55059,mscoco,0.07110023088753223,0.26943862060710716,0.09095384869724513,0.2947097219076487,0.1,1.0,0.1,1.0
28214,mscoco,0.05894958693534136,0.31380805963537106,0.07829887247644365,0.31640892186261016,0.2,1.0,0.2,1.0
192812,mscoco,0.08991108592599631,0.22649317425582216,0.06834615068510175,0.19863936679559346,0.1,0.5,0.1,1.0
162717,mscoco,0.026571072824299335,0.0832918315573505,0.028521673823706805,0.10004379625407052,0.1,0.25,0.1,1.0
547136,mscoco,0.199653772264719,0.35520568374189615,0.19672235287725925,0.32008342658296707,0.1,0.125,0.1,0.1
408182,mscoco,0.06591379977762699,0.13730263220958908,0.056684641633182764,0.17245418336956295,0.1,0.1666666666666666,0.1,0.2
360536,mscoco,0.15733510963618755,0.4699075389668271,0.10969924926757812,0.41768892756709086,0.1,1.0,0.1,1.0
485564,mscoco,0.14086761157959699,0.2637880979175413,0.3302362494170666,0.41510590270752734,0.3,0.3333333333333333,0.3,0.1666666666666666
360695,mscoco,0.4001144543290138,0.4054973904528117,0.560281579196453,0.6434220924096743,0.4,0.25,0.6,0.5
514483,mscoco,0.052588605368509886,0.183883453593532,0.06317464876919984,0.16173542408023112,0.1,0.25,0.2,1.0
409918,mscoco,0.08374510370194913,0.26231616832972166,0.091003542765975,0.22404784074887132,0.1,0.5,0.1,1.0
34333,mscoco,0.004796689667273313,0.017324762569865513,0.007639499683864415,0.029990032965808107,0.1,1.0,0.1,0.5
156915,mscoco,0.19582580849528314,0.30454059334231404,0.24665625914931297,0.642286319521599,0.1,0.125,0.1,1.0
16520,mscoco,0.376420658826828,0.689571048385348,0.28612992018461225,0.7229456835508378,0.1,1.0,0.1,0.5
308441,mscoco,0.16271712370216845,0.3056288957832525,0.26206874325871465,0.5839765012678476,0.4,1.0,0.7,1.0
246146,mscoco,0.1507520742714405,0.33250737817126946,0.20407134853303432,0.44880454016343896,0.1,0.125,0.4,1.0
525342,mscoco,0.03759620869532228,0.16698308256857433,0.04706615656614303,0.11775564440950474,0.0,0.0217391304347826,0.1,0.3333333333333333
293306,mscoco,0.3996624037623405,0.7058893093864447,0.2943288549780846,0.5040175233520251,0.0,0.0769230769230769,0.0,0.0050761421319796
163431,mscoco,0.10901874601840973,0.2927927211654341,0.1360735822468996,0.46302922702262306,0.3,0.5,0.2,0.1666666666666666
41265,mscoco,0.2440687282010913,0.5413748231552697,0.21789568811655044,0.40910551396332784,0.1,1.0,0.0,0.0833333333333333
184610,mscoco,0.03511299742385745,0.14088081264254082,0.059524369146674874,0.15150718467388244,0.1,1.0,0.1,0.25
545673,mscoco,0.22704507261514664,0.43831300157517733,0.15361847952008248,0.49427092048769516,0.5,0.5,0.3,0.5
187757,mscoco,0.16429977416992186,0.21347932974750036,0.21569186672568322,0.5394002069910474,0.2,0.2,0.6,0.5
492065,mscoco,0.07529260218143463,0.23724716320186862,0.17004323806613683,0.28673929307328766,0.0,0.0277777777777777,0.2,0.25
352248,mscoco,0.053493480384349826,0.15432985344573658,0.039693761803209784,0.12709351129884525,0.3,1.0,0.3,1.0
360173,mscoco,0.1265876457095146,0.24999417326510348,0.23012577146291732,0.39560403458250265,0.2,0.2,0.5,0.5
443913,mscoco,0.06677267085760832,0.15680339990399378,0.12472597658634185,0.2979117627893921,0.0,0.0476190476190476,0.1,0.1428571428571428
475301,mscoco,0.18237229082733392,0.3558673854943564,0.26415572464466097,0.5692815221621396,0.1,0.5,0.3,1.0
196,drawbench,0.01039612975437194,0.030026990413289607,0.0038989925174973904,0.013822399439019964,0.0,0.0,0.0,0.0
66192,mscoco,0.12371900752186775,0.22718752048598867,0.19004834070801735,0.36517297143884664,0.1,0.2,0.2,0.2
158950,mscoco,0.06537448596209287,0.2511188233081489,0.17283859029412268,0.3629364028901967,0.2,0.5,0.3,1.0
536278,mscoco,0.4108705252408981,0.640802661823049,0.30143034365028143,0.40052798817294727,0.9,1.0,0.7,0.5
232417,mscoco,0.16971963159739972,0.5235537388507588,0.2780686095356941,0.5557627954195045,0.0,0.0454545454545454,0.0,0.0072992700729927
395013,mscoco,0.047996614733710884,0.10069194956133834,0.04857892915606499,0.12998020387106735,0.3,1.0,0.3,0.5
113839,mscoco,0.23442550972104073,0.30650020793505167,0.24024937078356742,0.40800569162816547,0.6,1.0,0.5,0.5
103512,mscoco,0.0939555499702692,0.1912330665203299,0.14091176092624663,0.2705916072586825,0.0,0.0038022813688212,0.0,0.0094339622641509
47597,mscoco,0.18036558330059052,0.4486427556666378,0.11194381974637509,0.2615103678371835,0.2,1.0,0.1,0.2
197427,mscoco,0.3179733708500862,0.625356057977656,0.26643319725990294,0.5199053956471854,0.7,1.0,0.4,0.3333333333333333
416604,mscoco,0.0331488139461726,0.12941289555819993,0.02770605878904462,0.12074723555176319,0.1,1.0,0.1,1.0
513733,mscoco,0.24708773484453558,0.3904138105980944,0.25301398783922197,0.5405800061778008,0.8,1.0,0.8,1.0
182373,mscoco,0.10831851251423359,0.2565427911783018,0.26643266826868056,0.4300774131432899,0.1,0.5,0.8,1.0
561919,mscoco,0.23454346284270286,0.5860918909672473,0.26625925227999686,0.7432612758755571,0.2,0.1111111111111111,0.7,1.0
221165,mscoco,0.20351270623505116,0.33480579037632924,0.1913759097456932,0.298221082270822,0.0,0.0833333333333333,0.0,0.0133333333333333
13,drawbench,0.2317028671503067,0.4027808264750236,0.30776445716619494,0.4523891108587943,0.0,0.003690036900369,0.0,0.0178571428571428
490057,mscoco,0.14883756432682277,0.5199710106116129,0.24755173325538635,0.4449414836892696,0.1,1.0,0.4,1.0
561957,mscoco,0.2533231057226658,0.44193238945543284,0.2667422264814377,0.48827143223864544,0.3,0.5,1.0,1.0
451772,mscoco,0.6361424095928669,0.8559828103974748,0.7153466224670411,0.8893016758847225,0.8,1.0,0.9,1.0
247223,mscoco,0.24183120653033258,0.5682452827079818,0.22219593077898026,0.3706271211164171,0.2,1.0,0.2,0.5
532253,mscoco,0.0032219236018136144,0.02582575160331115,0.003122973757854197,0.026113635274674328,0.1,1.0,0.1,1.0
178,drawbench,0.0028279300255235284,0.011224940925265473,0.0006332820150419139,0.0023356847908541888,0.0,0.0,0.0,0.0
15621,mscoco,0.18001397997140883,0.3651445265732714,0.2450511321425438,0.464330275385256,0.1,0.1,0.5,1.0
161634,mscoco,0.15485186390578748,0.26896405102960774,0.12515792883932592,0.2602331056373351,0.1,0.1,0.1,0.2
33555,mscoco,0.09006490111351013,0.24490910710442867,0.1604446701705456,0.4067178733131713,0.1,0.5,0.2,1.0
59,drawbench,0.0636186976917088,0.19194835712038186,0.07446361985057592,0.2451438157224333,0.0,0.0,0.0,0.0
17869,mscoco,0.15856806393712758,0.28236169884729967,0.13788938596844674,0.29730630834824134,0.0,0.0909090909090909,0.3,0.3333333333333333
378790,mscoco,0.028048553643748163,0.10706668181426254,0.049099390697665515,0.12194734473755234,0.1,0.2,0.2,1.0
248876,mscoco,0.13296068124473095,0.25266599561205744,0.10590592436492444,0.2338798778296601,0.0,0.0294117647058823,0.2,1.0
398130,mscoco,0.06647774586454033,0.2056204907579997,0.06122499606572092,0.21559922582895208,0.1,0.5,0.1,0.5
124236,mscoco,0.05059848129749298,0.11475977891055655,0.044157793000340465,0.1496691629921633,0.1,0.1666666666666666,0.1,0.25
441382,mscoco,0.056293921917676924,0.18042966156194107,0.04861524244770408,0.22409478347559192,0.2,0.3333333333333333,0.1,1.0
444670,mscoco,0.07034422215074301,0.23748235864894252,0.06768896915018559,0.23702028175254033,0.0,0.03125,0.1,1.0
482665,mscoco,0.11077156215906143,0.30574969920197226,0.06503046713769436,0.42724421644472554,0.1,0.5,0.1,1.0
170766,mscoco,0.03737288601696491,0.11259007367291346,0.054540815949440005,0.15308641010427582,0.1,1.0,0.1,0.5
156904,mscoco,0.07932261284440756,0.2186930148758296,0.03996502636000514,0.15270990790083944,0.2,0.5,0.1,0.3333333333333333
313156,mscoco,0.4104802183806896,0.6147050798514553,0.37228788286447523,0.7456282540659452,0.2,0.1428571428571428,0.2,1.0
129176,mscoco,0.4597550965845585,0.6903742108600197,0.5652490466833114,0.7674107817376591,0.4,0.5,0.6,0.5
295558,mscoco,0.22325462400913237,0.331254870942841,0.24666044749319554,0.4451105047096427,0.0,0.0333333333333333,0.2,1.0
246358,mscoco,0.15140149667859076,0.333046228201923,0.17992243617773057,0.33656134036604524,0.5,1.0,0.6,1.0
281052,mscoco,0.2408909521996975,0.30987408482585876,0.17499267235398291,0.34495761500653616,0.1,0.5,0.3,1.0
324165,mscoco,0.020118427742272616,0.09251381922275402,0.025022819871082902,0.12344407312549759,0.1,1.0,0.1,1.0
536900,mscoco,0.12094416841864586,0.18997973055756792,0.11307509746402503,0.25837952653475466,0.5,0.5,0.7,1.0
579341,mscoco,0.1460860338062048,0.3199187124586906,0.2316099539399147,0.42013535946862607,0.5,1.0,0.6,0.5
149679,mscoco,0.009065819636452943,0.043382305551323865,0.012021083640865982,0.06473446648303825,0.0,0.0909090909090909,0.1,0.25
283840,mscoco,0.026758294878527523,0.10007317147363738,0.032698146533221006,0.14162723903652416,0.1,1.0,0.2,0.25
361351,mscoco,0.05010768072679639,0.2404210800252955,0.04761321637779474,0.16716153579628512,0.2,1.0,0.1,0.3333333333333333
415239,mscoco,0.16740669906139374,0.3297336457083215,0.1776819869875908,0.31300634110250364,0.3,0.3333333333333333,0.6,0.3333333333333333
99073,mscoco,0.11950390338897705,0.21644792786166117,0.11142291277647018,0.2604226749931877,0.3,0.5,0.4,0.3333333333333333
369653,mscoco,0.5198523454368115,0.81378941509893,0.5641189903020859,0.8145312902928702,0.2,1.0,0.1,0.125
72583,mscoco,0.008156662550754845,0.03566536308924171,0.0071417696075513955,0.03652173186581686,0.1,1.0,0.1,1.0
565326,mscoco,0.056886186450719835,0.14339716485132215,0.05672936085611582,0.1543004662741489,0.0,0.0714285714285714,0.1,0.5
264660,mscoco,0.04643470356240868,0.14641681260537537,0.030464166356250644,0.14755275699723583,0.1,1.0,0.1,1.0
236552,mscoco,0.18839102927595378,0.4724962769954377,0.2127345435321331,0.592792736236781,0.2,1.0,0.3,1.0
522491,mscoco,0.06509231310337782,0.17024402982076722,0.11121149677783251,0.250531986231542,0.0,0.0769230769230769,0.0,0.0095238095238095
84757,mscoco,0.0250883566448465,0.08410462528120817,0.028682666970416902,0.07405025938605701,0.0,0.0096153846153846,0.1,0.1666666666666666
40957,mscoco,0.04333809199742973,0.167354218700088,0.04073814954608679,0.13988455122777352,0.1,1.0,0.1,0.5
95679,mscoco,0.04016241705976427,0.15032228735071942,0.05037876740098,0.15942112190531774,0.2,1.0,0.2,1.0
265279,mscoco,0.25291351079940794,0.3952270354200537,0.2065776690840721,0.42557698028084145,0.4,1.0,0.3,0.5
245938,mscoco,0.09259809330105781,0.32707729570943994,0.06720966724678874,0.2698233777945693,0.2,1.0,0.1,1.0
522639,mscoco,0.09645653199404478,0.1996013580363225,0.14777989573776723,0.4208873495174442,0.0,0.03125,0.1,0.25
225345,mscoco,0.03973217830061913,0.18261270668102608,0.04381427047774196,0.22419598623096373,0.1,0.5,0.1,1.0
24104,mscoco,0.26108468398451806,0.37055739607574506,0.33114925026893616,0.6289791260539016,0.4,0.1666666666666666,0.8,1.0
317331,mscoco,0.2171158641576767,0.5216069849105269,0.3310131922364235,0.6020627982699636,0.5,1.0,0.3,0.3333333333333333
