caption_id,source,pred_clip_p10,pred_clip_rr,pred_blip2_p10,pred_blip2_rr,true_clip_p10,true_clip_rr,true_blip2_p10,true_blip2_rr
261342,mscoco,0.10437239166349173,0.24983883429299747,0.10196185298264027,0.2154122892271289,0.0,0.0192307692307692,0.0,0.04
203177,mscoco,0.007856364222243428,0.048583119982323945,0.014703261805698276,0.060271041093931915,0.1,1.0,0.1,1.0
239082,mscoco,0.1401633806526661,0.33748328104343034,0.12648237273097038,0.29177434179677786,0.2,0.1666666666666666,0.4,1.0
166557,mscoco,0.8379545450210572,0.9544321744945977,0.8692602753639221,0.8921952976388815,0.7,1.0,0.7,1.0
70,drawbench,0.011692556040361523,0.03958190297304348,0.00972017366439104,0.044508035399508476,0.0,0.0,0.0,0.0
27585,mscoco,0.1337797548621893,0.3714169684422298,0.19431408494710922,0.4000005480016749,0.0,0.0833333333333333,0.4,0.25
44960,mscoco,0.34160666167736053,0.5505911541191781,0.4160249501466751,0.6706609684234327,0.2,1.0,0.5,1.0
559685,mscoco,0.06302014598622918,0.19132557933357608,0.06380147775635123,0.20071100748834783,0.2,0.3333333333333333,0.1,0.5
577169,mscoco,0.0281291747931391,0.07897554225339085,0.04017516679596156,0.17382515265791879,0.2,0.25,0.4,1.0
276964,mscoco,0.04522192776203156,0.16477113259027898,0.03333376049995422,0.12460183815768702,0.1,1.0,0.1,0.5
480770,mscoco,0.2812976151704788,0.4726750284747934,0.2601885639131069,0.7416383162790797,0.3,0.5,0.3,1.0
56821,mscoco,0.05613245815038681,0.1478972998657132,0.03735598176717758,0.16472347409084037,0.1,0.2,0.1,0.25
298353,mscoco,0.04300750736147165,0.10573650710263942,0.03334151296876371,0.09020194468385155,0.0,0.0204081632653061,0.1,0.125
58492,mscoco,0.13224039231427015,0.26435354276425627,0.12630220083519816,0.2887745982819039,0.1,1.0,0.1,0.1428571428571428
530479,mscoco,0.027124911826103926,0.07803722233807324,0.027480545174330472,0.08820214103872975,0.0,0.05,0.0,0.0555555555555555
318426,mscoco,0.11606961488723755,0.22865447036137612,0.15499642826616764,0.3144624750895023,0.3,0.3333333333333333,0.5,0.5
386890,mscoco,0.0741763805039227,0.1881018779157518,0.05498302560299635,0.20614201365574594,0.0,0.0909090909090909,0.1,1.0
23309,mscoco,0.033531058393418786,0.12935325833365088,0.03115553054958582,0.11762054697906082,0.1,1.0,0.2,1.0
101270,mscoco,0.18778580632060765,0.26274918955735155,0.2106561318039894,0.3981986969494619,0.0,0.0769230769230769,0.1,0.25
170809,mscoco,0.04200593093410134,0.1193191316649903,0.03056244095787406,0.08841147775285084,0.1,1.0,0.1,0.1
20150,mscoco,0.18381869699805975,0.5147121339423903,0.10736278025433421,0.3429378854734174,0.1,0.1428571428571428,0.1,0.2
142942,mscoco,0.08137050485238433,0.2800410877912801,0.12865561991930008,0.28613582955025246,0.2,0.125,0.2,1.0
63306,mscoco,0.09125254955142736,0.24033195279931122,0.15777408257126807,0.2957272048887531,0.1,0.1,0.2,1.0
561151,mscoco,0.357340195402503,0.6422099969958309,0.4613348752260208,0.6331551479797398,0.0,0.0172413793103448,0.1,0.1
377619,mscoco,0.10327222757041454,0.33891859988793427,0.06972050247713923,0.293326468074265,0.1,1.0,0.1,1.0
390068,mscoco,0.30582117214798926,0.7052987260918894,0.3275104686617851,0.7129006460349305,0.5,1.0,0.4,1.0
246004,mscoco,0.014243519306182862,0.04955190591629115,0.010296779940836132,0.03471131252851914,0.1,1.0,0.1,0.1
324789,mscoco,0.012796967523172498,0.047109388524667166,0.031604804750531915,0.0905576477462281,0.1,0.125,0.1,1.0
301541,mscoco,0.16142172515392303,0.2985243265883656,0.1587926849722862,0.4015577113233006,0.0,0.0526315789473684,0.2,0.25
233617,mscoco,0.17543918155133725,0.33252401265801274,0.17315063290297986,0.6214397324394083,0.1,0.3333333333333333,0.1,1.0
108452,mscoco,0.0433945931494236,0.20033349616164922,0.04845219310373068,0.20414343166559204,0.1,1.0,0.1,1.0
333049,mscoco,0.27540582194924357,0.580199370223949,0.40264773219823835,0.4839963324091319,0.2,0.125,0.3,1.0
144796,mscoco,0.15590671300888062,0.303241956009084,0.21862537786364555,0.3137781702420982,0.1,0.3333333333333333,0.0,0.0303030303030303
488514,mscoco,0.04435894372873008,0.20448605216278098,0.07465121746063233,0.2045779229746344,0.1,1.0,0.1,0.125
47294,mscoco,0.2200652152299881,0.3816896946016597,0.29100329503417016,0.4606582465941714,0.1,0.2,0.3,1.0
306173,mscoco,0.04809408048167825,0.15082153799560194,0.05897772377356887,0.2305659832699747,0.1,1.0,0.1,0.5
253470,mscoco,0.06468123132362961,0.16460448344147544,0.06954997405409813,0.21687764174839513,0.0,0.0909090909090909,0.1,0.5
190700,mscoco,0.08543558064848185,0.29692250513730767,0.10503119258210063,0.2997878356000951,0.1,1.0,0.1,0.5
84089,mscoco,0.07064200453460216,0.23247487662361924,0.034355547092854974,0.09177418897229038,0.0,0.0178571428571428,0.0,0.0031347962382445
175954,mscoco,0.3677571535110474,0.47931979434903776,0.5584127515554428,0.8169483696348078,0.2,1.0,0.5,0.2
158223,mscoco,0.24171535558998586,0.5303493351040128,0.25624050572514534,0.5394792506295162,0.5,1.0,0.7,1.0
448607,mscoco,0.6964373767375946,0.851467753244885,0.7955354988574982,0.921181627573983,0.4,0.5,0.3,0.5
248862,mscoco,0.06729433871805668,0.18457667427859814,0.06663129590451718,0.23149963730155476,0.1,0.5,0.1,1.0
227526,mscoco,0.031893085688352585,0.07396677947141472,0.022964879171922803,0.07676926905475952,0.0,0.0037593984962406,0.0,0.0022988505747126
549409,mscoco,0.03053688700310886,0.10963612696104177,0.04647141871973872,0.11813341302563415,0.1,0.3333333333333333,0.1,0.3333333333333333
123214,mscoco,0.13667484186589718,0.36868553315951796,0.14808956608176232,0.3230112988698705,0.3,0.25,0.1,0.3333333333333333
494957,mscoco,0.3073831483721733,0.5704957056803825,0.29913270473480225,0.5664404621973375,0.1,1.0,0.1,1.0
284176,mscoco,0.034041927754879,0.10429350725277658,0.09654104448854924,0.18937273381717462,0.2,0.25,0.5,1.0
25430,mscoco,0.49314687103033067,0.7393880471626633,0.5250907868146897,0.6850470040069119,0.4,0.25,0.4,1.0
52746,mscoco,0.07118144165724516,0.17140065007957206,0.0774735152721405,0.15686630112206454,0.4,1.0,0.4,1.0
118598,mscoco,0.10568380821496248,0.2924822530150257,0.17857806235551835,0.39732389745549007,0.3,1.0,0.3,0.5
42622,mscoco,0.5094248801469803,0.660476419094497,0.6811403632164001,0.8197454421231893,0.1,0.1111111111111111,0.6,1.0
128275,mscoco,0.08128532823175191,0.193221133967063,0.12752496115863324,0.3014282676228724,0.1,0.3333333333333333,0.4,1.0
402255,mscoco,0.01803179010748863,0.06762464279067114,0.007728065067203716,0.028625223939101795,0.0,0.0285714285714285,0.1,0.25
24935,mscoco,0.12383570671081542,0.36188303197286664,0.10031069032847881,0.3364462943730434,0.1,0.5,0.1,1.0
39502,mscoco,0.015934080863371492,0.04161869693245545,0.008571603253949433,0.044023387875978155,0.0,0.0123456790123456,0.1,0.5
370391,mscoco,0.04740829188376665,0.13988647979763166,0.22123428881168367,0.380054771856543,0.0,0.0138888888888888,0.3,0.3333333333333333
170700,mscoco,0.02352390013402328,0.05849443728531152,0.10469244914129376,0.3676006390952622,0.0,0.0212765957446808,0.1,1.0
438910,mscoco,0.1058824211359024,0.4017891005516636,0.1550750032067299,0.33019372368637273,0.1,0.25,0.3,1.0
160,drawbench,0.0287073643412441,0.08797903674247078,0.008552774717099965,0.03809519813184406,0.0,0.0,0.0,0.0
291526,mscoco,0.019375283861882052,0.07821565240927957,0.015935523505322634,0.06783804404839573,0.1,1.0,0.1,0.5
379596,mscoco,0.05184667785651982,0.17663067552762915,0.054627615585923196,0.20714716054964555,0.1,1.0,0.0,0.0769230769230769
12,drawbench,0.24183258935809135,0.38133415074578675,0.16236130632460116,0.22464271089464327,0.0,0.0,0.0,0.0
241148,mscoco,0.15533537212759257,0.24412099877442603,0.10219951309263706,0.28446132908908267,0.1,0.1428571428571428,0.2,1.0
319991,mscoco,0.26940940618515014,0.39811158572906347,0.1449433110654354,0.42158478987655024,0.1,0.5,0.1,1.0
310688,mscoco,0.06709783598780632,0.18292052025243963,0.0788736165035516,0.20514801142992356,0.1,1.0,0.1,1.0
243283,mscoco,0.05916983280330897,0.1309275759355896,0.06436621770262718,0.20259403458230268,0.9,0.5,1.0,1.0
149,drawbench,0.05027096923440695,0.17494790259937218,0.0488794656470418,0.1804524165550213,0.0,0.0,0.0,0.0
558426,mscoco,0.09266256541013718,0.30142882388906217,0.1319134756922722,0.4347629988321385,0.2,0.3333333333333333,0.5,1.0
394214,mscoco,0.0935592632740736,0.19359047305489302,0.11116987019777298,0.2697637507580791,0.0,0.05,0.1,1.0
297699,mscoco,0.06762963570654393,0.18682895553528142,0.10329446997493505,0.25884037972193535,0.1,0.125,0.1,0.125
146972,mscoco,0.04725898504257202,0.16469298698982582,0.06018547993153334,0.1603899607024805,0.2,0.5,0.0,0.0909090909090909
401783,mscoco,0.6993955135345459,0.7929358337626687,0.710756316781044,0.8454247671161798,0.8,0.5,0.9,1.0
182245,mscoco,0.2883321911096573,0.5710854520319211,0.5415034204721451,0.7985855685259842,0.0,0.0256410256410256,0.2,1.0
126018,mscoco,0.17866453640162944,0.3847563644835873,0.16048476807773113,0.5237402083750192,0.7,1.0,0.4,1.0
290549,mscoco,0.10440371260046959,0.31357782451475574,0.13639261992648244,0.3456654570507358,0.1,0.3333333333333333,0.1,1.0
399946,mscoco,0.10978632383048534,0.2730993390743352,0.10934261418879032,0.35485862408075675,0.1,0.5,0.1,1.0
8,drawbench,0.08074271343648434,0.22526622965234577,0.10360297970473767,0.26932584557853834,0.0,0.0001043296817944,0.0,6.345580303318739e-05
211678,mscoco,0.17424252033233642,0.3381379892940198,0.19323374889791012,0.42568090949463955,0.3,0.5,0.4,0.5
421539,mscoco,0.016562845138832927,0.06250094386440747,0.02143092763144523,0.06594997834983672,0.1,1.0,0.2,0.3333333333333333
264358,mscoco,0.04525689505971968,0.15935355192089873,0.04304921592120081,0.2684840063370549,0.1,0.5,0.1,1.0
430848,mscoco,0.23373913317918776,0.6237990725403382,0.2860553663223982,0.41057509248912244,0.2,1.0,0.2,0.5
133251,mscoco,0.3610795810818672,0.5989653382261084,0.39778254479169844,0.5072742720617863,0.5,0.5,0.2,0.1666666666666666
568560,mscoco,0.17891137376427652,0.32056164210758753,0.24054060578346254,0.5357590317835542,0.2,0.3333333333333333,0.0,0.0526315789473684
405612,mscoco,0.25578741133213045,0.3885105178300858,0.22287246361374854,0.415773937145273,0.1,1.0,0.1,0.5
20794,mscoco,0.1430681899189949,0.3431067633838575,0.27883509658277034,0.4101868232984845,0.1,0.1428571428571428,0.1,0.5
6,drawbench,0.48787875175476075,0.7794379444370466,0.28651983141899107,0.45823247130757666,0.0,0.0011750881316098,0.0,0.0129870129870129
225306,mscoco,0.09237262196838855,0.38313346902013884,0.1945313673466444,0.5227121432510303,0.0,0.0833333333333333,0.1,1.0
103603,mscoco,0.2455888010561466,0.36941560996034556,0.2768865630030632,0.4409551923084439,0.6,0.3333333333333333,0.4,1.0
395,mscoco,0.020489248912781477,0.09220197964919001,0.030086717777885498,0.10856892489103326,0.2,1.0,0.1,0.25
80067,mscoco,0.03919872241094709,0.09764755403745488,0.04901250852271914,0.25847173259596773,0.1,0.1428571428571428,0.1,1.0
490619,mscoco,0.0376911744941026,0.08699062431833016,0.022387088323011995,0.05551729374714156,0.0,0.0066666666666666,0.0,0.0109890109890109
167126,mscoco,0.1494043253362179,0.44875111631258024,0.20229933001101016,0.5234650074800735,0.4,1.0,0.1,1.0
442961,mscoco,0.13287076577544213,0.32073705065103736,0.19961707592010497,0.3645934265181589,0.1,0.5,0.5,0.5
260111,mscoco,0.0285997255705297,0.12226849937707611,0.017506011482328176,0.06179778541750656,0.0,0.0555555555555555,0.0,0.0161290322580645
68005,mscoco,0.12455728203058243,0.4026635158050241,0.15740686021745204,0.39614813193978377,0.1,1.0,0.1,1.0
73541,mscoco,0.3182529991492629,0.5537737852876198,0.3281291574239731,0.6923872196751654,0.2,0.5,0.0,0.0833333333333333
316190,mscoco,0.028940632194280624,0.09509674915574368,0.04058352280408144,0.150460862528383,0.1,1.0,0.1,0.1428571428571428
519552,mscoco,0.015319483715575188,0.0547967787995813,0.005521870369557291,0.024702222838643022,0.1,0.3333333333333333,0.1,0.5
365419,mscoco,0.4368291385471821,0.6655238406945025,0.4556960940361023,0.7442669299783896,0.1,0.2,0.2,0.5
55050,mscoco,0.0825850608292967,0.27160920056927845,0.096670713275671,0.27667321168512315,0.1,1.0,0.1,1.0
150,drawbench,0.07808593977242709,0.22490489841881828,0.05496086562052369,0.16127461071776808,0.0,0.0,0.0,0.0
122,drawbench,0.17387306615710257,0.3633138074035131,0.10856384392827749,0.38770600421079227,0.0,0.000125786163522,0.0,4.940955580809328e-05
403464,mscoco,0.0871136287227273,0.3356535058279575,0.14569656178355217,0.3046855199126628,0.2,1.0,0.1,0.25
256809,mscoco,0.4283014088869095,0.6400111286176066,0.6053872525691986,0.7663557500565786,0.0,0.0434782608695652,0.6,0.5
481098,mscoco,0.13652966916561127,0.2724304760118279,0.15973214581608772,0.2753064904209281,0.0,0.0060240963855421,0.0,0.0909090909090909
163289,mscoco,0.3092084780335426,0.535327990986106,0.4307385548949242,0.7509704606900556,0.0,0.0025839793281653,0.0,0.0476190476190476
383175,mscoco,0.030684993136674166,0.07475145774674292,0.05032131019979715,0.1856427387732488,0.3,0.3333333333333333,0.2,0.3333333333333333
71346,mscoco,0.23373835980892183,0.4180982948348665,0.35461355894804003,0.48197906341213814,0.0,0.0161290322580645,0.1,0.5
15569,mscoco,0.112623805180192,0.2660115808239694,0.10500209555029869,0.24083214908879313,0.1,0.125,0.3,0.25
314949,mscoco,0.038544321432709694,0.14494384919571177,0.06712596975266934,0.1878904105783651,0.1,1.0,0.1,1.0
424018,mscoco,0.24573770835995673,0.4675880171509562,0.3608638793230057,0.6391791621611582,0.3,0.3333333333333333,0.2,1.0
465153,mscoco,0.13245722241699695,0.3637881713690849,0.1493417527526617,0.43413135507411094,0.2,1.0,0.2,1.0
10540,mscoco,0.04973848545923829,0.1418478653539797,0.0711669821292162,0.1984824448835909,0.0,0.0294117647058823,0.0,0.0024509803921568
524401,mscoco,0.1209208182990551,0.2448933565917479,0.28930197060108187,0.4529430670275092,0.1,0.1111111111111111,0.4,0.5
277498,mscoco,0.1490328311920166,0.2357829782312819,0.2203055154532194,0.4716297192841171,0.0,0.0196078431372549,0.1,0.1
393583,mscoco,0.02708281120285392,0.09262037260557325,0.028478209488093854,0.13259376289833347,0.2,0.25,0.2,1.0
151339,mscoco,0.25601132586598396,0.7005040905170195,0.4473994091153145,0.7626062178956532,0.3,1.0,0.2,0.3333333333333333
300509,mscoco,0.05105678997933864,0.11546234727938236,0.04594626585021615,0.11767093500738302,0.1,0.5,0.0,0.0833333333333333
389145,mscoco,0.14757263492792844,0.41192493038950606,0.13179596234112978,0.4137905784245827,0.1,1.0,0.1,1.0
537667,mscoco,0.10386618860065937,0.2376455602546805,0.07277938337065279,0.2216607481429733,0.1,0.5,0.1,1.0
352143,mscoco,0.0356084369821474,0.10358181852960656,0.020396961946971714,0.05547316049094235,0.1,1.0,0.2,0.5
148,drawbench,0.05042811930179596,0.1394165434772835,0.06249216366559267,0.18515616868620402,0.0,0.0,0.0,0.0
355826,mscoco,0.3351803459227085,0.7939454630753285,0.3770144857466221,0.8298001804598325,0.2,1.0,0.1,1.0
251937,mscoco,0.16775202080607415,0.49103886563251176,0.17920964509248732,0.34847351439580915,0.3,1.0,0.3,1.0
135397,mscoco,0.008918177150189877,0.030663444292660356,0.010962318605743348,0.04136950877068398,0.1,1.0,0.1,1.0
394658,mscoco,0.14798698835074903,0.3940509491443734,0.12516216654330492,0.36678382678388005,0.1,0.3333333333333333,0.1,1.0
485709,mscoco,0.1964263804256916,0.4977841356036366,0.0676775741390884,0.15999754714119946,0.2,1.0,0.1,0.1428571428571428
504167,mscoco,0.2878100901842117,0.505548481152711,0.2857838042080402,0.44133469523940994,0.1,1.0,0.0,0.0263157894736842
230644,mscoco,0.10191929545253516,0.17384520203470524,0.14911239640787244,0.29937879588956634,0.1,0.1,0.2,0.3333333333333333
83510,mscoco,0.059700659941881895,0.1858065726330023,0.09046722762286663,0.258646344024087,0.1,0.1428571428571428,0.0,0.02
401650,mscoco,0.04556828741915524,0.1022820032098485,0.06578561309725046,0.1335087178963383,0.1,0.125,0.1,0.2
136411,mscoco,0.04392577335238457,0.12420301700027542,0.06398394256830216,0.20407818570120492,0.0,0.037037037037037,0.1,0.1666666666666666
176120,mscoco,0.10698199365288019,0.277826074176543,0.08018966000527143,0.23068165972463828,0.2,0.1111111111111111,0.3,0.25
348134,mscoco,0.3058697298169136,0.4152807303688989,0.45807266160845755,0.7006752502851917,0.3,0.5,0.1,1.0
193398,mscoco,0.036356542445719245,0.11028246944011902,0.04524274347350001,0.22401172008124307,0.0,0.0833333333333333,0.1,1.0
540774,mscoco,0.40061002820730207,0.3976091069447678,0.4907067731022835,0.7698860352841529,0.6,1.0,0.9,1.0
113211,mscoco,0.03482283568009734,0.12836549487798438,0.025536769395694138,0.08755094066855763,0.1,0.1111111111111111,0.2,1.0
406749,mscoco,0.14171104952692987,0.30465192761821486,0.14950482174754143,0.32684666875893587,0.2,1.0,0.2,1.0
280551,mscoco,0.12944009955972433,0.3067911831585291,0.1338780838996172,0.457009023558778,0.1,0.3333333333333333,0.1,1.0
441358,mscoco,0.19121258929371834,0.4297487534517924,0.300555494427681,0.5087388528875159,0.2,0.2,0.1,0.5
561314,mscoco,0.16095846351236104,0.3813501117175826,0.16520883329212666,0.2780730162835812,0.0,0.0454545454545454,0.6,1.0
130749,mscoco,0.0722448912449181,0.22450591133813355,0.106021698564291,0.27688219259225105,0.0,0.0769230769230769,0.1,0.3333333333333333
25907,mscoco,0.009455040632747113,0.031872528969249,0.010857089329510928,0.03860517778726785,0.1,1.0,0.1,1.0
364157,mscoco,0.043661331897601484,0.1704243159645075,0.03987531503662467,0.13502710328512085,0.3,1.0,0.3,0.3333333333333333
327529,mscoco,0.07166417269036174,0.29016463129251796,0.10898075168952345,0.31596974504341013,0.1,1.0,0.1,0.3333333333333333
214087,mscoco,0.05286232684738934,0.15614503850944894,0.05900645717047155,0.3231829638582611,0.1,0.25,0.1,1.0
253763,mscoco,0.06482532443478703,0.13583024579008393,0.06138401785865426,0.15713108611099386,0.1,1.0,0.1,1.0
298065,mscoco,0.12607765514403582,0.5599652923863094,0.1347938657272607,0.5603067548204268,0.1,1.0,0.1,1.0
305803,mscoco,0.3544356241822243,0.38573334962380323,0.3607676923274994,0.5162019127870987,0.0,0.0151515151515151,0.0,0.0454545454545454
173,drawbench,0.0164565218728967,0.05107949661776518,0.08615533839911223,0.28368839516327626,0.0,0.0,0.0,0.0
458339,mscoco,0.23206313103437423,0.5507204916805176,0.17161594554781914,0.3811378682856376,0.0,0.0833333333333333,0.1,0.5
428326,mscoco,0.03253979929722846,0.08814622676748213,0.04985912572592497,0.14308910962637794,0.0,0.0181818181818181,0.0,0.0103092783505154
530201,mscoco,0.4090146332979202,0.7817780708547198,0.39565007388591766,0.7798275082765553,0.1,1.0,0.1,1.0
59039,mscoco,0.2125231433659792,0.5054096379574035,0.2933560386300087,0.40984474347193145,0.3,1.0,0.7,0.5
333738,mscoco,0.3650527909398079,0.4233968887984292,0.4098469987511635,0.6172496624604284,0.6,0.5,1.0,1.0
132081,mscoco,0.0766783026047051,0.21494890763750568,0.08622563555836678,0.2010614325855854,0.1,0.25,0.1,0.5
26573,mscoco,0.3880924485623837,0.7484186393070894,0.41872995495796206,0.6191234703509585,0.3,1.0,0.4,0.3333333333333333
115893,mscoco,0.2726594291627407,0.6340779120632828,0.27922949455678464,0.5750990322796998,0.2,1.0,0.4,1.0
49542,mscoco,0.7271614789962768,0.8760973509577412,0.7578638851642608,0.9078857633984838,0.5,0.25,0.5,0.5
212864,mscoco,0.03502911865944043,0.0973181203423275,0.021303916024044155,0.05603180100633642,0.0,0.0454545454545454,0.0,0.0075187969924812
32967,mscoco,0.5393267720937729,0.8326538083376447,0.6415229886770248,0.8874465952244649,0.0,0.0015037593984962,0.2,0.2
98642,mscoco,0.011220484436489642,0.03798020134863572,0.011632300936616958,0.03495868491260275,0.1,0.3333333333333333,0.1,1.0
183719,mscoco,0.1559684969484806,0.4101194970297997,0.18629037737846374,0.40425839571639455,0.0,0.0060240963855421,0.0,0.006060606060606
401307,mscoco,0.19126862660050392,0.37763827975146114,0.31300304979085924,0.48956851608615853,0.2,1.0,0.3,1.0
467612,mscoco,0.41467107385396956,0.4780812460507432,0.4372673541307449,0.6556557938055512,0.6,0.5,0.4,0.3333333333333333
36034,mscoco,0.04808064484968781,0.12342822584782337,0.040020836796611545,0.14056759130727473,0.2,1.0,0.1,0.2
216378,mscoco,0.12681455025449395,0.24894931277815266,0.14674469782039523,0.3540673044977604,0.1,0.5,0.1,1.0
360441,mscoco,0.11344568077474833,0.31174713846149227,0.07011799812316895,0.16951275215065734,0.1,0.1666666666666666,0.1,0.1428571428571428
75057,mscoco,0.3393384888768196,0.7552690259732278,0.43868178576231004,0.7914855617547708,0.3,1.0,0.6,1.0
53870,mscoco,0.09663151018321514,0.3078003952797157,0.16976506561040877,0.36523135157709147,0.1,0.1428571428571428,0.0,0.0161290322580645
253323,mscoco,0.130981582775712,0.35490039365649245,0.19399848207831383,0.35117205612760444,0.2,0.1666666666666666,0.3,0.5
433270,mscoco,0.2170088455080986,0.47633496874007725,0.17479627206921577,0.38663623862343094,0.2,0.125,0.3,1.0
176758,mscoco,0.14740691520273685,0.31930451653635344,0.16068906672298908,0.37699277406437914,0.1,0.2,0.2,1.0
420396,mscoco,0.04392251699464396,0.08899811301424836,0.04414446991868317,0.27034805742221857,0.1,0.1428571428571428,0.1,1.0
365792,mscoco,0.1620972201228142,0.37377158668308275,0.17111848276108504,0.6205329856279422,0.3,0.5,0.3,1.0
564382,mscoco,0.08155122399330139,0.23417763399168506,0.06077356650494039,0.24676770153354977,0.1,0.5,0.1,1.0
180667,mscoco,0.014367705141194165,0.039155817676437506,0.01675308933481574,0.06745567999380657,0.1,1.0,0.0,0.0020242914979757
154399,mscoco,0.12503318693488835,0.20903750467055454,0.06672180071473122,0.15553978379796088,0.1,0.2,0.0,0.0833333333333333
576537,mscoco,0.21543097570538522,0.39157218336381044,0.36903257966041564,0.6521124363442795,0.2,1.0,0.4,1.0
18194,mscoco,0.05490234792232514,0.1561418602375958,0.15740079171955584,0.4593887910174585,0.1,0.1666666666666666,0.2,0.5
278243,mscoco,0.022957539558410643,0.07012884912669072,0.013808178598992527,0.05254178329742829,0.1,0.5,0.1,0.5
253728,mscoco,0.03983272956684232,0.12328970829414361,0.07639229251071811,0.16689067656032566,0.1,1.0,0.1,1.0
306229,mscoco,0.4235247805714607,0.7515626662479048,0.5614268004894256,0.7531811578250952,0.6,1.0,0.8,1.0
413277,mscoco,0.4785394549369812,0.6568573908550139,0.6509084552526474,0.839669204177036,0.1,0.1428571428571428,0.5,1.0
86951,mscoco,0.14919125884771348,0.3485471990546714,0.18942649737000467,0.39150636735244004,0.5,1.0,0.8,1.0
489942,mscoco,0.012633187987376004,0.067937964759126,0.0194252273067832,0.07781108130109632,0.1,1.0,0.1,1.0
199141,mscoco,0.25174939818680286,0.6029896965851599,0.31251639127731323,0.5980485265984974,0.4,0.5,0.5,0.5
170336,mscoco,0.4384271949529648,0.5796848490269914,0.47497718036174774,0.7015659633902719,0.1,0.3333333333333333,0.2,0.2
89549,mscoco,0.07205323874950409,0.20506185220831472,0.16140873804688455,0.5208319538909302,0.0,0.0909090909090909,0.1,1.0
372246,mscoco,0.12121388670057058,0.5394595077804536,0.13083744794130325,0.5822666952375919,0.1,1.0,0.1,1.0
535563,mscoco,0.0709690572693944,0.22440638284608913,0.10702195689082146,0.2539009311411307,0.1,1.0,0.1,1.0
228222,mscoco,0.0793722677975893,0.22528600823496556,0.10470435321331024,0.24654150909001996,0.4,0.5,0.6,1.0
195353,mscoco,0.2821278994902968,0.42003296961645403,0.3258794628083706,0.6947491713709943,0.4,0.3333333333333333,0.5,1.0
58624,mscoco,0.1824153834953904,0.4455297508543241,0.22111002188175916,0.7197426455374878,0.1,0.5,0.1,1.0
268900,mscoco,0.032884869771078226,0.10562785728072972,0.025852630310691894,0.05580981726922985,0.1,0.125,0.1,0.25
161019,mscoco,0.5232254207134247,0.6694821244102109,0.5331940412521362,0.8019245233813445,0.2,0.3333333333333333,0.4,1.0
379035,mscoco,0.17651766277849673,0.3834511622676837,0.208895231038332,0.40850019355422745,0.0,0.0123456790123456,0.2,0.25
172276,mscoco,0.42884666919708253,0.702277092366481,0.5088347300887108,0.8207590223420018,0.1,0.1428571428571428,0.1,0.1111111111111111
271120,mscoco,0.05048789158463478,0.15087124202298383,0.04580332152545452,0.1449542650511234,0.0,0.0555555555555555,0.1,0.1111111111111111
180445,mscoco,0.026665559224784374,0.1514142889506427,0.024576113279908895,0.1483639115754507,0.2,1.0,0.2,1.0
284362,mscoco,0.11117796245962382,0.251775700112629,0.14409387558698655,0.3523204268288371,0.0,0.0384615384615384,0.1,1.0
466656,mscoco,0.3031929969787598,0.5141582681459334,0.32310596108436584,0.5428462772744161,0.5,1.0,0.5,1.0
271360,mscoco,0.04027518471702933,0.16842896660966183,0.0323911328567192,0.15562695601568433,0.1,1.0,0.0,0.0001578033769922
429290,mscoco,0.12924781888723375,0.25825673857534975,0.21022133082151412,0.3316435186910054,0.0,0.0238095238095238,0.0,0.0769230769230769
464649,mscoco,0.3689993619918823,0.6963783695607612,0.4559068351984024,0.682690653487624,0.0,0.0666666666666666,0.0,0.02
118260,mscoco,0.03785917814821005,0.12739009901263149,0.04650890985503793,0.1383796395465568,0.0,0.0263157894736842,0.0,0.0120481927710843
337062,mscoco,0.34139987006783484,0.3575447533835152,0.5829111397266388,0.5773549188557817,0.0,0.0625,0.4,0.5
249049,mscoco,0.10525271054357291,0.29687559908578676,0.077741664275527,0.3181010365649232,0.2,0.3333333333333333,0.1,1.0
497542,mscoco,0.036116501735523346,0.14736850954177183,0.07148522567003965,0.2570911727209626,0.0,0.0123456790123456,0.1,0.5
400940,mscoco,0.18447036370635034,0.37470652341028104,0.19573729149997235,0.40258832493228874,0.1,0.3333333333333333,0.1,0.5
254753,mscoco,0.1991358518600464,0.3346843586273425,0.18186471574008464,0.5555675669335922,0.1,0.2,0.1,1.0
550157,mscoco,0.14315200243145226,0.31333007738371604,0.18482758104801178,0.5599513506494702,0.4,1.0,0.5,1.0
113905,mscoco,0.07624734397977591,0.19832769341336473,0.08321863375604152,0.23036143153067593,0.1,0.2,0.3,1.0
471881,mscoco,0.10073051247745753,0.42511716991136206,0.0857576597481966,0.4253415605026432,0.1,1.0,0.1,1.0
524187,mscoco,0.3086612015962601,0.49196085248142485,0.4041862353682518,0.6567026918057993,0.1,0.1111111111111111,0.4,1.0
354409,mscoco,0.15781884375028313,0.7191578272867883,0.15331171229481697,0.7292056409318773,0.1,1.0,0.1,1.0
36713,mscoco,0.1112222995609045,0.31004660028669023,0.07275837128981948,0.18299106260240414,0.1,1.0,0.1,0.5
421005,mscoco,0.0726519817020744,0.17869045268764916,0.08055659476667643,0.2537465094586027,0.2,0.25,0.2,1.0
504639,mscoco,0.15684079751372337,0.29183977937914585,0.19119284972548484,0.39447098293235844,0.7,1.0,0.8,1.0
356660,mscoco,0.44550836086273193,0.6718315990976801,0.4573056399822235,0.7338803595125676,0.1,0.1111111111111111,0.2,0.2
1792,mscoco,0.6690521448850631,0.843201613789224,0.7788207948207855,0.8585326395916576,0.7,1.0,1.0,1.0
30409,mscoco,0.0529037369415164,0.148487097547284,0.1537499327212572,0.3176681462253921,0.0,0.0142857142857142,0.1,1.0
254060,mscoco,0.09532242007553578,0.287525735825576,0.140784153342247,0.41875896818667363,0.1,0.1111111111111111,0.3,1.0
169340,mscoco,0.029172515519894658,0.10458212499857304,0.041371583193540576,0.1403206472035967,0.1,0.3333333333333333,0.1,1.0
42513,mscoco,0.07038568872958421,0.23666219637604982,0.09693605080246925,0.24536438930809853,0.1,1.0,0.2,0.1428571428571428
402887,mscoco,0.3170270871371031,0.4015740946487942,0.21294106394052506,0.5738313067850974,0.1,0.3333333333333333,0.1,0.5
96435,mscoco,0.12735889246687293,0.3975510396042273,0.1116582260467112,0.39764334256268663,0.1,1.0,0.1,1.0
441541,mscoco,0.04484681617468596,0.15445505988826788,0.0567649507895112,0.1934227864751971,0.0,0.0833333333333333,0.0,0.0333333333333333
51663,mscoco,0.10046142004430295,0.2634140676000986,0.06626787185668945,0.19327672232844664,0.1,0.1111111111111111,0.1,0.2
474271,mscoco,0.19509991109371186,0.37950088099297574,0.19005115553736687,0.3569716736236935,0.1,1.0,0.1,1.0
72702,mscoco,0.1341886330395937,0.3487512452208563,0.2226059354841709,0.45609727636630365,0.1,1.0,0.1,1.0
182793,mscoco,0.5137707754969597,0.7598413786013218,0.6342766493558883,0.7872185841428055,0.0,0.0113636363636363,0.0,0.0434782608695652
21795,mscoco,0.016715251933783294,0.07602319076434326,0.016356596583500506,0.06661640596562043,0.1,1.0,0.1,1.0
566672,mscoco,0.2626222312450409,0.3744788648267892,0.3725315988063812,0.6285866671646253,0.2,0.25,0.5,1.0
2664,mscoco,0.46608859300613403,0.6651559994346455,0.4498148486018181,0.6575881907002673,0.0,0.0625,0.0,0.0476190476190476
333241,mscoco,0.03427351433783769,0.24077498526370483,0.03738928302191198,0.10801890517943373,0.1,1.0,0.1,0.3333333333333333
353402,mscoco,0.029818693548440932,0.08452671838367996,0.030088160280138256,0.09011845670084588,0.0,0.0285714285714285,0.1,0.5
18252,mscoco,0.3692222319543362,0.6180426992341106,0.45993751287460327,0.5161516894798119,0.6,1.0,1.0,1.0
387352,mscoco,0.1092255912721157,0.24715028846287276,0.19825519323349,0.3400586906990212,0.1,0.5,0.3,0.5
198085,mscoco,0.7058839619159698,0.8253598017160534,0.560021436214447,0.729024617661213,0.1,0.1428571428571428,0.1,0.5
246625,mscoco,0.35128176510334014,0.5925314448776997,0.3079334333539009,0.5792042445457191,0.5,0.3333333333333333,0.7,1.0
420045,mscoco,0.2951255336403847,0.5941125685063312,0.2924023427069187,0.6134870366483589,0.0,0.0303030303030303,0.0,0.0714285714285714
398225,mscoco,0.07058669980615377,0.19941014986598515,0.08651992566883564,0.24890275020096414,0.1,0.3333333333333333,0.0,0.0909090909090909
132964,mscoco,0.31612342596054077,0.5518244640269637,0.34964656084775925,0.678085830468789,0.6,1.0,0.9,1.0
344632,mscoco,0.006065615953411907,0.01948184073492035,0.0066796463739592585,0.02220094563647564,0.0,0.0285714285714285,0.0,0.0434782608695652
508045,mscoco,0.4643881469964981,0.75158634509822,0.4448695510625839,0.7549236928866987,0.3,1.0,0.2,1.0
236936,mscoco,0.028113634639885275,0.10136127472793548,0.017716849886346607,0.08904914358752807,0.0,0.0526315789473684,0.1,1.0
110330,mscoco,0.027295120502822103,0.09442569874587593,0.03164109042845666,0.08838849121907814,0.1,0.5,0.1,0.2
19292,mscoco,0.4480966478586197,0.5309492457427041,0.5947637021541595,0.7253260648184623,0.4,0.2,0.4,1.0
19,drawbench,0.01805627967696637,0.07319954263133842,0.008880154113285244,0.025002017139547097,0.0,0.0,0.0,0.0
345294,mscoco,0.32153837010264397,0.5495316059893165,0.2747532233595848,0.6490802719329244,0.1,0.125,0.2,1.0
250424,mscoco,0.05346066323108971,0.28892216521371017,0.05495219575241208,0.1688967578583496,0.0,0.0136986301369863,0.1,1.0
50583,mscoco,0.19199924170970917,0.6321548597044797,0.21980594396591185,0.48831089415270806,0.2,0.5,0.2,0.5
230879,mscoco,0.03879619091749191,0.09461084933943394,0.0797681163996458,0.23287826448765037,0.0,0.04,0.0,0.0833333333333333
168609,mscoco,0.012119419139344246,0.03322866587498013,0.007853949908167124,0.03402361639724986,0.0,0.0121951219512195,0.1,1.0
175923,mscoco,0.11339024119079114,0.2158974785538363,0.15223995819687844,0.3110378868921582,0.3,0.3333333333333333,0.3,0.2
530248,mscoco,0.01297434838488698,0.054667686160015896,0.011349239153787494,0.03727243274708441,0.2,1.0,0.0,0.0294117647058823
421009,mscoco,0.02599246595054865,0.0928124889762788,0.0448020376265049,0.15157263441044458,0.0,0.0666666666666666,0.1,0.5
450974,mscoco,0.14160380586981774,0.3464720902521681,0.17586318999528885,0.48939744393910545,0.1,0.125,0.2,1.0
34922,mscoco,0.04160984419286251,0.13241239633585108,0.03738489968236536,0.08516289112706336,0.0,0.0625,0.2,0.5
134454,mscoco,0.42268978208303454,0.7537052618419606,0.5435691475868225,0.7998889802352194,0.3,1.0,0.3,0.5
91960,mscoco,0.05251265314873308,0.21281191439071928,0.055001271050423385,0.3909963702258413,0.0,0.03125,0.0,0.0238095238095238
570203,mscoco,0.18384128659963608,0.26076997376860944,0.16789362207055092,0.3791270369346,0.1,0.125,0.5,1.0
46506,mscoco,0.030008585075847805,0.08283063816141006,0.0432457011193037,0.09677021709615426,0.0,0.0285714285714285,0.1,0.1428571428571428
460202,mscoco,0.10699393628165126,0.3319282064836386,0.08530298201367259,0.21063751122460359,0.3,1.0,0.3,0.5
358566,mscoco,0.18831818848848342,0.31561339073674805,0.17818728145211934,0.41549241262393205,0.2,0.5,0.6,0.3333333333333333
205206,mscoco,0.07429015906527639,0.2706030300579532,0.06768839750438929,0.19241779457737204,0.1,0.5,0.0,0.01
342273,mscoco,0.04068261572392658,0.236896101150072,0.08787809126079082,0.27658295742506134,0.1,0.3333333333333333,0.1,0.1428571428571428
550466,mscoco,0.11185354292392731,0.30004317648191725,0.2982144445180893,0.5087533677622147,0.3,1.0,0.5,1.0
303281,mscoco,0.9055287122726441,0.9499852442733017,0.913571047782898,0.9574045108024284,0.8,1.0,0.9,1.0
464787,mscoco,0.006420220318250358,0.021026132319146868,0.007575054909102619,0.027221469924867597,0.0,0.0625,0.1,0.5
382210,mscoco,0.07659973837435245,0.19800426571145877,0.2682459749281406,0.6234924188619532,0.0,0.0078740157480314,0.0,0.0217391304347826
78413,mscoco,0.07836644537746906,0.24731369978147036,0.07121002916246652,0.2323161743255279,0.1,1.0,0.1,0.5
241530,mscoco,0.015380860771983862,0.045550672900331074,0.01489051803946495,0.08323489809646431,0.0,0.0185185185185185,0.0,0.0666666666666666
165419,mscoco,0.6694808632135392,0.8577402549687326,0.7718395173549653,0.8924465163058455,0.4,1.0,0.8,1.0
152776,mscoco,0.17155341282486916,0.5150495768269318,0.2546047538518906,0.5733316790805956,0.1,1.0,0.1,1.0
103320,mscoco,0.19208554178476334,0.4177171111784769,0.18443924188613892,0.40779204542345937,0.1,0.25,0.0,0.0714285714285714
391011,mscoco,0.0326282624155283,0.09631042040022714,0.05364007381722331,0.14896026935139445,0.6,1.0,1.0,1.0
36281,mscoco,0.03328038142062724,0.21866291843281588,0.06099874209612608,0.28049809322430724,0.1,1.0,0.1,1.0
485016,mscoco,0.04592931228689849,0.13905375499965109,0.08679679450578988,0.33184221373300415,0.0,0.0112359550561797,0.0,0.0833333333333333
524392,mscoco,0.704426845908165,0.8399569793527306,0.7507042050361633,0.8839051558319827,1.0,1.0,0.9,1.0
299123,mscoco,0.0786702312529087,0.18154464044775434,0.07357935048639774,0.2281772760738558,0.4,1.0,0.6,0.5
211905,mscoco,0.0470594528131187,0.2142625290254778,0.025129754579393194,0.18478976330764865,0.1,1.0,0.1,1.0
231381,mscoco,0.2700408048927784,0.6003889261821559,0.33056064173579214,0.6494655625433289,0.3,0.5,0.5,1.0
433896,mscoco,0.1323618314228952,0.42874314433142835,0.10185447130352258,0.40129877205109227,0.1,1.0,0.1,1.0
284259,mscoco,0.044065491296350956,0.12485186871458408,0.06090423408895731,0.15520139200541802,0.2,1.0,0.1,1.0
540283,mscoco,0.25763413310050964,0.47306377109537184,0.323298904299736,0.5238919122827407,0.2,1.0,0.0,0.0769230769230769
425010,mscoco,0.11987910456955433,0.440592347508198,0.1048065448179841,0.4231026873621206,0.2,1.0,0.4,1.0
170525,mscoco,0.43392072319984437,0.5911347449351941,0.40781423896551133,0.6467206003242779,0.0,0.0434782608695652,0.2,0.125
432216,mscoco,0.12830514851957558,0.2676780462171558,0.22042664811015128,0.532249454090351,0.1,0.2,0.1,0.3333333333333333
142402,mscoco,0.0496734656393528,0.19090855978766652,0.05724477069452405,0.26517510422884,0.1,1.0,0.1,0.125
90820,mscoco,0.023032013978809118,0.11361081131417453,0.03741890782257542,0.23212774180996348,0.0,0.04,0.0,0.0833333333333333
208961,mscoco,0.014842384005896747,0.06474360186217636,0.012028033332899212,0.06553127270428104,0.1,1.0,0.1,1.0
140623,mscoco,0.11988156251609325,0.32026258325590895,0.17459360882639885,0.2919149511450209,0.3,1.0,0.3,0.3333333333333333
312015,mscoco,0.40742510706186297,0.651843025038425,0.29762891232967376,0.636862974485369,0.3,0.5,0.2,0.3333333333333333
388399,mscoco,0.3869609147310257,0.6528962128626102,0.38542391285300254,0.6362405630863149,0.2,0.3333333333333333,0.1,0.25
126659,mscoco,0.08768135122954845,0.2112512273184021,0.09960798546671867,0.20591875465520407,0.2,0.2,0.4,0.25
234990,mscoco,0.12615915834903718,0.3166572078559157,0.16444313302636146,0.3356803887611945,0.0,0.04,0.2,0.1111111111111111
212445,mscoco,0.5063784644007683,0.7411418628195845,0.6531049609184265,0.874569432980999,0.9,1.0,1.0,1.0
540885,mscoco,0.4090332791209221,0.5165057263706878,0.6001269847154618,0.7526234134740697,0.3,1.0,0.5,1.0
276417,mscoco,0.15407066680490972,0.39706408811216803,0.17805367931723595,0.3587583918690258,0.1,0.2,0.2,0.1111111111111111
46173,mscoco,0.05680870795622468,0.16758986558684313,0.1274345375597477,0.2680045466358747,0.1,0.3333333333333333,0.0,0.0188679245283018
53641,mscoco,0.10739331915974618,0.2968550354725847,0.10727956872433424,0.24276341463212722,0.2,0.5,0.2,0.1666666666666666
367332,mscoco,0.5992430984973908,0.8262074338027982,0.6663192510604858,0.8305371345983318,0.3,1.0,0.6,1.0
527134,mscoco,0.17099795006215573,0.2441602695231957,0.2879107430577278,0.5113354550074443,0.1,0.3333333333333333,0.1,0.1666666666666666
263970,mscoco,0.02124069449491799,0.07978823329759058,0.04171484876424074,0.13210399656518276,0.0,0.006060606060606,0.1,1.0
485696,mscoco,0.05585319269448519,0.1865864783366521,0.06967456489801407,0.2024640058238476,0.1,1.0,0.1,1.0
118870,mscoco,0.03345961179584265,0.17086196765415865,0.017402091529220343,0.06967600227751004,0.0,0.0909090909090909,0.1,0.5
11332,mscoco,0.2299303775653243,0.49702970756734166,0.17515929453074933,0.328761713663886,0.0,0.0625,0.5,1.0
365523,mscoco,0.032163051841780546,0.12893220369281008,0.02677751793526113,0.13375692435820732,0.1,0.3333333333333333,0.1,1.0
479035,mscoco,0.03338962704874575,0.10556203002324205,0.03548270547762513,0.10974190947604551,0.1,0.1428571428571428,0.0,0.0294117647058823
416098,mscoco,0.16776358503848315,0.6397046108446387,0.13394268951378763,0.5755819519580396,0.1,0.5,0.5,1.0
13284,mscoco,0.013764961890410632,0.07288728396933417,0.02127502392977476,0.0749813534339407,0.1,1.0,0.1,1.0
110435,mscoco,0.03178844060748816,0.1293830288043354,0.02823618708644062,0.13644223242891296,0.1,1.0,0.1,1.0
116694,mscoco,0.08691711472347378,0.24195871990513135,0.13249119268730283,0.23965664210495083,0.1,0.3333333333333333,0.0,0.037037037037037
244410,mscoco,0.19528138898313047,0.42101132625417725,0.3572422653436661,0.5760077749604299,0.3,1.0,1.0,1.0
428992,mscoco,0.008824366354383528,0.03806175720440257,0.017291858163662254,0.06757568841530967,0.2,1.0,0.6,1.0
337902,mscoco,0.28875718265771866,0.3900760229394293,0.2525248970836401,0.349586611073347,0.8,1.0,0.9,1.0
546074,mscoco,0.01549454713240266,0.05416809093315529,0.021451937314122916,0.06649803483303651,0.0,0.04,0.1,1.0
70033,mscoco,0.010658355872146785,0.049253042342004075,0.0063363811234012244,0.02729420447720367,0.6,1.0,0.6,1.0
149268,mscoco,0.24480098485946655,0.35635014508712803,0.2398441933095455,0.4332245690564052,0.0,0.0476190476190476,0.3,0.3333333333333333
431370,mscoco,0.14814711418002843,0.27384718458507834,0.3475335851311684,0.5670441495920239,0.1,0.125,0.2,0.3333333333333333
254387,mscoco,0.12326994650065899,0.28335497451247593,0.13022587187588214,0.27711170350993913,0.2,0.1428571428571428,0.5,0.3333333333333333
177349,mscoco,0.10193385863676667,0.35827350718914935,0.08822982730343938,0.24653233368996805,0.1,0.3333333333333333,0.1,0.1666666666666666
287186,mscoco,0.3382585600018501,0.6956048568580034,0.454969534277916,0.5638700626725683,0.0,0.0769230769230769,0.1,0.125
328284,mscoco,0.28624665886163714,0.33729234396699914,0.307383032143116,0.7142784262244485,0.1,0.25,0.1,1.0
50409,mscoco,0.03870394635014236,0.13185317023969603,0.05452524982392788,0.193933010697468,0.0,0.032258064516129,0.1,0.1111111111111111
399183,mscoco,0.026085951714776456,0.09535804830367287,0.09214000627398491,0.18341960185555015,0.1,0.1111111111111111,0.6,0.5
76589,mscoco,0.029854365810751914,0.08817429226496742,0.020385554805397988,0.07001811279086681,0.2,1.0,0.3,1.0
534965,mscoco,0.03170079691335559,0.13676920824185573,0.04772291965782642,0.1712470527844957,0.1,0.25,0.0,0.0833333333333333
295759,mscoco,0.016982064256444572,0.05427369287316397,0.01882658153772354,0.054009760458252204,0.0,0.0037735849056603,0.0,0.0526315789473684
131725,mscoco,0.05236025918275118,0.17775490826655183,0.05669633187353611,0.22042840992584087,0.0,0.0588235294117647,0.1,1.0
214123,mscoco,0.07298664096742868,0.26727693114456175,0.04636246208101511,0.13363613879526265,0.1,1.0,0.0,0.0625
433075,mscoco,0.06765399985015393,0.20462509426805592,0.05818036329001188,0.15447330531500883,0.1,1.0,0.1,0.1666666666666666
21260,mscoco,0.02801734711974859,0.08781096060925508,0.04623095765709877,0.11770088160250763,0.0,0.0098039215686274,0.1,0.2
312870,mscoco,0.0955606896430254,0.2824553451507163,0.07368901874870062,0.18070759204109568,0.0,0.0476190476190476,0.1,0.25
6824,mscoco,0.6850253134965897,0.8031018616239868,0.7537906050682068,0.831548424421337,0.7,0.25,0.8,1.0
368014,mscoco,0.0958322037011385,0.22698641822012294,0.09033423289656639,0.21154623201316525,0.3,0.3333333333333333,0.3,1.0
227772,mscoco,0.11109107923693955,0.3040688134693099,0.18903775699436665,0.3076267638024179,0.1,0.1666666666666666,0.3,0.25
276671,mscoco,0.23143324367702006,0.5232428041284983,0.5071774303913117,0.7664522986841386,0.2,0.3333333333333333,0.6,0.5
74894,mscoco,0.18147481754422187,0.3800047414312575,0.2045431762933731,0.38667978685450194,0.3,1.0,0.5,1.0
395170,mscoco,0.5510313212871552,0.6492035383756221,0.5363954991102219,0.7633213571058927,0.4,0.5,0.6,1.0
362521,mscoco,0.01896428521722555,0.0633760948301176,0.03338747918605804,0.07077627578324458,0.0,0.02,0.1,0.2
543838,mscoco,0.025833025854080916,0.12705530696833428,0.030285184422973545,0.08449916264225991,0.1,1.0,0.1,0.3333333333333333
385580,mscoco,0.03475568774156272,0.12683303931070666,0.06619735630229115,0.12155292512577967,0.0,0.0153846153846153,0.0,0.0714285714285714
448131,mscoco,0.20328935980796814,0.5160387185482377,0.29263243451714516,0.5718758229542049,0.1,0.2,0.6,1.0
33702,mscoco,0.23167736157774926,0.4809244201039227,0.31119589805603026,0.40353359708818737,0.0,0.0555555555555555,0.0,0.0769230769230769
109522,mscoco,0.06031359322369099,0.15808104645058974,0.05494653396308422,0.19545136218820416,0.0,0.0416666666666666,0.0,0.0256410256410256
268444,mscoco,0.06601376309990883,0.1893968570371128,0.07564944960176945,0.19963928907450082,0.2,0.5,0.3,1.0
526105,mscoco,0.048868414387106894,0.14769543650712713,0.06103086434304714,0.16145547384631104,0.0,0.0714285714285714,0.0,0.0833333333333333
538709,mscoco,0.030920546129345895,0.09111965420694142,0.04742884831503034,0.181207422512222,0.1,0.1666666666666666,0.2,0.5
455856,mscoco,0.005393589002778754,0.0293462358344185,0.012298623519018292,0.035269597431269305,0.1,0.5,0.1,0.5
246878,mscoco,0.15692872665822505,0.29764011626820275,0.3388917028903961,0.5477457600333198,0.0,0.0142857142857142,0.4,0.5
361472,mscoco,0.10686770118772984,0.2765520497994472,0.11922401338815689,0.4086827342995589,0.0,0.0384615384615384,0.1,1.0
422240,mscoco,0.17148845084011555,0.3797650126909394,0.1296617695130408,0.39373590480321646,0.1,1.0,0.1,1.0
233073,mscoco,0.05082474183291197,0.17831315021981325,0.06463184263557195,0.17238806391494785,0.1,0.3333333333333333,0.1,1.0
340621,mscoco,0.22966602221131324,0.5046900300861008,0.2644780917093158,0.510247321868934,0.4,1.0,0.6,1.0
422804,mscoco,0.009391056303866208,0.028289093347990547,0.010665728291496635,0.06284739178234267,0.1,0.1666666666666666,0.1,1.0
440762,mscoco,0.13769577220082282,0.36757291559075594,0.14448342844843864,0.2767067012854912,0.1,0.125,0.1,0.1
165907,mscoco,0.2237886905670166,0.42144946499165753,0.2721120357513428,0.5329839601533634,0.4,0.5,0.6,1.0
540006,mscoco,0.009476879885187372,0.03264497221174509,0.014087671786546708,0.05960770165229837,0.1,0.1111111111111111,0.1,1.0
300267,mscoco,0.14777946844696999,0.2917651310484852,0.1394558481872082,0.3421874106701042,0.5,0.5,0.3,1.0
413852,mscoco,0.5235483676195145,0.5685445291335935,0.6406101584434509,0.8167491050491976,0.4,0.25,0.7,1.0
360975,mscoco,0.09006947129964829,0.17927158140011137,0.04229938830249012,0.17539779036378988,0.4,0.25,0.3,1.0
211909,mscoco,0.6933902680873871,0.8450893709340157,0.7186862111091614,0.7969193887181283,0.6,1.0,0.8,1.0
66389,mscoco,0.046497820783406495,0.13461662161562146,0.0565344013273716,0.19383249661790847,0.0,0.0030395136778115,0.0,0.0025575447570332
13285,mscoco,0.04557361137121916,0.16794826660551565,0.036954831425100566,0.13603951643987466,0.0,0.009009009009009,0.0,0.0026178010471204
573922,mscoco,0.37555705606937406,0.5381657727733844,0.46931101083755494,0.7633720451928857,0.1,0.125,0.4,1.0
62619,mscoco,0.1704239472746849,0.4527411161661994,0.3457666613161564,0.5975367914706712,0.1,0.1,0.1,1.0
168563,mscoco,0.1942571710795164,0.3250802846492231,0.20053737983107567,0.3748253076392396,0.2,0.25,0.2,0.5
178504,mscoco,0.04661576645448804,0.10835429507911082,0.0935294016264379,0.2474753466794654,0.0,0.0909090909090909,0.1,1.0
176174,mscoco,0.044731345400214194,0.13135444931196502,0.058606655709445475,0.14524389888282632,0.1,0.1666666666666666,0.1,0.5
60903,mscoco,0.09308307245373726,0.19274021864881205,0.14800612404942512,0.3256442923822224,0.1,0.1111111111111111,0.2,1.0
80554,mscoco,0.17472115866839885,0.3585550118603887,0.22020373046398162,0.5265879452776513,0.0,0.0714285714285714,0.2,0.3333333333333333
494852,mscoco,0.06515970611944795,0.17327176916972276,0.08554297536611558,0.26924565843408116,0.4,1.0,0.3,1.0
272832,mscoco,0.09246861413121224,0.19625791650056768,0.11125650089234114,0.4068235437157387,0.1,0.3333333333333333,0.1,1.0
497002,mscoco,0.01247606825781986,0.05519823576078096,0.02862893695710227,0.10323934192811624,0.1,0.5,0.0,0.0526315789473684
473918,mscoco,0.025794610008597375,0.09934491403724188,0.045696576777845624,0.1942315851330899,0.0,0.0454545454545454,0.1,0.5
78681,mscoco,0.1753387488424778,0.3558278918500299,0.18015957698225976,0.3901124773907934,0.5,1.0,0.5,1.0
261323,mscoco,0.06236253455281258,0.16421796939648922,0.09600696228444576,0.24065324873692995,0.0,0.0476190476190476,0.1,1.0
489482,mscoco,0.11519948169589042,0.2610077304112706,0.18451134636998176,0.303015595799826,0.0,0.0909090909090909,0.1,0.5
513966,mscoco,0.1501552365720272,0.4159047343376384,0.23061900734901428,0.5413271961702032,0.1,0.2,0.0,0.04
326202,mscoco,0.12706885822117328,0.418035382564371,0.15192798376083375,0.3829907502421337,0.3,1.0,0.3,1.0
394159,mscoco,0.12221976444125175,0.28261470052190807,0.15714117661118507,0.3784490949256875,0.1,0.3333333333333333,0.2,0.3333333333333333
392320,mscoco,0.056667487416416404,0.16181653786888,0.05624968037009239,0.21006343552592305,0.7,1.0,0.6,1.0
428301,mscoco,0.4619233027100563,0.7742777949915959,0.44257018268108367,0.7087633558595302,0.3,1.0,0.3,1.0
304217,mscoco,0.10516446568071842,0.3518009888866355,0.09229673240333795,0.3268941954730847,0.0,0.0217391304347826,0.0,0.0133333333333333
332131,mscoco,0.252217797935009,0.4568349457368406,0.3753775805234909,0.5514774396588489,0.6,1.0,0.7,1.0
316336,mscoco,0.21497286446392536,0.34115949316394784,0.33789426237344744,0.5046090573272671,0.1,0.3333333333333333,0.1,1.0
575331,mscoco,0.01527995620854199,0.05050865155535026,0.018032765155658124,0.06177404522227132,0.0,0.0476190476190476,0.1,1.0
357578,mscoco,0.06706502549350261,0.17514145352108934,0.12588221430778504,0.30368584269723875,0.0,0.0625,0.2,0.25
201714,mscoco,0.2446687750518322,0.5139515680095144,0.1330464666709304,0.5588332315264818,0.5,1.0,0.3,1.0
76899,mscoco,0.06765135927125812,0.22714854408704094,0.049993871804326774,0.12702441521669686,0.1,0.1666666666666666,0.0,0.0175438596491228
461445,mscoco,0.11729552447795868,0.22964153135044188,0.12745300270617008,0.3990681281405182,0.2,0.3333333333333333,0.1,1.0
317431,mscoco,0.36998116225004196,0.7792759376800453,0.4239472046494484,0.6184309274437707,0.9,1.0,0.9,1.0
74,drawbench,0.1646438479423523,0.37338695743837375,0.10292657539248466,0.23604059679003542,0.0,0.0128205128205128,0.0,0.0181818181818181
413172,mscoco,0.14979820288717746,0.2703656541604317,0.2046271674335003,0.45382734857668494,0.1,0.1428571428571428,0.4,0.3333333333333333
346754,mscoco,0.030281372554600238,0.08814060669781085,0.01735490597784519,0.07666384229320862,0.0,0.0038167938931297,0.0,0.0014245014245014
142349,mscoco,0.14920468851923943,0.3585432962359081,0.14027729853987694,0.2587927606520965,0.1,0.1666666666666666,0.3,0.25
495947,mscoco,0.17997798323631287,0.4314555064653669,0.14831309616565705,0.25223437367577334,0.0,0.0454545454545454,0.0,0.0416666666666666
105344,mscoco,0.11390169057995081,0.2815739708398774,0.09336660280823708,0.2905920526019841,0.2,0.25,0.5,1.0
466024,mscoco,0.5883632875978947,0.8051269582809215,0.6823358297348022,0.7859149232121924,0.7,1.0,1.0,1.0
579165,mscoco,0.022133292770013212,0.07965065970831504,0.04426633901894093,0.1403665317460622,0.1,0.2,0.0,0.0256410256410256
323868,mscoco,0.12311487235128879,0.25826048409915237,0.4076639533042908,0.6318811088307853,0.1,0.1666666666666666,0.7,1.0
119947,mscoco,0.032530744350515305,0.10549978755822804,0.0397192494943738,0.11480397247488822,0.1,1.0,0.1,0.5
536201,mscoco,0.01539740595035255,0.05729953893789048,0.01300396267324686,0.0549541954607523,0.1,1.0,0.1,1.0
151432,mscoco,0.6092954933643341,0.7730754952350443,0.6077819675207138,0.7279842806540902,0.5,1.0,0.3,0.3333333333333333
50972,mscoco,0.23591996170580387,0.7028862988314033,0.2324935533106327,0.3800798554222963,0.2,1.0,0.2,0.3333333333333333
222361,mscoco,0.16143088787794113,0.32050200269465334,0.21843312233686446,0.3813043693405796,0.4,0.25,0.7,1.0
183,drawbench,0.010636966163292527,0.02620865913105311,0.005210472759790719,0.020567313282032023,0.0,0.0,0.0,0.0
356654,mscoco,0.03656253986991942,0.1553752438845714,0.06910000424832105,0.12853296363280034,0.1,1.0,0.0,0.0526315789473684
12377,mscoco,0.06708603259176016,0.30927719859012837,0.0950197160243988,0.24730629253720507,0.1,0.25,0.1,1.0
62589,mscoco,0.38605649545788767,0.7106825631159249,0.42113948464393614,0.7286177760204064,0.4,1.0,0.5,1.0
175,drawbench,0.04825949408113957,0.17860524210184303,0.03374164188280702,0.10106688111851231,0.0,0.0,0.0,0.0
97569,mscoco,0.012125024944543839,0.047572744551368326,0.013057598005980253,0.05587892386243916,0.1,0.1111111111111111,0.2,0.3333333333333333
118342,mscoco,0.19803309962153434,0.488686668848958,0.24873804971575736,0.40936620167791116,0.5,1.0,0.7,0.5
226348,mscoco,0.18874278403818606,0.560083391677869,0.23802477400749922,0.5009558705099751,0.1,0.5,0.1,1.0
507833,mscoco,0.014499596797395497,0.051402014014166636,0.00558663604024332,0.041926527057556805,0.1,1.0,0.1,1.0
509503,mscoco,0.20830650739371775,0.2769189411335799,0.1441326944157481,0.42864945785040126,0.4,1.0,0.3,0.5
265447,mscoco,0.42545365542173386,0.7764025831628505,0.4379692569375038,0.5942179076165053,0.6,1.0,0.6,1.0
39398,mscoco,0.4371101319789886,0.5656268990815613,0.6228830695152283,0.7499430248249974,0.1,0.5,0.2,1.0
475667,mscoco,0.5489770621061325,0.8364616842588511,0.5210486829280854,0.6018528616476203,0.3,0.3333333333333333,0.3,0.5
110829,mscoco,0.022820885805413128,0.08635761224016668,0.03192374799400568,0.12384119980707328,0.0,0.0434782608695652,0.2,1.0
423830,mscoco,0.5706936731934548,0.8455268436223964,0.6244456380605697,0.8151086825184969,0.1,0.125,0.2,1.0
159567,mscoco,0.08138755727559328,0.25705979161750586,0.14565448891371488,0.3826960664403906,0.1,1.0,0.0,0.003012048192771
67422,mscoco,0.1671231996268034,0.3084142732743474,0.18508920557796954,0.42985593867952016,0.3,0.5,0.3,0.5
449210,mscoco,0.32702634409070014,0.6932455703632628,0.4728325605392456,0.640678200979118,0.1,0.2,0.4,1.0
561386,mscoco,0.09677808438427746,0.1927918008952347,0.3577377460896969,0.6026474134989632,0.2,0.2,0.2,0.25
136267,mscoco,0.4861993223428726,0.7027936425281743,0.5670604258775711,0.7716385647314623,0.8,1.0,0.6,0.5
147294,mscoco,0.04353708745911718,0.15827796054875637,0.08665977148339152,0.1690748233182075,0.1,0.2,0.2,0.5
127074,mscoco,0.1292628835886717,0.3006382919266072,0.24973026737570764,0.6071324818511402,0.3,1.0,0.6,1.0
355593,mscoco,0.17555933594703674,0.6523390919295673,0.23063994348049163,0.555591900834165,0.0,0.0005411255411255,0.0,0.0078740157480314
82,drawbench,0.29203578978776934,0.5406740713222935,0.3555609405040741,0.7104842649827866,0.1,0.1666666666666666,0.0,0.032258064516129
97614,mscoco,0.053724791295826434,0.1314189956395086,0.10907598100602627,0.3176582564019076,0.0,0.0196078431372549,0.0,0.0555555555555555
548219,mscoco,0.12837404981255532,0.3516394549721907,0.12858019378036262,0.486518945438917,0.4,0.5,0.4,1.0
232031,mscoco,0.1967974968254566,0.31759767545702094,0.1976083040237427,0.3966890620321785,0.1,0.5,0.0,0.0526315789473684
212047,mscoco,0.029352768789976835,0.11254442687427589,0.023531294800341128,0.10607917472631695,0.1,1.0,0.1,1.0
532520,mscoco,0.030302812345325947,0.08694157186123878,0.0255091761238873,0.08574625531017052,0.2,0.3333333333333333,0.1,0.25
202923,mscoco,0.15816574022173882,0.2582690222935868,0.3293252676725388,0.5938741682038419,0.4,0.25,0.3,0.1666666666666666
32675,mscoco,0.3653573304414749,0.773257721583067,0.30899750292301176,0.7586366753455686,0.1,1.0,0.1,1.0
280112,mscoco,0.5627987027168274,0.7727433033011041,0.5400294587016106,0.7241088176388558,0.3,0.3333333333333333,0.2,1.0
230982,mscoco,0.012960343796294183,0.051987039532877026,0.015406732622068375,0.04689131450829261,0.1,0.5,0.0,0.0714285714285714
104340,mscoco,0.018102877377532422,0.04760272755829471,0.02325069650541991,0.10278308331663272,0.0,0.0256410256410256,0.1,1.0
444912,mscoco,0.02465514875948429,0.09183533175420022,0.06846146769821644,0.3134506500229282,0.0,0.0833333333333333,0.1,0.1666666666666666
210071,mscoco,0.022876760084182025,0.0716063181538371,0.020412133447825907,0.07380645387741881,0.9,1.0,1.0,1.0
541203,mscoco,0.07398603288456798,0.19297344149020787,0.07197939027100801,0.2697816492892444,0.1,0.1,0.2,1.0
64626,mscoco,0.2883176222443581,0.484641571093153,0.26967472583055496,0.5350307596545746,0.1,0.1111111111111111,0.0,0.0555555555555555
224060,mscoco,0.07108399420976638,0.25480728247234535,0.05924672968685627,0.22935472712769414,0.1,1.0,0.1,1.0
411028,mscoco,0.057908624038100244,0.1471907175626156,0.1394580278545618,0.41229695839591973,0.4,1.0,0.5,1.0
228712,mscoco,0.01621458660811186,0.04124862819430221,0.018796322913840414,0.05505522054662497,0.1,0.125,0.0,0.0256410256410256
170365,mscoco,0.3916266277432442,0.6569787522818629,0.3706938400864601,0.6368241620676797,0.0,0.0769230769230769,0.1,0.125
346403,mscoco,0.10798677280545235,0.30217757293561776,0.18142113834619522,0.500280362992035,0.0,0.0163934426229508,0.2,1.0
265597,mscoco,0.6419994354248046,0.845001910294742,0.607047951221466,0.7191289460701992,1.0,1.0,0.9,0.5
11504,mscoco,0.1200074976310134,0.1894398210957337,0.14397701770067214,0.3707861304839804,0.1,0.125,0.2,0.3333333333333333
546010,mscoco,0.025502339657396077,0.14420902005827865,0.02936448291875422,0.13417739158753375,0.1,1.0,0.1,0.5
287003,mscoco,0.555449815839529,0.846062574962277,0.5808648526668548,0.7999020897216814,0.1,1.0,0.3,0.5
485406,mscoco,0.005635970213916153,0.024023700034058387,0.01818658031988889,0.11123541498579721,0.0,0.0416666666666666,0.1,1.0
299051,mscoco,0.05638429671525955,0.18830598938445825,0.06415519118309021,0.18208336976910378,0.3,1.0,0.5,1.0
67,drawbench,0.01118998706806451,0.040244442530708226,0.0025653410761151464,0.012693388659244742,0.0,0.0,0.0,0.0
107481,mscoco,0.5049904018640519,0.7206788301240256,0.5456186681985855,0.7493868468795186,0.4,0.3333333333333333,0.5,1.0
160968,mscoco,0.39898253679275514,0.6601109547084124,0.3289991423487663,0.5039408017950154,0.1,0.1428571428571428,0.1,0.3333333333333333
447983,mscoco,0.05618140380829573,0.21227739969400347,0.17511986345052719,0.33647451013506663,0.1,1.0,0.1,1.0
192651,mscoco,0.11203135401010514,0.28135776211599456,0.17000705972313881,0.42640545720172546,0.3,0.5,0.5,1.0
341856,mscoco,0.023325496632605792,0.09951361743955353,0.04270697361789644,0.13440488572872297,0.3,0.5,0.2,1.0
45809,mscoco,0.3657187357544899,0.5738502909850535,0.3751602381467819,0.5270975226358978,0.6,1.0,0.6,1.0
552089,mscoco,0.03779154417570681,0.09271718457397593,0.041741513088345526,0.08271228023164102,0.1,0.1111111111111111,0.1,0.1
24097,mscoco,0.05413131490349769,0.23923151831458822,0.04026092228014022,0.22318472121262994,0.1,1.0,0.1,1.0
433451,mscoco,0.2091710703447461,0.41079436335628305,0.19312866330146788,0.43209496843493367,0.0,0.0909090909090909,0.1,0.1666666666666666
547100,mscoco,0.11979670468717814,0.4870905956690021,0.1168845761101693,0.4975713750674341,0.1,1.0,0.1,1.0
485595,mscoco,0.18017921447753907,0.44540720990231086,0.27110265344381335,0.5614380367549665,0.1,0.5,0.1,1.0
266209,mscoco,0.0545622231438756,0.1355589890912966,0.0718541419133544,0.19985317267394803,0.2,0.3333333333333333,0.8,1.0
559754,mscoco,0.1506260685622692,0.33287631380469596,0.1845605716109276,0.3537456182217084,0.3,0.25,0.5,1.0
253848,mscoco,0.3078428126871586,0.6783734521409883,0.3367013096809387,0.529041522128451,0.0,0.0434782608695652,0.1,0.1666666666666666
51487,mscoco,0.03316535209305584,0.1491362850493822,0.03786156624555588,0.14453133687489425,0.1,1.0,0.1,1.0
8725,mscoco,0.2727067988365889,0.49177610834896324,0.2936276003718376,0.5266950715470811,0.0,0.003690036900369,0.0,0.0909090909090909
115,drawbench,0.056860241247341035,0.23043117780414302,0.09476287672296166,0.29770928834413657,0.0,0.0,0.0,0.0
168833,mscoco,0.39982661604881287,0.6289357667364243,0.4746257722377777,0.574398377413443,0.0,0.02,0.0,0.0357142857142857
248682,mscoco,0.4967567965388298,0.7012168826258296,0.5270450457930564,0.7442490142542602,0.6,0.5,0.8,1.0
488032,mscoco,0.5248369112610817,0.7756687753259197,0.6509792864322662,0.7848148290531173,0.3,1.0,0.6,1.0
24242,mscoco,0.12696574702858926,0.2836763488891685,0.26253180801868437,0.46592152537727966,0.0,0.05,0.5,1.0
150546,mscoco,0.15948745422065258,0.413464895738835,0.18349752202630043,0.4161483628950066,0.1,0.5,0.1,1.0
67563,mscoco,0.5246987104415893,0.6744270475146031,0.5308720856904984,0.7351624358037154,0.2,1.0,0.0,0.0833333333333333
36783,mscoco,0.4010964035987854,0.7533624789473994,0.4985265821218491,0.7688966617382756,0.0,0.0040485829959514,0.1,0.1428571428571428
216015,mscoco,0.308951611071825,0.612135460758908,0.30828813314437864,0.6173210949866406,0.2,1.0,0.1,1.0
530904,mscoco,0.1517093747854233,0.3604083494591181,0.1786773007363081,0.549372414451381,0.3,0.3333333333333333,0.3,1.0
15356,mscoco,0.26318406909704206,0.48719829014071014,0.3007629007101059,0.6509617802616505,0.4,0.3333333333333333,0.4,1.0
213809,mscoco,0.030835840571671724,0.16017468722553016,0.047278634086251256,0.17282924970887767,0.1,1.0,0.1,1.0
407057,mscoco,0.013210866367444396,0.048710915071403446,0.012950917705893517,0.04575168408160141,0.4,1.0,0.3,1.0
229142,mscoco,0.33819897174835206,0.5343057960470404,0.4604377508163452,0.7747777216865117,0.1,0.3333333333333333,0.1,0.1428571428571428
307990,mscoco,0.23031823858618736,0.41873631891493013,0.37925506234169004,0.6491234725989993,0.3,0.25,0.2,0.5
185,drawbench,0.011805727053433657,0.035835473893488866,0.012351803155615926,0.03861244211261489,0.0,0.0,0.0,0.0
318820,mscoco,0.061712009459733964,0.20765493369102425,0.0583962919190526,0.21537653928771122,0.1,1.0,0.1,1.0
575303,mscoco,0.035137100820429625,0.21003490557432594,0.030421035597100854,0.20504503775565203,0.1,1.0,0.1,1.0
578094,mscoco,0.034113853238523006,0.08504477225108369,0.0560445424169302,0.13936512826975436,0.4,1.0,0.7,1.0
54611,mscoco,0.14030005633831025,0.2862731833775706,0.20404943004250525,0.42961198456128974,0.2,0.3333333333333333,0.7,1.0
5903,mscoco,0.10142217995598912,0.4667825427462936,0.16651855176314712,0.4844949272163342,0.2,1.0,0.1,1.0
238603,mscoco,0.5416839778423309,0.6976762992022038,0.6614663630723954,0.8561060982149175,0.3,0.1666666666666666,0.7,1.0
113089,mscoco,0.00571501322556287,0.02790679567352235,0.008821658417582512,0.03488896555306672,0.1,1.0,0.1,1.0
381759,mscoco,0.031385649903677405,0.09717279885869509,0.03394512915983796,0.0877567667155065,0.0,0.0104166666666666,0.1,0.5
486580,mscoco,0.0318923513405025,0.09744357276379621,0.0909984301775694,0.19949124292152073,0.0,0.0434782608695652,0.2,0.25
480720,mscoco,0.685804483294487,0.8191175747513995,0.6879262030124664,0.8790922006263985,0.6,0.3333333333333333,0.5,1.0
289140,mscoco,0.025993628846481442,0.06360575684428364,0.035330557357519866,0.0936517096169345,0.1,0.2,0.1,0.3333333333333333
91719,mscoco,0.10606147721409798,0.23339469522888895,0.2731820359826088,0.542215620291441,0.2,0.3333333333333333,0.8,1.0
8944,mscoco,0.0683723535388708,0.1760488268766421,0.12004110738635063,0.29362943146358295,0.1,0.3333333333333333,0.0,0.0833333333333333
468742,mscoco,0.029057704750448464,0.11769664764560293,0.036299933679401875,0.13066786008714976,0.3,1.0,0.3,1.0
512723,mscoco,0.4236081212759018,0.71327732075677,0.4834721267223358,0.565612732750864,0.5,1.0,0.8,1.0
167962,mscoco,0.5551029801368713,0.6691955936542033,0.681545752286911,0.8563487316137746,0.2,0.1666666666666666,0.4,0.3333333333333333
132161,mscoco,0.09604583363980054,0.2561404103629135,0.07934873532503843,0.16928993587044122,0.0,0.0416666666666666,0.1,1.0
260336,mscoco,0.22015069499611856,0.45212884227814526,0.22047042176127435,0.3661684033794909,0.6,1.0,0.8,1.0
320429,mscoco,0.26111337542533875,0.3968579764788474,0.32711588591337204,0.7097027267212421,0.1,0.1,0.2,1.0
465893,mscoco,0.05749640557914972,0.15913701961460372,0.12016521580517292,0.2547221751239012,0.2,0.1666666666666666,0.5,0.3333333333333333
34183,mscoco,0.09313485138118267,0.42908356860638497,0.10478709414601325,0.4697826657536723,0.2,1.0,0.2,1.0
531404,mscoco,0.005127958115190267,0.02175609194193212,0.01037595426896587,0.03641430980352052,0.0,0.015625,0.1,0.1666666666666666
551651,mscoco,0.0830238439142704,0.24268467989368966,0.08972346484661102,0.21228835464537776,0.1,0.1428571428571428,0.2,0.5
140921,mscoco,0.2590157128870487,0.6200520220797553,0.39580593556165694,0.6370736382340987,0.2,1.0,0.2,1.0
449780,mscoco,0.07024042122066021,0.136836696980267,0.06067999303340912,0.23674688515120343,0.1,0.1666666666666666,0.0,0.0588235294117647
560326,mscoco,0.04252522448077798,0.15319382027263728,0.05900416276417673,0.1788996621266574,0.2,0.5,0.3,1.0
440813,mscoco,0.06637350060045719,0.13817080429882564,0.0442059047985822,0.14962992977820003,0.1,0.5,0.1,0.25
126,drawbench,0.12589713260531427,0.3322326504510501,0.16428029537200928,0.41745514239720155,0.0,1.321684883889983e-05,0.0,4.428305730227615e-05
44,drawbench,0.13049383983016014,0.27708516018520457,0.13914578221738338,0.31821447583669704,0.0,2.0200795911358907e-05,0.0,0.0002699784017278
174417,mscoco,0.04059242052026093,0.11879863287151497,0.036380333732813595,0.153713844259581,0.1,1.0,0.1,0.5
423215,mscoco,0.011668959178496151,0.03553037825544743,0.016387972980737686,0.046813098569923155,0.0,0.0017094017094017,0.0,0.0588235294117647
478090,mscoco,0.16685084551572799,0.31502521922076515,0.24972779154777527,0.6362233978302766,0.0,0.0588235294117647,0.1,0.1666666666666666
83034,mscoco,0.009020019776653499,0.043483143482228086,0.015528356563299895,0.06460002761383699,0.1,1.0,0.0,0.0833333333333333
325568,mscoco,0.05672352593392134,0.1429549097681865,0.16440989598631858,0.32746309078286956,0.0,0.0010660980810234,0.0,0.0007107320540156
517603,mscoco,0.04920568577945232,0.14609810191870526,0.04037121552973986,0.13077532751853108,0.4,0.25,0.1,0.2
460287,mscoco,0.10435172487050295,0.39327552526206505,0.09321441873908043,0.3596750530628582,0.2,1.0,0.2,1.0
337546,mscoco,0.18714642897248268,0.3545132963918915,0.21517782285809517,0.452469817092397,0.1,0.1111111111111111,0.3,1.0
389491,mscoco,0.2932541914284229,0.49272592189968784,0.3868176281452179,0.6756782074306215,0.0,0.024390243902439,0.2,0.5
557451,mscoco,0.04094151053577662,0.13901926834371314,0.04303500484675169,0.12861663287496464,0.2,1.0,0.2,1.0
20414,mscoco,0.24227604642510414,0.7659450657536121,0.2649728417396545,0.7711482156661733,0.4,1.0,0.7,1.0
402603,mscoco,0.20098683908581733,0.4793990382230799,0.19468605890870094,0.41264147417764213,0.1,0.5,0.1,1.0
93116,mscoco,0.12482619192451239,0.2853924156541653,0.10532750338315963,0.28382869173381675,0.3,0.25,0.4,1.0
202143,mscoco,0.2617182955145836,0.6551346781563854,0.5811431884765625,0.7248948031291855,0.4,0.5,0.8,1.0
477526,mscoco,0.48735438883304594,0.7562465786961587,0.4833872526884079,0.7611234149706267,0.2,1.0,0.3,1.0
557388,mscoco,0.24665339216589927,0.4815149221467394,0.26018378138542175,0.47732000490433835,0.5,1.0,0.2,1.0
120254,mscoco,0.22284851782023907,0.532201165983831,0.24327141493558885,0.5662055937652021,0.1,0.1666666666666666,0.2,0.25
188606,mscoco,0.15909543111920357,0.37166026137282654,0.1567586850374937,0.31317316082359153,0.0,0.037037037037037,0.1,0.1
490336,mscoco,0.5009059637784958,0.5714923791668023,0.5872382134199142,0.8227235610309471,0.1,0.3333333333333333,0.4,0.5
82731,mscoco,0.07301131226122379,0.20206679190814375,0.07437747921794653,0.16554464919934683,0.1,0.1428571428571428,0.1,0.1
46674,mscoco,0.09726485265418887,0.31626655271703225,0.09107486619614065,0.34141529252852915,0.1,1.0,0.1,1.0
534366,mscoco,0.15846247151494025,0.5608225515197703,0.22822407465428113,0.449984605385711,0.2,1.0,0.3,1.0
493774,mscoco,0.05242177452892065,0.17337284889600113,0.05512956250458956,0.15605238189581652,0.0,0.0833333333333333,0.2,0.5
417547,mscoco,0.021404353715479375,0.0803403186037541,0.022505972208455204,0.07553953148456588,0.0,0.0344827586206896,0.0,0.0119047619047619
63556,mscoco,0.007364008564036339,0.038321034681363116,0.006634132447652518,0.02695873266316294,0.1,0.3333333333333333,0.1,1.0
479036,mscoco,0.17144306963309647,0.5997616490064096,0.18269722834229468,0.39057466353614,0.4,1.0,0.4,1.0
515424,mscoco,0.3618735134601593,0.6405194579203227,0.5285896748304367,0.7500445363529042,0.2,0.5,0.1,0.25
320899,mscoco,0.04611660968512297,0.13601221771292504,0.047156217880547045,0.13459475534303483,0.1,0.125,0.1,0.125
353378,mscoco,0.14350304156541824,0.5465952966553546,0.14898999966681004,0.5946236833612069,0.1,1.0,0.1,1.0
26517,mscoco,0.1265593722462654,0.23314738922713385,0.17058207131922246,0.40631804045726205,0.1,0.2,0.2,1.0
559912,mscoco,0.23689460456371308,0.3309724075330027,0.26607567369937896,0.48241733911837587,0.4,0.2,0.5,1.0
5913,mscoco,0.5231969058513641,0.8160155327206107,0.406759637594223,0.7565695566223646,0.0,0.0833333333333333,0.0,0.0625
390474,mscoco,0.20261468775570393,0.47029789608959804,0.20964156687259675,0.4411887622257039,0.5,0.5,0.6,1.0
235062,mscoco,0.2074028141796589,0.44019844975825717,0.11509769968688488,0.3659028242418941,0.2,0.3333333333333333,0.2,1.0
313015,mscoco,0.029307701205834747,0.1065317395863101,0.031853442545980215,0.12232217845396992,0.1,0.2,0.1,1.0
397857,mscoco,0.022634283709339797,0.12150769233540122,0.029327089712023736,0.12894713368732078,0.1,1.0,0.1,1.0
550140,mscoco,0.1501883275806904,0.30522428147971103,0.17987687662243843,0.3646893852038835,0.7,0.25,0.5,0.5
461836,mscoco,0.02013643616810441,0.061451104883954874,0.02772022346034646,0.1041361349114411,0.0,0.0666666666666666,0.0,0.0714285714285714
106,drawbench,0.012681432534009218,0.05738340085658064,0.01568217375315726,0.052081006820281904,0.0,0.02,0.1,0.1666666666666666
81779,mscoco,0.0575164963491261,0.16853606183252312,0.09089426267892123,0.17315344574121694,0.1,0.5,0.1,0.25
215134,mscoco,0.6362638682126999,0.7143367348494402,0.7187844276428222,0.8164325196731604,0.1,0.3333333333333333,0.1,0.25
523309,mscoco,0.034672139375470576,0.0730025680375246,0.020169365080073477,0.10279347716392172,0.0,0.0833333333333333,0.0,0.0833333333333333
171,drawbench,0.013438755506649613,0.04434836005293536,0.01646034693112597,0.07110629524068672,0.0,0.0,0.0,0.0
380500,mscoco,0.17911534234881402,0.36900168309203946,0.17233958542346955,0.5375787406419358,0.0,0.0192307692307692,0.2,1.0
156128,mscoco,0.3536224544048309,0.7484031264042029,0.38353563509881494,0.6310337472269929,0.2,1.0,0.4,1.0
125908,mscoco,0.0999013353139162,0.2772380733368069,0.13856823528185486,0.37415796149374353,0.4,0.5,0.4,0.5
488303,mscoco,0.0495799794793129,0.20834834770476537,0.08197289388626813,0.19609329770433662,0.1,0.3333333333333333,0.0,0.0476190476190476
49725,mscoco,0.18161566667258738,0.5074185281670519,0.193099806830287,0.4781910866002529,0.1,0.5,0.1,0.5
556363,mscoco,0.0405064994469285,0.14192783907138742,0.03625953886657953,0.10776533645234712,0.1,1.0,0.1,0.1428571428571428
279947,mscoco,0.1126097347587347,0.2204871566877657,0.09863328002393246,0.23511960847451835,0.3,0.5,0.6,1.0
139083,mscoco,0.11741403425112366,0.27168059920035714,0.12135389558970928,0.33672949072082575,0.2,0.3333333333333333,0.0,0.0666666666666666
325055,mscoco,0.1050159439444542,0.2365363969961437,0.06034942176192999,0.1435287892903499,0.3,0.25,0.3,0.3333333333333333
483311,mscoco,0.602800452709198,0.8159745413592665,0.6779331207275391,0.883138700969489,0.8,1.0,0.8,0.5
206410,mscoco,0.08426284380257129,0.2365296422788402,0.15267913937568664,0.3602790518394273,0.2,1.0,0.0,0.0212765957446808
270290,mscoco,0.019685976579785346,0.07973220996166352,0.024571326514706015,0.10815276621742527,0.3,1.0,0.3,1.0
542937,mscoco,0.13655004929751158,0.38130467456109374,0.1972311444580555,0.44395085669042345,0.2,0.25,0.1,0.2
109178,mscoco,0.22215963453054427,0.472271934656777,0.23947175815701485,0.5175767115174107,0.9,1.0,1.0,1.0
286116,mscoco,0.04816904421895742,0.09469885121974932,0.06009354656562209,0.17846964042377778,0.2,0.1428571428571428,0.3,1.0
369557,mscoco,0.34322870820760726,0.5213410772611387,0.41723546087741853,0.6642993639485755,0.2,0.5,0.5,1.0
195810,mscoco,0.07124457452446223,0.2060858115387206,0.07974338438361883,0.17956260047155542,0.1,1.0,0.1,0.5
561907,mscoco,0.1421786982100457,0.45265019756278224,0.12104734396561981,0.44709791309276853,0.0,0.03125,0.0,0.0010604453870625
100083,mscoco,0.054946031980216505,0.14994549729381643,0.06925875879824162,0.21631019170303156,0.9,1.0,0.5,1.0
427113,mscoco,0.2827974887564778,0.617014153641305,0.4238185629248619,0.6396217670189042,0.3,1.0,0.5,1.0
504670,mscoco,0.17880557477474213,0.40114998792680845,0.20368262082338334,0.36827191685469346,0.0,0.0384615384615384,0.0,0.04
171656,mscoco,0.025286247301846743,0.07917099063196063,0.022973542334511876,0.08581189313637763,0.1,0.1428571428571428,0.1,1.0
337011,mscoco,0.013675066013820469,0.0449212292736875,0.008247531310189515,0.032606954208069104,0.0,0.0344827586206896,0.1,0.5
452031,mscoco,0.0070837873732671145,0.03327410038450461,0.02115008598193526,0.0794196250040263,0.1,1.0,0.0,0.0769230769230769
59593,mscoco,0.4176361635327339,0.6891175191051089,0.48119123131036756,0.815552356516843,0.3,0.3333333333333333,0.2,1.0
469894,mscoco,0.11952274180948734,0.2976821371089822,0.22254620119929314,0.3818158165846278,0.1,0.25,0.6,0.5
427688,mscoco,0.5692652627825737,0.6938317016763984,0.6178816586732865,0.807904502303845,0.5,0.2,0.9,1.0
247394,mscoco,0.06708977539092302,0.17080491812508247,0.07356281206011772,0.18719764189859747,0.2,1.0,0.2,0.5
189197,mscoco,0.15483708530664445,0.3065936079957808,0.07813756689429283,0.16835171511200844,0.0,0.024390243902439,0.0,0.0769230769230769
293218,mscoco,0.2027572762221098,0.3510330708610383,0.24979266598820687,0.5514189381042787,0.1,0.25,0.5,1.0
563257,mscoco,0.1751190684735775,0.3463791825009222,0.16895395815372466,0.420479549132555,0.0,0.0285714285714285,0.1,0.1
188556,mscoco,0.32659674286842344,0.5949786767046419,0.3931968346238136,0.7124984582473336,0.4,1.0,0.6,0.5
544348,mscoco,0.10158475879579783,0.25446222595224177,0.07883749511092901,0.22335866425442683,0.1,1.0,0.1,1.0
492817,mscoco,0.6060954451560974,0.7929642902341961,0.5800832271575928,0.7066769333622488,0.5,1.0,0.2,0.3333333333333333
5614,mscoco,0.20649872496724128,0.3537953124227519,0.3413363739848137,0.5662535664249672,0.1,0.1666666666666666,0.6,1.0
58250,mscoco,0.013758280454203487,0.04512737627381109,0.020549239683896305,0.1414653648579941,0.0,0.0212765957446808,0.1,1.0
110348,mscoco,0.22022524960339068,0.4989112040968777,0.216308019682765,0.4506524881028128,0.8,1.0,0.9,1.0
502179,mscoco,0.12788521023467184,0.19777184640917017,0.10738788731396198,0.2212438060936689,0.0,0.0476190476190476,0.0,0.0833333333333333
357948,mscoco,0.015609252062859014,0.09238710407340436,0.027285731723532082,0.0790571648613947,0.1,1.0,0.1,0.5
293081,mscoco,0.4478207051753998,0.5572591690023985,0.5831439584493637,0.7487337794010293,0.3,0.5,0.6,0.5
531883,mscoco,0.038218512665480375,0.13662774208803838,0.046664574183523655,0.1751933848864444,0.2,1.0,0.2,1.0
241911,mscoco,0.08180349101312459,0.3232677245357789,0.16738639869727195,0.3712654907680401,0.1,0.1428571428571428,0.1,0.125
253480,mscoco,0.028141767904162406,0.10060606383303464,0.03718606699258089,0.183603817401692,0.0,0.0588235294117647,0.3,0.5
7,drawbench,0.14910303596407176,0.48161696865189285,0.05852377116680145,0.16773688225396083,0.0,5.006257822277847e-05,0.0,0.0001886080724254
418853,mscoco,0.029817775823175907,0.11070185668080225,0.03921475559473038,0.17363125745799826,0.1,0.3333333333333333,0.1,1.0
476341,mscoco,0.19612252116203308,0.3321847532578945,0.2125680163502693,0.36124972566067937,0.0,0.0181818181818181,0.0,0.0013351134846461
92554,mscoco,0.13451815135776996,0.23035644885408102,0.09057066719979048,0.26917273806185493,0.1,0.5,0.3,1.0
186145,mscoco,0.03962883539497852,0.18758879223433972,0.041742639429867265,0.14233794702997277,0.2,0.1666666666666666,0.5,0.3333333333333333
323424,mscoco,0.04067565081641078,0.10487555217670988,0.08801191598176956,0.23004072475050025,0.0,0.0357142857142857,0.2,0.1428571428571428
92670,mscoco,0.4737455606460571,0.5122912048102145,0.45214527994394305,0.7593480277748454,0.2,0.5,0.2,0.5
436333,mscoco,0.09031797740608453,0.22439474119518077,0.10131400190293789,0.3641316737336665,0.0,0.0285714285714285,0.1,0.5
25748,mscoco,0.1611371748149395,0.3215753533195906,0.22058873549103736,0.521073371956849,0.0,0.0666666666666666,0.1,1.0
437156,mscoco,0.4228984836488962,0.7560627826623306,0.5860214829444885,0.8246393696027627,0.5,1.0,1.0,1.0
40361,mscoco,0.10387823386117816,0.2511947686960663,0.22560025341808795,0.33651400305948187,0.1,0.125,0.4,0.3333333333333333
190,drawbench,0.014101595245301723,0.04332211037815672,0.012708320695674047,0.05498386019746245,0.0,0.0,0.0,0.0
477988,mscoco,0.06494006793946028,0.19684619171291007,0.05561103392392397,0.2118505350934066,0.2,1.0,0.2,1.0
108238,mscoco,0.07577554555609822,0.17081231159503804,0.18794034644961358,0.6013408724455725,0.0,0.03125,0.1,1.0
397575,mscoco,0.11139010079205036,0.2528444734086613,0.10285710878670215,0.3393069612789696,0.0,0.0192307692307692,0.1,1.0
442667,mscoco,0.08679174333810806,0.34376649540788123,0.16883712597191333,0.3341499091031334,0.0,0.0212765957446808,0.4,0.5
362839,mscoco,0.029874590644612908,0.11725745923757001,0.03487167889252305,0.1331413188944031,0.1,1.0,0.1,1.0
375004,mscoco,0.12855312693864107,0.34962547880126277,0.2240271084010601,0.5000393849334164,0.1,0.5,0.1,1.0
409949,mscoco,0.6915990233421325,0.8839708063964238,0.661125785112381,0.7789923449632836,0.4,1.0,0.6,1.0
549532,mscoco,0.5205249398946762,0.6524966315309446,0.5145609214901924,0.6771407246351501,0.5,0.3333333333333333,0.2,0.1111111111111111
434511,mscoco,0.031546225491911176,0.16720836022787422,0.043887418368831276,0.18164145935277431,0.1,1.0,0.1,1.0
33481,mscoco,0.0466753437416628,0.191127084233708,0.07166899591684342,0.22857239796486722,0.3,1.0,0.2,1.0
306232,mscoco,0.08350340723991394,0.19705643145388058,0.06239002118818462,0.16744462376319177,0.0,0.0222222222222222,0.0,0.0769230769230769
154119,mscoco,0.06375302486121655,0.16524493456640582,0.10993705987930298,0.31944271573666305,0.4,0.3333333333333333,0.6,1.0
525467,mscoco,0.13560881614685058,0.37999405841693107,0.2696702562272549,0.376796536690608,0.3,1.0,0.3,1.0
494360,mscoco,0.041271747834980485,0.1548804029682631,0.025636488758027553,0.07863405897736837,0.1,0.5,0.1,0.125
223574,mscoco,0.13444263003766538,0.2800330535171158,0.2191012166440487,0.3908178150590958,0.1,0.5,0.1,1.0
347113,mscoco,0.04422731641680002,0.17054150711782384,0.05163260232657194,0.1355694476112334,0.0,0.0014903129657228,0.0,0.0833333333333333
25697,mscoco,0.08027031868696213,0.2250109207078784,0.06283174380660057,0.18259377402522087,0.8,1.0,0.7,1.0
198978,mscoco,0.08333748802542687,0.2574837891757999,0.14699794501066207,0.35345117116725266,0.0,0.0666666666666666,0.3,0.25
172776,mscoco,0.3971232742071152,0.5236332356168213,0.5731520980596543,0.7179321847657862,0.2,0.25,0.7,0.25
59515,mscoco,0.0563376409932971,0.14360982067320713,0.1138996236026287,0.34146730473640735,0.0,0.0055555555555555,0.0,0.0017391304347826
35715,mscoco,0.021869512740522623,0.0917666272166114,0.028670118656009436,0.10660547964436179,0.0,0.05,0.1,1.0
386777,mscoco,0.10401371377520263,0.3676057606037183,0.04561310205608606,0.14652905210379708,0.2,1.0,0.1,0.1428571428571428
527342,mscoco,0.05488344398327172,0.1622929719146161,0.08841665033251048,0.21774765991759176,0.1,0.3333333333333333,0.1,1.0
408838,mscoco,0.25109565630555153,0.604097131988344,0.27322241440415385,0.4982103017604554,0.1,0.1666666666666666,0.0,0.02
53744,mscoco,0.025447109760716558,0.1082632280692601,0.09025024212896823,0.22167767529479085,0.1,1.0,0.8,1.0
218960,mscoco,0.47494577765464785,0.7737540116918533,0.5781737357378006,0.7830943961610257,0.2,1.0,0.3,1.0
404367,mscoco,0.44065913259983064,0.7280358299416759,0.5911936402320862,0.719904734287458,0.4,0.3333333333333333,0.5,1.0
500071,mscoco,0.006245401955675333,0.03660009560699318,0.015859426092356445,0.10176871076485576,0.0,0.009090909090909,0.1,1.0
74331,mscoco,0.20284220576286316,0.6529706476540785,0.18640413805842398,0.6773452144225252,0.2,1.0,0.1,1.0
47652,mscoco,0.10423455387353897,0.27924666604898607,0.1271229896694422,0.22769975730162234,0.0,0.0714285714285714,0.6,1.0
299154,mscoco,0.13129155803471804,0.3689955956460754,0.07938666706904769,0.2129060212961148,0.1,0.1666666666666666,0.2,0.5
499004,mscoco,0.26227197498083116,0.5810972535171208,0.20232328847050668,0.5021340853091577,0.1,0.2,0.3,0.25
13471,mscoco,0.3701865717768669,0.6309939443047323,0.44770058393478396,0.7429916394742587,0.3,1.0,0.6,1.0
280810,mscoco,0.08956936858594418,0.27045357609782894,0.14614351140335202,0.37281833880551907,0.2,0.5,0.1,0.3333333333333333
322008,mscoco,0.014182342402637004,0.05399416767425521,0.028292067162692548,0.08484146049249945,0.1,0.1428571428571428,0.0,0.0909090909090909
108871,mscoco,0.06574257230386138,0.19500621682515437,0.08103671930730343,0.3013018752584545,0.1,0.5,0.1,1.0
509626,mscoco,0.17604797407984735,0.46853380166109276,0.15839269161224365,0.36259729164201615,0.1,0.2,0.0,0.0014492753623188
105853,mscoco,0.35301193296909333,0.5522615067159468,0.45304918885231016,0.7559835898771333,0.0,0.024390243902439,0.3,1.0
478320,mscoco,0.07822750769555568,0.19711676075870768,0.08457010164856911,0.2560326315676414,0.5,1.0,0.2,1.0
517632,mscoco,0.2220305409282446,0.7363056551766622,0.2435451302677393,0.727177360524982,0.2,1.0,0.2,1.0
194105,mscoco,0.09896594174206257,0.27575744816697284,0.11292317658662795,0.2875793853395638,0.0,0.032258064516129,0.0,0.0227272727272727
323208,mscoco,0.2441336452960968,0.5587275174448939,0.21850645430386068,0.35942408691744654,0.1,0.25,0.1,0.3333333333333333
116,drawbench,0.24766314551234245,0.4312948853660782,0.20510144345462322,0.5460584141697966,0.0,0.0,0.0,0.0
246746,mscoco,0.144868578389287,0.2925231354245767,0.4133506119251251,0.6331306120745022,0.0,0.0052356020942408,0.2,0.25
243292,mscoco,0.09185942709445953,0.2636149382916355,0.13402814753353595,0.3218880251994603,0.2,0.5,0.3,0.5
125,drawbench,0.14245907887816428,0.37552251317619006,0.137007687240839,0.2794206744761058,0.0,0.0,0.0,0.0
392363,mscoco,0.11737017557024956,0.17980670587739378,0.24465838298201562,0.6549668502106469,0.0,0.0714285714285714,0.1,0.2
6107,mscoco,0.1795671097934246,0.33973381548364556,0.28731915056705476,0.5334890147694081,0.1,0.1666666666666666,0.3,0.5
279605,mscoco,0.11829902958124876,0.24571475790540542,0.2998924680054188,0.533663419463523,0.3,0.25,0.3,0.2
518199,mscoco,0.11913578920066356,0.2950762283847108,0.07661748863756657,0.23157912017309437,0.0,0.05,0.0,0.0909090909090909
516990,mscoco,0.7137452781200408,0.8524867630727544,0.7612588942050934,0.9088218572699494,0.7,1.0,0.8,1.0
474504,mscoco,0.2020094335079193,0.37855670233819094,0.24359641522169112,0.43400145017326963,0.0,0.0454545454545454,0.1,0.5
323788,mscoco,0.6687461197376251,0.8515109295335395,0.6175140708684921,0.5614269069825524,0.6,1.0,0.6,1.0
210136,mscoco,0.32507472336292265,0.4962753934773553,0.29269818812608717,0.4718628902328751,0.3,0.2,0.1,0.3333333333333333
450558,mscoco,0.054723503440618514,0.16743474827522345,0.06869462430477143,0.19502197461477713,0.0,0.0588235294117647,0.2,0.3333333333333333
542178,mscoco,0.03134934678673744,0.08328929606734345,0.024672024697065354,0.06820670467011973,0.0,0.0076923076923076,0.0,0.0909090909090909
59525,mscoco,0.020550384605303406,0.06377292027843,0.018734953412786127,0.0856938263714493,0.0,0.0454545454545454,0.2,0.1666666666666666
50201,mscoco,0.04597541084513068,0.1607600426406346,0.029864862910471857,0.12482958027928927,0.1,1.0,0.1,1.0
311629,mscoco,0.09134594164788723,0.21634361811690872,0.1419136632233858,0.23394490070044824,0.2,1.0,0.2,1.0
151594,mscoco,0.1353576677851379,0.2757460581702649,0.1566430600360036,0.334437086864766,0.4,0.5,0.6,1.0
305545,mscoco,0.04593985183164477,0.2726894529429453,0.049275924311950804,0.2678005056559452,0.1,1.0,0.1,1.0
162393,mscoco,0.2061718448996544,0.5579305486710683,0.26850770115852357,0.511009497277719,0.2,1.0,0.2,1.0
297967,mscoco,0.03314319783821702,0.08375095086918338,0.027319981530308724,0.1180154883100205,0.1,0.1428571428571428,0.1,1.0
237833,mscoco,0.0603361495770514,0.1279693426942368,0.05797715997323394,0.13052965902797872,0.0,0.0181818181818181,0.0,0.0049504950495049
234274,mscoco,0.07194368951022626,0.21927741360428182,0.08200420346111059,0.2249479842503873,0.1,0.5,0.1,0.2
111742,mscoco,0.3297374904155731,0.5756528960485124,0.37018016427755357,0.5964551573265086,0.5,1.0,0.4,1.0
109061,mscoco,0.10311780329793692,0.3224321312504549,0.08691715318709611,0.25341119132937945,0.1,1.0,0.1,1.0
190035,mscoco,0.32586314231157304,0.7044627721793347,0.28278385400772094,0.7488112863901423,0.2,0.25,0.1,1.0
62995,mscoco,0.13057985864579677,0.35736561895345087,0.12771294843405484,0.3272527986141937,0.1,1.0,0.1,0.3333333333333333
285484,mscoco,0.032313480507582426,0.08424854839050114,0.04018059801310301,0.15392162412572555,0.0,0.0185185185185185,0.0,0.05
36850,mscoco,0.2845469303429127,0.5192977760750187,0.28685721531510355,0.4764246430528549,0.2,0.5,0.3,1.0
110324,mscoco,0.04163175690919161,0.1354594052207169,0.023501610313542188,0.10325098992438907,0.1,0.5,0.0,0.0909090909090909
388566,mscoco,0.6569800585508346,0.9118076711308993,0.6517232060432434,0.8860378411679174,0.7,1.0,1.0,1.0
74466,mscoco,0.0861218118108809,0.22422325254538114,0.08470143023878336,0.42583996474250957,0.1,0.1111111111111111,0.1,1.0
358438,mscoco,0.09354033805429936,0.2967294203956884,0.05163187361322343,0.10464927046919761,0.1,0.25,0.1,0.3333333333333333
302137,mscoco,0.07457432188093663,0.23236967241141374,0.12828282043337821,0.2852867324851931,0.2,0.3333333333333333,0.4,0.25
144,drawbench,0.026927722804248332,0.10187448576350638,0.02667441628873348,0.0843419047138672,0.0,0.0,0.0,0.0
404766,mscoco,0.49104886800050734,0.768641803613203,0.5994259774684906,0.812902552326641,0.3,0.5,0.3,0.3333333333333333
322937,mscoco,0.5773621469736099,0.7851165886540066,0.6713815212249756,0.795920396516074,0.4,1.0,0.9,1.0
245902,mscoco,0.0034414126246701928,0.01315508126226838,0.00621422016993165,0.026039235462818326,0.0,0.0222222222222222,0.0,0.0833333333333333
27528,mscoco,0.4021722126752138,0.5815753227529408,0.43617829158902166,0.5785681149760215,0.6,1.0,0.8,1.0
254392,mscoco,0.07199448551982641,0.2981143886908528,0.06670158877968788,0.29036956601925573,0.2,1.0,0.2,1.0
34827,mscoco,0.279502235352993,0.6354177751820816,0.3114636972546577,0.522681393930649,0.9,1.0,1.0,1.0
291752,mscoco,0.784846568107605,0.8438692229211502,0.8394589424133301,0.895714528875222,0.9,1.0,1.0,1.0
126895,mscoco,0.015243309456855059,0.04900853546742062,0.026102806255221368,0.08776369389094922,0.0,0.0833333333333333,0.3,1.0
312316,mscoco,0.18374519236385822,0.34970791878675084,0.2520946979522705,0.5396452667109756,0.0,0.0769230769230769,0.4,1.0
439657,mscoco,0.04347036452963948,0.19527320512964794,0.06354605238884688,0.205487570954469,0.2,1.0,0.2,1.0
438446,mscoco,0.5016841888427734,0.8026641705719384,0.5130918845534325,0.7904106720329832,0.5,0.5,0.7,1.0
470932,mscoco,0.18690567445009948,0.3363053215362707,0.232631366699934,0.4113336380900179,0.2,0.1428571428571428,0.5,0.5
500829,mscoco,0.1674917995929718,0.47291223483962663,0.1764564372599125,0.2942228854312708,0.5,1.0,0.7,0.5
53550,mscoco,0.09084045998752117,0.2922407221867592,0.12434226386249066,0.31696238913450614,0.1,1.0,0.2,1.0
395340,mscoco,0.13393963314592838,0.3481751033807842,0.12958135828375816,0.3622943482506564,0.1,0.1666666666666666,0.1,0.5
257983,mscoco,0.5449566721916199,0.7215112702686817,0.6349410355091095,0.784496801463016,0.4,1.0,0.7,0.5
573052,mscoco,0.12039807252585888,0.3917360692663021,0.1170458048582077,0.24393172498781965,0.1,0.5,0.2,0.1666666666666666
475457,mscoco,0.04050292521715164,0.12324451787912974,0.054584769904613493,0.14666870474170404,0.0,0.0588235294117647,0.2,0.1428571428571428
75,drawbench,0.4294772170484066,0.567785277985948,0.4857712954282761,0.6603671287726371,0.0,0.0833333333333333,0.1,1.0
11288,mscoco,0.23548477739095688,0.4431868002724447,0.27761957347393035,0.5156362824945926,0.0,0.0909090909090909,0.3,1.0
276852,mscoco,0.25553244054317475,0.6002565407200591,0.31775016486644747,0.6469187392307801,0.0,0.0303030303030303,0.1,1.0
557780,mscoco,0.1596012305468321,0.4301065007290664,0.15965649709105492,0.3955411391828013,0.2,1.0,0.2,1.0
363165,mscoco,0.06472878865897655,0.1856197855044486,0.06873377785086632,0.24905687838104865,0.1,0.2,0.4,1.0
541880,mscoco,0.8162906467914581,0.89941129752929,0.812892735004425,0.9277706861527814,0.7,0.5,0.7,1.0
313526,mscoco,0.01811971457209438,0.08231086512190905,0.015654087625443937,0.08065705443525087,0.1,0.5,0.2,1.0
214055,mscoco,0.21426974460482598,0.4339860573798286,0.3898090809583664,0.657766837064307,0.0,0.0625,0.1,0.125
458675,mscoco,0.16058539189398288,0.27575030241814164,0.2979220822453499,0.6866209580703102,0.0,0.0294117647058823,0.4,0.3333333333333333
175277,mscoco,0.030500909523107113,0.0853393049478324,0.0631489608436823,0.2618086523403632,0.2,0.3333333333333333,0.5,1.0
295076,mscoco,0.10020538857206703,0.3171690487869811,0.12569664046168327,0.30224795656914805,0.4,1.0,0.5,1.0
63075,mscoco,0.6281775042414666,0.8200437681638755,0.6707989603281022,0.7841147122934017,0.4,1.0,0.8,0.5
533159,mscoco,0.5802415758371353,0.6428719366549865,0.7357501208782196,0.8545291365952307,0.6,0.25,0.8,0.5
292810,mscoco,0.20152775570750237,0.4508587449570567,0.22823851704597473,0.5409538079636974,0.1,0.2,0.1,1.0
333978,mscoco,0.6026219591498375,0.8641105380980646,0.6671199262142181,0.7756814482239666,0.6,1.0,0.8,0.5
487264,mscoco,0.2354662384837866,0.6108944330829674,0.3713693391531706,0.6471449786340638,0.1,1.0,0.4,1.0
429074,mscoco,0.06820485573261977,0.18341049169029794,0.12930377572774887,0.2821889048002575,0.2,0.3333333333333333,0.1,0.1
39789,mscoco,0.02654071288416162,0.11171838151275028,0.027425840357318522,0.10200771834975095,0.1,0.5,0.0,0.05
429353,mscoco,0.09469800926744938,0.2427970970593349,0.11674536317586899,0.32910700123824443,0.3,1.0,0.4,1.0
110683,mscoco,0.015242760349065066,0.05553998705207419,0.02126974640414119,0.08113966566451088,0.0,0.04,0.0,0.0175438596491228
4132,mscoco,0.15709233619272708,0.2540113483113246,0.1674449235200882,0.3582575123576201,0.2,0.1666666666666666,0.1,1.0
278134,mscoco,0.030655214609578253,0.15129988022052554,0.04046247284859419,0.09209189245943279,0.1,1.0,0.0,0.0034722222222222
238709,mscoco,0.25012406185269354,0.4468819474465492,0.43962991833686826,0.6011080330804642,0.1,0.1111111111111111,0.6,1.0
485300,mscoco,0.007603071769699455,0.030533873365795453,0.01686517954804003,0.06953753715483746,0.0,0.0769230769230769,0.1,0.25
296620,mscoco,0.028099364042282103,0.07864178758438382,0.017325225495733322,0.04803372703932173,0.0,0.0454545454545454,0.0,0.0142857142857142
193077,mscoco,0.01441077827475965,0.0594288268723399,0.03622608007863164,0.1303139436405513,0.0,0.05,0.2,0.5
103,drawbench,0.0013935589260654524,0.004778863534620786,0.003152547194622457,0.011753845053803448,0.0,0.0,0.0,0.0
310749,mscoco,0.143742136657238,0.31232763806768654,0.14495660103857516,0.2878842988827699,0.2,0.5,0.3,1.0
293864,mscoco,0.15794056393206118,0.3768112206965912,0.17192866653203964,0.3166168751195795,0.3,0.5,0.5,1.0
493806,mscoco,0.2376067630946636,0.5563311078545853,0.18323964588344097,0.3950054081476768,0.2,1.0,0.4,0.5
39535,mscoco,0.2805168703198433,0.4243287338690491,0.37322978377342225,0.5382201961207208,0.0,0.04,0.0,0.0526315789473684
481252,mscoco,0.07676474079489708,0.20310589811254506,0.10018100515007973,0.21104603878142786,0.2,1.0,0.1,0.5
522535,mscoco,0.157243200391531,0.33194975199639126,0.3273708328604698,0.5789044613914336,0.0,0.0434782608695652,0.0,0.0476190476190476
482765,mscoco,0.1283847313374281,0.2922302089530376,0.26580019295215607,0.5367105239988672,0.1,0.1666666666666666,0.0,0.0769230769230769
81954,mscoco,0.039046340808272365,0.12077523680902057,0.03283389639109373,0.12498657735703832,0.1,0.2,0.1,0.5
333124,mscoco,0.02341788704507053,0.07833319682248163,0.02365915647824295,0.0760012795366754,0.2,1.0,0.2,1.0
529258,mscoco,0.048694349639117715,0.1942794940029767,0.04390411274507642,0.10972317561471784,0.0,0.0142857142857142,0.1,0.25
2567,mscoco,0.1319659136235714,0.38822238912408935,0.3608337342739105,0.49488384476971436,0.1,1.0,0.6,0.5
53803,mscoco,0.05125679224729538,0.19115499985102585,0.047078218497335914,0.13117882861068783,0.1,0.5,0.1,0.1111111111111111
172351,mscoco,0.2146442674100399,0.4306225555045368,0.4509332373738289,0.5040592902733756,0.2,0.5,0.4,0.5
311251,mscoco,0.6399052858352661,0.7957439691498558,0.7268119037151337,0.8984386943958862,0.2,1.0,0.5,1.0
356869,mscoco,0.0347094351425767,0.0985648578003022,0.05570929702371359,0.16523440815345514,0.1,0.2,0.0,0.0068965517241379
203406,mscoco,0.5533025801181793,0.6549030680284424,0.6187065750360489,0.8572262294101669,0.9,1.0,0.9,1.0
119870,mscoco,0.2953910566866398,0.467179317667593,0.39299948811531066,0.5736857750540395,0.1,0.1428571428571428,0.2,0.5
442125,mscoco,0.023587391804903747,0.09940120472464645,0.03543081814423203,0.08933645517705002,0.1,0.3333333333333333,0.3,1.0
530619,mscoco,0.15193229541182518,0.34907473743714657,0.1458934560418129,0.26296687620569204,0.6,1.0,0.8,1.0
73196,mscoco,0.03689926099032163,0.09187428691073256,0.012730384385213256,0.05250529944505474,0.1,0.5,0.0,0.0303030303030303
507714,mscoco,0.12044324446469545,0.3716349810754682,0.19667092971503736,0.46209169425833296,0.0,0.0072992700729927,0.0,0.0416666666666666
376144,mscoco,0.025137884449213742,0.10985892539956073,0.03401213027536869,0.11997971608349577,0.3,1.0,0.5,1.0
211063,mscoco,0.0375773087143898,0.11534421504007888,0.049298927560448645,0.15102286613876242,0.1,1.0,0.1,0.3333333333333333
436799,mscoco,0.24217480421066284,0.42454286434489985,0.2671751741319895,0.6321997982732512,0.1,0.3333333333333333,0.2,0.5
204256,mscoco,0.04344306793063879,0.11529954076003557,0.04514499034266919,0.15420297351446266,0.0,0.0714285714285714,0.1,1.0
314048,mscoco,0.03877501497045159,0.11734575790678374,0.03313291911035776,0.09530957340716656,0.2,1.0,0.3,1.0
447009,mscoco,0.2384119216352701,0.42491270173087176,0.24067697450518608,0.6159239983858337,0.1,0.1,0.2,1.0
455079,mscoco,0.4784116007387638,0.8597457871769417,0.5234119400382042,0.6381715912005719,0.2,1.0,0.3,0.5
157617,mscoco,0.28582089841365815,0.5306232879324002,0.3485249295830727,0.5651405358158322,0.2,0.5,0.1,0.25
546877,mscoco,0.24170462787151337,0.3956180273945029,0.2984974429011345,0.7287214634382859,0.1,0.2,0.7,1.0
41392,mscoco,0.047408869955688715,0.125544069560585,0.11873447336256504,0.18706490960654742,0.1,1.0,0.1,1.0
556462,mscoco,0.28847001418471335,0.5506770758324637,0.36593686044216156,0.5694452867912522,0.6,0.5,0.4,1.0
80053,mscoco,0.40075298845767976,0.6414030359185408,0.544255656003952,0.8308157144067694,0.0,0.0714285714285714,0.7,0.5
553304,mscoco,0.11715845875442028,0.42038360631114735,0.16482854522764684,0.4361216865815853,0.1,0.2,0.1,1.0
102,drawbench,0.005705039226450026,0.02818281234857218,0.022976303315954284,0.06545959013959511,0.0,0.0,0.0,0.0
463168,mscoco,0.06303040375933051,0.19457514247942043,0.03863157373853028,0.16760800176511537,0.1,0.5,0.1,0.3333333333333333
398463,mscoco,0.1458578709512949,0.2668980570175727,0.2229396566748619,0.6295257445982874,0.1,0.3333333333333333,0.5,1.0
454916,mscoco,0.33851964622735975,0.543550143120375,0.577083232998848,0.7201079490616074,0.0,0.0625,0.1,0.125
317022,mscoco,0.02377125797793269,0.08252829386158893,0.033262040745466945,0.10607334585431669,0.0,0.0476190476190476,0.1,0.1111111111111111
61943,mscoco,0.5612684100866318,0.7521686926859804,0.4747748926281929,0.4499364382064727,0.0,0.0099009900990099,0.0,0.0833333333333333
543521,mscoco,0.26167384162545204,0.5642710331184801,0.25874328017234804,0.5062489848414157,0.1,1.0,0.1,1.0
509490,mscoco,0.07908231802284718,0.2398948491685848,0.06073361113667488,0.21402015300524757,0.0,0.0208333333333333,0.1,1.0
413970,mscoco,0.044436767464503646,0.14521912424594952,0.036433599330484866,0.13010084567177482,0.0,0.0263157894736842,0.0,0.0833333333333333
67331,mscoco,0.13185475571081043,0.30672835042580393,0.13180966787040233,0.5990399350428205,0.1,0.3333333333333333,0.1,1.0
230669,mscoco,0.08448540866374969,0.2972911650318147,0.09458023216575384,0.32294813149888835,0.3,0.25,0.1,0.1428571428571428
487266,mscoco,0.314266574382782,0.5727450710141682,0.34756853729486464,0.5329457283123537,0.5,1.0,0.8,1.0
525024,mscoco,0.2686439618468285,0.5178490199571949,0.28606331497430804,0.45420407137873625,0.2,0.3333333333333333,0.6,1.0
14257,mscoco,0.027717158710584045,0.09021930586205311,0.04493449521251023,0.10893721256174649,0.1,1.0,0.1,0.1
478240,mscoco,0.059115002304315566,0.19881832485564613,0.06503129415214062,0.17858102519447774,0.2,0.3333333333333333,0.0,0.0344827586206896
7211,mscoco,0.04461580999195576,0.1553647599905977,0.02775965607725084,0.09082833224006108,0.3,1.0,0.2,0.3333333333333333
23250,mscoco,0.1582713145762682,0.2454974472034863,0.24397648312151432,0.4627328366051403,0.1,0.1,0.5,1.0
3590,mscoco,0.5477433890104294,0.7137677282494054,0.5000202134251595,0.6249806704350912,0.7,1.0,1.0,1.0
580511,mscoco,0.26394547894597054,0.5826398739393345,0.38889977931976316,0.6784338033273679,0.2,1.0,0.7,1.0
40658,mscoco,0.01937249079346657,0.11069607637232315,0.03660699902102351,0.15624731798227037,0.1,1.0,0.1,1.0
322350,mscoco,0.17000509351491927,0.25014089006404555,0.3057416267693043,0.5398279023963293,0.2,1.0,0.1,1.0
125635,mscoco,0.46363235637545586,0.7228982871380215,0.440447635948658,0.6876532606011861,0.5,0.25,0.6,1.0
283631,mscoco,0.04971588142216206,0.16751207844830263,0.05973448939621449,0.1654203879634845,0.1,0.5,0.3,0.5
528729,mscoco,0.029567801544908436,0.19138185208087105,0.03958175710868091,0.2019771494327006,0.1,1.0,0.1,1.0
167021,mscoco,0.21123798936605453,0.38524788948902133,0.3795479953289032,0.4803161972540594,0.2,0.2,0.5,0.2
140100,mscoco,0.29422192089259624,0.2903084468897572,0.47495002299547195,0.5901745712288672,0.1,0.25,0.2,0.5
252213,mscoco,0.29985505640506743,0.6166069647617091,0.24382510930299758,0.5234989632478112,0.1,0.25,0.1,0.2
501364,mscoco,0.42268541604280474,0.7250971927188646,0.521505506336689,0.5041164007501218,0.5,1.0,0.8,1.0
580390,mscoco,0.03025328372605145,0.13465706486496357,0.02571732411161065,0.11259563052307293,0.1,1.0,0.1,1.0
463859,mscoco,0.07215087488293648,0.2523999063405889,0.06852601077407598,0.24699945084804792,0.1,1.0,0.1,1.0
391657,mscoco,0.30541408360004424,0.5981022627886494,0.33324544280767443,0.4825057397602195,0.1,0.1111111111111111,0.6,0.3333333333333333
391415,mscoco,0.029782973998226225,0.07849700464515705,0.036772174201905726,0.15996912709222155,0.0,0.0123456790123456,0.1,1.0
333099,mscoco,0.01665373253636062,0.06997219377008805,0.019811963196843863,0.062440782164830524,0.1,0.5,0.1,0.2
405574,mscoco,0.012695240648463368,0.041080200461108954,0.022022547898814082,0.10198850158192353,0.0,0.0140845070422535,0.1,1.0
575823,mscoco,0.014875192521139979,0.06485925081455028,0.022475070552900434,0.08771149148666672,0.0,0.0023923444976076,0.0,0.0222222222222222
57088,mscoco,0.1450715035200119,0.3515917901858963,0.14633427783846856,0.34223185364719416,0.1,0.1428571428571428,0.2,0.3333333333333333
226957,mscoco,0.03357395618222654,0.09239790705573088,0.024580525886267423,0.0922062664168529,0.1,1.0,0.1,0.25
184329,mscoco,0.04635030664503574,0.14523777604291677,0.05625428427010774,0.16762331266110617,0.0,0.0104166666666666,0.0,0.0043103448275862
550324,mscoco,0.729003232717514,0.6830546943004376,0.8219786047935486,0.8999395630341173,0.6,0.25,1.0,1.0
575174,mscoco,0.20449032187461852,0.44232365425714576,0.2685424067080021,0.4817386979194537,0.1,1.0,0.3,0.25
24380,mscoco,0.2821234121918678,0.500068539622615,0.20232642069458961,0.3639638154272413,0.4,0.3333333333333333,0.2,0.3333333333333333
506394,mscoco,0.5373811066150666,0.6674734691702517,0.5748888313770294,0.684622301921658,0.5,0.5,0.9,1.0
195463,mscoco,0.12901791986078023,0.3952694518183956,0.203605917096138,0.41771181949153674,0.2,1.0,0.3,1.0
308892,mscoco,0.12697070334106683,0.37023647345972405,0.15033055879175664,0.3695229634409806,0.0,0.0588235294117647,0.1,0.5
361913,mscoco,0.21695019528269768,0.42722410321266274,0.38997548073530197,0.45360699148330796,0.1,0.1111111111111111,0.1,0.3333333333333333
293532,mscoco,0.15541511215269566,0.3614886872803341,0.16730153188109398,0.45907713728257044,0.4,0.3333333333333333,0.6,1.0
338118,mscoco,0.08555922321975232,0.24990463779823596,0.07818193342536688,0.28199289301398756,0.1,1.0,0.1,1.0
521250,mscoco,0.11384930238127708,0.35427321354162056,0.12980424724519252,0.3077602120004948,0.2,0.5,0.2,0.25
85353,mscoco,0.028353716898709535,0.11011297803755406,0.014066415152046829,0.035172945490657706,0.2,1.0,0.0,0.0666666666666666
35951,mscoco,0.010014490294270217,0.02790099267192306,0.020123048778623344,0.0932151611452987,0.0,0.009090909090909,0.1,0.1666666666666666
16764,mscoco,0.06153962966054678,0.13874621006736704,0.17176292538642884,0.40186013042314944,0.0,0.0434782608695652,0.2,1.0
397427,mscoco,0.03292349623516202,0.1302178782805338,0.02053084303624928,0.06806517647848011,0.1,1.0,0.1,0.5
515561,mscoco,0.012263697176240384,0.04206870906726079,0.013862276845611633,0.05658258600730359,0.0,0.037037037037037,0.1,1.0
366829,mscoco,0.02575281271710992,0.07606303605709752,0.034637493127956984,0.10533249913419264,0.0,0.0131578947368421,0.1,0.5
432410,mscoco,0.3444690018892288,0.543374520913393,0.42709619402885435,0.5287719612274996,0.0,0.0666666666666666,0.2,0.1428571428571428
61972,mscoco,0.007652287278324366,0.033471437741277324,0.006800234748516232,0.030187147388962807,0.1,1.0,0.1,1.0
499054,mscoco,0.23049294650554658,0.5909513550059118,0.16718045957386493,0.39359933385221146,0.1,0.1,0.4,1.0
569021,mscoco,0.04482173109427094,0.13525398603133604,0.038409711932763456,0.1397560691310582,0.1,0.5,0.0,0.0909090909090909
9029,mscoco,0.10500155538320541,0.5420165485998686,0.15196504779160022,0.5637878078564943,0.3,1.0,0.4,1.0
18373,mscoco,0.42111830711364745,0.6121471432628478,0.5864602953195572,0.7790564377852526,0.7,1.0,0.9,1.0
336001,mscoco,0.27264858447015283,0.5521645743010616,0.3564844660460949,0.5611551079023902,0.2,0.25,0.4,0.3333333333333333
461475,mscoco,0.0288123385515064,0.09640713844749427,0.03570183920674026,0.09278716315614857,0.0,0.0285714285714285,0.2,0.5
388841,mscoco,0.02724779937416315,0.10961255927668785,0.03213465297594666,0.09812021155865522,0.5,0.3333333333333333,0.4,1.0
284940,mscoco,0.23635413646697997,0.39250986796562626,0.3001420542597771,0.47321486492386405,0.1,0.5,0.4,0.5
394759,mscoco,0.0821137249469757,0.21022218484207722,0.07159435115754605,0.2141024546681263,0.5,0.5,0.3,1.0
358411,mscoco,0.0436835109256208,0.18124693183171348,0.1116123422048986,0.2747993730862144,0.2,0.5,0.5,1.0
284421,mscoco,0.14662796277552842,0.21667094691985853,0.22353306636214257,0.44084144117908797,0.6,1.0,0.2,0.3333333333333333
237716,mscoco,0.09149182904511691,0.3278268440642222,0.07499329689890147,0.2095124046963741,0.2,0.5,0.2,1.0
167520,mscoco,0.013411905767861753,0.03886437599753067,0.004662777722114697,0.018166251420268675,0.1,0.2,0.1,0.5
568611,mscoco,0.07252440489828586,0.17067561117379118,0.15607250556349755,0.3336588304707902,0.4,0.25,0.5,0.5
159356,mscoco,0.39117083698511124,0.6151773899158322,0.3925643801689148,0.5733374167077944,0.1,0.5,0.1,0.2
301261,mscoco,0.029956018272787332,0.0933323085967557,0.027921011950820685,0.09475654823388303,0.0,0.0625,0.0,0.037037037037037
113787,mscoco,0.031344639230519535,0.08519774637383033,0.033727222215384246,0.10004818948941067,0.1,0.125,0.1,0.1428571428571428
375809,mscoco,0.6450650155544281,0.8709547095001265,0.5754938662052155,0.6972845732592751,0.3,0.3333333333333333,0.4,0.3333333333333333
64460,mscoco,0.2461329845711589,0.5657869522280551,0.29904321730136874,0.6351683679881714,0.5,0.5,0.5,1.0
470799,mscoco,0.037146808207035066,0.13936629324620778,0.0398381189443171,0.13379683455665317,0.4,1.0,0.5,1.0
382046,mscoco,0.11083166543394327,0.2239792911162759,0.22435259819030762,0.42722984448503476,0.0,0.0625,0.5,1.0
170974,mscoco,0.2692427933216095,0.541127809531888,0.22443342953920364,0.3510852186578761,0.0,0.0303030303030303,0.3,0.25
562160,mscoco,0.2357110645622015,0.5548015652209246,0.1263358784839511,0.280532707074597,0.1,1.0,0.1,0.25
562248,mscoco,0.2332022301852703,0.5551296024240712,0.24531222209334375,0.5287772170655477,0.2,1.0,0.3,1.0
96638,mscoco,0.12133188769221306,0.26398918641440755,0.29719918966293335,0.5505522400498677,0.2,0.25,0.6,1.0
164234,mscoco,0.7314536035060882,0.829230448721338,0.6816069722175598,0.7770682949507494,0.7,1.0,0.6,1.0
278962,mscoco,0.06428698664531111,0.20039444056408331,0.05464582331478596,0.1751912596757715,0.2,0.3333333333333333,0.4,1.0
553248,mscoco,0.09555123746395111,0.2661439805409026,0.09923643209040164,0.2802532443006094,0.2,0.5,0.1,0.5
523371,mscoco,0.040053756022825834,0.09484007970858534,0.05343748666346073,0.21061047464972438,0.1,0.2,0.2,1.0
141283,mscoco,0.01729299803264439,0.07612580591479991,0.01701863089110702,0.06165183820889226,0.0,0.0051020408163265,0.0,0.0033003300330033
320292,mscoco,0.4932982623577118,0.7054369139940506,0.5120868295431137,0.8661966373250317,0.5,1.0,0.7,1.0
269588,mscoco,0.12407922111451626,0.24946285067688975,0.24983335398137568,0.395865647239597,0.1,0.2,0.5,1.0
113594,mscoco,0.02363903382793069,0.09018087865498878,0.04989754483103752,0.13790265716942068,0.0,0.0011627906976744,0.0,0.0038022813688212
349622,mscoco,0.07935361415147782,0.2094189798339546,0.1059250432997942,0.21363028720348815,0.1,0.1,0.3,0.3333333333333333
215226,mscoco,0.04484004061669111,0.15933501960225574,0.05624389913864434,0.1507419724710208,0.1,0.5,0.1,0.5
78371,mscoco,0.011723169928882272,0.03308809039882358,0.010607405402697622,0.040802037728021774,0.0,0.024390243902439,0.0,0.0163934426229508
451972,mscoco,0.06945832357741892,0.37340101124815145,0.08137000733986496,0.22071740233385773,0.1,1.0,0.1,0.5
163,drawbench,0.050221703760325906,0.18261830980388777,0.05244944905862212,0.16748991243643122,0.0,0.0,0.0,0.0
150360,mscoco,0.06887648645788431,0.1515424760949371,0.07575254021212459,0.24261607944856808,0.0,0.0178571428571428,0.2,1.0
138567,mscoco,0.016283768066205084,0.06488755783705119,0.028869845112785696,0.10340526274051173,0.0,0.0149253731343283,0.1,1.0
383220,mscoco,0.03957014288753271,0.16226780619628844,0.0540512889623642,0.17195361034604403,0.1,1.0,0.1,1.0
557272,mscoco,0.016068277647718787,0.06856192472387934,0.015683261246886106,0.059834684765390486,0.1,0.25,0.1,0.5
17073,mscoco,0.01928419542964548,0.11173154131134472,0.0329323437763378,0.13261178676719793,0.1,1.0,0.1,1.0
441083,mscoco,0.6282212316989899,0.6979307901093492,0.5639621138572692,0.679063979474502,0.9,0.5,0.8,0.5
109750,mscoco,0.09944318346679211,0.318644746951726,0.2396602861583233,0.5836372530657646,0.1,0.5,0.1,1.0
20279,mscoco,0.05818041320890188,0.19770410467786187,0.0537585181184113,0.1825960811638793,0.2,1.0,0.2,0.5
324845,mscoco,0.08203360494226217,0.17549411191510467,0.18609605357050896,0.3610339539150248,0.1,0.2,0.3,1.0
303520,mscoco,0.05046124067157507,0.1514630140906221,0.057275004172697666,0.1756772581792904,0.1,1.0,0.1,1.0
363136,mscoco,0.246586062759161,0.36392063576064354,0.28695967197418215,0.6169326513283102,0.1,0.125,0.1,1.0
161622,mscoco,0.0377476392313838,0.13734615591593516,0.04265586361289024,0.1209445499970066,0.1,1.0,0.2,0.5
315242,mscoco,0.11607496682554483,0.4346869955084518,0.08385919667780399,0.26691781027754374,0.0,0.0222222222222222,0.1,1.0
418723,mscoco,0.12010592445731164,0.3201442610534453,0.1300561461597681,0.2412110384762848,0.1,1.0,0.1,0.1666666666666666
65440,mscoco,0.2501353248953819,0.4299548922301267,0.18587917685508729,0.5396885054776176,0.1,0.1111111111111111,0.0,0.0016
111907,mscoco,0.09085487276315689,0.28104735481921783,0.13766201809048653,0.4089304974693812,0.2,0.3333333333333333,0.4,1.0
465140,mscoco,0.0626285970211029,0.20964712889070375,0.0576018538326025,0.20278841148779359,0.1,0.5,0.1,0.5
21083,mscoco,0.043353096954524516,0.10080819126569844,0.09677076768130063,0.2932824117058472,0.1,0.1,0.1,0.2
200202,mscoco,0.3137735612690449,0.5619137573858757,0.3759817011654377,0.6750176930034832,0.3,0.3333333333333333,0.7,1.0
215320,mscoco,0.04397815503180027,0.17374838178508495,0.12968509085476398,0.35775535907319944,0.0,0.0666666666666666,0.2,0.25
28978,mscoco,0.11774971447885037,0.2837667830319995,0.17346948198974133,0.4971999828467764,0.0,0.0769230769230769,0.4,1.0
281427,mscoco,0.009232437214814126,0.04326628772913599,0.01822958984412253,0.0642081600306107,0.0,0.0161290322580645,0.2,1.0
357663,mscoco,0.09923136122524738,0.328050194067054,0.10157505013048648,0.3412149215591021,0.1,1.0,0.1,1.0
186171,mscoco,0.07851122431457043,0.2308750273941166,0.11218606680631638,0.39533827300213314,0.0,0.05,0.1,0.3333333333333333
386788,mscoco,0.036671822983771564,0.1077583379658166,0.03395478073507548,0.10536469186891832,0.1,0.5,0.0,0.0909090909090909
492363,mscoco,0.05402493975125253,0.18734788763608506,0.043178547732532026,0.13738773183124667,0.1,1.0,0.1,1.0
486547,mscoco,0.24096950516104698,0.4828913723982123,0.186889292486012,0.38442600830068724,0.1,1.0,0.1,0.5
516570,mscoco,0.02894658548757434,0.1246550320809365,0.04707979513332248,0.1365170021804574,0.1,0.2,0.1,0.1
152662,mscoco,0.18991438597440718,0.366500217244726,0.3540444727987051,0.5403609119167434,0.0,0.0277777777777777,0.0,0.037037037037037
415280,mscoco,0.08408761173486709,0.22967254937137022,0.08739330507814884,0.22919458222555517,0.1,1.0,0.1,1.0
397404,mscoco,0.1143458392471075,0.2698109683552123,0.1403354462236166,0.4382585239769122,0.0,0.0095238095238095,0.0,0.0526315789473684
488801,mscoco,0.6775584697723389,0.862158337772177,0.6841606229543686,0.8564230454926584,0.7,1.0,0.8,1.0
544956,mscoco,0.04247314926469699,0.19354652141490025,0.03250032098731026,0.17484835011579522,0.1,1.0,0.1,1.0
576859,mscoco,0.08347831405699253,0.2346671214245858,0.09158467203378677,0.22614121314172517,0.1,0.2,0.0,0.0106382978723404
280370,mscoco,0.14231698140501975,0.3233037735556577,0.15454205237329005,0.36132471027972085,0.1,0.1666666666666666,0.1,0.1
310853,mscoco,0.1342116270214319,0.26602652701703994,0.1616387352347374,0.35540094864202154,0.1,0.2,0.2,0.5
363527,mscoco,0.07164326123893261,0.1661442269794213,0.08474396243691444,0.19399423402981414,0.1,0.5,0.2,1.0
47548,mscoco,0.046001330972649156,0.1716840134111433,0.04573528822511434,0.1543717368704334,0.2,1.0,0.2,0.5
542313,mscoco,0.3099591813981533,0.45702702330422884,0.4731057733297348,0.48567251735201433,0.2,0.3333333333333333,0.2,0.5
183386,mscoco,0.34074444621801375,0.4947207163694733,0.4482868194580078,0.6034480083670992,0.5,0.25,0.3,0.2
131101,mscoco,0.08928424650803209,0.28997255272408207,0.061830940283834936,0.30931104553728744,0.1,0.3333333333333333,0.4,1.0
130981,mscoco,0.03731111763045192,0.1119829719673542,0.048022112087346615,0.16214540663913093,0.1,0.1111111111111111,0.8,1.0
443547,mscoco,0.11147298142313958,0.25373284999000895,0.10126665979623795,0.2795971877765109,0.1,0.25,0.1,1.0
103978,mscoco,0.11076592430472373,0.2537845914897986,0.16125523522496224,0.38448969301024194,0.2,0.5,0.3,1.0
7669,mscoco,0.37979215383529663,0.6524389673962515,0.41272252202034,0.551163352921479,0.4,1.0,0.7,1.0
111245,mscoco,0.015729373693466185,0.07533273082269881,0.02608765915501863,0.0986868033425977,0.1,1.0,0.1,1.0
326948,mscoco,0.51505126953125,0.7146920153979358,0.4790059134364128,0.8117201662404887,0.5,1.0,0.7,1.0
486807,mscoco,0.014086195890558883,0.07256756498185903,0.028069580113515256,0.08709012308215394,0.1,1.0,0.1,0.5
303652,mscoco,0.02897329549305141,0.09114261699500563,0.045252513885498044,0.1704053558607743,0.0,0.0044843049327354,0.1,1.0
173547,mscoco,0.12939707711338996,0.3263546190353246,0.13201414570212364,0.31993896046119674,0.6,1.0,0.6,1.0
325239,mscoco,0.026703723007813096,0.08783256414918877,0.022145261382684113,0.05016153289388206,0.1,0.125,0.0,0.037037037037037
353357,mscoco,0.02079535131342709,0.05797862030391415,0.009334154578391462,0.028632204785479773,0.1,0.1111111111111111,0.0,0.0105263157894736
426429,mscoco,0.15536505803465844,0.3477002677810008,0.11183717595413327,0.2711593211803461,0.2,0.3333333333333333,0.2,0.5
261207,mscoco,0.13816163949668409,0.44051460067030046,0.16573123522102834,0.616209163354365,0.3,0.3333333333333333,0.2,0.1666666666666666
461506,mscoco,0.09566196296364068,0.28167698363734117,0.15189765021204948,0.34840382387793983,0.1,0.125,0.0,0.0909090909090909
44856,mscoco,0.1260505748912692,0.25291450680409133,0.09545383006334304,0.2880794648496795,0.2,0.3333333333333333,0.2,0.5
180817,mscoco,0.059522089641541244,0.15661517172492012,0.05834783250465989,0.1581711301537399,0.1,0.5,0.1,0.1428571428571428
390435,mscoco,0.5820115730166435,0.8884312715502197,0.6935393691062928,0.8791011674374982,0.3,1.0,0.5,1.0
49648,mscoco,0.16766328858211638,0.29444479140770236,0.332453902810812,0.5083800128719915,0.1,0.2,0.1,1.0
172498,mscoco,0.11267959587275982,0.2667413171520324,0.2212361440062523,0.43988512065294716,0.1,1.0,0.5,1.0
67126,mscoco,0.17276823669672012,0.30699027330993534,0.1886751408688724,0.4789449969199335,0.1,0.5,0.0,0.0769230769230769
478029,mscoco,0.40958618000149727,0.7616941474263677,0.354190618544817,0.39559122596668345,0.1,0.2,0.1,1.0
508567,mscoco,0.27989098280668256,0.44300127306667,0.34145242869853976,0.5740413102092063,0.2,0.2,0.8,0.5
81,drawbench,0.019568435102701186,0.07313036445582624,0.04486255738884211,0.09913981820862187,0.0,0.0232558139534883,0.0,0.027027027027027
109355,mscoco,0.08661386128515006,0.25418497098681475,0.1272207148373127,0.3446727376039364,0.0,0.0043668122270742,0.0,0.0333333333333333
48935,mscoco,0.30196611434221265,0.4295409041986471,0.24429797157645225,0.45284853239163403,0.2,1.0,0.3,0.25
84886,mscoco,0.028915204107761383,0.08061030860277348,0.03664079979062081,0.12166444285497627,0.0,0.05,0.4,1.0
217271,mscoco,0.31618802696466447,0.6030532832854453,0.37120500206947327,0.7412136031322561,0.1,0.5,0.2,1.0
480140,mscoco,0.008554179361090064,0.024609687616907256,0.005740876635536551,0.023555311556363284,0.0,0.0476190476190476,0.0,0.0357142857142857
327105,mscoco,0.21929766200482845,0.5028146094643853,0.4898413926362991,0.6496612650176955,0.2,1.0,0.5,0.2
55768,mscoco,0.15275233760476112,0.29684556061428724,0.4412164181470871,0.7124576843822762,0.1,0.1,0.7,1.0
129030,mscoco,0.04961390267126262,0.27058856702200257,0.05414466084912419,0.28252968671948464,0.1,1.0,0.1,1.0
565387,mscoco,0.015273847593925893,0.04618985232987899,0.01666972255334258,0.06377635935354853,0.0,0.0666666666666666,0.1,0.5
553501,mscoco,0.019981507398188113,0.06483934973744815,0.01590859405696392,0.04492834481158439,0.1,0.1666666666666666,0.1,1.0
170193,mscoco,0.18780863527208566,0.49803777040544867,0.16840188819915056,0.41076511389402237,0.2,1.0,0.2,1.0
199,drawbench,0.003995567702804692,0.015943916677397016,0.00209219676326029,0.006766928686773195,0.0,0.0,0.0,0.0
65162,mscoco,0.1518362682312727,0.2554799490040334,0.11740977391600609,0.3698758231853152,0.1,0.5,0.1,0.3333333333333333
334542,mscoco,0.5312798708677292,0.672380603109689,0.5181529603898525,0.7918363509189333,0.3,0.2,0.6,1.0
185559,mscoco,0.9227768957614899,0.9679529052053404,0.9368705451488495,0.970281603465434,0.8,1.0,1.0,1.0
134066,mscoco,0.33229815140366553,0.46500211509162737,0.40355931520462035,0.5409695566161374,0.2,0.3333333333333333,0.2,0.25
19318,mscoco,0.2462131232023239,0.5281911912264102,0.3707596719264984,0.6208424079950716,0.2,1.0,0.2,1.0
122896,mscoco,0.26350773498415947,0.4409808395719433,0.4132018625736237,0.684352270467823,0.2,0.1666666666666666,0.0,0.0909090909090909
484175,mscoco,0.09398647099733352,0.21361371105422342,0.11785167865455151,0.34064510575868145,0.0,0.0256410256410256,0.1,0.25
550049,mscoco,0.4378418058156967,0.669908021464414,0.5270667999982834,0.7727555484310887,0.7,1.0,0.6,1.0
558966,mscoco,0.03528768476098776,0.16730704444610506,0.04329955345019698,0.12869653031077147,0.4,1.0,0.6,1.0
303177,mscoco,0.5860257357358932,0.8181661471112067,0.4814924165606499,0.708762010195849,0.0,0.0344827586206896,0.0,0.001727115716753
300047,mscoco,0.045856998488307,0.11730580185219415,0.03315296266227961,0.11791150685017038,0.2,1.0,0.1,0.25
281977,mscoco,0.29804729521274564,0.6663108796494001,0.2762722119688988,0.5269609824667305,0.8,1.0,1.0,1.0
100169,mscoco,0.02859952291473746,0.08688019100909807,0.06543814726173877,0.18343316006074636,0.2,0.3333333333333333,0.3,1.0
35217,mscoco,0.012820304150227457,0.059523852762363244,0.014731464255601168,0.05444353362622349,0.1,0.5,0.0,0.0049019607843137
195863,mscoco,0.4770393639802933,0.6468384709953311,0.5595367610454559,0.6437795000574679,0.3,0.3333333333333333,0.6,0.5
55753,mscoco,0.02649660622701049,0.14181770763450743,0.021723321173340082,0.07024690533080437,0.0,0.0119047619047619,0.0,0.0277777777777777
189504,mscoco,0.05106103094294667,0.11595770665245624,0.043124855309724805,0.13068621630757443,0.0,0.0175438596491228,0.1,1.0
257236,mscoco,0.09103259942494332,0.2228737039736583,0.09895141064189375,0.2571130640062535,0.0,0.02,0.1,0.2
15830,mscoco,0.06717562139965594,0.4552158396232841,0.07642235700041056,0.4650587311269685,0.1,1.0,0.1,1.0
382423,mscoco,0.06507328227162361,0.19186000088626878,0.048399598337709904,0.12040713240061647,0.1,1.0,0.2,1.0
182,drawbench,0.010971878166310489,0.04163915781159962,0.0055615903809666635,0.020629018815511546,0.0,0.0,0.0,0.0
261431,mscoco,0.030098486202768983,0.0870944359984359,0.018597413948737086,0.09983998738080525,0.2,1.0,0.2,1.0
286021,mscoco,0.026146063301712274,0.09195938600962338,0.02187337800860405,0.07304684953784218,0.0,0.0909090909090909,0.0,0.037037037037037
179,drawbench,0.015619546175003052,0.045652799859406644,0.009582115081138909,0.04192968058935898,0.0,0.0,0.0,0.0
20145,mscoco,0.07495339065790177,0.16452492621044537,0.05610360316932202,0.2108344030582754,0.0,0.0909090909090909,0.0,0.0666666666666666
545274,mscoco,0.023142110626213252,0.07568758304705955,0.02801804132759571,0.10073897043624565,0.0,0.0526315789473684,0.2,1.0
93,drawbench,0.24186018630862235,0.7736142037906971,0.367906329035759,0.7966735806775341,0.0,0.0003133813851457,0.0,0.0013586956521739
254726,mscoco,0.306650148332119,0.4246691829182189,0.31484297960996627,0.5107399904665367,0.3,1.0,0.4,0.3333333333333333
182125,mscoco,0.22302670627832413,0.45267872623870475,0.3694373518228531,0.5939600669020937,0.1,0.1111111111111111,0.2,0.3333333333333333
46055,mscoco,0.027658480498939753,0.07229749647425185,0.025119126331992446,0.15335884587971832,0.0,0.027027027027027,0.1,1.0
336933,mscoco,0.13303380645811558,0.2563111205446925,0.17835125476121902,0.44687734392461304,0.0,0.0013717421124828,0.1,0.1
175597,mscoco,0.06006684806197882,0.13332113371534113,0.10987153574824333,0.20802842078571468,0.1,1.0,0.0,0.0303030303030303
370157,mscoco,0.013656498910859228,0.05329338529578185,0.02006863635033369,0.07077618771269009,0.0,0.0227272727272727,0.1,0.25
361356,mscoco,0.020803267310839146,0.0904074237743488,0.025441324198618533,0.10835130247376921,0.2,1.0,0.3,1.0
452806,mscoco,0.4915169164538383,0.6964593650192764,0.5968933641910553,0.8137200455294428,0.4,0.25,0.6,0.5
136,drawbench,0.02299177711829543,0.07954697259830863,0.01228494883980602,0.04617346581754364,0.0,7.48839299086416e-05,0.0,1.80446786242737e-05
191314,mscoco,0.055857296800240874,0.16947038271050469,0.046455752290785315,0.17942065288464024,0.1,0.5,0.1,1.0
26,drawbench,0.4337277226150036,0.7368086224048368,0.3550537168979645,0.7063452687210429,0.0,0.0,0.0,0.0
24414,mscoco,0.5165711343288422,0.7987067038172321,0.5284580871462822,0.8207810685269717,0.2,1.0,0.5,1.0
499634,mscoco,0.05541929416358471,0.15404251380445094,0.10718512199819089,0.2456011457720158,0.0,0.037037037037037,0.0,0.0121951219512195
13482,mscoco,0.12449369803071023,0.4079394804325184,0.09574069418013095,0.3923177197229169,0.1,1.0,0.1,1.0
267861,mscoco,0.15211643651127815,0.29946799340605257,0.14752802830189465,0.48973643526023897,0.1,0.1666666666666666,0.1,1.0
498967,mscoco,0.2272615224123001,0.4452366258133899,0.3520016252994537,0.6457859762549735,0.3,0.3333333333333333,0.2,1.0
247979,mscoco,0.008367418125271798,0.05219800330217974,0.012599971954477951,0.0540690574128717,0.1,1.0,0.1,1.0
438196,mscoco,0.5734401404857635,0.7845205687548286,0.48406205922365186,0.6583816045452956,0.3,1.0,0.3,1.0
230700,mscoco,0.17589992173016072,0.5210262249608918,0.2032768040895462,0.3131180887320187,0.0,0.0076335877862595,0.0,0.0909090909090909
22660,mscoco,0.02212315364740789,0.0944273325885074,0.024191335984505714,0.09462421194403316,0.3,1.0,0.3,1.0
227982,mscoco,0.013547759037464857,0.058264360663305245,0.011296647693961858,0.03220594075170088,0.1,0.25,0.2,0.5
134807,mscoco,0.04092013016343117,0.15249891727043846,0.04068649727851152,0.1380239692134447,0.1,1.0,0.1,1.0
209788,mscoco,0.048578912671655414,0.1369605728381407,0.1404160711914301,0.29853555035219403,0.0,0.0263157894736842,0.0,0.02
139518,mscoco,0.01047610233654268,0.04120674569445158,0.02307881028391421,0.06948173211616361,0.0,0.0454545454545454,0.1,0.25
232625,mscoco,0.14233617894351483,0.271910547354633,0.1479134729132056,0.4081086115902436,0.0,0.0303030303030303,0.2,0.25
423875,mscoco,0.017655394878238438,0.057888770442764116,0.008373710548039526,0.04252404530235862,0.1,1.0,0.1,1.0
87878,mscoco,0.12208519130945206,0.3477096594719842,0.11897062435746193,0.2684577364115138,0.0,0.0416666666666666,0.1,0.5
55,drawbench,0.044646159280091524,0.11090378554278263,0.014385217824019492,0.05802637230373244,0.0,0.0,0.0,0.0
315273,mscoco,0.17889673486351967,0.29265513143092375,0.25161193758249284,0.5149481090902418,0.3,1.0,0.5,0.5
118968,mscoco,0.05541759729385376,0.16197867055070858,0.044555339589715005,0.14174748141837135,0.1,0.5,0.0,0.0714285714285714
426459,mscoco,0.5708462774753571,0.7531005489432814,0.5702499091625214,0.7286479105705685,0.3,0.2,0.1,0.1
310695,mscoco,0.0831909317523241,0.36659278852005545,0.09012709558010101,0.23403286475268298,0.1,1.0,0.3,1.0
266912,mscoco,0.1682410802692175,0.29197985256530523,0.11509715355932712,0.3967870483775814,0.1,0.5,0.1,1.0
70187,mscoco,0.18069071024656297,0.39148738177952674,0.2890216827392578,0.5566699970717397,0.1,0.5,0.1,1.0
75352,mscoco,0.45297599136829375,0.6345167744651218,0.4690903127193451,0.6316861178694263,0.2,0.5,0.5,0.5
485187,mscoco,0.045742548257112506,0.13399756189286896,0.03964719586074352,0.15085792967155506,0.3,0.25,0.3,1.0
446310,mscoco,0.27380070462822914,0.4706678599713734,0.3567793697118759,0.6012310170993299,0.0,0.0416666666666666,0.6,1.0
172702,mscoco,0.08918333314359188,0.2454625924644252,0.1105046134442091,0.23980471708297488,0.1,1.0,0.1,1.0
41838,mscoco,0.18066404536366462,0.5604004364067837,0.2509738065302372,0.6050764646554423,0.8,1.0,1.0,1.0
348083,mscoco,0.10720006003975868,0.2421467070349582,0.1359414305537939,0.4039292099003685,0.1,0.1111111111111111,0.1,0.2
465198,mscoco,0.16098135113716125,0.3917704133229313,0.28059721887111666,0.49171214596370305,0.0,0.0454545454545454,0.1,1.0
458123,mscoco,0.42447952553629875,0.6956555998180606,0.41560448706150055,0.5625266253913715,0.1,0.2,0.3,1.0
215558,mscoco,0.47551465779542923,0.7909341529581888,0.6064946413040161,0.847837343983247,0.0,0.0769230769230769,0.4,1.0
201019,mscoco,0.45462623089551923,0.49436002423125086,0.666436231136322,0.6792804422460521,0.2,0.1428571428571428,0.9,0.5
153921,mscoco,0.1386517713777721,0.3435787495568511,0.3041152447462082,0.5335156728361983,0.1,0.2,0.1,0.1428571428571428
345389,mscoco,0.015877312287921087,0.039248166836969176,0.00704990274971351,0.04316956015187876,0.1,0.1111111111111111,0.1,1.0
359066,mscoco,0.13630366032011806,0.4928812138703524,0.17594699263572694,0.35992271699997846,0.1,1.0,0.2,0.25
22102,mscoco,0.1252475194633007,0.2664894196890226,0.23264759480953218,0.44744986557120364,0.7,1.0,0.9,1.0
194419,mscoco,0.15487150698900223,0.2864525365651434,0.14394872039556503,0.30423346862509026,0.5,0.5,0.5,1.0
391053,mscoco,0.2246994435787201,0.3549629429911532,0.15371213257312774,0.3293352315095614,0.1,0.25,0.0,0.0033783783783783
20171,mscoco,0.4124925181269646,0.5994693769686688,0.3825643241405487,0.5379619902518535,0.3,1.0,0.7,1.0
538001,mscoco,0.392269441485405,0.6244259105562239,0.41809573099017144,0.38938880163690875,0.0,0.0095238095238095,0.0,0.0024570024570024
575490,mscoco,0.0586723692715168,0.13266412908336028,0.18350938707590103,0.43199141386455686,0.2,0.5,0.7,0.3333333333333333
75427,mscoco,0.1553381897509098,0.4177838817428732,0.1803780933842063,0.4156042734474472,0.1,1.0,0.1,0.5
510564,mscoco,0.08809377551078797,0.22921844134650798,0.14128916375339032,0.35912842542319756,0.0,0.0454545454545454,0.1,0.5
58117,mscoco,0.032487903442233804,0.10171835666753584,0.06744481343775988,0.254217532035753,0.1,0.5,0.1,0.1666666666666666
294416,mscoco,0.1850027024745941,0.383564738646617,0.2818724454380572,0.7253001399639528,0.0,0.0416666666666666,0.3,1.0
525176,mscoco,0.24021576717495918,0.5086849228155506,0.3020907431840897,0.5220361927233873,0.0,0.0133333333333333,0.0,0.0588235294117647
316522,mscoco,0.0338989160489291,0.15042465719624967,0.03727781381458044,0.11528425557141775,0.1,1.0,0.1,0.2
198832,mscoco,0.11553120240569115,0.3135929717837314,0.21260865777730942,0.46801481923277694,0.0,0.0113636363636363,0.0,0.0294117647058823
378022,mscoco,0.03488305932842195,0.08624871782457216,0.06973115103319287,0.2236732131885832,0.1,0.25,0.3,1.0
306037,mscoco,0.1991651587188244,0.3741333253094016,0.19750864952802658,0.5460320739817989,0.0,0.0333333333333333,0.1,1.0
51021,mscoco,0.2863086685538292,0.5027311545534268,0.41040716469287875,0.713481412737354,0.4,1.0,0.8,1.0
225392,mscoco,0.032581865508109334,0.06998643611702288,0.04318139916285872,0.1953982673479725,0.0,0.0232558139534883,0.3,0.3333333333333333
543490,mscoco,0.4917395532131195,0.8207623758892123,0.4565205529332161,0.7241614962109282,0.2,1.0,0.4,0.5
305117,mscoco,0.024473915062844753,0.09000134540251538,0.040459111356176435,0.1335133961565957,0.0,0.0192307692307692,0.1,1.0
519387,mscoco,0.022175628901459278,0.06321609633196304,0.02402811571955681,0.13362831976436826,0.0,0.00177304964539,0.0,0.0192307692307692
98501,mscoco,0.29055383913218974,0.5697772138878144,0.38399520665407183,0.6433912363339034,0.1,0.1111111111111111,0.0,0.0120481927710843
249791,mscoco,0.002567079698201269,0.01185439927692637,0.012054008804261685,0.036756825648390064,0.1,0.3333333333333333,0.0,0.0147058823529411
327664,mscoco,0.14799577817320825,0.2961027315944194,0.223552343249321,0.39454844016578944,0.1,0.25,0.2,1.0
22,drawbench,0.009333119506482034,0.0323685780640419,0.01134549839189276,0.047325520512184124,0.0,0.0,0.0,0.0
225654,mscoco,0.012593450443819165,0.06808350030772423,0.01496823828201741,0.062024517128000875,0.0,0.0384615384615384,0.1,1.0
47700,mscoco,0.5376507192850113,0.8149448732132167,0.5779254466295243,0.6277720432651345,0.3,0.5,0.2,0.2
77159,mscoco,0.2887637883424759,0.4713777233304444,0.41290860772132876,0.6334294432831982,0.1,0.1111111111111111,0.3,1.0
501773,mscoco,0.050859549827873704,0.21744935537691745,0.06184615986421704,0.2283334843765712,0.1,1.0,0.1,1.0
355137,mscoco,0.633811604976654,0.7952776246346237,0.6766796231269836,0.8221268390119255,0.1,0.2,0.4,1.0
476055,mscoco,0.12214429453015327,0.2587482227257913,0.14369088225066662,0.39310468366802914,0.1,0.1666666666666666,0.2,0.5
446898,mscoco,0.046049305144697426,0.14520161091290668,0.1392305813729763,0.3728298410615474,0.2,1.0,0.5,1.0
336645,mscoco,0.2635265484452248,0.49360840596818417,0.2463175266981125,0.5373342451812929,0.2,1.0,0.4,0.3333333333333333
57242,mscoco,0.07019084664061666,0.24333478341510276,0.10228763222694397,0.395635376873981,0.1,0.5,0.1,1.0
137178,mscoco,0.3490273803472519,0.4793836857133902,0.4046443045139313,0.5673922836450221,0.4,0.5,0.4,1.0
113113,mscoco,0.08918094616383314,0.2638863673924743,0.1310552328824997,0.45577981934763273,0.6,1.0,0.5,1.0
403028,mscoco,0.3409214198589325,0.4881828489202813,0.44161436855793,0.7163763553151765,0.1,0.1111111111111111,0.1,1.0
346795,mscoco,0.07301813792437314,0.20683505839972163,0.05234180828556419,0.16870637177674336,0.1,0.1,0.0,0.0909090909090909
145682,mscoco,0.30329909175634384,0.5347042855605767,0.1627109156921506,0.36196479135689996,0.1,0.1111111111111111,0.0,0.0163934426229508
418791,mscoco,0.01132451519370079,0.04049225367770125,0.01099401293322444,0.0482960882064209,0.0,0.0833333333333333,0.1,1.0
107838,mscoco,0.22639922052621841,0.381403651957293,0.22480000779032708,0.5040683871219993,0.2,1.0,0.5,1.0
149577,mscoco,0.07165595456026494,0.389135930403092,0.05787635934539139,0.36680360194722095,0.1,1.0,0.1,1.0
10,drawbench,0.03622331395745278,0.1460575143492023,0.03168046185746789,0.1285190984966705,0.0,0.0,0.0,0.0
544614,mscoco,0.7641242623329163,0.9108640781226353,0.8094232082366943,0.8818559026108855,0.9,1.0,1.0,1.0
419150,mscoco,0.23041204623878003,0.48459352827458974,0.19419068694114686,0.5847741639392035,0.1,0.1666666666666666,0.2,1.0
496783,mscoco,0.1680716086179018,0.5383762262905366,0.1935857355594635,0.5434734405814494,0.2,1.0,0.2,1.0
195062,mscoco,0.6649300694465637,0.8003452946046503,0.7076512575149536,0.821383556066344,0.1,0.1111111111111111,0.6,1.0
183481,mscoco,0.2632432270795107,0.33984489934154727,0.23218649998307228,0.36642414179868876,0.7,0.5,0.7,1.0
495288,mscoco,0.16274909116327763,0.3257276754628808,0.21687741093337537,0.5231070401635917,0.0,0.0416666666666666,0.1,1.0
162,drawbench,0.025832734489813446,0.09884085053755132,0.039868853706866506,0.16976047659125318,0.0,0.0,0.0,0.0
99321,mscoco,0.5677675813436508,0.808167719599711,0.5410771876573562,0.8174077633485258,0.6,0.5,1.0,1.0
502637,mscoco,0.218534255027771,0.3675231985323599,0.1799087293446064,0.500928209563672,0.4,0.3333333333333333,0.7,1.0
136458,mscoco,0.14007144458591939,0.3005919863690467,0.1620760601013899,0.3322917019936102,0.1,0.5,0.1,0.3333333333333333
113333,mscoco,0.16257035955786706,0.3215277938360764,0.15972750633955002,0.28782244517724404,0.3,0.5,0.1,1.0
473448,mscoco,0.2797113597393036,0.7213243450840108,0.46220964193344116,0.6084727521518274,0.3,1.0,0.0,0.05
450598,mscoco,0.4367020934820175,0.6226503398777835,0.5806146472692489,0.8468763672147123,0.4,1.0,0.9,1.0
474157,mscoco,0.11731763556599617,0.25459342930980516,0.19185594245791435,0.3829881534296763,0.1,0.1111111111111111,0.2,1.0
74499,mscoco,0.046804376598447564,0.24873931172965133,0.08151227459311486,0.33946677660625885,0.1,1.0,0.2,1.0
107610,mscoco,0.7450933277606964,0.8656140157292299,0.7629491329193115,0.8460118598261824,0.4,1.0,0.6,0.5
200959,mscoco,0.4736613377928734,0.7923309298332172,0.5921390056610107,0.8093700650663438,0.3,1.0,0.7,1.0
463430,mscoco,0.04883021796122193,0.10951909430025569,0.05533128143288195,0.15443329582879803,0.0,0.0123456790123456,0.0,0.0085470085470085
512509,mscoco,0.21292935013771058,0.5336627274459324,0.28516763672232626,0.5181675851371186,0.2,0.5,0.1,0.5
458921,mscoco,0.029121799767017363,0.08523706599367907,0.026253703609108926,0.09516600938639598,0.0,0.025,0.1,1.0
282667,mscoco,0.09587706904858351,0.5069994943642538,0.10765475817024708,0.5391346241217061,0.1,0.3333333333333333,0.1,0.5
448771,mscoco,0.008030938799493015,0.03550183503523906,0.012696736119687557,0.0367736646610117,0.0,0.0196078431372549,0.0,0.05
293598,mscoco,0.7700896203517914,0.8519973627112041,0.7993149995803833,0.89985771910171,0.7,1.0,0.8,1.0
541193,mscoco,0.014973468985408545,0.06212961103950947,0.021501246420666576,0.08646406331941683,0.0,0.0666666666666666,0.0,0.0588235294117647
356569,mscoco,0.007297673050197772,0.018956799659006412,0.007992409344296902,0.0354038855102771,0.1,0.125,0.0,0.0714285714285714
334513,mscoco,0.2563733570277691,0.3711780311491541,0.4462289035320282,0.7251760855804813,0.1,0.1111111111111111,0.6,1.0
430167,mscoco,0.053140295576304196,0.19761517599220005,0.08714413736015558,0.4294059414402494,0.0,0.025,0.0,0.032258064516129
513125,mscoco,0.19685634598135948,0.3201595779197978,0.20153687968850137,0.49602589511280865,0.1,0.1428571428571428,0.2,0.3333333333333333
356257,mscoco,0.10086903916671872,0.3611037328958414,0.19609451126307248,0.44577251292244024,0.1,1.0,0.1,0.25
364010,mscoco,0.006439002056140453,0.027089832485580303,0.014311314094811678,0.04202404099243438,0.1,0.25,0.1,1.0
148542,mscoco,0.1315389208495617,0.28714668965613854,0.11258221548050643,0.2749638778625473,0.0,0.0526315789473684,0.0,0.037037037037037
82405,mscoco,0.2380342811346054,0.5302081461882271,0.2557473137974739,0.5385276739993219,0.7,1.0,0.4,1.0
70755,mscoco,0.01673156567849219,0.0545879845726523,0.02022370134945959,0.10089322978554226,0.1,0.1666666666666666,0.1,1.0
118927,mscoco,0.028144760616123678,0.1441521328616523,0.04000222841277719,0.12438699457653303,0.1,1.0,0.1,0.3333333333333333
508915,mscoco,0.060458817053586245,0.17720078776858,0.1074146255850792,0.3035260519150931,0.2,0.3333333333333333,0.1,0.2
491739,mscoco,0.059830103814601895,0.14759729114294282,0.059553065709769724,0.20853638359099982,0.0,0.0147058823529411,0.1,0.3333333333333333
147546,mscoco,0.04298818111419678,0.18280584064843125,0.06152697503566742,0.1588185481024622,0.5,0.3333333333333333,0.3,0.5
262213,mscoco,0.3546913668513298,0.4923636855774553,0.452862474322319,0.6470616135391967,0.9,0.5,0.7,1.0
415728,mscoco,0.1598873596638441,0.37460656773301315,0.1378771391697228,0.4537783671681106,0.5,1.0,0.5,1.0
506873,mscoco,0.18624331541359423,0.4241731975139831,0.15057541467249394,0.44654236520374224,0.6,1.0,0.7,1.0
538210,mscoco,0.25456740483641627,0.3133557165702401,0.406660595536232,0.4808926981384505,0.2,0.2,0.6,0.5
581127,mscoco,0.05179592985659838,0.1380564986205219,0.055165839940309526,0.1341269636899105,0.0,0.0185185185185185,0.1,0.5
110013,mscoco,0.1975874625146389,0.4220975625759697,0.11280815154314042,0.28018224198537467,0.3,1.0,0.3,1.0
502286,mscoco,0.06289747077971697,0.18075143707614838,0.08130668327212334,0.32677528629600194,0.0,0.04,0.1,0.5
99425,mscoco,0.38115099668502805,0.5933830235222519,0.4596527799963951,0.5539209735625412,0.1,0.125,0.4,1.0
103042,mscoco,0.48077472001314164,0.710044566115023,0.5800036013126373,0.7260837904179995,0.3,1.0,0.7,0.5
360440,mscoco,0.04703543502837419,0.3287209444054795,0.05434221173636615,0.3339256439387532,0.1,1.0,0.1,1.0
409668,mscoco,0.2566160723567009,0.47438882873467875,0.3185564190149307,0.5711579031497981,0.9,1.0,0.9,1.0
421639,mscoco,0.014720593625679613,0.044367316837989404,0.02293257382698357,0.08703690447843791,0.0,0.0526315789473684,0.1,0.1111111111111111
277717,mscoco,0.037710390985012054,0.16548120607580363,0.03875524150207639,0.16012511301994586,0.1,1.0,0.1,1.0
113851,mscoco,0.1658247232437134,0.36464074113229,0.14396378472447396,0.3667523743492085,0.6,0.5,0.4,1.0
380100,mscoco,0.5647085994482041,0.6905864715032757,0.727726137638092,0.8190429718161802,0.3,1.0,0.7,1.0
68601,mscoco,0.2771465316414833,0.6349731407097026,0.3221048802137375,0.5356655189954493,0.1,0.5,0.2,0.125
82229,mscoco,0.06239636102691293,0.1749864320146983,0.07509688129648566,0.15083151248997442,0.0,0.0909090909090909,0.0,0.0185185185185185
263462,mscoco,0.20781961120665074,0.38175926555861334,0.23883794844150544,0.5129127206872734,0.2,0.1666666666666666,0.4,0.5
352495,mscoco,0.048843092052266,0.12258371166850245,0.05394255574792624,0.16558412933819042,0.5,1.0,0.6,0.5
64339,mscoco,0.030336156161502002,0.07652199264766324,0.020419419463723897,0.07448848161485162,0.1,1.0,0.1,0.3333333333333333
11156,mscoco,0.08109443299472333,0.23113236712388197,0.07803020440042019,0.33528625188051187,0.1,0.5,0.1,1.0
334872,mscoco,0.5150203436613083,0.7903213523598558,0.5832690745592117,0.748340300639925,0.3,0.3333333333333333,0.4,0.5
477820,mscoco,0.32236151918768885,0.5169649388039359,0.3504474341869354,0.6033942820310684,0.3,0.25,0.2,0.5
283884,mscoco,0.2447494998574257,0.5197917006611781,0.3426080375909805,0.4914796956752659,0.4,0.3333333333333333,0.6,0.5
418868,mscoco,0.0205003104172647,0.06334059852250962,0.06833290327340365,0.15722378147669439,0.1,0.25,0.2,1.0
350309,mscoco,0.1273078963160515,0.3481958184657334,0.13253456950187684,0.2702741636546436,0.2,0.3333333333333333,0.1,0.25
14537,mscoco,0.058525310922414066,0.18610741011105356,0.062497892417013645,0.17693785130799683,0.1,0.5,0.1,1.0
575040,mscoco,0.009428606598521582,0.04181041543240084,0.0029492702771676703,0.012113116897187103,0.0,0.006578947368421,0.0,0.0018115942028985
449455,mscoco,0.21091727316379547,0.43218463227345966,0.2694099023938179,0.4870485496208819,0.9,1.0,0.6,1.0
211686,mscoco,0.042137046344578266,0.21141227960911657,0.04252569479867816,0.21968333285808322,0.1,1.0,0.1,1.0
154745,mscoco,0.33069720342755315,0.47638555963567475,0.5084595032036304,0.74665182791903,0.1,0.25,0.2,0.25
152084,mscoco,0.5130080163478852,0.6667819824148519,0.4523970626294613,0.6567411756144108,0.1,0.1666666666666666,0.1,1.0
536390,mscoco,0.2819245487451553,0.5526091504485763,0.3610485062003136,0.5756784945487041,0.0,0.0666666666666666,0.3,0.3333333333333333
235906,mscoco,0.14801611006259918,0.3116294056391136,0.10937187075614929,0.2913985346642031,0.5,1.0,0.3,1.0
526126,mscoco,0.05920192264020443,0.1872300561065305,0.11403891779482364,0.3454613301918229,0.0,0.037037037037037,0.2,1.0
3711,mscoco,0.21533337235450745,0.34570559648341226,0.1827158398926258,0.4620363625383745,0.3,0.1666666666666666,0.2,1.0
275938,mscoco,0.6198787748813629,0.7172441425819954,0.6639704585075379,0.8424059028086328,0.5,1.0,0.9,1.0
180130,mscoco,0.5624285906553268,0.846413243480618,0.643610554933548,0.8945512605749644,0.5,1.0,0.7,1.0
401037,mscoco,0.033980657835491,0.1077143024911009,0.0615766616538167,0.22649423090193294,0.0,0.0178571428571428,0.1,1.0
348816,mscoco,0.19432201823219658,0.40165892083781835,0.1457831220701337,0.4353622411111206,0.3,1.0,0.2,1.0
358300,mscoco,0.07922067362815141,0.277403431530543,0.03806885164231062,0.12472102058269041,0.1,1.0,0.0,0.0588235294117647
226577,mscoco,0.3423291515558958,0.3810310391622697,0.24722668007016183,0.6708782531734092,0.5,0.5,0.3,0.5
425100,mscoco,0.11995485313236713,0.19621069971878882,0.16026330087333918,0.3417592278393462,0.1,0.1666666666666666,0.1,0.2
11184,mscoco,0.027416509203612806,0.07545961065147588,0.044283417984843254,0.14326026099376993,0.0,0.0434782608695652,0.0,0.03125
391972,mscoco,0.027549894992262125,0.09682374852449332,0.03152496162801981,0.10822883076190651,0.1,0.5,0.0,0.0714285714285714
578072,mscoco,0.18651670049875974,0.48162617262956026,0.15628232890740038,0.4963962017271044,0.2,1.0,0.1,1.0
558798,mscoco,0.07577150017023086,0.1759027612718817,0.04963191300630569,0.2433475310964919,0.1,0.25,0.0,0.0181818181818181
353559,mscoco,0.13177228458225726,0.27727026443130665,0.11332694701850414,0.2868652597257892,0.3,0.2,0.3,0.5
291117,mscoco,0.2821738854050636,0.4619910866512595,0.23602099493145942,0.5020466472096218,0.0,0.0769230769230769,0.6,1.0
372201,mscoco,0.04265019949525595,0.14514741707097004,0.05205568242818117,0.17159328142470265,0.0,0.0303030303030303,0.2,0.1666666666666666
204085,mscoco,0.06248812433332205,0.17999880618343897,0.05193527452647686,0.16675322614399096,0.6,1.0,0.6,1.0
218965,mscoco,0.15759783312678338,0.4577339952573481,0.12394980005919934,0.44372247246641106,0.2,1.0,0.2,1.0
343012,mscoco,0.04322883412241936,0.12942440004219863,0.03145953395869583,0.07037193558982123,0.1,1.0,0.1,0.25
271941,mscoco,0.08004714716225862,0.15231309392732764,0.06511255986988544,0.17202209877741292,0.1,0.1666666666666666,0.2,0.5
230141,mscoco,0.08378723915666342,0.2383757275550464,0.16684006787836553,0.4201015105094445,0.1,0.25,0.1,0.2
58232,mscoco,0.10485684480518102,0.3244745982797681,0.12807211577892302,0.21968178457432092,0.0,0.0434782608695652,0.0,0.0303030303030303
175437,mscoco,0.04534378871321678,0.10007090591786796,0.03281814903020859,0.09793227147049839,0.1,0.5,0.0,0.0175438596491228
541010,mscoco,0.48641897141933443,0.6322169547903441,0.5672838270664216,0.6787973038104802,0.1,0.5,0.1,0.1666666666666666
140,drawbench,0.018275738786906005,0.06790810292971866,0.018796113971620797,0.06648614889676012,0.0,0.0,0.0,0.0
170558,mscoco,0.46723138689994814,0.5863137030265371,0.31391445696353915,0.49150542505143274,0.1,0.3333333333333333,0.2,0.3333333333333333
148267,mscoco,0.26574989408254623,0.5211923228243929,0.29316595792770384,0.49525754753366963,0.1,1.0,0.1,1.0
531896,mscoco,0.09081697687506676,0.21971830336382725,0.17607116401195527,0.4070870084914698,0.0,0.0769230769230769,0.1,1.0
153620,mscoco,0.050957181584089996,0.11968636608108596,0.07089729222934693,0.1335114180092245,0.1,0.125,0.1,0.25
450,mscoco,0.13641442321240901,0.3171281580805874,0.2129899814724922,0.39474460543061135,0.2,1.0,0.3,0.3333333333333333
186605,mscoco,0.08992496114224195,0.2726894830831835,0.0855389030650258,0.33326137796455463,0.1,1.0,0.1,0.25
188845,mscoco,0.08331834487617015,0.24674719714106305,0.08253532405942679,0.1842411328984136,0.0,0.0039682539682539,0.0,0.0333333333333333
442400,mscoco,0.007431939069647342,0.028412119749884803,0.014311708183959127,0.06828177514092833,0.0,0.0416666666666666,0.1,0.25
493416,mscoco,0.02989921469707042,0.1106790619922502,0.012714280333602801,0.04992795533796148,0.0,0.0069444444444444,0.1,0.5
239532,mscoco,0.2693192146718502,0.5023453574385576,0.3240270368754864,0.7073042919971751,0.0,0.0263157894736842,0.1,1.0
5862,mscoco,0.13679285906255245,0.37189341588266056,0.13378611989319325,0.3129081999438979,0.1,0.1428571428571428,0.3,1.0
194744,mscoco,0.12413995116949081,0.36376499708840404,0.11486007384955883,0.2928788699342043,0.1,0.5,0.2,0.1428571428571428
570512,mscoco,0.00271529900492169,0.009345911904322145,0.0039397258427925404,0.022225999552788336,0.0,0.0666666666666666,0.1,1.0
18191,mscoco,0.0073827056679874655,0.021774335926510433,0.005694584519369527,0.03357560534077434,0.1,0.1666666666666666,0.0,0.0833333333333333
346093,mscoco,0.48802781105041504,0.6347967104183094,0.571570074558258,0.7553695537373681,0.3,0.3333333333333333,0.3,1.0
549978,mscoco,0.16896189600229264,0.33150784569014585,0.21874266788363456,0.39195964614614526,0.0,0.0833333333333333,0.3,0.5
114468,mscoco,0.1205937385559082,0.3010775365439625,0.12994473725557326,0.39117858346736545,0.1,0.5,0.2,1.0
45490,mscoco,0.15058214738965034,0.3796357457545706,0.12737708482891322,0.35523800683799145,0.1,0.25,0.1,1.0
99701,mscoco,0.15820964984595776,0.32635283275563726,0.13056242018938063,0.3077127166652002,0.2,0.5,0.2,0.1666666666666666
228336,mscoco,0.14520809128880502,0.3737564028980739,0.22731162011623382,0.41941242236546405,0.0,0.0625,0.3,0.5
442148,mscoco,0.19755321890115737,0.5839034611847925,0.24583165273070334,0.575267245099498,0.3,1.0,0.2,1.0
155,drawbench,0.009082976647187024,0.04628061451994008,0.008258245349861682,0.022333781171988278,0.0,4.697702823319397e-05,0.0,0.000124254473161
539287,mscoco,0.272778943926096,0.3289778873489424,0.6545956373214722,0.843690517719694,0.0,0.0588235294117647,0.6,1.0
151466,mscoco,0.013612327259033918,0.0736198612743003,0.05195009503513574,0.2065060462436673,0.1,1.0,0.3,0.25
329908,mscoco,0.2656274139881134,0.5388855115639131,0.34713551849126817,0.5657187499202831,0.2,0.3333333333333333,0.4,0.3333333333333333
384986,mscoco,0.09512911662459374,0.2518953107770099,0.1282066747546196,0.28717897205112736,0.0,0.0068493150684931,0.0,0.0111111111111111
444801,mscoco,0.1735270418226719,0.298114137036392,0.32573275119066236,0.5764839869389973,0.1,0.125,0.5,0.5
223875,mscoco,0.08830801276490093,0.25488786500376814,0.11061499794013799,0.33669481075361124,0.0,0.04,0.1,1.0
84493,mscoco,0.012714373506605625,0.04745504214960312,0.02001963322982192,0.0652611209289333,0.4,1.0,0.4,1.0
484206,mscoco,0.15294202901422976,0.28023314859707427,0.174511182308197,0.29056358972132196,0.1,0.3333333333333333,0.2,1.0
223869,mscoco,0.03903914662078023,0.10100908129459928,0.04798907702788711,0.12224372251179241,0.3,0.5,0.5,1.0
13800,mscoco,0.15961797684431075,0.23279811377017176,0.2705771192908287,0.39961493763754674,0.2,0.1428571428571428,0.2,0.3333333333333333
62250,mscoco,0.03940006694756448,0.16147647058484269,0.054117371514439586,0.1567750326648531,0.1,0.5,0.2,0.3333333333333333
401092,mscoco,0.08650373294949532,0.23303751869464095,0.09925060663372279,0.2679847129617122,0.4,0.5,0.2,0.125
407626,mscoco,0.04585106316953898,0.14945497356875123,0.0228627210482955,0.0795714087136754,0.1,0.3333333333333333,0.0,0.0083333333333333
479866,mscoco,0.10706861261278391,0.39311297336947365,0.35401751548051835,0.5466511974537903,0.5,1.0,0.5,0.5
579247,mscoco,0.05420177462510765,0.2351124678260568,0.046380164893344046,0.1901668675231456,0.3,1.0,0.4,1.0
432832,mscoco,0.040186508325859904,0.10792256583642824,0.02845997808035463,0.1915032192670833,0.3,0.3333333333333333,0.4,1.0
297695,mscoco,0.025141403218731283,0.06388633895487225,0.036443507252261045,0.1204182028054999,0.1,0.1,0.1,1.0
440793,mscoco,0.19237614534795283,0.5964660792264043,0.42210760414600373,0.7012772230396513,0.1,1.0,0.1,1.0
484338,mscoco,0.305279441177845,0.5322301784380316,0.3207539260387421,0.5491611519494568,0.1,0.1111111111111111,0.4,0.1428571428571428
28654,mscoco,0.24338329583406448,0.37508753765232294,0.3741489931941032,0.5953217130434517,0.2,0.5,0.0,0.0227272727272727
372580,mscoco,0.054132070206105706,0.1535607628097721,0.087253887206316,0.226152716845032,0.0,0.0222222222222222,0.0,0.0227272727272727
53802,mscoco,0.011757267778739333,0.04089346443562855,0.03130167894996703,0.07785180007136634,0.1,1.0,0.1,1.0
72792,mscoco,0.06526543255895376,0.21887131158873294,0.07380490452051162,0.18183271066409107,0.0,0.0263157894736842,0.0,0.0333333333333333
185844,mscoco,0.1927896961569786,0.4520260495885943,0.24575117900967597,0.4987550321369612,0.1,0.1666666666666666,0.3,1.0
355347,mscoco,0.08405275419354438,0.18979999721292035,0.15701172538101674,0.36748158386197183,0.3,0.2,0.3,0.5
55237,mscoco,0.11354752611368894,0.4805924261136334,0.15162910018116235,0.3781591577312089,0.0,0.0344827586206896,0.0,0.0454545454545454
167910,mscoco,0.03696902580559254,0.14294456314149234,0.02233534036204219,0.07020294146530762,0.1,0.5,0.0,0.0166666666666666
398527,mscoco,0.17254842817783356,0.43909504442825253,0.1650494996458292,0.45161160357484703,0.2,1.0,0.5,1.0
484666,mscoco,0.033407581970095634,0.09304918255127807,0.020209943363443016,0.0921774352503308,0.1,0.5,0.1,1.0
399461,mscoco,0.0411831368226558,0.13781436738975866,0.05430052448064089,0.1336928609621761,0.1,0.5,0.2,1.0
71220,mscoco,0.04613178372383118,0.14087497694320045,0.15098060443997383,0.48645486220287804,0.1,0.1666666666666666,0.7,1.0
430391,mscoco,0.3034922808408737,0.5773157158244006,0.38769633769989015,0.5773329498178948,0.6,1.0,0.4,1.0
81166,mscoco,0.19389595612883567,0.40277666277515517,0.37355354726314544,0.6166903380017664,0.0,0.0769230769230769,0.2,0.5
11690,mscoco,0.18526031896471978,0.3710926257242858,0.39670281261205675,0.7684738311226618,0.3,0.5,0.6,1.0
74570,mscoco,0.11272654868662357,0.24626377271809674,0.14513795860111714,0.2963928360998093,0.7,0.5,0.7,1.0
495609,mscoco,0.0224368657451123,0.0784395870170053,0.022492053965106607,0.101701568060789,0.1,0.125,0.1,1.0
286874,mscoco,0.1213609404861927,0.2777189591099827,0.17314971536397933,0.4016794653781384,0.1,0.3333333333333333,0.1,1.0
310562,mscoco,0.7077529698610305,0.8557607865026592,0.6976363182067871,0.8996755092005904,0.7,1.0,0.6,1.0
49946,mscoco,0.1836545765399933,0.4147963452001814,0.16326570883393288,0.40794443831526167,0.1,1.0,0.1,1.0
546114,mscoco,0.19410526379942894,0.4981007721323964,0.2552704095840454,0.46587415374852126,0.4,1.0,0.5,0.5
229052,mscoco,0.047136090695858,0.1539066476305655,0.0443012117408216,0.15583047003458944,0.1,1.0,0.1,0.3333333333333333
218294,mscoco,0.2229038618505001,0.5132297260887336,0.26548721827566624,0.6385489740414946,0.1,1.0,0.3,1.0
262235,mscoco,0.4774283289909363,0.7213209919891945,0.5774206459522248,0.7555228371398237,0.6,1.0,1.0,1.0
53229,mscoco,0.07369088102132082,0.2431129831874715,0.07984151914715767,0.1749229759766067,0.3,1.0,0.8,0.5
447209,mscoco,0.03930757651105523,0.11185504584928548,0.058839085325598714,0.14949377110615744,0.2,1.0,0.1,0.3333333333333333
166096,mscoco,0.34800332486629487,0.5823461050192041,0.2629151701927185,0.5045034084019506,0.3,0.25,0.2,0.2
70363,mscoco,0.00556022000964731,0.02557344599283351,0.006638457509689033,0.020633424211130267,0.0,0.03125,0.1,0.1111111111111111
23355,mscoco,0.012031881918665022,0.06099735172537243,0.021587740583345293,0.08282069651195056,0.1,1.0,0.1,1.0
269886,mscoco,0.03731782473623753,0.11620258260374627,0.03604031950235367,0.09659761146573327,0.0,0.0185185185185185,0.2,0.125
237445,mscoco,0.06167840026319027,0.21174128437667195,0.14392231367528438,0.37017818710466377,0.0,0.0769230769230769,0.4,1.0
63835,mscoco,0.6167736202478409,0.7547244086674655,0.679029569029808,0.7146496419291538,0.5,1.0,0.9,1.0
272255,mscoco,0.4857477605342865,0.5914738880336169,0.5069687888026237,0.748263188531658,0.5,0.3333333333333333,0.3,1.0
373414,mscoco,0.05219475347548723,0.18340497927510072,0.0791275143623352,0.17676227085543916,0.1,0.1111111111111111,0.5,1.0
466827,mscoco,0.48525719344615936,0.7181062329006359,0.5854197800159454,0.7532283281110517,0.4,1.0,0.7,0.5
506026,mscoco,0.013713860977441072,0.05686951473603849,0.018458791787270456,0.059931948258385125,0.1,0.25,0.1,1.0
262145,mscoco,0.15723933074623347,0.49725264694348587,0.14966002609580756,0.36718760475495,0.1,1.0,0.4,1.0
40210,mscoco,0.5609792292118072,0.7572429257321813,0.602501118183136,0.7815571074294123,0.1,1.0,0.1,0.3333333333333333
281652,mscoco,0.09688010066747665,0.291846323529745,0.09406150709837675,0.3097136941498055,0.2,1.0,0.2,1.0
280808,mscoco,0.14196899607777597,0.33313019726916,0.16803933382034303,0.3145607143399063,0.0,0.05,0.2,0.1666666666666666
244549,mscoco,0.11106813289225101,0.28603886975059034,0.13844796940684317,0.29158039846378736,0.1,0.25,0.2,1.0
179504,mscoco,0.0060168640222400425,0.03662061578769386,0.011814570012211334,0.03305230186149288,0.0,0.0769230769230769,0.1,0.1428571428571428
177353,mscoco,0.0035258610732853413,0.012705559403452228,0.004206817341037094,0.01596867733953122,0.1,1.0,0.1,1.0
298830,mscoco,0.27641078159213067,0.6907301245283275,0.36720793694257736,0.5918671923668859,0.1,1.0,0.3,0.5
126182,mscoco,0.03352625221014023,0.09623077711943746,0.05728754736483097,0.18853104001322998,0.0,0.0208333333333333,0.1,0.125
112904,mscoco,0.07460288284346461,0.23462744236608818,0.07405505590140819,0.18542934296406025,0.0,0.0555555555555555,0.1,0.1666666666666666
211080,mscoco,0.029784521739929914,0.09264029744137811,0.06119335573166609,0.1783281423037735,0.0,0.027027027027027,0.5,1.0
526729,mscoco,0.5672800093889236,0.6882728104539292,0.5988760501146316,0.7962004580403068,0.2,0.25,0.1,0.1666666666666666
474180,mscoco,0.17708971425890924,0.5396920512394092,0.13646464897319674,0.48792673323768604,0.1,0.5,0.1,1.0
466083,mscoco,0.08311256635934114,0.24724250272704523,0.08938902365043759,0.24239217441325595,0.0,0.05,0.0,0.0285714285714285
154,drawbench,0.05097098667174578,0.16926025087135474,0.045119354408234356,0.16053195557059527,0.0,0.0,0.0,0.0
183805,mscoco,0.1539637330919504,0.2720313766729023,0.13814796842634677,0.44957163852645665,0.1,0.1,0.0,0.0263157894736842
185571,mscoco,0.03202228569425643,0.1219181078452306,0.040543937915936114,0.13036229178975484,0.1,0.5,0.1,1.0
27471,mscoco,0.30064993649721145,0.5063954002494744,0.4591447949409485,0.6422994532142632,0.3,1.0,0.2,0.5
21504,mscoco,0.056589573656674476,0.21410198132216435,0.0814857071498409,0.25121929481853483,0.1,1.0,0.1,0.1111111111111111
422676,mscoco,0.05780185693874955,0.4538287878765805,0.07823182428255678,0.2681327196430156,0.1,1.0,0.1,0.5
452930,mscoco,0.16555737294256687,0.35358123035784533,0.16521908342838287,0.27324171776861367,0.0,0.0625,0.2,0.3333333333333333
473500,mscoco,0.06327390298247337,0.1868030495932325,0.030475445743650197,0.10003980122883654,0.1,0.5,0.1,0.1428571428571428
32708,mscoco,0.09645263776183129,0.25985199494521183,0.1884091667830944,0.4292673241148745,0.2,0.1666666666666666,0.4,1.0
578255,mscoco,0.1470764670521021,0.45401378335281334,0.2520922616124153,0.5799331559638469,0.1,0.3333333333333333,0.1,1.0
249792,mscoco,0.15518073011189698,0.5080457634386201,0.1472377311438322,0.5161969544881706,0.1,1.0,0.1,1.0
188795,mscoco,0.2987805165350437,0.549471035620381,0.3974298149347305,0.616276780155954,0.3,1.0,0.5,0.3333333333333333
299205,mscoco,0.01932965046726167,0.12165282761988074,0.035333984764292836,0.15675979153030098,0.1,1.0,0.2,1.0
404406,mscoco,0.09206306152045726,0.2792305686297012,0.0771725557744503,0.2162501690315514,0.1,1.0,0.1,1.0
145690,mscoco,0.16380339358001947,0.5763640077609272,0.21370159164071084,0.6036429864332421,0.0,0.0277777777777777,0.1,1.0
400332,mscoco,0.2507802233099937,0.5219762028037812,0.30522761344909666,0.6054663549415923,0.2,0.25,0.2,1.0
202810,mscoco,0.4884237706661224,0.7573762213115441,0.507685586810112,0.6988088025913105,0.2,0.2,0.1,0.125
52,drawbench,0.012471911893226207,0.03051127650823334,0.021289485110901295,0.05008204625585934,0.0,0.0,0.0,0.0
225700,mscoco,0.1518445633351803,0.3915461255696449,0.18358358480036258,0.4664241571172352,0.1,0.1428571428571428,0.2,0.25
273106,mscoco,0.053116359189152716,0.1397792748661136,0.06508657103404403,0.18640604155550342,0.0,0.0263157894736842,0.0,0.0588235294117647
394840,mscoco,0.04733357937075198,0.13199033734566876,0.03748650886118412,0.13369315449471808,0.1,1.0,0.2,1.0
323810,mscoco,0.12453662399202585,0.2800293929535238,0.09022499974817037,0.2825452749646838,0.5,1.0,0.5,1.0
174892,mscoco,0.21418165676295758,0.44768098205100676,0.2107948251068592,0.35306632246754693,0.4,0.1428571428571428,0.2,0.1666666666666666
365507,mscoco,0.28125794008374216,0.5392178481893679,0.410946249961853,0.6548681272036686,0.4,0.25,0.7,1.0
531963,mscoco,0.02955130613408983,0.11417357465268417,0.05732051283121109,0.14661552371304404,0.0,0.0555555555555555,0.1,0.1428571428571428
214127,mscoco,0.3559617832303047,0.6927977552575509,0.4213898241519928,0.646322090368343,0.2,0.3333333333333333,0.2,0.1111111111111111
230991,mscoco,0.357477480918169,0.6852776508846185,0.4099195212125778,0.49347321614326,0.1,1.0,0.6,1.0
552962,mscoco,0.024816595762968064,0.08317011532569066,0.03166176876984537,0.07826611840828956,0.1,1.0,0.1,0.1111111111111111
534565,mscoco,0.5259262919425964,0.6141200384317115,0.5673386424779892,0.729840020250364,0.8,1.0,0.7,1.0
423647,mscoco,0.1288031220436096,0.3013051610076894,0.14987143091857433,0.39223874170889605,0.2,0.1666666666666666,0.3,0.5
48,drawbench,0.020051304751541467,0.07176918173180633,0.04866883270442486,0.13227328715075928,0.0,0.0,0.0,0.0
50480,mscoco,0.22880542948842048,0.3438267403633476,0.17678765691816806,0.33539103930434977,0.0,0.0089285714285714,0.1,0.125
138768,mscoco,0.21918159797787667,0.465846459319759,0.25114335045218467,0.5022606173807806,0.2,0.5,0.1,0.25
480482,mscoco,0.0219549847766757,0.07807257597654299,0.018508705496788024,0.06956923694409783,0.1,0.5,0.1,0.5
150024,mscoco,0.05057677635923028,0.1954341574983361,0.0512968763243407,0.29603035998235816,0.2,0.5,0.2,1.0
94793,mscoco,0.08787988144904375,0.2633797485434403,0.10590747594833375,0.3055955222794852,0.0,0.04,0.2,1.0
378313,mscoco,0.007598178368061781,0.02746123702694567,0.02827278934419155,0.0915867405619536,0.0,0.0021231422505307,0.1,1.0
504921,mscoco,0.8952876687049866,0.9653212078242395,0.9055792629718781,0.9546048741748738,1.0,1.0,1.0,1.0
292116,mscoco,0.02276047570630908,0.10373587144940064,0.05992278307676315,0.1874553996923732,0.0,0.0084033613445378,0.1,1.0
109012,mscoco,0.10551253259181977,0.2620794141111292,0.10463385209441185,0.22114612499767716,0.4,1.0,0.8,0.5
504657,mscoco,0.2978049948811531,0.4203885345223565,0.5274459034204483,0.6937852805568746,0.2,0.1428571428571428,0.9,1.0
72850,mscoco,0.22499304115772248,0.5012967500608837,0.24325535148382188,0.46557685890057915,0.0,0.0434782608695652,0.4,1.0
273316,mscoco,0.22222088202834128,0.6007612529403773,0.2632813736796379,0.5305501153033241,0.3,1.0,0.3,1.0
354261,mscoco,0.021255250670947134,0.06554923774948063,0.014612211892381311,0.06395095108465905,0.0,0.0909090909090909,0.0,0.0833333333333333
54437,mscoco,0.10501069054007531,0.29364704667902236,0.14040535725653172,0.3157486719101319,0.5,1.0,0.1,0.1666666666666666
249251,mscoco,0.11462944690138102,0.19353827775204857,0.1886174663901329,0.3046936761252119,0.2,0.5,0.1,0.5
99747,mscoco,0.028898182231932877,0.08544127917692566,0.024224317446351052,0.08126872630676875,0.6,0.5,0.6,1.0
23976,mscoco,0.08210333939641715,0.21432320550335893,0.06987489061430097,0.16681579912347977,0.1,0.3333333333333333,0.3,0.2
295295,mscoco,0.5569185391068459,0.7298577704172899,0.5159328013658524,0.6994040160259014,0.3,0.25,0.4,0.3333333333333333
32712,mscoco,0.2994230749085546,0.33895897403142106,0.45141605734825135,0.6199096769015756,0.0,0.0625,0.1,0.125
4616,mscoco,0.013851843192242086,0.05955655605119001,0.023483309661969543,0.09351487231673312,0.1,0.5,0.1,1.0
529096,mscoco,0.15542571917176246,0.41122882347481476,0.13837344832718373,0.39754223728693183,0.1,1.0,0.2,1.0
537349,mscoco,0.21402377933263778,0.35057731669793524,0.22417209520936013,0.5866099615089583,0.0,0.0625,0.0,0.0434782608695652
367853,mscoco,0.5569794237613678,0.8878438494659777,0.6069904923439026,0.89326708289677,0.2,1.0,0.5,1.0
323231,mscoco,0.10314964260905982,0.2552376330924166,0.13516717087477445,0.3569432430184568,0.0,0.003076923076923,0.1,0.125
385317,mscoco,0.19434395134449006,0.40057558245179103,0.10126030780375003,0.1968305711677744,0.3,0.3333333333333333,0.1,1.0
284192,mscoco,0.34770226925611497,0.7088524631269749,0.32934281378984454,0.7602327555658683,0.1,1.0,0.1,1.0
384790,mscoco,0.32638049572706224,0.5065339490800895,0.27240295261144637,0.6163879219010577,0.0,0.0769230769230769,0.0,0.0384615384615384
237758,mscoco,0.20701852589845657,0.38212271096014355,0.230523481965065,0.509709999461346,0.4,1.0,0.5,0.25
201134,mscoco,0.05934714237228036,0.43945504421104103,0.07809273502789438,0.26905829455584646,0.1,1.0,0.1,0.5
33,drawbench,0.027634404506534337,0.104787951705004,0.025294219027273357,0.10145841967731414,0.0,0.0,0.0,0.0
220118,mscoco,0.1564456544816494,0.3127081500215209,0.17050986140966415,0.34893170546771035,0.0,0.0169491525423728,0.1,1.0
182118,mscoco,0.01893895850516856,0.07354005731167734,0.016976735554635525,0.055178160934216486,0.0,0.0076923076923076,0.1,1.0
101569,mscoco,0.3110598996281624,0.5936901311240621,0.4300247311592102,0.5361841191396585,0.2,1.0,0.3,0.5
111754,mscoco,0.48011353313922883,0.48771795874465745,0.6389979481697082,0.6284740315870582,0.2,0.2,0.8,1.0
209920,mscoco,0.07655399302020668,0.22091042853694967,0.052378390729427335,0.1433056311335847,0.0,0.0333333333333333,0.1,0.1666666666666666
534426,mscoco,0.016032119956798853,0.058278055763189174,0.02629535086452961,0.0729840032127291,0.1,0.125,0.4,0.5
165298,mscoco,0.09151550568640232,0.33707241303802715,0.07800364568829536,0.20638753922602934,0.1,0.1666666666666666,0.0,0.0833333333333333
289007,mscoco,0.013060213602147996,0.048720440240772184,0.032564532570540906,0.12070791567613885,0.0,0.0625,0.1,1.0
11796,mscoco,0.1463557606562972,0.23608391377157117,0.10793508663773536,0.33297518071703736,0.1,0.5,0.1,1.0
537135,mscoco,0.05695041231811047,0.19956378695256072,0.0417210950050503,0.22008514193116405,0.1,0.5,0.2,1.0
120977,mscoco,0.039722494594752786,0.10315682531506452,0.033795255422592166,0.17168387810827065,0.1,0.5,0.1,0.25
259103,mscoco,0.0365672321524471,0.10677304189932361,0.018428290053270756,0.08466067049514767,0.0,0.0357142857142857,0.1,0.5
49073,mscoco,0.45416406691074374,0.6413039848609776,0.5378096789121628,0.7536889006962117,0.0,0.00074294205052,0.0,0.0049261083743842
387855,mscoco,0.03819381415378302,0.13836485136267607,0.041192726045846936,0.16373529803482667,0.0,0.0050251256281407,0.1,0.5
252549,mscoco,0.22966211400926112,0.5426878335281394,0.21593503654003143,0.59807780388018,0.1,0.25,0.1,0.5
506232,mscoco,0.19788820743560792,0.5476829794544441,0.22991290763020517,0.5409996458385175,0.1,1.0,0.4,1.0
178876,mscoco,0.529690396785736,0.609824759709032,0.5885534256696701,0.7306783354047378,0.1,0.1,0.1,1.0
98709,mscoco,0.2113729678094387,0.45567812054689605,0.40714654624462127,0.6291972549570792,0.2,0.3333333333333333,0.5,1.0
83328,mscoco,0.3118429031223059,0.6424121812699648,0.5055681869387627,0.8177509038919081,0.1,0.1,0.2,1.0
467180,mscoco,0.018411910440772773,0.06558967845501254,0.05030217934399843,0.13124085222340504,0.2,1.0,0.0,0.0833333333333333
362244,mscoco,0.1184024803340435,0.4009176510526337,0.10773992594331502,0.31409683689782664,0.3,1.0,0.1,0.1428571428571428
382182,mscoco,0.2851986065506935,0.4330897021075699,0.2982063315808773,0.6201676585189014,0.2,0.3333333333333333,0.3,1.0
79545,mscoco,0.04412701576948166,0.1255578142703826,0.050426412094384435,0.1451283020218782,0.0,0.0909090909090909,0.2,0.1666666666666666
516233,mscoco,0.028850584849715234,0.12284590369834734,0.03050908618606627,0.15901174785408562,0.1,0.3333333333333333,0.1,1.0
544127,mscoco,0.36861650794744494,0.58596052205823,0.3736398324370384,0.5595300915929409,0.1,0.5,0.1,0.1428571428571428
97734,mscoco,0.027287149522453546,0.08457857795584095,0.024209034722298385,0.07251876432858699,0.2,0.5,0.4,1.0
29752,mscoco,0.03894177516922355,0.09518254045623327,0.11886487565934659,0.24456371212017555,0.1,0.5,0.1,1.0
412491,mscoco,0.028801709692925215,0.11228627005056224,0.026146459951996805,0.07887148142466605,0.1,0.3333333333333333,0.0,0.0526315789473684
111,drawbench,0.747510427236557,0.9133510844382341,0.7105367660522461,0.8711984278636054,0.1,0.3333333333333333,0.0,0.0052910052910052
354929,mscoco,0.03763829255476594,0.08243521118736652,0.03091655222233385,0.13246764735712704,0.1,0.25,0.1,1.0
558242,mscoco,0.5969937890768051,0.7964795335831557,0.621665644645691,0.8106638164469482,0.0,0.0416666666666666,0.1,0.25
462129,mscoco,0.08320276010781527,0.2680908678014561,0.07211810806766153,0.2049369709296276,0.0,0.0065359477124183,0.0,0.0555555555555555
462925,mscoco,0.1837388750165701,0.5280270839789931,0.26375054344534876,0.7070120471266388,0.3,0.5,0.3,1.0
45343,mscoco,0.10451031513512135,0.26347175999230354,0.049365993961691855,0.22358680199178668,0.1,1.0,0.1,1.0
538299,mscoco,0.14855010025203227,0.41473111698441956,0.13682122379541398,0.24919487513751268,0.1,1.0,0.2,0.2
245002,mscoco,0.6373845398426056,0.7341641530781736,0.7035064816474914,0.8406719891044105,0.6,0.3333333333333333,0.9,1.0
259414,mscoco,0.05885625630617142,0.17722953270455571,0.0621887338347733,0.2403177169418787,0.0,0.0131578947368421,0.0,0.0147058823529411
130314,mscoco,0.040962721407413485,0.22387288073828768,0.05072394218295813,0.2348302872397675,0.1,1.0,0.1,1.0
544120,mscoco,0.06472479603253305,0.11814240105884649,0.038213702663779256,0.1811213658347551,0.0,0.0062111801242236,0.0,0.04
196510,mscoco,0.07220431501045824,0.24452656808270465,0.07448420580476522,0.2557293809198488,0.0,0.0172413793103448,0.0,0.0333333333333333
226197,mscoco,0.116134649887681,0.254175643394075,0.3202725678682327,0.5582745677670997,0.0,0.05,0.2,0.2
500568,mscoco,0.0695137929636985,0.23181315244092146,0.07957019950263203,0.29812277712854496,0.1,0.125,0.1,1.0
351149,mscoco,0.04824551697820425,0.15538682645415644,0.04346637288108468,0.15031104051436234,0.0,0.0416666666666666,0.0,0.0769230769230769
298600,mscoco,0.04492497220635414,0.12798047572430918,0.0458693191409111,0.18699544461088408,0.0,0.024390243902439,0.3,1.0
434027,mscoco,0.08496062606573104,0.18833838161026242,0.08260142356157303,0.16159617000116755,0.0,0.037037037037037,0.2,1.0
116851,mscoco,0.027375254966318607,0.12573291797391198,0.035831541009247306,0.14070303660159209,0.4,1.0,0.5,1.0
364567,mscoco,0.38068511709570885,0.7448629006546563,0.5978481590747833,0.7185871527768632,0.2,0.3333333333333333,0.6,1.0
363957,mscoco,0.09436877518892288,0.24142141699176367,0.1277824740856886,0.2641594717367492,0.8,1.0,0.9,1.0
568974,mscoco,0.015093118487857281,0.06484637106801275,0.030776610295288265,0.09121483658279082,0.0,0.0059523809523809,0.1,1.0
223739,mscoco,0.04938632515259087,0.20840471318219092,0.07660081554204226,0.17874316132955456,0.0,0.0588235294117647,0.0,0.0833333333333333
59171,mscoco,0.615437638759613,0.8596610001626547,0.728781571984291,0.8594924976451895,0.7,1.0,0.9,1.0
521218,mscoco,0.11331675760447979,0.30756251106929683,0.15946370251476766,0.21249523513503138,0.4,1.0,0.8,1.0
367329,mscoco,0.2974372237920761,0.4488127199428896,0.38485061973333357,0.6975292951438256,0.1,0.25,0.4,1.0
352061,mscoco,0.10639409348368645,0.33185772158751925,0.12452183850109577,0.3206462590082542,0.2,0.125,0.2,1.0
484636,mscoco,0.20512435659766198,0.5334920522617617,0.23024510219693184,0.3397628051106321,0.1,0.1428571428571428,0.1,1.0
264461,mscoco,0.05023914109915495,0.15848576488219382,0.07446863390505314,0.21720829023233815,0.0,0.0085470085470085,0.0,0.0384615384615384
148165,mscoco,0.0067687155096791685,0.033647168359916824,0.020044526807032524,0.06483601630390246,0.1,1.0,0.0,0.024390243902439
429593,mscoco,0.05993141792714596,0.11634819591398779,0.08309578020125627,0.20829444460877664,0.1,0.5,0.1,1.0
15757,mscoco,0.1292876075953245,0.3149236105814308,0.16481649577617646,0.345469087108521,0.0,0.0153846153846153,0.1,0.1111111111111111
37032,mscoco,0.013487299135886133,0.057616566316905087,0.10304584614932537,0.35102396689704984,0.0,0.0769230769230769,0.9,1.0
99515,mscoco,0.06040603648871183,0.23708168924951217,0.10614045727998019,0.3632807092116348,0.0,0.0022573363431151,0.0,0.0769230769230769
501624,mscoco,0.6499541640281677,0.7491129230323659,0.6788523554801941,0.7672044037652823,0.7,1.0,0.8,1.0
91780,mscoco,0.0830828757956624,0.2834119076170671,0.091911431401968,0.2907695329626993,0.1,0.5,0.1,0.5
473195,mscoco,0.10345830773003399,0.24698948892158415,0.11319286432117223,0.3814925878165088,0.0,0.0010111223458038,0.0,0.0059171597633136
200241,mscoco,0.06769689843058586,0.2166283440891826,0.066491181217134,0.22116492330688817,0.1,1.0,0.1,1.0
20966,mscoco,0.1287784419953823,0.27439691044587405,0.13236473873257637,0.33978488440545906,0.4,0.25,0.5,1.0
477005,mscoco,0.18776141926646234,0.3236470143947663,0.19547687666490673,0.3654546686946837,0.4,0.5,0.6,1.0
568281,mscoco,0.020059974817559122,0.07248046846058165,0.05140074426308274,0.2597308465342837,0.1,0.25,0.1,0.1428571428571428
289075,mscoco,0.0391294929664582,0.16192379494102896,0.06463232152163982,0.17691348433341425,0.1,1.0,0.1,1.0
315211,mscoco,0.023917869245633484,0.09199280086260886,0.019931048643775283,0.08997130789306612,0.1,1.0,0.1,1.0
370763,mscoco,0.08896702751517296,0.28912187182926663,0.12343366630375385,0.36180463933189555,0.1,1.0,0.4,1.0
245337,mscoco,0.1360650110989809,0.3819270853735046,0.23149142861366273,0.3462355864095135,0.3,1.0,0.2,0.5
359085,mscoco,0.10829399779904633,0.3401239934464119,0.09945152187719941,0.28806192440581624,0.1,1.0,0.1,1.0
151956,mscoco,0.0992749385535717,0.3194808131613431,0.12841702960431575,0.3151562644350578,0.2,0.3333333333333333,0.2,1.0
442666,mscoco,0.05056292787194252,0.19352496415435386,0.055369479581713676,0.14350859525474863,0.0,0.0833333333333333,0.1,0.1111111111111111
139214,mscoco,0.049066247697919604,0.15364323033398983,0.055480943992733955,0.13862651433206205,0.2,0.1666666666666666,0.2,0.5
112586,mscoco,0.12271262556314469,0.33995108384427125,0.19524413272738456,0.4524855460110091,0.6,1.0,0.3,1.0
277080,mscoco,0.22516092974692584,0.4805815114734612,0.2975152060389519,0.6394080094528154,0.5,0.5,0.4,0.5
497261,mscoco,0.12353524640202522,0.30701981970463565,0.14833555817604066,0.24511788549785482,0.0,0.032258064516129,0.0,0.024390243902439
421314,mscoco,0.40287422239780424,0.3913582655645186,0.5322900906205177,0.6761490807225302,0.3,0.1428571428571428,0.1,1.0
9288,mscoco,0.36953104585409163,0.68441691685106,0.39409053027629853,0.736224163641113,0.7,1.0,0.6,1.0
249587,mscoco,0.018840532237663864,0.0678722915703952,0.03418831890448928,0.11232810270175454,0.2,0.5,0.3,0.25
169179,mscoco,0.283089716732502,0.37477238259209594,0.29749495163559914,0.40561427017515167,0.2,0.1111111111111111,0.4,0.2
446521,mscoco,0.09709729887545109,0.2622202383506351,0.10100883021950721,0.3330322699356195,0.0,0.0109890109890109,0.0,0.05
203098,mscoco,0.029404319683089854,0.10028388532295748,0.038616405054926875,0.12732995484304022,0.6,1.0,1.0,1.0
83102,mscoco,0.07113305563107133,0.2283996713243873,0.053813542053103444,0.17308939935350054,0.1,0.1428571428571428,0.0,0.0909090909090909
105,drawbench,0.2593038983643055,0.4267810469775902,0.3638652801513672,0.5326965327153453,0.0,0.0175438596491228,0.0,0.0769230769230769
254989,mscoco,0.04363006297498941,0.13051588411631254,0.08885424695909024,0.19019371390250467,0.3,0.25,0.4,1.0
474528,mscoco,0.03530584280379116,0.11131181865669852,0.026726778503507374,0.08201889644532624,0.1,0.125,0.1,0.25
523546,mscoco,0.06698627420701087,0.3674146207157592,0.0704862104728818,0.35553513813423,0.1,1.0,0.1,1.0
371256,mscoco,0.03110872514080256,0.14117083923691665,0.017100976349320264,0.060806872721310835,0.2,1.0,0.1,0.25
444453,mscoco,0.08227400586474687,0.5602600629167283,0.08363652708940209,0.5561178086091347,0.1,1.0,0.1,1.0
127515,mscoco,0.17818981781601906,0.4016309397602688,0.1542429655790329,0.3094913394927918,0.0,0.015625,0.0,0.0909090909090909
15667,mscoco,0.5181612700223923,0.7843579981726406,0.5566034495830536,0.8137134552105605,0.5,0.5,0.8,1.0
525851,mscoco,0.2707529444247484,0.5433690817339455,0.2082932699471712,0.67029518706414,0.7,1.0,0.4,1.0
63777,mscoco,0.12475249283015728,0.2253201182240142,0.18792364746332169,0.370746856457768,0.1,1.0,0.1,0.125
247422,mscoco,0.11768951956182719,0.3093984442279469,0.08657788038253784,0.34694124863752307,0.2,0.5,0.1,1.0
227724,mscoco,0.009284275397658349,0.03711188096474196,0.008646863955073058,0.0252456355467988,0.0,0.0344827586206896,0.1,0.1428571428571428
419828,mscoco,0.03283782795770094,0.2081417315229739,0.028538676793687046,0.19987740578093452,0.1,1.0,0.1,1.0
123166,mscoco,0.13403408201411365,0.2750375108889681,0.1681437198072672,0.4452410646659446,0.0,0.0285714285714285,0.1,0.5
146236,mscoco,0.044497236236929895,0.08120659329976596,0.03742297925055027,0.11990309523923495,0.1,0.1111111111111111,0.1,0.25
264406,mscoco,0.5495070070028305,0.8466181897206301,0.4118735209107399,0.6797247574403557,0.2,0.5,0.2,1.0
311709,mscoco,0.17182147800922393,0.38718407452380255,0.2149117223918438,0.46514507408519495,0.1,1.0,0.5,1.0
54086,mscoco,0.028842091001570223,0.08707446655533291,0.020018147001974285,0.07366267842975435,0.0,0.015625,0.0,0.0042918454935622
124729,mscoco,0.10404518209397792,0.3290426130749439,0.11960034780204296,0.3714402384130628,0.9,1.0,0.8,1.0
521334,mscoco,0.13254448361694812,0.3245433085346768,0.15685822162777185,0.2770481782022279,0.1,0.25,0.1,0.5
400309,mscoco,0.04359870576299727,0.12787184337102078,0.05885921902954579,0.17844344964553358,0.0,0.0625,0.1,1.0
385601,mscoco,0.2608041107654572,0.379860544041353,0.3262431204319,0.4582378133840227,0.4,0.5,0.5,1.0
39978,mscoco,0.0721251580864191,0.2031801433309514,0.0656204305589199,0.18960306862556034,0.3,0.25,0.3,1.0
444949,mscoco,0.5506093442440033,0.7831864956356736,0.5375102967023849,0.729038032336474,0.1,0.3333333333333333,0.1,0.2
428178,mscoco,0.06412886809557676,0.2366024019631783,0.027720457687973977,0.09486581883986209,0.0,0.0069930069930069,0.0,0.0131578947368421
120416,mscoco,0.5464058130979538,0.7368619314120045,0.5532377511262894,0.7368402693549103,0.6,1.0,0.8,1.0
52281,mscoco,0.405846631526947,0.46759800125885065,0.5684262394905091,0.7869643960525741,0.1,0.125,0.2,0.3333333333333333
187592,mscoco,0.16878441013395787,0.4105716200368675,0.16945059634745122,0.40732960895247,0.2,0.25,0.3,1.0
98478,mscoco,0.020196315506473182,0.07147635466710577,0.028151271166279912,0.14233894014366705,0.1,0.1428571428571428,0.1,1.0
471599,mscoco,0.13520864639431238,0.24934918088526534,0.12794529208913447,0.2810627783136873,0.1,0.1666666666666666,0.2,1.0
136232,mscoco,0.09659476205706596,0.21350284530375638,0.21404289565980433,0.335685964699117,0.0,0.0555555555555555,0.0,0.0833333333333333
270740,mscoco,0.3856224104762077,0.6601387396959608,0.5444204151630402,0.7273998599181347,0.1,1.0,0.5,0.3333333333333333
310536,mscoco,0.19056699462234974,0.40497500790644386,0.2966962456703186,0.6891391467415309,0.2,1.0,0.4,0.5
469515,mscoco,0.049902166798710824,0.13572916353911044,0.06343246498145164,0.2402178547647565,0.0,0.0032051282051282,0.1,0.3333333333333333
251252,mscoco,0.08985426761209965,0.18923666198605266,0.1681977231055498,0.4752823038037088,0.2,0.2,0.4,1.0
560646,mscoco,0.2903613433241844,0.49617729697149043,0.38458082973957064,0.527907769752122,0.6,1.0,1.0,1.0
36029,mscoco,0.16379112601280213,0.3046237028100394,0.16664744205772877,0.35995879536822445,0.1,0.5,0.1,1.0
302216,mscoco,0.1373789133504033,0.2801658360249064,0.2644286103546619,0.45240296306240335,0.1,0.3333333333333333,0.3,1.0
178156,mscoco,0.36743868589401246,0.604131227980839,0.27628674879670145,0.43305773478156967,0.0,0.0022573363431151,0.0,0.0135135135135135
535604,mscoco,0.31836301237344744,0.45734721880696955,0.3144169867038727,0.4574705485844285,0.6,1.0,0.3,0.5
462577,mscoco,0.3483318269252777,0.542348147918009,0.44328264594078065,0.694393077947718,0.0,0.0666666666666666,0.4,0.5
360585,mscoco,0.33278133645653724,0.49551871140661363,0.44749168753623964,0.7192998072413409,0.4,0.25,0.6,0.5
336764,mscoco,0.06657084375619889,0.16747037552947278,0.07740082908421755,0.23265853747353682,0.0,0.0128205128205128,0.1,0.1111111111111111
277237,mscoco,0.0751155223697424,0.2503091870436403,0.0971112683415413,0.2405084941354296,0.1,0.1666666666666666,0.2,0.5
11326,mscoco,0.11654199147596955,0.3117908168778342,0.1291643649339676,0.3655766471438569,0.1,0.5,0.1,1.0
243443,mscoco,0.028458675509318708,0.06441892663679787,0.0238298618234694,0.09790114545301452,0.2,0.1666666666666666,0.3,0.25
97724,mscoco,0.13900013789534568,0.40516048450463504,0.2331371083855629,0.41115013186195776,0.0,0.0555555555555555,0.3,0.5
248753,mscoco,0.04852917268872261,0.15829254622587557,0.05649025784805417,0.24716465002134846,0.0,0.0277777777777777,0.0,0.0095238095238095
331676,mscoco,0.04334443050902337,0.13026088546371484,0.16779540665447712,0.4529521553961952,0.0,0.0217391304347826,0.1,1.0
169500,mscoco,0.08486811276525259,0.2030755206029852,0.11869318075478077,0.26631476604999366,0.1,0.125,0.2,1.0
475035,mscoco,0.17990887500345706,0.4446160769093418,0.18831956833601,0.3967868207499093,0.2,0.1428571428571428,0.3,0.3333333333333333
383923,mscoco,0.2641869179904461,0.37642849745185963,0.2303829550743103,0.47075438335487235,0.4,0.2,0.4,1.0
330229,mscoco,0.0588378781452775,0.19116894954364205,0.12782479831948876,0.3045394399455884,0.0,0.0476190476190476,0.3,1.0
259421,mscoco,0.04138881363905966,0.2722943703044103,0.0824964726343751,0.2607619956006372,0.1,1.0,0.1,0.2
453558,mscoco,0.07214559111744165,0.20685005894893588,0.09088766425848008,0.289977211817291,0.1,0.1428571428571428,0.1,1.0
47632,mscoco,0.06625710353255272,0.2926437465325991,0.04239217583090067,0.12939930627793803,0.0,0.0909090909090909,0.1,0.5
556406,mscoco,0.25003302097320557,0.49805948063117844,0.3132155746221542,0.5005295792222177,0.4,1.0,0.4,0.3333333333333333
205563,mscoco,0.30126218050718306,0.4029133359308324,0.31329686790704725,0.5375849038535246,0.5,0.25,0.2,1.0
358287,mscoco,0.047844020370393994,0.12445937608448791,0.039568354934453966,0.12392210794493622,0.1,0.1428571428571428,0.3,0.5
172727,mscoco,0.31443480104207994,0.5896514143572629,0.3838091194629669,0.6015325188045881,0.1,1.0,0.1,1.0
274148,mscoco,0.20011705979704858,0.5263923081422723,0.3529897481203079,0.6494563285984695,0.0,0.0147058823529411,0.2,0.125
395957,mscoco,0.02139032492414117,0.07329137540271316,0.02621338125318289,0.09089408952317278,0.0,0.0555555555555555,0.2,0.5
27656,mscoco,0.22931666374206544,0.3125475525130193,0.347811096906662,0.7002848286784752,0.5,1.0,0.9,1.0
535663,mscoco,0.16059933453798295,0.24378189545269163,0.19899822175502777,0.3417684551019411,0.3,0.3333333333333333,0.3,0.3333333333333333
59012,mscoco,0.1095436280593276,0.29134129540270676,0.1843080349266529,0.501827111548747,0.1,0.5,0.1,1.0
338732,mscoco,0.05849784086458385,0.16484807696974832,0.05401596995070577,0.18567521100429416,0.1,1.0,0.1,1.0
34800,mscoco,0.04265652671456337,0.1107420747712799,0.09315735325217248,0.23294528467207004,0.0,0.027027027027027,0.3,0.5
78290,mscoco,0.027592677623033524,0.09081187055736734,0.0516171483322978,0.1746943592091597,0.0,0.0028328611898017,0.1,0.1428571428571428
34235,mscoco,0.5233882457017899,0.753624450097871,0.5336956799030304,0.6828406274622265,0.0,0.0344827586206896,0.1,0.5
149993,mscoco,0.2547350272536278,0.46845814715918654,0.3552243858575821,0.5758920864840716,0.1,0.1666666666666666,0.2,1.0
92,drawbench,0.4239867150783539,0.5057944221796067,0.3724988609552383,0.5024443272671562,0.0,0.0769230769230769,0.0,0.0019920318725099
289739,mscoco,0.06307895248755813,0.18046863589458037,0.0818607471883297,0.30306211009939443,0.1,0.1,0.0,0.0217391304347826
11,drawbench,0.1349556166678667,0.47515419383287866,0.08898093588650227,0.32442055341142567,0.0,1.886863655232273e-05,0.0,1.9478748685184465e-05
394681,mscoco,0.04012225475162268,0.1124560012515865,0.03734565475024283,0.095235973988635,0.1,0.3333333333333333,0.1,0.1428571428571428
404984,mscoco,0.05345200737938285,0.12062594116125909,0.03819655813276768,0.14566682779311546,0.0,0.003831417624521,0.0,0.0095238095238095
95777,mscoco,0.2933091729879379,0.45731228902339677,0.37292816042900084,0.5488042559066576,0.2,0.5,0.2,0.25
516158,mscoco,0.16258310880512,0.26317805478028544,0.2258246885612607,0.37522758812070733,0.0,0.015625,0.1,0.25
223569,mscoco,0.4787115067243576,0.5016317592465241,0.6841697633266449,0.841753620240957,0.1,1.0,0.3,1.0
107782,mscoco,0.10303835459053516,0.2582323154289774,0.10115613713860512,0.24191757765463076,0.1,0.25,0.4,0.5
98881,mscoco,0.009954480826854706,0.0377235428158609,0.01956689703511074,0.062330876282626874,0.1,1.0,0.1,1.0
94045,mscoco,0.40188089907169344,0.573856830683056,0.5677964627742768,0.7765706448569822,0.3,0.3333333333333333,1.0,1.0
498015,mscoco,0.016992504056543112,0.12424012769135269,0.006775603303685785,0.029760109915119893,0.1,1.0,0.0,0.0526315789473684
451172,mscoco,0.06349257621914148,0.2303519762274053,0.05994069939479232,0.21791466783694688,0.1,0.3333333333333333,0.1,1.0
535211,mscoco,0.01757767437957227,0.05879327509078366,0.01492956061847508,0.04935088735142186,0.1,0.25,0.1,0.5
18476,mscoco,0.018088804214494304,0.0806949206277231,0.023815313205705024,0.08275373211443537,0.1,1.0,0.1,1.0
275930,mscoco,0.034707698971033096,0.11438245391394859,0.045020343642681836,0.11377200524931827,0.0,0.0833333333333333,0.1,1.0
507434,mscoco,0.053082645125687125,0.15937582669748082,0.02582864570431411,0.110005418198781,0.1,0.25,0.0,0.0020366598778004
29122,mscoco,0.020606644917279482,0.0700400074822247,0.022889325534924863,0.11786075335372055,0.0,0.0769230769230769,0.1,1.0
116204,mscoco,0.07358291894197463,0.18046319128641375,0.07670608982443809,0.18546259404557064,0.4,1.0,0.4,0.5
274815,mscoco,0.22427098266780376,0.35325892323326535,0.13977786265313624,0.3398808753640842,0.2,0.25,0.1,0.3333333333333333
507215,mscoco,0.09171327240765095,0.24272973445173338,0.14657972976565362,0.3387314852620025,0.4,0.25,0.2,0.5
559658,mscoco,0.08131374921649695,0.19128940367558428,0.0910999495536089,0.24369523918379996,0.4,0.3333333333333333,0.5,0.5
344157,mscoco,0.903519481420517,0.9597148479412483,0.9238218665122986,0.9644959727813973,1.0,1.0,1.0,1.0
327768,mscoco,0.08549477644264698,0.29228136501375374,0.07056011809036136,0.3065657890010544,0.2,1.0,0.2,1.0
35424,mscoco,0.1638633795082569,0.3064429412726959,0.2998226970434189,0.40992104141577607,0.2,1.0,0.5,1.0
412698,mscoco,0.3006532073020935,0.7304951419073219,0.37179137468338014,0.7389985144808012,0.2,1.0,0.1,1.0
502588,mscoco,0.11623684763908386,0.23164752370931682,0.10218076799064875,0.2643689290905413,0.5,0.3333333333333333,0.5,1.0
515527,mscoco,0.09924937393516302,0.39658293530839894,0.11558661460876465,0.41764955292855943,0.1,1.0,0.1,1.0
382958,mscoco,0.06696662846952676,0.22639709613275988,0.07344846483319997,0.20185718820210471,0.0,0.0666666666666666,0.1,0.5
166975,mscoco,0.1251633521169424,0.31492044441723926,0.16765055991709232,0.46001954206295037,0.1,0.5,0.1,0.125
397640,mscoco,0.12255953252315521,0.3820423056723237,0.1379784669727087,0.343412270704532,0.1,0.25,0.1,0.1666666666666666
462880,mscoco,0.05595522951334715,0.2781689097666991,0.06189573341980577,0.272535150529317,0.1,1.0,0.1,1.0
104808,mscoco,0.21612309515476227,0.42983836742590853,0.17333449181169272,0.39665316517706245,0.1,0.25,0.0,0.05
30235,mscoco,0.29623667113482954,0.44105077011662436,0.3741031110286713,0.5212503015648932,0.3,0.25,0.7,0.5
513219,mscoco,0.06850804835557937,0.23791250962224209,0.08709995467215777,0.275875759218222,0.1,0.25,0.2,1.0
63,drawbench,0.002015383043908514,0.008857648565441991,0.009860500472132116,0.020219935256172897,0.0,0.0,0.0,0.0
245771,mscoco,0.04458574410527945,0.15943150805879092,0.057286614924669264,0.1635914953860051,0.4,0.5,0.4,1.0
1375,mscoco,0.2565243378281593,0.5184022530634511,0.365378600358963,0.5747589630229234,0.4,0.5,0.3,0.1666666666666666
167479,mscoco,0.050766953825950624,0.13482806297410438,0.06604582965373992,0.16313520028988998,0.0,0.0232558139534883,0.3,1.0
124874,mscoco,0.05414488259702921,0.20040607305031444,0.056271673925220964,0.14012780494419771,0.1,0.3333333333333333,0.0,0.0056497175141242
506901,mscoco,0.07415191754698754,0.2136395788903734,0.09413272738456727,0.24731217875645417,0.3,0.2,0.5,1.0
519754,mscoco,0.020606244239024817,0.13792266502506922,0.015808682353235782,0.1317599316575165,0.1,1.0,0.1,1.0
336457,mscoco,0.09745899941772222,0.2707283821002413,0.1765041582286358,0.29750811095971597,0.0,0.0526315789473684,0.4,0.25
290974,mscoco,0.03183284807018936,0.07641920466939878,0.021066364273428916,0.08185388718879587,0.1,1.0,0.1,0.3333333333333333
18918,mscoco,0.29373589232563974,0.6675024388396705,0.2977682754397392,0.43605395947175984,1.0,1.0,0.7,0.3333333333333333
153140,mscoco,0.23090045154094696,0.3927190989668502,0.32047544568777087,0.5512166792689323,0.0,0.0769230769230769,0.3,1.0
83481,mscoco,0.03946589170955121,0.13821474846778298,0.09852555398829281,0.15270645437862168,0.2,0.5,0.2,1.0
204473,mscoco,0.019244937552139164,0.08513383622609488,0.02740607124287635,0.07704725230048241,0.0,0.0526315789473684,0.0,0.0476190476190476
419074,mscoco,0.08085291534662246,0.23052815466216178,0.06734911277890206,0.2571511260184095,0.0,0.0357142857142857,0.1,0.125
261235,mscoco,0.011908778641372918,0.05117228702157503,0.028224530024454,0.12428571416199988,0.0,0.0909090909090909,0.1,1.0
338971,mscoco,0.010345647961366921,0.03500064364232768,0.020135725260479374,0.06521188799420768,0.1,0.1,0.1,0.3333333333333333
223183,mscoco,0.5397585675120353,0.7991803063206152,0.6375639647245407,0.8650366455241484,0.9,1.0,0.7,1.0
450711,mscoco,0.17387077324092387,0.49055045887251275,0.1680795308202505,0.6800067466621511,0.1,0.5,0.1,1.0
490187,mscoco,0.07768643312156201,0.278846353178293,0.07462177928537131,0.260724417110895,0.1,0.5,0.1,0.3333333333333333
564602,mscoco,0.029355172533541918,0.08799078579525857,0.05220652837306261,0.17209466641013518,0.0,0.0188679245283018,0.4,0.5
452201,mscoco,0.11623425167053938,0.2908635156426898,0.09835030753165483,0.30368399524385553,0.0,0.05,0.2,1.0
443334,mscoco,0.402240489423275,0.5105266496289429,0.5595485210418701,0.7514032581621736,0.3,0.2,0.3,1.0
18075,mscoco,0.7337819457054138,0.8867451723369913,0.8134313225746155,0.8805797500486546,0.4,0.3333333333333333,1.0,1.0
50,drawbench,0.012426199414767325,0.03124450604639816,0.024633477767929436,0.051981212279664936,0.0,0.0,0.0,0.0
86,drawbench,0.67153802216053,0.8366723383175737,0.6842671543359756,0.8515236368535581,0.1,0.125,0.0,0.0555555555555555
171808,mscoco,0.17028427943587304,0.3657515362637573,0.2517096742987633,0.5092509593517803,0.2,0.1428571428571428,0.5,1.0
572487,mscoco,0.02579668737016618,0.09461366421640685,0.04913374721072614,0.11821408093377461,0.0,0.037037037037037,0.2,0.1666666666666666
566765,mscoco,0.020500707416795196,0.07729619548065982,0.013384093879722059,0.044092938837585874,0.1,1.0,0.2,0.5
163514,mscoco,0.05041130864992738,0.2295020569475069,0.05374201671220362,0.2269121101926623,0.1,1.0,0.1,1.0
311128,mscoco,0.15111397057771683,0.3273536322593348,0.14529791735112668,0.35799270156167184,1.0,1.0,0.9,1.0
520858,mscoco,0.14522430598735808,0.3405553284205697,0.2412346914410591,0.40951628331959256,0.0,0.0833333333333333,0.5,0.3333333333333333
271051,mscoco,0.01173400618135929,0.0461971182385833,0.011304481606930494,0.04411069872564865,0.1,0.5,0.1,1.0
532933,mscoco,0.11280220467597246,0.21875140952159036,0.1232788186520338,0.32548888509563173,0.0,0.0434782608695652,0.1,1.0
475974,mscoco,0.09816905371844768,0.28600001081024146,0.1561314046382904,0.33426121310500945,0.1,0.3333333333333333,0.0,0.0217391304347826
206731,mscoco,0.06133886687457561,0.23429841335782692,0.05589235443621874,0.20734324264888884,0.1,0.5,0.1,0.3333333333333333
450212,mscoco,0.4474528394639492,0.675190872015625,0.4054951906204224,0.5029899977521689,0.1,1.0,0.1,0.3333333333333333
188478,mscoco,0.054326086211949585,0.14084413934958348,0.056265556067228314,0.1232088095726549,0.4,1.0,0.2,1.0
463944,mscoco,0.016089788568206132,0.04612109859387082,0.012115285184700042,0.04376294185264389,0.1,0.1,0.0,0.0294117647058823
521657,mscoco,0.5510542392730713,0.733306182806233,0.4336251109838486,0.7512536283244905,0.2,1.0,0.1,1.0
310511,mscoco,0.04656795323826372,0.13366284505199438,0.06773781040683388,0.35480693897703414,0.1,0.3333333333333333,0.1,1.0
24859,mscoco,0.08661927282810211,0.18568168138817487,0.19116116240620612,0.40282148059820727,0.1,0.1,0.2,1.0
402662,mscoco,0.1965354062616825,0.35080815427892903,0.2229289248585701,0.3979601390064549,0.2,0.25,0.4,1.0
109791,mscoco,0.13241789489984512,0.2884168233597162,0.21077079623937606,0.5285201926954981,0.2,0.3333333333333333,0.3,1.0
62,drawbench,0.14132235273718835,0.2642819627285166,0.12600011862814425,0.3536020724546892,0.0,0.0025839793281653,0.0,0.0023809523809523
298190,mscoco,0.05810591885820031,0.17474231231572124,0.0947459727525711,0.24937417487041924,0.1,0.125,0.3,1.0
86065,mscoco,0.45949759930372236,0.730233942923861,0.6092184662818909,0.8241674563198031,0.4,0.5,0.4,0.25
127726,mscoco,0.03151786304078996,0.15752693669396348,0.019473084481433034,0.11513115667758315,0.2,1.0,0.1,1.0
572825,mscoco,0.38828340619802476,0.7146247203335435,0.45936242043972014,0.6477902185808504,0.4,0.5,0.7,1.0
246009,mscoco,0.10871136635541916,0.2554098809837286,0.1146263375878334,0.2398904531858474,0.5,1.0,0.7,1.0
517906,mscoco,0.15476821213960648,0.4472950742004452,0.14829202368855476,0.25394761417335376,0.0,0.0909090909090909,0.1,0.1666666666666666
265256,mscoco,0.033584771351888774,0.12315974456863077,0.0606263617053628,0.21586377214811514,0.0,0.0833333333333333,0.2,1.0
373038,mscoco,0.04421125901862979,0.14430963697513138,0.04231121623888612,0.17554257349952973,0.0,0.0909090909090909,0.1,1.0
53720,mscoco,0.26825600694864987,0.3029941571341988,0.2651810348033905,0.42811262549998874,0.4,0.5,0.8,0.3333333333333333
514116,mscoco,0.08190364353358745,0.21302496180629157,0.10470567494630814,0.38596686529504864,0.0,0.0625,0.3,0.5
395396,mscoco,0.6412674084305763,0.8995872022802447,0.6959932237863541,0.8886128434445509,0.5,1.0,0.8,1.0
118851,mscoco,0.34820336028933524,0.7100442791736743,0.4200967848300934,0.7591575881257591,0.4,1.0,0.6,1.0
198625,mscoco,0.19128445759415627,0.33745361580219535,0.17052319161593915,0.43636957197914905,0.0,0.0333333333333333,0.2,0.2
53,drawbench,0.011055058322381229,0.029789008482040302,0.022105942387133835,0.05238757973294859,0.0,0.0,0.0,0.0
99,drawbench,0.008805552776902915,0.03373481574923881,0.005336979520507157,0.017060830702292456,0.0,0.0,0.0,0.0
132656,mscoco,0.3696375712752342,0.6503380451709765,0.2818149298429489,0.593452109935368,0.2,0.3333333333333333,0.2,0.5
213276,mscoco,0.09034840185195207,0.19338388063380238,0.029998288862407206,0.09558608252047016,0.1,1.0,0.1,1.0
123974,mscoco,0.1345432512462139,0.30090122033951655,0.21501564793288708,0.2725402358161943,0.5,1.0,0.6,0.5
131,drawbench,0.06059330655261874,0.17393875549947743,0.05987251475453377,0.21445787797862423,0.0,0.0,0.0,0.0
435096,mscoco,0.04223099765367806,0.16461515259797807,0.044084311183542016,0.16639503196667305,0.1,1.0,0.1,1.0
509764,mscoco,0.030484375078231096,0.11751356056134488,0.05576975885778666,0.129809360555977,0.1,0.5,0.0,0.0454545454545454
204273,mscoco,0.251356578245759,0.3565470193452267,0.22595406249165534,0.39016861343266784,0.1,0.2,0.1,0.125
299768,mscoco,0.4126885175704956,0.7136336001725426,0.5934039264917373,0.7701883883628203,0.0,0.003012048192771,0.3,0.25
135369,mscoco,0.5346270054578781,0.8066570054786332,0.5160346746444702,0.7789092371591698,0.8,1.0,0.6,1.0
508053,mscoco,0.152972449362278,0.33150248593901915,0.2970362216234207,0.4669190685081513,0.1,0.2,0.2,0.5
475413,mscoco,0.06801676191389561,0.17380912772450133,0.09118755050003528,0.27412365041105,0.0,0.0434782608695652,0.0,0.027027027027027
44328,mscoco,0.024340145569294692,0.10724017532761618,0.023722501797601582,0.06744277788538401,0.1,1.0,0.1,0.3333333333333333
127743,mscoco,0.14393802881240844,0.37272301624509013,0.07951599601656198,0.3111971989610005,0.2,1.0,0.2,1.0
316842,mscoco,0.060419159848243,0.1639109407909526,0.11641153320670128,0.3006335260178726,0.0,0.0769230769230769,0.2,0.5
131075,mscoco,0.04370873011648655,0.17702394506715055,0.07683405950665474,0.25214738985207774,0.0,0.0059171597633136,0.2,1.0
323812,mscoco,0.182797359675169,0.4112586541257909,0.17557850554585458,0.37136529194696694,0.4,1.0,0.6,1.0
354212,mscoco,0.4959965616464615,0.5722643030479994,0.5981481224298477,0.8623322166877476,0.3,1.0,0.7,1.0
33645,mscoco,0.006405398482456803,0.02315908910317123,0.014412767766043545,0.053091706242159975,0.1,0.5,0.1,0.25
285529,mscoco,0.5592458799481392,0.7403514432702755,0.5094773367047309,0.6961085078379493,0.6,0.5,0.7,1.0
52669,mscoco,0.0910610624589026,0.2160504205192321,0.08040131712332368,0.20993368786430391,0.0,0.0416666666666666,0.2,0.5
47328,mscoco,0.537841060757637,0.8023303230829123,0.49412969052791594,0.7267634120679781,0.4,0.5,0.3,0.3333333333333333
256513,mscoco,0.020823141233995555,0.09189217196407427,0.06336307479068637,0.17684363744509038,0.0,0.0833333333333333,0.3,0.5
561196,mscoco,0.02590291576925665,0.1349506739151528,0.03240503454580903,0.1634595238590932,0.1,1.0,0.1,1.0
411261,mscoco,0.04347547423094511,0.15800832980355936,0.0950130145996809,0.21548799927978218,0.1,1.0,0.1,1.0
578056,mscoco,0.011140146222896875,0.0439763522410569,0.011304755741730333,0.04176254495539424,0.1,0.3333333333333333,0.1,1.0
110926,mscoco,0.3138281270861626,0.4338825607988272,0.5566740006208419,0.6267765153645928,0.0,0.0204081632653061,0.1,1.0
290175,mscoco,0.015269883046858012,0.04016109473131563,0.013769302424043417,0.048082658920804176,0.4,0.2,0.6,1.0
295589,mscoco,0.057013807632029054,0.16756097682649598,0.07748189149424434,0.25310936608774315,0.0,0.0028735632183908,0.0,0.0025316455696202
442478,mscoco,0.10026340037584305,0.23863402837952805,0.2203962028026581,0.46882912365995405,0.0,0.0108695652173913,0.0,0.0153846153846153
267598,mscoco,0.41573089361190796,0.7163891518196676,0.49988316744565964,0.7500793365155981,0.3,1.0,0.4,1.0
386424,mscoco,0.19656468220055104,0.3803907906432149,0.15015058051794766,0.24512227988064414,0.2,0.3333333333333333,0.1,0.1666666666666666
10727,mscoco,0.09441313040442764,0.2035521666037586,0.16539400909096003,0.4402087514181127,0.0,0.0454545454545454,0.1,0.1
7452,mscoco,0.4910000801086426,0.6288938063755595,0.6270123779773712,0.7740487041767277,0.2,0.1666666666666666,0.5,0.5
322560,mscoco,0.05132117979228497,0.14430941807001435,0.05431112200021744,0.1667339699153022,0.3,0.25,0.4,1.0
185849,mscoco,0.027512996504083276,0.07641159421609403,0.0419126401655376,0.16371458523866406,0.1,0.1666666666666666,0.0,0.0067567567567567
459827,mscoco,0.004519135551527142,0.025344323623195022,0.013480731600429863,0.07539085960270143,0.0,0.0769230769230769,0.3,0.5
415840,mscoco,0.03093996262177825,0.0980693369745902,0.024535681400448085,0.0693425011588695,0.0,0.0303030303030303,0.0,0.0057471264367816
206274,mscoco,0.19359764978289604,0.5092557532756509,0.18944596126675606,0.5241195311628527,0.1,1.0,0.2,1.0
239888,mscoco,0.46787793934345245,0.6704525092017417,0.4879366785287857,0.5951117084962676,0.1,0.3333333333333333,0.6,0.5
120,drawbench,0.09977954924106598,0.260467344930797,0.12254899069666862,0.2695057979302659,0.0,0.0,0.0,0.0
309169,mscoco,0.042399605829268695,0.15939520302142124,0.119576271250844,0.25322583706721796,0.0,0.04,0.2,0.5
112996,mscoco,0.1434587635099888,0.4442118281922061,0.1416964042931795,0.4576065139106306,0.1,1.0,0.1,1.0
459343,mscoco,0.2195547990500927,0.6319655343062955,0.23103671111166477,0.4517312376444447,0.4,1.0,0.7,1.0
471488,mscoco,0.38990516066551206,0.6165858644697114,0.431920537352562,0.7200858470074463,0.0,0.0024213075060532,0.0,0.025
252919,mscoco,0.00887119472026825,0.03516413825468508,0.01540302108041942,0.04311796223272644,0.3,1.0,0.4,0.5
7945,mscoco,0.2504573971033096,0.5057628676701937,0.23707081899046897,0.6704097785314366,0.0,0.0625,0.1,1.0
162215,mscoco,0.047750682756304744,0.15921706385110546,0.0527442192658782,0.13946008323892217,0.4,0.5,0.6,1.0
193889,mscoco,0.025193302985280754,0.080232214635302,0.060576703399419785,0.18776431029481816,0.0,0.0070422535211267,0.1,1.0
46,drawbench,0.01671669053612277,0.05688403350282799,0.03545651310123503,0.10957593974600736,0.0,0.0,0.0,0.0
30,drawbench,0.0642324635758996,0.320351888015102,0.05064763664267957,0.1745499743147867,0.0,0.0,0.0,0.0
386864,mscoco,0.06747840391471982,0.20524316127420825,0.06522486340254545,0.21907444611297966,0.1,0.25,0.2,0.25
232287,mscoco,0.045812610723078254,0.1281702063636095,0.04824474658817053,0.15693236877541125,0.0,0.0204081632653061,0.1,0.5
241027,mscoco,0.5730616569519043,0.8012007770803665,0.5429535076022148,0.6048463798643775,0.6,0.3333333333333333,0.3,0.1666666666666666
213795,mscoco,0.16685243509709835,0.4733458905026629,0.23190641179680824,0.3456478377745462,0.1,0.25,0.2,0.25
12059,mscoco,0.05945732118561864,0.3051153515870834,0.0562025947496295,0.33226219120184003,0.1,1.0,0.1,1.0
162753,mscoco,0.11412733178585768,0.39340215247781946,0.07804499454796314,0.1789642325010311,0.2,1.0,0.0,0.0555555555555555
425458,mscoco,0.053248394094407556,0.20366613892119118,0.09869192559272051,0.24372085808863211,0.2,0.5,0.4,0.3333333333333333
368956,mscoco,0.22740436121821403,0.3592525517372119,0.16513947118073702,0.26671508143731243,0.1,0.1,0.0,0.0526315789473684
496410,mscoco,0.12092602849006653,0.3535655338195702,0.1019081624224782,0.281663360980372,0.1,0.1111111111111111,0.2,0.5
532612,mscoco,0.176277793943882,0.4128513061281086,0.14875240102410317,0.3027606632284563,0.1,1.0,0.0,0.0625
230837,mscoco,0.1253391221165657,0.2533685852039669,0.14488149285316468,0.35896543025068,0.0,0.0196078431372549,0.0,0.0769230769230769
460882,mscoco,0.3781690582633018,0.6004763013895031,0.3701992429792881,0.44655833153277097,0.4,0.5,0.3,0.5
485852,mscoco,0.02728502466343343,0.10061099826784306,0.04569755722768605,0.08939212827649429,0.1,0.3333333333333333,0.0,0.0416666666666666
72342,mscoco,0.4835376858711243,0.6871434099641041,0.5135781794786454,0.7203747466984423,0.2,1.0,0.1,0.2
81017,mscoco,0.3028470277786255,0.5301078012108618,0.4162269115447998,0.5163071076679502,0.0,0.0909090909090909,0.1,0.125
401828,mscoco,0.09907171912491322,0.23170848135945776,0.15088088139891626,0.43871934290556563,0.2,0.1666666666666666,0.2,1.0
554138,mscoco,0.2452379047870636,0.36182853104251517,0.434617580473423,0.7086123956117698,0.0,0.0666666666666666,0.1,0.1111111111111111
321742,mscoco,0.2521621312946081,0.38190319157084585,0.2531964384019375,0.39720272466183804,0.4,1.0,0.7,1.0
574384,mscoco,0.10520947948098183,0.24218948965586182,0.14564959779381753,0.34742923371243767,0.0,0.002020202020202,0.0,0.0014306151645207
446557,mscoco,0.22976847663521766,0.42766255934151814,0.22064592316746712,0.36176930665361634,0.1,0.1428571428571428,0.0,0.05
253498,mscoco,0.07452127039432525,0.19364176328767677,0.20662442818284035,0.6798416439396407,0.1,0.3333333333333333,0.4,0.25
448251,mscoco,0.11751473154872656,0.362094459464357,0.1088493000715971,0.20340464407828596,0.1,0.5,0.0,0.0188679245283018
116622,mscoco,0.6316418558359146,0.795758239192095,0.6642421543598175,0.8156618721337481,0.3,1.0,0.3,0.3333333333333333
486899,mscoco,0.2492928460240364,0.4197970389920553,0.26007563769817355,0.41043366592298536,0.2,1.0,0.0,0.0178571428571428
59295,mscoco,0.062249986454844475,0.1727874077082348,0.0539226115681231,0.19245122933954786,0.1,1.0,0.1,0.2
289012,mscoco,0.05599290272220969,0.155762648920546,0.0454536453820765,0.24099352662328302,0.1,0.2,0.1,1.0
435902,mscoco,0.2348012998700142,0.4420862472536606,0.29946020543575286,0.5322991067778533,0.2,0.25,0.6,1.0
480518,mscoco,0.15791863091289998,0.4375546492978999,0.13984451368451117,0.37727309227587846,0.5,0.5,0.4,1.0
39272,mscoco,0.40599121153354645,0.7172946924996871,0.41395714581012727,0.7662874911666449,0.1,0.5,0.1,1.0
558579,mscoco,0.08244511005468666,0.3707456720980783,0.06252355242613702,0.10815507159405822,0.2,1.0,0.2,0.2
143348,mscoco,0.4371521443128586,0.6271372624684278,0.5050467312335968,0.7293718444893695,0.1,1.0,0.4,0.2
16961,mscoco,0.08019784186035395,0.20212659688163456,0.05965551249682903,0.21078751978048532,0.1,0.5,0.1,0.1428571428571428
489939,mscoco,0.024457750376313925,0.0736857111978825,0.1012097556143999,0.3513171582869814,0.0,0.0116279069767441,0.1,0.3333333333333333
185281,mscoco,0.33399693556129934,0.8068955819890429,0.2871212843805552,0.7791378501326942,0.2,1.0,0.2,1.0
500622,mscoco,0.03716078409925103,0.18927172396209638,0.027563985669985414,0.11447889145261608,0.1,1.0,0.1,0.5
220772,mscoco,0.19946990236639978,0.4057740191796808,0.1585421297699213,0.4186372985965009,0.0,0.0060240963855421,0.0,0.0068965517241379
550400,mscoco,0.1463330715894699,0.45408567224991836,0.15122780660167337,0.4642092054278073,0.2,1.0,0.2,1.0
378906,mscoco,0.06741633731871843,0.15017253534531075,0.049027927219867706,0.1573800859841404,0.0,0.0769230769230769,0.1,1.0
542111,mscoco,0.19238475561141968,0.3809688062856295,0.34485465884208677,0.609671114715628,0.1,0.1,0.0,0.0666666666666666
3217,mscoco,0.37328055053949355,0.6843845754467817,0.4688424915075302,0.531226804224939,0.4,1.0,0.4,0.5
96625,mscoco,0.04475753922015428,0.11796208901982748,0.09411811344325542,0.19953837941342678,0.1,0.5,0.4,1.0
60328,mscoco,0.3177152037620544,0.49695568242891497,0.44999991953372953,0.5819565984962939,0.1,0.1666666666666666,0.3,0.1666666666666666
402287,mscoco,0.1276127220131457,0.4749628399098698,0.09077767543494701,0.28500179141328735,0.3,1.0,0.4,0.25
517909,mscoco,0.01930231637088582,0.07515390710915996,0.013744700024835766,0.052891717190201616,0.1,0.5,0.0,0.0285714285714285
113233,mscoco,0.07106016147881747,0.162065618552863,0.13877315185964106,0.2536750423257238,0.0,0.0072463768115942,0.1,1.0
77181,mscoco,0.0664380645379424,0.18716360559511927,0.11456227153539658,0.28108981499413105,0.1,0.5,0.0,0.0024752475247524
371243,mscoco,0.2126339226961136,0.45619351460603136,0.3331224963068962,0.5759676843192816,0.0,0.0666666666666666,0.8,1.0
146656,mscoco,0.08109499253332615,0.2278669224055225,0.058209942653775215,0.14758448148027445,0.1,0.2,0.0,0.0666666666666666
430688,mscoco,0.016679615690372886,0.05369196590056341,0.01876001909840852,0.08966033689714606,0.1,0.25,0.1,1.0
143449,mscoco,0.17863420601934193,0.34940151935223124,0.26432916671037676,0.6490984204881959,0.5,1.0,0.3,1.0
57433,mscoco,0.06003771908581257,0.1331261426597165,0.0886097051203251,0.25419288126465106,0.1,0.2,0.0,0.0769230769230769
298736,mscoco,0.014404373848810792,0.07839147264515513,0.0687214445322752,0.3074457820060444,0.1,1.0,0.4,1.0
406550,mscoco,0.1443076178431511,0.30879695992993333,0.097428332362324,0.23037052417013998,0.1,0.1428571428571428,0.0,0.037037037037037
561903,mscoco,0.014542878791689872,0.05024863412984396,0.009194311359897256,0.04016876851727162,0.0,0.0476190476190476,0.1,1.0
227699,mscoco,0.729161411523819,0.8684699553345666,0.7158108353614807,0.9061569868166628,0.4,1.0,0.4,0.5
59821,mscoco,0.048549475334584716,0.13394396967711591,0.06196035780012608,0.15565714369173975,0.0,0.0083333333333333,0.0,0.04
265612,mscoco,0.14677289118990303,0.41365070927269787,0.11638891501352192,0.4368052281353288,0.3,1.0,0.2,1.0
24591,mscoco,0.028442887030541895,0.08902962547796082,0.13099204637110234,0.33296100054484207,0.0,0.0714285714285714,0.3,0.5
71,drawbench,0.09820494707673788,0.3615594750008043,0.10364395370706916,0.30764654668920377,0.0,0.000432525951557,0.0,0.0008771929824561
35,drawbench,0.6621246933937073,0.9019731617659036,0.7531868398189545,0.8366891942179036,0.0,0.0454545454545454,0.0,0.0133333333333333
317833,mscoco,0.14048630222678185,0.3463313849907792,0.1349361864849925,0.28884757970171826,0.1,0.25,0.0,0.0454545454545454
544583,mscoco,0.5025613337755204,0.7364962822583502,0.6691410124301911,0.8051319751042904,0.0,0.0666666666666666,0.7,0.5
514544,mscoco,0.027202133368700743,0.08921001450160686,0.03579254113137722,0.1073525307112736,0.5,1.0,0.4,1.0
160199,mscoco,0.06324151363223791,0.16263033558844164,0.0897707138210535,0.2635591156817899,0.1,0.125,0.3,0.5
156445,mscoco,0.14404229503124952,0.36404935656687404,0.1971840165555477,0.28651167499828045,0.2,1.0,0.4,1.0
46686,mscoco,0.16411869637668133,0.46418161236089966,0.1518131908029318,0.36415120203200546,0.2,1.0,0.2,0.3333333333333333
563457,mscoco,0.027782030240632593,0.12022603872045703,0.035072493553161624,0.10685145876486396,0.2,0.5,0.2,1.0
520848,mscoco,0.32881188169121744,0.5626799869335295,0.36514063775539396,0.6225357197598068,0.4,1.0,0.5,0.25
433992,mscoco,0.049343646178022026,0.10263381958689302,0.06974547319114208,0.20117575283277098,0.0,0.0031746031746031,0.1,0.1666666666666666
415464,mscoco,0.08004257120192051,0.23011928203129772,0.03789345338009298,0.11479236296951861,0.0,0.0136986301369863,0.0,0.0045871559633027
62543,mscoco,0.4116715118288994,0.4634439467979682,0.6330340564250946,0.7712154676095936,0.3,0.2,0.7,0.5
123175,mscoco,0.14953649137169123,0.4530274148817887,0.2128011655062437,0.480009771630751,0.4,1.0,0.3,1.0
65383,mscoco,0.09027799982577563,0.29463071120707207,0.29725442454218864,0.4665769718266651,0.3,0.5,1.0,1.0
544001,mscoco,0.28871458023786545,0.45737981409366985,0.37122630774974824,0.6164805510776924,0.4,1.0,0.2,0.1428571428571428
41104,mscoco,0.15971239656209946,0.3201478068715778,0.21472004503011705,0.3345989580143871,0.5,1.0,0.5,1.0
355193,mscoco,0.8643307685852051,0.898772608426557,0.8744055509567261,0.923042182797539,1.0,1.0,1.0,1.0
500940,mscoco,0.004057653713971376,0.019423842569206255,0.008298659976571799,0.026794119629624642,0.1,1.0,0.1,0.5
429142,mscoco,0.06467402037233114,0.21303373006934342,0.05405301535502076,0.19403979146178427,0.0,0.01,0.1,1.0
125252,mscoco,0.25639252811670304,0.43567191784291615,0.25887585133314134,0.46029798482814427,0.2,0.5,0.2,0.5
14683,mscoco,0.2941823676228523,0.5768772782192879,0.4286692887544632,0.6458445264511702,0.2,1.0,0.3,1.0
109,drawbench,0.254324833676219,0.5315593345649606,0.3148305706679821,0.48170604947802664,0.1,0.1428571428571428,0.0,0.0135135135135135
391662,mscoco,0.09684536475688219,0.25124420645762513,0.18650651536881924,0.30908273923992385,0.1,0.25,0.4,0.5
409131,mscoco,0.14191560745239257,0.2790828204180193,0.23852606490254402,0.5114026002114229,0.2,0.5,0.4,1.0
478880,mscoco,0.17721398472785949,0.3704015642096803,0.2344879388809204,0.5403312043433861,0.0,0.05,0.2,0.5
230972,mscoco,0.060973504558205605,0.1944935830465828,0.1199628833681345,0.2846798577200562,0.1,1.0,0.1,0.3333333333333333
233093,mscoco,0.015383037010906264,0.06681682321467083,0.02259017932228744,0.055112819836211704,0.0,0.0064102564102564,0.0,0.0023364485981308
143,drawbench,0.008994306903332472,0.027349105084510227,0.007996217731852084,0.04972896525408844,0.0,0.0,0.0,0.0
59918,mscoco,0.46579808592796323,0.747974050348373,0.5977054119110108,0.8143244259614452,0.2,1.0,0.7,1.0
575958,mscoco,0.04757443405687809,0.12790474196714202,0.041801712661981585,0.15788187004355134,0.0,0.0101010101010101,0.1,0.5
381160,mscoco,0.4393697500228882,0.6109441664395542,0.29603791013360026,0.5096485396612386,0.0,0.0714285714285714,0.1,0.5
229067,mscoco,0.42255218923091886,0.5489028091360317,0.5751883059740066,0.7786745805612394,0.6,0.3333333333333333,0.6,1.0
412780,mscoco,0.03080016514286399,0.11519131794494168,0.0797261118888855,0.16844356573758484,0.0,0.0476190476190476,0.2,0.1428571428571428
515655,mscoco,0.08468881957232952,0.21652515710968823,0.049689250299707055,0.1557161372886551,0.0,0.0526315789473684,0.1,0.25
385037,mscoco,0.33164025396108626,0.7453626668205342,0.3571373037993908,0.8249443126887931,0.6,1.0,0.6,0.5
30281,mscoco,0.6276181817054749,0.7493428314746478,0.7164119005203247,0.8277444927711082,0.4,0.3333333333333333,0.5,0.3333333333333333
85472,mscoco,0.5544285833835602,0.7794612905311673,0.5828967690467834,0.8089252884779058,0.8,1.0,0.9,1.0
262146,mscoco,0.2003749392926693,0.4501762579525546,0.3973533362150192,0.5691581368094081,0.0,0.0833333333333333,0.5,1.0
85155,mscoco,0.3583125203847885,0.5861118370306809,0.34253727048635485,0.5768112376790626,0.4,1.0,0.3,0.5
406250,mscoco,0.3946907952427864,0.7366829273506974,0.5311352580785751,0.8200241584945226,0.3,1.0,0.5,0.5
172143,mscoco,0.1294379711151123,0.29753355983863866,0.21855740509927274,0.4562486889734522,0.0,0.0625,0.1,0.5
455667,mscoco,0.3436391979455948,0.6972822984095439,0.4370448231697083,0.7063106619238004,0.3,0.2,0.6,1.0
169006,mscoco,0.10052730590105056,0.21620111100830805,0.14830020889639856,0.43889012260319116,0.2,0.5,0.4,0.5
173109,mscoco,0.023480351082980633,0.11118938506680562,0.03089012997224927,0.10624922797993099,0.1,1.0,0.2,1.0
192322,mscoco,0.5513495296239853,0.7984136610735951,0.5468472152948379,0.6866077659453118,0.9,1.0,0.8,1.0
222266,mscoco,0.09397296793758869,0.2882255051734808,0.08430073074996472,0.2612107815229306,0.3,1.0,0.3,1.0
325806,mscoco,0.1086639054119587,0.30103684455959545,0.18425001129508017,0.4135020543353464,0.2,1.0,0.5,0.3333333333333333
449537,mscoco,0.339448282122612,0.6891886473997849,0.4126887500286102,0.6508366732011075,0.0,0.00625,0.0,0.0555555555555555
145284,mscoco,0.3783520579338074,0.6256504266165455,0.3532775163650513,0.8420952279219298,0.1,0.5,0.0,0.0909090909090909
465058,mscoco,0.405190147459507,0.4950735775325296,0.6975460827350617,0.8461543645691679,0.3,0.5,0.9,1.0
165893,mscoco,0.011560876644216478,0.04711722590294305,0.013936249702237547,0.05873901029234298,0.1,1.0,0.1,1.0
537157,mscoco,0.1626166148111224,0.37682536818535456,0.1400966439396143,0.5945594495699981,0.0,0.0909090909090909,0.1,1.0
426323,mscoco,0.021026327274739742,0.10098767152946572,0.03162797715049237,0.11499284065909281,0.1,1.0,0.1,1.0
92280,mscoco,0.14838159047067165,0.44192288963435306,0.1749980201944709,0.45335428772094755,0.2,1.0,0.4,1.0
319118,mscoco,0.07404828239232301,0.29342037087082773,0.116549208201468,0.29196631786007604,0.3,1.0,0.5,0.5
234713,mscoco,0.5789148449897766,0.8492252557640874,0.6131683409214019,0.6677570633344634,0.9,1.0,1.0,1.0
379165,mscoco,0.2765802018344402,0.5436286020234338,0.2736985318362713,0.595353960298169,0.1,0.125,0.3,1.0
26551,mscoco,0.16459554098546506,0.33343437948165533,0.20159710347652435,0.42455725197570326,0.0,0.0303030303030303,0.3,1.0
280242,mscoco,0.09551526140421629,0.22021987294054474,0.17958311662077903,0.34190737703524005,0.2,0.2,0.1,0.1111111111111111
260307,mscoco,0.07194672767072915,0.2438334781577367,0.20233962796628474,0.333202948731087,0.0,0.0070422535211267,0.0,0.0526315789473684
433168,mscoco,0.04059349866583943,0.14648079067763867,0.03449456263333559,0.13011181553269033,0.3,1.0,0.3,1.0
319043,mscoco,0.054302978422492744,0.1348658859632387,0.06931404871866106,0.14767427394253643,0.1,0.25,0.3,0.25
381994,mscoco,0.16353639177978038,0.4755617571179832,0.19700405970215798,0.3180279086214152,0.0,0.0151515151515151,0.1,0.25
206044,mscoco,0.36733809262514117,0.6534227253601177,0.3965830817818642,0.649194358456959,0.1,1.0,0.1,1.0
211312,mscoco,0.03541974015533924,0.10392661750049746,0.056743897311389443,0.14021464555784044,0.0,0.0188679245283018,0.1,1.0
42196,mscoco,0.12930776458233595,0.2833953428644528,0.20257869735360146,0.3797267814601324,0.0,0.0833333333333333,0.6,1.0
497096,mscoco,0.10303435912355781,0.24320448530650796,0.21645333766937255,0.3424487847607899,0.1,0.1666666666666666,0.4,0.2
81,mscoco,0.32393890507519246,0.4564767367499946,0.33728004097938535,0.6112265114889582,0.0,0.0119047619047619,0.0,0.0256410256410256
486123,mscoco,0.06766159739345312,0.15870153543023152,0.054624106362462045,0.1812543507946043,0.0,0.0476190476190476,0.1,0.125
322,mscoco,0.11813848204910755,0.25935869500627984,0.1149527333676815,0.46439495465574543,0.1,0.1666666666666666,0.1,0.125
493294,mscoco,0.21594840735197068,0.5252155140437045,0.24919749051332474,0.41407413154146694,0.0,0.005,0.2,0.1428571428571428
187090,mscoco,0.4893741473555565,0.4669265574513077,0.692815762758255,0.8763284877859355,0.6,0.25,0.8,1.0
372902,mscoco,0.01693518894026056,0.05727475446296238,0.008086967025883495,0.04686940411876652,0.1,1.0,0.1,1.0
293979,mscoco,0.14457172639667987,0.3707818405913112,0.165362848341465,0.36978931742265303,0.3,1.0,0.3,0.5
417090,mscoco,0.008247310272417962,0.025787382692106533,0.03170138942077756,0.10035569649286581,0.0,0.0109890109890109,0.1,1.0
422172,mscoco,0.015558249410241842,0.04774314706691443,0.013190468098036945,0.05347319013995317,0.1,0.5,0.1,1.0
280988,mscoco,0.08325581178069115,0.2016107757106327,0.03352599854115397,0.21209412494204027,0.1,0.25,0.1,1.0
227558,mscoco,0.3567006789147854,0.5950056894721668,0.352918903529644,0.6354538086431198,0.6,0.5,0.9,1.0
348006,mscoco,0.017378896311856806,0.06115315398726462,0.020679897512309253,0.09931605388733687,0.1,0.25,0.1,1.0
166716,mscoco,0.110729297157377,0.2634002713068493,0.22361711114645005,0.4295905473320641,0.0,0.0625,0.0,0.0138888888888888
124018,mscoco,0.493319696187973,0.6858137130759732,0.5781991899013519,0.6970103792254423,0.4,1.0,0.7,1.0
373792,mscoco,0.36893079355359076,0.702848588143512,0.4325611859560013,0.5430837300224509,0.5,1.0,0.7,0.5
334364,mscoco,0.03624962419271469,0.09712335058256903,0.06436265180818737,0.26583606512407154,0.1,0.2,0.1,1.0
196473,mscoco,0.04712940314784646,0.134830569501522,0.05951570188626647,0.16220170797423847,0.7,1.0,0.6,1.0
361866,mscoco,0.2319868966937065,0.36124861778440426,0.2799330547451973,0.5479167969113707,0.1,0.1,0.4,0.5
468932,mscoco,0.03444906491786241,0.09866285403338992,0.055210277996957303,0.281096035845618,0.1,0.1428571428571428,0.1,0.5
447354,mscoco,0.33128519356250763,0.5626936246108524,0.36716504245996473,0.7163627737068938,0.3,1.0,0.2,1.0
85846,mscoco,0.23454928398132324,0.4813615900740773,0.12117426265031099,0.26891408383166754,0.1,1.0,0.0,0.0035971223021582
173631,mscoco,0.1615557014942169,0.3915790562925754,0.14054530076682567,0.3803666593289839,0.1,1.0,0.3,1.0
266805,mscoco,0.04654875984415412,0.13409619341994938,0.07351005123928189,0.1882624182787081,0.0,0.0256410256410256,0.3,1.0
299662,mscoco,0.0958743829280138,0.2769056707440732,0.06044615604914725,0.14700049709752117,0.0,0.0666666666666666,0.0,0.0068027210884353
569520,mscoco,0.10178344659507274,0.35302509214700983,0.10644926228560507,0.27710526669358904,0.1,0.125,0.2,1.0
193,drawbench,0.012926361849531531,0.05606158624771796,0.006894697644747793,0.01859259185662344,0.0,0.0,0.0,0.0
205356,mscoco,0.02890273593366146,0.07621212013778163,0.06131989285349846,0.19929784829439778,0.0,0.0555555555555555,0.1,0.1666666666666666
119,drawbench,0.05215946361422539,0.15467474251351654,0.04022221225313842,0.14924883945265768,0.0,0.0,0.0,0.0
394814,mscoco,0.0890829036012292,0.15324294451140563,0.13502336293458939,0.27645000475010445,0.0,0.0384615384615384,0.2,0.25
204940,mscoco,0.07419256698340178,0.16931635502708606,0.18210866004228593,0.3668302801225579,0.2,0.3333333333333333,0.3,1.0
167740,mscoco,0.502528914809227,0.7921337756221788,0.4371799170970917,0.6810252670541738,0.0,0.0769230769230769,0.1,0.2
544590,mscoco,0.5726548850536346,0.7275743523816273,0.3732500746846199,0.7903101526338201,0.5,0.5,0.4,1.0
344974,mscoco,0.24279738143086432,0.6449883139404495,0.12127256039530039,0.4782197512222262,0.1,1.0,0.1,0.3333333333333333
440434,mscoco,0.027283058897592128,0.13062283209678832,0.01893321783281863,0.05283718115925502,0.1,1.0,0.1,0.1666666666666666
30752,mscoco,0.17871823757886887,0.3340121924203985,0.22721168473362924,0.4083967467169242,0.4,1.0,0.6,1.0
288975,mscoco,0.0950462831184268,0.2822518293890072,0.18891867510974408,0.4579555945363781,0.0,0.0114942528735632,0.1,0.2
45966,mscoco,0.014486857899464666,0.06589058443545136,0.013451712718233467,0.03830937721554023,0.1,1.0,0.0,0.037037037037037
136042,mscoco,0.02440832359716296,0.07741055377523594,0.026838520728051662,0.06384694702709044,0.1,0.25,0.1,0.1428571428571428
369514,mscoco,0.1223006445914507,0.33267911692705626,0.15925220027565956,0.3101154181766039,0.1,1.0,0.0,0.0666666666666666
483525,mscoco,0.030366900051012634,0.11309656486550063,0.03987282244488597,0.11644260757374307,0.2,0.1666666666666666,0.3,1.0
280347,mscoco,0.1649579878896475,0.3659969889934635,0.22018192932009698,0.47356896312722496,0.3,1.0,0.5,1.0
411343,mscoco,0.5730772078037262,0.7071938764416356,0.6216049134731293,0.7959352787715801,0.3,0.1428571428571428,0.8,0.5
567803,mscoco,0.6985160201787949,0.8529101966197172,0.6433985650539398,0.752722224304135,0.2,0.3333333333333333,0.3,1.0
217458,mscoco,0.0137491955421865,0.06772055585540727,0.021347085107117893,0.06363056978608787,0.1,0.1666666666666666,0.1,1.0
166430,mscoco,0.13936755433678627,0.32455872146798276,0.13779176846146585,0.32504168823754354,0.1,0.3333333333333333,0.0,0.0666666666666666
556597,mscoco,0.1865394815802574,0.3758802854406016,0.2560702100396156,0.3151598253152426,0.0,0.0434782608695652,0.3,0.25
365556,mscoco,0.777558347582817,0.9163095057895198,0.8103179156780242,0.9057955575216855,0.3,1.0,0.3,0.5
20987,mscoco,0.04499309416860342,0.14050411013451705,0.06676509827375413,0.18723153104927753,0.0,0.0263157894736842,0.1,1.0
162031,mscoco,0.07493679104372859,0.3180494132396545,0.07888840213418007,0.26996675519423363,0.2,1.0,0.2,1.0
485955,mscoco,0.007949203648604453,0.033101564625447145,0.012381956446915865,0.05113303572977502,0.1,0.3333333333333333,0.1,1.0
202307,mscoco,0.29539118260145186,0.4695774707778566,0.3418526977300644,0.5848018585063516,0.5,0.5,0.9,1.0
502126,mscoco,0.06529163755476475,0.16109766113221174,0.14933252707123756,0.39312334474095845,0.0,0.0666666666666666,0.1,0.1
10130,mscoco,0.04969252198934555,0.2937568727432333,0.03106951520894654,0.2630401937675898,0.1,1.0,0.1,1.0
33489,mscoco,0.040634287893772124,0.11334248019385836,0.04515463635325432,0.11487975793373528,0.1,0.5,0.1,0.2
167152,mscoco,0.34977075159549714,0.545425179801652,0.3818064212799072,0.6555421008382627,0.0,0.0294117647058823,0.0,0.0188679245283018
554207,mscoco,0.12285798825323582,0.27556335792149866,0.2663541316986084,0.47382601080465964,0.1,1.0,0.2,0.3333333333333333
162827,mscoco,0.15547917708754538,0.3537466848284275,0.24101645089685916,0.5711272921588524,0.1,1.0,0.3,1.0
329217,mscoco,0.07344611678272486,0.29040597903480975,0.0680746897123754,0.2819511347640859,0.1,1.0,0.1,1.0
187194,mscoco,0.045886161644011735,0.1235369872160733,0.10658768955618143,0.23970523309663624,0.1,0.5,0.2,1.0
374357,mscoco,0.1481043178588152,0.3575429217614839,0.18556221015751362,0.3638199038646494,0.5,1.0,0.9,1.0
240976,mscoco,0.044967645592987535,0.14192326579897754,0.035389266721904275,0.14408206419219532,0.1,0.3333333333333333,0.0,0.0666666666666666
558171,mscoco,0.08049030173569918,0.3314878425879824,0.08215232398360968,0.17797306032227367,0.0,0.0068965517241379,0.0,0.0625
126714,mscoco,0.011324078554753213,0.03365067631299488,0.05475485874339938,0.17679141756590921,0.0,0.0006361323155216,0.1,0.2
132652,mscoco,0.47988191843032835,0.7860179965717772,0.6269569218158721,0.7998092561976352,0.7,1.0,0.8,1.0
87272,mscoco,0.07235981770791114,0.4423823739308276,0.12033302374184132,0.4880951743124464,0.1,1.0,0.2,1.0
18973,mscoco,0.017385982186533512,0.05484635052505759,0.02078884863294661,0.09214800266127483,0.2,1.0,0.0,0.0833333333333333
214261,mscoco,0.3459777101874352,0.709596375132378,0.3053265541791916,0.5380157654798965,0.3,1.0,0.3,1.0
44136,mscoco,0.040074025932699445,0.12994189960090896,0.04310218854225241,0.24760153037147503,0.1,0.1,0.0,0.0769230769230769
204020,mscoco,0.009776200889609754,0.044648698008843274,0.019937319838209077,0.0706416714795211,0.0,0.0088495575221238,0.1,0.3333333333333333
226848,mscoco,0.3434117704629898,0.48665878068314317,0.33493153750896454,0.6121460399407241,0.3,0.1666666666666666,0.7,1.0
303570,mscoco,0.22310176342725754,0.34794917181151835,0.2116161935031414,0.3588930509168888,0.1,0.1111111111111111,0.0,0.0909090909090909
399983,mscoco,0.28946437388658525,0.386915728612548,0.37583493143320085,0.7139599660279076,0.1,0.125,0.3,1.0
168843,mscoco,0.10965959578752518,0.2983472540604573,0.09951515793800354,0.24655629226376238,0.2,1.0,0.2,1.0
369074,mscoco,0.19825895093381404,0.4670986562332189,0.21740466356277466,0.5059973148568053,0.1,1.0,0.2,1.0
364487,mscoco,0.011528270971029996,0.03494684201034523,0.01313277306035161,0.05710607503249661,0.0,0.0085470085470085,0.0,0.0051282051282051
232546,mscoco,0.022825437097344546,0.07627587489087094,0.019169327430427076,0.049356637474209604,0.1,0.5,0.0,0.0052910052910052
159,drawbench,0.005333639855962247,0.017103674924213913,0.005437221331521869,0.027121641222318256,0.0,9.588095420725627e-06,0.0,1.7944300890037325e-05
329336,mscoco,0.10967977866530418,0.20359502411762004,0.10234739668667317,0.2808106647440497,0.0,0.0476190476190476,0.0,0.0769230769230769
229481,mscoco,0.0545408584177494,0.19869253847654314,0.11142978370189667,0.1924713136362097,0.0,0.04,0.2,0.25
528575,mscoco,0.1103469591587782,0.3588927683021045,0.09256818844005466,0.37698384172191585,0.1,1.0,0.1,1.0
3694,mscoco,0.03386047072708607,0.09185209825959094,0.06722577754408121,0.19263816278116472,0.0,0.0909090909090909,0.4,1.0
417016,mscoco,0.2690295197069645,0.3783386825134677,0.5207699567079545,0.7713490312152798,0.1,0.1666666666666666,0.2,0.1666666666666666
251418,mscoco,0.06919295508414507,0.19151061200520816,0.06620906572788954,0.17588450444864226,0.0,0.0476190476190476,0.0,0.0263157894736842
547866,mscoco,0.29671231657266617,0.591360254293814,0.4058493584394455,0.703105027635886,0.3,0.5,0.4,0.5
166998,mscoco,0.3817602574825287,0.4316054982488306,0.6364920765161515,0.798029038426586,0.4,0.3333333333333333,0.6,1.0
570864,mscoco,0.0980317734181881,0.22957896938792188,0.06362803746014833,0.19047382666399643,0.6,1.0,0.4,0.5
462445,mscoco,0.0361254995688796,0.11044176758323496,0.036840761441271755,0.10680048078476334,0.1,1.0,0.1,1.0
300661,mscoco,0.020511154364794493,0.07460695764787982,0.013085620850324631,0.04073451347654067,0.1,0.1666666666666666,0.1,1.0
169502,mscoco,0.0381653307005763,0.11161683179425805,0.019243262009695172,0.09054907434290378,0.1,0.2,0.1,1.0
66144,mscoco,0.043767783883959056,0.11825928241269716,0.08740252144634723,0.2562836515847972,0.1,0.1,0.1,1.0
269843,mscoco,0.03259650114923716,0.10251594360004125,0.02825520671904087,0.16976300131484356,0.1,0.25,0.1,1.0
54938,mscoco,0.05456135617569089,0.13702197239257746,0.08073306288570166,0.21455304999550143,0.0,0.0175438596491228,0.0,0.04
27390,mscoco,0.20818354934453964,0.32117693721928975,0.25675693415105344,0.31537298948167786,0.1,0.1666666666666666,0.1,0.3333333333333333
521978,mscoco,0.36859920248389244,0.6802503452709493,0.3308171607553959,0.6840203814363129,0.1,1.0,0.1,0.5
429433,mscoco,0.1159889280796051,0.3124748228803659,0.12347322292625904,0.2615838658549017,0.1,0.25,0.0,0.0093457943925233
134,drawbench,0.015073006926104426,0.06392031682578642,0.010014699958264827,0.037428393030245484,0.0,2.6367136001687492e-05,0.0,0.0021231422505307
378621,mscoco,0.03206394021399319,0.1045156673404759,0.09377503208816051,0.23771955366116862,0.1,0.1111111111111111,0.0,0.0476190476190476
222948,mscoco,0.042033268697559835,0.14794382038737067,0.1007402952760458,0.2322744438564278,0.0,0.0056497175141242,0.1,0.3333333333333333
77,drawbench,0.12471641488373279,0.3632507911750958,0.10667905509471894,0.22874860100987546,0.0,0.0095238095238095,0.0,0.0084033613445378
124903,mscoco,0.48170738816261294,0.4693666012594254,0.5643485307693481,0.827392663198486,0.1,0.3333333333333333,0.8,1.0
359375,mscoco,0.011097919719759375,0.05742419285396932,0.012311024125665426,0.05036585940810582,0.1,0.5,0.1,0.5
244760,mscoco,0.023134926287457346,0.06850593592764613,0.038718436099588874,0.10698588576186455,0.7,1.0,0.8,1.0
83097,mscoco,0.2609873875975609,0.46647762402624304,0.24375904798507692,0.472352218634457,0.3,0.2,0.3,0.3333333333333333
337264,mscoco,0.008610872755525634,0.05322082016168233,0.01855496964417398,0.08373671319657143,0.1,1.0,0.1,1.0
145921,mscoco,0.13261720836162566,0.30434861500821137,0.17217837497591973,0.4582324106331928,0.2,0.2,0.0,0.0833333333333333
422155,mscoco,0.22495009787380696,0.5136697871288642,0.1590228147804737,0.2877480419901124,0.5,1.0,0.8,1.0
451969,mscoco,0.08887560777366162,0.19571734632377707,0.16220047660171985,0.29469764208732757,0.1,0.1666666666666666,0.1,0.2
484344,mscoco,0.012951757432892919,0.05018546745892763,0.014448929112404585,0.05722892476989722,0.2,0.25,0.3,0.3333333333333333
488952,mscoco,0.1235852763056755,0.25396473158488686,0.18467443324625493,0.49030453574978156,0.1,0.1666666666666666,0.1,1.0
67163,mscoco,0.022974091349169612,0.17165879697122505,0.020586662588175385,0.07326671932983993,0.1,1.0,0.1,0.3333333333333333
521068,mscoco,0.11951511204242707,0.3631824575112804,0.16977807953953744,0.32526374777702,0.1,0.1,0.0,0.0119047619047619
424340,mscoco,0.09088818382006139,0.20113965269651643,0.23001422062516214,0.48166317826490196,0.1,0.2,0.0,0.0769230769230769
364491,mscoco,0.06841589398682117,0.17975600358707586,0.04723959881812334,0.21541033200979506,0.2,1.0,0.0,0.0909090909090909
556901,mscoco,0.23329707682132722,0.41863764659866076,0.21734809279441833,0.37527368925503984,0.2,0.5,0.0,0.0526315789473684
420826,mscoco,0.6458121925592423,0.8939212095953994,0.6824919074773789,0.8630802767509562,0.2,1.0,0.2,0.3333333333333333
283213,mscoco,0.284904645383358,0.44757285767452276,0.3376143231987953,0.5884310161836085,0.0,0.0833333333333333,0.2,0.2
214363,mscoco,0.015641270251944662,0.047826991157266845,0.01896652947179973,0.07714209388813176,0.1,0.25,0.1,1.0
165350,mscoco,0.1867402539588511,0.4677648108740372,0.37604219894856217,0.7060459466972133,0.0,0.0909090909090909,0.2,1.0
79806,mscoco,0.32351031303405764,0.5802269045024196,0.30535285621881486,0.5752701407442276,0.0,0.0833333333333333,0.1,0.125
279175,mscoco,0.01868406458524987,0.06453461339339053,0.01941230322699994,0.0767641822092376,0.3,0.5,0.4,1.0
200423,mscoco,0.19752976186573507,0.23556838249452677,0.3776017755270004,0.599039490349083,0.1,0.1111111111111111,0.2,0.1111111111111111
11041,mscoco,0.7442486315965653,0.8516818426163354,0.8568570196628571,0.9367799484940348,0.7,1.0,0.7,0.3333333333333333
61377,mscoco,0.015009688760619611,0.03827494754781328,0.009118970902636647,0.037459704428685535,0.1,0.1,0.1,0.5
499094,mscoco,0.3131606839597225,0.3008785366950283,0.38952772617340087,0.5425310956220261,0.0,0.0476190476190476,0.3,0.25
65,drawbench,0.011749546427745372,0.058917046333366224,0.020668452070094646,0.0625617802586081,0.0,0.0,0.0,0.0
20542,mscoco,0.3526526927947998,0.3902253455786504,0.3819475740194321,0.5088159699045888,0.2,0.3333333333333333,0.2,1.0
295472,mscoco,0.17157413959503173,0.3186590034146039,0.24750414937734605,0.49275583805815054,0.2,0.3333333333333333,0.7,1.0
4471,mscoco,0.022922168718650937,0.07430754163237535,0.0307629962451756,0.0734138125370892,0.3,0.5,0.2,0.25
518816,mscoco,0.020765371806919574,0.10222195216763408,0.02918334142304957,0.09722022012009773,0.1,1.0,0.1,0.3333333333333333
267700,mscoco,0.12070651426911354,0.3626447507609292,0.1568128928542137,0.3330606692718075,0.8,1.0,0.5,1.0
436696,mscoco,0.02967812018468976,0.094329266578,0.04107320252805948,0.13704428866773782,0.0,0.0833333333333333,0.2,0.5
477351,mscoco,0.05544967968016863,0.20200841057340224,0.07741274405270815,0.23244989490826012,0.2,1.0,0.2,1.0
84084,mscoco,0.18042159378528594,0.3978661659238487,0.21483300179243087,0.3769938763664878,0.1,1.0,0.4,0.5
492314,mscoco,0.40302819609642027,0.6531413533346418,0.6579265803098678,0.7782031483722702,0.1,0.125,0.2,0.3333333333333333
13882,mscoco,0.06566305477172137,0.1627912871122138,0.02616428453475237,0.12673579781528585,0.1,1.0,0.1,1.0
125700,mscoco,0.060398454684764145,0.18636303647506283,0.12602580860257148,0.2844092879271652,0.2,0.5,0.1,1.0
370103,mscoco,0.48281444758176806,0.7118477514375514,0.42943085432052613,0.6900548342748194,0.3,1.0,0.0,0.0909090909090909
94,drawbench,0.03469095262698829,0.09753607512651825,0.036205132771283385,0.09618066429095681,0.0,0.0769230769230769,0.0,0.0048543689320388
137273,mscoco,0.3158160366117954,0.6207715922557651,0.2853754237294197,0.7930126769991972,0.1,0.5,0.1,1.0
106935,mscoco,0.12873705197125673,0.3048911716766253,0.175348636507988,0.3401830187022118,0.1,0.1111111111111111,0.1,0.125
797,mscoco,0.485593381524086,0.6867548317409929,0.6042193949222565,0.8003647788156542,0.5,0.5,0.6,1.0
107362,mscoco,0.05840807848144323,0.12276425671007835,0.08565354933962226,0.376009124573987,0.1,0.125,0.3,1.0
81128,mscoco,0.05837561753578484,0.17945704981643637,0.039176308549940586,0.23093096368107402,0.1,0.5,0.1,1.0
442554,mscoco,0.0963923430070281,0.5384904364677207,0.11224189940840006,0.5550807381176003,0.1,1.0,0.1,1.0
19413,mscoco,0.29201744869351387,0.66871743043331,0.2673848897218704,0.5578378864946117,0.0,0.008,0.0,0.0033444816053511
7583,mscoco,0.0040333130600629374,0.013771908817506385,0.01639644667156972,0.04851560743280922,0.0,0.0909090909090909,0.4,1.0
464634,mscoco,0.12442867569625378,0.2480108332959888,0.09937220681458711,0.30073353099031885,0.1,0.5,0.2,1.0
257788,mscoco,0.09924670923501253,0.29819992878290424,0.1832259390503168,0.3579049984118551,0.4,1.0,0.3,0.5
385438,mscoco,0.12467154674232006,0.5663461667129885,0.217255324870348,0.4799254557694932,0.0,0.04,0.0,0.0833333333333333
275432,mscoco,0.03336405297741294,0.1411818697166021,0.046040586289018394,0.19268508391523845,0.0,0.0232558139534883,0.1,1.0
490582,mscoco,0.03018379961140454,0.19658000597439795,0.03713231363799423,0.10260282553211623,0.1,0.5,0.1,1.0
399880,mscoco,0.024455471616238355,0.10936555569908457,0.024922791216522456,0.09758782895117585,0.2,1.0,0.2,1.0
256903,mscoco,0.4305547058582306,0.6226669311991174,0.5366848468780517,0.733741463231036,0.0,0.0476190476190476,0.6,0.3333333333333333
2349,mscoco,0.0656322680413723,0.19576383706710943,0.12126740291714669,0.3070249598435852,0.1,0.5,0.1,1.0
70735,mscoco,0.29465508460998535,0.4511630620176887,0.3306432723999023,0.6315370512949295,0.4,0.3333333333333333,0.5,1.0
73634,mscoco,0.1304760329425335,0.3851697956401669,0.18297383412718773,0.2816136809873508,0.4,1.0,0.5,1.0
495131,mscoco,0.01516765954438597,0.0584245468166577,0.01243831026367843,0.04606837955047404,0.0,0.0217391304347826,0.1,0.1
548953,mscoco,0.0815682653337717,0.2080773655534805,0.0949201837182045,0.23232516980889772,0.0,0.0119047619047619,0.0,0.0227272727272727
517780,mscoco,0.21577534154057504,0.6011649478303611,0.21127702593803405,0.5996914323199469,0.1,1.0,0.1,1.0
314616,mscoco,0.06142264343798161,0.1407825997865433,0.044443973898887636,0.18939543059431227,0.0,0.0909090909090909,0.1,1.0
51070,mscoco,0.10267468392848969,0.20051220259071348,0.20075730197131633,0.585080119107254,0.0,0.0048076923076923,0.1,0.5
61761,mscoco,0.18488314673304557,0.5648354675548537,0.16747404746711253,0.528248195541338,0.3,1.0,0.5,1.0
228657,mscoco,0.3292214870452881,0.6221508123337357,0.6146477639675141,0.733580273789542,0.1,0.1428571428571428,0.6,0.3333333333333333
328732,mscoco,0.1824261974543333,0.32410711966090167,0.2226172409951687,0.4792977057919465,0.3,0.25,0.3,1.0
152108,mscoco,0.15972354486584664,0.27959453492899705,0.20858851820230484,0.39903318539140925,0.4,1.0,0.7,0.5
309192,mscoco,0.31480100005865097,0.5577952199799205,0.3603066384792328,0.49600809856515843,0.3,1.0,0.2,0.25
28085,mscoco,0.05306702158413827,0.20767235643133153,0.04356517842970788,0.18154522365472137,0.1,1.0,0.1,1.0
392717,mscoco,0.025458871852606535,0.09239287285358658,0.020861797337420284,0.05538111056985058,0.0,0.003731343283582,0.1,1.0
373648,mscoco,0.10501184649765491,0.2862320379367513,0.09217196740210057,0.3235469290939806,0.2,0.5,0.2,0.5
186201,mscoco,0.07996232695877552,0.23073457722922222,0.09354908987879754,0.26086628824941965,0.3,1.0,0.1,0.25
556248,mscoco,0.07831649836152792,0.19303602708634907,0.05487085953354835,0.15810772195858097,0.3,0.5,0.1,0.3333333333333333
30631,mscoco,0.0047958613839000465,0.020885063481480358,0.013399507105350494,0.0637622108266004,0.0,0.0012165450121654,0.1,0.25
109838,mscoco,0.2003765359520912,0.5068701427103839,0.23167594000697136,0.40879923484343805,0.1,1.0,0.4,0.2
97686,mscoco,0.1561363723129034,0.548253119987313,0.15868478696793317,0.2790166635037548,0.1,1.0,0.1,0.1
22559,mscoco,0.02531965763773769,0.11939321456586402,0.02435914189554751,0.11555545112112918,0.1,1.0,0.1,1.0
163474,mscoco,0.5280989825725555,0.6930707323252683,0.2502239964902401,0.44214343486414337,0.0,0.0069930069930069,0.0,0.05
23489,mscoco,0.5437899589538574,0.654467275735126,0.5777109563350677,0.8367768525594098,0.6,1.0,0.8,1.0
460417,mscoco,0.009148705075494945,0.028530560141600294,0.012329639319796115,0.053307232774186315,0.0,0.0103092783505154,0.1,1.0
143120,mscoco,0.08738883435726166,0.28043451019389515,0.08496042974293232,0.28779093105380227,0.1,0.3333333333333333,0.2,0.5
549649,mscoco,0.019217695132829248,0.06478465745687752,0.00971322534023784,0.05978771519713369,0.1,0.5,0.1,1.0
62132,mscoco,0.13606736999936403,0.6113308287799446,0.0995750829577446,0.551115451570887,0.1,0.5,0.1,1.0
371157,mscoco,0.05055745653808117,0.1491001807251742,0.06448228899389505,0.19117842710596192,0.0,0.04,0.1,0.1
376009,mscoco,0.1256179517135024,0.36606940952055306,0.11997657641768456,0.22879131296345168,0.1,1.0,0.0,0.0357142857142857
41997,mscoco,0.8140657722949982,0.8686783714724751,0.7907988548278808,0.8739118403733418,0.9,1.0,1.0,1.0
305338,mscoco,0.11437669135630131,0.3181266821989384,0.13053930420428514,0.4265405297708165,0.5,0.5,0.2,1.0
151922,mscoco,0.0900889279320836,0.23726643950798446,0.17535826759412884,0.44377265181106046,0.1,0.1428571428571428,0.3,1.0
169683,mscoco,0.06240040212869644,0.19702073426487116,0.067033408023417,0.21093820659523743,0.5,1.0,0.7,1.0
504216,mscoco,0.01851008872035891,0.10019051237616744,0.012265191157348454,0.054388198830729144,0.1,1.0,0.1,0.5
42215,mscoco,0.22476148158311843,0.4605510161355488,0.2311999872326851,0.499786521777545,0.5,1.0,0.5,1.0
285607,mscoco,0.357453553378582,0.5304931158792151,0.3772860109806061,0.5146035272544554,0.0,0.0666666666666666,0.0,0.0192307692307692
345562,mscoco,0.028523169923573732,0.1303936540967577,0.03638998195528984,0.12231043337765847,0.1,0.2,0.1,0.1
155160,mscoco,0.0768181374296546,0.36527164857168104,0.10612651035189628,0.4106492830039499,0.1,1.0,0.1,1.0
576944,mscoco,0.01376988277770579,0.03873697376077764,0.013065304420888425,0.05773642292381539,0.1,0.3333333333333333,0.3,1.0
488360,mscoco,0.014792394917458295,0.028873920843238456,0.014578401786275208,0.04112010995307944,0.1,0.1428571428571428,0.1,0.3333333333333333
20641,mscoco,0.5575685560703277,0.6935691495450892,0.5860735073685646,0.7278013312913189,0.2,1.0,0.2,1.0
83268,mscoco,0.09138967469334602,0.2942960945296805,0.07908144872635603,0.15839178101261225,0.1,1.0,0.0,0.037037037037037
203618,mscoco,0.24268381036818026,0.31889258482414473,0.23778948932886124,0.6914527564633957,0.1,0.125,0.1,1.0
301870,mscoco,0.27105226293206214,0.5604745548549723,0.4292867049574852,0.6355732920462339,0.5,1.0,0.6,1.0
424788,mscoco,0.07559494394809008,0.25306826846547065,0.15183024406433104,0.4834773664295356,0.1,1.0,0.5,1.0
292170,mscoco,0.08684857450425625,0.24739669423687782,0.22716406360268593,0.6318725355110091,0.1,0.1111111111111111,0.3,0.5
502823,mscoco,0.30013213157653806,0.6645818305115437,0.44124882072210314,0.7178824471795894,0.2,1.0,0.4,1.0
40531,mscoco,0.3305175624787807,0.4693745981515804,0.32459673956036567,0.4377830013346352,0.6,0.3333333333333333,0.8,0.5
162020,mscoco,0.025312099186703563,0.06917013605157026,0.02921236613765359,0.08659373755128828,0.1,0.25,0.1,0.3333333333333333
84853,mscoco,0.3927376434206963,0.623547707733559,0.34650511890649793,0.40135196964032116,0.5,0.5,0.7,1.0
139839,mscoco,0.11128009296953678,0.25758328685706505,0.19568079635500907,0.5046051311337927,0.1,0.125,0.1,0.1666666666666666
163296,mscoco,0.7759127616882324,0.8926145880873981,0.7472906589508057,0.8721714737463374,0.5,0.3333333333333333,0.4,1.0
268644,mscoco,0.1094417056068778,0.2865943427263873,0.14030351340770722,0.3275743276430539,0.7,1.0,0.9,1.0
69283,mscoco,0.03974186454433948,0.08761915300423065,0.029013376263901592,0.11389190360686309,0.0,0.0169491525423728,0.1,1.0
59610,mscoco,0.1014266036450863,0.24336334146136318,0.13285342529416083,0.3014938639726819,0.5,1.0,0.7,1.0
471834,mscoco,0.07473921542987227,0.19614215904854312,0.07433584984391928,0.1954818265333515,0.2,0.3333333333333333,0.7,0.5
15197,mscoco,0.06230152510106564,0.1422784540268459,0.09537857472896576,0.19467614447729203,0.4,0.5,0.6,0.5
343908,mscoco,0.02405744674615562,0.07850477327886135,0.04827853357419372,0.1186809307442026,0.0,0.0093457943925233,0.0,0.0208333333333333
451375,mscoco,0.028032233379781245,0.14463891628542555,0.015825822041369973,0.11550870086772011,0.1,0.3333333333333333,0.1,0.5
440027,mscoco,0.2103473998606205,0.3979485355074534,0.20667796209454536,0.3627136890409173,0.2,0.25,0.5,0.5
377777,mscoco,0.055183788668364285,0.17776461620175799,0.053986159909982234,0.1491940527441145,0.0,0.0060240963855421,0.3,1.0
130240,mscoco,0.6478170901536942,0.8184269167278941,0.7492648720741272,0.875720271301065,0.4,0.25,0.8,0.5
121618,mscoco,0.027758999913930892,0.0815813770110309,0.03422795608639717,0.08537672503226489,0.3,0.5,0.3,0.5
273245,mscoco,0.03656532638706267,0.13773738617506828,0.033358648978173734,0.10100421811118766,0.1,0.2,0.0,0.0714285714285714
187978,mscoco,0.032023975532501935,0.09733046190881345,0.022430057544261216,0.10580672368017192,0.1,0.25,0.1,1.0
395933,mscoco,0.26303312703967097,0.47235072966439656,0.29061937928199766,0.5181708032186013,0.1,0.5,0.1,1.0
247184,mscoco,0.1943196401000023,0.3977376600647762,0.21263643428683282,0.3346608167751624,0.1,0.2,0.4,0.5
198397,mscoco,0.19595363438129426,0.3397267017589779,0.22681835517287255,0.45273520029464487,0.1,0.125,0.4,1.0
266207,mscoco,0.7385955452919006,0.8184149145288953,0.7218705177307129,0.8779315921089641,0.7,1.0,1.0,1.0
324816,mscoco,0.09756841398775577,0.2162893570137921,0.0968384962528944,0.248134047796614,0.1,0.1111111111111111,0.1,0.25
539311,mscoco,0.03362684005405754,0.13855321716098767,0.025542068807408214,0.1156988738064904,0.1,1.0,0.2,1.0
34,drawbench,0.18584726564586163,0.35187060124926217,0.18424441032111644,0.541186313828024,0.0,0.0,0.0,0.0
214413,mscoco,0.036164858378469944,0.1117940948039777,0.038487623212859035,0.12357419033399486,0.0,0.0526315789473684,0.1,1.0
521574,mscoco,0.04906216291710734,0.16347473623311912,0.0545037736184895,0.19868186064408452,0.0,0.0007710100231303,0.0,0.0185185185185185
317112,mscoco,0.07189494539052248,0.193829203463314,0.09333713110536337,0.2202381476195903,0.1,1.0,0.1,0.1111111111111111
552295,mscoco,0.45394679605960847,0.7949304337169563,0.392512683570385,0.78175533709768,0.0,0.037037037037037,0.1,0.25
579787,mscoco,0.18674055002629758,0.6520266464441722,0.17568125277757646,0.40490140271061437,0.3,1.0,0.5,1.0
384422,mscoco,0.017944598477333783,0.06545366981376202,0.03725504064932465,0.1518097767461627,0.1,1.0,0.0,0.0434782608695652
531725,mscoco,0.5763182938098907,0.7053668102443804,0.5925837576389312,0.8048525589742994,0.4,0.5,0.7,1.0
491943,mscoco,0.09331303294748068,0.246676483390461,0.10331827532500029,0.2629583415843603,0.1,0.5,0.1,1.0
56605,mscoco,0.048952863272279504,0.14109845948179398,0.05084784980863333,0.13113341609128534,0.1,0.5,0.4,1.0
444272,mscoco,0.01308151395060122,0.040073266019548755,0.007929084222996607,0.04265035249730194,0.0,0.0217391304347826,0.1,0.3333333333333333
220948,mscoco,0.1333886355161667,0.2958526253009376,0.18534435480833053,0.4304465908145517,0.1,0.1428571428571428,0.8,1.0
265176,mscoco,0.17104566358029843,0.354882967865731,0.164960391074419,0.41173742851214273,0.3,1.0,0.3,1.0
186,drawbench,0.018164569162763655,0.10711460272476606,0.04616409782320261,0.18570994740000787,0.0,0.0,0.0,0.0
275835,mscoco,0.04610595563426614,0.16701360376603744,0.03218055185861886,0.10415923948536925,0.2,0.5,0.2,0.1666666666666666
386036,mscoco,0.10988679230213165,0.2559902323056199,0.07920362036675214,0.1933644956846522,0.3,0.5,0.3,0.3333333333333333
165638,mscoco,0.18784124813973904,0.27890656841295547,0.235162466019392,0.4563673752080859,0.1,0.1428571428571428,0.1,0.1666666666666666
388353,mscoco,0.41373428255319594,0.6284236510985856,0.4721840381622314,0.750963732052458,0.1,0.125,0.2,1.0
4624,mscoco,0.5290358603000641,0.7784335233629097,0.5007166266441345,0.6610785017809863,0.4,1.0,0.6,1.0
206871,mscoco,0.12390141971409321,0.24069758623107443,0.13856791108846664,0.2681983428286685,0.3,0.3333333333333333,0.4,1.0
516805,mscoco,0.08145459555089474,0.32453773180266404,0.12003151159733534,0.3738840148548452,0.1,1.0,0.1,1.0
531798,mscoco,0.4258936017751694,0.49765868277627234,0.47909643352031706,0.5724813551783177,0.4,0.5,0.5,1.0
89095,mscoco,0.23038513511419295,0.31974844726884233,0.35617136359214785,0.509416396794458,0.1,0.1666666666666666,0.1,0.1666666666666666
18078,mscoco,0.1302576020359993,0.3298551068875634,0.1117168564349413,0.27699367356017035,0.7,0.5,0.6,1.0
136900,mscoco,0.5876460313796997,0.7196313342839413,0.5787615001201629,0.639891992400742,0.2,0.125,0.5,0.5
16,drawbench,0.016803712025284766,0.06409073819291723,0.016830393159762026,0.07236031528876967,0.0,0.0,0.0,0.0
350724,mscoco,0.15630453191697596,0.46663912703549654,0.27276429124176504,0.6487272686710455,0.1,0.25,0.1,0.3333333333333333
477195,mscoco,0.08716336507350206,0.28627709429090387,0.07114170230925083,0.22380687203909383,0.6,1.0,0.5,1.0
55059,mscoco,0.1045149251818657,0.38378871572336404,0.1134184379130602,0.3977516662410212,0.1,1.0,0.1,1.0
28214,mscoco,0.14156314404681325,0.6798492646462992,0.17437049285508693,0.6295345707120918,0.2,1.0,0.2,1.0
192812,mscoco,0.23776040524244307,0.39739519890903374,0.20076023712754248,0.39806161264587736,0.1,0.5,0.1,1.0
162717,mscoco,0.10301259737461806,0.27831630476636837,0.1215052992105484,0.3245555461671514,0.1,0.25,0.1,1.0
547136,mscoco,0.12785928025841714,0.2727087336676207,0.13024260438978671,0.29426627155014173,0.1,0.125,0.1,0.1
408182,mscoco,0.0693809175863862,0.14769425722018634,0.09187138881534337,0.24962375374055468,0.1,0.1666666666666666,0.1,0.2
360536,mscoco,0.06016839444637299,0.20016345163236593,0.05686234901659191,0.18921634892016678,0.1,1.0,0.1,1.0
485564,mscoco,0.10903783885296434,0.22959202046846677,0.30133574828505516,0.37800964527700404,0.3,0.3333333333333333,0.3,0.1666666666666666
360695,mscoco,0.7498945415019989,0.8030145975653618,0.842418086528778,0.9057822181097895,0.4,0.25,0.6,0.5
514483,mscoco,0.058211956662125884,0.2644460685614439,0.05997510245069861,0.17441287057985522,0.1,0.25,0.2,1.0
409918,mscoco,0.11101284883916378,0.35965408578229824,0.0932284489274025,0.30114330272135725,0.1,0.5,0.1,1.0
34333,mscoco,0.03764525279402733,0.1308352253511063,0.04688893565908074,0.1805176814764894,0.1,1.0,0.1,0.5
156915,mscoco,0.29724091589450835,0.44080769550005866,0.24959074035286904,0.7479360717411444,0.1,0.125,0.1,1.0
16520,mscoco,0.5455544203519821,0.7657828545090484,0.5514145284891129,0.8422171999533633,0.1,1.0,0.1,0.5
308441,mscoco,0.29524359107017517,0.49115513930924964,0.43006044030189516,0.6915124134437863,0.4,1.0,0.7,1.0
246146,mscoco,0.05506373010575771,0.18929524626853372,0.14050232991576195,0.37951314764332267,0.1,0.125,0.4,1.0
525342,mscoco,0.07140008802525699,0.24510325474601152,0.05044744182378054,0.14790705085456296,0.0,0.0217391304347826,0.1,0.3333333333333333
293306,mscoco,0.12182913944125176,0.26472899960416296,0.1462829302996397,0.29559299686657914,0.0,0.0769230769230769,0.0,0.0050761421319796
163431,mscoco,0.4088196665048599,0.6302052542813913,0.45364984273910525,0.8038335695179555,0.3,0.5,0.2,0.1666666666666666
41265,mscoco,0.29498459324240683,0.5020325950291828,0.2965256616473198,0.524546134689945,0.1,1.0,0.0,0.0833333333333333
184610,mscoco,0.030688535748049618,0.1150685215499411,0.0548442579805851,0.14628609472986262,0.1,1.0,0.1,0.25
545673,mscoco,0.31332055628299715,0.6078216287215173,0.24119457118213178,0.5653249652801616,0.5,0.5,0.3,0.5
187757,mscoco,0.2775789309293032,0.29676069420926154,0.3971366785466671,0.7015524244994915,0.2,0.2,0.6,0.5
492065,mscoco,0.021944927389267833,0.08569442400025039,0.04736264478415251,0.12727479353822307,0.0,0.0277777777777777,0.2,0.25
352248,mscoco,0.03418431244790554,0.09850447327973881,0.029301030188798906,0.09987189734447191,0.3,1.0,0.3,1.0
360173,mscoco,0.05489583387970924,0.1369014584295741,0.12936124131083487,0.26181165301995457,0.2,0.2,0.5,0.5
443913,mscoco,0.16487464047968386,0.26706759912268746,0.26567766927182673,0.6541139334136835,0.0,0.0476190476190476,0.1,0.1428571428571428
475301,mscoco,0.27560423538088796,0.4866294218803377,0.37472192347049715,0.6330967207085745,0.1,0.5,0.3,1.0
196,drawbench,0.006513048766646534,0.02505909171610913,0.001356316237070132,0.007981793795352549,0.0,0.0,0.0,0.0
66192,mscoco,0.15247917920351028,0.2871163993522006,0.2531467959284782,0.432214108812612,0.1,0.2,0.2,0.2
158950,mscoco,0.07671944759786128,0.27651328365390104,0.20096388682723046,0.3837014667816004,0.2,0.5,0.3,1.0
536278,mscoco,0.4457903981208801,0.7067063642930286,0.3922281987965107,0.4821250660118886,0.9,1.0,0.7,0.5
232417,mscoco,0.16525633558630942,0.42121213691745785,0.28118325769901276,0.4183977694808346,0.0,0.0454545454545454,0.0,0.0072992700729927
395013,mscoco,0.07067032512277364,0.2073134013564014,0.09863630682229996,0.23999290203676418,0.3,1.0,0.3,0.5
113839,mscoco,0.27905076220631597,0.504839587230637,0.2825074292719364,0.6094904831606902,0.6,1.0,0.5,0.5
103512,mscoco,0.1986946776509285,0.26588892451524815,0.21061558779329062,0.4499507681457801,0.0,0.0038022813688212,0.0,0.0094339622641509
47597,mscoco,0.20551275387406348,0.5447609100382736,0.1271601255983114,0.24447708167426613,0.2,1.0,0.1,0.2
197427,mscoco,0.32513914108276365,0.622790346183567,0.32580650970339775,0.5911345055856148,0.7,1.0,0.4,0.3333333333333333
416604,mscoco,0.1911061242222786,0.4211640126417013,0.13761025294661522,0.41259284853538786,0.1,1.0,0.1,1.0
513733,mscoco,0.41870583668351175,0.6714782766170573,0.4797990471124649,0.7557339618469728,0.8,1.0,0.8,1.0
182373,mscoco,0.4928573340177536,0.6411764857036304,0.7004865944385529,0.8425160618346508,0.1,0.5,0.8,1.0
561919,mscoco,0.2605257213115692,0.6287371997657945,0.2580456078052521,0.6691293699408571,0.2,0.1111111111111111,0.7,1.0
221165,mscoco,0.17584636025130748,0.2887673226228,0.188852196931839,0.360120965493695,0.0,0.0833333333333333,0.0,0.0133333333333333
13,drawbench,0.38844059854745866,0.46057548907519724,0.4528076402842999,0.46584219354722206,0.0,0.003690036900369,0.0,0.0178571428571428
490057,mscoco,0.2042272984981537,0.44293850457957823,0.27505155354738237,0.41993239951231287,0.1,1.0,0.4,1.0
561957,mscoco,0.5464684158563614,0.792149679020215,0.5754924952983856,0.8544494431569911,0.3,0.5,1.0,1.0
451772,mscoco,0.5145365372300148,0.6578002814024878,0.5641174495220185,0.860067578746554,0.8,1.0,0.9,1.0
247223,mscoco,0.45729623883962633,0.7831892061091765,0.4154229052364826,0.6353806748241739,0.2,1.0,0.2,0.5
532253,mscoco,0.0469390636542812,0.3435079348020396,0.0438521679257974,0.34391458376126016,0.1,1.0,0.1,1.0
178,drawbench,0.008662796881981193,0.03530768808720391,0.0040262685273773965,0.016543473227629148,0.0,0.0,0.0,0.0
15621,mscoco,0.19805868789553643,0.3583968434474779,0.2664392292499542,0.5157670395998832,0.1,0.1,0.5,1.0
161634,mscoco,0.1100371815264225,0.22012119148670212,0.10375660359859466,0.22698321339633007,0.1,0.1,0.1,0.2
33555,mscoco,0.3913782566785812,0.5520626896305416,0.5460006833076477,0.750824205615831,0.1,0.5,0.2,1.0
59,drawbench,0.014492495055310427,0.05320973938589811,0.021445743506774306,0.08507978864374831,0.0,0.0,0.0,0.0
17869,mscoco,0.08034793469123543,0.17463389008208627,0.09304952174425125,0.23802405557665302,0.0,0.0909090909090909,0.3,0.3333333333333333
378790,mscoco,0.021249782107770444,0.07677198270734793,0.01518044697586447,0.05184080322818091,0.1,0.2,0.2,1.0
248876,mscoco,0.2365024834871292,0.5171032262477161,0.2578415982425213,0.4858092991317367,0.0,0.0294117647058823,0.2,1.0
398130,mscoco,0.20032279826700689,0.6823042270784379,0.20398611277341844,0.4317940692846192,0.1,0.5,0.1,0.5
124236,mscoco,0.011407999647781253,0.04597298124748134,0.011697822296991945,0.04578674470377759,0.1,0.1666666666666666,0.1,0.25
441382,mscoco,0.05383644849061966,0.26981693018575353,0.044816127978265285,0.14846810672594243,0.2,0.3333333333333333,0.1,1.0
444670,mscoco,0.08468596069142223,0.2638811763789469,0.11293316315859556,0.4595505461551883,0.0,0.03125,0.1,1.0
482665,mscoco,0.2419456179253757,0.45906763147880997,0.16775148622691632,0.7269050145642827,0.1,0.5,0.1,1.0
170766,mscoco,0.047084116749465464,0.19801111257293544,0.10227864570915698,0.2903822418203673,0.1,1.0,0.1,0.5
156904,mscoco,0.03346932549029589,0.1761045206813984,0.016487206611782313,0.05634887908066373,0.2,0.5,0.1,0.3333333333333333
313156,mscoco,0.560628204792738,0.6500647214582294,0.6067808568477631,0.7930303774639544,0.2,0.1428571428571428,0.2,1.0
129176,mscoco,0.4519352987408638,0.6244547198371706,0.5115315556526184,0.6585503700756871,0.4,0.5,0.6,0.5
295558,mscoco,0.3254741087555885,0.5496743377411826,0.26461236998438836,0.5347888533833558,0.0,0.0333333333333333,0.2,1.0
246358,mscoco,0.08175735366530716,0.2732400841862861,0.09097762349992991,0.21848508977293735,0.5,1.0,0.6,1.0
281052,mscoco,0.4879694163799286,0.617184744685119,0.32629832476377485,0.5142977837344747,0.1,0.5,0.3,1.0
324165,mscoco,0.02865869952365756,0.09538954560338328,0.0328142330981791,0.11567074425096635,0.1,1.0,0.1,1.0
536900,mscoco,0.08215440176427365,0.18817179131666903,0.14975881520658732,0.2947661308690222,0.5,0.5,0.7,1.0
579341,mscoco,0.13294254690408708,0.2989875554106038,0.18444940820336342,0.347254858715638,0.5,1.0,0.6,0.5
149679,mscoco,0.00838459082879126,0.03194634730876022,0.009284838486928492,0.0579744633318473,0.0,0.0909090909090909,0.1,0.25
283840,mscoco,0.0063588697114028035,0.027448494962199418,0.00865439479239285,0.034524406381177195,0.1,1.0,0.2,0.25
361351,mscoco,0.11208855397999287,0.43806230244376987,0.09378339760005475,0.2752554523854801,0.2,1.0,0.1,0.3333333333333333
415239,mscoco,0.3794092617928982,0.66562538713289,0.4453543722629547,0.6303403814030943,0.3,0.3333333333333333,0.6,0.3333333333333333
99073,mscoco,0.4195494443178177,0.5654134129242839,0.38248617500066756,0.6261505309525282,0.3,0.5,0.4,0.3333333333333333
369653,mscoco,0.31300664097070696,0.6093245417352536,0.3067175284028053,0.562399712547802,0.2,1.0,0.1,0.125
72583,mscoco,0.025851133977994323,0.20555446573683628,0.025943431712221354,0.21247253223848603,0.1,1.0,0.1,1.0
565326,mscoco,0.04251304659992457,0.1445781966870032,0.04740680027753115,0.12278211197753656,0.0,0.0714285714285714,0.1,0.5
264660,mscoco,0.02313757948577404,0.07596623237544907,0.02278313203714788,0.1021383228792247,0.1,1.0,0.1,1.0
236552,mscoco,0.1200740434229374,0.2838208792053285,0.16556799039244652,0.4961917324469452,0.2,1.0,0.3,1.0
522491,mscoco,0.04433222459629178,0.11482203635944643,0.0811019160784781,0.18848142981056568,0.0,0.0769230769230769,0.0,0.0095238095238095
84757,mscoco,0.041754392860457304,0.14031275633110957,0.034450377942994236,0.09960572053372826,0.0,0.0096153846153846,0.1,0.1666666666666666
40957,mscoco,0.05735994805581868,0.1614014938771904,0.07054537367075682,0.16831774226349375,0.1,1.0,0.1,0.5
95679,mscoco,0.03695656335912645,0.11628707267668213,0.03792703682556749,0.10745906372603922,0.2,1.0,0.2,1.0
265279,mscoco,0.3544015422463417,0.6199653860423163,0.34798235893249513,0.6120476292359667,0.4,1.0,0.3,0.5
245938,mscoco,0.08039509691298008,0.25139746164152044,0.07050697654485702,0.22503331137406488,0.2,1.0,0.1,1.0
522639,mscoco,0.11817374918609858,0.26245157941929675,0.26715989261865614,0.557060212354927,0.0,0.03125,0.1,0.25
225345,mscoco,0.01837395834736526,0.08357543834207541,0.024709777534008028,0.1075510994741473,0.1,0.5,0.1,1.0
24104,mscoco,0.4079496294260025,0.5541164927601261,0.5323717147111893,0.786436947989937,0.4,0.1666666666666666,0.8,1.0
317331,mscoco,0.23423069044947625,0.43437151698257803,0.3791374906897545,0.6718150899076666,0.5,1.0,0.3,0.3333333333333333
