caption_id,source,pred_clip_p10,pred_clip_rr,pred_blip2_p10,pred_blip2_rr,true_clip_p10,true_clip_rr,true_blip2_p10,true_blip2_rr
261342,mscoco,0.8,1.0,0.7,0.038461538461538464,0.0,0.0192307692307692,0.0,0.04
203177,mscoco,0.0,0.0,0.0,0.0,0.1,1.0,0.1,1.0
239082,mscoco,1.0,1.0,1.0,0.038461538461538464,0.2,0.1666666666666666,0.4,1.0
166557,mscoco,1.0,1.0,1.0,0.038461538461538464,0.7,1.0,0.7,1.0
70,drawbench,0.0,0.0,0.0,0.0,0.0,0.0,0.0,0.0
27585,mscoco,0.8,0.3333333333333333,1.0,0.038461538461538464,0.0,0.0833333333333333,0.4,0.25
44960,mscoco,1.0,1.0,1.0,0.038461538461538464,0.2,1.0,0.5,1.0
559685,mscoco,0.7,1.0,0.9,0.038461538461538464,0.2,0.3333333333333333,0.1,0.5
577169,mscoco,0.0,0.0625,0.1,0.03125,0.2,0.25,0.4,1.0
276964,mscoco,0.0,0.05263157894736842,0.0,0.022727272727272728,0.1,1.0,0.1,0.5
480770,mscoco,0.0,0.0,0.0,0.0,0.3,0.5,0.3,1.0
56821,mscoco,0.3,0.2,0.4,0.038461538461538464,0.1,0.2,0.1,0.25
298353,mscoco,0.0,0.0,0.0,0.0,0.0,0.0204081632653061,0.1,0.125
58492,mscoco,0.4,0.25,0.2,0.037037037037037035,0.1,1.0,0.1,0.1428571428571428
530479,mscoco,0.6,0.5,0.6,0.038461538461538464,0.0,0.05,0.0,0.0555555555555555
318426,mscoco,0.6,0.25,0.5,0.034482758620689655,0.3,0.3333333333333333,0.5,0.5
386890,mscoco,0.3,1.0,0.1,0.02857142857142857,0.0,0.0909090909090909,0.1,1.0
23309,mscoco,0.0,0.0,0.0,0.0,0.1,1.0,0.2,1.0
101270,mscoco,0.5,0.25,0.8,0.038461538461538464,0.0,0.0769230769230769,0.1,0.25
170809,mscoco,0.0,0.0,0.0,0.0,0.1,1.0,0.1,0.1
20150,mscoco,0.1,0.1111111111111111,0.4,0.034482758620689655,0.1,0.1428571428571428,0.1,0.2
142942,mscoco,1.0,1.0,1.0,0.038461538461538464,0.2,0.125,0.2,1.0
63306,mscoco,0.5,0.5,0.9,0.038461538461538464,0.1,0.1,0.2,1.0
561151,mscoco,1.0,1.0,1.0,0.038461538461538464,0.0,0.0172413793103448,0.1,0.1
377619,mscoco,0.7,0.5,0.6,0.03571428571428571,0.1,1.0,0.1,1.0
390068,mscoco,0.9,1.0,0.8,0.038461538461538464,0.5,1.0,0.4,1.0
246004,mscoco,0.0,0.07692307692307693,0.0,0.0,0.1,1.0,0.1,0.1
324789,mscoco,0.0,0.0,0.0,0.0,0.1,0.125,0.1,1.0
301541,mscoco,0.8,0.5,1.0,0.038461538461538464,0.0,0.0526315789473684,0.2,0.25
233617,mscoco,0.8,1.0,0.7,0.038461538461538464,0.1,0.3333333333333333,0.1,1.0
108452,mscoco,0.0,0.07692307692307693,0.4,0.037037037037037035,0.1,1.0,0.1,1.0
333049,mscoco,0.7,1.0,1.0,0.038461538461538464,0.2,0.125,0.3,1.0
144796,mscoco,0.2,0.2,0.4,0.03225806451612903,0.1,0.3333333333333333,0.0,0.0303030303030303
488514,mscoco,0.1,0.1111111111111111,0.4,0.03571428571428571,0.1,1.0,0.1,0.125
47294,mscoco,0.9,1.0,0.8,0.037037037037037035,0.1,0.2,0.3,1.0
306173,mscoco,0.0,0.08333333333333333,0.0,0.0,0.1,1.0,0.1,0.5
253470,mscoco,0.0,0.0,0.0,0.0,0.0,0.0909090909090909,0.1,0.5
190700,mscoco,0.0,0.0,0.0,0.0,0.1,1.0,0.1,0.5
84089,mscoco,0.9,1.0,0.5,0.03333333333333333,0.0,0.0178571428571428,0.0,0.0031347962382445
175954,mscoco,0.7,0.25,1.0,0.038461538461538464,0.2,1.0,0.5,0.2
158223,mscoco,0.4,0.3333333333333333,0.7,0.038461538461538464,0.5,1.0,0.7,1.0
448607,mscoco,1.0,1.0,1.0,0.038461538461538464,0.4,0.5,0.3,0.5
248862,mscoco,0.3,0.14285714285714285,0.3,0.03333333333333333,0.1,0.5,0.1,1.0
227526,mscoco,0.2,0.16666666666666666,0.0,0.02631578947368421,0.0,0.0037593984962406,0.0,0.0022988505747126
549409,mscoco,0.0,0.0,0.0,0.0,0.1,0.3333333333333333,0.1,0.3333333333333333
123214,mscoco,1.0,1.0,0.8,0.038461538461538464,0.3,0.25,0.1,0.3333333333333333
494957,mscoco,1.0,1.0,0.8,0.038461538461538464,0.1,1.0,0.1,1.0
284176,mscoco,0.5,1.0,0.7,0.037037037037037035,0.2,0.25,0.5,1.0
25430,mscoco,1.0,1.0,1.0,0.038461538461538464,0.4,0.25,0.4,1.0
52746,mscoco,0.2,0.16666666666666666,0.1,0.03571428571428571,0.4,1.0,0.4,1.0
118598,mscoco,0.2,0.14285714285714285,0.5,0.037037037037037035,0.3,1.0,0.3,0.5
42622,mscoco,1.0,1.0,1.0,0.038461538461538464,0.1,0.1111111111111111,0.6,1.0
128275,mscoco,0.5,0.25,0.8,0.038461538461538464,0.1,0.3333333333333333,0.4,1.0
402255,mscoco,0.0,0.0,0.2,0.03333333333333333,0.0,0.0285714285714285,0.1,0.25
24935,mscoco,0.3,0.2,0.3,0.03571428571428571,0.1,0.5,0.1,1.0
39502,mscoco,0.0,0.0,0.0,0.0,0.0,0.0123456790123456,0.1,0.5
370391,mscoco,0.7,0.5,0.8,0.037037037037037035,0.0,0.0138888888888888,0.3,0.3333333333333333
170700,mscoco,0.0,0.0,0.3,0.03571428571428571,0.0,0.0212765957446808,0.1,1.0
438910,mscoco,0.7,0.3333333333333333,0.6,0.037037037037037035,0.1,0.25,0.3,1.0
160,drawbench,0.0,0.0,0.0,0.0,0.0,0.0,0.0,0.0
291526,mscoco,0.0,0.0,0.0,0.0,0.1,1.0,0.1,0.5
379596,mscoco,0.4,1.0,0.3,0.037037037037037035,0.1,1.0,0.0,0.0769230769230769
12,drawbench,1.0,1.0,1.0,0.038461538461538464,0.0,0.0,0.0,0.0
241148,mscoco,0.4,0.3333333333333333,0.1,0.02857142857142857,0.1,0.1428571428571428,0.2,1.0
319991,mscoco,0.3,0.2,0.2,0.03333333333333333,0.1,0.5,0.1,1.0
310688,mscoco,0.0,0.0,0.0,0.0,0.1,1.0,0.1,1.0
243283,mscoco,0.9,1.0,0.9,0.038461538461538464,0.9,0.5,1.0,1.0
149,drawbench,0.0,0.0,0.0,0.0,0.0,0.0,0.0,0.0
558426,mscoco,0.2,1.0,0.3,0.038461538461538464,0.2,0.3333333333333333,0.5,1.0
394214,mscoco,0.5,0.5,0.6,0.037037037037037035,0.0,0.05,0.1,1.0
297699,mscoco,0.1,0.2,0.6,0.037037037037037035,0.1,0.125,0.1,0.125
146972,mscoco,0.1,0.2,0.4,0.03571428571428571,0.2,0.5,0.0,0.0909090909090909
401783,mscoco,1.0,1.0,1.0,0.038461538461538464,0.8,0.5,0.9,1.0
182245,mscoco,0.5,1.0,0.9,0.038461538461538464,0.0,0.0256410256410256,0.2,1.0
126018,mscoco,0.9,0.5,0.9,0.038461538461538464,0.7,1.0,0.4,1.0
290549,mscoco,0.0,0.04,0.1,0.030303030303030304,0.1,0.3333333333333333,0.1,1.0
399946,mscoco,0.0,0.07692307692307693,0.2,0.034482758620689655,0.1,0.5,0.1,1.0
8,drawbench,1.0,1.0,0.9,0.037037037037037035,0.0,0.0001043296817944,0.0,6.345580303318739e-05
211678,mscoco,0.4,0.3333333333333333,0.3,0.037037037037037035,0.3,0.5,0.4,0.5
421539,mscoco,0.0,0.0,0.0,0.0,0.1,1.0,0.2,0.3333333333333333
264358,mscoco,0.0,0.047619047619047616,0.0,0.0,0.1,0.5,0.1,1.0
430848,mscoco,0.5,1.0,0.5,0.037037037037037035,0.2,1.0,0.2,0.5
133251,mscoco,1.0,1.0,1.0,0.038461538461538464,0.5,0.5,0.2,0.1666666666666666
568560,mscoco,0.7,1.0,0.8,0.038461538461538464,0.2,0.3333333333333333,0.0,0.0526315789473684
405612,mscoco,0.3,0.3333333333333333,0.6,0.038461538461538464,0.1,1.0,0.1,0.5
20794,mscoco,0.4,0.5,0.9,0.038461538461538464,0.1,0.1428571428571428,0.1,0.5
6,drawbench,1.0,1.0,1.0,0.038461538461538464,0.0,0.0011750881316098,0.0,0.0129870129870129
225306,mscoco,0.7,1.0,1.0,0.038461538461538464,0.0,0.0833333333333333,0.1,1.0
103603,mscoco,0.9,0.5,1.0,0.038461538461538464,0.6,0.3333333333333333,0.4,1.0
395,mscoco,0.0,0.058823529411764705,0.0,0.025,0.2,1.0,0.1,0.25
80067,mscoco,0.0,0.0,0.0,0.0,0.1,0.1428571428571428,0.1,1.0
490619,mscoco,0.3,0.3333333333333333,0.4,0.037037037037037035,0.0,0.0066666666666666,0.0,0.0109890109890109
167126,mscoco,0.8,1.0,0.9,0.038461538461538464,0.4,1.0,0.1,1.0
442961,mscoco,1.0,1.0,0.9,0.038461538461538464,0.1,0.5,0.5,0.5
260111,mscoco,0.3,1.0,0.2,0.03571428571428571,0.0,0.0555555555555555,0.0,0.0161290322580645
68005,mscoco,0.0,0.07142857142857142,0.1,0.030303030303030304,0.1,1.0,0.1,1.0
73541,mscoco,0.6,0.5,0.9,0.038461538461538464,0.2,0.5,0.0,0.0833333333333333
316190,mscoco,0.5,0.3333333333333333,0.6,0.038461538461538464,0.1,1.0,0.1,0.1428571428571428
519552,mscoco,0.0,0.041666666666666664,0.0,0.0,0.1,0.3333333333333333,0.1,0.5
365419,mscoco,0.7,1.0,0.9,0.038461538461538464,0.1,0.2,0.2,0.5
55050,mscoco,0.0,0.06666666666666667,0.4,0.037037037037037035,0.1,1.0,0.1,1.0
150,drawbench,0.0,0.05263157894736842,0.4,0.037037037037037035,0.0,0.0,0.0,0.0
122,drawbench,0.2,0.16666666666666666,0.2,0.038461538461538464,0.0,0.000125786163522,0.0,4.940955580809328e-05
403464,mscoco,0.9,1.0,0.9,0.038461538461538464,0.2,1.0,0.1,0.25
256809,mscoco,1.0,1.0,1.0,0.038461538461538464,0.0,0.0434782608695652,0.6,0.5
481098,mscoco,0.1,0.16666666666666666,0.5,0.03571428571428571,0.0,0.0060240963855421,0.0,0.0909090909090909
163289,mscoco,0.5,0.3333333333333333,0.5,0.038461538461538464,0.0,0.0025839793281653,0.0,0.0476190476190476
383175,mscoco,1.0,1.0,1.0,0.038461538461538464,0.3,0.3333333333333333,0.2,0.3333333333333333
71346,mscoco,0.8,1.0,0.9,0.037037037037037035,0.0,0.0161290322580645,0.1,0.5
15569,mscoco,0.5,0.25,1.0,0.038461538461538464,0.1,0.125,0.3,0.25
314949,mscoco,0.2,0.25,0.2,0.037037037037037035,0.1,1.0,0.1,1.0
424018,mscoco,0.5,1.0,0.8,0.038461538461538464,0.3,0.3333333333333333,0.2,1.0
465153,mscoco,0.0,0.0,0.0,0.0,0.2,1.0,0.2,1.0
10540,mscoco,0.4,1.0,0.5,0.038461538461538464,0.0,0.0294117647058823,0.0,0.0024509803921568
524401,mscoco,0.0,0.05263157894736842,0.4,0.037037037037037035,0.1,0.1111111111111111,0.4,0.5
277498,mscoco,0.4,0.3333333333333333,1.0,0.038461538461538464,0.0,0.0196078431372549,0.1,0.1
393583,mscoco,0.0,0.0,0.0,0.02564102564102564,0.2,0.25,0.2,1.0
151339,mscoco,0.9,1.0,0.9,0.038461538461538464,0.3,1.0,0.2,0.3333333333333333
300509,mscoco,0.0,0.09090909090909091,0.1,0.03125,0.1,0.5,0.0,0.0833333333333333
389145,mscoco,0.0,0.0,0.0,0.02564102564102564,0.1,1.0,0.1,1.0
537667,mscoco,0.2,0.1111111111111111,0.0,0.0,0.1,0.5,0.1,1.0
352143,mscoco,0.2,0.3333333333333333,0.0,0.020833333333333332,0.1,1.0,0.2,0.5
148,drawbench,0.2,0.25,0.0,0.027777777777777776,0.0,0.0,0.0,0.0
355826,mscoco,0.2,0.25,0.2,0.03333333333333333,0.2,1.0,0.1,1.0
251937,mscoco,1.0,1.0,1.0,0.038461538461538464,0.3,1.0,0.3,1.0
135397,mscoco,0.0,0.0,0.0,0.027777777777777776,0.1,1.0,0.1,1.0
394658,mscoco,0.4,1.0,0.2,0.037037037037037035,0.1,0.3333333333333333,0.1,1.0
485709,mscoco,1.0,1.0,0.4,0.03333333333333333,0.2,1.0,0.1,0.1428571428571428
504167,mscoco,1.0,1.0,0.9,0.038461538461538464,0.1,1.0,0.0,0.0263157894736842
230644,mscoco,0.2,0.2,0.0,0.027777777777777776,0.1,0.1,0.2,0.3333333333333333
83510,mscoco,0.1,0.14285714285714285,0.4,0.038461538461538464,0.1,0.1428571428571428,0.0,0.02
401650,mscoco,0.0,0.0,0.0,0.0,0.1,0.125,0.1,0.2
136411,mscoco,0.7,0.3333333333333333,0.9,0.038461538461538464,0.0,0.037037037037037,0.1,0.1666666666666666
176120,mscoco,0.7,1.0,0.4,0.037037037037037035,0.2,0.1111111111111111,0.3,0.25
348134,mscoco,0.1,0.5,0.0,0.0,0.3,0.5,0.1,1.0
193398,mscoco,0.0,0.07142857142857142,0.1,0.030303030303030304,0.0,0.0833333333333333,0.1,1.0
540774,mscoco,1.0,1.0,1.0,0.038461538461538464,0.6,1.0,0.9,1.0
113211,mscoco,0.2,0.2,0.2,0.037037037037037035,0.1,0.1111111111111111,0.2,1.0
406749,mscoco,0.0,0.0,0.0,0.02040816326530612,0.2,1.0,0.2,1.0
280551,mscoco,0.0,0.0,0.0,0.0,0.1,0.3333333333333333,0.1,1.0
441358,mscoco,0.4,1.0,0.9,0.038461538461538464,0.2,0.2,0.1,0.5
561314,mscoco,1.0,1.0,1.0,0.038461538461538464,0.0,0.0454545454545454,0.6,1.0
130749,mscoco,0.3,0.5,0.2,0.037037037037037035,0.0,0.0769230769230769,0.1,0.3333333333333333
25907,mscoco,0.0,0.0,0.0,0.0,0.1,1.0,0.1,1.0
364157,mscoco,0.0,0.0,0.0,0.0,0.3,1.0,0.3,0.3333333333333333
327529,mscoco,0.0,0.07142857142857142,0.5,0.038461538461538464,0.1,1.0,0.1,0.3333333333333333
214087,mscoco,0.5,1.0,0.0,0.0,0.1,0.25,0.1,1.0
253763,mscoco,0.6,0.5,0.7,0.03571428571428571,0.1,1.0,0.1,1.0
298065,mscoco,0.0,0.0,0.0,0.0,0.1,1.0,0.1,1.0
305803,mscoco,1.0,1.0,1.0,0.038461538461538464,0.0,0.0151515151515151,0.0,0.0454545454545454
173,drawbench,0.0,0.0,0.9,0.038461538461538464,0.0,0.0,0.0,0.0
458339,mscoco,0.5,1.0,0.8,0.03571428571428571,0.0,0.0833333333333333,0.1,0.5
428326,mscoco,0.3,0.16666666666666666,0.5,0.038461538461538464,0.0,0.0181818181818181,0.0,0.0103092783505154
530201,mscoco,1.0,1.0,0.9,0.038461538461538464,0.1,1.0,0.1,1.0
59039,mscoco,1.0,1.0,1.0,0.038461538461538464,0.3,1.0,0.7,0.5
333738,mscoco,1.0,1.0,1.0,0.038461538461538464,0.6,0.5,1.0,1.0
132081,mscoco,0.1,0.2,0.1,0.030303030303030304,0.1,0.25,0.1,0.5
26573,mscoco,0.9,1.0,1.0,0.038461538461538464,0.3,1.0,0.4,0.3333333333333333
115893,mscoco,0.9,1.0,0.9,0.038461538461538464,0.2,1.0,0.4,1.0
49542,mscoco,1.0,1.0,1.0,0.038461538461538464,0.5,0.25,0.5,0.5
212864,mscoco,0.0,0.0,0.1,0.029411764705882353,0.0,0.0454545454545454,0.0,0.0075187969924812
32967,mscoco,0.4,1.0,0.3,0.034482758620689655,0.0,0.0015037593984962,0.2,0.2
98642,mscoco,0.0,0.0,0.0,0.0,0.1,0.3333333333333333,0.1,1.0
183719,mscoco,0.7,1.0,1.0,0.038461538461538464,0.0,0.0060240963855421,0.0,0.006060606060606
401307,mscoco,0.9,1.0,0.9,0.038461538461538464,0.2,1.0,0.3,1.0
467612,mscoco,1.0,1.0,1.0,0.038461538461538464,0.6,0.5,0.4,0.3333333333333333
36034,mscoco,0.1,0.14285714285714285,0.2,0.03571428571428571,0.2,1.0,0.1,0.2
216378,mscoco,0.4,0.3333333333333333,0.6,0.03571428571428571,0.1,0.5,0.1,1.0
360441,mscoco,0.3,0.5,0.5,0.03571428571428571,0.1,0.1666666666666666,0.1,0.1428571428571428
75057,mscoco,0.7,1.0,1.0,0.038461538461538464,0.3,1.0,0.6,1.0
53870,mscoco,0.4,1.0,0.2,0.037037037037037035,0.1,0.1428571428571428,0.0,0.0161290322580645
253323,mscoco,0.5,1.0,0.5,0.03571428571428571,0.2,0.1666666666666666,0.3,0.5
433270,mscoco,0.5,0.3333333333333333,0.7,0.037037037037037035,0.2,0.125,0.3,1.0
176758,mscoco,0.5,0.25,0.9,0.038461538461538464,0.1,0.2,0.2,1.0
420396,mscoco,0.0,0.0,0.0,0.02631578947368421,0.1,0.1428571428571428,0.1,1.0
365792,mscoco,0.9,1.0,0.9,0.038461538461538464,0.3,0.5,0.3,1.0
564382,mscoco,0.0,0.0,0.0,0.0,0.1,0.5,0.1,1.0
180667,mscoco,0.1,0.125,0.1,0.03333333333333333,0.1,1.0,0.0,0.0020242914979757
154399,mscoco,0.3,0.3333333333333333,0.9,0.038461538461538464,0.1,0.2,0.0,0.0833333333333333
576537,mscoco,0.7,0.5,1.0,0.038461538461538464,0.2,1.0,0.4,1.0
18194,mscoco,0.0,0.08333333333333333,0.3,0.038461538461538464,0.1,0.1666666666666666,0.2,0.5
278243,mscoco,0.3,0.25,0.1,0.029411764705882353,0.1,0.5,0.1,0.5
253728,mscoco,0.5,0.3333333333333333,0.8,0.037037037037037035,0.1,1.0,0.1,1.0
306229,mscoco,0.9,1.0,1.0,0.038461538461538464,0.6,1.0,0.8,1.0
413277,mscoco,1.0,1.0,1.0,0.038461538461538464,0.1,0.1428571428571428,0.5,1.0
86951,mscoco,0.4,1.0,0.6,0.037037037037037035,0.5,1.0,0.8,1.0
489942,mscoco,0.1,0.3333333333333333,0.1,0.03571428571428571,0.1,1.0,0.1,1.0
199141,mscoco,1.0,1.0,0.7,0.038461538461538464,0.4,0.5,0.5,0.5
170336,mscoco,0.6,0.5,0.8,0.037037037037037035,0.1,0.3333333333333333,0.2,0.2
89549,mscoco,0.8,1.0,0.3,0.037037037037037035,0.0,0.0909090909090909,0.1,1.0
372246,mscoco,0.1,0.1,0.1,0.03333333333333333,0.1,1.0,0.1,1.0
535563,mscoco,0.1,0.14285714285714285,0.3,0.03225806451612903,0.1,1.0,0.1,1.0
228222,mscoco,0.8,1.0,0.7,0.037037037037037035,0.4,0.5,0.6,1.0
195353,mscoco,0.8,0.3333333333333333,1.0,0.038461538461538464,0.4,0.3333333333333333,0.5,1.0
58624,mscoco,0.3,0.5,0.4,0.038461538461538464,0.1,0.5,0.1,1.0
268900,mscoco,0.2,0.5,0.4,0.03225806451612903,0.1,0.125,0.1,0.25
161019,mscoco,1.0,1.0,1.0,0.038461538461538464,0.2,0.3333333333333333,0.4,1.0
379035,mscoco,0.4,0.5,0.4,0.034482758620689655,0.0,0.0123456790123456,0.2,0.25
172276,mscoco,1.0,1.0,1.0,0.038461538461538464,0.1,0.1428571428571428,0.1,0.1111111111111111
271120,mscoco,0.8,1.0,0.8,0.038461538461538464,0.0,0.0555555555555555,0.1,0.1111111111111111
180445,mscoco,0.0,0.0,0.0,0.0,0.2,1.0,0.2,1.0
284362,mscoco,0.2,0.16666666666666666,0.7,0.038461538461538464,0.0,0.0384615384615384,0.1,1.0
466656,mscoco,0.7,1.0,0.7,0.038461538461538464,0.5,1.0,0.5,1.0
271360,mscoco,0.0,0.045454545454545456,0.0,0.027777777777777776,0.1,1.0,0.0,0.0001578033769922
429290,mscoco,0.5,0.3333333333333333,1.0,0.038461538461538464,0.0,0.0238095238095238,0.0,0.0769230769230769
464649,mscoco,1.0,1.0,0.9,0.038461538461538464,0.0,0.0666666666666666,0.0,0.02
118260,mscoco,0.2,0.3333333333333333,0.2,0.037037037037037035,0.0,0.0263157894736842,0.0,0.0120481927710843
337062,mscoco,0.1,0.25,0.7,0.037037037037037035,0.0,0.0625,0.4,0.5
249049,mscoco,0.7,0.5,0.7,0.038461538461538464,0.2,0.3333333333333333,0.1,1.0
497542,mscoco,0.0,0.0,0.0,0.0,0.0,0.0123456790123456,0.1,0.5
400940,mscoco,0.9,1.0,0.9,0.038461538461538464,0.1,0.3333333333333333,0.1,0.5
254753,mscoco,0.2,0.14285714285714285,0.4,0.03333333333333333,0.1,0.2,0.1,1.0
550157,mscoco,0.9,1.0,0.8,0.038461538461538464,0.4,1.0,0.5,1.0
113905,mscoco,0.6,1.0,0.9,0.038461538461538464,0.1,0.2,0.3,1.0
471881,mscoco,0.1,0.16666666666666666,0.1,0.03571428571428571,0.1,1.0,0.1,1.0
524187,mscoco,1.0,1.0,1.0,0.038461538461538464,0.1,0.1111111111111111,0.4,1.0
354409,mscoco,0.3,0.5,0.0,0.0,0.1,1.0,0.1,1.0
36713,mscoco,0.1,0.5,0.5,0.03571428571428571,0.1,1.0,0.1,0.5
421005,mscoco,0.5,0.5,0.7,0.037037037037037035,0.2,0.25,0.2,1.0
504639,mscoco,0.9,1.0,1.0,0.038461538461538464,0.7,1.0,0.8,1.0
356660,mscoco,1.0,1.0,0.8,0.038461538461538464,0.1,0.1111111111111111,0.2,0.2
1792,mscoco,1.0,1.0,1.0,0.038461538461538464,0.7,1.0,1.0,1.0
30409,mscoco,0.6,1.0,1.0,0.038461538461538464,0.0,0.0142857142857142,0.1,1.0
254060,mscoco,0.6,1.0,0.8,0.038461538461538464,0.1,0.1111111111111111,0.3,1.0
169340,mscoco,0.5,1.0,0.7,0.038461538461538464,0.1,0.3333333333333333,0.1,1.0
42513,mscoco,0.1,0.14285714285714285,0.5,0.03571428571428571,0.1,1.0,0.2,0.1428571428571428
402887,mscoco,0.9,1.0,0.8,0.038461538461538464,0.1,0.3333333333333333,0.1,0.5
96435,mscoco,0.0,0.0,0.0,0.0,0.1,1.0,0.1,1.0
441541,mscoco,0.0,0.0625,0.1,0.030303030303030304,0.0,0.0833333333333333,0.0,0.0333333333333333
51663,mscoco,0.4,1.0,0.9,0.038461538461538464,0.1,0.1111111111111111,0.1,0.2
474271,mscoco,0.1,0.5,0.2,0.03333333333333333,0.1,1.0,0.1,1.0
72702,mscoco,0.7,1.0,0.9,0.038461538461538464,0.1,1.0,0.1,1.0
182793,mscoco,0.8,1.0,1.0,0.038461538461538464,0.0,0.0113636363636363,0.0,0.0434782608695652
21795,mscoco,0.9,1.0,0.4,0.038461538461538464,0.1,1.0,0.1,1.0
566672,mscoco,0.9,1.0,0.9,0.038461538461538464,0.2,0.25,0.5,1.0
2664,mscoco,0.2,0.3333333333333333,0.4,0.037037037037037035,0.0,0.0625,0.0,0.0476190476190476
333241,mscoco,0.0,0.0,0.0,0.0,0.1,1.0,0.1,0.3333333333333333
353402,mscoco,0.4,0.3333333333333333,0.8,0.038461538461538464,0.0,0.0285714285714285,0.1,0.5
18252,mscoco,1.0,1.0,0.9,0.037037037037037035,0.6,1.0,1.0,1.0
387352,mscoco,0.1,0.1,1.0,0.038461538461538464,0.1,0.5,0.3,0.5
198085,mscoco,1.0,1.0,1.0,0.038461538461538464,0.1,0.1428571428571428,0.1,0.5
246625,mscoco,1.0,1.0,1.0,0.038461538461538464,0.5,0.3333333333333333,0.7,1.0
420045,mscoco,1.0,1.0,1.0,0.038461538461538464,0.0,0.0303030303030303,0.0,0.0714285714285714
398225,mscoco,0.2,0.25,0.4,0.03333333333333333,0.1,0.3333333333333333,0.0,0.0909090909090909
132964,mscoco,1.0,1.0,1.0,0.038461538461538464,0.6,1.0,0.9,1.0
344632,mscoco,0.0,0.0,0.0,0.0,0.0,0.0285714285714285,0.0,0.0434782608695652
508045,mscoco,0.4,1.0,0.6,0.038461538461538464,0.3,1.0,0.2,1.0
236936,mscoco,0.0,0.0,0.0,0.0,0.0,0.0526315789473684,0.1,1.0
110330,mscoco,0.2,0.2,0.1,0.030303030303030304,0.1,0.5,0.1,0.2
19292,mscoco,0.8,0.3333333333333333,1.0,0.038461538461538464,0.4,0.2,0.4,1.0
19,drawbench,0.1,0.5,0.0,0.0,0.0,0.0,0.0,0.0
345294,mscoco,0.7,0.5,0.6,0.038461538461538464,0.1,0.125,0.2,1.0
250424,mscoco,0.0,0.0,0.0,0.022222222222222223,0.0,0.0136986301369863,0.1,1.0
50583,mscoco,0.0,0.0,0.0,0.0,0.2,0.5,0.2,0.5
230879,mscoco,0.8,0.5,1.0,0.038461538461538464,0.0,0.04,0.0,0.0833333333333333
168609,mscoco,0.1,0.14285714285714285,0.2,0.038461538461538464,0.0,0.0121951219512195,0.1,1.0
175923,mscoco,0.1,0.1,0.3,0.03333333333333333,0.3,0.3333333333333333,0.3,0.2
530248,mscoco,0.4,0.5,0.4,0.037037037037037035,0.2,1.0,0.0,0.0294117647058823
421009,mscoco,0.5,0.5,1.0,0.038461538461538464,0.0,0.0666666666666666,0.1,0.5
450974,mscoco,0.1,0.14285714285714285,0.5,0.034482758620689655,0.1,0.125,0.2,1.0
34922,mscoco,0.1,0.3333333333333333,0.1,0.030303030303030304,0.0,0.0625,0.2,0.5
134454,mscoco,0.8,1.0,1.0,0.038461538461538464,0.3,1.0,0.3,0.5
91960,mscoco,0.2,0.5,0.1,0.038461538461538464,0.0,0.03125,0.0,0.0238095238095238
570203,mscoco,0.5,0.3333333333333333,0.7,0.038461538461538464,0.1,0.125,0.5,1.0
46506,mscoco,0.0,0.0,0.0,0.0,0.0,0.0285714285714285,0.1,0.1428571428571428
460202,mscoco,0.1,0.125,0.1,0.030303030303030304,0.3,1.0,0.3,0.5
358566,mscoco,0.3,0.16666666666666666,0.6,0.038461538461538464,0.2,0.5,0.6,0.3333333333333333
205206,mscoco,0.0,0.07142857142857142,0.0,0.021739130434782608,0.1,0.5,0.0,0.01
342273,mscoco,0.1,0.1,0.1,0.03333333333333333,0.1,0.3333333333333333,0.1,0.1428571428571428
550466,mscoco,0.4,0.5,0.9,0.038461538461538464,0.3,1.0,0.5,1.0
303281,mscoco,1.0,1.0,1.0,0.038461538461538464,0.8,1.0,0.9,1.0
464787,mscoco,0.0,0.0,0.0,0.0,0.0,0.0625,0.1,0.5
382210,mscoco,0.9,1.0,0.8,0.038461538461538464,0.0,0.0078740157480314,0.0,0.0217391304347826
78413,mscoco,0.1,1.0,0.2,0.037037037037037035,0.1,1.0,0.1,0.5
241530,mscoco,0.1,0.1111111111111111,0.3,0.037037037037037035,0.0,0.0185185185185185,0.0,0.0666666666666666
165419,mscoco,1.0,1.0,1.0,0.038461538461538464,0.4,1.0,0.8,1.0
152776,mscoco,0.0,0.08333333333333333,0.0,0.02631578947368421,0.1,1.0,0.1,1.0
103320,mscoco,0.9,1.0,0.9,0.038461538461538464,0.1,0.25,0.0,0.0714285714285714
391011,mscoco,1.0,1.0,1.0,0.038461538461538464,0.6,1.0,1.0,1.0
36281,mscoco,0.0,0.0,0.1,0.03125,0.1,1.0,0.1,1.0
485016,mscoco,0.0,0.07692307692307693,0.6,0.038461538461538464,0.0,0.0112359550561797,0.0,0.0833333333333333
524392,mscoco,1.0,1.0,1.0,0.038461538461538464,1.0,1.0,0.9,1.0
299123,mscoco,0.7,1.0,0.7,0.037037037037037035,0.4,1.0,0.6,0.5
211905,mscoco,0.0,0.0,0.0,0.0,0.1,1.0,0.1,1.0
231381,mscoco,0.9,1.0,1.0,0.038461538461538464,0.3,0.5,0.5,1.0
433896,mscoco,0.0,0.0,0.0,0.0,0.1,1.0,0.1,1.0
284259,mscoco,0.2,0.25,0.6,0.037037037037037035,0.2,1.0,0.1,1.0
540283,mscoco,1.0,1.0,0.8,0.038461538461538464,0.2,1.0,0.0,0.0769230769230769
425010,mscoco,0.9,1.0,0.3,0.038461538461538464,0.2,1.0,0.4,1.0
170525,mscoco,1.0,1.0,1.0,0.038461538461538464,0.0,0.0434782608695652,0.2,0.125
432216,mscoco,0.0,0.0,0.0,0.027777777777777776,0.1,0.2,0.1,0.3333333333333333
142402,mscoco,0.0,0.0,0.0,0.0,0.1,1.0,0.1,0.125
90820,mscoco,0.2,0.5,0.2,0.038461538461538464,0.0,0.04,0.0,0.0833333333333333
208961,mscoco,0.0,0.0,0.0,0.02631578947368421,0.1,1.0,0.1,1.0
140623,mscoco,0.4,0.5,0.8,0.037037037037037035,0.3,1.0,0.3,0.3333333333333333
312015,mscoco,1.0,1.0,0.8,0.038461538461538464,0.3,0.5,0.2,0.3333333333333333
388399,mscoco,0.9,1.0,0.7,0.038461538461538464,0.2,0.3333333333333333,0.1,0.25
126659,mscoco,0.3,0.5,0.8,0.038461538461538464,0.2,0.2,0.4,0.25
234990,mscoco,0.4,0.2,0.5,0.03225806451612903,0.0,0.04,0.2,0.1111111111111111
212445,mscoco,1.0,1.0,0.9,0.038461538461538464,0.9,1.0,1.0,1.0
540885,mscoco,0.9,1.0,1.0,0.038461538461538464,0.3,1.0,0.5,1.0
276417,mscoco,0.9,1.0,1.0,0.038461538461538464,0.1,0.2,0.2,0.1111111111111111
46173,mscoco,0.2,0.16666666666666666,0.2,0.030303030303030304,0.1,0.3333333333333333,0.0,0.0188679245283018
53641,mscoco,0.3,0.3333333333333333,0.3,0.03125,0.2,0.5,0.2,0.1666666666666666
367332,mscoco,1.0,1.0,1.0,0.038461538461538464,0.3,1.0,0.6,1.0
527134,mscoco,0.3,0.3333333333333333,0.4,0.037037037037037035,0.1,0.3333333333333333,0.1,0.1666666666666666
263970,mscoco,0.0,0.0,0.1,0.03333333333333333,0.0,0.006060606060606,0.1,1.0
485696,mscoco,0.0,0.0,0.1,0.030303030303030304,0.1,1.0,0.1,1.0
118870,mscoco,0.0,0.0,0.0,0.0,0.0,0.0909090909090909,0.1,0.5
11332,mscoco,0.9,1.0,1.0,0.038461538461538464,0.0,0.0625,0.5,1.0
365523,mscoco,0.3,1.0,0.3,0.038461538461538464,0.1,0.3333333333333333,0.1,1.0
479035,mscoco,0.0,0.0,0.0,0.0,0.1,0.1428571428571428,0.0,0.0294117647058823
416098,mscoco,0.1,1.0,0.4,0.037037037037037035,0.1,0.5,0.5,1.0
13284,mscoco,0.0,0.0,0.0,0.0,0.1,1.0,0.1,1.0
110435,mscoco,0.0,0.0,0.0,0.022222222222222223,0.1,1.0,0.1,1.0
116694,mscoco,0.6,1.0,0.8,0.038461538461538464,0.1,0.3333333333333333,0.0,0.037037037037037
244410,mscoco,0.7,1.0,1.0,0.038461538461538464,0.3,1.0,1.0,1.0
428992,mscoco,0.0,0.0,0.0,0.0,0.2,1.0,0.6,1.0
337902,mscoco,0.5,0.3333333333333333,0.3,0.03225806451612903,0.8,1.0,0.9,1.0
546074,mscoco,0.1,0.16666666666666666,0.0,0.02702702702702703,0.0,0.04,0.1,1.0
70033,mscoco,0.0,0.0,0.0,0.0,0.6,1.0,0.6,1.0
149268,mscoco,0.5,0.25,0.9,0.038461538461538464,0.0,0.0476190476190476,0.3,0.3333333333333333
431370,mscoco,0.3,0.25,0.8,0.038461538461538464,0.1,0.125,0.2,0.3333333333333333
254387,mscoco,0.0,0.0,0.0,0.0,0.2,0.1428571428571428,0.5,0.3333333333333333
177349,mscoco,0.0,0.0,0.0,0.0,0.1,0.3333333333333333,0.1,0.1666666666666666
287186,mscoco,0.7,1.0,0.9,0.038461538461538464,0.0,0.0769230769230769,0.1,0.125
328284,mscoco,0.8,0.5,0.9,0.038461538461538464,0.1,0.25,0.1,1.0
50409,mscoco,0.0,0.0,0.3,0.03571428571428571,0.0,0.032258064516129,0.1,0.1111111111111111
399183,mscoco,0.2,0.25,0.8,0.037037037037037035,0.1,0.1111111111111111,0.6,0.5
76589,mscoco,0.0,0.05,0.1,0.029411764705882353,0.2,1.0,0.3,1.0
534965,mscoco,0.3,1.0,0.0,0.022727272727272728,0.1,0.25,0.0,0.0833333333333333
295759,mscoco,0.1,0.3333333333333333,0.0,0.027777777777777776,0.0,0.0037735849056603,0.0,0.0526315789473684
131725,mscoco,0.0,0.0,0.0,0.0,0.0,0.0588235294117647,0.1,1.0
214123,mscoco,0.3,1.0,0.4,0.038461538461538464,0.1,1.0,0.0,0.0625
433075,mscoco,0.0,0.04,0.0,0.023809523809523808,0.1,1.0,0.1,0.1666666666666666
21260,mscoco,0.2,0.16666666666666666,0.1,0.02857142857142857,0.0,0.0098039215686274,0.1,0.2
312870,mscoco,0.9,1.0,1.0,0.038461538461538464,0.0,0.0476190476190476,0.1,0.25
6824,mscoco,1.0,1.0,1.0,0.038461538461538464,0.7,0.25,0.8,1.0
368014,mscoco,1.0,1.0,0.9,0.038461538461538464,0.3,0.3333333333333333,0.3,1.0
227772,mscoco,0.0,0.043478260869565216,0.0,0.02702702702702703,0.1,0.1666666666666666,0.3,0.25
276671,mscoco,1.0,1.0,1.0,0.038461538461538464,0.2,0.3333333333333333,0.6,0.5
74894,mscoco,0.9,1.0,1.0,0.038461538461538464,0.3,1.0,0.5,1.0
395170,mscoco,0.8,1.0,0.8,0.038461538461538464,0.4,0.5,0.6,1.0
362521,mscoco,0.9,1.0,0.9,0.038461538461538464,0.0,0.02,0.1,0.2
543838,mscoco,0.0,0.0,0.0,0.0,0.1,1.0,0.1,0.3333333333333333
385580,mscoco,0.0,0.07692307692307693,0.1,0.030303030303030304,0.0,0.0153846153846153,0.0,0.0714285714285714
448131,mscoco,0.4,1.0,0.6,0.038461538461538464,0.1,0.2,0.6,1.0
33702,mscoco,0.7,1.0,1.0,0.038461538461538464,0.0,0.0555555555555555,0.0,0.0769230769230769
109522,mscoco,1.0,1.0,0.9,0.038461538461538464,0.0,0.0416666666666666,0.0,0.0256410256410256
268444,mscoco,0.6,1.0,0.7,0.038461538461538464,0.2,0.5,0.3,1.0
526105,mscoco,0.5,0.3333333333333333,0.5,0.038461538461538464,0.0,0.0714285714285714,0.0,0.0833333333333333
538709,mscoco,0.0,0.08333333333333333,0.1,0.02857142857142857,0.1,0.1666666666666666,0.2,0.5
455856,mscoco,0.0,0.0,0.0,0.0,0.1,0.5,0.1,0.5
246878,mscoco,0.7,1.0,1.0,0.038461538461538464,0.0,0.0142857142857142,0.4,0.5
361472,mscoco,0.0,0.0,0.0,0.02564102564102564,0.0,0.0384615384615384,0.1,1.0
422240,mscoco,0.0,0.04,0.1,0.03333333333333333,0.1,1.0,0.1,1.0
233073,mscoco,0.3,0.25,0.1,0.03333333333333333,0.1,0.3333333333333333,0.1,1.0
340621,mscoco,1.0,1.0,1.0,0.038461538461538464,0.4,1.0,0.6,1.0
422804,mscoco,0.0,0.0,0.0,0.0,0.1,0.1666666666666666,0.1,1.0
440762,mscoco,0.8,1.0,1.0,0.038461538461538464,0.1,0.125,0.1,0.1
165907,mscoco,0.9,1.0,0.9,0.038461538461538464,0.4,0.5,0.6,1.0
540006,mscoco,0.0,0.0,0.0,0.0,0.1,0.1111111111111111,0.1,1.0
300267,mscoco,0.4,0.5,0.5,0.034482758620689655,0.5,0.5,0.3,1.0
413852,mscoco,0.8,0.5,1.0,0.038461538461538464,0.4,0.25,0.7,1.0
360975,mscoco,1.0,1.0,0.8,0.038461538461538464,0.4,0.25,0.3,1.0
211909,mscoco,0.7,1.0,1.0,0.038461538461538464,0.6,1.0,0.8,1.0
66389,mscoco,0.4,1.0,0.4,0.03333333333333333,0.0,0.0030395136778115,0.0,0.0025575447570332
13285,mscoco,0.0,0.07692307692307693,0.2,0.038461538461538464,0.0,0.009009009009009,0.0,0.0026178010471204
573922,mscoco,0.6,1.0,0.8,0.038461538461538464,0.1,0.125,0.4,1.0
62619,mscoco,0.0,0.045454545454545456,0.6,0.037037037037037035,0.1,0.1,0.1,1.0
168563,mscoco,0.6,1.0,0.6,0.038461538461538464,0.2,0.25,0.2,0.5
178504,mscoco,0.0,0.0,0.4,0.037037037037037035,0.0,0.0909090909090909,0.1,1.0
176174,mscoco,0.7,1.0,0.6,0.037037037037037035,0.1,0.1666666666666666,0.1,0.5
60903,mscoco,0.7,1.0,0.9,0.038461538461538464,0.1,0.1111111111111111,0.2,1.0
80554,mscoco,0.4,0.3333333333333333,0.9,0.038461538461538464,0.0,0.0714285714285714,0.2,0.3333333333333333
494852,mscoco,0.2,0.3333333333333333,0.5,0.038461538461538464,0.4,1.0,0.3,1.0
272832,mscoco,0.0,0.0,0.0,0.027777777777777776,0.1,0.3333333333333333,0.1,1.0
497002,mscoco,0.0,0.05,0.0,0.0,0.1,0.5,0.0,0.0526315789473684
473918,mscoco,0.0,0.07692307692307693,0.0,0.02564102564102564,0.0,0.0454545454545454,0.1,0.5
78681,mscoco,0.7,1.0,0.7,0.038461538461538464,0.5,1.0,0.5,1.0
261323,mscoco,0.2,0.3333333333333333,0.4,0.038461538461538464,0.0,0.0476190476190476,0.1,1.0
489482,mscoco,0.5,0.5,0.2,0.034482758620689655,0.0,0.0909090909090909,0.1,0.5
513966,mscoco,0.0,0.09090909090909091,0.2,0.03225806451612903,0.1,0.2,0.0,0.04
326202,mscoco,0.5,1.0,0.6,0.038461538461538464,0.3,1.0,0.3,1.0
394159,mscoco,0.7,1.0,0.7,0.038461538461538464,0.1,0.3333333333333333,0.2,0.3333333333333333
392320,mscoco,0.8,1.0,0.6,0.038461538461538464,0.7,1.0,0.6,1.0
428301,mscoco,1.0,1.0,0.9,0.038461538461538464,0.3,1.0,0.3,1.0
304217,mscoco,0.4,1.0,0.3,0.03571428571428571,0.0,0.0217391304347826,0.0,0.0133333333333333
332131,mscoco,1.0,1.0,1.0,0.038461538461538464,0.6,1.0,0.7,1.0
316336,mscoco,0.4,0.5,0.5,0.03571428571428571,0.1,0.3333333333333333,0.1,1.0
575331,mscoco,0.0,0.08333333333333333,0.0,0.0,0.0,0.0476190476190476,0.1,1.0
357578,mscoco,0.8,0.5,1.0,0.038461538461538464,0.0,0.0625,0.2,0.25
201714,mscoco,1.0,1.0,0.9,0.038461538461538464,0.5,1.0,0.3,1.0
76899,mscoco,0.9,1.0,0.7,0.037037037037037035,0.1,0.1666666666666666,0.0,0.0175438596491228
461445,mscoco,1.0,1.0,1.0,0.038461538461538464,0.2,0.3333333333333333,0.1,1.0
317431,mscoco,1.0,1.0,1.0,0.038461538461538464,0.9,1.0,0.9,1.0
74,drawbench,0.6,1.0,0.6,0.038461538461538464,0.0,0.0128205128205128,0.0,0.0181818181818181
413172,mscoco,0.2,1.0,0.4,0.038461538461538464,0.1,0.1428571428571428,0.4,0.3333333333333333
346754,mscoco,0.0,0.045454545454545456,0.0,0.0,0.0,0.0038167938931297,0.0,0.0014245014245014
142349,mscoco,0.9,1.0,0.9,0.038461538461538464,0.1,0.1666666666666666,0.3,0.25
495947,mscoco,0.6,0.5,0.8,0.038461538461538464,0.0,0.0454545454545454,0.0,0.0416666666666666
105344,mscoco,0.8,0.5,1.0,0.038461538461538464,0.2,0.25,0.5,1.0
466024,mscoco,1.0,1.0,1.0,0.038461538461538464,0.7,1.0,1.0,1.0
579165,mscoco,0.1,0.14285714285714285,0.3,0.03571428571428571,0.1,0.2,0.0,0.0256410256410256
323868,mscoco,0.5,1.0,1.0,0.038461538461538464,0.1,0.1666666666666666,0.7,1.0
119947,mscoco,0.4,0.25,0.7,0.038461538461538464,0.1,1.0,0.1,0.5
536201,mscoco,0.3,0.25,0.3,0.037037037037037035,0.1,1.0,0.1,1.0
151432,mscoco,1.0,1.0,1.0,0.038461538461538464,0.5,1.0,0.3,0.3333333333333333
50972,mscoco,0.2,1.0,0.2,0.03571428571428571,0.2,1.0,0.2,0.3333333333333333
222361,mscoco,0.6,0.3333333333333333,0.6,0.037037037037037035,0.4,0.25,0.7,1.0
183,drawbench,0.1,0.1,0.0,0.0,0.0,0.0,0.0,0.0
356654,mscoco,0.1,0.1,0.1,0.02857142857142857,0.1,1.0,0.0,0.0526315789473684
12377,mscoco,0.0,0.0,0.0,0.0,0.1,0.25,0.1,1.0
62589,mscoco,0.9,1.0,0.8,0.038461538461538464,0.4,1.0,0.5,1.0
175,drawbench,0.0,0.045454545454545456,0.1,0.029411764705882353,0.0,0.0,0.0,0.0
97569,mscoco,0.0,0.0,0.0,0.0,0.1,0.1111111111111111,0.2,0.3333333333333333
118342,mscoco,1.0,1.0,1.0,0.038461538461538464,0.5,1.0,0.7,0.5
226348,mscoco,0.1,0.2,0.2,0.034482758620689655,0.1,0.5,0.1,1.0
507833,mscoco,0.0,0.0,0.0,0.0,0.1,1.0,0.1,1.0
509503,mscoco,0.6,0.25,0.6,0.038461538461538464,0.4,1.0,0.3,0.5
265447,mscoco,0.6,1.0,0.7,0.03571428571428571,0.6,1.0,0.6,1.0
39398,mscoco,1.0,1.0,1.0,0.038461538461538464,0.1,0.5,0.2,1.0
475667,mscoco,0.9,1.0,0.9,0.038461538461538464,0.3,0.3333333333333333,0.3,0.5
110829,mscoco,0.1,0.1,0.1,0.030303030303030304,0.0,0.0434782608695652,0.2,1.0
423830,mscoco,0.8,1.0,1.0,0.038461538461538464,0.1,0.125,0.2,1.0
159567,mscoco,0.5,0.16666666666666666,0.7,0.038461538461538464,0.1,1.0,0.0,0.003012048192771
67422,mscoco,1.0,1.0,1.0,0.038461538461538464,0.3,0.5,0.3,0.5
449210,mscoco,1.0,1.0,1.0,0.038461538461538464,0.1,0.2,0.4,1.0
561386,mscoco,0.4,0.5,0.9,0.038461538461538464,0.2,0.2,0.2,0.25
136267,mscoco,1.0,1.0,0.8,0.038461538461538464,0.8,1.0,0.6,0.5
147294,mscoco,0.4,0.25,0.8,0.037037037037037035,0.1,0.2,0.2,0.5
127074,mscoco,0.4,1.0,0.8,0.038461538461538464,0.3,1.0,0.6,1.0
355593,mscoco,0.3,1.0,0.3,0.038461538461538464,0.0,0.0005411255411255,0.0,0.0078740157480314
82,drawbench,0.3,0.5,0.6,0.038461538461538464,0.1,0.1666666666666666,0.0,0.032258064516129
97614,mscoco,0.6,1.0,0.7,0.038461538461538464,0.0,0.0196078431372549,0.0,0.0555555555555555
548219,mscoco,0.5,1.0,0.3,0.038461538461538464,0.4,0.5,0.4,1.0
232031,mscoco,0.0,0.0,0.0,0.0,0.1,0.5,0.0,0.0526315789473684
212047,mscoco,0.0,0.047619047619047616,0.0,0.024390243902439025,0.1,1.0,0.1,1.0
532520,mscoco,0.1,0.1111111111111111,0.2,0.034482758620689655,0.2,0.3333333333333333,0.1,0.25
202923,mscoco,0.9,1.0,1.0,0.038461538461538464,0.4,0.25,0.3,0.1666666666666666
32675,mscoco,0.7,1.0,0.8,0.038461538461538464,0.1,1.0,0.1,1.0
280112,mscoco,1.0,1.0,0.8,0.038461538461538464,0.3,0.3333333333333333,0.2,1.0
230982,mscoco,0.0,0.09090909090909091,0.1,0.03125,0.1,0.5,0.0,0.0714285714285714
104340,mscoco,0.0,0.058823529411764705,0.0,0.0,0.0,0.0256410256410256,0.1,1.0
444912,mscoco,0.0,0.0,0.0,0.0,0.0,0.0833333333333333,0.1,0.1666666666666666
210071,mscoco,0.2,1.0,0.2,0.03571428571428571,0.9,1.0,1.0,1.0
541203,mscoco,0.2,0.125,0.4,0.03571428571428571,0.1,0.1,0.2,1.0
64626,mscoco,0.3,1.0,0.7,0.038461538461538464,0.1,0.1111111111111111,0.0,0.0555555555555555
224060,mscoco,0.8,1.0,0.8,0.038461538461538464,0.1,1.0,0.1,1.0
411028,mscoco,0.7,0.5,0.9,0.038461538461538464,0.4,1.0,0.5,1.0
228712,mscoco,0.1,1.0,0.0,0.025,0.1,0.125,0.0,0.0256410256410256
170365,mscoco,1.0,1.0,1.0,0.038461538461538464,0.0,0.0769230769230769,0.1,0.125
346403,mscoco,0.8,1.0,1.0,0.038461538461538464,0.0,0.0163934426229508,0.2,1.0
265597,mscoco,1.0,1.0,1.0,0.038461538461538464,1.0,1.0,0.9,0.5
11504,mscoco,0.3,0.125,0.2,0.03125,0.1,0.125,0.2,0.3333333333333333
546010,mscoco,0.1,0.5,0.1,0.038461538461538464,0.1,1.0,0.1,0.5
287003,mscoco,0.9,1.0,1.0,0.038461538461538464,0.1,1.0,0.3,0.5
485406,mscoco,0.6,1.0,1.0,0.038461538461538464,0.0,0.0416666666666666,0.1,1.0
299051,mscoco,0.8,0.5,0.9,0.038461538461538464,0.3,1.0,0.5,1.0
67,drawbench,0.0,0.0,0.0,0.0,0.0,0.0,0.0,0.0
107481,mscoco,1.0,1.0,1.0,0.038461538461538464,0.4,0.3333333333333333,0.5,1.0
160968,mscoco,1.0,1.0,0.9,0.037037037037037035,0.1,0.1428571428571428,0.1,0.3333333333333333
447983,mscoco,0.1,0.1111111111111111,0.4,0.037037037037037035,0.1,1.0,0.1,1.0
192651,mscoco,0.8,1.0,1.0,0.038461538461538464,0.3,0.5,0.5,1.0
341856,mscoco,0.2,1.0,0.5,0.034482758620689655,0.3,0.5,0.2,1.0
45809,mscoco,0.9,1.0,0.9,0.038461538461538464,0.6,1.0,0.6,1.0
552089,mscoco,0.2,0.3333333333333333,0.2,0.03125,0.1,0.1111111111111111,0.1,0.1
24097,mscoco,0.1,0.3333333333333333,0.1,0.03333333333333333,0.1,1.0,0.1,1.0
433451,mscoco,0.7,0.5,0.9,0.038461538461538464,0.0,0.0909090909090909,0.1,0.1666666666666666
547100,mscoco,0.0,0.0,0.0,0.0,0.1,1.0,0.1,1.0
485595,mscoco,0.0,0.058823529411764705,0.0,0.0,0.1,0.5,0.1,1.0
266209,mscoco,0.3,0.25,0.4,0.037037037037037035,0.2,0.3333333333333333,0.8,1.0
559754,mscoco,0.5,1.0,0.4,0.037037037037037035,0.3,0.25,0.5,1.0
253848,mscoco,0.1,0.1,0.0,0.027777777777777776,0.0,0.0434782608695652,0.1,0.1666666666666666
51487,mscoco,0.0,0.0,0.0,0.0,0.1,1.0,0.1,1.0
8725,mscoco,0.6,0.5,1.0,0.038461538461538464,0.0,0.003690036900369,0.0,0.0909090909090909
115,drawbench,0.6,0.5,0.4,0.037037037037037035,0.0,0.0,0.0,0.0
168833,mscoco,0.9,1.0,1.0,0.038461538461538464,0.0,0.02,0.0,0.0357142857142857
248682,mscoco,0.8,0.5,1.0,0.038461538461538464,0.6,0.5,0.8,1.0
488032,mscoco,0.8,1.0,1.0,0.038461538461538464,0.3,1.0,0.6,1.0
24242,mscoco,0.3,0.16666666666666666,0.9,0.038461538461538464,0.0,0.05,0.5,1.0
150546,mscoco,0.3,1.0,0.3,0.038461538461538464,0.1,0.5,0.1,1.0
67563,mscoco,1.0,1.0,1.0,0.038461538461538464,0.2,1.0,0.0,0.0833333333333333
36783,mscoco,0.8,1.0,0.9,0.038461538461538464,0.0,0.0040485829959514,0.1,0.1428571428571428
216015,mscoco,0.9,1.0,0.8,0.038461538461538464,0.2,1.0,0.1,1.0
530904,mscoco,0.1,0.25,0.0,0.020833333333333332,0.3,0.3333333333333333,0.3,1.0
15356,mscoco,0.4,0.25,0.6,0.038461538461538464,0.4,0.3333333333333333,0.4,1.0
213809,mscoco,0.0,0.0,0.0,0.02702702702702703,0.1,1.0,0.1,1.0
407057,mscoco,0.0,0.0,0.0,0.02702702702702703,0.4,1.0,0.3,1.0
229142,mscoco,0.6,1.0,0.5,0.038461538461538464,0.1,0.3333333333333333,0.1,0.1428571428571428
307990,mscoco,1.0,1.0,1.0,0.038461538461538464,0.3,0.25,0.2,0.5
185,drawbench,0.0,0.047619047619047616,0.0,0.0,0.0,0.0,0.0,0.0
318820,mscoco,0.0,0.0,0.0,0.027777777777777776,0.1,1.0,0.1,1.0
575303,mscoco,0.0,0.0,0.1,0.030303030303030304,0.1,1.0,0.1,1.0
578094,mscoco,0.0,0.058823529411764705,0.0,0.027777777777777776,0.4,1.0,0.7,1.0
54611,mscoco,0.9,0.5,1.0,0.038461538461538464,0.2,0.3333333333333333,0.7,1.0
5903,mscoco,0.2,1.0,0.4,0.038461538461538464,0.2,1.0,0.1,1.0
238603,mscoco,1.0,1.0,1.0,0.038461538461538464,0.3,0.1666666666666666,0.7,1.0
113089,mscoco,0.1,0.1111111111111111,0.6,0.037037037037037035,0.1,1.0,0.1,1.0
381759,mscoco,0.0,0.08333333333333333,0.2,0.03333333333333333,0.0,0.0104166666666666,0.1,0.5
486580,mscoco,0.9,1.0,1.0,0.038461538461538464,0.0,0.0434782608695652,0.2,0.25
480720,mscoco,1.0,1.0,1.0,0.038461538461538464,0.6,0.3333333333333333,0.5,1.0
289140,mscoco,0.0,0.0,0.0,0.0,0.1,0.2,0.1,0.3333333333333333
91719,mscoco,1.0,1.0,1.0,0.038461538461538464,0.2,0.3333333333333333,0.8,1.0
8944,mscoco,0.1,0.125,0.0,0.024390243902439025,0.1,0.3333333333333333,0.0,0.0833333333333333
468742,mscoco,0.3,0.2,0.5,0.03571428571428571,0.3,1.0,0.3,1.0
512723,mscoco,1.0,1.0,1.0,0.038461538461538464,0.5,1.0,0.8,1.0
167962,mscoco,1.0,1.0,1.0,0.038461538461538464,0.2,0.1666666666666666,0.4,0.3333333333333333
132161,mscoco,0.1,0.1111111111111111,0.0,0.02127659574468085,0.0,0.0416666666666666,0.1,1.0
260336,mscoco,0.8,1.0,0.9,0.038461538461538464,0.6,1.0,0.8,1.0
320429,mscoco,0.7,0.5,1.0,0.038461538461538464,0.1,0.1,0.2,1.0
465893,mscoco,0.6,0.5,0.9,0.038461538461538464,0.2,0.1666666666666666,0.5,0.3333333333333333
34183,mscoco,0.4,1.0,0.2,0.038461538461538464,0.2,1.0,0.2,1.0
531404,mscoco,0.0,0.0,0.0,0.0,0.0,0.015625,0.1,0.1666666666666666
551651,mscoco,0.6,1.0,0.9,0.037037037037037035,0.1,0.1428571428571428,0.2,0.5
140921,mscoco,0.9,1.0,1.0,0.038461538461538464,0.2,1.0,0.2,1.0
449780,mscoco,0.8,1.0,1.0,0.038461538461538464,0.1,0.1666666666666666,0.0,0.0588235294117647
560326,mscoco,0.3,0.3333333333333333,0.2,0.034482758620689655,0.2,0.5,0.3,1.0
440813,mscoco,0.0,0.0,0.0,0.0,0.1,0.5,0.1,0.25
126,drawbench,0.7,0.5,1.0,0.038461538461538464,0.0,1.321684883889983e-05,0.0,4.428305730227615e-05
44,drawbench,0.8,1.0,1.0,0.038461538461538464,0.0,2.0200795911358907e-05,0.0,0.0002699784017278
174417,mscoco,0.0,0.0,0.0,0.0,0.1,1.0,0.1,0.5
423215,mscoco,0.3,0.3333333333333333,0.8,0.038461538461538464,0.0,0.0017094017094017,0.0,0.0588235294117647
478090,mscoco,0.8,1.0,0.6,0.037037037037037035,0.0,0.0588235294117647,0.1,0.1666666666666666
83034,mscoco,0.0,0.0,0.1,0.03225806451612903,0.1,1.0,0.0,0.0833333333333333
325568,mscoco,0.3,1.0,0.8,0.038461538461538464,0.0,0.0010660980810234,0.0,0.0007107320540156
517603,mscoco,0.4,0.5,0.5,0.038461538461538464,0.4,0.25,0.1,0.2
460287,mscoco,0.0,0.09090909090909091,0.1,0.03125,0.2,1.0,0.2,1.0
337546,mscoco,1.0,1.0,1.0,0.038461538461538464,0.1,0.1111111111111111,0.3,1.0
389491,mscoco,0.9,1.0,1.0,0.038461538461538464,0.0,0.024390243902439,0.2,0.5
557451,mscoco,0.0,0.0,0.0,0.0,0.2,1.0,0.2,1.0
20414,mscoco,0.3,0.16666666666666666,0.3,0.03571428571428571,0.4,1.0,0.7,1.0
402603,mscoco,0.0,0.08333333333333333,0.1,0.03225806451612903,0.1,0.5,0.1,1.0
93116,mscoco,0.1,0.25,0.3,0.034482758620689655,0.3,0.25,0.4,1.0
202143,mscoco,0.6,1.0,1.0,0.038461538461538464,0.4,0.5,0.8,1.0
477526,mscoco,1.0,1.0,1.0,0.038461538461538464,0.2,1.0,0.3,1.0
557388,mscoco,1.0,1.0,1.0,0.038461538461538464,0.5,1.0,0.2,1.0
120254,mscoco,0.7,1.0,0.9,0.038461538461538464,0.1,0.1666666666666666,0.2,0.25
188606,mscoco,0.7,1.0,0.9,0.038461538461538464,0.0,0.037037037037037,0.1,0.1
490336,mscoco,1.0,1.0,1.0,0.038461538461538464,0.1,0.3333333333333333,0.4,0.5
82731,mscoco,0.0,0.045454545454545456,0.0,0.0,0.1,0.1428571428571428,0.1,0.1
46674,mscoco,0.1,0.16666666666666666,0.1,0.03225806451612903,0.1,1.0,0.1,1.0
534366,mscoco,0.4,1.0,0.9,0.038461538461538464,0.2,1.0,0.3,1.0
493774,mscoco,0.0,0.0,0.1,0.037037037037037035,0.0,0.0833333333333333,0.2,0.5
417547,mscoco,0.5,0.5,0.8,0.038461538461538464,0.0,0.0344827586206896,0.0,0.0119047619047619
63556,mscoco,0.0,0.0625,0.2,0.03571428571428571,0.1,0.3333333333333333,0.1,1.0
479036,mscoco,0.2,1.0,0.1,0.037037037037037035,0.4,1.0,0.4,1.0
515424,mscoco,0.9,1.0,1.0,0.038461538461538464,0.2,0.5,0.1,0.25
320899,mscoco,0.5,1.0,0.8,0.038461538461538464,0.1,0.125,0.1,0.125
353378,mscoco,0.2,0.3333333333333333,0.2,0.03571428571428571,0.1,1.0,0.1,1.0
26517,mscoco,1.0,1.0,1.0,0.038461538461538464,0.1,0.2,0.2,1.0
559912,mscoco,1.0,1.0,1.0,0.038461538461538464,0.4,0.2,0.5,1.0
5913,mscoco,0.9,1.0,0.9,0.038461538461538464,0.0,0.0833333333333333,0.0,0.0625
390474,mscoco,0.4,0.5,0.5,0.038461538461538464,0.5,0.5,0.6,1.0
235062,mscoco,0.5,0.5,0.2,0.03571428571428571,0.2,0.3333333333333333,0.2,1.0
313015,mscoco,0.0,0.0,0.0,0.0,0.1,0.2,0.1,1.0
397857,mscoco,0.1,1.0,0.1,0.038461538461538464,0.1,1.0,0.1,1.0
550140,mscoco,0.9,1.0,0.8,0.038461538461538464,0.7,0.25,0.5,0.5
461836,mscoco,0.6,0.5,0.7,0.038461538461538464,0.0,0.0666666666666666,0.0,0.0714285714285714
106,drawbench,0.3,0.5,0.7,0.037037037037037035,0.0,0.02,0.1,0.1666666666666666
81779,mscoco,0.3,0.5,0.3,0.038461538461538464,0.1,0.5,0.1,0.25
215134,mscoco,0.9,0.5,1.0,0.038461538461538464,0.1,0.3333333333333333,0.1,0.25
523309,mscoco,0.0,0.0,0.0,0.0,0.0,0.0833333333333333,0.0,0.0833333333333333
171,drawbench,0.0,0.09090909090909091,0.1,0.029411764705882353,0.0,0.0,0.0,0.0
380500,mscoco,1.0,1.0,0.9,0.038461538461538464,0.0,0.0192307692307692,0.2,1.0
156128,mscoco,0.8,1.0,1.0,0.038461538461538464,0.2,1.0,0.4,1.0
125908,mscoco,0.9,1.0,0.9,0.038461538461538464,0.4,0.5,0.4,0.5
488303,mscoco,0.1,0.1,0.2,0.03225806451612903,0.1,0.3333333333333333,0.0,0.0476190476190476
49725,mscoco,0.2,0.3333333333333333,0.3,0.038461538461538464,0.1,0.5,0.1,0.5
556363,mscoco,0.2,0.5,0.1,0.034482758620689655,0.1,1.0,0.1,0.1428571428571428
279947,mscoco,0.8,0.5,1.0,0.038461538461538464,0.3,0.5,0.6,1.0
139083,mscoco,0.9,1.0,1.0,0.038461538461538464,0.2,0.3333333333333333,0.0,0.0666666666666666
325055,mscoco,0.1,0.25,0.2,0.03333333333333333,0.3,0.25,0.3,0.3333333333333333
483311,mscoco,1.0,1.0,1.0,0.038461538461538464,0.8,1.0,0.8,0.5
206410,mscoco,0.3,0.25,0.5,0.037037037037037035,0.2,1.0,0.0,0.0212765957446808
270290,mscoco,0.1,0.5,0.1,0.03225806451612903,0.3,1.0,0.3,1.0
542937,mscoco,0.7,1.0,0.8,0.038461538461538464,0.2,0.25,0.1,0.2
109178,mscoco,0.4,1.0,0.6,0.037037037037037035,0.9,1.0,1.0,1.0
286116,mscoco,0.0,0.0,0.1,0.034482758620689655,0.2,0.1428571428571428,0.3,1.0
369557,mscoco,0.5,1.0,0.6,0.038461538461538464,0.2,0.5,0.5,1.0
195810,mscoco,0.6,1.0,0.7,0.037037037037037035,0.1,1.0,0.1,0.5
561907,mscoco,0.0,0.0,0.0,0.0,0.0,0.03125,0.0,0.0010604453870625
100083,mscoco,0.2,1.0,0.4,0.037037037037037035,0.9,1.0,0.5,1.0
427113,mscoco,0.5,1.0,0.8,0.038461538461538464,0.3,1.0,0.5,1.0
504670,mscoco,0.1,0.25,0.0,0.02631578947368421,0.0,0.0384615384615384,0.0,0.04
171656,mscoco,0.1,1.0,0.2,0.037037037037037035,0.1,0.1428571428571428,0.1,1.0
337011,mscoco,0.0,0.06666666666666667,0.0,0.021739130434782608,0.0,0.0344827586206896,0.1,0.5
452031,mscoco,0.0,0.0,0.1,0.03571428571428571,0.1,1.0,0.0,0.0769230769230769
59593,mscoco,1.0,1.0,0.9,0.038461538461538464,0.3,0.3333333333333333,0.2,1.0
469894,mscoco,0.4,0.2,0.7,0.038461538461538464,0.1,0.25,0.6,0.5
427688,mscoco,0.8,0.3333333333333333,0.9,0.038461538461538464,0.5,0.2,0.9,1.0
247394,mscoco,0.9,1.0,0.5,0.034482758620689655,0.2,1.0,0.2,0.5
189197,mscoco,1.0,1.0,1.0,0.038461538461538464,0.0,0.024390243902439,0.0,0.0769230769230769
293218,mscoco,0.8,1.0,1.0,0.038461538461538464,0.1,0.25,0.5,1.0
563257,mscoco,1.0,1.0,1.0,0.038461538461538464,0.0,0.0285714285714285,0.1,0.1
188556,mscoco,0.1,0.2,0.4,0.038461538461538464,0.4,1.0,0.6,0.5
544348,mscoco,1.0,1.0,0.6,0.038461538461538464,0.1,1.0,0.1,1.0
492817,mscoco,1.0,1.0,0.9,0.038461538461538464,0.5,1.0,0.2,0.3333333333333333
5614,mscoco,0.2,0.16666666666666666,0.6,0.037037037037037035,0.1,0.1666666666666666,0.6,1.0
58250,mscoco,0.1,1.0,0.2,0.038461538461538464,0.0,0.0212765957446808,0.1,1.0
110348,mscoco,0.7,1.0,0.8,0.038461538461538464,0.8,1.0,0.9,1.0
502179,mscoco,0.5,0.2,0.8,0.038461538461538464,0.0,0.0476190476190476,0.0,0.0833333333333333
357948,mscoco,0.0,0.0,0.0,0.0,0.1,1.0,0.1,0.5
293081,mscoco,1.0,1.0,1.0,0.038461538461538464,0.3,0.5,0.6,0.5
531883,mscoco,0.0,0.0,0.0,0.0,0.2,1.0,0.2,1.0
241911,mscoco,0.2,0.2,0.4,0.038461538461538464,0.1,0.1428571428571428,0.1,0.125
253480,mscoco,1.0,1.0,1.0,0.038461538461538464,0.0,0.0588235294117647,0.3,0.5
7,drawbench,1.0,1.0,1.0,0.038461538461538464,0.0,5.006257822277847e-05,0.0,0.0001886080724254
418853,mscoco,0.0,0.043478260869565216,0.1,0.03333333333333333,0.1,0.3333333333333333,0.1,1.0
476341,mscoco,0.3,0.5,0.7,0.038461538461538464,0.0,0.0181818181818181,0.0,0.0013351134846461
92554,mscoco,0.4,0.25,0.3,0.038461538461538464,0.1,0.5,0.3,1.0
186145,mscoco,1.0,1.0,1.0,0.038461538461538464,0.2,0.1666666666666666,0.5,0.3333333333333333
323424,mscoco,0.5,0.5,0.9,0.037037037037037035,0.0,0.0357142857142857,0.2,0.1428571428571428
92670,mscoco,0.6,1.0,0.6,0.038461538461538464,0.2,0.5,0.2,0.5
436333,mscoco,0.8,1.0,0.8,0.038461538461538464,0.0,0.0285714285714285,0.1,0.5
25748,mscoco,0.7,0.5,0.5,0.037037037037037035,0.0,0.0666666666666666,0.1,1.0
437156,mscoco,0.8,1.0,1.0,0.038461538461538464,0.5,1.0,1.0,1.0
40361,mscoco,0.9,1.0,1.0,0.038461538461538464,0.1,0.125,0.4,0.3333333333333333
190,drawbench,0.0,0.05263157894736842,0.2,0.037037037037037035,0.0,0.0,0.0,0.0
477988,mscoco,0.0,0.058823529411764705,0.0,0.02702702702702703,0.2,1.0,0.2,1.0
108238,mscoco,0.4,0.5,0.7,0.038461538461538464,0.0,0.03125,0.1,1.0
397575,mscoco,0.3,0.16666666666666666,0.2,0.03333333333333333,0.0,0.0192307692307692,0.1,1.0
442667,mscoco,0.6,0.5,0.8,0.038461538461538464,0.0,0.0212765957446808,0.4,0.5
362839,mscoco,0.0,0.0,0.0,0.0,0.1,1.0,0.1,1.0
375004,mscoco,0.2,0.5,0.4,0.038461538461538464,0.1,0.5,0.1,1.0
409949,mscoco,0.8,1.0,1.0,0.038461538461538464,0.4,1.0,0.6,1.0
549532,mscoco,1.0,1.0,1.0,0.038461538461538464,0.5,0.3333333333333333,0.2,0.1111111111111111
434511,mscoco,0.5,1.0,0.7,0.038461538461538464,0.1,1.0,0.1,1.0
33481,mscoco,0.1,0.125,0.0,0.0,0.3,1.0,0.2,1.0
306232,mscoco,0.7,1.0,0.8,0.038461538461538464,0.0,0.0222222222222222,0.0,0.0769230769230769
154119,mscoco,0.5,0.5,0.6,0.038461538461538464,0.4,0.3333333333333333,0.6,1.0
525467,mscoco,0.7,1.0,0.9,0.037037037037037035,0.3,1.0,0.3,1.0
494360,mscoco,0.7,1.0,0.1,0.038461538461538464,0.1,0.5,0.1,0.125
223574,mscoco,0.2,0.1111111111111111,0.2,0.03333333333333333,0.1,0.5,0.1,1.0
347113,mscoco,0.5,0.5,0.4,0.037037037037037035,0.0,0.0014903129657228,0.0,0.0833333333333333
25697,mscoco,1.0,1.0,1.0,0.038461538461538464,0.8,1.0,0.7,1.0
198978,mscoco,0.2,0.5,0.8,0.038461538461538464,0.0,0.0666666666666666,0.3,0.25
172776,mscoco,0.9,1.0,1.0,0.038461538461538464,0.2,0.25,0.7,0.25
59515,mscoco,0.0,0.0,0.3,0.038461538461538464,0.0,0.0055555555555555,0.0,0.0017391304347826
35715,mscoco,0.1,0.5,0.0,0.025,0.0,0.05,0.1,1.0
386777,mscoco,0.8,1.0,0.3,0.038461538461538464,0.2,1.0,0.1,0.1428571428571428
527342,mscoco,0.1,0.1111111111111111,0.1,0.030303030303030304,0.1,0.3333333333333333,0.1,1.0
408838,mscoco,0.7,1.0,0.8,0.038461538461538464,0.1,0.1666666666666666,0.0,0.02
53744,mscoco,0.0,0.0,0.0,0.0,0.1,1.0,0.8,1.0
218960,mscoco,0.8,1.0,1.0,0.038461538461538464,0.2,1.0,0.3,1.0
404367,mscoco,1.0,1.0,1.0,0.038461538461538464,0.4,0.3333333333333333,0.5,1.0
500071,mscoco,0.0,0.0,0.0,0.0,0.0,0.009090909090909,0.1,1.0
74331,mscoco,0.8,1.0,0.9,0.038461538461538464,0.2,1.0,0.1,1.0
47652,mscoco,0.3,0.3333333333333333,0.8,0.038461538461538464,0.0,0.0714285714285714,0.6,1.0
299154,mscoco,0.0,0.0,0.0,0.025,0.1,0.1666666666666666,0.2,0.5
499004,mscoco,0.8,1.0,0.7,0.037037037037037035,0.1,0.2,0.3,0.25
13471,mscoco,0.7,1.0,0.8,0.038461538461538464,0.3,1.0,0.6,1.0
280810,mscoco,0.0,0.045454545454545456,0.2,0.03225806451612903,0.2,0.5,0.1,0.3333333333333333
322008,mscoco,0.1,0.14285714285714285,0.7,0.038461538461538464,0.1,0.1428571428571428,0.0,0.0909090909090909
108871,mscoco,0.0,0.0,0.0,0.0,0.1,0.5,0.1,1.0
509626,mscoco,0.0,0.041666666666666664,0.0,0.0,0.1,0.2,0.0,0.0014492753623188
105853,mscoco,1.0,1.0,1.0,0.038461538461538464,0.0,0.024390243902439,0.3,1.0
478320,mscoco,0.4,1.0,0.4,0.038461538461538464,0.5,1.0,0.2,1.0
517632,mscoco,0.9,1.0,0.8,0.038461538461538464,0.2,1.0,0.2,1.0
194105,mscoco,0.6,0.5,0.6,0.038461538461538464,0.0,0.032258064516129,0.0,0.0227272727272727
323208,mscoco,0.6,0.5,0.7,0.038461538461538464,0.1,0.25,0.1,0.3333333333333333
116,drawbench,0.9,1.0,0.8,0.038461538461538464,0.0,0.0,0.0,0.0
246746,mscoco,0.9,0.5,1.0,0.038461538461538464,0.0,0.0052356020942408,0.2,0.25
243292,mscoco,0.7,0.5,0.8,0.037037037037037035,0.2,0.5,0.3,0.5
125,drawbench,1.0,1.0,1.0,0.038461538461538464,0.0,0.0,0.0,0.0
392363,mscoco,0.8,0.3333333333333333,0.9,0.038461538461538464,0.0,0.0714285714285714,0.1,0.2
6107,mscoco,0.4,1.0,0.9,0.038461538461538464,0.1,0.1666666666666666,0.3,0.5
279605,mscoco,0.1,0.25,0.6,0.037037037037037035,0.3,0.25,0.3,0.2
518199,mscoco,0.0,0.0,0.0,0.0,0.0,0.05,0.0,0.0909090909090909
516990,mscoco,1.0,1.0,1.0,0.038461538461538464,0.7,1.0,0.8,1.0
474504,mscoco,0.8,0.5,1.0,0.038461538461538464,0.0,0.0454545454545454,0.1,0.5
323788,mscoco,1.0,1.0,0.9,0.037037037037037035,0.6,1.0,0.6,1.0
210136,mscoco,1.0,1.0,1.0,0.038461538461538464,0.3,0.2,0.1,0.3333333333333333
450558,mscoco,0.0,0.05555555555555555,0.0,0.022727272727272728,0.0,0.0588235294117647,0.2,0.3333333333333333
542178,mscoco,0.0,0.06666666666666667,0.1,0.03225806451612903,0.0,0.0076923076923076,0.0,0.0909090909090909
59525,mscoco,0.8,0.5,1.0,0.038461538461538464,0.0,0.0454545454545454,0.2,0.1666666666666666
50201,mscoco,0.8,0.5,0.4,0.037037037037037035,0.1,1.0,0.1,1.0
311629,mscoco,0.2,0.3333333333333333,0.5,0.037037037037037035,0.2,1.0,0.2,1.0
151594,mscoco,0.6,1.0,0.5,0.034482758620689655,0.4,0.5,0.6,1.0
305545,mscoco,0.0,0.0,0.0,0.0,0.1,1.0,0.1,1.0
162393,mscoco,1.0,1.0,1.0,0.038461538461538464,0.2,1.0,0.2,1.0
297967,mscoco,0.2,0.2,0.9,0.038461538461538464,0.1,0.1428571428571428,0.1,1.0
237833,mscoco,0.0,0.0,0.0,0.0,0.0,0.0181818181818181,0.0,0.0049504950495049
234274,mscoco,0.0,0.0,0.0,0.02040816326530612,0.1,0.5,0.1,0.2
111742,mscoco,0.5,0.25,0.4,0.034482758620689655,0.5,1.0,0.4,1.0
109061,mscoco,0.9,1.0,1.0,0.038461538461538464,0.1,1.0,0.1,1.0
190035,mscoco,0.5,1.0,0.5,0.037037037037037035,0.2,0.25,0.1,1.0
62995,mscoco,0.0,0.0,0.1,0.038461538461538464,0.1,1.0,0.1,0.3333333333333333
285484,mscoco,0.2,0.3333333333333333,0.3,0.038461538461538464,0.0,0.0185185185185185,0.0,0.05
36850,mscoco,0.7,1.0,0.8,0.037037037037037035,0.2,0.5,0.3,1.0
110324,mscoco,0.6,0.5,0.5,0.03571428571428571,0.1,0.5,0.0,0.0909090909090909
388566,mscoco,1.0,1.0,0.9,0.038461538461538464,0.7,1.0,1.0,1.0
74466,mscoco,0.9,1.0,0.5,0.038461538461538464,0.1,0.1111111111111111,0.1,1.0
358438,mscoco,0.5,1.0,0.2,0.03571428571428571,0.1,0.25,0.1,0.3333333333333333
302137,mscoco,1.0,1.0,1.0,0.038461538461538464,0.2,0.3333333333333333,0.4,0.25
144,drawbench,0.1,0.25,0.0,0.02,0.0,0.0,0.0,0.0
404766,mscoco,1.0,1.0,1.0,0.038461538461538464,0.3,0.5,0.3,0.3333333333333333
322937,mscoco,1.0,1.0,1.0,0.038461538461538464,0.4,1.0,0.9,1.0
245902,mscoco,0.1,0.25,0.2,0.03571428571428571,0.0,0.0222222222222222,0.0,0.0833333333333333
27528,mscoco,0.6,0.25,0.6,0.03571428571428571,0.6,1.0,0.8,1.0
254392,mscoco,0.0,0.0,0.0,0.0,0.2,1.0,0.2,1.0
34827,mscoco,1.0,1.0,1.0,0.038461538461538464,0.9,1.0,1.0,1.0
291752,mscoco,1.0,1.0,1.0,0.038461538461538464,0.9,1.0,1.0,1.0
126895,mscoco,0.3,0.3333333333333333,0.5,0.038461538461538464,0.0,0.0833333333333333,0.3,1.0
312316,mscoco,0.8,1.0,0.8,0.038461538461538464,0.0,0.0769230769230769,0.4,1.0
439657,mscoco,0.1,0.16666666666666666,0.4,0.03571428571428571,0.2,1.0,0.2,1.0
438446,mscoco,0.7,1.0,0.9,0.038461538461538464,0.5,0.5,0.7,1.0
470932,mscoco,0.1,0.2,0.0,0.0,0.2,0.1428571428571428,0.5,0.5
500829,mscoco,0.0,0.0,0.0,0.02,0.5,1.0,0.7,0.5
53550,mscoco,0.2,0.5,0.4,0.03571428571428571,0.1,1.0,0.2,1.0
395340,mscoco,0.6,1.0,0.3,0.034482758620689655,0.1,0.1666666666666666,0.1,0.5
257983,mscoco,1.0,1.0,1.0,0.038461538461538464,0.4,1.0,0.7,0.5
573052,mscoco,0.1,0.5,0.1,0.030303030303030304,0.1,0.5,0.2,0.1666666666666666
475457,mscoco,0.1,0.1,0.3,0.038461538461538464,0.0,0.0588235294117647,0.2,0.1428571428571428
75,drawbench,0.8,1.0,0.7,0.037037037037037035,0.0,0.0833333333333333,0.1,1.0
11288,mscoco,1.0,1.0,1.0,0.038461538461538464,0.0,0.0909090909090909,0.3,1.0
276852,mscoco,0.4,0.5,0.6,0.038461538461538464,0.0,0.0303030303030303,0.1,1.0
557780,mscoco,0.8,1.0,0.7,0.038461538461538464,0.2,1.0,0.2,1.0
363165,mscoco,1.0,1.0,1.0,0.038461538461538464,0.1,0.2,0.4,1.0
541880,mscoco,1.0,1.0,1.0,0.038461538461538464,0.7,0.5,0.7,1.0
313526,mscoco,0.0,0.0,0.0,0.0,0.1,0.5,0.2,1.0
214055,mscoco,1.0,1.0,1.0,0.038461538461538464,0.0,0.0625,0.1,0.125
458675,mscoco,0.3,0.125,0.8,0.038461538461538464,0.0,0.0294117647058823,0.4,0.3333333333333333
175277,mscoco,0.3,0.25,0.3,0.038461538461538464,0.2,0.3333333333333333,0.5,1.0
295076,mscoco,0.9,1.0,0.9,0.038461538461538464,0.4,1.0,0.5,1.0
63075,mscoco,0.9,1.0,1.0,0.038461538461538464,0.4,1.0,0.8,0.5
533159,mscoco,0.7,0.5,1.0,0.038461538461538464,0.6,0.25,0.8,0.5
292810,mscoco,0.2,0.5,0.4,0.038461538461538464,0.1,0.2,0.1,1.0
333978,mscoco,1.0,1.0,1.0,0.038461538461538464,0.6,1.0,0.8,0.5
487264,mscoco,1.0,1.0,1.0,0.038461538461538464,0.1,1.0,0.4,1.0
429074,mscoco,0.8,0.5,1.0,0.038461538461538464,0.2,0.3333333333333333,0.1,0.1
39789,mscoco,0.0,0.0,0.0,0.0,0.1,0.5,0.0,0.05
429353,mscoco,0.0,0.0,0.1,0.03225806451612903,0.3,1.0,0.4,1.0
110683,mscoco,0.0,0.09090909090909091,0.3,0.038461538461538464,0.0,0.04,0.0,0.0175438596491228
4132,mscoco,0.4,1.0,0.5,0.037037037037037035,0.2,0.1666666666666666,0.1,1.0
278134,mscoco,0.5,1.0,0.6,0.038461538461538464,0.1,1.0,0.0,0.0034722222222222
238709,mscoco,0.1,0.1111111111111111,0.5,0.034482758620689655,0.1,0.1111111111111111,0.6,1.0
485300,mscoco,0.0,0.0,0.0,0.0,0.0,0.0769230769230769,0.1,0.25
296620,mscoco,0.0,0.045454545454545456,0.0,0.02564102564102564,0.0,0.0454545454545454,0.0,0.0142857142857142
193077,mscoco,0.0,0.0,0.0,0.0,0.0,0.05,0.2,0.5
103,drawbench,0.0,0.0,0.0,0.0,0.0,0.0,0.0,0.0
310749,mscoco,0.8,1.0,1.0,0.038461538461538464,0.2,0.5,0.3,1.0
293864,mscoco,0.9,1.0,1.0,0.038461538461538464,0.3,0.5,0.5,1.0
493806,mscoco,1.0,1.0,0.8,0.038461538461538464,0.2,1.0,0.4,0.5
39535,mscoco,1.0,1.0,1.0,0.038461538461538464,0.0,0.04,0.0,0.0526315789473684
481252,mscoco,0.1,0.14285714285714285,0.7,0.037037037037037035,0.2,1.0,0.1,0.5
522535,mscoco,0.9,1.0,1.0,0.038461538461538464,0.0,0.0434782608695652,0.0,0.0476190476190476
482765,mscoco,1.0,1.0,1.0,0.038461538461538464,0.1,0.1666666666666666,0.0,0.0769230769230769
81954,mscoco,0.2,0.16666666666666666,0.5,0.03571428571428571,0.1,0.2,0.1,0.5
333124,mscoco,0.0,0.05555555555555555,0.0,0.024390243902439025,0.2,1.0,0.2,1.0
529258,mscoco,0.1,0.2,0.1,0.029411764705882353,0.0,0.0142857142857142,0.1,0.25
2567,mscoco,0.5,1.0,1.0,0.038461538461538464,0.1,1.0,0.6,0.5
53803,mscoco,0.5,0.5,0.4,0.037037037037037035,0.1,0.5,0.1,0.1111111111111111
172351,mscoco,0.8,1.0,1.0,0.038461538461538464,0.2,0.5,0.4,0.5
311251,mscoco,0.9,1.0,1.0,0.038461538461538464,0.2,1.0,0.5,1.0
356869,mscoco,0.5,0.5,0.4,0.03571428571428571,0.1,0.2,0.0,0.0068965517241379
203406,mscoco,1.0,1.0,1.0,0.038461538461538464,0.9,1.0,0.9,1.0
119870,mscoco,1.0,1.0,1.0,0.038461538461538464,0.1,0.1428571428571428,0.2,0.5
442125,mscoco,0.1,0.125,0.3,0.03225806451612903,0.1,0.3333333333333333,0.3,1.0
530619,mscoco,0.5,1.0,0.5,0.038461538461538464,0.6,1.0,0.8,1.0
73196,mscoco,0.8,1.0,0.7,0.038461538461538464,0.1,0.5,0.0,0.0303030303030303
507714,mscoco,0.0,0.09090909090909091,0.7,0.037037037037037035,0.0,0.0072992700729927,0.0,0.0416666666666666
376144,mscoco,0.0,0.0,0.0,0.0,0.3,1.0,0.5,1.0
211063,mscoco,0.1,0.16666666666666666,0.2,0.037037037037037035,0.1,1.0,0.1,0.3333333333333333
436799,mscoco,0.7,0.5,0.7,0.038461538461538464,0.1,0.3333333333333333,0.2,0.5
204256,mscoco,0.2,0.5,0.2,0.037037037037037035,0.0,0.0714285714285714,0.1,1.0
314048,mscoco,0.1,0.1,0.5,0.038461538461538464,0.2,1.0,0.3,1.0
447009,mscoco,0.6,0.5,0.6,0.037037037037037035,0.1,0.1,0.2,1.0
455079,mscoco,1.0,1.0,1.0,0.038461538461538464,0.2,1.0,0.3,0.5
157617,mscoco,0.7,1.0,1.0,0.038461538461538464,0.2,0.5,0.1,0.25
546877,mscoco,1.0,1.0,1.0,0.038461538461538464,0.1,0.2,0.7,1.0
41392,mscoco,0.0,0.08333333333333333,0.1,0.03225806451612903,0.1,1.0,0.1,1.0
556462,mscoco,0.5,1.0,0.9,0.038461538461538464,0.6,0.5,0.4,1.0
80053,mscoco,0.5,1.0,1.0,0.038461538461538464,0.0,0.0714285714285714,0.7,0.5
553304,mscoco,0.4,0.3333333333333333,0.4,0.038461538461538464,0.1,0.2,0.1,1.0
102,drawbench,0.0,0.0,0.3,0.03333333333333333,0.0,0.0,0.0,0.0
463168,mscoco,0.1,0.3333333333333333,0.4,0.034482758620689655,0.1,0.5,0.1,0.3333333333333333
398463,mscoco,0.3,0.3333333333333333,0.8,0.038461538461538464,0.1,0.3333333333333333,0.5,1.0
454916,mscoco,0.8,1.0,0.9,0.037037037037037035,0.0,0.0625,0.1,0.125
317022,mscoco,0.2,0.3333333333333333,0.4,0.03571428571428571,0.0,0.0476190476190476,0.1,0.1111111111111111
61943,mscoco,1.0,1.0,1.0,0.038461538461538464,0.0,0.0099009900990099,0.0,0.0833333333333333
543521,mscoco,0.6,1.0,0.5,0.038461538461538464,0.1,1.0,0.1,1.0
509490,mscoco,0.1,0.1111111111111111,0.1,0.03333333333333333,0.0,0.0208333333333333,0.1,1.0
413970,mscoco,0.0,0.0,0.0,0.0,0.0,0.0263157894736842,0.0,0.0833333333333333
67331,mscoco,0.2,0.3333333333333333,0.8,0.038461538461538464,0.1,0.3333333333333333,0.1,1.0
230669,mscoco,0.6,1.0,0.8,0.038461538461538464,0.3,0.25,0.1,0.1428571428571428
487266,mscoco,0.6,0.5,0.4,0.037037037037037035,0.5,1.0,0.8,1.0
525024,mscoco,0.3,0.3333333333333333,0.6,0.037037037037037035,0.2,0.3333333333333333,0.6,1.0
14257,mscoco,0.1,0.2,0.4,0.03571428571428571,0.1,1.0,0.1,0.1
478240,mscoco,0.4,0.5,0.7,0.038461538461538464,0.2,0.3333333333333333,0.0,0.0344827586206896
7211,mscoco,0.0,0.0,0.0,0.0,0.3,1.0,0.2,0.3333333333333333
23250,mscoco,0.7,0.5,0.9,0.038461538461538464,0.1,0.1,0.5,1.0
3590,mscoco,1.0,1.0,1.0,0.038461538461538464,0.7,1.0,1.0,1.0
580511,mscoco,0.9,1.0,1.0,0.038461538461538464,0.2,1.0,0.7,1.0
40658,mscoco,0.5,1.0,0.8,0.038461538461538464,0.1,1.0,0.1,1.0
322350,mscoco,0.7,0.25,0.7,0.038461538461538464,0.2,1.0,0.1,1.0
125635,mscoco,1.0,1.0,1.0,0.038461538461538464,0.5,0.25,0.6,1.0
283631,mscoco,0.7,1.0,1.0,0.038461538461538464,0.1,0.5,0.3,0.5
528729,mscoco,0.0,0.0,0.1,0.03125,0.1,1.0,0.1,1.0
167021,mscoco,0.6,1.0,0.8,0.038461538461538464,0.2,0.2,0.5,0.2
140100,mscoco,0.4,0.25,0.8,0.037037037037037035,0.1,0.25,0.2,0.5
252213,mscoco,0.7,1.0,0.3,0.034482758620689655,0.1,0.25,0.1,0.2
501364,mscoco,0.6,1.0,1.0,0.038461538461538464,0.5,1.0,0.8,1.0
580390,mscoco,0.0,0.0,0.0,0.0,0.1,1.0,0.1,1.0
463859,mscoco,0.2,0.3333333333333333,0.1,0.029411764705882353,0.1,1.0,0.1,1.0
391657,mscoco,1.0,1.0,1.0,0.038461538461538464,0.1,0.1111111111111111,0.6,0.3333333333333333
391415,mscoco,0.1,0.25,0.0,0.02702702702702703,0.0,0.0123456790123456,0.1,1.0
333099,mscoco,0.0,0.05555555555555555,0.0,0.0,0.1,0.5,0.1,0.2
405574,mscoco,0.0,0.0,0.0,0.0,0.0,0.0140845070422535,0.1,1.0
575823,mscoco,0.0,0.0,0.0,0.02127659574468085,0.0,0.0023923444976076,0.0,0.0222222222222222
57088,mscoco,0.6,1.0,1.0,0.038461538461538464,0.1,0.1428571428571428,0.2,0.3333333333333333
226957,mscoco,0.3,0.2,0.2,0.03333333333333333,0.1,1.0,0.1,0.25
184329,mscoco,0.9,1.0,0.9,0.038461538461538464,0.0,0.0104166666666666,0.0,0.0043103448275862
550324,mscoco,1.0,1.0,1.0,0.038461538461538464,0.6,0.25,1.0,1.0
575174,mscoco,1.0,1.0,1.0,0.038461538461538464,0.1,1.0,0.3,0.25
24380,mscoco,1.0,1.0,0.9,0.038461538461538464,0.4,0.3333333333333333,0.2,0.3333333333333333
506394,mscoco,0.7,0.5,0.8,0.038461538461538464,0.5,0.5,0.9,1.0
195463,mscoco,1.0,1.0,1.0,0.038461538461538464,0.2,1.0,0.3,1.0
308892,mscoco,0.3,1.0,0.3,0.038461538461538464,0.0,0.0588235294117647,0.1,0.5
361913,mscoco,0.4,0.5,0.7,0.034482758620689655,0.1,0.1111111111111111,0.1,0.3333333333333333
293532,mscoco,0.4,0.3333333333333333,0.6,0.038461538461538464,0.4,0.3333333333333333,0.6,1.0
338118,mscoco,0.0,0.0,0.0,0.02702702702702703,0.1,1.0,0.1,1.0
521250,mscoco,0.4,0.5,0.5,0.038461538461538464,0.2,0.5,0.2,0.25
85353,mscoco,0.0,0.0,0.0,0.0,0.2,1.0,0.0,0.0666666666666666
35951,mscoco,0.0,0.0,0.0,0.0,0.0,0.009090909090909,0.1,0.1666666666666666
16764,mscoco,0.6,1.0,0.7,0.038461538461538464,0.0,0.0434782608695652,0.2,1.0
397427,mscoco,0.1,0.2,0.4,0.03571428571428571,0.1,1.0,0.1,0.5
515561,mscoco,0.0,0.05555555555555555,0.3,0.038461538461538464,0.0,0.037037037037037,0.1,1.0
366829,mscoco,0.0,0.058823529411764705,0.1,0.034482758620689655,0.0,0.0131578947368421,0.1,0.5
432410,mscoco,1.0,1.0,1.0,0.038461538461538464,0.0,0.0666666666666666,0.2,0.1428571428571428
61972,mscoco,0.0,0.0,0.1,0.034482758620689655,0.1,1.0,0.1,1.0
499054,mscoco,0.6,1.0,0.4,0.038461538461538464,0.1,0.1,0.4,1.0
569021,mscoco,0.0,0.0,0.0,0.0,0.1,0.5,0.0,0.0909090909090909
9029,mscoco,0.4,1.0,0.6,0.038461538461538464,0.3,1.0,0.4,1.0
18373,mscoco,1.0,1.0,1.0,0.038461538461538464,0.7,1.0,0.9,1.0
336001,mscoco,0.5,0.25,0.5,0.03571428571428571,0.2,0.25,0.4,0.3333333333333333
461475,mscoco,0.0,0.0,0.0,0.0,0.0,0.0285714285714285,0.2,0.5
388841,mscoco,0.3,1.0,0.7,0.038461538461538464,0.5,0.3333333333333333,0.4,1.0
284940,mscoco,0.3,0.16666666666666666,0.7,0.037037037037037035,0.1,0.5,0.4,0.5
394759,mscoco,0.2,0.2,0.2,0.038461538461538464,0.5,0.5,0.3,1.0
358411,mscoco,0.0,0.045454545454545456,0.2,0.037037037037037035,0.2,0.5,0.5,1.0
284421,mscoco,0.2,0.3333333333333333,0.3,0.038461538461538464,0.6,1.0,0.2,0.3333333333333333
237716,mscoco,0.3,1.0,0.4,0.03571428571428571,0.2,0.5,0.2,1.0
167520,mscoco,0.0,0.0,0.0,0.0,0.1,0.2,0.1,0.5
568611,mscoco,0.8,0.5,1.0,0.038461538461538464,0.4,0.25,0.5,0.5
159356,mscoco,0.7,1.0,0.5,0.038461538461538464,0.1,0.5,0.1,0.2
301261,mscoco,0.0,0.09090909090909091,0.5,0.037037037037037035,0.0,0.0625,0.0,0.037037037037037
113787,mscoco,0.0,0.0,0.0,0.022222222222222223,0.1,0.125,0.1,0.1428571428571428
375809,mscoco,1.0,1.0,0.9,0.037037037037037035,0.3,0.3333333333333333,0.4,0.3333333333333333
64460,mscoco,0.8,1.0,0.9,0.038461538461538464,0.5,0.5,0.5,1.0
470799,mscoco,0.6,0.2,0.6,0.037037037037037035,0.4,1.0,0.5,1.0
382046,mscoco,0.7,1.0,1.0,0.038461538461538464,0.0,0.0625,0.5,1.0
170974,mscoco,0.7,1.0,1.0,0.038461538461538464,0.0,0.0303030303030303,0.3,0.25
562160,mscoco,0.5,1.0,0.3,0.03571428571428571,0.1,1.0,0.1,0.25
562248,mscoco,0.2,1.0,0.5,0.03571428571428571,0.2,1.0,0.3,1.0
96638,mscoco,0.3,0.3333333333333333,1.0,0.038461538461538464,0.2,0.25,0.6,1.0
164234,mscoco,0.9,1.0,1.0,0.038461538461538464,0.7,1.0,0.6,1.0
278962,mscoco,0.5,1.0,0.3,0.038461538461538464,0.2,0.3333333333333333,0.4,1.0
553248,mscoco,0.1,0.2,0.0,0.027777777777777776,0.2,0.5,0.1,0.5
523371,mscoco,0.6,1.0,0.7,0.038461538461538464,0.1,0.2,0.2,1.0
141283,mscoco,0.1,0.5,0.2,0.037037037037037035,0.0,0.0051020408163265,0.0,0.0033003300330033
320292,mscoco,1.0,1.0,1.0,0.038461538461538464,0.5,1.0,0.7,1.0
269588,mscoco,0.2,0.1111111111111111,0.4,0.038461538461538464,0.1,0.2,0.5,1.0
113594,mscoco,0.0,0.06666666666666667,0.1,0.02857142857142857,0.0,0.0011627906976744,0.0,0.0038022813688212
349622,mscoco,0.6,0.5,0.9,0.038461538461538464,0.1,0.1,0.3,0.3333333333333333
215226,mscoco,0.3,0.2,0.3,0.03225806451612903,0.1,0.5,0.1,0.5
78371,mscoco,0.0,0.0,0.0,0.024390243902439025,0.0,0.024390243902439,0.0,0.0163934426229508
451972,mscoco,0.3,1.0,0.5,0.037037037037037035,0.1,1.0,0.1,0.5
163,drawbench,0.0,0.0,0.0,0.0,0.0,0.0,0.0,0.0
150360,mscoco,0.2,0.2,0.4,0.03333333333333333,0.0,0.0178571428571428,0.2,1.0
138567,mscoco,0.3,1.0,0.2,0.03571428571428571,0.0,0.0149253731343283,0.1,1.0
383220,mscoco,0.7,0.5,0.5,0.037037037037037035,0.1,1.0,0.1,1.0
557272,mscoco,0.3,0.3333333333333333,0.1,0.030303030303030304,0.1,0.25,0.1,0.5
17073,mscoco,0.0,0.0,0.0,0.0,0.1,1.0,0.1,1.0
441083,mscoco,0.7,0.5,0.7,0.03571428571428571,0.9,0.5,0.8,0.5
109750,mscoco,0.2,0.5,0.9,0.038461538461538464,0.1,0.5,0.1,1.0
20279,mscoco,0.6,0.5,0.2,0.03225806451612903,0.2,1.0,0.2,0.5
324845,mscoco,0.3,0.5,0.5,0.037037037037037035,0.1,0.2,0.3,1.0
303520,mscoco,0.1,0.125,0.1,0.029411764705882353,0.1,1.0,0.1,1.0
363136,mscoco,0.6,1.0,0.5,0.038461538461538464,0.1,0.125,0.1,1.0
161622,mscoco,0.0,0.07692307692307693,0.1,0.034482758620689655,0.1,1.0,0.2,0.5
315242,mscoco,0.4,1.0,0.5,0.03571428571428571,0.0,0.0222222222222222,0.1,1.0
418723,mscoco,0.0,0.0,0.1,0.02857142857142857,0.1,1.0,0.1,0.1666666666666666
65440,mscoco,0.9,1.0,0.8,0.038461538461538464,0.1,0.1111111111111111,0.0,0.0016
111907,mscoco,0.3,0.3333333333333333,1.0,0.038461538461538464,0.2,0.3333333333333333,0.4,1.0
465140,mscoco,0.4,0.3333333333333333,0.4,0.03571428571428571,0.1,0.5,0.1,0.5
21083,mscoco,0.3,0.14285714285714285,0.6,0.038461538461538464,0.1,0.1,0.1,0.2
200202,mscoco,0.3,0.5,0.6,0.038461538461538464,0.3,0.3333333333333333,0.7,1.0
215320,mscoco,0.0,0.0,0.0,0.023809523809523808,0.0,0.0666666666666666,0.2,0.25
28978,mscoco,0.5,1.0,0.6,0.038461538461538464,0.0,0.0769230769230769,0.4,1.0
281427,mscoco,0.1,0.3333333333333333,0.4,0.03571428571428571,0.0,0.0161290322580645,0.2,1.0
357663,mscoco,0.4,1.0,0.2,0.038461538461538464,0.1,1.0,0.1,1.0
186171,mscoco,1.0,1.0,0.9,0.038461538461538464,0.0,0.05,0.1,0.3333333333333333
386788,mscoco,1.0,1.0,0.7,0.038461538461538464,0.1,0.5,0.0,0.0909090909090909
492363,mscoco,0.0,0.0,0.0,0.0,0.1,1.0,0.1,1.0
486547,mscoco,1.0,1.0,1.0,0.038461538461538464,0.1,1.0,0.1,0.5
516570,mscoco,0.0,0.041666666666666664,0.0,0.0,0.1,0.2,0.1,0.1
152662,mscoco,0.6,1.0,0.8,0.037037037037037035,0.0,0.0277777777777777,0.0,0.037037037037037
415280,mscoco,0.2,0.2,0.3,0.03571428571428571,0.1,1.0,0.1,1.0
397404,mscoco,0.3,0.16666666666666666,0.7,0.038461538461538464,0.0,0.0095238095238095,0.0,0.0526315789473684
488801,mscoco,1.0,1.0,1.0,0.038461538461538464,0.7,1.0,0.8,1.0
544956,mscoco,0.0,0.0,0.0,0.0,0.1,1.0,0.1,1.0
576859,mscoco,0.6,0.5,0.9,0.038461538461538464,0.1,0.2,0.0,0.0106382978723404
280370,mscoco,0.4,0.3333333333333333,0.5,0.03571428571428571,0.1,0.1666666666666666,0.1,0.1
310853,mscoco,0.6,0.3333333333333333,0.9,0.038461538461538464,0.1,0.2,0.2,0.5
363527,mscoco,0.4,0.16666666666666666,0.5,0.03571428571428571,0.1,0.5,0.2,1.0
47548,mscoco,0.8,1.0,1.0,0.038461538461538464,0.2,1.0,0.2,0.5
542313,mscoco,0.5,1.0,0.6,0.038461538461538464,0.2,0.3333333333333333,0.2,0.5
183386,mscoco,0.9,0.5,0.9,0.037037037037037035,0.5,0.25,0.3,0.2
131101,mscoco,0.0,0.043478260869565216,0.3,0.037037037037037035,0.1,0.3333333333333333,0.4,1.0
130981,mscoco,0.5,0.5,0.8,0.038461538461538464,0.1,0.1111111111111111,0.8,1.0
443547,mscoco,0.2,0.2,0.1,0.03225806451612903,0.1,0.25,0.1,1.0
103978,mscoco,0.9,1.0,1.0,0.038461538461538464,0.2,0.5,0.3,1.0
7669,mscoco,1.0,1.0,1.0,0.038461538461538464,0.4,1.0,0.7,1.0
111245,mscoco,0.0,0.0,0.0,0.0,0.1,1.0,0.1,1.0
326948,mscoco,1.0,1.0,1.0,0.038461538461538464,0.5,1.0,0.7,1.0
486807,mscoco,0.0,0.0,0.0,0.0,0.1,1.0,0.1,0.5
303652,mscoco,0.1,0.25,0.4,0.038461538461538464,0.0,0.0044843049327354,0.1,1.0
173547,mscoco,0.8,0.5,1.0,0.038461538461538464,0.6,1.0,0.6,1.0
325239,mscoco,0.0,0.0,0.0,0.0,0.1,0.125,0.0,0.037037037037037
353357,mscoco,0.1,0.5,0.0,0.02631578947368421,0.1,0.1111111111111111,0.0,0.0105263157894736
426429,mscoco,0.2,0.3333333333333333,0.1,0.02857142857142857,0.2,0.3333333333333333,0.2,0.5
261207,mscoco,0.7,1.0,0.5,0.038461538461538464,0.3,0.3333333333333333,0.2,0.1666666666666666
461506,mscoco,0.1,0.5,0.3,0.037037037037037035,0.1,0.125,0.0,0.0909090909090909
44856,mscoco,0.7,0.5,0.7,0.038461538461538464,0.2,0.3333333333333333,0.2,0.5
180817,mscoco,0.0,0.0,0.0,0.0,0.1,0.5,0.1,0.1428571428571428
390435,mscoco,1.0,1.0,1.0,0.038461538461538464,0.3,1.0,0.5,1.0
49648,mscoco,0.7,1.0,0.8,0.038461538461538464,0.1,0.2,0.1,1.0
172498,mscoco,0.1,0.14285714285714285,0.3,0.03225806451612903,0.1,1.0,0.5,1.0
67126,mscoco,0.1,0.1111111111111111,0.2,0.03125,0.1,0.5,0.0,0.0769230769230769
478029,mscoco,0.2,1.0,0.1,0.03125,0.1,0.2,0.1,1.0
508567,mscoco,0.5,0.3333333333333333,0.9,0.038461538461538464,0.2,0.2,0.8,0.5
81,drawbench,0.2,1.0,0.8,0.03571428571428571,0.0,0.0232558139534883,0.0,0.027027027027027
109355,mscoco,0.9,1.0,1.0,0.038461538461538464,0.0,0.0043668122270742,0.0,0.0333333333333333
48935,mscoco,1.0,1.0,1.0,0.038461538461538464,0.2,1.0,0.3,0.25
84886,mscoco,0.4,1.0,0.6,0.038461538461538464,0.0,0.05,0.4,1.0
217271,mscoco,0.2,0.5,0.8,0.038461538461538464,0.1,0.5,0.2,1.0
480140,mscoco,0.0,0.0,0.0,0.0,0.0,0.0476190476190476,0.0,0.0357142857142857
327105,mscoco,0.8,1.0,1.0,0.038461538461538464,0.2,1.0,0.5,0.2
55768,mscoco,0.8,1.0,1.0,0.038461538461538464,0.1,0.1,0.7,1.0
129030,mscoco,0.0,0.0,0.0,0.0,0.1,1.0,0.1,1.0
565387,mscoco,0.5,0.3333333333333333,0.6,0.03571428571428571,0.0,0.0666666666666666,0.1,0.5
553501,mscoco,0.0,0.0,0.0,0.0,0.1,0.1666666666666666,0.1,1.0
170193,mscoco,0.3,0.125,0.5,0.037037037037037035,0.2,1.0,0.2,1.0
199,drawbench,0.0,0.0,0.0,0.0,0.0,0.0,0.0,0.0
65162,mscoco,0.9,1.0,0.6,0.038461538461538464,0.1,0.5,0.1,0.3333333333333333
334542,mscoco,1.0,1.0,1.0,0.038461538461538464,0.3,0.2,0.6,1.0
185559,mscoco,1.0,1.0,1.0,0.038461538461538464,0.8,1.0,1.0,1.0
134066,mscoco,1.0,1.0,1.0,0.038461538461538464,0.2,0.3333333333333333,0.2,0.25
19318,mscoco,0.8,1.0,1.0,0.038461538461538464,0.2,1.0,0.2,1.0
122896,mscoco,1.0,1.0,1.0,0.038461538461538464,0.2,0.1666666666666666,0.0,0.0909090909090909
484175,mscoco,0.2,0.14285714285714285,0.6,0.038461538461538464,0.0,0.0256410256410256,0.1,0.25
550049,mscoco,1.0,1.0,1.0,0.038461538461538464,0.7,1.0,0.6,1.0
558966,mscoco,0.0,0.058823529411764705,0.1,0.029411764705882353,0.4,1.0,0.6,1.0
303177,mscoco,0.9,1.0,1.0,0.038461538461538464,0.0,0.0344827586206896,0.0,0.001727115716753
300047,mscoco,0.0,0.0,0.1,0.03571428571428571,0.2,1.0,0.1,0.25
281977,mscoco,0.0,0.06666666666666667,0.4,0.038461538461538464,0.8,1.0,1.0,1.0
100169,mscoco,0.6,0.5,0.9,0.038461538461538464,0.2,0.3333333333333333,0.3,1.0
35217,mscoco,0.0,0.0,0.1,0.030303030303030304,0.1,0.5,0.0,0.0049019607843137
195863,mscoco,1.0,1.0,1.0,0.038461538461538464,0.3,0.3333333333333333,0.6,0.5
55753,mscoco,0.0,0.0,0.0,0.0,0.0,0.0119047619047619,0.0,0.0277777777777777
189504,mscoco,0.1,0.25,0.1,0.029411764705882353,0.0,0.0175438596491228,0.1,1.0
257236,mscoco,0.3,0.3333333333333333,0.1,0.02857142857142857,0.0,0.02,0.1,0.2
15830,mscoco,0.0,0.05,0.0,0.02040816326530612,0.1,1.0,0.1,1.0
382423,mscoco,0.2,0.2,0.1,0.03225806451612903,0.1,1.0,0.2,1.0
182,drawbench,0.0,0.0,0.0,0.02,0.0,0.0,0.0,0.0
261431,mscoco,0.0,0.0,0.0,0.0,0.2,1.0,0.2,1.0
286021,mscoco,0.7,1.0,0.8,0.038461538461538464,0.0,0.0909090909090909,0.0,0.037037037037037
179,drawbench,0.1,0.1111111111111111,0.0,0.024390243902439025,0.0,0.0,0.0,0.0
20145,mscoco,0.3,0.25,0.5,0.038461538461538464,0.0,0.0909090909090909,0.0,0.0666666666666666
545274,mscoco,0.2,1.0,0.3,0.037037037037037035,0.0,0.0526315789473684,0.2,1.0
93,drawbench,0.1,0.5,0.1,0.03225806451612903,0.0,0.0003133813851457,0.0,0.0013586956521739
254726,mscoco,0.8,1.0,0.9,0.037037037037037035,0.3,1.0,0.4,0.3333333333333333
182125,mscoco,1.0,1.0,1.0,0.038461538461538464,0.1,0.1111111111111111,0.2,0.3333333333333333
46055,mscoco,0.3,0.3333333333333333,0.2,0.037037037037037035,0.0,0.027027027027027,0.1,1.0
336933,mscoco,0.7,0.3333333333333333,1.0,0.038461538461538464,0.0,0.0013717421124828,0.1,0.1
175597,mscoco,0.4,0.25,0.7,0.037037037037037035,0.1,1.0,0.0,0.0303030303030303
370157,mscoco,0.0,0.0,0.0,0.0,0.0,0.0227272727272727,0.1,0.25
361356,mscoco,0.0,0.0,0.0,0.0,0.2,1.0,0.3,1.0
452806,mscoco,1.0,1.0,1.0,0.038461538461538464,0.4,0.25,0.6,0.5
136,drawbench,0.3,0.5,0.1,0.03225806451612903,0.0,7.48839299086416e-05,0.0,1.80446786242737e-05
191314,mscoco,0.1,0.5,0.1,0.038461538461538464,0.1,0.5,0.1,1.0
26,drawbench,1.0,1.0,1.0,0.038461538461538464,0.0,0.0,0.0,0.0
24414,mscoco,0.8,1.0,0.6,0.038461538461538464,0.2,1.0,0.5,1.0
499634,mscoco,0.2,0.125,0.1,0.03571428571428571,0.0,0.037037037037037,0.0,0.0121951219512195
13482,mscoco,0.3,0.5,0.1,0.029411764705882353,0.1,1.0,0.1,1.0
267861,mscoco,0.7,0.5,0.8,0.038461538461538464,0.1,0.1666666666666666,0.1,1.0
498967,mscoco,0.8,0.5,0.9,0.038461538461538464,0.3,0.3333333333333333,0.2,1.0
247979,mscoco,0.0,0.0,0.0,0.0,0.1,1.0,0.1,1.0
438196,mscoco,0.2,0.5,0.3,0.03333333333333333,0.3,1.0,0.3,1.0
230700,mscoco,0.6,1.0,0.6,0.03571428571428571,0.0,0.0076335877862595,0.0,0.0909090909090909
22660,mscoco,0.2,1.0,0.2,0.034482758620689655,0.3,1.0,0.3,1.0
227982,mscoco,0.0,0.0,0.0,0.0,0.1,0.25,0.2,0.5
134807,mscoco,0.0,0.0,0.0,0.0,0.1,1.0,0.1,1.0
209788,mscoco,0.1,0.1111111111111111,0.7,0.038461538461538464,0.0,0.0263157894736842,0.0,0.02
139518,mscoco,0.2,0.2,0.3,0.038461538461538464,0.0,0.0454545454545454,0.1,0.25
232625,mscoco,0.1,0.3333333333333333,0.1,0.038461538461538464,0.0,0.0303030303030303,0.2,0.25
423875,mscoco,0.0,0.0,0.0,0.0,0.1,1.0,0.1,1.0
87878,mscoco,0.6,1.0,0.8,0.037037037037037035,0.0,0.0416666666666666,0.1,0.5
55,drawbench,0.3,0.2,0.1,0.029411764705882353,0.0,0.0,0.0,0.0
315273,mscoco,1.0,1.0,1.0,0.038461538461538464,0.3,1.0,0.5,0.5
118968,mscoco,0.2,0.25,0.3,0.034482758620689655,0.1,0.5,0.0,0.0714285714285714
426459,mscoco,0.7,1.0,0.7,0.038461538461538464,0.3,0.2,0.1,0.1
310695,mscoco,0.4,1.0,0.4,0.03571428571428571,0.1,1.0,0.3,1.0
266912,mscoco,1.0,1.0,0.9,0.038461538461538464,0.1,0.5,0.1,1.0
70187,mscoco,0.3,0.5,0.7,0.038461538461538464,0.1,0.5,0.1,1.0
75352,mscoco,1.0,1.0,1.0,0.038461538461538464,0.2,0.5,0.5,0.5
485187,mscoco,0.0,0.0,0.0,0.0,0.3,0.25,0.3,1.0
446310,mscoco,0.8,0.5,1.0,0.038461538461538464,0.0,0.0416666666666666,0.6,1.0
172702,mscoco,0.0,0.0,0.0,0.0,0.1,1.0,0.1,1.0
41838,mscoco,0.7,1.0,1.0,0.038461538461538464,0.8,1.0,1.0,1.0
348083,mscoco,0.0,0.0,0.1,0.038461538461538464,0.1,0.1111111111111111,0.1,0.2
465198,mscoco,1.0,1.0,1.0,0.038461538461538464,0.0,0.0454545454545454,0.1,1.0
458123,mscoco,0.9,1.0,1.0,0.038461538461538464,0.1,0.2,0.3,1.0
215558,mscoco,1.0,1.0,1.0,0.038461538461538464,0.0,0.0769230769230769,0.4,1.0
201019,mscoco,0.4,0.3333333333333333,0.8,0.037037037037037035,0.2,0.1428571428571428,0.9,0.5
153921,mscoco,0.7,1.0,0.9,0.038461538461538464,0.1,0.2,0.1,0.1428571428571428
345389,mscoco,0.0,0.0,0.0,0.0,0.1,0.1111111111111111,0.1,1.0
359066,mscoco,0.0,0.09090909090909091,0.1,0.03571428571428571,0.1,1.0,0.2,0.25
22102,mscoco,0.5,0.5,0.6,0.038461538461538464,0.7,1.0,0.9,1.0
194419,mscoco,0.9,1.0,1.0,0.038461538461538464,0.5,0.5,0.5,1.0
391053,mscoco,0.5,1.0,0.5,0.037037037037037035,0.1,0.25,0.0,0.0033783783783783
20171,mscoco,0.7,1.0,0.9,0.037037037037037035,0.3,1.0,0.7,1.0
538001,mscoco,0.6,1.0,0.8,0.037037037037037035,0.0,0.0095238095238095,0.0,0.0024570024570024
575490,mscoco,0.0,0.0,0.0,0.022727272727272728,0.2,0.5,0.7,0.3333333333333333
75427,mscoco,0.8,0.5,0.6,0.038461538461538464,0.1,1.0,0.1,0.5
510564,mscoco,0.5,0.5,0.3,0.038461538461538464,0.0,0.0454545454545454,0.1,0.5
58117,mscoco,0.3,0.25,0.2,0.038461538461538464,0.1,0.5,0.1,0.1666666666666666
294416,mscoco,0.6,1.0,0.7,0.038461538461538464,0.0,0.0416666666666666,0.3,1.0
525176,mscoco,0.8,1.0,1.0,0.038461538461538464,0.0,0.0133333333333333,0.0,0.0588235294117647
316522,mscoco,0.0,0.05263157894736842,0.0,0.0,0.1,1.0,0.1,0.2
198832,mscoco,1.0,1.0,1.0,0.038461538461538464,0.0,0.0113636363636363,0.0,0.0294117647058823
378022,mscoco,0.1,0.2,0.1,0.03571428571428571,0.1,0.25,0.3,1.0
306037,mscoco,0.5,0.5,0.5,0.038461538461538464,0.0,0.0333333333333333,0.1,1.0
51021,mscoco,0.5,1.0,0.9,0.038461538461538464,0.4,1.0,0.8,1.0
225392,mscoco,0.0,0.08333333333333333,0.0,0.022727272727272728,0.0,0.0232558139534883,0.3,0.3333333333333333
543490,mscoco,0.4,0.5,0.6,0.03571428571428571,0.2,1.0,0.4,0.5
305117,mscoco,0.0,0.0,0.0,0.0,0.0,0.0192307692307692,0.1,1.0
519387,mscoco,0.0,0.0,0.0,0.0,0.0,0.00177304964539,0.0,0.0192307692307692
98501,mscoco,0.6,1.0,0.8,0.038461538461538464,0.1,0.1111111111111111,0.0,0.0120481927710843
249791,mscoco,0.2,1.0,0.5,0.038461538461538464,0.1,0.3333333333333333,0.0,0.0147058823529411
327664,mscoco,0.4,1.0,0.9,0.038461538461538464,0.1,0.25,0.2,1.0
22,drawbench,0.0,0.0,0.0,0.0,0.0,0.0,0.0,0.0
225654,mscoco,0.3,0.3333333333333333,0.2,0.038461538461538464,0.0,0.0384615384615384,0.1,1.0
47700,mscoco,1.0,1.0,1.0,0.038461538461538464,0.3,0.5,0.2,0.2
77159,mscoco,0.9,1.0,0.9,0.038461538461538464,0.1,0.1111111111111111,0.3,1.0
501773,mscoco,0.2,0.3333333333333333,0.2,0.037037037037037035,0.1,1.0,0.1,1.0
355137,mscoco,1.0,1.0,1.0,0.038461538461538464,0.1,0.2,0.4,1.0
476055,mscoco,0.7,1.0,0.7,0.038461538461538464,0.1,0.1666666666666666,0.2,0.5
446898,mscoco,0.5,0.5,0.9,0.038461538461538464,0.2,1.0,0.5,1.0
336645,mscoco,0.9,1.0,1.0,0.038461538461538464,0.2,1.0,0.4,0.3333333333333333
57242,mscoco,0.1,0.2,0.0,0.027777777777777776,0.1,0.5,0.1,1.0
137178,mscoco,1.0,1.0,1.0,0.038461538461538464,0.4,0.5,0.4,1.0
113113,mscoco,0.8,1.0,1.0,0.038461538461538464,0.6,1.0,0.5,1.0
403028,mscoco,1.0,1.0,1.0,0.038461538461538464,0.1,0.1111111111111111,0.1,1.0
346795,mscoco,0.0,0.0,0.0,0.0,0.1,0.1,0.0,0.0909090909090909
145682,mscoco,0.6,0.5,0.3,0.03571428571428571,0.1,0.1111111111111111,0.0,0.0163934426229508
418791,mscoco,0.0,0.05,0.0,0.02564102564102564,0.0,0.0833333333333333,0.1,1.0
107838,mscoco,0.9,1.0,0.9,0.038461538461538464,0.2,1.0,0.5,1.0
149577,mscoco,0.7,1.0,0.9,0.038461538461538464,0.1,1.0,0.1,1.0
10,drawbench,0.6,1.0,0.7,0.038461538461538464,0.0,0.0,0.0,0.0
544614,mscoco,1.0,1.0,1.0,0.038461538461538464,0.9,1.0,1.0,1.0
419150,mscoco,0.5,1.0,0.9,0.038461538461538464,0.1,0.1666666666666666,0.2,1.0
496783,mscoco,0.1,0.1111111111111111,0.2,0.03333333333333333,0.2,1.0,0.2,1.0
195062,mscoco,1.0,1.0,1.0,0.038461538461538464,0.1,0.1111111111111111,0.6,1.0
183481,mscoco,0.9,1.0,1.0,0.038461538461538464,0.7,0.5,0.7,1.0
495288,mscoco,0.5,1.0,0.7,0.038461538461538464,0.0,0.0416666666666666,0.1,1.0
162,drawbench,0.0,0.047619047619047616,0.0,0.0,0.0,0.0,0.0,0.0
99321,mscoco,0.1,0.1111111111111111,0.3,0.037037037037037035,0.6,0.5,1.0,1.0
502637,mscoco,0.2,0.25,0.3,0.03225806451612903,0.4,0.3333333333333333,0.7,1.0
136458,mscoco,0.2,0.5,0.4,0.038461538461538464,0.1,0.5,0.1,0.3333333333333333
113333,mscoco,0.9,0.5,1.0,0.038461538461538464,0.3,0.5,0.1,1.0
473448,mscoco,0.7,1.0,0.9,0.038461538461538464,0.3,1.0,0.0,0.05
450598,mscoco,1.0,1.0,1.0,0.038461538461538464,0.4,1.0,0.9,1.0
474157,mscoco,0.9,1.0,1.0,0.038461538461538464,0.1,0.1111111111111111,0.2,1.0
74499,mscoco,0.0,0.0,0.1,0.03125,0.1,1.0,0.2,1.0
107610,mscoco,1.0,1.0,1.0,0.038461538461538464,0.4,1.0,0.6,0.5
200959,mscoco,0.8,1.0,1.0,0.038461538461538464,0.3,1.0,0.7,1.0
463430,mscoco,0.6,1.0,0.6,0.038461538461538464,0.0,0.0123456790123456,0.0,0.0085470085470085
512509,mscoco,0.6,0.5,0.9,0.038461538461538464,0.2,0.5,0.1,0.5
458921,mscoco,0.0,0.0,0.0,0.022222222222222223,0.0,0.025,0.1,1.0
282667,mscoco,0.0,0.043478260869565216,0.2,0.034482758620689655,0.1,0.3333333333333333,0.1,0.5
448771,mscoco,0.0,0.05263157894736842,0.0,0.02564102564102564,0.0,0.0196078431372549,0.0,0.05
293598,mscoco,1.0,1.0,1.0,0.038461538461538464,0.7,1.0,0.8,1.0
541193,mscoco,0.0,0.0,0.2,0.037037037037037035,0.0,0.0666666666666666,0.0,0.0588235294117647
356569,mscoco,0.0,0.09090909090909091,0.4,0.037037037037037035,0.1,0.125,0.0,0.0714285714285714
334513,mscoco,0.9,1.0,1.0,0.038461538461538464,0.1,0.1111111111111111,0.6,1.0
430167,mscoco,0.3,1.0,0.2,0.038461538461538464,0.0,0.025,0.0,0.032258064516129
513125,mscoco,1.0,1.0,1.0,0.038461538461538464,0.1,0.1428571428571428,0.2,0.3333333333333333
356257,mscoco,0.0,0.0,0.0,0.0,0.1,1.0,0.1,0.25
364010,mscoco,0.3,0.3333333333333333,0.2,0.034482758620689655,0.1,0.25,0.1,1.0
148542,mscoco,0.1,0.1,0.0,0.02702702702702703,0.0,0.0526315789473684,0.0,0.037037037037037
82405,mscoco,0.4,1.0,0.1,0.038461538461538464,0.7,1.0,0.4,1.0
70755,mscoco,0.6,1.0,0.9,0.038461538461538464,0.1,0.1666666666666666,0.1,1.0
118927,mscoco,0.3,0.25,0.4,0.038461538461538464,0.1,1.0,0.1,0.3333333333333333
508915,mscoco,0.1,0.2,0.5,0.037037037037037035,0.2,0.3333333333333333,0.1,0.2
491739,mscoco,0.6,0.5,0.5,0.038461538461538464,0.0,0.0147058823529411,0.1,0.3333333333333333
147546,mscoco,0.4,0.3333333333333333,0.8,0.037037037037037035,0.5,0.3333333333333333,0.3,0.5
262213,mscoco,0.8,1.0,1.0,0.038461538461538464,0.9,0.5,0.7,1.0
415728,mscoco,0.0,0.0,0.0,0.024390243902439025,0.5,1.0,0.5,1.0
506873,mscoco,0.0,0.0,0.0,0.02,0.6,1.0,0.7,1.0
538210,mscoco,0.5,0.3333333333333333,0.9,0.037037037037037035,0.2,0.2,0.6,0.5
581127,mscoco,0.0,0.08333333333333333,0.0,0.022727272727272728,0.0,0.0185185185185185,0.1,0.5
110013,mscoco,0.0,0.0,0.0,0.0,0.3,1.0,0.3,1.0
502286,mscoco,0.0,0.06666666666666667,0.0,0.0,0.0,0.04,0.1,0.5
99425,mscoco,1.0,1.0,1.0,0.038461538461538464,0.1,0.125,0.4,1.0
103042,mscoco,0.6,0.5,0.9,0.038461538461538464,0.3,1.0,0.7,0.5
360440,mscoco,0.0,0.0,0.0,0.0,0.1,1.0,0.1,1.0
409668,mscoco,1.0,1.0,1.0,0.038461538461538464,0.9,1.0,0.9,1.0
421639,mscoco,0.0,0.0,0.0,0.0,0.0,0.0526315789473684,0.1,0.1111111111111111
277717,mscoco,0.0,0.0,0.0,0.0,0.1,1.0,0.1,1.0
113851,mscoco,1.0,1.0,1.0,0.038461538461538464,0.6,0.5,0.4,1.0
380100,mscoco,1.0,1.0,1.0,0.038461538461538464,0.3,1.0,0.7,1.0
68601,mscoco,0.9,1.0,1.0,0.038461538461538464,0.1,0.5,0.2,0.125
82229,mscoco,0.7,0.5,1.0,0.038461538461538464,0.0,0.0909090909090909,0.0,0.0185185185185185
263462,mscoco,0.7,0.5,1.0,0.038461538461538464,0.2,0.1666666666666666,0.4,0.5
352495,mscoco,0.0,0.0,0.0,0.025,0.5,1.0,0.6,0.5
64339,mscoco,0.0,0.0,0.0,0.0,0.1,1.0,0.1,0.3333333333333333
11156,mscoco,0.0,0.05555555555555555,0.0,0.0,0.1,0.5,0.1,1.0
334872,mscoco,0.9,1.0,1.0,0.038461538461538464,0.3,0.3333333333333333,0.4,0.5
477820,mscoco,0.6,1.0,0.7,0.038461538461538464,0.3,0.25,0.2,0.5
283884,mscoco,0.9,1.0,1.0,0.038461538461538464,0.4,0.3333333333333333,0.6,0.5
418868,mscoco,0.0,0.0,0.0,0.0,0.1,0.25,0.2,1.0
350309,mscoco,0.8,1.0,1.0,0.038461538461538464,0.2,0.3333333333333333,0.1,0.25
14537,mscoco,0.0,0.0,0.0,0.025,0.1,0.5,0.1,1.0
575040,mscoco,0.2,0.2,0.1,0.02857142857142857,0.0,0.006578947368421,0.0,0.0018115942028985
449455,mscoco,0.5,1.0,0.7,0.038461538461538464,0.9,1.0,0.6,1.0
211686,mscoco,0.0,0.05,0.0,0.02702702702702703,0.1,1.0,0.1,1.0
154745,mscoco,0.7,0.5,0.9,0.038461538461538464,0.1,0.25,0.2,0.25
152084,mscoco,0.9,1.0,0.7,0.038461538461538464,0.1,0.1666666666666666,0.1,1.0
536390,mscoco,0.4,1.0,0.5,0.037037037037037035,0.0,0.0666666666666666,0.3,0.3333333333333333
235906,mscoco,0.5,0.5,0.2,0.03333333333333333,0.5,1.0,0.3,1.0
526126,mscoco,0.3,0.25,0.7,0.038461538461538464,0.0,0.037037037037037,0.2,1.0
3711,mscoco,0.7,1.0,0.7,0.034482758620689655,0.3,0.1666666666666666,0.2,1.0
275938,mscoco,1.0,1.0,1.0,0.038461538461538464,0.5,1.0,0.9,1.0
180130,mscoco,1.0,1.0,1.0,0.038461538461538464,0.5,1.0,0.7,1.0
401037,mscoco,0.0,0.0625,0.2,0.03225806451612903,0.0,0.0178571428571428,0.1,1.0
348816,mscoco,0.5,1.0,0.6,0.038461538461538464,0.3,1.0,0.2,1.0
358300,mscoco,0.4,1.0,0.3,0.038461538461538464,0.1,1.0,0.0,0.0588235294117647
226577,mscoco,0.8,0.5,0.9,0.038461538461538464,0.5,0.5,0.3,0.5
425100,mscoco,0.6,0.3333333333333333,0.8,0.037037037037037035,0.1,0.1666666666666666,0.1,0.2
11184,mscoco,0.3,0.2,0.3,0.037037037037037035,0.0,0.0434782608695652,0.0,0.03125
391972,mscoco,0.2,0.5,0.2,0.030303030303030304,0.1,0.5,0.0,0.0714285714285714
578072,mscoco,0.6,0.5,0.4,0.037037037037037035,0.2,1.0,0.1,1.0
558798,mscoco,0.2,0.3333333333333333,0.0,0.0,0.1,0.25,0.0,0.0181818181818181
353559,mscoco,0.6,0.3333333333333333,0.6,0.038461538461538464,0.3,0.2,0.3,0.5
291117,mscoco,1.0,1.0,1.0,0.038461538461538464,0.0,0.0769230769230769,0.6,1.0
372201,mscoco,0.2,0.5,0.4,0.03333333333333333,0.0,0.0303030303030303,0.2,0.1666666666666666
204085,mscoco,0.5,0.3333333333333333,0.3,0.03571428571428571,0.6,1.0,0.6,1.0
218965,mscoco,0.9,1.0,0.9,0.038461538461538464,0.2,1.0,0.2,1.0
343012,mscoco,0.0,0.0,0.0,0.0,0.1,1.0,0.1,0.25
271941,mscoco,0.0,0.0,0.0,0.02,0.1,0.1666666666666666,0.2,0.5
230141,mscoco,0.7,1.0,0.7,0.038461538461538464,0.1,0.25,0.1,0.2
58232,mscoco,1.0,1.0,0.7,0.03571428571428571,0.0,0.0434782608695652,0.0,0.0303030303030303
175437,mscoco,0.0,0.0,0.1,0.03333333333333333,0.1,0.5,0.0,0.0175438596491228
541010,mscoco,0.3,0.5,0.8,0.038461538461538464,0.1,0.5,0.1,0.1666666666666666
140,drawbench,0.2,0.5,0.8,0.038461538461538464,0.0,0.0,0.0,0.0
170558,mscoco,0.1,0.14285714285714285,0.1,0.029411764705882353,0.1,0.3333333333333333,0.2,0.3333333333333333
148267,mscoco,1.0,1.0,1.0,0.038461538461538464,0.1,1.0,0.1,1.0
531896,mscoco,0.0,0.041666666666666664,0.1,0.03225806451612903,0.0,0.0769230769230769,0.1,1.0
153620,mscoco,0.2,0.2,0.2,0.03571428571428571,0.1,0.125,0.1,0.25
450,mscoco,0.9,1.0,1.0,0.038461538461538464,0.2,1.0,0.3,0.3333333333333333
186605,mscoco,0.2,0.3333333333333333,0.1,0.030303030303030304,0.1,1.0,0.1,0.25
188845,mscoco,0.0,0.0,0.3,0.038461538461538464,0.0,0.0039682539682539,0.0,0.0333333333333333
442400,mscoco,0.0,0.0,0.0,0.0,0.0,0.0416666666666666,0.1,0.25
493416,mscoco,0.0,0.0,0.0,0.0,0.0,0.0069444444444444,0.1,0.5
239532,mscoco,0.5,0.5,0.6,0.038461538461538464,0.0,0.0263157894736842,0.1,1.0
5862,mscoco,0.0,0.0,0.0,0.0,0.1,0.1428571428571428,0.3,1.0
194744,mscoco,0.9,1.0,1.0,0.038461538461538464,0.1,0.5,0.2,0.1428571428571428
570512,mscoco,0.0,0.0,0.0,0.0,0.0,0.0666666666666666,0.1,1.0
18191,mscoco,0.0,0.0,0.0,0.0,0.1,0.1666666666666666,0.0,0.0833333333333333
346093,mscoco,1.0,1.0,1.0,0.038461538461538464,0.3,0.3333333333333333,0.3,1.0
549978,mscoco,1.0,1.0,1.0,0.038461538461538464,0.0,0.0833333333333333,0.3,0.5
114468,mscoco,0.2,0.16666666666666666,0.2,0.03571428571428571,0.1,0.5,0.2,1.0
45490,mscoco,0.1,1.0,0.2,0.034482758620689655,0.1,0.25,0.1,1.0
99701,mscoco,0.6,1.0,0.3,0.037037037037037035,0.2,0.5,0.2,0.1666666666666666
228336,mscoco,1.0,1.0,1.0,0.038461538461538464,0.0,0.0625,0.3,0.5
442148,mscoco,0.7,0.5,0.6,0.037037037037037035,0.3,1.0,0.2,1.0
155,drawbench,0.0,0.0,0.0,0.024390243902439025,0.0,4.697702823319397e-05,0.0,0.000124254473161
539287,mscoco,0.8,0.3333333333333333,1.0,0.038461538461538464,0.0,0.0588235294117647,0.6,1.0
151466,mscoco,0.0,0.07692307692307693,0.2,0.038461538461538464,0.1,1.0,0.3,0.25
329908,mscoco,0.8,1.0,1.0,0.038461538461538464,0.2,0.3333333333333333,0.4,0.3333333333333333
384986,mscoco,0.5,1.0,0.8,0.038461538461538464,0.0,0.0068493150684931,0.0,0.0111111111111111
444801,mscoco,0.5,0.25,1.0,0.038461538461538464,0.1,0.125,0.5,0.5
223875,mscoco,0.3,0.14285714285714285,0.5,0.038461538461538464,0.0,0.04,0.1,1.0
84493,mscoco,0.4,0.3333333333333333,0.5,0.038461538461538464,0.4,1.0,0.4,1.0
484206,mscoco,1.0,1.0,0.8,0.038461538461538464,0.1,0.3333333333333333,0.2,1.0
223869,mscoco,0.9,1.0,1.0,0.038461538461538464,0.3,0.5,0.5,1.0
13800,mscoco,0.5,0.25,1.0,0.038461538461538464,0.2,0.1428571428571428,0.2,0.3333333333333333
62250,mscoco,0.0,0.05,0.3,0.03225806451612903,0.1,0.5,0.2,0.3333333333333333
401092,mscoco,0.0,0.0,0.0,0.0,0.4,0.5,0.2,0.125
407626,mscoco,0.0,0.0,0.0,0.0,0.1,0.3333333333333333,0.0,0.0083333333333333
479866,mscoco,0.7,1.0,1.0,0.038461538461538464,0.5,1.0,0.5,0.5
579247,mscoco,0.0,0.0,0.2,0.03333333333333333,0.3,1.0,0.4,1.0
432832,mscoco,0.0,0.0,0.0,0.0,0.3,0.3333333333333333,0.4,1.0
297695,mscoco,0.0,0.0,0.0,0.0,0.1,0.1,0.1,1.0
440793,mscoco,0.0,0.09090909090909091,0.7,0.038461538461538464,0.1,1.0,0.1,1.0
484338,mscoco,0.8,0.5,1.0,0.038461538461538464,0.1,0.1111111111111111,0.4,0.1428571428571428
28654,mscoco,0.6,0.3333333333333333,0.9,0.037037037037037035,0.2,0.5,0.0,0.0227272727272727
372580,mscoco,0.9,1.0,1.0,0.038461538461538464,0.0,0.0222222222222222,0.0,0.0227272727272727
53802,mscoco,0.1,0.2,0.2,0.03333333333333333,0.1,1.0,0.1,1.0
72792,mscoco,0.6,1.0,0.9,0.038461538461538464,0.0,0.0263157894736842,0.0,0.0333333333333333
185844,mscoco,0.8,1.0,1.0,0.038461538461538464,0.1,0.1666666666666666,0.3,1.0
355347,mscoco,0.7,0.5,1.0,0.038461538461538464,0.3,0.2,0.3,0.5
55237,mscoco,0.5,1.0,0.5,0.034482758620689655,0.0,0.0344827586206896,0.0,0.0454545454545454
167910,mscoco,0.3,0.3333333333333333,0.2,0.034482758620689655,0.1,0.5,0.0,0.0166666666666666
398527,mscoco,1.0,1.0,0.9,0.038461538461538464,0.2,1.0,0.5,1.0
484666,mscoco,0.1,0.5,0.2,0.038461538461538464,0.1,0.5,0.1,1.0
399461,mscoco,0.2,0.25,0.0,0.02702702702702703,0.1,0.5,0.2,1.0
71220,mscoco,0.6,1.0,1.0,0.038461538461538464,0.1,0.1666666666666666,0.7,1.0
430391,mscoco,0.7,1.0,0.7,0.038461538461538464,0.6,1.0,0.4,1.0
81166,mscoco,0.6,1.0,1.0,0.038461538461538464,0.0,0.0769230769230769,0.2,0.5
11690,mscoco,0.6,0.3333333333333333,0.8,0.038461538461538464,0.3,0.5,0.6,1.0
74570,mscoco,0.4,1.0,0.6,0.037037037037037035,0.7,0.5,0.7,1.0
495609,mscoco,0.8,1.0,0.9,0.038461538461538464,0.1,0.125,0.1,1.0
286874,mscoco,0.8,1.0,0.9,0.037037037037037035,0.1,0.3333333333333333,0.1,1.0
310562,mscoco,1.0,1.0,1.0,0.038461538461538464,0.7,1.0,0.6,1.0
49946,mscoco,0.7,0.5,0.5,0.037037037037037035,0.1,1.0,0.1,1.0
546114,mscoco,0.5,1.0,0.5,0.038461538461538464,0.4,1.0,0.5,0.5
229052,mscoco,0.0,0.0,0.0,0.0,0.1,1.0,0.1,0.3333333333333333
218294,mscoco,0.6,1.0,0.8,0.038461538461538464,0.1,1.0,0.3,1.0
262235,mscoco,1.0,1.0,1.0,0.038461538461538464,0.6,1.0,1.0,1.0
53229,mscoco,0.0,0.0,0.0,0.0,0.3,1.0,0.8,0.5
447209,mscoco,0.1,0.1111111111111111,0.0,0.024390243902439025,0.2,1.0,0.1,0.3333333333333333
166096,mscoco,1.0,1.0,1.0,0.038461538461538464,0.3,0.25,0.2,0.2
70363,mscoco,0.0,0.05555555555555555,0.3,0.034482758620689655,0.0,0.03125,0.1,0.1111111111111111
23355,mscoco,0.3,0.2,0.3,0.034482758620689655,0.1,1.0,0.1,1.0
269886,mscoco,0.1,0.2,0.5,0.037037037037037035,0.0,0.0185185185185185,0.2,0.125
237445,mscoco,0.0,0.043478260869565216,0.2,0.034482758620689655,0.0,0.0769230769230769,0.4,1.0
63835,mscoco,1.0,1.0,1.0,0.038461538461538464,0.5,1.0,0.9,1.0
272255,mscoco,0.9,1.0,0.9,0.038461538461538464,0.5,0.3333333333333333,0.3,1.0
373414,mscoco,0.7,1.0,0.8,0.038461538461538464,0.1,0.1111111111111111,0.5,1.0
466827,mscoco,1.0,1.0,1.0,0.038461538461538464,0.4,1.0,0.7,0.5
506026,mscoco,0.0,0.0,0.0,0.0,0.1,0.25,0.1,1.0
262145,mscoco,0.1,0.16666666666666666,0.8,0.038461538461538464,0.1,1.0,0.4,1.0
40210,mscoco,0.4,0.25,0.4,0.03571428571428571,0.1,1.0,0.1,0.3333333333333333
281652,mscoco,0.2,0.3333333333333333,0.0,0.027777777777777776,0.2,1.0,0.2,1.0
280808,mscoco,1.0,1.0,1.0,0.038461538461538464,0.0,0.05,0.2,0.1666666666666666
244549,mscoco,1.0,1.0,1.0,0.038461538461538464,0.1,0.25,0.2,1.0
179504,mscoco,0.0,0.0,0.0,0.0,0.0,0.0769230769230769,0.1,0.1428571428571428
177353,mscoco,0.0,0.043478260869565216,0.1,0.029411764705882353,0.1,1.0,0.1,1.0
298830,mscoco,0.9,1.0,1.0,0.038461538461538464,0.1,1.0,0.3,0.5
126182,mscoco,0.6,0.3333333333333333,0.6,0.038461538461538464,0.0,0.0208333333333333,0.1,0.125
112904,mscoco,0.8,0.5,0.8,0.038461538461538464,0.0,0.0555555555555555,0.1,0.1666666666666666
211080,mscoco,0.1,0.3333333333333333,0.5,0.037037037037037035,0.0,0.027027027027027,0.5,1.0
526729,mscoco,0.9,1.0,1.0,0.038461538461538464,0.2,0.25,0.1,0.1666666666666666
474180,mscoco,0.5,0.3333333333333333,0.4,0.03571428571428571,0.1,0.5,0.1,1.0
466083,mscoco,0.7,1.0,0.7,0.038461538461538464,0.0,0.05,0.0,0.0285714285714285
154,drawbench,0.0,0.05,0.0,0.0,0.0,0.0,0.0,0.0
183805,mscoco,0.4,0.5,0.3,0.038461538461538464,0.1,0.1,0.0,0.0263157894736842
185571,mscoco,0.1,0.16666666666666666,0.0,0.0,0.1,0.5,0.1,1.0
27471,mscoco,1.0,1.0,1.0,0.038461538461538464,0.3,1.0,0.2,0.5
21504,mscoco,0.0,0.07692307692307693,0.2,0.034482758620689655,0.1,1.0,0.1,0.1111111111111111
422676,mscoco,0.5,1.0,0.8,0.038461538461538464,0.1,1.0,0.1,0.5
452930,mscoco,0.1,0.1111111111111111,0.1,0.030303030303030304,0.0,0.0625,0.2,0.3333333333333333
473500,mscoco,0.8,1.0,0.9,0.038461538461538464,0.1,0.5,0.1,0.1428571428571428
32708,mscoco,0.5,1.0,0.8,0.038461538461538464,0.2,0.1666666666666666,0.4,1.0
578255,mscoco,0.8,1.0,1.0,0.038461538461538464,0.1,0.3333333333333333,0.1,1.0
249792,mscoco,0.0,0.0,0.0,0.0,0.1,1.0,0.1,1.0
188795,mscoco,0.9,1.0,1.0,0.038461538461538464,0.3,1.0,0.5,0.3333333333333333
299205,mscoco,0.1,0.5,0.0,0.0,0.1,1.0,0.2,1.0
404406,mscoco,0.0,0.06666666666666667,0.1,0.030303030303030304,0.1,1.0,0.1,1.0
145690,mscoco,0.6,1.0,0.9,0.038461538461538464,0.0,0.0277777777777777,0.1,1.0
400332,mscoco,0.8,1.0,0.9,0.038461538461538464,0.2,0.25,0.2,1.0
202810,mscoco,0.7,0.5,0.9,0.038461538461538464,0.2,0.2,0.1,0.125
52,drawbench,0.1,0.1111111111111111,0.3,0.038461538461538464,0.0,0.0,0.0,0.0
225700,mscoco,1.0,1.0,1.0,0.038461538461538464,0.1,0.1428571428571428,0.2,0.25
273106,mscoco,0.6,1.0,0.8,0.038461538461538464,0.0,0.0263157894736842,0.0,0.0588235294117647
394840,mscoco,0.2,0.16666666666666666,0.1,0.037037037037037035,0.1,1.0,0.2,1.0
323810,mscoco,0.9,1.0,1.0,0.038461538461538464,0.5,1.0,0.5,1.0
174892,mscoco,0.8,1.0,0.6,0.037037037037037035,0.4,0.1428571428571428,0.2,0.1666666666666666
365507,mscoco,1.0,1.0,1.0,0.038461538461538464,0.4,0.25,0.7,1.0
531963,mscoco,0.2,0.3333333333333333,0.3,0.038461538461538464,0.0,0.0555555555555555,0.1,0.1428571428571428
214127,mscoco,0.9,1.0,0.9,0.038461538461538464,0.2,0.3333333333333333,0.2,0.1111111111111111
230991,mscoco,0.3,0.16666666666666666,0.4,0.038461538461538464,0.1,1.0,0.6,1.0
552962,mscoco,1.0,1.0,1.0,0.038461538461538464,0.1,1.0,0.1,0.1111111111111111
534565,mscoco,1.0,1.0,1.0,0.038461538461538464,0.8,1.0,0.7,1.0
423647,mscoco,0.3,0.3333333333333333,0.6,0.038461538461538464,0.2,0.1666666666666666,0.3,0.5
48,drawbench,0.0,0.08333333333333333,0.3,0.03333333333333333,0.0,0.0,0.0,0.0
50480,mscoco,0.1,0.1,0.4,0.03333333333333333,0.0,0.0089285714285714,0.1,0.125
138768,mscoco,0.9,1.0,0.9,0.038461538461538464,0.2,0.5,0.1,0.25
480482,mscoco,0.2,0.3333333333333333,0.4,0.038461538461538464,0.1,0.5,0.1,0.5
150024,mscoco,0.0,0.0,0.0,0.0,0.2,0.5,0.2,1.0
94793,mscoco,0.0,0.0,0.2,0.03333333333333333,0.0,0.04,0.2,1.0
378313,mscoco,0.0,0.09090909090909091,0.1,0.029411764705882353,0.0,0.0021231422505307,0.1,1.0
504921,mscoco,1.0,1.0,1.0,0.038461538461538464,1.0,1.0,1.0,1.0
292116,mscoco,0.1,0.1,0.9,0.038461538461538464,0.0,0.0084033613445378,0.1,1.0
109012,mscoco,1.0,1.0,1.0,0.038461538461538464,0.4,1.0,0.8,0.5
504657,mscoco,0.8,1.0,1.0,0.038461538461538464,0.2,0.1428571428571428,0.9,1.0
72850,mscoco,0.8,1.0,0.8,0.03571428571428571,0.0,0.0434782608695652,0.4,1.0
273316,mscoco,1.0,1.0,1.0,0.038461538461538464,0.3,1.0,0.3,1.0
354261,mscoco,0.0,0.0,0.0,0.0,0.0,0.0909090909090909,0.0,0.0833333333333333
54437,mscoco,1.0,1.0,1.0,0.038461538461538464,0.5,1.0,0.1,0.1666666666666666
249251,mscoco,0.8,0.5,0.9,0.038461538461538464,0.2,0.5,0.1,0.5
99747,mscoco,0.1,0.14285714285714285,0.1,0.03571428571428571,0.6,0.5,0.6,1.0
23976,mscoco,1.0,1.0,1.0,0.038461538461538464,0.1,0.3333333333333333,0.3,0.2
295295,mscoco,0.9,1.0,1.0,0.038461538461538464,0.3,0.25,0.4,0.3333333333333333
32712,mscoco,0.9,0.5,1.0,0.038461538461538464,0.0,0.0625,0.1,0.125
4616,mscoco,0.0,0.07692307692307693,0.2,0.03333333333333333,0.1,0.5,0.1,1.0
529096,mscoco,0.1,0.5,0.1,0.03333333333333333,0.1,1.0,0.2,1.0
537349,mscoco,0.0,0.04,0.0,0.0,0.0,0.0625,0.0,0.0434782608695652
367853,mscoco,1.0,1.0,1.0,0.038461538461538464,0.2,1.0,0.5,1.0
323231,mscoco,0.1,0.125,0.2,0.029411764705882353,0.0,0.003076923076923,0.1,0.125
385317,mscoco,1.0,1.0,0.9,0.037037037037037035,0.3,0.3333333333333333,0.1,1.0
284192,mscoco,0.1,0.25,0.2,0.037037037037037035,0.1,1.0,0.1,1.0
384790,mscoco,1.0,1.0,0.9,0.038461538461538464,0.0,0.0769230769230769,0.0,0.0384615384615384
237758,mscoco,0.9,1.0,0.9,0.037037037037037035,0.4,1.0,0.5,0.25
201134,mscoco,0.1,1.0,0.2,0.037037037037037035,0.1,1.0,0.1,0.5
33,drawbench,0.8,1.0,0.7,0.038461538461538464,0.0,0.0,0.0,0.0
220118,mscoco,1.0,1.0,1.0,0.038461538461538464,0.0,0.0169491525423728,0.1,1.0
182118,mscoco,0.0,0.0,0.0,0.0,0.0,0.0076923076923076,0.1,1.0
101569,mscoco,1.0,1.0,1.0,0.038461538461538464,0.2,1.0,0.3,0.5
111754,mscoco,0.9,1.0,1.0,0.038461538461538464,0.2,0.2,0.8,1.0
209920,mscoco,0.1,0.14285714285714285,0.2,0.037037037037037035,0.0,0.0333333333333333,0.1,0.1666666666666666
534426,mscoco,0.9,1.0,0.9,0.038461538461538464,0.1,0.125,0.4,0.5
165298,mscoco,0.5,1.0,0.5,0.037037037037037035,0.1,0.1666666666666666,0.0,0.0833333333333333
289007,mscoco,0.0,0.0,0.0,0.02702702702702703,0.0,0.0625,0.1,1.0
11796,mscoco,0.5,0.3333333333333333,0.7,0.03571428571428571,0.1,0.5,0.1,1.0
537135,mscoco,0.7,1.0,0.7,0.038461538461538464,0.1,0.5,0.2,1.0
120977,mscoco,0.1,0.2,0.1,0.037037037037037035,0.1,0.5,0.1,0.25
259103,mscoco,0.7,1.0,0.2,0.037037037037037035,0.0,0.0357142857142857,0.1,0.5
49073,mscoco,0.9,1.0,1.0,0.038461538461538464,0.0,0.00074294205052,0.0,0.0049261083743842
387855,mscoco,0.0,0.05,0.0,0.0,0.0,0.0050251256281407,0.1,0.5
252549,mscoco,0.1,0.25,0.1,0.037037037037037035,0.1,0.25,0.1,0.5
506232,mscoco,0.8,1.0,0.9,0.038461538461538464,0.1,1.0,0.4,1.0
178876,mscoco,1.0,1.0,1.0,0.038461538461538464,0.1,0.1,0.1,1.0
98709,mscoco,0.2,0.3333333333333333,0.4,0.03333333333333333,0.2,0.3333333333333333,0.5,1.0
83328,mscoco,0.1,0.25,0.3,0.038461538461538464,0.1,0.1,0.2,1.0
467180,mscoco,0.0,0.0,0.3,0.037037037037037035,0.2,1.0,0.0,0.0833333333333333
362244,mscoco,0.6,1.0,0.7,0.037037037037037035,0.3,1.0,0.1,0.1428571428571428
382182,mscoco,0.8,1.0,0.8,0.038461538461538464,0.2,0.3333333333333333,0.3,1.0
79545,mscoco,1.0,1.0,1.0,0.038461538461538464,0.0,0.0909090909090909,0.2,0.1666666666666666
516233,mscoco,0.0,0.0,0.0,0.0,0.1,0.3333333333333333,0.1,1.0
544127,mscoco,0.4,0.5,0.5,0.038461538461538464,0.1,0.5,0.1,0.1428571428571428
97734,mscoco,0.0,0.07692307692307693,0.0,0.023255813953488372,0.2,0.5,0.4,1.0
29752,mscoco,0.2,0.16666666666666666,0.6,0.037037037037037035,0.1,0.5,0.1,1.0
412491,mscoco,0.0,0.0,0.1,0.03125,0.1,0.3333333333333333,0.0,0.0526315789473684
111,drawbench,0.0,0.06666666666666667,0.1,0.030303030303030304,0.1,0.3333333333333333,0.0,0.0052910052910052
354929,mscoco,0.0,0.08333333333333333,0.1,0.029411764705882353,0.1,0.25,0.1,1.0
558242,mscoco,1.0,1.0,1.0,0.038461538461538464,0.0,0.0416666666666666,0.1,0.25
462129,mscoco,0.1,0.14285714285714285,0.1,0.034482758620689655,0.0,0.0065359477124183,0.0,0.0555555555555555
462925,mscoco,0.6,1.0,0.9,0.038461538461538464,0.3,0.5,0.3,1.0
45343,mscoco,0.0,0.0,0.0,0.0,0.1,1.0,0.1,1.0
538299,mscoco,0.3,1.0,0.2,0.03333333333333333,0.1,1.0,0.2,0.2
245002,mscoco,0.9,1.0,1.0,0.038461538461538464,0.6,0.3333333333333333,0.9,1.0
259414,mscoco,0.3,0.5,0.2,0.038461538461538464,0.0,0.0131578947368421,0.0,0.0147058823529411
130314,mscoco,0.0,0.041666666666666664,0.1,0.034482758620689655,0.1,1.0,0.1,1.0
544120,mscoco,0.5,1.0,0.2,0.03225806451612903,0.0,0.0062111801242236,0.0,0.04
196510,mscoco,0.4,1.0,0.6,0.038461538461538464,0.0,0.0172413793103448,0.0,0.0333333333333333
226197,mscoco,0.4,0.5,1.0,0.038461538461538464,0.0,0.05,0.2,0.2
500568,mscoco,0.0,0.06666666666666667,0.0,0.02702702702702703,0.1,0.125,0.1,1.0
351149,mscoco,0.6,1.0,0.4,0.038461538461538464,0.0,0.0416666666666666,0.0,0.0769230769230769
298600,mscoco,0.1,0.125,0.3,0.038461538461538464,0.0,0.024390243902439,0.3,1.0
434027,mscoco,1.0,1.0,1.0,0.038461538461538464,0.0,0.037037037037037,0.2,1.0
116851,mscoco,0.2,0.3333333333333333,0.4,0.038461538461538464,0.4,1.0,0.5,1.0
364567,mscoco,0.8,1.0,1.0,0.038461538461538464,0.2,0.3333333333333333,0.6,1.0
363957,mscoco,0.4,1.0,0.2,0.03333333333333333,0.8,1.0,0.9,1.0
568974,mscoco,0.0,0.0,0.0,0.0,0.0,0.0059523809523809,0.1,1.0
223739,mscoco,0.0,0.0,0.0,0.0,0.0,0.0588235294117647,0.0,0.0833333333333333
59171,mscoco,1.0,1.0,1.0,0.038461538461538464,0.7,1.0,0.9,1.0
521218,mscoco,0.3,0.3333333333333333,0.7,0.03571428571428571,0.4,1.0,0.8,1.0
367329,mscoco,0.9,1.0,1.0,0.038461538461538464,0.1,0.25,0.4,1.0
352061,mscoco,0.4,1.0,0.6,0.034482758620689655,0.2,0.125,0.2,1.0
484636,mscoco,0.7,0.5,0.9,0.037037037037037035,0.1,0.1428571428571428,0.1,1.0
264461,mscoco,0.2,0.14285714285714285,0.9,0.038461538461538464,0.0,0.0085470085470085,0.0,0.0384615384615384
148165,mscoco,0.0,0.0,0.0,0.021739130434782608,0.1,1.0,0.0,0.024390243902439
429593,mscoco,0.0,0.0,0.0,0.027777777777777776,0.1,0.5,0.1,1.0
15757,mscoco,0.7,1.0,0.9,0.038461538461538464,0.0,0.0153846153846153,0.1,0.1111111111111111
37032,mscoco,0.1,0.1111111111111111,0.9,0.038461538461538464,0.0,0.0769230769230769,0.9,1.0
99515,mscoco,0.2,1.0,0.3,0.03571428571428571,0.0,0.0022573363431151,0.0,0.0769230769230769
501624,mscoco,1.0,1.0,1.0,0.038461538461538464,0.7,1.0,0.8,1.0
91780,mscoco,0.4,1.0,0.7,0.038461538461538464,0.1,0.5,0.1,0.5
473195,mscoco,0.3,0.16666666666666666,0.3,0.03333333333333333,0.0,0.0010111223458038,0.0,0.0059171597633136
200241,mscoco,0.0,0.0,0.0,0.0,0.1,1.0,0.1,1.0
20966,mscoco,0.6,1.0,0.5,0.038461538461538464,0.4,0.25,0.5,1.0
477005,mscoco,0.9,1.0,0.8,0.037037037037037035,0.4,0.5,0.6,1.0
568281,mscoco,0.0,0.0,0.2,0.038461538461538464,0.1,0.25,0.1,0.1428571428571428
289075,mscoco,0.0,0.09090909090909091,0.1,0.03125,0.1,1.0,0.1,1.0
315211,mscoco,0.0,0.047619047619047616,0.1,0.029411764705882353,0.1,1.0,0.1,1.0
370763,mscoco,0.1,0.5,0.3,0.038461538461538464,0.1,1.0,0.4,1.0
245337,mscoco,0.8,1.0,0.8,0.037037037037037035,0.3,1.0,0.2,0.5
359085,mscoco,0.0,0.0,0.0,0.02702702702702703,0.1,1.0,0.1,1.0
151956,mscoco,0.0,0.05,0.1,0.02857142857142857,0.2,0.3333333333333333,0.2,1.0
442666,mscoco,0.3,1.0,0.5,0.037037037037037035,0.0,0.0833333333333333,0.1,0.1111111111111111
139214,mscoco,1.0,1.0,0.9,0.037037037037037035,0.2,0.1666666666666666,0.2,0.5
112586,mscoco,0.5,1.0,0.4,0.03571428571428571,0.6,1.0,0.3,1.0
277080,mscoco,0.9,1.0,1.0,0.038461538461538464,0.5,0.5,0.4,0.5
497261,mscoco,0.0,0.08333333333333333,0.4,0.038461538461538464,0.0,0.032258064516129,0.0,0.024390243902439
421314,mscoco,0.8,0.3333333333333333,0.9,0.038461538461538464,0.3,0.1428571428571428,0.1,1.0
9288,mscoco,0.7,1.0,1.0,0.038461538461538464,0.7,1.0,0.6,1.0
249587,mscoco,0.4,0.3333333333333333,0.9,0.038461538461538464,0.2,0.5,0.3,0.25
169179,mscoco,0.5,0.5,1.0,0.038461538461538464,0.2,0.1111111111111111,0.4,0.2
446521,mscoco,0.1,0.1111111111111111,0.0,0.022222222222222223,0.0,0.0109890109890109,0.0,0.05
203098,mscoco,0.0,0.0,0.0,0.02,0.6,1.0,1.0,1.0
83102,mscoco,0.3,1.0,0.6,0.038461538461538464,0.1,0.1428571428571428,0.0,0.0909090909090909
105,drawbench,0.0,0.05263157894736842,0.2,0.03333333333333333,0.0,0.0175438596491228,0.0,0.0769230769230769
254989,mscoco,0.3,0.25,1.0,0.038461538461538464,0.3,0.25,0.4,1.0
474528,mscoco,0.2,0.3333333333333333,0.1,0.03571428571428571,0.1,0.125,0.1,0.25
523546,mscoco,0.0,0.0,0.0,0.02040816326530612,0.1,1.0,0.1,1.0
371256,mscoco,0.2,0.25,0.0,0.0,0.2,1.0,0.1,0.25
444453,mscoco,0.0,0.07142857142857142,0.0,0.02702702702702703,0.1,1.0,0.1,1.0
127515,mscoco,0.9,1.0,0.9,0.038461538461538464,0.0,0.015625,0.0,0.0909090909090909
15667,mscoco,1.0,1.0,1.0,0.038461538461538464,0.5,0.5,0.8,1.0
525851,mscoco,0.1,0.125,0.0,0.021739130434782608,0.7,1.0,0.4,1.0
63777,mscoco,0.1,0.125,0.2,0.034482758620689655,0.1,1.0,0.1,0.125
247422,mscoco,0.3,0.5,0.0,0.027777777777777776,0.2,0.5,0.1,1.0
227724,mscoco,0.4,0.3333333333333333,0.2,0.03571428571428571,0.0,0.0344827586206896,0.1,0.1428571428571428
419828,mscoco,0.0,0.0,0.0,0.0,0.1,1.0,0.1,1.0
123166,mscoco,0.4,0.3333333333333333,0.9,0.037037037037037035,0.0,0.0285714285714285,0.1,0.5
146236,mscoco,0.0,0.0,0.0,0.0,0.1,0.1111111111111111,0.1,0.25
264406,mscoco,0.7,1.0,0.5,0.038461538461538464,0.2,0.5,0.2,1.0
311709,mscoco,0.8,0.5,0.8,0.038461538461538464,0.1,1.0,0.5,1.0
54086,mscoco,0.7,1.0,0.7,0.038461538461538464,0.0,0.015625,0.0,0.0042918454935622
124729,mscoco,1.0,1.0,0.9,0.038461538461538464,0.9,1.0,0.8,1.0
521334,mscoco,0.0,0.0,0.2,0.034482758620689655,0.1,0.25,0.1,0.5
400309,mscoco,0.0,0.0,0.0,0.0,0.0,0.0625,0.1,1.0
385601,mscoco,0.5,0.3333333333333333,0.7,0.038461538461538464,0.4,0.5,0.5,1.0
39978,mscoco,1.0,1.0,0.9,0.038461538461538464,0.3,0.25,0.3,1.0
444949,mscoco,0.5,1.0,0.6,0.038461538461538464,0.1,0.3333333333333333,0.1,0.2
428178,mscoco,0.8,1.0,0.7,0.038461538461538464,0.0,0.0069930069930069,0.0,0.0131578947368421
120416,mscoco,1.0,1.0,1.0,0.038461538461538464,0.6,1.0,0.8,1.0
52281,mscoco,0.9,1.0,1.0,0.038461538461538464,0.1,0.125,0.2,0.3333333333333333
187592,mscoco,0.1,0.2,0.2,0.038461538461538464,0.2,0.25,0.3,1.0
98478,mscoco,0.0,0.0,0.0,0.0,0.1,0.1428571428571428,0.1,1.0
471599,mscoco,0.4,0.25,0.7,0.037037037037037035,0.1,0.1666666666666666,0.2,1.0
136232,mscoco,0.1,0.25,0.3,0.03125,0.0,0.0555555555555555,0.0,0.0833333333333333
270740,mscoco,0.8,1.0,1.0,0.038461538461538464,0.1,1.0,0.5,0.3333333333333333
310536,mscoco,1.0,1.0,1.0,0.038461538461538464,0.2,1.0,0.4,0.5
469515,mscoco,0.0,0.0,0.0,0.0,0.0,0.0032051282051282,0.1,0.3333333333333333
251252,mscoco,0.6,0.5,1.0,0.038461538461538464,0.2,0.2,0.4,1.0
560646,mscoco,0.8,0.5,0.9,0.038461538461538464,0.6,1.0,1.0,1.0
36029,mscoco,0.5,0.5,0.6,0.038461538461538464,0.1,0.5,0.1,1.0
302216,mscoco,1.0,1.0,1.0,0.038461538461538464,0.1,0.3333333333333333,0.3,1.0
178156,mscoco,0.8,1.0,0.6,0.038461538461538464,0.0,0.0022573363431151,0.0,0.0135135135135135
535604,mscoco,0.4,0.3333333333333333,0.5,0.03571428571428571,0.6,1.0,0.3,0.5
462577,mscoco,0.9,1.0,0.8,0.037037037037037035,0.0,0.0666666666666666,0.4,0.5
360585,mscoco,0.9,1.0,0.9,0.038461538461538464,0.4,0.25,0.6,0.5
336764,mscoco,0.4,0.5,0.3,0.034482758620689655,0.0,0.0128205128205128,0.1,0.1111111111111111
277237,mscoco,0.0,0.0,0.1,0.02857142857142857,0.1,0.1666666666666666,0.2,0.5
11326,mscoco,0.4,0.5,0.8,0.038461538461538464,0.1,0.5,0.1,1.0
243443,mscoco,0.1,0.1111111111111111,0.3,0.03571428571428571,0.2,0.1666666666666666,0.3,0.25
97724,mscoco,0.6,1.0,1.0,0.038461538461538464,0.0,0.0555555555555555,0.3,0.5
248753,mscoco,0.1,0.2,0.1,0.03125,0.0,0.0277777777777777,0.0,0.0095238095238095
331676,mscoco,0.4,0.5,0.8,0.038461538461538464,0.0,0.0217391304347826,0.1,1.0
169500,mscoco,0.1,1.0,0.3,0.038461538461538464,0.1,0.125,0.2,1.0
475035,mscoco,0.9,1.0,1.0,0.038461538461538464,0.2,0.1428571428571428,0.3,0.3333333333333333
383923,mscoco,0.8,0.5,0.7,0.038461538461538464,0.4,0.2,0.4,1.0
330229,mscoco,0.3,0.5,0.8,0.037037037037037035,0.0,0.0476190476190476,0.3,1.0
259421,mscoco,0.5,1.0,1.0,0.038461538461538464,0.1,1.0,0.1,0.2
453558,mscoco,0.3,1.0,0.3,0.037037037037037035,0.1,0.1428571428571428,0.1,1.0
47632,mscoco,0.1,0.16666666666666666,0.0,0.0,0.0,0.0909090909090909,0.1,0.5
556406,mscoco,0.5,0.3333333333333333,0.8,0.038461538461538464,0.4,1.0,0.4,0.3333333333333333
205563,mscoco,1.0,1.0,1.0,0.038461538461538464,0.5,0.25,0.2,1.0
358287,mscoco,0.9,1.0,0.4,0.038461538461538464,0.1,0.1428571428571428,0.3,0.5
172727,mscoco,1.0,1.0,0.9,0.038461538461538464,0.1,1.0,0.1,1.0
274148,mscoco,0.5,1.0,0.8,0.038461538461538464,0.0,0.0147058823529411,0.2,0.125
395957,mscoco,0.2,0.16666666666666666,0.1,0.03125,0.0,0.0555555555555555,0.2,0.5
27656,mscoco,0.8,0.3333333333333333,1.0,0.038461538461538464,0.5,1.0,0.9,1.0
535663,mscoco,0.9,0.5,1.0,0.038461538461538464,0.3,0.3333333333333333,0.3,0.3333333333333333
59012,mscoco,0.5,1.0,0.7,0.038461538461538464,0.1,0.5,0.1,1.0
338732,mscoco,0.0,0.0,0.0,0.0,0.1,1.0,0.1,1.0
34800,mscoco,0.3,0.125,0.6,0.038461538461538464,0.0,0.027027027027027,0.3,0.5
78290,mscoco,0.8,1.0,1.0,0.038461538461538464,0.0,0.0028328611898017,0.1,0.1428571428571428
34235,mscoco,0.9,1.0,0.9,0.038461538461538464,0.0,0.0344827586206896,0.1,0.5
149993,mscoco,0.8,0.5,0.9,0.038461538461538464,0.1,0.1666666666666666,0.2,1.0
92,drawbench,0.7,0.5,0.7,0.037037037037037035,0.0,0.0769230769230769,0.0,0.0019920318725099
289739,mscoco,0.2,0.16666666666666666,0.1,0.02857142857142857,0.1,0.1,0.0,0.0217391304347826
11,drawbench,0.8,1.0,0.9,0.038461538461538464,0.0,1.886863655232273e-05,0.0,1.9478748685184465e-05
394681,mscoco,0.1,0.3333333333333333,0.2,0.034482758620689655,0.1,0.3333333333333333,0.1,0.1428571428571428
404984,mscoco,0.5,0.5,0.2,0.03125,0.0,0.003831417624521,0.0,0.0095238095238095
95777,mscoco,0.3,0.3333333333333333,0.6,0.038461538461538464,0.2,0.5,0.2,0.25
516158,mscoco,0.2,0.25,0.2,0.038461538461538464,0.0,0.015625,0.1,0.25
223569,mscoco,0.9,1.0,1.0,0.038461538461538464,0.1,1.0,0.3,1.0
107782,mscoco,0.6,1.0,0.7,0.037037037037037035,0.1,0.25,0.4,0.5
98881,mscoco,0.0,0.0,0.0,0.0,0.1,1.0,0.1,1.0
94045,mscoco,1.0,1.0,1.0,0.038461538461538464,0.3,0.3333333333333333,1.0,1.0
498015,mscoco,0.0,0.0,0.0,0.0,0.1,1.0,0.0,0.0526315789473684
451172,mscoco,0.3,0.3333333333333333,0.4,0.038461538461538464,0.1,0.3333333333333333,0.1,1.0
535211,mscoco,0.0,0.041666666666666664,0.0,0.0,0.1,0.25,0.1,0.5
18476,mscoco,0.0,0.0,0.0,0.0,0.1,1.0,0.1,1.0
275930,mscoco,0.1,0.16666666666666666,0.2,0.030303030303030304,0.0,0.0833333333333333,0.1,1.0
507434,mscoco,0.1,0.16666666666666666,0.0,0.0,0.1,0.25,0.0,0.0020366598778004
29122,mscoco,0.2,0.125,0.1,0.034482758620689655,0.0,0.0769230769230769,0.1,1.0
116204,mscoco,0.5,0.5,1.0,0.038461538461538464,0.4,1.0,0.4,0.5
274815,mscoco,0.7,1.0,0.6,0.038461538461538464,0.2,0.25,0.1,0.3333333333333333
507215,mscoco,0.3,0.16666666666666666,0.5,0.038461538461538464,0.4,0.25,0.2,0.5
559658,mscoco,0.4,1.0,0.5,0.038461538461538464,0.4,0.3333333333333333,0.5,0.5
344157,mscoco,1.0,1.0,1.0,0.038461538461538464,1.0,1.0,1.0,1.0
327768,mscoco,0.6,0.5,0.4,0.038461538461538464,0.2,1.0,0.2,1.0
35424,mscoco,0.5,0.5,0.9,0.037037037037037035,0.2,1.0,0.5,1.0
412698,mscoco,0.2,0.2,0.2,0.03125,0.2,1.0,0.1,1.0
502588,mscoco,0.6,1.0,0.5,0.037037037037037035,0.5,0.3333333333333333,0.5,1.0
515527,mscoco,0.0,0.0,0.0,0.0,0.1,1.0,0.1,1.0
382958,mscoco,0.6,0.3333333333333333,0.8,0.037037037037037035,0.0,0.0666666666666666,0.1,0.5
166975,mscoco,0.3,0.25,0.2,0.03225806451612903,0.1,0.5,0.1,0.125
397640,mscoco,0.9,1.0,1.0,0.038461538461538464,0.1,0.25,0.1,0.1666666666666666
462880,mscoco,0.0,0.0625,0.0,0.025,0.1,1.0,0.1,1.0
104808,mscoco,0.0,0.0,0.0,0.0,0.1,0.25,0.0,0.05
30235,mscoco,0.7,1.0,1.0,0.038461538461538464,0.3,0.25,0.7,0.5
513219,mscoco,0.0,0.07692307692307693,0.0,0.02,0.1,0.25,0.2,1.0
63,drawbench,0.0,0.0,0.0,0.0,0.0,0.0,0.0,0.0
245771,mscoco,0.2,0.125,0.2,0.03571428571428571,0.4,0.5,0.4,1.0
1375,mscoco,1.0,1.0,1.0,0.038461538461538464,0.4,0.5,0.3,0.1666666666666666
167479,mscoco,0.0,0.07692307692307693,0.1,0.029411764705882353,0.0,0.0232558139534883,0.3,1.0
124874,mscoco,0.1,0.1,0.0,0.0,0.1,0.3333333333333333,0.0,0.0056497175141242
506901,mscoco,0.3,1.0,0.4,0.038461538461538464,0.3,0.2,0.5,1.0
519754,mscoco,0.3,1.0,0.7,0.038461538461538464,0.1,1.0,0.1,1.0
336457,mscoco,0.3,0.2,0.8,0.038461538461538464,0.0,0.0526315789473684,0.4,0.25
290974,mscoco,0.0,0.0,0.0,0.0,0.1,1.0,0.1,0.3333333333333333
18918,mscoco,1.0,1.0,1.0,0.038461538461538464,1.0,1.0,0.7,0.3333333333333333
153140,mscoco,0.9,0.5,1.0,0.038461538461538464,0.0,0.0769230769230769,0.3,1.0
83481,mscoco,0.0,0.0,0.0,0.0,0.2,0.5,0.2,1.0
204473,mscoco,0.0,0.0,0.0,0.0,0.0,0.0526315789473684,0.0,0.0476190476190476
419074,mscoco,1.0,1.0,0.9,0.038461538461538464,0.0,0.0357142857142857,0.1,0.125
261235,mscoco,0.1,0.16666666666666666,0.5,0.037037037037037035,0.0,0.0909090909090909,0.1,1.0
338971,mscoco,0.0,0.0,0.0,0.02,0.1,0.1,0.1,0.3333333333333333
223183,mscoco,1.0,1.0,1.0,0.038461538461538464,0.9,1.0,0.7,1.0
450711,mscoco,0.1,0.3333333333333333,0.1,0.029411764705882353,0.1,0.5,0.1,1.0
490187,mscoco,0.9,1.0,0.8,0.038461538461538464,0.1,0.5,0.1,0.3333333333333333
564602,mscoco,0.9,0.5,1.0,0.038461538461538464,0.0,0.0188679245283018,0.4,0.5
452201,mscoco,0.9,1.0,0.5,0.03571428571428571,0.0,0.05,0.2,1.0
443334,mscoco,0.6,0.3333333333333333,1.0,0.038461538461538464,0.3,0.2,0.3,1.0
18075,mscoco,0.9,1.0,1.0,0.038461538461538464,0.4,0.3333333333333333,1.0,1.0
50,drawbench,0.3,0.3333333333333333,0.3,0.037037037037037035,0.0,0.0,0.0,0.0
86,drawbench,0.7,0.3333333333333333,0.7,0.038461538461538464,0.1,0.125,0.0,0.0555555555555555
171808,mscoco,0.6,1.0,0.8,0.038461538461538464,0.2,0.1428571428571428,0.5,1.0
572487,mscoco,0.0,0.0,0.1,0.030303030303030304,0.0,0.037037037037037,0.2,0.1666666666666666
566765,mscoco,0.3,1.0,0.7,0.038461538461538464,0.1,1.0,0.2,0.5
163514,mscoco,0.9,1.0,1.0,0.038461538461538464,0.1,1.0,0.1,1.0
311128,mscoco,0.9,1.0,0.9,0.038461538461538464,1.0,1.0,0.9,1.0
520858,mscoco,0.8,1.0,1.0,0.038461538461538464,0.0,0.0833333333333333,0.5,0.3333333333333333
271051,mscoco,0.0,0.0,0.1,0.030303030303030304,0.1,0.5,0.1,1.0
532933,mscoco,0.8,0.3333333333333333,0.6,0.038461538461538464,0.0,0.0434782608695652,0.1,1.0
475974,mscoco,0.7,1.0,1.0,0.038461538461538464,0.1,0.3333333333333333,0.0,0.0217391304347826
206731,mscoco,0.0,0.05263157894736842,0.0,0.025,0.1,0.5,0.1,0.3333333333333333
450212,mscoco,0.8,1.0,0.7,0.038461538461538464,0.1,1.0,0.1,0.3333333333333333
188478,mscoco,1.0,1.0,1.0,0.038461538461538464,0.4,1.0,0.2,1.0
463944,mscoco,0.0,0.0,0.0,0.0,0.1,0.1,0.0,0.0294117647058823
521657,mscoco,0.6,0.25,0.5,0.037037037037037035,0.2,1.0,0.1,1.0
310511,mscoco,0.0,0.07692307692307693,0.3,0.03571428571428571,0.1,0.3333333333333333,0.1,1.0
24859,mscoco,0.6,1.0,0.8,0.037037037037037035,0.1,0.1,0.2,1.0
402662,mscoco,0.4,0.5,0.6,0.037037037037037035,0.2,0.25,0.4,1.0
109791,mscoco,0.6,1.0,0.9,0.038461538461538464,0.2,0.3333333333333333,0.3,1.0
62,drawbench,1.0,1.0,0.7,0.038461538461538464,0.0,0.0025839793281653,0.0,0.0023809523809523
298190,mscoco,0.5,1.0,0.3,0.03571428571428571,0.1,0.125,0.3,1.0
86065,mscoco,0.9,1.0,1.0,0.038461538461538464,0.4,0.5,0.4,0.25
127726,mscoco,0.0,0.09090909090909091,0.0,0.0,0.2,1.0,0.1,1.0
572825,mscoco,0.4,1.0,0.7,0.037037037037037035,0.4,0.5,0.7,1.0
246009,mscoco,0.9,1.0,0.8,0.037037037037037035,0.5,1.0,0.7,1.0
517906,mscoco,0.0,0.0,0.1,0.03125,0.0,0.0909090909090909,0.1,0.1666666666666666
265256,mscoco,0.4,1.0,0.5,0.034482758620689655,0.0,0.0833333333333333,0.2,1.0
373038,mscoco,0.0,0.0,0.0,0.0,0.0,0.0909090909090909,0.1,1.0
53720,mscoco,0.8,0.5,1.0,0.038461538461538464,0.4,0.5,0.8,0.3333333333333333
514116,mscoco,0.0,0.047619047619047616,0.3,0.038461538461538464,0.0,0.0625,0.3,0.5
395396,mscoco,1.0,1.0,1.0,0.038461538461538464,0.5,1.0,0.8,1.0
118851,mscoco,0.7,1.0,0.8,0.038461538461538464,0.4,1.0,0.6,1.0
198625,mscoco,1.0,1.0,1.0,0.038461538461538464,0.0,0.0333333333333333,0.2,0.2
53,drawbench,0.2,0.125,0.4,0.038461538461538464,0.0,0.0,0.0,0.0
99,drawbench,0.1,0.3333333333333333,0.0,0.0,0.0,0.0,0.0,0.0
132656,mscoco,1.0,1.0,1.0,0.038461538461538464,0.2,0.3333333333333333,0.2,0.5
213276,mscoco,0.0,0.0,0.0,0.0,0.1,1.0,0.1,1.0
123974,mscoco,0.4,1.0,0.6,0.037037037037037035,0.5,1.0,0.6,0.5
131,drawbench,0.2,0.125,0.7,0.037037037037037035,0.0,0.0,0.0,0.0
435096,mscoco,0.0,0.0,0.1,0.029411764705882353,0.1,1.0,0.1,1.0
509764,mscoco,0.0,0.09090909090909091,0.2,0.034482758620689655,0.1,0.5,0.0,0.0454545454545454
204273,mscoco,0.9,1.0,1.0,0.038461538461538464,0.1,0.2,0.1,0.125
299768,mscoco,1.0,1.0,1.0,0.038461538461538464,0.0,0.003012048192771,0.3,0.25
135369,mscoco,1.0,1.0,1.0,0.038461538461538464,0.8,1.0,0.6,1.0
508053,mscoco,0.9,1.0,1.0,0.038461538461538464,0.1,0.2,0.2,0.5
475413,mscoco,0.1,0.5,0.6,0.038461538461538464,0.0,0.0434782608695652,0.0,0.027027027027027
44328,mscoco,0.0,0.0,0.1,0.037037037037037035,0.1,1.0,0.1,0.3333333333333333
127743,mscoco,0.4,1.0,0.1,0.038461538461538464,0.2,1.0,0.2,1.0
316842,mscoco,0.5,1.0,0.7,0.038461538461538464,0.0,0.0769230769230769,0.2,0.5
131075,mscoco,0.0,0.0,0.1,0.03225806451612903,0.0,0.0059171597633136,0.2,1.0
323812,mscoco,0.3,0.25,0.5,0.034482758620689655,0.4,1.0,0.6,1.0
354212,mscoco,1.0,1.0,0.9,0.038461538461538464,0.3,1.0,0.7,1.0
33645,mscoco,0.3,0.2,0.2,0.03125,0.1,0.5,0.1,0.25
285529,mscoco,0.7,1.0,0.9,0.038461538461538464,0.6,0.5,0.7,1.0
52669,mscoco,0.4,0.5,0.7,0.038461538461538464,0.0,0.0416666666666666,0.2,0.5
47328,mscoco,1.0,1.0,1.0,0.038461538461538464,0.4,0.5,0.3,0.3333333333333333
256513,mscoco,0.1,0.1,0.7,0.038461538461538464,0.0,0.0833333333333333,0.3,0.5
561196,mscoco,0.0,0.0,0.0,0.020833333333333332,0.1,1.0,0.1,1.0
411261,mscoco,0.4,0.5,0.6,0.037037037037037035,0.1,1.0,0.1,1.0
578056,mscoco,0.0,0.0,0.0,0.0,0.1,0.3333333333333333,0.1,1.0
110926,mscoco,0.8,0.5,1.0,0.038461538461538464,0.0,0.0204081632653061,0.1,1.0
290175,mscoco,0.6,0.2,0.8,0.038461538461538464,0.4,0.2,0.6,1.0
295589,mscoco,0.4,0.25,0.8,0.038461538461538464,0.0,0.0028735632183908,0.0,0.0025316455696202
442478,mscoco,0.2,0.2,0.8,0.038461538461538464,0.0,0.0108695652173913,0.0,0.0153846153846153
267598,mscoco,0.9,1.0,1.0,0.038461538461538464,0.3,1.0,0.4,1.0
386424,mscoco,0.4,0.25,0.4,0.037037037037037035,0.2,0.3333333333333333,0.1,0.1666666666666666
10727,mscoco,0.8,0.5,0.8,0.038461538461538464,0.0,0.0454545454545454,0.1,0.1
7452,mscoco,1.0,1.0,1.0,0.038461538461538464,0.2,0.1666666666666666,0.5,0.5
322560,mscoco,0.1,0.1,0.1,0.037037037037037035,0.3,0.25,0.4,1.0
185849,mscoco,0.3,0.25,0.3,0.038461538461538464,0.1,0.1666666666666666,0.0,0.0067567567567567
459827,mscoco,0.0,0.07692307692307693,0.1,0.030303030303030304,0.0,0.0769230769230769,0.3,0.5
415840,mscoco,0.3,0.16666666666666666,0.0,0.0,0.0,0.0303030303030303,0.0,0.0057471264367816
206274,mscoco,0.4,1.0,0.3,0.038461538461538464,0.1,1.0,0.2,1.0
239888,mscoco,1.0,1.0,1.0,0.038461538461538464,0.1,0.3333333333333333,0.6,0.5
120,drawbench,0.0,0.08333333333333333,0.2,0.03125,0.0,0.0,0.0,0.0
309169,mscoco,0.3,0.5,0.9,0.038461538461538464,0.0,0.04,0.2,0.5
112996,mscoco,0.4,1.0,0.5,0.038461538461538464,0.1,1.0,0.1,1.0
459343,mscoco,1.0,1.0,1.0,0.038461538461538464,0.4,1.0,0.7,1.0
471488,mscoco,0.5,0.25,0.7,0.038461538461538464,0.0,0.0024213075060532,0.0,0.025
252919,mscoco,1.0,1.0,1.0,0.038461538461538464,0.3,1.0,0.4,0.5
7945,mscoco,0.1,0.14285714285714285,0.0,0.0,0.0,0.0625,0.1,1.0
162215,mscoco,1.0,1.0,1.0,0.038461538461538464,0.4,0.5,0.6,1.0
193889,mscoco,0.0,0.0,0.1,0.038461538461538464,0.0,0.0070422535211267,0.1,1.0
46,drawbench,0.0,0.08333333333333333,0.2,0.034482758620689655,0.0,0.0,0.0,0.0
30,drawbench,0.5,1.0,0.5,0.038461538461538464,0.0,0.0,0.0,0.0
386864,mscoco,0.1,1.0,0.1,0.03333333333333333,0.1,0.25,0.2,0.25
232287,mscoco,0.1,0.16666666666666666,0.0,0.023809523809523808,0.0,0.0204081632653061,0.1,0.5
241027,mscoco,0.9,1.0,0.7,0.03571428571428571,0.6,0.3333333333333333,0.3,0.1666666666666666
213795,mscoco,0.2,1.0,0.6,0.034482758620689655,0.1,0.25,0.2,0.25
12059,mscoco,0.1,0.1111111111111111,0.1,0.037037037037037035,0.1,1.0,0.1,1.0
162753,mscoco,0.7,1.0,1.0,0.038461538461538464,0.2,1.0,0.0,0.0555555555555555
425458,mscoco,0.0,0.07692307692307693,0.1,0.030303030303030304,0.2,0.5,0.4,0.3333333333333333
368956,mscoco,0.7,1.0,0.5,0.038461538461538464,0.1,0.1,0.0,0.0526315789473684
496410,mscoco,0.0,0.07142857142857142,0.0,0.0,0.1,0.1111111111111111,0.2,0.5
532612,mscoco,0.7,1.0,0.8,0.038461538461538464,0.1,1.0,0.0,0.0625
230837,mscoco,0.9,0.5,1.0,0.038461538461538464,0.0,0.0196078431372549,0.0,0.0769230769230769
460882,mscoco,1.0,1.0,0.9,0.038461538461538464,0.4,0.5,0.3,0.5
485852,mscoco,0.0,0.045454545454545456,0.4,0.034482758620689655,0.1,0.3333333333333333,0.0,0.0416666666666666
72342,mscoco,0.7,0.3333333333333333,0.8,0.038461538461538464,0.2,1.0,0.1,0.2
81017,mscoco,0.8,0.5,0.7,0.038461538461538464,0.0,0.0909090909090909,0.1,0.125
401828,mscoco,0.1,0.14285714285714285,0.1,0.03125,0.2,0.1666666666666666,0.2,1.0
554138,mscoco,0.7,1.0,0.9,0.038461538461538464,0.0,0.0666666666666666,0.1,0.1111111111111111
321742,mscoco,0.9,1.0,1.0,0.038461538461538464,0.4,1.0,0.7,1.0
574384,mscoco,1.0,1.0,1.0,0.038461538461538464,0.0,0.002020202020202,0.0,0.0014306151645207
446557,mscoco,0.6,1.0,0.4,0.038461538461538464,0.1,0.1428571428571428,0.0,0.05
253498,mscoco,0.5,0.3333333333333333,0.8,0.038461538461538464,0.1,0.3333333333333333,0.4,0.25
448251,mscoco,0.3,0.3333333333333333,0.1,0.03333333333333333,0.1,0.5,0.0,0.0188679245283018
116622,mscoco,1.0,1.0,1.0,0.038461538461538464,0.3,1.0,0.3,0.3333333333333333
486899,mscoco,0.7,1.0,0.9,0.038461538461538464,0.2,1.0,0.0,0.0178571428571428
59295,mscoco,0.7,1.0,0.8,0.038461538461538464,0.1,1.0,0.1,0.2
289012,mscoco,0.0,0.09090909090909091,0.3,0.03571428571428571,0.1,0.2,0.1,1.0
435902,mscoco,0.9,0.5,1.0,0.038461538461538464,0.2,0.25,0.6,1.0
480518,mscoco,0.8,1.0,0.8,0.038461538461538464,0.5,0.5,0.4,1.0
39272,mscoco,0.6,1.0,0.6,0.038461538461538464,0.1,0.5,0.1,1.0
558579,mscoco,0.0,0.047619047619047616,0.1,0.034482758620689655,0.2,1.0,0.2,0.2
143348,mscoco,1.0,1.0,1.0,0.038461538461538464,0.1,1.0,0.4,0.2
16961,mscoco,0.5,0.5,0.4,0.034482758620689655,0.1,0.5,0.1,0.1428571428571428
489939,mscoco,0.2,0.16666666666666666,0.8,0.038461538461538464,0.0,0.0116279069767441,0.1,0.3333333333333333
185281,mscoco,0.6,1.0,0.5,0.038461538461538464,0.2,1.0,0.2,1.0
500622,mscoco,0.0,0.0,0.0,0.0,0.1,1.0,0.1,0.5
220772,mscoco,0.7,1.0,0.3,0.037037037037037035,0.0,0.0060240963855421,0.0,0.0068965517241379
550400,mscoco,0.4,0.5,0.5,0.037037037037037035,0.2,1.0,0.2,1.0
378906,mscoco,0.5,0.5,0.2,0.038461538461538464,0.0,0.0769230769230769,0.1,1.0
542111,mscoco,1.0,1.0,1.0,0.038461538461538464,0.1,0.1,0.0,0.0666666666666666
3217,mscoco,1.0,1.0,1.0,0.038461538461538464,0.4,1.0,0.4,0.5
96625,mscoco,0.0,0.09090909090909091,0.3,0.03571428571428571,0.1,0.5,0.4,1.0
60328,mscoco,1.0,1.0,1.0,0.038461538461538464,0.1,0.1666666666666666,0.3,0.1666666666666666
402287,mscoco,0.6,1.0,0.3,0.038461538461538464,0.3,1.0,0.4,0.25
517909,mscoco,0.3,0.14285714285714285,0.4,0.038461538461538464,0.1,0.5,0.0,0.0285714285714285
113233,mscoco,0.4,0.25,1.0,0.038461538461538464,0.0,0.0072463768115942,0.1,1.0
77181,mscoco,0.0,0.0,0.0,0.02564102564102564,0.1,0.5,0.0,0.0024752475247524
371243,mscoco,1.0,1.0,1.0,0.038461538461538464,0.0,0.0666666666666666,0.8,1.0
146656,mscoco,0.9,1.0,0.8,0.038461538461538464,0.1,0.2,0.0,0.0666666666666666
430688,mscoco,0.0,0.0,0.0,0.0,0.1,0.25,0.1,1.0
143449,mscoco,0.3,0.5,0.5,0.038461538461538464,0.5,1.0,0.3,1.0
57433,mscoco,0.6,0.2,1.0,0.038461538461538464,0.1,0.2,0.0,0.0769230769230769
298736,mscoco,0.2,0.2,0.6,0.037037037037037035,0.1,1.0,0.4,1.0
406550,mscoco,1.0,1.0,0.9,0.038461538461538464,0.1,0.1428571428571428,0.0,0.037037037037037
561903,mscoco,0.0,0.045454545454545456,0.0,0.027777777777777776,0.0,0.0476190476190476,0.1,1.0
227699,mscoco,0.9,1.0,1.0,0.038461538461538464,0.4,1.0,0.4,0.5
59821,mscoco,0.2,1.0,0.2,0.03571428571428571,0.0,0.0083333333333333,0.0,0.04
265612,mscoco,0.2,1.0,0.2,0.038461538461538464,0.3,1.0,0.2,1.0
24591,mscoco,0.1,0.3333333333333333,0.8,0.038461538461538464,0.0,0.0714285714285714,0.3,0.5
71,drawbench,0.6,0.25,0.7,0.038461538461538464,0.0,0.000432525951557,0.0,0.0008771929824561
35,drawbench,1.0,1.0,1.0,0.038461538461538464,0.0,0.0454545454545454,0.0,0.0133333333333333
317833,mscoco,0.0,0.0,0.1,0.030303030303030304,0.1,0.25,0.0,0.0454545454545454
544583,mscoco,0.7,1.0,1.0,0.038461538461538464,0.0,0.0666666666666666,0.7,0.5
514544,mscoco,0.2,0.2,0.0,0.025,0.5,1.0,0.4,1.0
160199,mscoco,0.1,0.14285714285714285,0.8,0.038461538461538464,0.1,0.125,0.3,0.5
156445,mscoco,0.8,1.0,0.9,0.037037037037037035,0.2,1.0,0.4,1.0
46686,mscoco,0.6,1.0,0.5,0.037037037037037035,0.2,1.0,0.2,0.3333333333333333
563457,mscoco,0.1,1.0,0.2,0.037037037037037035,0.2,0.5,0.2,1.0
520848,mscoco,0.5,1.0,0.9,0.038461538461538464,0.4,1.0,0.5,0.25
433992,mscoco,0.6,0.3333333333333333,0.7,0.038461538461538464,0.0,0.0031746031746031,0.1,0.1666666666666666
415464,mscoco,0.7,0.5,0.1,0.03333333333333333,0.0,0.0136986301369863,0.0,0.0045871559633027
62543,mscoco,0.7,0.3333333333333333,1.0,0.038461538461538464,0.3,0.2,0.7,0.5
123175,mscoco,1.0,1.0,0.8,0.038461538461538464,0.4,1.0,0.3,1.0
65383,mscoco,1.0,1.0,1.0,0.038461538461538464,0.3,0.5,1.0,1.0
544001,mscoco,0.5,1.0,1.0,0.038461538461538464,0.4,1.0,0.2,0.1428571428571428
41104,mscoco,1.0,1.0,0.9,0.038461538461538464,0.5,1.0,0.5,1.0
355193,mscoco,1.0,1.0,1.0,0.038461538461538464,1.0,1.0,1.0,1.0
500940,mscoco,0.0,0.0,0.0,0.0,0.1,1.0,0.1,0.5
429142,mscoco,0.0,0.06666666666666667,0.1,0.038461538461538464,0.0,0.01,0.1,1.0
125252,mscoco,0.0,0.09090909090909091,0.0,0.023255813953488372,0.2,0.5,0.2,0.5
14683,mscoco,0.9,1.0,1.0,0.038461538461538464,0.2,1.0,0.3,1.0
109,drawbench,0.3,0.2,0.3,0.037037037037037035,0.1,0.1428571428571428,0.0,0.0135135135135135
391662,mscoco,0.1,0.5,0.0,0.02040816326530612,0.1,0.25,0.4,0.5
409131,mscoco,0.9,0.5,1.0,0.038461538461538464,0.2,0.5,0.4,1.0
478880,mscoco,1.0,1.0,0.8,0.038461538461538464,0.0,0.05,0.2,0.5
230972,mscoco,0.2,0.3333333333333333,0.7,0.038461538461538464,0.1,1.0,0.1,0.3333333333333333
233093,mscoco,0.0,0.0,0.0,0.0,0.0,0.0064102564102564,0.0,0.0023364485981308
143,drawbench,0.0,0.0,0.0,0.0,0.0,0.0,0.0,0.0
59918,mscoco,1.0,1.0,1.0,0.038461538461538464,0.2,1.0,0.7,1.0
575958,mscoco,0.6,1.0,0.3,0.038461538461538464,0.0,0.0101010101010101,0.1,0.5
381160,mscoco,1.0,1.0,0.8,0.038461538461538464,0.0,0.0714285714285714,0.1,0.5
229067,mscoco,0.9,1.0,1.0,0.038461538461538464,0.6,0.3333333333333333,0.6,1.0
412780,mscoco,0.5,1.0,0.9,0.038461538461538464,0.0,0.0476190476190476,0.2,0.1428571428571428
515655,mscoco,0.1,0.3333333333333333,0.0,0.02631578947368421,0.0,0.0526315789473684,0.1,0.25
385037,mscoco,0.9,1.0,1.0,0.038461538461538464,0.6,1.0,0.6,0.5
30281,mscoco,1.0,1.0,1.0,0.038461538461538464,0.4,0.3333333333333333,0.5,0.3333333333333333
85472,mscoco,0.9,1.0,0.9,0.038461538461538464,0.8,1.0,0.9,1.0
262146,mscoco,0.8,1.0,1.0,0.038461538461538464,0.0,0.0833333333333333,0.5,1.0
85155,mscoco,0.8,1.0,0.9,0.038461538461538464,0.4,1.0,0.3,0.5
406250,mscoco,1.0,1.0,1.0,0.038461538461538464,0.3,1.0,0.5,0.5
172143,mscoco,0.0,0.0,0.0,0.0,0.0,0.0625,0.1,0.5
455667,mscoco,1.0,1.0,1.0,0.038461538461538464,0.3,0.2,0.6,1.0
169006,mscoco,0.6,0.3333333333333333,1.0,0.038461538461538464,0.2,0.5,0.4,0.5
173109,mscoco,0.3,1.0,0.6,0.038461538461538464,0.1,1.0,0.2,1.0
192322,mscoco,0.9,1.0,0.8,0.038461538461538464,0.9,1.0,0.8,1.0
222266,mscoco,0.1,1.0,0.1,0.038461538461538464,0.3,1.0,0.3,1.0
325806,mscoco,1.0,1.0,1.0,0.038461538461538464,0.2,1.0,0.5,0.3333333333333333
449537,mscoco,0.5,1.0,0.9,0.038461538461538464,0.0,0.00625,0.0,0.0555555555555555
145284,mscoco,0.7,1.0,0.6,0.038461538461538464,0.1,0.5,0.0,0.0909090909090909
465058,mscoco,1.0,1.0,1.0,0.038461538461538464,0.3,0.5,0.9,1.0
165893,mscoco,0.0,0.07692307692307693,0.3,0.03571428571428571,0.1,1.0,0.1,1.0
537157,mscoco,0.7,1.0,0.8,0.038461538461538464,0.0,0.0909090909090909,0.1,1.0
426323,mscoco,0.0,0.0,0.0,0.0,0.1,1.0,0.1,1.0
92280,mscoco,0.9,1.0,1.0,0.038461538461538464,0.2,1.0,0.4,1.0
319118,mscoco,0.8,1.0,0.5,0.037037037037037035,0.3,1.0,0.5,0.5
234713,mscoco,0.9,1.0,1.0,0.038461538461538464,0.9,1.0,1.0,1.0
379165,mscoco,0.4,0.25,0.4,0.038461538461538464,0.1,0.125,0.3,1.0
26551,mscoco,0.2,0.25,0.1,0.038461538461538464,0.0,0.0303030303030303,0.3,1.0
280242,mscoco,0.3,0.3333333333333333,0.8,0.037037037037037035,0.2,0.2,0.1,0.1111111111111111
260307,mscoco,0.0,0.07142857142857142,0.2,0.03125,0.0,0.0070422535211267,0.0,0.0526315789473684
433168,mscoco,0.7,1.0,0.9,0.038461538461538464,0.3,1.0,0.3,1.0
319043,mscoco,0.5,0.25,0.7,0.034482758620689655,0.1,0.25,0.3,0.25
381994,mscoco,0.2,1.0,0.5,0.034482758620689655,0.0,0.0151515151515151,0.1,0.25
206044,mscoco,0.9,1.0,0.7,0.038461538461538464,0.1,1.0,0.1,1.0
211312,mscoco,0.1,0.2,0.1,0.034482758620689655,0.0,0.0188679245283018,0.1,1.0
42196,mscoco,0.6,1.0,0.9,0.038461538461538464,0.0,0.0833333333333333,0.6,1.0
497096,mscoco,0.2,0.14285714285714285,0.9,0.038461538461538464,0.1,0.1666666666666666,0.4,0.2
81,mscoco,1.0,1.0,1.0,0.038461538461538464,0.0,0.0119047619047619,0.0,0.0256410256410256
486123,mscoco,0.4,0.5,0.2,0.03333333333333333,0.0,0.0476190476190476,0.1,0.125
322,mscoco,0.0,0.0,0.0,0.0,0.1,0.1666666666666666,0.1,0.125
493294,mscoco,0.9,1.0,0.8,0.038461538461538464,0.0,0.005,0.2,0.1428571428571428
187090,mscoco,0.6,0.5,0.9,0.038461538461538464,0.6,0.25,0.8,1.0
372902,mscoco,0.0,0.0,0.1,0.037037037037037035,0.1,1.0,0.1,1.0
293979,mscoco,1.0,1.0,1.0,0.038461538461538464,0.3,1.0,0.3,0.5
417090,mscoco,0.0,0.047619047619047616,0.1,0.02857142857142857,0.0,0.0109890109890109,0.1,1.0
422172,mscoco,0.0,0.07692307692307693,0.0,0.0,0.1,0.5,0.1,1.0
280988,mscoco,0.2,0.25,0.1,0.038461538461538464,0.1,0.25,0.1,1.0
227558,mscoco,0.7,1.0,0.6,0.038461538461538464,0.6,0.5,0.9,1.0
348006,mscoco,0.0,0.07142857142857142,0.0,0.0,0.1,0.25,0.1,1.0
166716,mscoco,0.2,0.3333333333333333,0.7,0.037037037037037035,0.0,0.0625,0.0,0.0138888888888888
124018,mscoco,1.0,1.0,1.0,0.038461538461538464,0.4,1.0,0.7,1.0
373792,mscoco,0.4,1.0,0.9,0.038461538461538464,0.5,1.0,0.7,0.5
334364,mscoco,0.1,0.2,0.5,0.038461538461538464,0.1,0.2,0.1,1.0
196473,mscoco,0.1,0.125,0.1,0.03333333333333333,0.7,1.0,0.6,1.0
361866,mscoco,0.7,0.5,0.7,0.038461538461538464,0.1,0.1,0.4,0.5
468932,mscoco,0.5,0.5,0.5,0.038461538461538464,0.1,0.1428571428571428,0.1,0.5
447354,mscoco,0.9,1.0,0.9,0.038461538461538464,0.3,1.0,0.2,1.0
85846,mscoco,0.4,0.3333333333333333,0.3,0.034482758620689655,0.1,1.0,0.0,0.0035971223021582
173631,mscoco,0.6,0.5,0.5,0.038461538461538464,0.1,1.0,0.3,1.0
266805,mscoco,0.5,0.3333333333333333,0.7,0.038461538461538464,0.0,0.0256410256410256,0.3,1.0
299662,mscoco,0.3,1.0,0.4,0.034482758620689655,0.0,0.0666666666666666,0.0,0.0068027210884353
569520,mscoco,0.0,0.08333333333333333,0.2,0.034482758620689655,0.1,0.125,0.2,1.0
193,drawbench,0.0,0.09090909090909091,0.0,0.02127659574468085,0.0,0.0,0.0,0.0
205356,mscoco,0.2,0.14285714285714285,0.5,0.037037037037037035,0.0,0.0555555555555555,0.1,0.1666666666666666
119,drawbench,0.0,0.0,0.0,0.0,0.0,0.0,0.0,0.0
394814,mscoco,0.0,0.07692307692307693,0.5,0.038461538461538464,0.0,0.0384615384615384,0.2,0.25
204940,mscoco,0.9,0.5,1.0,0.038461538461538464,0.2,0.3333333333333333,0.3,1.0
167740,mscoco,1.0,1.0,1.0,0.038461538461538464,0.0,0.0769230769230769,0.1,0.2
544590,mscoco,0.9,1.0,0.8,0.038461538461538464,0.5,0.5,0.4,1.0
344974,mscoco,1.0,1.0,1.0,0.038461538461538464,0.1,1.0,0.1,0.3333333333333333
440434,mscoco,0.0,0.0,0.0,0.0,0.1,1.0,0.1,0.1666666666666666
30752,mscoco,0.9,1.0,1.0,0.038461538461538464,0.4,1.0,0.6,1.0
288975,mscoco,0.4,0.5,0.6,0.038461538461538464,0.0,0.0114942528735632,0.1,0.2
45966,mscoco,0.0,0.0,0.0,0.023255813953488372,0.1,1.0,0.0,0.037037037037037
136042,mscoco,0.0,0.047619047619047616,0.1,0.03571428571428571,0.1,0.25,0.1,0.1428571428571428
369514,mscoco,0.6,0.5,1.0,0.038461538461538464,0.1,1.0,0.0,0.0666666666666666
483525,mscoco,0.8,1.0,0.9,0.038461538461538464,0.2,0.1666666666666666,0.3,1.0
280347,mscoco,0.9,1.0,0.5,0.038461538461538464,0.3,1.0,0.5,1.0
411343,mscoco,0.9,0.5,1.0,0.038461538461538464,0.3,0.1428571428571428,0.8,0.5
567803,mscoco,1.0,1.0,1.0,0.038461538461538464,0.2,0.3333333333333333,0.3,1.0
217458,mscoco,0.0,0.0,0.0,0.0,0.1,0.1666666666666666,0.1,1.0
166430,mscoco,0.1,0.16666666666666666,0.0,0.02631578947368421,0.1,0.3333333333333333,0.0,0.0666666666666666
556597,mscoco,0.8,1.0,0.9,0.037037037037037035,0.0,0.0434782608695652,0.3,0.25
365556,mscoco,1.0,1.0,1.0,0.038461538461538464,0.3,1.0,0.3,0.5
20987,mscoco,0.5,0.5,0.7,0.037037037037037035,0.0,0.0263157894736842,0.1,1.0
162031,mscoco,0.0,0.0,0.0,0.0,0.2,1.0,0.2,1.0
485955,mscoco,0.0,0.0,0.0,0.0,0.1,0.3333333333333333,0.1,1.0
202307,mscoco,1.0,1.0,0.9,0.038461538461538464,0.5,0.5,0.9,1.0
502126,mscoco,0.1,0.125,0.5,0.038461538461538464,0.0,0.0666666666666666,0.1,0.1
10130,mscoco,0.1,0.16666666666666666,0.0,0.0,0.1,1.0,0.1,1.0
33489,mscoco,0.0,0.0,0.0,0.0,0.1,0.5,0.1,0.2
167152,mscoco,1.0,1.0,1.0,0.038461538461538464,0.0,0.0294117647058823,0.0,0.0188679245283018
554207,mscoco,0.4,0.25,1.0,0.038461538461538464,0.1,1.0,0.2,0.3333333333333333
162827,mscoco,0.9,1.0,0.9,0.038461538461538464,0.1,1.0,0.3,1.0
329217,mscoco,0.0,0.0,0.0,0.02702702702702703,0.1,1.0,0.1,1.0
187194,mscoco,0.2,0.125,0.4,0.03225806451612903,0.1,0.5,0.2,1.0
374357,mscoco,0.7,1.0,0.8,0.038461538461538464,0.5,1.0,0.9,1.0
240976,mscoco,0.5,0.5,0.6,0.038461538461538464,0.1,0.3333333333333333,0.0,0.0666666666666666
558171,mscoco,0.6,1.0,0.7,0.038461538461538464,0.0,0.0068965517241379,0.0,0.0625
126714,mscoco,0.0,0.08333333333333333,0.0,0.02702702702702703,0.0,0.0006361323155216,0.1,0.2
132652,mscoco,0.8,1.0,1.0,0.038461538461538464,0.7,1.0,0.8,1.0
87272,mscoco,0.1,1.0,0.3,0.038461538461538464,0.1,1.0,0.2,1.0
18973,mscoco,0.3,0.25,0.6,0.037037037037037035,0.2,1.0,0.0,0.0833333333333333
214261,mscoco,0.8,1.0,0.9,0.038461538461538464,0.3,1.0,0.3,1.0
44136,mscoco,0.0,0.0,0.0,0.02564102564102564,0.1,0.1,0.0,0.0769230769230769
204020,mscoco,0.0,0.0,0.0,0.0,0.0,0.0088495575221238,0.1,0.3333333333333333
226848,mscoco,0.9,1.0,1.0,0.038461538461538464,0.3,0.1666666666666666,0.7,1.0
303570,mscoco,0.7,1.0,0.7,0.037037037037037035,0.1,0.1111111111111111,0.0,0.0909090909090909
399983,mscoco,0.8,0.3333333333333333,1.0,0.038461538461538464,0.1,0.125,0.3,1.0
168843,mscoco,0.0,0.0,0.3,0.03571428571428571,0.2,1.0,0.2,1.0
369074,mscoco,1.0,1.0,0.7,0.038461538461538464,0.1,1.0,0.2,1.0
364487,mscoco,0.4,0.3333333333333333,0.6,0.038461538461538464,0.0,0.0085470085470085,0.0,0.0051282051282051
232546,mscoco,0.0,0.07142857142857142,0.0,0.0,0.1,0.5,0.0,0.0052910052910052
159,drawbench,0.0,0.0,0.0,0.0,0.0,9.588095420725627e-06,0.0,1.7944300890037325e-05
329336,mscoco,0.0,0.058823529411764705,0.5,0.037037037037037035,0.0,0.0476190476190476,0.0,0.0769230769230769
229481,mscoco,0.2,0.2,0.6,0.038461538461538464,0.0,0.04,0.2,0.25
528575,mscoco,0.8,1.0,0.5,0.038461538461538464,0.1,1.0,0.1,1.0
3694,mscoco,0.4,1.0,0.9,0.038461538461538464,0.0,0.0909090909090909,0.4,1.0
417016,mscoco,0.9,1.0,1.0,0.038461538461538464,0.1,0.1666666666666666,0.2,0.1666666666666666
251418,mscoco,0.0,0.09090909090909091,0.0,0.027777777777777776,0.0,0.0476190476190476,0.0,0.0263157894736842
547866,mscoco,0.9,1.0,0.9,0.038461538461538464,0.3,0.5,0.4,0.5
166998,mscoco,0.7,0.5,1.0,0.038461538461538464,0.4,0.3333333333333333,0.6,1.0
570864,mscoco,0.0,0.0,0.0,0.0,0.6,1.0,0.4,0.5
462445,mscoco,0.1,0.2,0.1,0.03225806451612903,0.1,1.0,0.1,1.0
300661,mscoco,0.0,0.0,0.0,0.0,0.1,0.1666666666666666,0.1,1.0
169502,mscoco,0.8,0.5,0.6,0.038461538461538464,0.1,0.2,0.1,1.0
66144,mscoco,0.2,0.16666666666666666,0.4,0.038461538461538464,0.1,0.1,0.1,1.0
269843,mscoco,0.0,0.0,0.0,0.0,0.1,0.25,0.1,1.0
54938,mscoco,0.1,0.1,0.1,0.03571428571428571,0.0,0.0175438596491228,0.0,0.04
27390,mscoco,0.6,0.5,0.8,0.037037037037037035,0.1,0.1666666666666666,0.1,0.3333333333333333
521978,mscoco,0.8,1.0,0.8,0.038461538461538464,0.1,1.0,0.1,0.5
429433,mscoco,0.3,0.5,0.3,0.038461538461538464,0.1,0.25,0.0,0.0093457943925233
134,drawbench,0.5,1.0,0.2,0.03333333333333333,0.0,2.6367136001687492e-05,0.0,0.0021231422505307
378621,mscoco,0.5,0.5,0.7,0.038461538461538464,0.1,0.1111111111111111,0.0,0.0476190476190476
222948,mscoco,0.2,0.5,0.4,0.037037037037037035,0.0,0.0056497175141242,0.1,0.3333333333333333
77,drawbench,0.1,0.14285714285714285,0.0,0.023809523809523808,0.0,0.0095238095238095,0.0,0.0084033613445378
124903,mscoco,1.0,1.0,1.0,0.038461538461538464,0.1,0.3333333333333333,0.8,1.0
359375,mscoco,0.0,0.07692307692307693,0.4,0.038461538461538464,0.1,0.5,0.1,0.5
244760,mscoco,0.8,1.0,0.9,0.038461538461538464,0.7,1.0,0.8,1.0
83097,mscoco,0.0,0.0625,0.0,0.020833333333333332,0.3,0.2,0.3,0.3333333333333333
337264,mscoco,0.0,0.0,0.0,0.0,0.1,1.0,0.1,1.0
145921,mscoco,0.9,1.0,1.0,0.038461538461538464,0.2,0.2,0.0,0.0833333333333333
422155,mscoco,0.5,1.0,0.4,0.038461538461538464,0.5,1.0,0.8,1.0
451969,mscoco,0.5,0.3333333333333333,0.8,0.03571428571428571,0.1,0.1666666666666666,0.1,0.2
484344,mscoco,0.6,1.0,0.8,0.038461538461538464,0.2,0.25,0.3,0.3333333333333333
488952,mscoco,0.5,0.5,0.6,0.038461538461538464,0.1,0.1666666666666666,0.1,1.0
67163,mscoco,0.1,0.16666666666666666,0.2,0.037037037037037035,0.1,1.0,0.1,0.3333333333333333
521068,mscoco,0.2,0.16666666666666666,0.2,0.03333333333333333,0.1,0.1,0.0,0.0119047619047619
424340,mscoco,0.0,0.0,0.0,0.02564102564102564,0.1,0.2,0.0,0.0769230769230769
364491,mscoco,0.3,0.3333333333333333,0.3,0.03333333333333333,0.2,1.0,0.0,0.0909090909090909
556901,mscoco,1.0,1.0,1.0,0.038461538461538464,0.2,0.5,0.0,0.0526315789473684
420826,mscoco,0.9,1.0,1.0,0.038461538461538464,0.2,1.0,0.2,0.3333333333333333
283213,mscoco,0.7,0.5,0.8,0.037037037037037035,0.0,0.0833333333333333,0.2,0.2
214363,mscoco,0.0,0.05555555555555555,0.0,0.022727272727272728,0.1,0.25,0.1,1.0
165350,mscoco,0.9,1.0,1.0,0.038461538461538464,0.0,0.0909090909090909,0.2,1.0
79806,mscoco,0.3,0.25,0.3,0.034482758620689655,0.0,0.0833333333333333,0.1,0.125
279175,mscoco,0.2,0.2,0.1,0.030303030303030304,0.3,0.5,0.4,1.0
200423,mscoco,0.4,0.25,0.8,0.038461538461538464,0.1,0.1111111111111111,0.2,0.1111111111111111
11041,mscoco,0.9,1.0,1.0,0.038461538461538464,0.7,1.0,0.7,0.3333333333333333
61377,mscoco,0.0,0.0,0.0,0.0,0.1,0.1,0.1,0.5
499094,mscoco,1.0,1.0,1.0,0.038461538461538464,0.0,0.0476190476190476,0.3,0.25
65,drawbench,0.0,0.0,0.0,0.0,0.0,0.0,0.0,0.0
20542,mscoco,0.6,0.3333333333333333,0.9,0.037037037037037035,0.2,0.3333333333333333,0.2,1.0
295472,mscoco,0.9,1.0,1.0,0.038461538461538464,0.2,0.3333333333333333,0.7,1.0
4471,mscoco,0.4,0.3333333333333333,0.1,0.03333333333333333,0.3,0.5,0.2,0.25
518816,mscoco,0.0,0.0,0.0,0.0,0.1,1.0,0.1,0.3333333333333333
267700,mscoco,0.8,1.0,1.0,0.038461538461538464,0.8,1.0,0.5,1.0
436696,mscoco,0.5,1.0,0.6,0.038461538461538464,0.0,0.0833333333333333,0.2,0.5
477351,mscoco,0.0,0.0,0.0,0.0,0.2,1.0,0.2,1.0
84084,mscoco,0.9,1.0,1.0,0.038461538461538464,0.1,1.0,0.4,0.5
492314,mscoco,1.0,1.0,1.0,0.038461538461538464,0.1,0.125,0.2,0.3333333333333333
13882,mscoco,0.2,0.14285714285714285,0.0,0.02702702702702703,0.1,1.0,0.1,1.0
125700,mscoco,0.0,0.0,0.1,0.03125,0.2,0.5,0.1,1.0
370103,mscoco,1.0,1.0,1.0,0.038461538461538464,0.3,1.0,0.0,0.0909090909090909
94,drawbench,0.1,0.16666666666666666,0.1,0.03571428571428571,0.0,0.0769230769230769,0.0,0.0048543689320388
137273,mscoco,0.2,0.5,0.4,0.038461538461538464,0.1,0.5,0.1,1.0
106935,mscoco,0.2,0.2,0.9,0.038461538461538464,0.1,0.1111111111111111,0.1,0.125
797,mscoco,1.0,1.0,1.0,0.038461538461538464,0.5,0.5,0.6,1.0
107362,mscoco,0.0,0.07692307692307693,0.1,0.030303030303030304,0.1,0.125,0.3,1.0
81128,mscoco,0.0,0.0,0.0,0.0,0.1,0.5,0.1,1.0
442554,mscoco,0.1,1.0,0.1,0.038461538461538464,0.1,1.0,0.1,1.0
19413,mscoco,0.5,1.0,0.3,0.03571428571428571,0.0,0.008,0.0,0.0033444816053511
7583,mscoco,0.0,0.07142857142857142,0.4,0.037037037037037035,0.0,0.0909090909090909,0.4,1.0
464634,mscoco,0.0,0.0,0.0,0.0,0.1,0.5,0.2,1.0
257788,mscoco,0.8,1.0,0.6,0.038461538461538464,0.4,1.0,0.3,0.5
385438,mscoco,0.2,0.2,0.4,0.037037037037037035,0.0,0.04,0.0,0.0833333333333333
275432,mscoco,0.2,0.25,0.6,0.03571428571428571,0.0,0.0232558139534883,0.1,1.0
490582,mscoco,0.1,0.16666666666666666,0.5,0.03571428571428571,0.1,0.5,0.1,1.0
399880,mscoco,0.2,0.3333333333333333,0.3,0.037037037037037035,0.2,1.0,0.2,1.0
256903,mscoco,0.6,0.5,1.0,0.038461538461538464,0.0,0.0476190476190476,0.6,0.3333333333333333
2349,mscoco,0.5,1.0,0.7,0.038461538461538464,0.1,0.5,0.1,1.0
70735,mscoco,0.9,0.5,1.0,0.038461538461538464,0.4,0.3333333333333333,0.5,1.0
73634,mscoco,0.0,0.09090909090909091,0.4,0.034482758620689655,0.4,1.0,0.5,1.0
495131,mscoco,0.0,0.0,0.0,0.0,0.0,0.0217391304347826,0.1,0.1
548953,mscoco,0.2,0.3333333333333333,0.8,0.038461538461538464,0.0,0.0119047619047619,0.0,0.0227272727272727
517780,mscoco,0.5,0.25,0.4,0.037037037037037035,0.1,1.0,0.1,1.0
314616,mscoco,0.1,0.2,0.0,0.023809523809523808,0.0,0.0909090909090909,0.1,1.0
51070,mscoco,0.0,0.0,0.0,0.023809523809523808,0.0,0.0048076923076923,0.1,0.5
61761,mscoco,0.6,0.3333333333333333,0.6,0.03571428571428571,0.3,1.0,0.5,1.0
228657,mscoco,0.6,0.5,1.0,0.038461538461538464,0.1,0.1428571428571428,0.6,0.3333333333333333
328732,mscoco,0.9,1.0,1.0,0.038461538461538464,0.3,0.25,0.3,1.0
152108,mscoco,0.9,0.5,1.0,0.038461538461538464,0.4,1.0,0.7,0.5
309192,mscoco,0.7,1.0,0.7,0.037037037037037035,0.3,1.0,0.2,0.25
28085,mscoco,0.0,0.0,0.0,0.0,0.1,1.0,0.1,1.0
392717,mscoco,0.1,0.1,0.1,0.03225806451612903,0.0,0.003731343283582,0.1,1.0
373648,mscoco,1.0,1.0,1.0,0.038461538461538464,0.2,0.5,0.2,0.5
186201,mscoco,0.4,1.0,0.5,0.03571428571428571,0.3,1.0,0.1,0.25
556248,mscoco,0.6,0.5,0.8,0.038461538461538464,0.3,0.5,0.1,0.3333333333333333
30631,mscoco,0.1,0.1111111111111111,0.2,0.034482758620689655,0.0,0.0012165450121654,0.1,0.25
109838,mscoco,0.4,0.25,0.4,0.037037037037037035,0.1,1.0,0.4,0.2
97686,mscoco,0.3,0.125,0.4,0.037037037037037035,0.1,1.0,0.1,0.1
22559,mscoco,0.0,0.0,0.0,0.0,0.1,1.0,0.1,1.0
163474,mscoco,0.7,1.0,0.6,0.038461538461538464,0.0,0.0069930069930069,0.0,0.05
23489,mscoco,0.4,0.3333333333333333,0.7,0.038461538461538464,0.6,1.0,0.8,1.0
460417,mscoco,0.1,0.1,0.3,0.038461538461538464,0.0,0.0103092783505154,0.1,1.0
143120,mscoco,0.4,0.25,0.4,0.03571428571428571,0.1,0.3333333333333333,0.2,0.5
549649,mscoco,0.1,0.3333333333333333,0.0,0.0,0.1,0.5,0.1,1.0
62132,mscoco,0.0,0.0,0.0,0.020833333333333332,0.1,0.5,0.1,1.0
371157,mscoco,0.0,0.0,0.0,0.0,0.0,0.04,0.1,0.1
376009,mscoco,0.0,0.09090909090909091,0.0,0.027777777777777776,0.1,1.0,0.0,0.0357142857142857
41997,mscoco,1.0,1.0,1.0,0.038461538461538464,0.9,1.0,1.0,1.0
305338,mscoco,0.0,0.0,0.0,0.0,0.5,0.5,0.2,1.0
151922,mscoco,0.4,1.0,0.4,0.038461538461538464,0.1,0.1428571428571428,0.3,1.0
169683,mscoco,0.6,0.3333333333333333,0.6,0.037037037037037035,0.5,1.0,0.7,1.0
504216,mscoco,0.0,0.0625,0.0,0.0,0.1,1.0,0.1,0.5
42215,mscoco,1.0,1.0,1.0,0.038461538461538464,0.5,1.0,0.5,1.0
285607,mscoco,1.0,1.0,1.0,0.038461538461538464,0.0,0.0666666666666666,0.0,0.0192307692307692
345562,mscoco,0.0,0.0,0.0,0.0,0.1,0.2,0.1,0.1
155160,mscoco,0.1,0.16666666666666666,0.0,0.020833333333333332,0.1,1.0,0.1,1.0
576944,mscoco,0.2,0.16666666666666666,0.7,0.037037037037037035,0.1,0.3333333333333333,0.3,1.0
488360,mscoco,0.0,0.0,0.0,0.0,0.1,0.1428571428571428,0.1,0.3333333333333333
20641,mscoco,0.8,0.5,0.8,0.038461538461538464,0.2,1.0,0.2,1.0
83268,mscoco,0.4,0.5,0.6,0.038461538461538464,0.1,1.0,0.0,0.037037037037037
203618,mscoco,0.5,0.25,0.8,0.038461538461538464,0.1,0.125,0.1,1.0
301870,mscoco,1.0,1.0,1.0,0.038461538461538464,0.5,1.0,0.6,1.0
424788,mscoco,0.7,0.3333333333333333,0.8,0.038461538461538464,0.1,1.0,0.5,1.0
292170,mscoco,0.0,0.05555555555555555,0.3,0.038461538461538464,0.1,0.1111111111111111,0.3,0.5
502823,mscoco,0.4,1.0,0.5,0.03333333333333333,0.2,1.0,0.4,1.0
40531,mscoco,0.7,1.0,0.8,0.038461538461538464,0.6,0.3333333333333333,0.8,0.5
162020,mscoco,0.4,0.16666666666666666,0.3,0.038461538461538464,0.1,0.25,0.1,0.3333333333333333
84853,mscoco,0.3,1.0,0.1,0.03333333333333333,0.5,0.5,0.7,1.0
139839,mscoco,0.1,0.3333333333333333,0.3,0.038461538461538464,0.1,0.125,0.1,0.1666666666666666
163296,mscoco,1.0,1.0,1.0,0.038461538461538464,0.5,0.3333333333333333,0.4,1.0
268644,mscoco,0.5,1.0,0.6,0.037037037037037035,0.7,1.0,0.9,1.0
69283,mscoco,0.0,0.0,0.0,0.0,0.0,0.0169491525423728,0.1,1.0
59610,mscoco,1.0,1.0,1.0,0.038461538461538464,0.5,1.0,0.7,1.0
471834,mscoco,0.5,0.3333333333333333,0.8,0.037037037037037035,0.2,0.3333333333333333,0.7,0.5
15197,mscoco,0.5,0.3333333333333333,0.8,0.038461538461538464,0.4,0.5,0.6,0.5
343908,mscoco,0.1,0.16666666666666666,0.3,0.03333333333333333,0.0,0.0093457943925233,0.0,0.0208333333333333
451375,mscoco,0.0,0.0,0.0,0.0,0.1,0.3333333333333333,0.1,0.5
440027,mscoco,0.5,0.3333333333333333,0.7,0.034482758620689655,0.2,0.25,0.5,0.5
377777,mscoco,0.0,0.0,0.1,0.038461538461538464,0.0,0.0060240963855421,0.3,1.0
130240,mscoco,0.9,1.0,1.0,0.038461538461538464,0.4,0.25,0.8,0.5
121618,mscoco,0.1,0.1,0.3,0.037037037037037035,0.3,0.5,0.3,0.5
273245,mscoco,0.0,0.08333333333333333,0.2,0.03571428571428571,0.1,0.2,0.0,0.0714285714285714
187978,mscoco,0.0,0.043478260869565216,0.0,0.02564102564102564,0.1,0.25,0.1,1.0
395933,mscoco,0.0,0.05263157894736842,0.0,0.024390243902439025,0.1,0.5,0.1,1.0
247184,mscoco,0.4,0.25,0.5,0.037037037037037035,0.1,0.2,0.4,0.5
198397,mscoco,0.9,0.5,1.0,0.038461538461538464,0.1,0.125,0.4,1.0
266207,mscoco,1.0,1.0,1.0,0.038461538461538464,0.7,1.0,1.0,1.0
324816,mscoco,0.7,1.0,0.9,0.038461538461538464,0.1,0.1111111111111111,0.1,0.25
539311,mscoco,0.2,0.16666666666666666,0.5,0.037037037037037035,0.1,1.0,0.2,1.0
34,drawbench,0.3,0.25,0.5,0.038461538461538464,0.0,0.0,0.0,0.0
214413,mscoco,0.4,0.5,0.6,0.037037037037037035,0.0,0.0526315789473684,0.1,1.0
521574,mscoco,0.0,0.0,0.0,0.025,0.0,0.0007710100231303,0.0,0.0185185185185185
317112,mscoco,0.2,0.3333333333333333,0.1,0.029411764705882353,0.1,1.0,0.1,0.1111111111111111
552295,mscoco,0.4,0.5,0.3,0.038461538461538464,0.0,0.037037037037037,0.1,0.25
579787,mscoco,1.0,1.0,1.0,0.038461538461538464,0.3,1.0,0.5,1.0
384422,mscoco,0.0,0.04,0.2,0.037037037037037035,0.1,1.0,0.0,0.0434782608695652
531725,mscoco,1.0,1.0,1.0,0.038461538461538464,0.4,0.5,0.7,1.0
491943,mscoco,0.0,0.0,0.1,0.02857142857142857,0.1,0.5,0.1,1.0
56605,mscoco,0.6,0.25,0.3,0.03225806451612903,0.1,0.5,0.4,1.0
444272,mscoco,0.0,0.0,0.0,0.0,0.0,0.0217391304347826,0.1,0.3333333333333333
220948,mscoco,0.5,1.0,0.7,0.034482758620689655,0.1,0.1428571428571428,0.8,1.0
265176,mscoco,0.0,0.0,0.0,0.02631578947368421,0.3,1.0,0.3,1.0
186,drawbench,0.6,1.0,0.7,0.038461538461538464,0.0,0.0,0.0,0.0
275835,mscoco,0.3,0.25,0.2,0.03333333333333333,0.2,0.5,0.2,0.1666666666666666
386036,mscoco,0.7,0.5,0.5,0.03571428571428571,0.3,0.5,0.3,0.3333333333333333
165638,mscoco,0.9,0.5,0.9,0.038461538461538464,0.1,0.1428571428571428,0.1,0.1666666666666666
388353,mscoco,0.2,0.25,0.4,0.037037037037037035,0.1,0.125,0.2,1.0
4624,mscoco,0.9,1.0,1.0,0.038461538461538464,0.4,1.0,0.6,1.0
206871,mscoco,0.9,0.5,1.0,0.038461538461538464,0.3,0.3333333333333333,0.4,1.0
516805,mscoco,0.1,0.3333333333333333,0.1,0.02857142857142857,0.1,1.0,0.1,1.0
531798,mscoco,0.8,1.0,1.0,0.038461538461538464,0.4,0.5,0.5,1.0
89095,mscoco,0.6,0.5,0.7,0.038461538461538464,0.1,0.1666666666666666,0.1,0.1666666666666666
18078,mscoco,0.9,1.0,0.9,0.038461538461538464,0.7,0.5,0.6,1.0
136900,mscoco,0.9,1.0,1.0,0.038461538461538464,0.2,0.125,0.5,0.5
16,drawbench,0.1,0.25,0.2,0.03571428571428571,0.0,0.0,0.0,0.0
350724,mscoco,0.6,1.0,0.9,0.038461538461538464,0.1,0.25,0.1,0.3333333333333333
477195,mscoco,0.0,0.0,0.0,0.0,0.6,1.0,0.5,1.0
55059,mscoco,0.3,0.5,0.4,0.037037037037037035,0.1,1.0,0.1,1.0
28214,mscoco,0.0,0.0,0.2,0.03333333333333333,0.2,1.0,0.2,1.0
192812,mscoco,0.2,0.25,0.4,0.03571428571428571,0.1,0.5,0.1,1.0
162717,mscoco,0.0,0.0,0.0,0.023255813953488372,0.1,0.25,0.1,1.0
547136,mscoco,0.8,1.0,0.9,0.038461538461538464,0.1,0.125,0.1,0.1
408182,mscoco,0.3,0.2,0.2,0.034482758620689655,0.1,0.1666666666666666,0.1,0.2
360536,mscoco,0.1,0.1111111111111111,0.0,0.022727272727272728,0.1,1.0,0.1,1.0
485564,mscoco,0.8,0.5,1.0,0.038461538461538464,0.3,0.3333333333333333,0.3,0.1666666666666666
360695,mscoco,1.0,1.0,1.0,0.038461538461538464,0.4,0.25,0.6,0.5
514483,mscoco,0.3,1.0,0.6,0.037037037037037035,0.1,0.25,0.2,1.0
409918,mscoco,0.4,1.0,0.5,0.037037037037037035,0.1,0.5,0.1,1.0
34333,mscoco,0.0,0.0,0.0,0.0,0.1,1.0,0.1,0.5
156915,mscoco,0.7,0.3333333333333333,0.6,0.038461538461538464,0.1,0.125,0.1,1.0
16520,mscoco,1.0,1.0,0.9,0.038461538461538464,0.1,1.0,0.1,0.5
308441,mscoco,0.6,1.0,0.9,0.038461538461538464,0.4,1.0,0.7,1.0
246146,mscoco,1.0,1.0,1.0,0.038461538461538464,0.1,0.125,0.4,1.0
525342,mscoco,0.0,0.047619047619047616,0.3,0.03571428571428571,0.0,0.0217391304347826,0.1,0.3333333333333333
293306,mscoco,0.7,1.0,0.7,0.038461538461538464,0.0,0.0769230769230769,0.0,0.0050761421319796
163431,mscoco,0.2,0.16666666666666666,0.4,0.038461538461538464,0.3,0.5,0.2,0.1666666666666666
41265,mscoco,0.8,1.0,0.7,0.038461538461538464,0.1,1.0,0.0,0.0833333333333333
184610,mscoco,0.0,0.07142857142857142,0.0,0.02702702702702703,0.1,1.0,0.1,0.25
545673,mscoco,0.4,0.5,0.3,0.037037037037037035,0.5,0.5,0.3,0.5
187757,mscoco,0.9,1.0,0.9,0.038461538461538464,0.2,0.2,0.6,0.5
492065,mscoco,0.2,0.3333333333333333,0.6,0.038461538461538464,0.0,0.0277777777777777,0.2,0.25
352248,mscoco,0.1,0.1,0.1,0.037037037037037035,0.3,1.0,0.3,1.0
360173,mscoco,0.9,1.0,1.0,0.038461538461538464,0.2,0.2,0.5,0.5
443913,mscoco,0.1,0.125,0.3,0.03225806451612903,0.0,0.0476190476190476,0.1,0.1428571428571428
475301,mscoco,0.6,0.5,1.0,0.038461538461538464,0.1,0.5,0.3,1.0
196,drawbench,0.0,0.0,0.0,0.0,0.0,0.0,0.0,0.0
66192,mscoco,0.3,0.16666666666666666,0.7,0.038461538461538464,0.1,0.2,0.2,0.2
158950,mscoco,0.2,1.0,0.8,0.038461538461538464,0.2,0.5,0.3,1.0
536278,mscoco,1.0,1.0,0.8,0.037037037037037035,0.9,1.0,0.7,0.5
232417,mscoco,0.6,1.0,0.9,0.038461538461538464,0.0,0.0454545454545454,0.0,0.0072992700729927
395013,mscoco,0.2,0.14285714285714285,0.2,0.038461538461538464,0.3,1.0,0.3,0.5
113839,mscoco,0.8,1.0,0.9,0.038461538461538464,0.6,1.0,0.5,0.5
103512,mscoco,0.5,0.3333333333333333,0.9,0.038461538461538464,0.0,0.0038022813688212,0.0,0.0094339622641509
47597,mscoco,0.6,0.3333333333333333,0.3,0.037037037037037035,0.2,1.0,0.1,0.2
197427,mscoco,0.9,1.0,1.0,0.038461538461538464,0.7,1.0,0.4,0.3333333333333333
416604,mscoco,0.0,0.0,0.0,0.0,0.1,1.0,0.1,1.0
513733,mscoco,0.7,1.0,0.8,0.038461538461538464,0.8,1.0,0.8,1.0
182373,mscoco,0.6,1.0,1.0,0.038461538461538464,0.1,0.5,0.8,1.0
561919,mscoco,0.9,1.0,1.0,0.038461538461538464,0.2,0.1111111111111111,0.7,1.0
221165,mscoco,0.6,1.0,0.8,0.037037037037037035,0.0,0.0833333333333333,0.0,0.0133333333333333
13,drawbench,1.0,1.0,1.0,0.038461538461538464,0.0,0.003690036900369,0.0,0.0178571428571428
490057,mscoco,0.8,1.0,1.0,0.038461538461538464,0.1,1.0,0.4,1.0
561957,mscoco,0.7,1.0,1.0,0.038461538461538464,0.3,0.5,1.0,1.0
451772,mscoco,0.9,1.0,1.0,0.038461538461538464,0.8,1.0,0.9,1.0
247223,mscoco,0.9,1.0,1.0,0.038461538461538464,0.2,1.0,0.2,0.5
532253,mscoco,0.0,0.0,0.0,0.0,0.1,1.0,0.1,1.0
178,drawbench,0.0,0.0,0.0,0.0,0.0,0.0,0.0,0.0
15621,mscoco,1.0,1.0,1.0,0.038461538461538464,0.1,0.1,0.5,1.0
161634,mscoco,0.7,1.0,0.4,0.037037037037037035,0.1,0.1,0.1,0.2
33555,mscoco,0.2,0.5,0.9,0.038461538461538464,0.1,0.5,0.2,1.0
59,drawbench,0.5,0.3333333333333333,0.7,0.038461538461538464,0.0,0.0,0.0,0.0
17869,mscoco,0.7,1.0,0.8,0.038461538461538464,0.0,0.0909090909090909,0.3,0.3333333333333333
378790,mscoco,0.0,0.0,0.2,0.03333333333333333,0.1,0.2,0.2,1.0
248876,mscoco,0.9,1.0,0.7,0.037037037037037035,0.0,0.0294117647058823,0.2,1.0
398130,mscoco,0.0,0.05555555555555555,0.0,0.02564102564102564,0.1,0.5,0.1,0.5
124236,mscoco,0.0,0.0,0.0,0.0,0.1,0.1666666666666666,0.1,0.25
441382,mscoco,0.0,0.058823529411764705,0.4,0.03225806451612903,0.2,0.3333333333333333,0.1,1.0
444670,mscoco,0.2,1.0,0.0,0.02702702702702703,0.0,0.03125,0.1,1.0
482665,mscoco,0.7,0.5,0.6,0.038461538461538464,0.1,0.5,0.1,1.0
170766,mscoco,0.1,0.3333333333333333,0.6,0.03571428571428571,0.1,1.0,0.1,0.5
156904,mscoco,0.3,0.16666666666666666,0.2,0.034482758620689655,0.2,0.5,0.1,0.3333333333333333
313156,mscoco,0.9,1.0,1.0,0.038461538461538464,0.2,0.1428571428571428,0.2,1.0
129176,mscoco,1.0,1.0,1.0,0.038461538461538464,0.4,0.5,0.6,0.5
295558,mscoco,0.9,0.5,0.8,0.038461538461538464,0.0,0.0333333333333333,0.2,1.0
246358,mscoco,0.8,1.0,0.8,0.038461538461538464,0.5,1.0,0.6,1.0
281052,mscoco,0.8,0.5,1.0,0.038461538461538464,0.1,0.5,0.3,1.0
324165,mscoco,0.0,0.0,0.1,0.037037037037037035,0.1,1.0,0.1,1.0
536900,mscoco,0.5,0.3333333333333333,0.5,0.034482758620689655,0.5,0.5,0.7,1.0
579341,mscoco,0.6,1.0,1.0,0.038461538461538464,0.5,1.0,0.6,0.5
149679,mscoco,0.0,0.0,0.0,0.0,0.0,0.0909090909090909,0.1,0.25
283840,mscoco,0.0,0.0,0.0,0.0,0.1,1.0,0.2,0.25
361351,mscoco,0.0,0.0,0.1,0.030303030303030304,0.2,1.0,0.1,0.3333333333333333
415239,mscoco,0.8,1.0,1.0,0.038461538461538464,0.3,0.3333333333333333,0.6,0.3333333333333333
99073,mscoco,0.6,0.5,0.5,0.03571428571428571,0.3,0.5,0.4,0.3333333333333333
369653,mscoco,0.9,1.0,0.9,0.038461538461538464,0.2,1.0,0.1,0.125
72583,mscoco,0.0,0.0,0.0,0.0,0.1,1.0,0.1,1.0
565326,mscoco,0.4,0.25,0.4,0.038461538461538464,0.0,0.0714285714285714,0.1,0.5
264660,mscoco,0.0,0.0,0.0,0.0,0.1,1.0,0.1,1.0
236552,mscoco,0.6,1.0,0.8,0.038461538461538464,0.2,1.0,0.3,1.0
522491,mscoco,0.8,1.0,0.8,0.038461538461538464,0.0,0.0769230769230769,0.0,0.0095238095238095
84757,mscoco,0.0,0.07692307692307693,0.0,0.0,0.0,0.0096153846153846,0.1,0.1666666666666666
40957,mscoco,0.3,1.0,0.3,0.037037037037037035,0.1,1.0,0.1,0.5
95679,mscoco,0.0,0.0,0.0,0.0,0.2,1.0,0.2,1.0
265279,mscoco,1.0,1.0,0.9,0.038461538461538464,0.4,1.0,0.3,0.5
245938,mscoco,0.0,0.0,0.0,0.0,0.2,1.0,0.1,1.0
522639,mscoco,0.2,0.25,0.8,0.038461538461538464,0.0,0.03125,0.1,0.25
225345,mscoco,0.1,1.0,0.2,0.037037037037037035,0.1,0.5,0.1,1.0
24104,mscoco,0.9,1.0,1.0,0.038461538461538464,0.4,0.1666666666666666,0.8,1.0
317331,mscoco,1.0,1.0,0.9,0.038461538461538464,0.5,1.0,0.3,0.3333333333333333
