caption_id,source,pred_clip_p10,pred_clip_rr,pred_blip2_p10,pred_blip2_rr,true_clip_p10,true_clip_rr,true_blip2_p10,true_blip2_rr
261342,mscoco,0.12056420259177685,0.27251448508474946,0.1879275444895029,0.42372686059950526,0.0,0.0192307692307692,0.0,0.04
203177,mscoco,0.0007121209921024275,0.003303379364724579,0.0017890159244416282,0.005280338037907902,0.1,1.0,0.1,1.0
239082,mscoco,0.26813019812107086,0.507577258247308,0.24931199848651886,0.5122737407861929,0.2,0.1666666666666666,0.4,1.0
166557,mscoco,0.3633150435984135,0.6723566443925431,0.4127388224005699,0.4847322917736407,0.7,1.0,0.7,1.0
70,drawbench,0.002721356591791846,0.008651728413893249,0.002690559174516238,0.01019175627817017,0.0,0.0,0.0,0.0
27585,mscoco,0.053251652233302596,0.17238413034581318,0.09674328416585923,0.2327937158938188,0.0,0.0833333333333333,0.4,0.25
44960,mscoco,0.4174416303634644,0.5946248462677547,0.5274767100811004,0.6610301122431935,0.2,1.0,0.5,1.0
559685,mscoco,0.10422296915203333,0.2975518162604544,0.1074263820424676,0.279372280209636,0.2,0.3333333333333333,0.1,0.5
577169,mscoco,0.05535157863050699,0.1504733985130268,0.05840117186307907,0.17751617704148936,0.2,0.25,0.4,1.0
276964,mscoco,0.028126771142706276,0.08590286944088732,0.027836999064311384,0.08743110616434836,0.1,1.0,0.1,0.5
480770,mscoco,0.08355305902659893,0.19372053216922833,0.08370905686169863,0.3097990486424279,0.3,0.5,0.3,1.0
56821,mscoco,0.05737934336066246,0.13587188605500006,0.05756643544882536,0.20571939786595655,0.1,0.2,0.1,0.25
298353,mscoco,0.02218103492632508,0.0757466372628134,0.01315386830829084,0.04026680486546853,0.0,0.0204081632653061,0.1,0.125
58492,mscoco,0.07922551264055074,0.21808771748540606,0.10333277732133865,0.2354011620170634,0.1,1.0,0.1,0.1428571428571428
530479,mscoco,0.016052049584686756,0.05949204433853887,0.023230724222958087,0.07865967358339483,0.0,0.05,0.0,0.0555555555555555
318426,mscoco,0.0710679568350315,0.18627422127881804,0.10514977127313614,0.2707307700633845,0.3,0.3333333333333333,0.5,0.5
386890,mscoco,0.023236319283023478,0.07983375129090797,0.014292411645874381,0.04721269516271937,0.0,0.0909090909090909,0.1,1.0
23309,mscoco,0.01562729151919484,0.0508956208715075,0.013602178171277046,0.05108546519279337,0.1,1.0,0.2,1.0
101270,mscoco,0.1271175356581807,0.19768631024013303,0.23647852391004562,0.37095957699398574,0.0,0.0769230769230769,0.1,0.25
170809,mscoco,0.024494892824441193,0.09560979410718122,0.02560537322424352,0.06401590889961994,0.1,1.0,0.1,0.1
20150,mscoco,0.10386629775166512,0.38527901163806677,0.07388019100762903,0.2188416412460017,0.1,0.1428571428571428,0.1,0.2
142942,mscoco,0.3409644395112991,0.6313080006681042,0.3497618198394775,0.6172568793312582,0.2,0.125,0.2,1.0
63306,mscoco,0.14048344548791647,0.30062760085993884,0.30588382929563523,0.5112592944622691,0.1,0.1,0.2,1.0
561151,mscoco,0.19461194910109042,0.3388888186021319,0.1932734526693821,0.3557025683855192,0.0,0.0172413793103448,0.1,0.1
377619,mscoco,0.17339504286646842,0.4310019374477614,0.17006145641207696,0.3901466885793362,0.1,1.0,0.1,1.0
390068,mscoco,0.23179782330989837,0.46765020755231734,0.20511577352881433,0.4688613653029553,0.5,1.0,0.4,1.0
246004,mscoco,0.015808371640741826,0.05811738081227974,0.01522497865371406,0.05571966830399637,0.1,1.0,0.1,0.1
324789,mscoco,0.021208503376692535,0.07594887890556115,0.03752641724422574,0.10688329377814809,0.1,0.125,0.1,1.0
301541,mscoco,0.07347150444984436,0.18391456511064186,0.10980632677674293,0.23685819418943901,0.0,0.0526315789473684,0.2,0.25
233617,mscoco,0.10698636714369059,0.2509922312668721,0.12231678664684295,0.4573026992916998,0.1,0.3333333333333333,0.1,1.0
108452,mscoco,0.08591679688543082,0.26477802410420764,0.1516598306596279,0.3111530220106313,0.1,1.0,0.1,1.0
333049,mscoco,0.21927332356572152,0.486678164815101,0.3568622335791588,0.5497331579960706,0.2,0.125,0.3,1.0
144796,mscoco,0.07614895105361938,0.18423327003520318,0.08550910353660583,0.18734500874812296,0.1,0.3333333333333333,0.0,0.0303030303030303
488514,mscoco,0.11702656727284193,0.4729298153954323,0.14086804166436195,0.3065438703566809,0.1,1.0,0.1,0.125
47294,mscoco,0.0672048982232809,0.20835041678537175,0.05956526715308428,0.1671735084447951,0.1,0.2,0.3,1.0
306173,mscoco,0.015216837171465158,0.05686716042472522,0.02087169894948602,0.08782352041047256,0.1,1.0,0.1,0.5
253470,mscoco,0.058195777237415314,0.16390310194953356,0.057555884961038827,0.17224500220574812,0.0,0.0909090909090909,0.1,0.5
190700,mscoco,0.04031461672857404,0.14529789344090918,0.026236413232982158,0.07951570547235207,0.1,1.0,0.1,0.5
84089,mscoco,0.03742417804896832,0.09827243475517075,0.02832612404599786,0.10540598314045459,0.0,0.0178571428571428,0.0,0.0031347962382445
175954,mscoco,0.12251926586031914,0.21374025763584187,0.28843397572636603,0.5512228876625755,0.2,1.0,0.5,0.2
158223,mscoco,0.1358427343890071,0.2952452329712713,0.11873475704342126,0.44542194706405136,0.5,1.0,0.7,1.0
448607,mscoco,0.46625310480594634,0.6652904628906181,0.5927042365074158,0.840750041863648,0.4,0.5,0.3,0.5
248862,mscoco,0.038589602382853624,0.14481499012954896,0.04251728495582938,0.1249661973663712,0.1,0.5,0.1,1.0
227526,mscoco,0.04213128467090428,0.09844693521909417,0.026612994633615016,0.0704556252276892,0.0,0.0037593984962406,0.0,0.0022988505747126
549409,mscoco,0.05961103811860084,0.1919968184491633,0.06072974354028702,0.19191943776222542,0.1,0.3333333333333333,0.1,0.3333333333333333
123214,mscoco,0.10495217833667994,0.27559856038790886,0.10847097039222717,0.2384530067182917,0.3,0.25,0.1,0.3333333333333333
494957,mscoco,0.09770826697349548,0.2622743290598345,0.13548664264380933,0.2926760971015961,0.1,1.0,0.1,1.0
284176,mscoco,0.051885306090116504,0.1598791814692465,0.09517349526286126,0.26871060954173626,0.2,0.25,0.5,1.0
25430,mscoco,0.40439668148756025,0.565314536643871,0.516689057648182,0.4881549345833113,0.4,0.25,0.4,1.0
52746,mscoco,0.03583303112536669,0.09683863802014925,0.034956431947648525,0.09593677214479622,0.4,1.0,0.4,1.0
118598,mscoco,0.029461435321718455,0.0915842755238332,0.0678309516981244,0.17492617404534747,0.3,1.0,0.3,0.5
42622,mscoco,0.3398469418287277,0.40784889755596904,0.5288795322179795,0.659259643703368,0.1,0.1111111111111111,0.6,1.0
128275,mscoco,0.16655915696173906,0.3913730865938227,0.3257130980491638,0.6154365476366169,0.1,0.3333333333333333,0.4,1.0
402255,mscoco,0.012988011329434812,0.04314217586556828,0.013558810646645724,0.04515421008613528,0.0,0.0285714285714285,0.1,0.25
24935,mscoco,0.06347910361364484,0.23589369120657497,0.0777629722841084,0.264514814893579,0.1,0.5,0.1,1.0
39502,mscoco,0.02496043313294649,0.07356078156788279,0.03198522590100765,0.1168972801237588,0.0,0.0123456790123456,0.1,0.5
370391,mscoco,0.04033762253820896,0.13860096546490216,0.10010693240910769,0.20247388222947899,0.0,0.0138888888888888,0.3,0.3333333333333333
170700,mscoco,0.026066012401133775,0.08968750873363424,0.06873880038037897,0.24323675800276065,0.0,0.0212765957446808,0.1,1.0
438910,mscoco,0.11582966260612011,0.2100290766111051,0.14374728202819825,0.3161702033195774,0.1,0.25,0.3,1.0
160,drawbench,0.007786165038123727,0.03808919916817303,0.01084321066737175,0.03888788175125949,0.0,0.0,0.0,0.0
291526,mscoco,0.023502607783302664,0.09883090566607693,0.03366335183382034,0.12508680289519405,0.1,1.0,0.1,0.5
379596,mscoco,0.023577763792127372,0.09029973775299047,0.028273299848660827,0.10519062218127939,0.1,1.0,0.0,0.0769230769230769
12,drawbench,0.12005408434197307,0.23929353428778183,0.08606296554207801,0.18231292719204295,0.0,0.0,0.0,0.0
241148,mscoco,0.05882231369614601,0.13856299277117526,0.03520294539630413,0.11201937259421021,0.1,0.1428571428571428,0.2,1.0
319991,mscoco,0.027300132112577556,0.09838969667340816,0.029484860505908726,0.091423291025176,0.1,0.5,0.1,1.0
310688,mscoco,0.04039222486317158,0.12276317963163072,0.039430882036685946,0.1384447938996767,0.1,1.0,0.1,1.0
243283,mscoco,0.1988483190536499,0.3291981602736245,0.19316777363419532,0.4014475740430633,0.9,0.5,1.0,1.0
149,drawbench,0.015215619746595622,0.06450236083910071,0.009405865706503392,0.04172456298795548,0.0,0.0,0.0,0.0
558426,mscoco,0.19983140639960767,0.424979639181094,0.19573938399553298,0.45878182673419277,0.2,0.3333333333333333,0.5,1.0
394214,mscoco,0.11941788736730814,0.2083330580950509,0.12358327955007553,0.3319711906485,0.0,0.05,0.1,1.0
297699,mscoco,0.07975388895720244,0.2220517925968629,0.1272186391055584,0.3120046941757335,0.1,0.125,0.1,0.125
146972,mscoco,0.024482206185348333,0.08344081872967415,0.04684382509440184,0.13636473888698372,0.2,0.5,0.0,0.0909090909090909
401783,mscoco,0.8980038940906525,0.9321558771031707,0.872503650188446,0.955096466620948,0.8,0.5,0.9,1.0
182245,mscoco,0.331024331599474,0.6668499579055875,0.4734314776957035,0.7188274900521092,0.0,0.0256410256410256,0.2,1.0
126018,mscoco,0.27930253371596336,0.4992114546499738,0.19638486504554747,0.5033509679332993,0.7,1.0,0.4,1.0
290549,mscoco,0.05322717991657555,0.1560167133744979,0.04366061957553029,0.19542717012936744,0.1,0.3333333333333333,0.1,1.0
399946,mscoco,0.07337699113413691,0.20844902319568595,0.05839856686070562,0.24486778951767893,0.1,0.5,0.1,1.0
8,drawbench,0.2732205241918564,0.7116707125752195,0.18128141574561596,0.3023970858673911,0.0,0.0001043296817944,0.0,6.345580303318739e-05
211678,mscoco,0.10791040547192096,0.24033279247918424,0.11463252082467079,0.2892283375609424,0.3,0.5,0.4,0.5
421539,mscoco,0.10445453710854054,0.3260248328906209,0.08203846514225006,0.16762094846796854,0.1,1.0,0.2,0.3333333333333333
264358,mscoco,0.021211930713616312,0.07744990001228222,0.025203981064260007,0.11420461125946535,0.1,0.5,0.1,1.0
430848,mscoco,0.18245305344462395,0.3724623328593499,0.16789205521345138,0.28759459402740783,0.2,1.0,0.2,0.5
133251,mscoco,0.23334516882896422,0.4094486866931477,0.32365473434329034,0.5257584425554432,0.5,0.5,0.2,0.1666666666666666
568560,mscoco,0.05702050216495991,0.14922490925266507,0.06266345493495465,0.2129518632834393,0.2,0.3333333333333333,0.0,0.0526315789473684
405612,mscoco,0.1150746501982212,0.25124532541414557,0.11002461574971675,0.2703736970923827,0.1,1.0,0.1,0.5
20794,mscoco,0.02571056131273508,0.07724623579943325,0.06294023618102074,0.16531955707706414,0.1,0.1428571428571428,0.1,0.5
6,drawbench,0.18917052932083606,0.4813422823863131,0.07762686759233475,0.1990567096114321,0.0,0.0011750881316098,0.0,0.0129870129870129
225306,mscoco,0.1117239160463214,0.3708805569276956,0.15498263873159884,0.35312409394169064,0.0,0.0833333333333333,0.1,1.0
103603,mscoco,0.06409522239118814,0.14689224753447278,0.07725266180932522,0.28879517390295223,0.6,0.3333333333333333,0.4,1.0
395,mscoco,0.02432780396193266,0.11201774735173113,0.05184035673737526,0.14610162869709473,0.2,1.0,0.1,0.25
80067,mscoco,0.033661131374537946,0.10977981275935762,0.03455965798348189,0.108776824932458,0.1,0.1428571428571428,0.1,1.0
490619,mscoco,0.06732455920428038,0.14162207931304324,0.06986751630902291,0.16422838552141136,0.0,0.0066666666666666,0.0,0.0109890109890109
167126,mscoco,0.2966835081577301,0.685759704587182,0.2509580783545971,0.6729785686251882,0.4,1.0,0.1,1.0
442961,mscoco,0.12672996930778027,0.32125275372938056,0.1927959807217121,0.42947410316890705,0.1,0.5,0.5,0.5
260111,mscoco,0.07330822721123695,0.2715589932475909,0.06477475296705962,0.20240960363696395,0.0,0.0555555555555555,0.0,0.0161290322580645
68005,mscoco,0.09054111354053021,0.29514474266288343,0.11783715710043907,0.2997007609773407,0.1,1.0,0.1,1.0
73541,mscoco,0.16926057636737823,0.32379866853250355,0.21382376402616501,0.4021592228534625,0.2,0.5,0.0,0.0833333333333333
316190,mscoco,0.0387740409001708,0.12774593013158508,0.05708953440189361,0.1701319867648167,0.1,1.0,0.1,0.1428571428571428
519552,mscoco,0.01566744027659297,0.06237206920223974,0.011563744116574525,0.03901015763925881,0.1,0.3333333333333333,0.1,0.5
365419,mscoco,0.25531810699030755,0.48972520655477453,0.20741327824071049,0.5048874295112934,0.1,0.2,0.2,0.5
55050,mscoco,0.03405887009575963,0.11548786817329514,0.048643842060118916,0.1522781001635925,0.1,1.0,0.1,1.0
150,drawbench,0.020960285002365707,0.0804691836119153,0.018960401765070856,0.056557679358608226,0.0,0.0,0.0,0.0
122,drawbench,0.05767397284507751,0.15315293401191335,0.047501302976161244,0.17751529390892842,0.0,0.000125786163522,0.0,4.940955580809328e-05
403464,mscoco,0.06036773510277271,0.22640374418278458,0.05031720257829875,0.131535909281885,0.2,1.0,0.1,0.25
256809,mscoco,0.3829575553536415,0.4714817331161555,0.4967078700661659,0.7240512391505766,0.0,0.0434782608695652,0.6,0.5
481098,mscoco,0.04631551122292876,0.13052902314464937,0.059476814419031146,0.15744200403767208,0.0,0.0060240963855421,0.0,0.0909090909090909
163289,mscoco,0.06445221826434136,0.25936918255201735,0.06528603862971068,0.24923047223248726,0.0,0.0025839793281653,0.0,0.0476190476190476
383175,mscoco,0.20508398860692978,0.33378355487927813,0.20774613469839096,0.4516598326921383,0.3,0.3333333333333333,0.2,0.3333333333333333
71346,mscoco,0.09734573438763619,0.21799903331236842,0.14153988435864448,0.2936437781138494,0.0,0.0161290322580645,0.1,0.5
15569,mscoco,0.04544567465782166,0.15185412444082572,0.12163435965776444,0.28233026582566306,0.1,0.125,0.3,0.25
314949,mscoco,0.009492805320769548,0.029787372514132528,0.029311124142259358,0.08455839475880786,0.1,1.0,0.1,1.0
424018,mscoco,0.04799058167263866,0.16627825281985853,0.06210266295820475,0.17711845554100292,0.3,0.3333333333333333,0.2,1.0
465153,mscoco,0.0537839837372303,0.24162680198248113,0.06917699091136456,0.20974549310315116,0.2,1.0,0.2,1.0
10540,mscoco,0.0848602868616581,0.2534268300558584,0.11528723612427712,0.2616614533859542,0.0,0.0294117647058823,0.0,0.0024509803921568
524401,mscoco,0.10270981658250093,0.20987577411316385,0.3461445227265358,0.5488023760013616,0.1,0.1111111111111111,0.4,0.5
277498,mscoco,0.11859234636649489,0.227935087932569,0.1980934001505375,0.43037340425037723,0.0,0.0196078431372549,0.1,0.1
393583,mscoco,0.026914351712912322,0.0786232204723482,0.037947744317352775,0.12859986743145613,0.2,0.25,0.2,1.0
151339,mscoco,0.19401042368263005,0.6253271614717665,0.22968510631471872,0.40710151527829114,0.3,1.0,0.2,0.3333333333333333
300509,mscoco,0.07057021986693143,0.15799904373571433,0.12122392803430557,0.3195220778103683,0.1,0.5,0.0,0.0833333333333333
389145,mscoco,0.022506662737578155,0.09039452111284593,0.039540537260472776,0.12038183643982336,0.1,1.0,0.1,1.0
537667,mscoco,0.015847383253276347,0.05621266483622528,0.016780962655320763,0.06264661042657699,0.1,0.5,0.1,1.0
352143,mscoco,0.0397215198725462,0.12733501887918727,0.031853056699037555,0.09726479956019407,0.1,1.0,0.2,0.5
148,drawbench,0.029442329006269575,0.09190601018942003,0.017193319858051836,0.051893023242007674,0.0,0.0,0.0,0.0
355826,mscoco,0.06226850859820843,0.21860767792897118,0.05432860469445586,0.21331744613752682,0.2,1.0,0.1,1.0
251937,mscoco,0.43793066293001176,0.7547892881064004,0.4958053082227707,0.7446208317825092,0.3,1.0,0.3,1.0
135397,mscoco,0.02925084629096091,0.0994675230434896,0.03185410788282752,0.11578081376088771,0.1,1.0,0.1,1.0
394658,mscoco,0.2917400524020195,0.6168162121207742,0.30180840715765955,0.5313946009293403,0.1,0.3333333333333333,0.1,1.0
485709,mscoco,0.10619753673672676,0.3313425429860592,0.05142180633265525,0.11313713643389081,0.2,1.0,0.1,0.1428571428571428
504167,mscoco,0.01578899477608502,0.06201254728498884,0.02000633589923382,0.0646066507141324,0.1,1.0,0.0,0.0263157894736842
230644,mscoco,0.03032674491405487,0.0686982762205666,0.02103720421437174,0.07058206751664413,0.1,0.1,0.2,0.3333333333333333
83510,mscoco,0.010908867232501507,0.04651262245294868,0.01531599098816514,0.05316121062277284,0.1,0.1428571428571428,0.0,0.02
401650,mscoco,0.029156463290564715,0.08638004620120533,0.04496034099720418,0.10973272610152418,0.1,0.125,0.1,0.2
136411,mscoco,0.3740467928349972,0.4178283404623335,0.3648171231150627,0.5756248228922289,0.0,0.037037037037037,0.1,0.1666666666666666
176120,mscoco,0.12379578799009323,0.27149031726983436,0.1252350278198719,0.3098497494574837,0.2,0.1111111111111111,0.3,0.25
348134,mscoco,0.08640949111431837,0.190723009368795,0.060041834227740766,0.20298213272470012,0.3,0.5,0.1,1.0
193398,mscoco,0.04375765696167946,0.14382191634400876,0.04545235205441713,0.15550121684774815,0.0,0.0833333333333333,0.1,1.0
540774,mscoco,0.4252036027610302,0.7867427992711985,0.6426413744688034,0.843086628909188,0.6,1.0,0.9,1.0
113211,mscoco,0.06329596787691116,0.13631277685347215,0.05821178425103426,0.18839697743654923,0.1,0.1111111111111111,0.2,1.0
406749,mscoco,0.06667319871485233,0.17826484559669561,0.06401897892355919,0.17867786766085672,0.2,1.0,0.2,1.0
280551,mscoco,0.03545795199461281,0.11312196536567469,0.03621804704889655,0.1424600834489854,0.1,0.3333333333333333,0.1,1.0
441358,mscoco,0.027169519662857057,0.09802423983997398,0.04729264453053474,0.13933030425458515,0.2,0.2,0.1,0.5
561314,mscoco,0.06301477532833814,0.17690952830444764,0.18890462666749955,0.44223209400119684,0.0,0.0454545454545454,0.6,1.0
130749,mscoco,0.05708514833822846,0.1593695589506326,0.06295443736016751,0.19111195914265403,0.0,0.0769230769230769,0.1,0.3333333333333333
25907,mscoco,0.020230176253244282,0.10916535491442127,0.01916832011193037,0.10327369712040876,0.1,1.0,0.1,1.0
364157,mscoco,0.038561486080288886,0.11762063731349677,0.03451858139596879,0.11456021376372055,0.3,1.0,0.3,0.3333333333333333
327529,mscoco,0.015828462271019816,0.09792276474211976,0.02295943731442094,0.08644756150832043,0.1,1.0,0.1,0.3333333333333333
214087,mscoco,0.04565256368368864,0.109584760238855,0.060287035536020994,0.23856723725773823,0.1,0.25,0.1,1.0
253763,mscoco,0.041773940715938804,0.11984803151383329,0.04433622099459171,0.1278697313793872,0.1,1.0,0.1,1.0
298065,mscoco,0.03563090851530433,0.12070286344771386,0.04313309248536825,0.14444025157337081,0.1,1.0,0.1,1.0
305803,mscoco,0.09396986793726683,0.2569934415583222,0.11006785780191422,0.24291781727910147,0.0,0.0151515151515151,0.0,0.0454545454545454
173,drawbench,0.007909902813844382,0.03885859064904924,0.009995273360982538,0.033216843087104306,0.0,0.0,0.0,0.0
458339,mscoco,0.13929276093840598,0.30067837379388984,0.12381864171475172,0.2845663713215937,0.0,0.0833333333333333,0.1,0.5
428326,mscoco,0.09694709442555904,0.22809062099448557,0.08484907150268554,0.2396611497391101,0.0,0.0181818181818181,0.0,0.0103092783505154
530201,mscoco,0.1082457609474659,0.3071752895674977,0.14756640009582042,0.30943876494650085,0.1,1.0,0.1,1.0
59039,mscoco,0.040670407260768114,0.1691108356236767,0.04073572214692831,0.12714761085578527,0.3,1.0,0.7,0.5
333738,mscoco,0.12173234149813653,0.3225529080013708,0.15121739804744722,0.3579909569571234,0.6,0.5,1.0,1.0
132081,mscoco,0.01868742983788252,0.055137373004621015,0.018668071599677205,0.057203752690405445,0.1,0.25,0.1,0.5
26573,mscoco,0.27096470929682254,0.7666630904490089,0.23951590806245804,0.48551464815886713,0.3,1.0,0.4,0.3333333333333333
115893,mscoco,0.3619962833821774,0.7371665317700701,0.31850899532437327,0.5718177634646351,0.2,1.0,0.4,1.0
49542,mscoco,0.31037441194057463,0.6359624946235303,0.4222773194313049,0.5829035804428375,0.5,0.25,0.5,0.5
212864,mscoco,0.022570041520521045,0.0843404349873253,0.022503410745412112,0.08227266718005671,0.0,0.0454545454545454,0.0,0.0075187969924812
32967,mscoco,0.12145715150982142,0.35076304808648295,0.10070910509675741,0.26611417509638335,0.0,0.0015037593984962,0.2,0.2
98642,mscoco,0.01073441542685032,0.02960682900032234,0.005877957271877676,0.02392084546652202,0.1,0.3333333333333333,0.1,1.0
183719,mscoco,0.022205983474850654,0.06940432412036772,0.03227154091000557,0.09870581072258008,0.0,0.0060240963855421,0.0,0.006060606060606
401307,mscoco,0.10542578548192978,0.2835300804410447,0.10682892985641956,0.343021063890673,0.2,1.0,0.3,1.0
467612,mscoco,0.7147927284240723,0.8273884768343676,0.7508729040622711,0.8231582811670338,0.6,0.5,0.4,0.3333333333333333
36034,mscoco,0.033234153874218464,0.10680214356076408,0.0339954286813736,0.11736571887471865,0.2,1.0,0.1,0.2
216378,mscoco,0.07762675499543548,0.1959284162365879,0.09741165107116104,0.19976415419831461,0.1,0.5,0.1,1.0
360441,mscoco,0.14448915403336288,0.29691314026437315,0.07821448147296906,0.1753721610716324,0.1,0.1666666666666666,0.1,0.1428571428571428
75057,mscoco,0.36787267997860906,0.7690108669234464,0.61448233127594,0.8304446581103407,0.3,1.0,0.6,1.0
53870,mscoco,0.04275499298237264,0.14595399400733594,0.048932692408561705,0.13652579070322132,0.1,0.1428571428571428,0.0,0.0161290322580645
253323,mscoco,0.06982581503689289,0.20863899344609102,0.08703656196594238,0.22257121431150215,0.2,0.1666666666666666,0.3,0.5
433270,mscoco,0.19345989674329758,0.386052082259522,0.13920856304466725,0.2786380489014358,0.2,0.125,0.3,1.0
176758,mscoco,0.09763278849422932,0.19784819218162986,0.11397331431508065,0.3086001912092167,0.1,0.2,0.2,1.0
420396,mscoco,0.02877156874164939,0.06781772965202064,0.041771446168422696,0.19574241396398198,0.1,0.1428571428571428,0.1,1.0
365792,mscoco,0.23734692111611366,0.45762682114309533,0.2570309706032276,0.6219562394555515,0.3,0.5,0.3,1.0
564382,mscoco,0.019354243017733096,0.06372084611563544,0.019681637920439244,0.0694062410554948,0.1,0.5,0.1,1.0
180667,mscoco,0.0286046247696504,0.08781863241367681,0.03191110417246819,0.09839418892591781,0.1,1.0,0.0,0.0020242914979757
154399,mscoco,0.09748945459723472,0.19473852335925157,0.14629303589463233,0.27868125455814263,0.1,0.2,0.0,0.0833333333333333
576537,mscoco,0.09359725397080183,0.23058869652357103,0.10421996340155601,0.24482042251251193,0.2,1.0,0.4,1.0
18194,mscoco,0.03975780513137579,0.12667550043963033,0.08279513195157051,0.27300331158059754,0.1,0.1666666666666666,0.2,0.5
278243,mscoco,0.01884540617465973,0.06510395749955418,0.019390750396996736,0.05886942636694171,0.1,0.5,0.1,0.5
253728,mscoco,0.04457763321697712,0.129589616139597,0.042117468826472756,0.12081906776889667,0.1,1.0,0.1,1.0
306229,mscoco,0.3753460876643658,0.4011974427784705,0.5300083421170712,0.6465473752176668,0.6,1.0,0.8,1.0
413277,mscoco,0.028404491092078387,0.08872107327034746,0.1296655662357807,0.39005193188343107,0.1,0.1428571428571428,0.5,1.0
86951,mscoco,0.02995719751343131,0.1090579120893524,0.04304215721786022,0.13061031454804717,0.5,1.0,0.8,1.0
489942,mscoco,0.03200551085174084,0.1285784186375603,0.07879887111485004,0.17124919831109017,0.1,1.0,0.1,1.0
199141,mscoco,0.230433152616024,0.541698642680166,0.23118539787828923,0.5424874730926261,0.4,0.5,0.5,0.5
170336,mscoco,0.25108354687690737,0.468574851333986,0.29076542928814886,0.47308242929508665,0.1,0.3333333333333333,0.2,0.2
89549,mscoco,0.08533957228064537,0.224057258830423,0.11595427431166172,0.3557161876376694,0.0,0.0909090909090909,0.1,1.0
372246,mscoco,0.028598291985690593,0.15701466861862862,0.05304849185049534,0.21318092608799355,0.1,1.0,0.1,1.0
535563,mscoco,0.0423533858731389,0.13131136878172225,0.05120034050196409,0.1454413228328307,0.1,1.0,0.1,1.0
228222,mscoco,0.25811027735471725,0.34095569806545817,0.3023999944329262,0.551538156712711,0.4,0.5,0.6,1.0
195353,mscoco,0.1874621119350195,0.3771534030638123,0.18715002872049807,0.5390126512211493,0.4,0.3333333333333333,0.5,1.0
58624,mscoco,0.025561905605718492,0.0970240310812535,0.03621826004236937,0.13000242398754483,0.1,0.5,0.1,1.0
268900,mscoco,0.016932563576847314,0.05027802428015172,0.023095990531146526,0.05815546331225608,0.1,0.125,0.1,0.25
161019,mscoco,0.19381880015134811,0.4810002839448089,0.21917720064520835,0.4096885589295588,0.2,0.3333333333333333,0.4,1.0
379035,mscoco,0.033027110574766996,0.13388704283748087,0.06525545287877321,0.20419044895635197,0.0,0.0123456790123456,0.2,0.25
172276,mscoco,0.1158898264169693,0.28407606463088436,0.1692538857460022,0.43119335547459037,0.1,0.1428571428571428,0.1,0.1111111111111111
271120,mscoco,0.03601531349122524,0.12688038526158307,0.03358809240162373,0.11426376242803182,0.0,0.0555555555555555,0.1,0.1111111111111111
180445,mscoco,0.006251470418646932,0.02776412339467521,0.007654650532640517,0.02961678657299764,0.2,1.0,0.2,1.0
284362,mscoco,0.01690631853416562,0.052365353589641804,0.031431866064667704,0.12921512486921397,0.0,0.0384615384615384,0.1,1.0
466656,mscoco,0.11412058174610137,0.3211067379254612,0.07722989469766617,0.26232144995702095,0.5,1.0,0.5,1.0
271360,mscoco,0.03105050732847303,0.11381833338462699,0.027960833813995122,0.10430994566149819,0.1,1.0,0.0,0.0001578033769922
429290,mscoco,0.12725212536752223,0.25429089898212676,0.28779307156801226,0.46916343889722506,0.0,0.0238095238095238,0.0,0.0769230769230769
464649,mscoco,0.20556859336793423,0.4369321663736814,0.11587128937244415,0.3873727704170913,0.0,0.0666666666666666,0.0,0.02
118260,mscoco,0.08610939756035804,0.19031847776285515,0.11709637343883514,0.26688004863635023,0.0,0.0263157894736842,0.0,0.0120481927710843
337062,mscoco,0.07386667970567942,0.20643218714830042,0.1837419107556343,0.30070732701785935,0.0,0.0625,0.4,0.5
249049,mscoco,0.08004188295453787,0.20444639782210072,0.10908034015446902,0.29963769385768896,0.2,0.3333333333333333,0.1,1.0
497542,mscoco,0.004219245177228004,0.014691303357301537,0.003359934245236218,0.013807468013388708,0.0,0.0123456790123456,0.1,0.5
400940,mscoco,0.0753376392647624,0.20275861075792012,0.07080051247030497,0.16689028033611816,0.1,0.3333333333333333,0.1,0.5
254753,mscoco,0.04944899072870612,0.10765885783945629,0.07439868878573179,0.1867935510897737,0.1,0.2,0.1,1.0
550157,mscoco,0.19728273749351502,0.36791977783170865,0.16911436505615712,0.3251200204418814,0.4,1.0,0.5,1.0
113905,mscoco,0.18847805634140968,0.4107292664428859,0.2126011662185192,0.496046200704869,0.1,0.2,0.3,1.0
471881,mscoco,0.008112156402785332,0.03698857650062525,0.0051741300732828675,0.03043024560423364,0.1,1.0,0.1,1.0
524187,mscoco,0.09604836255311966,0.19549745966146634,0.11119545921683312,0.3349168650605156,0.1,0.1111111111111111,0.4,1.0
354409,mscoco,0.04061774630099535,0.1229238968691755,0.028983969055116177,0.13605636511641162,0.1,1.0,0.1,1.0
36713,mscoco,0.12935553640127181,0.3683922484076548,0.12348610498011112,0.34637503433120687,0.1,1.0,0.1,0.5
421005,mscoco,0.13926936872303486,0.2956451961219608,0.14667358323931695,0.28457456484606003,0.2,0.25,0.2,1.0
504639,mscoco,0.2386129267513752,0.4351120363835169,0.2660922408103943,0.5076340989439708,0.7,1.0,0.8,1.0
356660,mscoco,0.26665511950850485,0.5437997991723005,0.32878555804491044,0.6731240181791711,0.1,0.1111111111111111,0.2,0.2
1792,mscoco,0.6188230939209461,0.9050674896034377,0.7136598289012909,0.8839259673635056,0.7,1.0,1.0,1.0
30409,mscoco,0.0706272984854877,0.17999588931538138,0.09724865779280663,0.2796983543293317,0.0,0.0142857142857142,0.1,1.0
254060,mscoco,0.2834556743502617,0.44870050454846583,0.3713046833872795,0.5867108867629306,0.1,0.1111111111111111,0.3,1.0
169340,mscoco,0.0832433294504881,0.2179527391840418,0.08406019508838654,0.25031840643132247,0.1,0.3333333333333333,0.1,1.0
42513,mscoco,0.08447772767394782,0.2755742933030741,0.1095481626689434,0.2591682949921933,0.1,1.0,0.2,0.1428571428571428
402887,mscoco,0.10713348016142846,0.1974038279832035,0.08436266425997019,0.20036511675830457,0.1,0.3333333333333333,0.1,0.5
96435,mscoco,0.014333662483841181,0.05635957166293255,0.012954440573230386,0.0563072563464367,0.1,1.0,0.1,1.0
441541,mscoco,0.010786934290081263,0.0387932874982419,0.013898230576887726,0.047185108452759895,0.0,0.0833333333333333,0.0,0.0333333333333333
51663,mscoco,0.08767564110457897,0.24293817278342306,0.0949653411284089,0.17731874425370453,0.1,0.1111111111111111,0.1,0.2
474271,mscoco,0.157285875082016,0.3651345770744669,0.14025882333517076,0.33056977311033287,0.1,1.0,0.1,1.0
72702,mscoco,0.0761193044600077,0.3870337110067418,0.11536106932908297,0.4151839561959377,0.1,1.0,0.1,1.0
182793,mscoco,0.3390285573899746,0.6162173917480634,0.41437873244285583,0.6713761515423289,0.0,0.0113636363636363,0.0,0.0434782608695652
21795,mscoco,0.025739333359524608,0.07930017820812511,0.01955796414986253,0.07165959088632141,0.1,1.0,0.1,1.0
566672,mscoco,0.12979289814829825,0.2682308287413183,0.1631555289030075,0.43943313806070355,0.2,0.25,0.5,1.0
2664,mscoco,0.016660999250598253,0.08788819727087079,0.03133534078951925,0.11514802416962776,0.0,0.0625,0.0,0.0476190476190476
333241,mscoco,0.00892020734027028,0.03809752820404642,0.010584436822682619,0.03820575249865912,0.1,1.0,0.1,0.3333333333333333
353402,mscoco,0.1022894386202097,0.25349706782230014,0.09888604953885079,0.2688028484876052,0.0,0.0285714285714285,0.1,0.5
18252,mscoco,0.4376621633768082,0.6497738475513163,0.516383272409439,0.63003729180282,0.6,1.0,1.0,1.0
387352,mscoco,0.059354817122220994,0.16700747277786077,0.12237697765231133,0.27838401218889336,0.1,0.5,0.3,0.5
198085,mscoco,0.31838601380586623,0.455039051473686,0.24902297854423522,0.46842459456491664,0.1,0.1428571428571428,0.1,0.5
246625,mscoco,0.515839746594429,0.6155989299220754,0.5068343490362167,0.6358272452384796,0.5,0.3333333333333333,0.7,1.0
420045,mscoco,0.2340332970023155,0.5155718450136865,0.24606926888227462,0.4874935289832599,0.0,0.0303030303030303,0.0,0.0714285714285714
398225,mscoco,0.044847347494214776,0.13708399286160527,0.07691892692819238,0.19971189977790912,0.1,0.3333333333333333,0.0,0.0909090909090909
132964,mscoco,0.2528598442673683,0.46126725984467687,0.3733497381210327,0.6269100998712728,0.6,1.0,0.9,1.0
344632,mscoco,0.008767711045220495,0.033036930203309826,0.01189613847527653,0.042630011026132515,0.0,0.0285714285714285,0.0,0.0434782608695652
508045,mscoco,0.0674200352281332,0.23515524157394335,0.07938075065612793,0.2515653267358428,0.3,1.0,0.2,1.0
236936,mscoco,0.030993048381060363,0.09958636671667925,0.031275115255266425,0.11769160252128945,0.0,0.0526315789473684,0.1,1.0
110330,mscoco,0.004473405581666157,0.015019479451467954,0.004138471197802573,0.020079694119682415,0.1,0.5,0.1,0.2
19292,mscoco,0.315722331404686,0.5747731984481886,0.32154659628868104,0.4450901724602079,0.4,0.2,0.4,1.0
19,drawbench,0.022272361814975737,0.07511791755875452,0.02131487652659416,0.054643747436662,0.0,0.0,0.0,0.0
345294,mscoco,0.06760708838701249,0.18324834085211958,0.05461782682687044,0.17927745037600054,0.1,0.125,0.2,1.0
250424,mscoco,0.013513643748592586,0.053174735373687956,0.01760857878252864,0.06777020432357714,0.0,0.0136986301369863,0.1,1.0
50583,mscoco,0.022057868051342668,0.07343784961373455,0.02510226294398308,0.08354886060645425,0.2,0.5,0.2,0.5
230879,mscoco,0.1279333347454667,0.22851416345511139,0.1420469857752323,0.3944220781657434,0.0,0.04,0.0,0.0833333333333333
168609,mscoco,0.04793622083961964,0.13936147612920988,0.04828095808625221,0.13946517124982766,0.0,0.0121951219512195,0.1,1.0
175923,mscoco,0.03685698062181473,0.1387417721894092,0.04520940165966749,0.11865709005920357,0.3,0.3333333333333333,0.3,0.2
530248,mscoco,0.07652387246489525,0.22800646455170662,0.08560815062373876,0.21649966389335162,0.2,1.0,0.0,0.0294117647058823
421009,mscoco,0.051468097046017645,0.17688993589390944,0.11644889488816261,0.2873888903588043,0.0,0.0666666666666666,0.1,0.5
450974,mscoco,0.25840092450380325,0.49883616018178545,0.2831122066825628,0.5670412877514295,0.1,0.125,0.2,1.0
34922,mscoco,0.08736940380185843,0.16214750468000766,0.07901212200522423,0.15621249945580973,0.0,0.0625,0.2,0.5
134454,mscoco,0.1302087875083089,0.3374111672351945,0.26795625388622285,0.49669852259487096,0.3,1.0,0.3,0.5
91960,mscoco,0.06238804096356034,0.2425528705979152,0.06690741665661334,0.40933137182405915,0.0,0.03125,0.0,0.0238095238095238
570203,mscoco,0.24964639842510222,0.32476407004265134,0.2732251986861229,0.5647439289676616,0.1,0.125,0.5,1.0
46506,mscoco,0.014946474926546216,0.05337993713682175,0.018836501287296414,0.06472822549817947,0.0,0.0285714285714285,0.1,0.1428571428571428
460202,mscoco,0.027262406749650837,0.09428729788435214,0.02862744526937604,0.09263718846645856,0.3,1.0,0.3,0.5
358566,mscoco,0.14995901063084602,0.2656165500846351,0.15242636278271676,0.3915751544908486,0.2,0.5,0.6,0.3333333333333333
205206,mscoco,0.0498825334943831,0.14893455927937854,0.06352471616119146,0.17842397636608714,0.1,0.5,0.0,0.01
342273,mscoco,0.01843920515384525,0.06412826823202925,0.037532732263207434,0.12162045538610226,0.1,0.3333333333333333,0.1,0.1428571428571428
550466,mscoco,0.05385311357676983,0.17653321815398532,0.09762384332716464,0.2211828922148709,0.3,1.0,0.5,1.0
303281,mscoco,0.8965996563434601,0.9743681018757252,0.8861853361129761,0.9278250449209603,0.8,1.0,0.9,1.0
464787,mscoco,0.02022267896682024,0.06533732979425731,0.02070741020143032,0.08050701950634828,0.0,0.0625,0.1,0.5
382210,mscoco,0.1567138724029064,0.4528827953978795,0.227689528465271,0.43677731847539725,0.0,0.0078740157480314,0.0,0.0217391304347826
78413,mscoco,0.033646457642316815,0.11837721170623872,0.017728420649655165,0.07936927933360684,0.1,1.0,0.1,0.5
241530,mscoco,0.07354902569204569,0.16145588309354844,0.12844816744327545,0.28222937346146293,0.0,0.0185185185185185,0.0,0.0666666666666666
165419,mscoco,0.5742077678442001,0.853296934836577,0.6587199747562409,0.8481102348023358,0.4,1.0,0.8,1.0
152776,mscoco,0.038526132423430684,0.10323995879113894,0.029393975995481013,0.09461302842161472,0.1,1.0,0.1,1.0
103320,mscoco,0.06936690229922533,0.22848372186304644,0.08551170639693736,0.2483147908194222,0.1,0.25,0.0,0.0714285714285714
391011,mscoco,0.36520076245069505,0.6237537572517976,0.4422518342733383,0.6387157922876641,0.6,1.0,1.0,1.0
36281,mscoco,0.009389544429723173,0.04820421512469456,0.02030144752934575,0.07145844802826984,0.1,1.0,0.1,1.0
485016,mscoco,0.04783327998593449,0.14960444557777028,0.10067958356812597,0.31306140397006926,0.0,0.0112359550561797,0.0,0.0833333333333333
524392,mscoco,0.6897467017173767,0.7830994941794858,0.6667187213897705,0.8664294657704267,1.0,1.0,0.9,1.0
299123,mscoco,0.14805128127336503,0.25797761788191526,0.18406623415648937,0.33472987602929977,0.4,1.0,0.6,0.5
211905,mscoco,0.0252867691218853,0.08980420503477918,0.020199872087687254,0.08419653530314734,0.1,1.0,0.1,1.0
231381,mscoco,0.391566925868392,0.6574709255090303,0.5350942373275757,0.7741805160357911,0.3,0.5,0.5,1.0
433896,mscoco,0.022064199997112156,0.0952545783442089,0.01862526899203658,0.0766973753665436,0.1,1.0,0.1,1.0
284259,mscoco,0.03821148928254843,0.12961582548237352,0.0483781548216939,0.13458716724038777,0.2,1.0,0.1,1.0
540283,mscoco,0.08430102374404669,0.21853744032687822,0.06188795417547226,0.16947521855859546,0.2,1.0,0.0,0.0769230769230769
425010,mscoco,0.23960391506552697,0.39974666323887814,0.16436385698616504,0.3560228980261099,0.2,1.0,0.4,1.0
170525,mscoco,0.5729992479085922,0.7073410535832171,0.5970427244901657,0.9164429863604295,0.0,0.0434782608695652,0.2,0.125
432216,mscoco,0.038447294384241104,0.09667700942899579,0.04247289150953293,0.1619194361318618,0.1,0.2,0.1,0.3333333333333333
142402,mscoco,0.011684037069790066,0.05732526917030904,0.015617777733132244,0.0625875464310903,0.1,1.0,0.1,0.125
90820,mscoco,0.07964336164295674,0.2161754202473542,0.05716909430921078,0.1989215433828877,0.0,0.04,0.0,0.0833333333333333
208961,mscoco,0.006619467330165207,0.022879595876058395,0.004938649851828814,0.01721412285073003,0.1,1.0,0.1,1.0
140623,mscoco,0.13703566938638687,0.3462164899060265,0.16598296388983727,0.3639838477071902,0.3,1.0,0.3,0.3333333333333333
312015,mscoco,0.1487821765244007,0.3013176475770778,0.14964957237243653,0.33186133725032296,0.3,0.5,0.2,0.3333333333333333
388399,mscoco,0.17965827509760857,0.46636904621759306,0.20848961547017097,0.416908943214978,0.2,0.3333333333333333,0.1,0.25
126659,mscoco,0.16968555599451066,0.3564955708092214,0.2153187371790409,0.32024343513223924,0.2,0.2,0.4,0.25
234990,mscoco,0.31050250232219695,0.49900965321688906,0.2997388795018196,0.41792506600950735,0.0,0.04,0.2,0.1111111111111111
212445,mscoco,0.7188204854726792,0.8308092156597959,0.7665291011333466,0.9125435331964384,0.9,1.0,1.0,1.0
540885,mscoco,0.17409943118691446,0.36652849162148926,0.24465833455324174,0.4539413420819955,0.3,1.0,0.5,1.0
276417,mscoco,0.24276063963770866,0.6151529078918773,0.3318598821759224,0.49215193209793695,0.1,0.2,0.2,0.1111111111111111
46173,mscoco,0.018724909285083413,0.07733472006803369,0.03893456095829606,0.14778161074504206,0.1,0.3333333333333333,0.0,0.0188679245283018
53641,mscoco,0.15903761908411979,0.319798324257792,0.16184736751019954,0.4230072627642388,0.2,0.5,0.2,0.1666666666666666
367332,mscoco,0.7274779349565506,0.9445900528161878,0.752785986661911,0.9383767584853078,0.3,1.0,0.6,1.0
527134,mscoco,0.05976246884092688,0.15489464831429725,0.09532832019031048,0.25793911422467436,0.1,0.3333333333333333,0.1,0.1666666666666666
263970,mscoco,0.033520383108407256,0.1056684927024798,0.06754526533186436,0.20163594599174006,0.0,0.006060606060606,0.1,1.0
485696,mscoco,0.05906463521532714,0.14585671227458524,0.0638881903141737,0.15743814778106976,0.1,1.0,0.1,1.0
118870,mscoco,0.024278076458722354,0.11418697852328412,0.02429379243403673,0.112744649135158,0.0,0.0909090909090909,0.1,0.5
11332,mscoco,0.2793671652674675,0.5622257695791136,0.21558516323566437,0.5531196610229391,0.0,0.0625,0.5,1.0
365523,mscoco,0.08339860728010536,0.29641643654741867,0.06225837990641594,0.2107755801805299,0.1,0.3333333333333333,0.1,1.0
479035,mscoco,0.017501800181344153,0.05893288211486868,0.022993433475494384,0.07527332848197067,0.1,0.1428571428571428,0.0,0.0294117647058823
416098,mscoco,0.10814326656982302,0.44986570778808826,0.12083417214453221,0.4466421512063006,0.1,0.5,0.5,1.0
13284,mscoco,0.056278573954477905,0.18117988090710702,0.037829316593706606,0.1613953232099979,0.1,1.0,0.1,1.0
110435,mscoco,0.006149388704216108,0.030939200689379887,0.005803782853763551,0.0313283427427699,0.1,1.0,0.1,1.0
116694,mscoco,0.08418269846588373,0.2016817194764424,0.09257241263985634,0.23129802345668543,0.1,0.3333333333333333,0.0,0.037037037037037
244410,mscoco,0.29588100761175157,0.6879503084777325,0.44874615371227267,0.6486518150338717,0.3,1.0,1.0,1.0
428992,mscoco,0.006965862377546728,0.02402411436386393,0.00628423509770073,0.02545191359879197,0.2,1.0,0.6,1.0
337902,mscoco,0.14615254178643228,0.30567269683913256,0.1416700780391693,0.3007795615599078,0.8,1.0,0.9,1.0
546074,mscoco,0.04514608886092901,0.13393137765095323,0.0691110573709011,0.15107513029141376,0.0,0.04,0.1,1.0
70033,mscoco,0.15283801667392255,0.3773990201391333,0.16982968747615815,0.35149763806638346,0.6,1.0,0.6,1.0
149268,mscoco,0.13195025809109212,0.22626624691845706,0.263256149739027,0.5573710422686582,0.0,0.0476190476190476,0.3,0.3333333333333333
431370,mscoco,0.10367259979248047,0.25208109386653266,0.17902547270059585,0.3808133765585389,0.1,0.125,0.2,0.3333333333333333
254387,mscoco,0.01626220843754709,0.057242347353439964,0.021135172992944717,0.07077146943454794,0.2,0.1428571428571428,0.5,0.3333333333333333
177349,mscoco,0.0635217098519206,0.16853046231625732,0.05156506164930761,0.15703882203672886,0.1,0.3333333333333333,0.1,0.1666666666666666
287186,mscoco,0.05432464573532343,0.14264590516366346,0.08392374105751514,0.17042683258111863,0.0,0.0769230769230769,0.1,0.125
328284,mscoco,0.20967947877943516,0.2670861939481633,0.24956410229206086,0.5297822340138132,0.1,0.25,0.1,1.0
50409,mscoco,0.02154863653704524,0.10873883329580754,0.028332474827766418,0.08873014739063284,0.0,0.032258064516129,0.1,0.1111111111111111
399183,mscoco,0.10470368638634682,0.22391431588892427,0.24779176190495492,0.34823992383339797,0.1,0.1111111111111111,0.6,0.5
76589,mscoco,0.037921876087784766,0.11512302561441484,0.041747804079204795,0.11001262925963011,0.2,1.0,0.3,1.0
534965,mscoco,0.013063003099523485,0.04545930400442819,0.014425289444625377,0.06610016037506453,0.1,0.25,0.0,0.0833333333333333
295759,mscoco,0.023052904894575475,0.059197630481493554,0.010478404443711042,0.03326570568245777,0.0,0.0037735849056603,0.0,0.0526315789473684
131725,mscoco,0.03125113425776362,0.10540110388772021,0.03264816980808973,0.10169254420453261,0.0,0.0588235294117647,0.1,1.0
214123,mscoco,0.037058789655566214,0.10058820983596409,0.03304244475439191,0.10056648394394713,0.1,1.0,0.0,0.0625
433075,mscoco,0.06981750130653382,0.1959113256724086,0.06545499730855227,0.17974207995346014,0.1,1.0,0.1,0.1666666666666666
21260,mscoco,0.04073228389024734,0.09886382255480713,0.04912632051855326,0.10954887144765721,0.0,0.0098039215686274,0.1,0.2
312870,mscoco,0.16826183907687664,0.34205996952987655,0.2153675973415375,0.5268844136208555,0.0,0.0476190476190476,0.1,0.25
6824,mscoco,0.5778783440589905,0.7502466577537552,0.6578219532966614,0.7694372313429841,0.7,0.25,0.8,1.0
368014,mscoco,0.1028256194666028,0.2391064528366125,0.1511259436607361,0.31757355052347336,0.3,0.3333333333333333,0.3,1.0
227772,mscoco,0.05246836515143514,0.1887904600612695,0.07268870137631893,0.18205939036396804,0.1,0.1666666666666666,0.3,0.25
276671,mscoco,0.1488013339228928,0.3453134149981974,0.3684865221381187,0.6345934187200205,0.2,0.3333333333333333,0.6,0.5
74894,mscoco,0.09719047136604786,0.24160269290346734,0.12132415100932122,0.3170460309695704,0.3,1.0,0.5,1.0
395170,mscoco,0.2523841470479965,0.44872565825428457,0.2643258810043335,0.4327914961101411,0.4,0.5,0.6,1.0
362521,mscoco,0.012556744599714875,0.045770073499290596,0.02491534538567066,0.08072150515041747,0.0,0.02,0.1,0.2
543838,mscoco,0.02399707115255296,0.10541949921352523,0.03466485375538468,0.09666646702826086,0.1,1.0,0.1,0.3333333333333333
385580,mscoco,0.006907916022464633,0.030734111626260465,0.012709307530894876,0.040172149116534724,0.0,0.0153846153846153,0.0,0.0714285714285714
448131,mscoco,0.079632150195539,0.2409350633795913,0.09342233873903752,0.24355613305331514,0.1,0.2,0.6,1.0
33702,mscoco,0.31429158598184587,0.6394917486065305,0.48413537442684174,0.6725910370643841,0.0,0.0555555555555555,0.0,0.0769230769230769
109522,mscoco,0.1009143777191639,0.2711210843786686,0.08899447619915009,0.2838150535800692,0.0,0.0416666666666666,0.0,0.0256410256410256
268444,mscoco,0.0906328272074461,0.22826852230318395,0.12361992746591569,0.39168481523115223,0.2,0.5,0.3,1.0
526105,mscoco,0.03877371968701482,0.13359481032727438,0.04088232982903719,0.1278071262719689,0.0,0.0714285714285714,0.0,0.0833333333333333
538709,mscoco,0.041734049655497076,0.1467982513228865,0.06057309117168188,0.18359612260678093,0.1,0.1666666666666666,0.2,0.5
455856,mscoco,0.005542872835940215,0.02643523954238484,0.010487269493751228,0.029241915227956952,0.1,0.5,0.1,0.5
246878,mscoco,0.21320006623864174,0.32946205425312797,0.3210941068828106,0.49350264703652813,0.0,0.0142857142857142,0.4,0.5
361472,mscoco,0.03316395571455359,0.10235293043425937,0.06466668751090765,0.24055431747826017,0.0,0.0384615384615384,0.1,1.0
422240,mscoco,0.022929680300876498,0.07833986577863321,0.015392120741307736,0.06914510577374866,0.1,1.0,0.1,1.0
233073,mscoco,0.06299999505281448,0.15232851844921075,0.05344987921416759,0.16323699478178466,0.1,0.3333333333333333,0.1,1.0
340621,mscoco,0.22903600931167603,0.6082070754460595,0.3815546931698918,0.5832745826388622,0.4,1.0,0.6,1.0
422804,mscoco,0.048556731548160315,0.107735193557362,0.04518033303320408,0.19541337267197756,0.1,0.1666666666666666,0.1,1.0
440762,mscoco,0.10424471255391836,0.2736154902049278,0.3036337554454803,0.536721433346156,0.1,0.125,0.1,0.1
165907,mscoco,0.11342880465090274,0.2835197967987554,0.15328578203916549,0.36954536340615474,0.4,0.5,0.6,1.0
540006,mscoco,0.01055264356546104,0.040369678768917255,0.01603000028990209,0.07157122148417132,0.1,0.1111111111111111,0.1,1.0
300267,mscoco,0.10022991225123405,0.2326975250924915,0.09842813163995742,0.25483607299639205,0.5,0.5,0.3,1.0
413852,mscoco,0.1530272774398327,0.26360941481444145,0.19953315630555152,0.40759614051333626,0.4,0.25,0.7,1.0
360975,mscoco,0.04075161162763834,0.12477586860951342,0.043491041660308837,0.12775026133075665,0.4,0.25,0.3,1.0
211909,mscoco,0.5193202301859856,0.8148373741380671,0.6568386554718018,0.8341787425816498,0.6,1.0,0.8,1.0
66389,mscoco,0.008051455393433571,0.02622110474636801,0.008251050463877618,0.027697793548495726,0.0,0.0030395136778115,0.0,0.0025575447570332
13285,mscoco,0.029562128800898792,0.10718503800776889,0.025696341693401337,0.0877655770255512,0.0,0.009009009009009,0.0,0.0026178010471204
573922,mscoco,0.015408129687421024,0.04753130295811256,0.02464970122091472,0.06362281964958304,0.1,0.125,0.4,1.0
62619,mscoco,0.027680345345288515,0.09521576578514318,0.07843222264200449,0.15971387350660324,0.1,0.1,0.1,1.0
168563,mscoco,0.08588788993656635,0.22776599750560664,0.11402651425451041,0.3059448820939725,0.2,0.25,0.2,0.5
178504,mscoco,0.023645722214132546,0.08851159403031737,0.061210299655795095,0.2075977240907908,0.0,0.0909090909090909,0.1,1.0
176174,mscoco,0.04759279787540436,0.1815831286150147,0.047247649263590576,0.14762070854506038,0.1,0.1666666666666666,0.1,0.5
60903,mscoco,0.05919662397354841,0.1394981538611387,0.09252156689763069,0.30905574919084267,0.1,0.1111111111111111,0.2,1.0
80554,mscoco,0.05277875429019332,0.15769060683605388,0.10844160225242376,0.2508211555560942,0.0,0.0714285714285714,0.2,0.3333333333333333
494852,mscoco,0.030610409518703818,0.1268507424551736,0.0419151428155601,0.15144274460368254,0.4,1.0,0.3,1.0
272832,mscoco,0.01941615892574191,0.06870832228626135,0.030307548213750125,0.10638935528325567,0.1,0.3333333333333333,0.1,1.0
497002,mscoco,0.019152490235865117,0.07641210667420655,0.016954428050667048,0.055486569126795275,0.1,0.5,0.0,0.0526315789473684
473918,mscoco,0.02831185581162572,0.08278602973471784,0.041520310752093795,0.1146803451906962,0.0,0.0454545454545454,0.1,0.5
78681,mscoco,0.19729613810777663,0.36861072524937943,0.18050493001937867,0.3964264862254738,0.5,1.0,0.5,1.0
261323,mscoco,0.03239041706547141,0.12920762695179797,0.04840814135968685,0.156444284161534,0.0,0.0476190476190476,0.1,1.0
489482,mscoco,0.02152895093895495,0.0570998968865571,0.03811746235005557,0.1694608565215888,0.0,0.0909090909090909,0.1,0.5
513966,mscoco,0.021778037876356394,0.07038125766560051,0.02222181102260947,0.0820582687038403,0.1,0.2,0.0,0.04
326202,mscoco,0.13503428772091866,0.31617597459100394,0.17255490347743035,0.49112431481487195,0.3,1.0,0.3,1.0
394159,mscoco,0.06666220128536224,0.17434921392750732,0.0776613973081112,0.22287512478609703,0.1,0.3333333333333333,0.2,0.3333333333333333
392320,mscoco,0.5900063171982766,0.7820574338922506,0.5245085090398789,0.928554866031572,0.7,1.0,0.6,1.0
428301,mscoco,0.21183633506298066,0.5870226621122503,0.220137507840991,0.42412715389625694,0.3,1.0,0.3,1.0
304217,mscoco,0.03570092874579132,0.15289379687086227,0.042273851484060286,0.1460479535738385,0.0,0.0217391304347826,0.0,0.0133333333333333
332131,mscoco,0.36316571682691573,0.5913446975146862,0.46330874860286714,0.5593488297191609,0.6,1.0,0.7,1.0
316336,mscoco,0.08688369859009981,0.21768641898128674,0.12600631713867189,0.3501139222451435,0.1,0.3333333333333333,0.1,1.0
575331,mscoco,0.012094856472685933,0.040343527655058636,0.018578320881351827,0.08181984471157797,0.0,0.0476190476190476,0.1,1.0
357578,mscoco,0.040001480979844926,0.11307618777475721,0.08262058869004249,0.22565384870233843,0.0,0.0625,0.2,0.25
201714,mscoco,0.23095504846423864,0.5101447819084247,0.1443519338965416,0.39775300197305297,0.5,1.0,0.3,1.0
76899,mscoco,0.056506606936454776,0.17643732826947547,0.05899455049075186,0.13841185507108428,0.1,0.1666666666666666,0.0,0.0175438596491228
461445,mscoco,0.11497415900230408,0.30288698592032365,0.15528573766350745,0.299155424057992,0.2,0.3333333333333333,0.1,1.0
317431,mscoco,0.3166131619364023,0.6933042890404084,0.34898305833339693,0.5533770740115759,0.9,1.0,0.9,1.0
74,drawbench,0.19303530603647232,0.444053016167794,0.14822023622691632,0.44234970221236114,0.0,0.0128205128205128,0.0,0.0181818181818181
413172,mscoco,0.10297569520771503,0.26320729503032736,0.2092925190925598,0.5030879947340895,0.1,0.1428571428571428,0.4,0.3333333333333333
346754,mscoco,0.02511936780065298,0.0978197026304749,0.03477818928658962,0.12275199659732745,0.0,0.0038167938931297,0.0,0.0014245014245014
142349,mscoco,0.20718971826136112,0.3839484371379607,0.16163861118257045,0.3588686009127459,0.1,0.1666666666666666,0.3,0.25
495947,mscoco,0.026495428383350374,0.10449380110006241,0.036439843289554116,0.1285825873214204,0.0,0.0454545454545454,0.0,0.0416666666666666
105344,mscoco,0.14785185754299163,0.3407486752058235,0.12151683866977692,0.28735069467691804,0.2,0.25,0.5,1.0
466024,mscoco,0.4168078113347292,0.677932855132665,0.5517937779426575,0.7554284542131126,0.7,1.0,1.0,1.0
579165,mscoco,0.017660436686128378,0.0658836089067964,0.03167128078639507,0.088368850869489,0.1,0.2,0.0,0.0256410256410256
323868,mscoco,0.10478777941316367,0.22028359540114203,0.24448658525943756,0.3647068504053818,0.1,0.1666666666666666,0.7,1.0
119947,mscoco,0.12044839970767499,0.23497138445232418,0.17453136518597603,0.3180109039910653,0.1,1.0,0.1,0.5
536201,mscoco,0.009911701874807477,0.035985084673573545,0.005764313880354166,0.02561542759791639,0.1,1.0,0.1,1.0
151432,mscoco,0.24759383499622345,0.4384731979358798,0.273399879783392,0.5296103279505097,0.5,1.0,0.3,0.3333333333333333
50972,mscoco,0.12911889143288136,0.37611594521580377,0.14176895916461946,0.31218831179079026,0.2,1.0,0.2,0.3333333333333333
222361,mscoco,0.14445018470287324,0.24035572901167376,0.15884388685226442,0.3127060043555259,0.4,0.25,0.7,1.0
183,drawbench,0.007256764447083697,0.02555814194065843,0.012101580761373043,0.04184881022047803,0.0,0.0,0.0,0.0
356654,mscoco,0.026346580451354386,0.09639898927249894,0.0443033654242754,0.12816967710141006,0.1,1.0,0.0,0.0526315789473684
12377,mscoco,0.008748051594011486,0.04076236082207511,0.009883076325058937,0.042927068736724944,0.1,0.25,0.1,1.0
62589,mscoco,0.26812518686056136,0.425148073012328,0.24759392365813254,0.4180404721013234,0.4,1.0,0.5,1.0
175,drawbench,0.005185278136923444,0.0183378334586186,0.004131651122588664,0.014320530076860974,0.0,0.0,0.0,0.0
97569,mscoco,0.027215072046965362,0.0987961855767475,0.03974963976070285,0.12888397815795172,0.1,0.1111111111111111,0.2,0.3333333333333333
118342,mscoco,0.2974624320864677,0.5925393608478923,0.35021130442619325,0.589030145777549,0.5,1.0,0.7,0.5
226348,mscoco,0.053420762345194814,0.1754064598797456,0.057903822511434555,0.1925809194815649,0.1,0.5,0.1,1.0
507833,mscoco,0.0013281531544635072,0.004085769874223732,0.0006070719631679822,0.0032470558227341603,0.1,1.0,0.1,1.0
509503,mscoco,0.017979768104851246,0.05591400492144916,0.03915685429237783,0.19202942181759425,0.4,1.0,0.3,0.5
265447,mscoco,0.11359668783843517,0.3077088664112699,0.12165867052972316,0.2562351281666059,0.6,1.0,0.6,1.0
39398,mscoco,0.25923498459160327,0.423638400516245,0.4455484926700592,0.7608882872870432,0.1,0.5,0.2,1.0
475667,mscoco,0.07776815183460713,0.23698069323429158,0.07235419303178788,0.19493385533151333,0.3,0.3333333333333333,0.3,0.5
110829,mscoco,0.02947741076350212,0.10037203214630681,0.04108795281499624,0.12476417944622838,0.0,0.0434782608695652,0.2,1.0
423830,mscoco,0.4142035260796547,0.674998706094667,0.3971454083919525,0.6805157184111851,0.1,0.125,0.2,1.0
159567,mscoco,0.05686077866703272,0.15091416814515182,0.09459729641675949,0.26961155288564287,0.1,1.0,0.0,0.003012048192771
67422,mscoco,0.19808089658617972,0.34516818214546224,0.20989264994859697,0.41765749734968993,0.3,0.5,0.3,0.5
449210,mscoco,0.16498820912092924,0.449479946541119,0.31186539977788924,0.3848308421944621,0.1,0.2,0.4,1.0
561386,mscoco,0.09288479210808873,0.20764919218595107,0.268918476998806,0.47357322570237487,0.2,0.2,0.2,0.25
136267,mscoco,0.2315305095165968,0.42163668384110886,0.16618361547589303,0.3322770023727358,0.8,1.0,0.6,0.5
147294,mscoco,0.09612022899091244,0.23525912222872453,0.07233722135424614,0.24317728720743279,0.1,0.2,0.2,0.5
127074,mscoco,0.09413666776381432,0.29193744698401897,0.27643574476242067,0.443069148526096,0.3,1.0,0.6,1.0
355593,mscoco,0.08513153679668903,0.3303782562146696,0.1286094792187214,0.3270886432469726,0.0,0.0005411255411255,0.0,0.0078740157480314
82,drawbench,0.16814203336834907,0.3258990823395371,0.24805469438433647,0.4654131278666896,0.1,0.1666666666666666,0.0,0.032258064516129
97614,mscoco,0.11276370529085397,0.25442988297109864,0.16628153324127198,0.33260535535599434,0.0,0.0196078431372549,0.0,0.0555555555555555
548219,mscoco,0.16467587351799012,0.4476199242690283,0.15396083518862724,0.4546203147391205,0.4,0.5,0.4,1.0
232031,mscoco,0.02799384407699108,0.08572752249227282,0.026969423238188028,0.09834999739824565,0.1,0.5,0.0,0.0526315789473684
212047,mscoco,0.043120623007416724,0.17087943695767246,0.04692221209406853,0.16863956697764199,0.1,1.0,0.1,1.0
532520,mscoco,0.04604040663689375,0.13309721316701179,0.046279329992830756,0.1531022119438622,0.2,0.3333333333333333,0.1,0.25
202923,mscoco,0.24849949553608894,0.39383503307886447,0.38083677291870116,0.6532556642515936,0.4,0.25,0.3,0.1666666666666666
32675,mscoco,0.01107858046889305,0.04386007997366778,0.011173046613112091,0.041941247210565115,0.1,1.0,0.1,1.0
280112,mscoco,0.1327111531049013,0.3131219883343248,0.15528221018612384,0.3292013481947506,0.3,0.3333333333333333,0.2,1.0
230982,mscoco,0.026027632504701616,0.095662232116713,0.03187505747191608,0.10183631921764309,0.1,0.5,0.0,0.0714285714285714
104340,mscoco,0.00862948777503334,0.019127325912257218,0.01715228895191103,0.1020815638130601,0.0,0.0256410256410256,0.1,1.0
444912,mscoco,0.005327452870551497,0.021310681752460446,0.016278314404189587,0.07190026660263764,0.0,0.0833333333333333,0.1,0.1666666666666666
210071,mscoco,0.09649077299982309,0.23141857581443298,0.06269778944551944,0.1674829699130533,0.9,1.0,1.0,1.0
541203,mscoco,0.08012340813875199,0.2160650923382523,0.0841540616005659,0.24230232436693613,0.1,0.1,0.2,1.0
64626,mscoco,0.02835888573899865,0.09463516982781534,0.019315694691613317,0.07261721908748896,0.1,0.1111111111111111,0.0,0.0555555555555555
224060,mscoco,0.012272872624453156,0.04903103964754475,0.010271851241122931,0.041002850859946684,0.1,1.0,0.1,1.0
411028,mscoco,0.10026229918003082,0.21722773239671608,0.27142524942755697,0.5688785642580599,0.4,1.0,0.5,1.0
228712,mscoco,0.019323797058314086,0.05122480828598487,0.011290683457627893,0.05418300995590539,0.1,0.125,0.0,0.0256410256410256
170365,mscoco,0.10444893650710582,0.2908210957907231,0.0953321922570467,0.26835990327751164,0.0,0.0769230769230769,0.1,0.125
346403,mscoco,0.0638136975467205,0.22467082469307822,0.18937744610011578,0.5396723836598709,0.0,0.0163934426229508,0.2,1.0
265597,mscoco,0.7843709707260131,0.8654519673410571,0.7515563786029815,0.8145131353644149,1.0,1.0,0.9,0.5
11504,mscoco,0.07256764704361558,0.13549573062053513,0.09453309066593647,0.2039926770545822,0.1,0.125,0.2,0.3333333333333333
546010,mscoco,0.004707226497703232,0.02337247341133395,0.006903836556011811,0.02816082097951062,0.1,1.0,0.1,0.5
287003,mscoco,0.18747855573892594,0.6003310188395492,0.2223968781530857,0.45073520319546445,0.1,1.0,0.3,0.5
485406,mscoco,0.12936491575092077,0.3171424521770631,0.2328771248459816,0.3480778023127876,0.0,0.0416666666666666,0.1,1.0
299051,mscoco,0.17775157727301122,0.35186233772632725,0.21741797104477883,0.42122125099881785,0.3,1.0,0.5,1.0
67,drawbench,0.009367588395252823,0.031119258780225197,0.009910453343763947,0.04061232596136192,0.0,0.0,0.0,0.0
107481,mscoco,0.1733441583812237,0.3474195856959233,0.21974651515483856,0.4096853510297283,0.4,0.3333333333333333,0.5,1.0
160968,mscoco,0.290351477265358,0.46910243065353996,0.2805728644132614,0.4957816712654231,0.1,0.1428571428571428,0.1,0.3333333333333333
447983,mscoco,0.012637868360616266,0.042373089557520574,0.01930255559273064,0.07687276731966246,0.1,1.0,0.1,1.0
192651,mscoco,0.3230197265744209,0.5325233044802441,0.44238744378089906,0.5950872948210904,0.3,0.5,0.5,1.0
341856,mscoco,0.04997804127633572,0.16768051766947764,0.06511929370462895,0.20852980667372653,0.3,0.5,0.2,1.0
45809,mscoco,0.17286510542035102,0.36980127095795506,0.14769813641905785,0.3359063401337307,0.6,1.0,0.6,1.0
552089,mscoco,0.033175894897431134,0.11040805198573599,0.03587851673364639,0.10817881470519113,0.1,0.1111111111111111,0.1,0.1
24097,mscoco,0.056939279101788996,0.22005269638248495,0.047438540123403074,0.19751877814719293,0.1,1.0,0.1,1.0
433451,mscoco,0.24344291314482688,0.3778816139323916,0.2378782294690609,0.4262470423963687,0.0,0.0909090909090909,0.1,0.1666666666666666
547100,mscoco,0.05092060174793005,0.1547197663709289,0.03764017354696989,0.13841213903530566,0.1,1.0,0.1,1.0
485595,mscoco,0.016528325714170934,0.06377778114099104,0.031543166004121305,0.09788777873019773,0.1,0.5,0.1,1.0
266209,mscoco,0.07730121463537216,0.20078824600853418,0.11004988178610801,0.253713361414337,0.2,0.3333333333333333,0.8,1.0
559754,mscoco,0.07797424700111151,0.17845841750715782,0.12320467792451381,0.24887174299930362,0.3,0.25,0.5,1.0
253848,mscoco,0.0336787368170917,0.13524103599486997,0.03606765903532505,0.12808753634883127,0.0,0.0434782608695652,0.1,0.1666666666666666
51487,mscoco,0.018030636396724732,0.08364898865903302,0.021003433549776674,0.0795672550006584,0.1,1.0,0.1,1.0
8725,mscoco,0.19829896576702594,0.36237976288307033,0.19849639236927033,0.39450077882558027,0.0,0.003690036900369,0.0,0.0909090909090909
115,drawbench,0.332053592056036,0.7199318710118146,0.27436522468924524,0.7087504084003219,0.0,0.0,0.0,0.0
168833,mscoco,0.18399442881345748,0.42710454812629733,0.26747339516878127,0.44849600600229644,0.0,0.02,0.0,0.0357142857142857
248682,mscoco,0.3443268001079559,0.5498127328860702,0.40879280120134354,0.6440358736807192,0.6,0.5,0.8,1.0
488032,mscoco,0.3837616354227066,0.8708307081372159,0.5567211821675301,0.8165594631460713,0.3,1.0,0.6,1.0
24242,mscoco,0.07395322881639003,0.18386111460218005,0.11429383642971516,0.23873814107915642,0.0,0.05,0.5,1.0
150546,mscoco,0.07406553365290165,0.22023277366381017,0.1535371169447899,0.34041819431626613,0.1,0.5,0.1,1.0
67563,mscoco,0.10522859077900648,0.24895096312135334,0.13136089891195296,0.22847923520233346,0.2,1.0,0.0,0.0833333333333333
36783,mscoco,0.12579448195174336,0.35131578611242126,0.20388070791959761,0.4718285015288983,0.0,0.0040485829959514,0.1,0.1428571428571428
216015,mscoco,0.07894969070330263,0.23196628270868921,0.09835879411548376,0.2593796668079236,0.2,1.0,0.1,1.0
530904,mscoco,0.07845942322164774,0.24274147946092017,0.1176784247159958,0.30582053722112135,0.3,0.3333333333333333,0.3,1.0
15356,mscoco,0.07082522250711917,0.170252864573622,0.08638238590210676,0.2451591711478375,0.4,0.3333333333333333,0.4,1.0
213809,mscoco,0.0053446463192813095,0.024247391302711387,0.006947951787151396,0.02786257225295092,0.1,1.0,0.1,1.0
407057,mscoco,0.012585538718849421,0.05840210497519391,0.015297608682885766,0.06223098889902405,0.4,1.0,0.3,1.0
229142,mscoco,0.05800300184637308,0.17937158747225548,0.09616473279893398,0.2319004839526943,0.1,0.3333333333333333,0.1,0.1428571428571428
307990,mscoco,0.19729991108179093,0.331749164538612,0.39956221282482146,0.563463507382834,0.3,0.25,0.2,0.5
185,drawbench,0.0020893769105896354,0.009067595047808559,0.00250722611672245,0.008140494374902402,0.0,0.0,0.0,0.0
318820,mscoco,0.15997642688453198,0.37359019787646974,0.17822846211493015,0.39719846941242504,0.1,1.0,0.1,1.0
575303,mscoco,0.04026425804477185,0.15491900662018107,0.04924646476283669,0.1659097860652903,0.1,1.0,0.1,1.0
578094,mscoco,0.06241446863859892,0.15241333188443418,0.09677769057452679,0.20511693742142298,0.4,1.0,0.7,1.0
54611,mscoco,0.17647949010133743,0.27536645364191203,0.3413709208369255,0.6008395129923255,0.2,0.3333333333333333,0.7,1.0
5903,mscoco,0.08765678852796555,0.3951911298435057,0.08992326809093357,0.38602018343927336,0.2,1.0,0.1,1.0
238603,mscoco,0.5498924642801285,0.6301642008872628,0.6985709637403488,0.918639267738059,0.3,0.1666666666666666,0.7,1.0
113089,mscoco,0.02575305141508579,0.08693636937586886,0.037764313817024234,0.11439675197006825,0.1,1.0,0.1,1.0
381759,mscoco,0.0489889626391232,0.16246578778153808,0.07683632969856262,0.22847290700887476,0.0,0.0104166666666666,0.1,0.5
486580,mscoco,0.06859087683260441,0.16696597195809543,0.10901926197111607,0.3099262024575857,0.0,0.0434782608695652,0.2,0.25
480720,mscoco,0.28600225895643233,0.4789074147321335,0.21900584995746614,0.40878204690938186,0.6,0.3333333333333333,0.5,1.0
289140,mscoco,0.009517753473483026,0.029546834352449713,0.012059526424854994,0.03976258043188694,0.1,0.2,0.1,0.3333333333333333
91719,mscoco,0.1437879227101803,0.2721996516074818,0.285264191031456,0.6001598023951401,0.2,0.3333333333333333,0.8,1.0
8944,mscoco,0.06416179686784744,0.19067781298444292,0.11326684765517711,0.23445908789717515,0.1,0.3333333333333333,0.0,0.0833333333333333
468742,mscoco,0.04730533007532358,0.13997454246584679,0.055460859648883344,0.17550937620514942,0.3,1.0,0.3,1.0
512723,mscoco,0.42183220088481904,0.76783059794491,0.5843409448862076,0.803532972632138,0.5,1.0,0.8,1.0
167962,mscoco,0.3338915854692459,0.5038441750038144,0.4449355810880661,0.6769386975454469,0.2,0.1666666666666666,0.4,0.3333333333333333
132161,mscoco,0.025026997691020368,0.08546219096443589,0.02306085526943207,0.07400205946748482,0.0,0.0416666666666666,0.1,1.0
260336,mscoco,0.09295796151272953,0.343040887140086,0.10144418720155954,0.264277963700086,0.6,1.0,0.8,1.0
320429,mscoco,0.12821775916963815,0.25143130091839716,0.1464551255106926,0.41580311295274147,0.1,0.1,0.2,1.0
465893,mscoco,0.08961946610361338,0.16967554253805558,0.17048259191215037,0.3271537513679389,0.2,0.1666666666666666,0.5,0.3333333333333333
34183,mscoco,0.057906975504010916,0.2288027206314068,0.05902375876903534,0.2444348058241563,0.2,1.0,0.2,1.0
531404,mscoco,0.0094875393435359,0.04384271946338491,0.018495475826784968,0.06097960368533473,0.0,0.015625,0.1,0.1666666666666666
551651,mscoco,0.10682011544704437,0.26116302192541413,0.14954270794987679,0.2926568846718744,0.1,0.1428571428571428,0.2,0.5
140921,mscoco,0.024345040693879126,0.10496614297993881,0.03151052952744067,0.11145085268519163,0.2,1.0,0.2,1.0
449780,mscoco,0.0655099306255579,0.15829070258216646,0.08497083391994238,0.24975207275441122,0.1,0.1666666666666666,0.0,0.0588235294117647
560326,mscoco,0.07385131809860468,0.16895562216842047,0.08628525622189046,0.1923734665162849,0.2,0.5,0.3,1.0
440813,mscoco,0.014254097105003893,0.04401845918843471,0.01527484655380249,0.05128338121064933,0.1,0.5,0.1,0.25
126,drawbench,0.24891526997089386,0.40737027098806755,0.3180211305618286,0.48451284471108036,0.0,1.321684883889983e-05,0.0,4.428305730227615e-05
44,drawbench,0.05255866781808436,0.12437321467609493,0.08563613668084144,0.17741795039045327,0.0,2.0200795911358907e-05,0.0,0.0002699784017278
174417,mscoco,0.03190022306516767,0.10971862975671874,0.04472587667405605,0.12008010522198977,0.1,1.0,0.1,0.5
423215,mscoco,0.019241158571094274,0.06513972003261259,0.018437104672193526,0.05773845023231951,0.0,0.0017094017094017,0.0,0.0588235294117647
478090,mscoco,0.03414706357289106,0.10151369407277669,0.04013439267873764,0.13284261596303426,0.0,0.0588235294117647,0.1,0.1666666666666666
83034,mscoco,0.009350505113252439,0.06818569140292521,0.013390323147177696,0.047793326164694845,0.1,1.0,0.0,0.0833333333333333
325568,mscoco,0.04976900890469551,0.12287429284563971,0.17100988179445267,0.316740603881208,0.0,0.0010660980810234,0.0,0.0007107320540156
517603,mscoco,0.08190025873482228,0.22428784636105376,0.10123862363398076,0.3024813352701268,0.4,0.25,0.1,0.2
460287,mscoco,0.02407655376009643,0.1183194483822619,0.01911635403521359,0.08419900772202155,0.2,1.0,0.2,1.0
337546,mscoco,0.3463569261133671,0.5382726936426525,0.4368463769555092,0.6404199751553911,0.1,0.1111111111111111,0.3,1.0
389491,mscoco,0.22331174165010453,0.4172089261143071,0.3481158256530762,0.5702009281685327,0.0,0.024390243902439,0.2,0.5
557451,mscoco,0.018795763468369843,0.08515868843182427,0.01766628408804536,0.06037546304096816,0.2,1.0,0.2,1.0
20414,mscoco,0.05808077175170183,0.1905690969558389,0.0595913490280509,0.1793873585110145,0.4,1.0,0.7,1.0
402603,mscoco,0.06116585228592157,0.17673809942781507,0.07062516435980797,0.1908221633966604,0.1,0.5,0.1,1.0
93116,mscoco,0.07785596884787083,0.22435096981662545,0.07838003057986498,0.22506409654508436,0.3,0.25,0.4,1.0
202143,mscoco,0.1628790557384491,0.390086957138225,0.3844828546047211,0.5945708887793013,0.4,0.5,0.8,1.0
477526,mscoco,0.48862571120262144,0.8378138437041462,0.37401377633213995,0.8338011746570664,0.2,1.0,0.3,1.0
557388,mscoco,0.2606869928538799,0.5114502432947942,0.2802027270197868,0.4588656895302388,0.5,1.0,0.2,1.0
120254,mscoco,0.09177497792989016,0.27144254542639823,0.14047499522566795,0.3382718717244019,0.1,0.1666666666666666,0.2,0.25
188606,mscoco,0.2029833324253559,0.4345290819396536,0.23316514492034912,0.473946121696173,0.0,0.037037037037037,0.1,0.1
490336,mscoco,0.3719460368156433,0.4686982311513234,0.44777262806892393,0.6618733641690596,0.1,0.3333333333333333,0.4,0.5
82731,mscoco,0.05557546033523977,0.22537621806178842,0.08119802176952362,0.164519616359983,0.1,0.1428571428571428,0.1,0.1
46674,mscoco,0.09680313682183624,0.24910010734341628,0.0821367030031979,0.24140999888630724,0.1,1.0,0.1,1.0
534366,mscoco,0.26799598038196565,0.6272498681255665,0.32900760844349863,0.638148974806205,0.2,1.0,0.3,1.0
493774,mscoco,0.08021386601030826,0.19449228497111798,0.11131276078522205,0.2612205825561027,0.0,0.0833333333333333,0.2,0.5
417547,mscoco,0.04626254290342331,0.15287446662171963,0.06789203220978379,0.22295599159537174,0.0,0.0344827586206896,0.0,0.0119047619047619
63556,mscoco,0.054847560822963715,0.16542924786825533,0.059917368553578855,0.18000591990792578,0.1,0.3333333333333333,0.1,1.0
479036,mscoco,0.05271719265729189,0.13545765348434202,0.09451777711510659,0.2172335032789451,0.4,1.0,0.4,1.0
515424,mscoco,0.17545253224670887,0.34063481589919853,0.3332403592765331,0.5886340836640033,0.2,0.5,0.1,0.25
320899,mscoco,0.06926768366247416,0.2346728883367955,0.0843689613044262,0.1987745794410856,0.1,0.125,0.1,0.125
353378,mscoco,0.05832362677901983,0.16484957822325547,0.06130307568237185,0.17103415920889467,0.1,1.0,0.1,1.0
26517,mscoco,0.17780333235859871,0.30337533533035504,0.17147293128073215,0.3915466630015124,0.1,0.2,0.2,1.0
559912,mscoco,0.41718517392873766,0.4546513428359841,0.4555055290460587,0.6685924561236111,0.4,0.2,0.5,1.0
5913,mscoco,0.3593262150883675,0.5895977074674252,0.3592592716217041,0.6871031023453052,0.0,0.0833333333333333,0.0,0.0625
390474,mscoco,0.09514659997075796,0.29124965978452266,0.11816410142928362,0.20883272875542613,0.5,0.5,0.6,1.0
235062,mscoco,0.09243815410882235,0.258431149247356,0.06976688280701637,0.2484732940608714,0.2,0.3333333333333333,0.2,1.0
313015,mscoco,0.004032012884272263,0.013423790137025092,0.004490136686945334,0.020789748269303427,0.1,0.2,0.1,1.0
397857,mscoco,0.027525190729647875,0.08927767854117842,0.019429794000461697,0.08122392754605744,0.1,1.0,0.1,1.0
550140,mscoco,0.23389186188578606,0.35108487587503207,0.3059493750333786,0.7194258723487227,0.7,0.25,0.5,0.5
461836,mscoco,0.3305898606777191,0.5254449833485283,0.33809288740158083,0.7200867951780124,0.0,0.0666666666666666,0.0,0.0714285714285714
106,drawbench,0.04395598880946636,0.12066561739451138,0.031003206595778467,0.0913143103578607,0.0,0.02,0.1,0.1666666666666666
81779,mscoco,0.01043167314492166,0.03630587085047485,0.016946956142783166,0.04289200487561492,0.1,0.5,0.1,0.25
215134,mscoco,0.6148434430360794,0.8189213768179293,0.6454101353883743,0.8395776354214708,0.1,0.3333333333333333,0.1,0.25
523309,mscoco,0.06860467158257962,0.18935441013358992,0.09760077744722366,0.2926692596897919,0.0,0.0833333333333333,0.0,0.0833333333333333
171,drawbench,0.013693865621462464,0.03840384022630585,0.011753079784102737,0.04182813693757007,0.0,0.0,0.0,0.0
380500,mscoco,0.27673889994621276,0.4730394224408085,0.2890549436211586,0.4166417445945194,0.0,0.0192307692307692,0.2,1.0
156128,mscoco,0.40034971535205843,0.839898865689712,0.47687282860279084,0.7532022445336568,0.2,1.0,0.4,1.0
125908,mscoco,0.4222367852926254,0.6979683687059541,0.38807820826768874,0.597812157752353,0.4,0.5,0.4,0.5
488303,mscoco,0.038761798851192,0.12868391115267666,0.044525306671857834,0.1164041030729033,0.1,0.3333333333333333,0.0,0.0476190476190476
49725,mscoco,0.012820265395566821,0.04136243737361651,0.016807012306526304,0.07752873677136798,0.1,0.5,0.1,0.5
556363,mscoco,0.04642700366675854,0.14633861485104335,0.05095785930752754,0.14272664189686143,0.1,1.0,0.1,0.1428571428571428
279947,mscoco,0.1665831372141838,0.2983029846225593,0.2166837766766548,0.37134298134737836,0.3,0.5,0.6,1.0
139083,mscoco,0.17642944138497113,0.3157025367104585,0.23752712905406953,0.5732138024813423,0.2,0.3333333333333333,0.0,0.0666666666666666
325055,mscoco,0.14641708545386792,0.3414839196698818,0.11760031506419182,0.2962742654647538,0.3,0.25,0.3,0.3333333333333333
483311,mscoco,0.7879460275173187,0.9298980752901888,0.8527175843715668,0.9583380287543779,0.8,1.0,0.8,0.5
206410,mscoco,0.01344040515832603,0.04853484110806555,0.022456389060243963,0.07368910069129232,0.2,1.0,0.0,0.0212765957446808
270290,mscoco,0.03686364949680865,0.13612948242431477,0.029776197392493486,0.11458220920114809,0.3,1.0,0.3,1.0
542937,mscoco,0.08909073714166879,0.23986097994023406,0.10839386880397797,0.2641710963056595,0.2,0.25,0.1,0.2
109178,mscoco,0.1056655827909708,0.31223957476039105,0.1034524510614574,0.2899257269282436,0.9,1.0,1.0,1.0
286116,mscoco,0.025494276732206344,0.06561242502453855,0.02266745679080486,0.08517880626514826,0.2,0.1428571428571428,0.3,1.0
369557,mscoco,0.15298346132040025,0.39477991587294525,0.2162460617721081,0.36379389344384816,0.2,0.5,0.5,1.0
195810,mscoco,0.016344184707850217,0.0627475829661816,0.015080100577324628,0.0446950172696997,0.1,1.0,0.1,0.5
561907,mscoco,0.013649320579133928,0.06031818590019757,0.011655538412742316,0.06014400539205979,0.0,0.03125,0.0,0.0010604453870625
100083,mscoco,0.10638485178351402,0.25048986721435784,0.10761115662753581,0.3694968820371705,0.9,1.0,0.5,1.0
427113,mscoco,0.11900148894637823,0.3261497705550445,0.12162550799548626,0.34872223727085094,0.3,1.0,0.5,1.0
504670,mscoco,0.08771966323256493,0.20124215489474995,0.088759670779109,0.2219416453457225,0.0,0.0384615384615384,0.0,0.04
171656,mscoco,0.008935439237393438,0.03185153847711109,0.009927586908452213,0.04346135692922341,0.1,0.1428571428571428,0.1,1.0
337011,mscoco,0.02207840606570244,0.0864243442604788,0.02114169327542186,0.06867213094986771,0.0,0.0344827586206896,0.1,0.5
452031,mscoco,0.030093956831842662,0.1145562083006684,0.05457083284854889,0.17479394044147392,0.1,1.0,0.0,0.0769230769230769
59593,mscoco,0.3006939761340618,0.5198332627379857,0.3817588731646538,0.6016884129234317,0.3,0.3333333333333333,0.2,1.0
469894,mscoco,0.10061277970671653,0.25612820138210723,0.2143266901373863,0.46057756677739115,0.1,0.25,0.6,0.5
427688,mscoco,0.5943790931254626,0.3687160195551858,0.6442947819828987,0.7912755228065284,0.5,0.2,0.9,1.0
247394,mscoco,0.1103608574718237,0.23436870757071268,0.13671551384031772,0.2993330618373291,0.2,1.0,0.2,0.5
189197,mscoco,0.07895656917244195,0.18216400431993152,0.0715380871668458,0.15987978848350237,0.0,0.024390243902439,0.0,0.0769230769230769
293218,mscoco,0.2853830955922604,0.5227425609592977,0.28806098699569704,0.6665587529542732,0.1,0.25,0.5,1.0
563257,mscoco,0.2290268950164318,0.4043651604953055,0.2544090338051319,0.5443013132053565,0.0,0.0285714285714285,0.1,0.1
188556,mscoco,0.25322347804903983,0.603786869413833,0.3727361664175987,0.6269560456384552,0.4,1.0,0.6,0.5
544348,mscoco,0.05458916705101728,0.15402002310884286,0.055598361790180205,0.16140100547614,0.1,1.0,0.1,1.0
492817,mscoco,0.2147658199071884,0.415120520556754,0.21495116055011748,0.41340980687615275,0.5,1.0,0.2,0.3333333333333333
5614,mscoco,0.14214416183531284,0.22072392554105338,0.22514892183244228,0.4494038275540864,0.1,0.1666666666666666,0.6,1.0
58250,mscoco,0.03290036506950855,0.10911219091771576,0.06600778326392173,0.23901242654722132,0.0,0.0212765957446808,0.1,1.0
110348,mscoco,0.3592777490615845,0.6700530194447332,0.4295787334442139,0.7270398234670523,0.8,1.0,0.9,1.0
502179,mscoco,0.36037914380431174,0.44074626799511596,0.41060454994440077,0.6587480238284523,0.0,0.0476190476190476,0.0,0.0833333333333333
357948,mscoco,0.009190853976178914,0.03363325146651941,0.013377491617575288,0.03510872131300609,0.1,1.0,0.1,0.5
293081,mscoco,0.48226837515830995,0.6048093952871949,0.5831762880086899,0.8155225997939336,0.3,0.5,0.6,0.5
531883,mscoco,0.017291885474696754,0.07094817178468536,0.020010015089064838,0.08091528655646547,0.2,1.0,0.2,1.0
241911,mscoco,0.029005371034145355,0.08773706301696876,0.03884579828009009,0.14932304699765234,0.1,0.1428571428571428,0.1,0.125
253480,mscoco,0.10346082560718059,0.27420030435146975,0.16324824877083302,0.4572120745838126,0.0,0.0588235294117647,0.3,0.5
7,drawbench,0.25481281206011774,0.6279341464295988,0.1891154631972313,0.3482227106639029,0.0,5.006257822277847e-05,0.0,0.0001886080724254
418853,mscoco,0.07235089186578988,0.20713515972651383,0.0775633580982685,0.2990128442762655,0.1,0.3333333333333333,0.1,1.0
476341,mscoco,0.030991070345044135,0.08238804495335805,0.042505012825131416,0.12603418858209486,0.0,0.0181818181818181,0.0,0.0013351134846461
92554,mscoco,0.26150309294462204,0.32784619333698806,0.24784169606864453,0.7398083877432488,0.1,0.5,0.3,1.0
186145,mscoco,0.028352179285138845,0.11260970116915127,0.029859612137079238,0.09276726393351659,0.2,0.1666666666666666,0.5,0.3333333333333333
323424,mscoco,0.012479294650256633,0.033174882813314634,0.02082796357572079,0.06513724901260104,0.0,0.0357142857142857,0.2,0.1428571428571428
92670,mscoco,0.10722985975444317,0.22364566334560906,0.13504786007106304,0.28856769518698294,0.2,0.5,0.2,0.5
436333,mscoco,0.1250164169818163,0.30345093774429766,0.1718526568263769,0.4777062593551897,0.0,0.0285714285714285,0.1,0.5
25748,mscoco,0.04724984653294086,0.12745954632696108,0.0501988391391933,0.11418334287699942,0.0,0.0666666666666666,0.1,1.0
437156,mscoco,0.14101622542366385,0.39779298993309475,0.367976202070713,0.7343275774401973,0.5,1.0,1.0,1.0
40361,mscoco,0.16427304176613688,0.3628811458662164,0.31095612943172457,0.4625083714582715,0.1,0.125,0.4,0.3333333333333333
190,drawbench,0.004241575219202787,0.01587902894248552,0.00572187666548416,0.026078061028681113,0.0,0.0,0.0,0.0
477988,mscoco,0.032500415667891504,0.167971282079915,0.041212957724928855,0.1819178571860821,0.2,1.0,0.2,1.0
108238,mscoco,0.05781923094764352,0.16890137400076527,0.15406222343444825,0.4064271976400362,0.0,0.03125,0.1,1.0
397575,mscoco,0.040511532500386235,0.12312505034048571,0.047958878241479395,0.13836010315367364,0.0,0.0192307692307692,0.1,1.0
442667,mscoco,0.14486547298729419,0.3242714527962875,0.2373628132045269,0.5125372810707236,0.0,0.0212765957446808,0.4,0.5
362839,mscoco,0.03291575396433473,0.11144853922436032,0.05483143255114555,0.1674691743282982,0.1,1.0,0.1,1.0
375004,mscoco,0.16152918599545957,0.44872691593661196,0.2587274216115475,0.6054614521760533,0.1,0.5,0.1,1.0
409949,mscoco,0.5281130477786065,0.83445558919863,0.6039511293172837,0.703219672808106,0.4,1.0,0.6,1.0
549532,mscoco,0.49861506298184394,0.5643112820695465,0.48988882079720497,0.6789936479777723,0.5,0.3333333333333333,0.2,0.1111111111111111
434511,mscoco,0.009645895578432827,0.05250841212263933,0.01794244204647839,0.06427736350250524,0.1,1.0,0.1,1.0
33481,mscoco,0.06235916465520859,0.197670904671396,0.11469911932945251,0.2935425430301668,0.3,1.0,0.2,1.0
306232,mscoco,0.04521634075790644,0.13892562087006116,0.05083907879889012,0.13861136696491683,0.0,0.0222222222222222,0.0,0.0769230769230769
154119,mscoco,0.12231776528060437,0.31062648292989925,0.10614889562129974,0.32129295200998376,0.4,0.3333333333333333,0.6,1.0
525467,mscoco,0.168895323574543,0.3879171477962502,0.2937990203499794,0.4838167567973763,0.3,1.0,0.3,1.0
494360,mscoco,0.04805835150182247,0.13725868092481205,0.021692586597055197,0.07909981382909535,0.1,0.5,0.1,0.125
223574,mscoco,0.007527356338687241,0.023281014527260474,0.010765406652353704,0.03936566801501207,0.1,0.5,0.1,1.0
347113,mscoco,0.024942097999155522,0.08152546079372074,0.024652403220534323,0.08767042406370538,0.0,0.0014903129657228,0.0,0.0833333333333333
25697,mscoco,0.679660189151764,0.79744407992303,0.6619927883148193,0.7908873949793621,0.8,1.0,0.7,1.0
198978,mscoco,0.03126980438828468,0.10274898063433972,0.08790122307837009,0.25063126784938616,0.0,0.0666666666666666,0.3,0.25
172776,mscoco,0.41326295733451845,0.48511832230973895,0.5870124667882919,0.692086973296827,0.2,0.25,0.7,0.25
59515,mscoco,0.013414893113076688,0.05272704617945367,0.022858355310745537,0.12170262314932587,0.0,0.0055555555555555,0.0,0.0017391304347826
35715,mscoco,0.051644903048872946,0.14543563997144354,0.04666983298957348,0.1393351248296579,0.0,0.05,0.1,1.0
386777,mscoco,0.0767682023346424,0.19535486818994777,0.07866477351635695,0.20796227218560845,0.2,1.0,0.1,0.1428571428571428
527342,mscoco,0.02269521988928318,0.07546409683045821,0.01832327861338854,0.07223799636891237,0.1,0.3333333333333333,0.1,1.0
408838,mscoco,0.14432112202048303,0.38758237230884035,0.13916789889335632,0.30617396043875733,0.1,0.1666666666666666,0.0,0.02
53744,mscoco,0.010770066478289663,0.04986576382894243,0.03191437469795346,0.09640923797189696,0.1,1.0,0.8,1.0
218960,mscoco,0.25875621046870945,0.6096540939419037,0.3523855611681938,0.6592483144913418,0.2,1.0,0.3,1.0
404367,mscoco,0.3160672351717949,0.5421283434034404,0.41644676476716996,0.4884753030922768,0.4,0.3333333333333333,0.5,1.0
500071,mscoco,0.02171724205836654,0.08931122033014162,0.02240144517272711,0.09435044783057851,0.0,0.009090909090909,0.1,1.0
74331,mscoco,0.1436539638787508,0.4685741274930127,0.16203613057732583,0.48010779505524287,0.2,1.0,0.1,1.0
47652,mscoco,0.16535612773150205,0.3374733583465208,0.15312033966183664,0.30774455376595733,0.0,0.0714285714285714,0.6,1.0
299154,mscoco,0.059505685791373254,0.15559810035431976,0.051353372447192666,0.14558280180113775,0.1,0.1666666666666666,0.2,0.5
499004,mscoco,0.3813364699482918,0.6058414130464348,0.2995650425553322,0.6547723187199285,0.1,0.2,0.3,0.25
13471,mscoco,0.2654549844563007,0.6012186315309905,0.35581802278757096,0.6144449278572697,0.3,1.0,0.6,1.0
280810,mscoco,0.033016069047153,0.1036554270963082,0.05213232077658177,0.1619907278707608,0.2,0.5,0.1,0.3333333333333333
322008,mscoco,0.02161613805219531,0.07572914753841094,0.0274659994058311,0.08820306539509738,0.1,0.1428571428571428,0.0,0.0909090909090909
108871,mscoco,0.010532000777311623,0.03450513854173853,0.014081872068345547,0.048582236861617986,0.1,0.5,0.1,1.0
509626,mscoco,0.01946339290589094,0.06382740930435318,0.025352159794420005,0.08124800122839335,0.1,0.2,0.0,0.0014492753623188
105853,mscoco,0.05836852956563234,0.19050622719468058,0.09768991395831109,0.26369140112498857,0.0,0.024390243902439,0.3,1.0
478320,mscoco,0.2696561172604561,0.46840770485711414,0.25904465317726133,0.5393819000036708,0.5,1.0,0.2,1.0
517632,mscoco,0.08290346600115299,0.2797021695401065,0.06764602921903133,0.22905201074509698,0.2,1.0,0.2,1.0
194105,mscoco,0.31062651202082636,0.5105038134909066,0.3818775415420532,0.646851763146169,0.0,0.032258064516129,0.0,0.0227272727272727
323208,mscoco,0.1535009041428566,0.3077749676686475,0.16936972551047802,0.4456564372442904,0.1,0.25,0.1,0.3333333333333333
116,drawbench,0.2986681371927261,0.5206705862692366,0.26851782128214835,0.4187073963440721,0.0,0.0,0.0,0.0
246746,mscoco,0.0639586541801691,0.15585386699822604,0.20268091782927514,0.46559878721092895,0.0,0.0052356020942408,0.2,0.25
243292,mscoco,0.060932481102645396,0.19417224835122876,0.11129035335034132,0.25544285685685664,0.2,0.5,0.3,0.5
125,drawbench,0.29661106169223783,0.48935468467813936,0.22977775633335112,0.4845761193947385,0.0,0.0,0.0,0.0
392363,mscoco,0.10522881429642439,0.1792743237538517,0.22074494641274214,0.50936725290892,0.0,0.0714285714285714,0.1,0.2
6107,mscoco,0.19156927913427352,0.36866761568545875,0.18607389628887178,0.43511074797589894,0.1,0.1666666666666666,0.3,0.5
279605,mscoco,0.05809166617691517,0.13628598813337403,0.20119785908609628,0.48340175721640255,0.3,0.25,0.3,0.2
518199,mscoco,0.01848509577102959,0.0620388118756712,0.015395033219829202,0.05942771314953753,0.0,0.05,0.0,0.0909090909090909
516990,mscoco,0.41406153738498686,0.6565630618726184,0.5050736278295517,0.6682464715669707,0.7,1.0,0.8,1.0
474504,mscoco,0.035551486723124984,0.1259288873936421,0.03376650111749768,0.11103403694349818,0.0,0.0454545454545454,0.1,0.5
323788,mscoco,0.4635121405124664,0.8059067642397079,0.46349201947450636,0.5801902817949016,0.6,1.0,0.6,1.0
210136,mscoco,0.06799005530774593,0.18638005991094425,0.057505748607218264,0.1582863688835417,0.3,0.2,0.1,0.3333333333333333
450558,mscoco,0.04353798665106297,0.1286114122859505,0.06332697086036206,0.23190853293201263,0.0,0.0588235294117647,0.2,0.3333333333333333
542178,mscoco,0.03433827571570873,0.09938350120203146,0.030171796213835478,0.11336400993345214,0.0,0.0076923076923076,0.0,0.0909090909090909
59525,mscoco,0.045906594209373,0.151713520654971,0.06735532227903604,0.24296746643487555,0.0,0.0454545454545454,0.2,0.1666666666666666
50201,mscoco,0.06407955419272185,0.21100230191398175,0.03916608775034547,0.1969655039699423,0.1,1.0,0.1,1.0
311629,mscoco,0.2836435282602906,0.5924145955450529,0.4238101914525032,0.631190822612993,0.2,1.0,0.2,1.0
151594,mscoco,0.0697271354496479,0.18494941883502705,0.05886255968362093,0.16181781344862403,0.4,0.5,0.6,1.0
305545,mscoco,0.012572139408439398,0.04733551247433439,0.015068375342525541,0.05800400894701851,0.1,1.0,0.1,1.0
162393,mscoco,0.18364536315202712,0.46753250644302685,0.2748461440205574,0.5392234511573797,0.2,1.0,0.2,1.0
297967,mscoco,0.04139923453330994,0.12264429468573629,0.0483245687559247,0.1629071970944901,0.1,0.1428571428571428,0.1,1.0
237833,mscoco,0.02613840945996344,0.1147897820215787,0.026302384771406652,0.09784979921697874,0.0,0.0181818181818181,0.0,0.0049504950495049
234274,mscoco,0.049195535108447076,0.12899326156972546,0.05807972550392151,0.1708822836391018,0.1,0.5,0.1,0.2
111742,mscoco,0.12037400882691145,0.25340656514479226,0.10712530761957169,0.2588285645063241,0.5,1.0,0.4,1.0
109061,mscoco,0.12872135043144226,0.28835043023885787,0.13949851728975773,0.3315366607559947,0.1,1.0,0.1,1.0
190035,mscoco,0.14707546159625054,0.5418669741793242,0.1319944355636835,0.40771893028744993,0.2,0.25,0.1,1.0
62995,mscoco,0.019309964030981064,0.0703233348188987,0.018480441998690367,0.07061701704032655,0.1,1.0,0.1,0.3333333333333333
285484,mscoco,0.00503513019066304,0.020696462466711456,0.0055078320787288245,0.019724986537970817,0.0,0.0185185185185185,0.0,0.05
36850,mscoco,0.2378996353596449,0.4295784080339925,0.21301162764430046,0.358993937944466,0.2,0.5,0.3,1.0
110324,mscoco,0.09152232632040977,0.23281881250485903,0.09315795190632344,0.22609208244740503,0.1,0.5,0.0,0.0909090909090909
388566,mscoco,0.5342580556869507,0.8906394565090707,0.5054395943880081,0.8793242557100118,0.7,1.0,1.0,1.0
74466,mscoco,0.09737247377634048,0.26322675980521876,0.09042555503547192,0.2792192845260392,0.1,0.1111111111111111,0.1,1.0
358438,mscoco,0.07437808848917485,0.24837078650173755,0.04349712636321783,0.1169805552103975,0.1,0.25,0.1,0.3333333333333333
302137,mscoco,0.13823031820356846,0.2768472090955151,0.21521979719400405,0.43271078665662865,0.2,0.3333333333333333,0.4,0.25
144,drawbench,0.006604806007817388,0.024700779875573467,0.0036825955146923663,0.016315696930215434,0.0,0.0,0.0,0.0
404766,mscoco,0.36186688169837,0.6720780498072358,0.5160379588603974,0.8566955206032084,0.3,0.5,0.3,0.3333333333333333
322937,mscoco,0.4072584167122841,0.4652461950553944,0.5597699224948883,0.6589795250068532,0.4,1.0,0.9,1.0
245902,mscoco,0.01081309812143445,0.03500597502071189,0.011926463432610035,0.04391898191054061,0.0,0.0222222222222222,0.0,0.0833333333333333
27528,mscoco,0.2474036614410579,0.38524746543554544,0.24403595337644218,0.41323085504361334,0.6,1.0,0.8,1.0
254392,mscoco,0.02250509741716087,0.08198909383561097,0.022965520294383167,0.08065777712832399,0.2,1.0,0.2,1.0
34827,mscoco,0.5022945076227188,0.7269080899579576,0.5081501036882401,0.6666961646148651,0.9,1.0,1.0,1.0
291752,mscoco,0.6287721991539001,0.6938792165585587,0.7075534164905548,0.8461172867271614,0.9,1.0,1.0,1.0
126895,mscoco,0.08560086451470852,0.23472747463376323,0.1339014172554016,0.37694132268387526,0.0,0.0833333333333333,0.3,1.0
312316,mscoco,0.18666126690804957,0.24617409380843389,0.24337005764245986,0.42887814566813337,0.0,0.0769230769230769,0.4,1.0
439657,mscoco,0.021909053530544044,0.07893091034769667,0.032337705790996554,0.08064362603936216,0.2,1.0,0.2,1.0
438446,mscoco,0.4342627301812172,0.523090187893201,0.40784967727959154,0.6685296436359219,0.5,0.5,0.7,1.0
470932,mscoco,0.05944888368248939,0.1674255318412963,0.08282902352511883,0.28678404460129164,0.2,0.1428571428571428,0.5,0.5
500829,mscoco,0.14401035457849504,0.3815093411159375,0.17263683602213858,0.35105411005815446,0.5,1.0,0.7,0.5
53550,mscoco,0.03031863011419773,0.11553279492812103,0.03886441718786955,0.12640343897784073,0.1,1.0,0.2,1.0
395340,mscoco,0.08341090064495801,0.21143426635980198,0.10091849267482758,0.23553315633450944,0.1,0.1666666666666666,0.1,0.5
257983,mscoco,0.3601705923676491,0.5924320694283306,0.444402289390564,0.6136527595377831,0.4,1.0,0.7,0.5
573052,mscoco,0.03030169438570738,0.09110765670351345,0.03287748582661152,0.11006299781874807,0.1,0.5,0.2,0.1666666666666666
475457,mscoco,0.05364097543060779,0.15892159985653917,0.06849133782088757,0.18342120999495448,0.0,0.0588235294117647,0.2,0.1428571428571428
75,drawbench,0.23719892799854278,0.35219079472061265,0.20215723440051078,0.4395799378153916,0.0,0.0833333333333333,0.1,1.0
11288,mscoco,0.13692785501480104,0.3355244913550716,0.18338866010308266,0.45526574061826625,0.0,0.0909090909090909,0.3,1.0
276852,mscoco,0.035001143254339694,0.1260981000119477,0.05096130594611168,0.16655542834553017,0.0,0.0303030303030303,0.1,1.0
557780,mscoco,0.12941692676395178,0.38707929771863375,0.11733324266970158,0.3957744004771141,0.2,1.0,0.2,1.0
363165,mscoco,0.016088224342092873,0.06493454318582775,0.022230186406522988,0.08697764965774288,0.1,0.2,0.4,1.0
541880,mscoco,0.4287140429019928,0.5761317728893114,0.3559471800923347,0.7234340150866972,0.7,0.5,0.7,1.0
313526,mscoco,0.015650573675520717,0.0587810546306719,0.014865141990594567,0.06277777524897846,0.1,0.5,0.2,1.0
214055,mscoco,0.23549094945192336,0.4529335652152952,0.3362445503473282,0.5280356396965784,0.0,0.0625,0.1,0.125
458675,mscoco,0.06025977861136198,0.13558866681013518,0.1582228746265173,0.36466277831832306,0.0,0.0294117647058823,0.4,0.3333333333333333
175277,mscoco,0.03063281183131039,0.0864959903034059,0.04776123128831387,0.1801673650875542,0.2,0.3333333333333333,0.5,1.0
295076,mscoco,0.14212390687316656,0.3812641778810892,0.15800163075327872,0.3607505408464177,0.4,1.0,0.5,1.0
63075,mscoco,0.3186392463743687,0.5671600380127022,0.4934749037027359,0.5520570135859633,0.4,1.0,0.8,0.5
533159,mscoco,0.46697419583797456,0.6015776323327355,0.663428270816803,0.811629681458933,0.6,0.25,0.8,0.5
292810,mscoco,0.06789038283750415,0.183706546151074,0.07879277830943465,0.22677439535141067,0.1,0.2,0.1,1.0
333978,mscoco,0.6824208319187164,0.8452491381429965,0.7254708528518676,0.7700597898270218,0.6,1.0,0.8,0.5
487264,mscoco,0.13240211752709002,0.44430969108003,0.15968405157327653,0.434762078345492,0.1,1.0,0.4,1.0
429074,mscoco,0.04352314956486225,0.1201352309082515,0.06667404547333718,0.17665137318665658,0.2,0.3333333333333333,0.1,0.1
39789,mscoco,0.03046306688338518,0.09895786583566406,0.03387014148756862,0.10841903592830784,0.1,0.5,0.0,0.05
429353,mscoco,0.053037874028086664,0.15113570783351638,0.06808852218091488,0.18904735598144928,0.3,1.0,0.4,1.0
110683,mscoco,0.02505816938355565,0.0820853327029235,0.039179048780351874,0.13054225709541287,0.0,0.04,0.0,0.0175438596491228
4132,mscoco,0.2373912028968334,0.3583212494292069,0.26071482822299,0.5788222999470818,0.2,0.1666666666666666,0.1,1.0
278134,mscoco,0.01800316171720624,0.08822943706401007,0.012917939643375575,0.054660083930642915,0.1,1.0,0.0,0.0034722222222222
238709,mscoco,0.15836714245378972,0.24074423056895575,0.3377560704946518,0.5707556362459898,0.1,0.1111111111111111,0.6,1.0
485300,mscoco,0.0019948602101067083,0.008627284988769374,0.006413109769346193,0.02497755516223114,0.0,0.0769230769230769,0.1,0.25
296620,mscoco,0.02013101475313306,0.06412553972885668,0.023683707183226942,0.07193375509207656,0.0,0.0454545454545454,0.0,0.0142857142857142
193077,mscoco,0.030401603691279887,0.09549759103030922,0.0826406991109252,0.2528437878981359,0.0,0.05,0.2,0.5
103,drawbench,0.0016643231501802802,0.0077793403944980116,0.0012317695858655498,0.005159574639745147,0.0,0.0,0.0,0.0
310749,mscoco,0.19967059344053267,0.41538734366401986,0.33898950889706614,0.5805312969842253,0.2,0.5,0.3,1.0
293864,mscoco,0.4254719242453575,0.6395523006160617,0.4744727611541748,0.6397206039038329,0.3,0.5,0.5,1.0
493806,mscoco,0.09409337416291237,0.2610149004881744,0.11746334843337536,0.35147075511878767,0.2,1.0,0.4,0.5
39535,mscoco,0.09383943304419518,0.2215670749589435,0.09662783145904541,0.2571245741241154,0.0,0.04,0.0,0.0526315789473684
481252,mscoco,0.11264832019805908,0.261004548474953,0.14444490298628807,0.38923654824525555,0.2,1.0,0.1,0.5
522535,mscoco,0.12632046714425088,0.30341385471896043,0.19949208498001098,0.32697531929323403,0.0,0.0434782608695652,0.0,0.0476190476190476
482765,mscoco,0.13052463978528978,0.3004072725429838,0.10306919384747744,0.2916986324821026,0.1,0.1666666666666666,0.0,0.0769230769230769
81954,mscoco,0.1600330751389265,0.3081071440314674,0.18290509507060052,0.3433205343702569,0.1,0.2,0.1,0.5
333124,mscoco,0.025484168715775014,0.0946506166510762,0.028718086890876293,0.11791911892238507,0.2,1.0,0.2,1.0
529258,mscoco,0.02106835590675473,0.06763619486671903,0.03635726044885814,0.09625139294461493,0.0,0.0142857142857142,0.1,0.25
2567,mscoco,0.10776675287634134,0.3499727441502598,0.23417894579470158,0.32840251210526594,0.1,1.0,0.6,0.5
53803,mscoco,0.026719318795949222,0.08916854359182558,0.025557322707027198,0.08610368594123327,0.1,0.5,0.1,0.1111111111111111
172351,mscoco,0.1560528576374054,0.35090963250178875,0.2876184552907944,0.4147935048658471,0.2,0.5,0.4,0.5
311251,mscoco,0.19197120219469072,0.3464817240345249,0.24716719388961791,0.5017915573099204,0.2,1.0,0.5,1.0
356869,mscoco,0.09820355214178562,0.20495798253854178,0.1912713021039963,0.34050528491712306,0.1,0.2,0.0,0.0068965517241379
203406,mscoco,0.6276568233966827,0.7296461708306425,0.5514510810375214,0.8840182794533511,0.9,1.0,0.9,1.0
119870,mscoco,0.10029333382844925,0.23508434293313674,0.1474111832678318,0.3212164561274135,0.1,0.1428571428571428,0.2,0.5
442125,mscoco,0.0502965422347188,0.15520959972126017,0.04313538484275341,0.13261078583412475,0.1,0.3333333333333333,0.3,1.0
530619,mscoco,0.1275642577558756,0.3090409221846801,0.2056651458144188,0.36684837000743326,0.6,1.0,0.8,1.0
73196,mscoco,0.08098644427955151,0.18953828576064413,0.04610608331859112,0.14233367442736475,0.1,0.5,0.0,0.0303030303030303
507714,mscoco,0.05629390422254801,0.19924834441653505,0.10223104767501354,0.2789043584460095,0.0,0.0072992700729927,0.0,0.0416666666666666
376144,mscoco,0.031116145104169844,0.09386667317938045,0.027206853311508895,0.09154902318466396,0.3,1.0,0.5,1.0
211063,mscoco,0.00497740696882829,0.028244681153773984,0.013134233374148607,0.051954859534835675,0.1,1.0,0.1,0.3333333333333333
436799,mscoco,0.08775711208581924,0.2291170960314018,0.10405815243721009,0.29481129213563395,0.1,0.3333333333333333,0.2,0.5
204256,mscoco,0.012462587538175285,0.04335937465959522,0.01342243649996817,0.05163416618151339,0.0,0.0714285714285714,0.1,1.0
314048,mscoco,0.045589425740763544,0.14237188022486538,0.08286097608506679,0.24387089374880724,0.2,1.0,0.3,1.0
447009,mscoco,0.052462108246982095,0.17434603892942963,0.048469655029475686,0.1875508958804712,0.1,0.1,0.2,1.0
455079,mscoco,0.2547078561037779,0.5880069000581168,0.3265513151884079,0.48519212064933276,0.2,1.0,0.3,0.5
157617,mscoco,0.2653330907225609,0.5044296464440158,0.30098929554224013,0.5278589879021354,0.2,0.5,0.1,0.25
546877,mscoco,0.3603146322071552,0.4480390495656568,0.34511507749557496,0.5829534495682279,0.1,0.2,0.7,1.0
41392,mscoco,0.03871821081265807,0.09812498961577197,0.02635510712862015,0.09715546353006306,0.1,1.0,0.1,1.0
556462,mscoco,0.40399210155010223,0.5740469230757707,0.4379607290029526,0.6282722906635284,0.6,0.5,0.4,1.0
80053,mscoco,0.0676018975675106,0.23331960478223382,0.26101622730493546,0.5072876235233212,0.0,0.0714285714285714,0.7,0.5
553304,mscoco,0.007525226823054254,0.028410302671522832,0.010999390529468656,0.045438876981401914,0.1,0.2,0.1,1.0
102,drawbench,0.003193055174779147,0.0118907475236938,0.00915426661958918,0.029979860169821595,0.0,0.0,0.0,0.0
463168,mscoco,0.02406576173380017,0.08568837666856848,0.018865430541336537,0.07423199471513078,0.1,0.5,0.1,0.3333333333333333
398463,mscoco,0.12436681129038334,0.24670915366844426,0.14870916977524756,0.3814600916660453,0.1,0.3333333333333333,0.5,1.0
454916,mscoco,0.08605507891625166,0.17528011228543708,0.11382121853530407,0.2637122305498429,0.0,0.0625,0.1,0.125
317022,mscoco,0.07422055695205927,0.20328980943640096,0.10093913264572621,0.28253237706120077,0.0,0.0476190476190476,0.1,0.1111111111111111
61943,mscoco,0.06801688354462385,0.17183780403435936,0.0594603618606925,0.18595382584371592,0.0,0.0099009900990099,0.0,0.0833333333333333
543521,mscoco,0.057492201775312425,0.18225186407445892,0.05182941183447838,0.1625795773414548,0.1,1.0,0.1,1.0
509490,mscoco,0.01835528975352645,0.05538196198832888,0.028751934319734572,0.08845458017341969,0.0,0.0208333333333333,0.1,1.0
413970,mscoco,0.004005723964655772,0.015526064804159967,0.003684099653037265,0.012628080899213412,0.0,0.0263157894736842,0.0,0.0833333333333333
67331,mscoco,0.0643053462728858,0.17462096073615008,0.1111930638551712,0.33932196461248054,0.1,0.3333333333333333,0.1,1.0
230669,mscoco,0.18329456280916928,0.4571131360426936,0.24401943907141685,0.5154131066168021,0.3,0.25,0.1,0.1428571428571428
487266,mscoco,0.18343561962246896,0.45297399848393,0.18526438139379026,0.35899548612771554,0.5,1.0,0.8,1.0
525024,mscoco,0.20695928372442723,0.367721342356928,0.29548182934522627,0.6517587467574004,0.2,0.3333333333333333,0.6,1.0
14257,mscoco,0.016811568196862935,0.05492304633848002,0.047097970452159646,0.17789219076115856,0.1,1.0,0.1,0.1
478240,mscoco,0.179812653362751,0.37893291032732657,0.14672831483185292,0.34952202412354405,0.2,0.3333333333333333,0.0,0.0344827586206896
7211,mscoco,0.0061689854832366105,0.024115571206730458,0.00608165260637179,0.024327706713492804,0.3,1.0,0.2,0.3333333333333333
23250,mscoco,0.1176591444760561,0.18514180546666417,0.21978326588869096,0.42320720721990684,0.1,0.1,0.5,1.0
3590,mscoco,0.6341273427009583,0.6831605419528665,0.632242625951767,0.7570286697276547,0.7,1.0,1.0,1.0
580511,mscoco,0.15532391108572483,0.4517316828161621,0.1259574968367815,0.3188230566331357,0.2,1.0,0.7,1.0
40658,mscoco,0.010367640724871308,0.034258845759264835,0.023123670648783446,0.06804822913445326,0.1,1.0,0.1,1.0
322350,mscoco,0.08157610921189189,0.23722906588013018,0.11460233740508556,0.2068407280080412,0.2,1.0,0.1,1.0
125635,mscoco,0.30953979045152663,0.5060661487867116,0.34040537327528,0.6497612050999657,0.5,0.25,0.6,1.0
283631,mscoco,0.16356107518076896,0.3261502702608153,0.2098617099225521,0.47362376689324565,0.1,0.5,0.3,0.5
528729,mscoco,0.022951926616951824,0.08869082608661016,0.035196374822407964,0.1132011643047924,0.1,1.0,0.1,1.0
167021,mscoco,0.1369218796491623,0.3003511397176386,0.19374498575925828,0.34546063209918165,0.2,0.2,0.5,0.2
140100,mscoco,0.17595012448728084,0.24162595188122718,0.27890002727508545,0.51386214392727,0.1,0.25,0.2,0.5
252213,mscoco,0.06267412472516298,0.231052672878485,0.04548330381512642,0.1327046687070375,0.1,0.25,0.1,0.2
501364,mscoco,0.32360488548874855,0.7093385758566558,0.5270628154277801,0.5572399649844484,0.5,1.0,0.8,1.0
580390,mscoco,0.019240509835071862,0.09998974274177616,0.020493020489811897,0.10346625384306109,0.1,1.0,0.1,1.0
463859,mscoco,0.11769842058420181,0.3016994406748227,0.09583845846354962,0.2802035068814642,0.1,1.0,0.1,1.0
391657,mscoco,0.22580844014883042,0.4771831800396228,0.2877091780304909,0.515578313075219,0.1,0.1111111111111111,0.6,0.3333333333333333
391415,mscoco,0.05078443526290357,0.1290428628900918,0.08016468947753311,0.21295068783528504,0.0,0.0123456790123456,0.1,1.0
333099,mscoco,0.02324707144871354,0.07848542662975738,0.018149524088948966,0.058191934661813556,0.1,0.5,0.1,0.2
405574,mscoco,0.0035460514016449453,0.011143031691161829,0.01156383533962071,0.05046370502909969,0.0,0.0140845070422535,0.1,1.0
575823,mscoco,0.03190792314708233,0.100788648145928,0.031199189927428962,0.09288056940438258,0.0,0.0023923444976076,0.0,0.0222222222222222
57088,mscoco,0.15393300242722036,0.3956060326978292,0.20163710415363312,0.4586228843589079,0.1,0.1428571428571428,0.2,0.3333333333333333
226957,mscoco,0.045699309557676315,0.12361731518866162,0.037077547842636706,0.1103444709944237,0.1,1.0,0.1,0.25
184329,mscoco,0.09241126552224159,0.2125376539331527,0.08392794728279114,0.1887241112700905,0.0,0.0104166666666666,0.0,0.0043103448275862
550324,mscoco,0.46324660927057265,0.5380173323765344,0.6695171177387238,0.8553066942801969,0.6,0.25,1.0,1.0
575174,mscoco,0.12220922783017159,0.2586691328882205,0.1899707220494747,0.3997264805232861,0.1,1.0,0.3,0.25
24380,mscoco,0.17508084364235402,0.3180211333557575,0.15038830712437629,0.27829330150615117,0.4,0.3333333333333333,0.2,0.3333333333333333
506394,mscoco,0.5740472882986069,0.5343110032932705,0.6370241671800614,0.6944589108023005,0.5,0.5,0.9,1.0
195463,mscoco,0.1398535382002592,0.3324609835206827,0.16044296324253082,0.33505044970068154,0.2,1.0,0.3,1.0
308892,mscoco,0.012914381176233291,0.04474976429328117,0.016206640983000398,0.05060527743298039,0.0,0.0588235294117647,0.1,0.5
361913,mscoco,0.09569757748395205,0.19197761312251288,0.23853809684514998,0.31306205028149514,0.1,0.1111111111111111,0.1,0.3333333333333333
293532,mscoco,0.20584540143609048,0.30579774185825065,0.20174557343125343,0.5276634071597783,0.4,0.3333333333333333,0.6,1.0
338118,mscoco,0.027826186455786227,0.11225944552937492,0.028167659323662518,0.10957560862320573,0.1,1.0,0.1,1.0
521250,mscoco,0.1831189773976803,0.35996227978626977,0.20358565896749498,0.4924106813338158,0.2,0.5,0.2,0.25
85353,mscoco,0.026167166233062745,0.10856678634513603,0.017101644817739726,0.04165081546448504,0.2,1.0,0.0,0.0666666666666666
35951,mscoco,0.01157991101499647,0.03524853611185716,0.023594024730846284,0.06808079422281514,0.0,0.009090909090909,0.1,0.1666666666666666
16764,mscoco,0.1518482013605535,0.3634374483538352,0.16160103175789117,0.3063789903623845,0.0,0.0434782608695652,0.2,1.0
397427,mscoco,0.01867491053417325,0.05301954830263248,0.01573814610019326,0.04519710140864559,0.1,1.0,0.1,0.5
515561,mscoco,0.057983222976326944,0.1984551465421583,0.06365621872246266,0.18107321159560366,0.0,0.037037037037037,0.1,1.0
366829,mscoco,0.08805214203894138,0.2339767759305,0.15804083198308944,0.31197217674053956,0.0,0.0131578947368421,0.1,0.5
432410,mscoco,0.3158537298440933,0.4092741472298729,0.3275078609585762,0.6064934685248277,0.0,0.0666666666666666,0.2,0.1428571428571428
61972,mscoco,0.016341981221921743,0.0633469627506446,0.016678156331181526,0.056611910153959694,0.1,1.0,0.1,1.0
499054,mscoco,0.15667747389525175,0.45961041794127155,0.12163313552737236,0.37739025032632284,0.1,0.1,0.4,1.0
569021,mscoco,0.006134186405688524,0.021979178045070668,0.005925079411827028,0.02422683941094597,0.1,0.5,0.0,0.0909090909090909
9029,mscoco,0.076952716242522,0.2567639503934438,0.09406851157546044,0.28627339174531624,0.3,1.0,0.4,1.0
18373,mscoco,0.5238981254398822,0.769964754238503,0.7318270534276963,0.8791934814013056,0.7,1.0,0.9,1.0
336001,mscoco,0.056742551550269124,0.16632354754948625,0.08709249198436737,0.19709549191282721,0.2,0.25,0.4,0.3333333333333333
461475,mscoco,0.021951310336589813,0.061379644261856256,0.03251101206988096,0.10769256370514704,0.0,0.0285714285714285,0.2,0.5
388841,mscoco,0.14177828803658485,0.351694924492213,0.18801466077566148,0.37958236080370195,0.5,0.3333333333333333,0.4,1.0
284940,mscoco,0.17044993489980698,0.3156487736241569,0.2851276196539402,0.43214298374086973,0.1,0.5,0.4,0.5
394759,mscoco,0.04246945828199387,0.12650982790079507,0.027575035113841295,0.09617238701687424,0.5,0.5,0.3,1.0
358411,mscoco,0.11901469677686691,0.31678558131306356,0.21798566728830338,0.41049503303280577,0.2,0.5,0.5,1.0
284421,mscoco,0.06416694270446896,0.17245716029707817,0.06953587736934423,0.22096993332015136,0.6,1.0,0.2,0.3333333333333333
237716,mscoco,0.05704001244157553,0.19279377427642502,0.04794594962149858,0.15715476899782826,0.2,0.5,0.2,1.0
167520,mscoco,0.00862406233791262,0.03147304338921359,0.004834518069401383,0.018384772927613938,0.1,0.2,0.1,0.5
568611,mscoco,0.0393078651279211,0.1271869793354635,0.09817029684782028,0.26014756084498253,0.4,0.25,0.5,0.5
159356,mscoco,0.373300114274025,0.569345841056966,0.3781343802809715,0.6389367398247209,0.1,0.5,0.1,0.2
301261,mscoco,0.008122696937061847,0.03653867138247995,0.0229424457764253,0.10120950748748578,0.0,0.0625,0.0,0.037037037037037
113787,mscoco,0.037913001514971255,0.13021039788611474,0.06314444039016961,0.1867772300043962,0.1,0.125,0.1,0.1428571428571428
375809,mscoco,0.3970807552337646,0.720633237220314,0.3989669606089592,0.4851750560992906,0.3,0.3333333333333333,0.4,0.3333333333333333
64460,mscoco,0.318422057852149,0.6685621315558619,0.38016104735434053,0.8264964183285937,0.5,0.5,0.5,1.0
470799,mscoco,0.045006034150719645,0.15782069879859217,0.04357532057911158,0.15572906804014963,0.4,1.0,0.5,1.0
382046,mscoco,0.14238465055823327,0.3157283215845214,0.1355094939470291,0.2862236412366138,0.0,0.0625,0.5,1.0
170974,mscoco,0.10039390418678522,0.37112833993952143,0.19039446264505386,0.39271397134866143,0.0,0.0303030303030303,0.3,0.25
562160,mscoco,0.01758604506030679,0.06350131926752599,0.013812622823752462,0.04153614558198416,0.1,1.0,0.1,0.25
562248,mscoco,0.033291255589574575,0.12473027338965138,0.03406894281506538,0.13290682802521492,0.2,1.0,0.3,1.0
96638,mscoco,0.16710416339337825,0.3335940316433075,0.5169674754142761,0.8200869122876445,0.2,0.25,0.6,1.0
164234,mscoco,0.39721382930874827,0.5263897609451427,0.4505657643079758,0.6004940657829931,0.7,1.0,0.6,1.0
278962,mscoco,0.19857872985303401,0.4243694520226765,0.15671561658382416,0.43393098855817336,0.2,0.3333333333333333,0.4,1.0
553248,mscoco,0.0804823737591505,0.18786691019753343,0.10586198009550571,0.2887485572178538,0.2,0.5,0.1,0.5
523371,mscoco,0.03145363186486065,0.11268351008377533,0.03273057658225298,0.1110638488506074,0.1,0.2,0.2,1.0
141283,mscoco,0.11088752523064613,0.25189105021160996,0.14471440985798836,0.3417387848082386,0.0,0.0051020408163265,0.0,0.0033003300330033
320292,mscoco,0.14961150474846363,0.46577720211500356,0.1364217024296522,0.35238075310518047,0.5,1.0,0.7,1.0
269588,mscoco,0.04986993260681629,0.1269173674641194,0.1305220764130354,0.38880703135490174,0.1,0.2,0.5,1.0
113594,mscoco,0.03894791938364506,0.11159830638038706,0.05178263895213604,0.15528139712402284,0.0,0.0011627906976744,0.0,0.0038022813688212
349622,mscoco,0.22152753714472057,0.3573726607780559,0.34188947528600694,0.559538439460679,0.1,0.1,0.3,0.3333333333333333
215226,mscoco,0.06474328748881816,0.16495581458301461,0.05452223215252161,0.16648429057979047,0.1,0.5,0.1,0.5
78371,mscoco,0.01905334200710058,0.06092820432411472,0.020051311049610377,0.06580507431310975,0.0,0.024390243902439,0.0,0.0163934426229508
451972,mscoco,0.10788102205842734,0.2797088642994453,0.1454656608402729,0.25883225388760256,0.1,1.0,0.1,0.5
163,drawbench,0.02162548592314124,0.06179972731109098,0.028647122858092188,0.13673625436772593,0.0,0.0,0.0,0.0
150360,mscoco,0.00980742061510682,0.039359372029903694,0.009889914328232408,0.039765995579117294,0.0,0.0178571428571428,0.2,1.0
138567,mscoco,0.032385823968797925,0.14325130478056783,0.050079741328954694,0.17489483333977532,0.0,0.0149253731343283,0.1,1.0
383220,mscoco,0.015128783276304602,0.06191668819472847,0.017400770308449866,0.0737949905659247,0.1,1.0,0.1,1.0
557272,mscoco,0.019394182413816453,0.07680875728221785,0.021458581648766996,0.08364881632996206,0.1,0.25,0.1,0.5
17073,mscoco,0.004248706810176373,0.01951579958625589,0.006763786158990115,0.025609441487659087,0.1,1.0,0.1,1.0
441083,mscoco,0.6336978927254677,0.5430147360541999,0.5959254816174507,0.5739327137701941,0.9,0.5,0.8,0.5
109750,mscoco,0.02833944926969707,0.11659424617092326,0.045432830788195135,0.1588900330922184,0.1,0.5,0.1,1.0
20279,mscoco,0.021351652313023807,0.07908529137127512,0.030442675575613976,0.09386927110525237,0.2,1.0,0.2,0.5
324845,mscoco,0.06326438132673502,0.15750341579832638,0.09923566319048405,0.23271476452541057,0.1,0.2,0.3,1.0
303520,mscoco,0.06261192299425603,0.19856632718855108,0.05500343199819326,0.2191446288914407,0.1,1.0,0.1,1.0
363136,mscoco,0.011261342256329954,0.04426981849024901,0.01808734145015478,0.0594140328133266,0.1,0.125,0.1,1.0
161622,mscoco,0.0253543509170413,0.09508306330727374,0.046900685876607895,0.12315862881529493,0.1,1.0,0.2,0.5
315242,mscoco,0.033977631758898494,0.13196053888359685,0.04909876035526395,0.29639668546835635,0.0,0.0222222222222222,0.1,1.0
418723,mscoco,0.04622271861881018,0.17207433930936195,0.04810964707285166,0.14735001446951104,0.1,1.0,0.1,0.1666666666666666
65440,mscoco,0.05647942051291466,0.17249402172935055,0.040026097232475875,0.1258719798216401,0.1,0.1111111111111111,0.0,0.0016
111907,mscoco,0.08696525916457176,0.22354091840264773,0.16439805030822754,0.310877537729783,0.2,0.3333333333333333,0.4,1.0
465140,mscoco,0.138351958245039,0.2783204145178865,0.14740636087954045,0.282164120434128,0.1,0.5,0.1,0.5
21083,mscoco,0.05505791082978249,0.1649909620277428,0.09947437159717083,0.23590829813451586,0.1,0.1,0.1,0.2
200202,mscoco,0.19847346246242523,0.3906307878489886,0.30404033660888674,0.5193857452631089,0.3,0.3333333333333333,0.7,1.0
215320,mscoco,0.06715463548898697,0.2061608888764448,0.09404033496975898,0.24742679342247179,0.0,0.0666666666666666,0.2,0.25
28978,mscoco,0.21245609894394873,0.44763089776756876,0.32682153917849066,0.6890095478140765,0.0,0.0769230769230769,0.4,1.0
281427,mscoco,0.017277258168905973,0.0642897970481082,0.03130019921809435,0.11015619313835011,0.0,0.0161290322580645,0.2,1.0
357663,mscoco,0.10783288544043898,0.43580552222650637,0.10579681070521474,0.4400273383509998,0.1,1.0,0.1,1.0
186171,mscoco,0.12096561565995216,0.3210628073853176,0.12288192808628082,0.33569484342833655,0.0,0.05,0.1,0.3333333333333333
386788,mscoco,0.015890251938253643,0.0487730376073688,0.020266143139451742,0.07345249236782297,0.1,0.5,0.0,0.0909090909090909
492363,mscoco,0.0458357076626271,0.1858134494467331,0.03632056601345539,0.14422344863351397,0.1,1.0,0.1,1.0
486547,mscoco,0.1734925888478756,0.43747270837509555,0.21004697531461716,0.4517868289898909,0.1,1.0,0.1,0.5
516570,mscoco,0.08873994052410125,0.2701771509043149,0.13042089864611625,0.3198914269485494,0.1,0.2,0.1,0.1
152662,mscoco,0.10011131949722767,0.2594449444342123,0.12492277808487415,0.23013329599472052,0.0,0.0277777777777777,0.0,0.037037037037037
415280,mscoco,0.061280925571918485,0.33125633701807594,0.08496019821614027,0.343992027864597,0.1,1.0,0.1,1.0
397404,mscoco,0.10228522196412086,0.25741820223073797,0.13240923583507538,0.28911251470002597,0.0,0.0095238095238095,0.0,0.0526315789473684
488801,mscoco,0.33731778860092165,0.6297228380723793,0.3622428894042969,0.603114002721821,0.7,1.0,0.8,1.0
544956,mscoco,0.025228808680549265,0.08304051295530623,0.016424867836758495,0.07182046673648534,0.1,1.0,0.1,1.0
576859,mscoco,0.09946679025888443,0.26558292340663464,0.1205089319497347,0.3442826925088696,0.1,0.2,0.0,0.0106382978723404
280370,mscoco,0.09012247901409864,0.2313884986339799,0.0886689780279994,0.23794902933846312,0.1,0.1666666666666666,0.1,0.1
310853,mscoco,0.1316388413310051,0.29095138117590047,0.20611148402094842,0.3232764338577084,0.1,0.2,0.2,0.5
363527,mscoco,0.12383991964161396,0.21638453007103717,0.1520961232483387,0.27145758732821773,0.1,0.5,0.2,1.0
47548,mscoco,0.2523177959024906,0.5740393746357442,0.2977350316941738,0.4322673744989891,0.2,1.0,0.2,0.5
542313,mscoco,0.050435776449739934,0.1380595366654742,0.10967461094260215,0.21931207906944652,0.2,0.3333333333333333,0.2,0.5
183386,mscoco,0.1905366837978363,0.30398318607936825,0.2280568800866604,0.29146486576170405,0.5,0.25,0.3,0.2
131101,mscoco,0.03064090767875314,0.09429364230051723,0.07242918740957975,0.1825096603671161,0.1,0.3333333333333333,0.4,1.0
130981,mscoco,0.07764925733208657,0.2271792436160739,0.1333145432174206,0.295636674907647,0.1,0.1111111111111111,0.8,1.0
443547,mscoco,0.12067218627780676,0.3136797907190471,0.11226593460887671,0.3282194416319296,0.1,0.25,0.1,1.0
103978,mscoco,0.33618824928998947,0.6110123296939831,0.3807359658181667,0.5362136077164239,0.2,0.5,0.3,1.0
7669,mscoco,0.3551751121878624,0.6739387830712055,0.44931764900684357,0.6178175530934623,0.4,1.0,0.7,1.0
111245,mscoco,0.06572655327618122,0.1701238292314567,0.0689395472407341,0.17690672753950448,0.1,1.0,0.1,1.0
326948,mscoco,0.26383797228336336,0.507880364109664,0.20075078085064887,0.562979151617373,0.5,1.0,0.7,1.0
486807,mscoco,0.013983178394846618,0.09454003275381713,0.04228506605140865,0.11143080900505822,0.1,1.0,0.1,0.5
303652,mscoco,0.03611908257007599,0.12676384773248928,0.07081726789474488,0.2006813165423793,0.0,0.0044843049327354,0.1,1.0
173547,mscoco,0.221217829734087,0.32555680370538165,0.22474796175956727,0.3839498776085362,0.6,1.0,0.6,1.0
325239,mscoco,0.018927871994674206,0.06693965044644869,0.024778725020587443,0.06863792795937639,0.1,0.125,0.0,0.037037037037037
353357,mscoco,0.05653690751641989,0.1771677177199175,0.044912894070148465,0.1587879738975819,0.1,0.1111111111111111,0.0,0.0105263157894736
426429,mscoco,0.08704288695007563,0.23485896584777552,0.05129023510962725,0.13405453234712883,0.2,0.3333333333333333,0.2,0.5
261207,mscoco,0.1524222197011113,0.33700586522807563,0.20136315263807775,0.5269725812964302,0.3,0.3333333333333333,0.2,0.1666666666666666
461506,mscoco,0.04385262848809361,0.16004448231617202,0.07003131220117212,0.16157661663421033,0.1,0.125,0.0,0.0909090909090909
44856,mscoco,0.17001680582761763,0.3314388514155479,0.1340373031795025,0.3640190981256212,0.2,0.3333333333333333,0.2,0.5
180817,mscoco,0.03182751787826419,0.10582678031457123,0.023991483260761014,0.06097290338378346,0.1,0.5,0.1,0.1428571428571428
390435,mscoco,0.290619160188362,0.7936750328779109,0.44008706212043763,0.7276211331679535,0.3,1.0,0.5,1.0
49648,mscoco,0.1833444041432813,0.31520604490144527,0.33337040394544604,0.41278762277819586,0.1,0.2,0.1,1.0
172498,mscoco,0.048215752094984056,0.1961507089375441,0.1634293284267187,0.4821849461238796,0.1,1.0,0.5,1.0
67126,mscoco,0.029586326144635678,0.08874510312197742,0.04941622642800212,0.20466616964809872,0.1,0.5,0.0,0.0769230769230769
478029,mscoco,0.06545192562043667,0.22957961920305286,0.0542677135206759,0.17192015749654477,0.1,0.2,0.1,1.0
508567,mscoco,0.13265984691679478,0.2593604584727728,0.20682084411382676,0.3589108839717716,0.2,0.2,0.8,0.5
81,drawbench,0.06560975443571807,0.1939286644302256,0.08491929639130831,0.18040309495617232,0.0,0.0232558139534883,0.0,0.027027027027027
109355,mscoco,0.06686165668070317,0.18340523006147902,0.08763407655060292,0.24092068827168944,0.0,0.0043668122270742,0.0,0.0333333333333333
48935,mscoco,0.30815620720386505,0.46740853903447194,0.2944095179438591,0.5351554466723784,0.2,1.0,0.3,0.25
84886,mscoco,0.0366873231716454,0.1213533639757645,0.03388483785092831,0.11683800098494249,0.0,0.05,0.4,1.0
217271,mscoco,0.03891994943842292,0.12836856740183553,0.03811379186809063,0.14661476990462738,0.1,0.5,0.2,1.0
480140,mscoco,0.006964775465894491,0.019778127654145907,0.008451981283724309,0.027555380334068954,0.0,0.0476190476190476,0.0,0.0357142857142857
327105,mscoco,0.14996458664536477,0.37418084250713723,0.2807830959558487,0.40357091122679617,0.2,1.0,0.5,0.2
55768,mscoco,0.25731621608138083,0.3557345295799653,0.531713217496872,0.7847286114778157,0.1,0.1,0.7,1.0
129030,mscoco,0.034049872402101757,0.1372270520762155,0.05167331206612289,0.17085458311004115,0.1,1.0,0.1,1.0
565387,mscoco,0.0812334056943655,0.22032434177220578,0.11439663181081414,0.28760220779642093,0.0,0.0666666666666666,0.1,0.5
553501,mscoco,0.011036968580447138,0.041809884209083506,0.007908271183259786,0.040465008065574064,0.1,0.1666666666666666,0.1,1.0
170193,mscoco,0.058283894695341586,0.18564437054797456,0.08548372387886047,0.2220114746121746,0.2,1.0,0.2,1.0
199,drawbench,0.0009014755167299881,0.004094411143851707,0.0008835923610604369,0.003188629421400505,0.0,0.0,0.0,0.0
65162,mscoco,0.10084981210529805,0.22458166613415967,0.09012990929186344,0.26344758978873234,0.1,0.5,0.1,0.3333333333333333
334542,mscoco,0.28393651396036146,0.4975512249035874,0.3822712868452072,0.5612851442776404,0.3,0.2,0.6,1.0
185559,mscoco,0.9706883668899536,0.9878162883737728,0.9766391515731812,0.991174064355746,0.8,1.0,1.0,1.0
134066,mscoco,0.2642816562205553,0.44210403236079154,0.32798842154443264,0.4628673546118167,0.2,0.3333333333333333,0.2,0.25
19318,mscoco,0.2160964675247669,0.5001813522470107,0.32731036096811295,0.541310636369326,0.2,1.0,0.2,1.0
122896,mscoco,0.12299835756421089,0.31258304069735726,0.16849972531199456,0.2886569883070684,0.2,0.1666666666666666,0.0,0.0909090909090909
484175,mscoco,0.02713938392698765,0.08621058465306197,0.05308918729424476,0.18456103672957003,0.0,0.0256410256410256,0.1,0.25
550049,mscoco,0.26739856600761414,0.5483171617255477,0.3384397715330124,0.6552634206546167,0.7,1.0,0.6,1.0
558966,mscoco,0.011843430099543185,0.05955979887085261,0.02200161861255765,0.08114196964839533,0.4,1.0,0.6,1.0
303177,mscoco,0.15751480869948864,0.35248102747576426,0.11417012177407741,0.3038331467061929,0.0,0.0344827586206896,0.0,0.001727115716753
300047,mscoco,0.07648434452712535,0.23783618707614715,0.1118595227599144,0.25677877081120193,0.2,1.0,0.1,0.25
281977,mscoco,0.16342577934265137,0.6198156730966414,0.18482189401984214,0.3876959864524578,0.8,1.0,1.0,1.0
100169,mscoco,0.08866311963647604,0.18515970163161344,0.15625477731227874,0.359496283290758,0.2,0.3333333333333333,0.3,1.0
35217,mscoco,0.002454583995859139,0.015393220822256255,0.013865008763968945,0.04971552168246898,0.1,0.5,0.0,0.0049019607843137
195863,mscoco,0.4306952565908432,0.7403826097699184,0.45720209926366806,0.5928236477475735,0.3,0.3333333333333333,0.6,0.5
55753,mscoco,0.011896823486313223,0.03694426465182523,0.015155622223392128,0.058222815833009485,0.0,0.0119047619047619,0.0,0.0277777777777777
189504,mscoco,0.051899444125592706,0.14247835131647343,0.04847793430089951,0.1607390257607739,0.0,0.0175438596491228,0.1,1.0
257236,mscoco,0.053573017939925194,0.1683558048057652,0.07435133140534163,0.17323828536407893,0.0,0.02,0.1,0.2
15830,mscoco,0.022160310624167325,0.08542947015602492,0.0237166291102767,0.09398487018020567,0.1,1.0,0.1,1.0
382423,mscoco,0.13911431320011616,0.32611396223587735,0.1643313594162464,0.3744523894289816,0.1,1.0,0.2,1.0
182,drawbench,0.001947035119519569,0.006418835469358224,0.0020330725274106953,0.006941951631585543,0.0,0.0,0.0,0.0
261431,mscoco,0.09907575957477092,0.32381898011593613,0.10638056360185147,0.33039525987056284,0.2,1.0,0.2,1.0
286021,mscoco,0.06620507575571537,0.21364668240642318,0.06309538464993239,0.1504599272438716,0.0,0.0909090909090909,0.0,0.037037037037037
179,drawbench,0.016640765639021993,0.0570127196142662,0.02242854991927743,0.08063208569957306,0.0,0.0,0.0,0.0
20145,mscoco,0.04790796097368002,0.15294108416580937,0.03820570446550846,0.1539627649305857,0.0,0.0909090909090909,0.0,0.0666666666666666
545274,mscoco,0.057915326207876205,0.21024826327868318,0.07943578697741031,0.222327773500268,0.0,0.0526315789473684,0.2,1.0
93,drawbench,0.03224981538951397,0.21927506690700752,0.06601932477205992,0.27525049279716146,0.0,0.0003133813851457,0.0,0.0013586956521739
254726,mscoco,0.2681704245507717,0.4182976637390011,0.25890427827835083,0.41637328667191387,0.3,1.0,0.4,0.3333333333333333
182125,mscoco,0.0636097365990281,0.17094831092111484,0.09304687660187483,0.2442421832558489,0.1,0.1111111111111111,0.2,0.3333333333333333
46055,mscoco,0.03546953462064266,0.09755313746179235,0.037349411845207216,0.11967755012120433,0.0,0.027027027027027,0.1,1.0
336933,mscoco,0.16492995694279672,0.35678514022920155,0.1963809013366699,0.38791418243186643,0.0,0.0013717421124828,0.1,0.1
175597,mscoco,0.05215545566752553,0.12441344355680022,0.11141492165625096,0.2657441782123494,0.1,1.0,0.0,0.0303030303030303
370157,mscoco,0.05574224200099707,0.1576888229914221,0.04583142101764679,0.13115333838801502,0.0,0.0227272727272727,0.1,0.25
361356,mscoco,0.017745322152040898,0.0624740997791241,0.02298302515409887,0.07110580974378737,0.2,1.0,0.3,1.0
452806,mscoco,0.5154650703072547,0.7702892591743337,0.7127520203590393,0.927247872676939,0.4,0.25,0.6,0.5
136,drawbench,0.04515053909271956,0.11028394109841134,0.0745099125429988,0.16120860716753752,0.0,7.48839299086416e-05,0.0,1.80446786242737e-05
191314,mscoco,0.04233196973800659,0.1638675402848013,0.042164168879389764,0.15978050697062932,0.1,0.5,0.1,1.0
26,drawbench,0.38700793087482455,0.6355394545063979,0.2472050741314888,0.5441605845766765,0.0,0.0,0.0,0.0
24414,mscoco,0.2661098726093769,0.5326506747209627,0.2760948121547699,0.5656728878364689,0.2,1.0,0.5,1.0
499634,mscoco,0.09552932716906071,0.206443299342905,0.1453986197710037,0.2942595024611643,0.0,0.037037037037037,0.0,0.0121951219512195
13482,mscoco,0.11084949113428592,0.3117475224631855,0.13439727388322353,0.3337740665116221,0.1,1.0,0.1,1.0
267861,mscoco,0.05205857437103987,0.12318829574505434,0.07029994092881679,0.20459651929271563,0.1,0.1666666666666666,0.1,1.0
498967,mscoco,0.08135565519332885,0.234514104916569,0.11507525220513344,0.24133884579070428,0.3,0.3333333333333333,0.2,1.0
247979,mscoco,0.004422700137365609,0.019777713053349424,0.006366205285303295,0.021753985412778624,0.1,1.0,0.1,1.0
438196,mscoco,0.14866353645920755,0.39445967142102545,0.1686481438577175,0.32083478087768935,0.3,1.0,0.3,1.0
230700,mscoco,0.01950411736033857,0.07242171580272247,0.02149603283032775,0.06325915066291161,0.0,0.0076335877862595,0.0,0.0909090909090909
22660,mscoco,0.14534551426768302,0.3483538786505828,0.11888902205973864,0.3120099599365948,0.3,1.0,0.3,1.0
227982,mscoco,0.028059728723019362,0.11073275925499579,0.02006385223940015,0.0658251061093315,0.1,0.25,0.2,0.5
134807,mscoco,0.00643690824508667,0.03636360579770143,0.007858476089313626,0.039687191256103246,0.1,1.0,0.1,1.0
209788,mscoco,0.08927579298615455,0.2412479406806745,0.15274428427219391,0.40129511151524855,0.0,0.0263157894736842,0.0,0.02
139518,mscoco,0.018884982145391405,0.061425591583681535,0.027915188390761615,0.13301718741521001,0.0,0.0454545454545454,0.1,0.25
232625,mscoco,0.07725912109017372,0.19843442812125053,0.08823442235589027,0.2533008590271603,0.0,0.0303030303030303,0.2,0.25
423875,mscoco,0.03071196817327291,0.09597511213754287,0.03056533820927143,0.09345286372182551,0.1,1.0,0.1,1.0
87878,mscoco,0.16007933169603347,0.4583811172729274,0.1285236619412899,0.3150063519695336,0.0,0.0416666666666666,0.1,0.5
55,drawbench,0.017422229121439158,0.05347479856554046,0.010235674842260779,0.03628110633269529,0.0,0.0,0.0,0.0
315273,mscoco,0.23505799472332,0.38005893473474983,0.2990335799753666,0.529687770357814,0.3,1.0,0.5,0.5
118968,mscoco,0.07516077607870102,0.22545767389862922,0.0915144320577383,0.26268472203493176,0.1,0.5,0.0,0.0714285714285714
426459,mscoco,0.18566201515495778,0.45390179121344276,0.14774355627596378,0.24406514179206867,0.3,0.2,0.1,0.1
310695,mscoco,0.04905186854302883,0.17681832674274384,0.04975372385233641,0.1332430487420331,0.1,1.0,0.3,1.0
266912,mscoco,0.24531839415431023,0.3308914763790868,0.2106327161192894,0.4599985961213836,0.1,0.5,0.1,1.0
70187,mscoco,0.06546920519322157,0.18537880156921493,0.10624684952199459,0.29920606349920886,0.1,0.5,0.1,1.0
75352,mscoco,0.3851356342434883,0.6811363667876815,0.432632839679718,0.5773219858815083,0.2,0.5,0.5,0.5
485187,mscoco,0.05079104471951723,0.1543713358417698,0.044623950496315956,0.15704661300825462,0.3,0.25,0.3,1.0
446310,mscoco,0.09973200997337699,0.2675867803327393,0.167610751837492,0.3366162811252057,0.0,0.0416666666666666,0.6,1.0
172702,mscoco,0.025610513729043306,0.08575233224484716,0.02514230702072382,0.08991972090082004,0.1,1.0,0.1,1.0
41838,mscoco,0.13713886365294456,0.33209247590985447,0.23403749465942383,0.4948622210363895,0.8,1.0,1.0,1.0
348083,mscoco,0.01523907044902444,0.05231954546504802,0.022517271665856244,0.08666399882372411,0.1,0.1111111111111111,0.1,0.2
465198,mscoco,0.10446823053061963,0.26996641315024555,0.18690894767642022,0.4015486845382656,0.0,0.0454545454545454,0.1,1.0
458123,mscoco,0.47304014563560487,0.6910668747512548,0.4678891122341156,0.5847899001391844,0.1,0.2,0.3,1.0
215558,mscoco,0.5200779572129249,0.7176565537513431,0.4709013104438782,0.8199429548284752,0.0,0.0769230769230769,0.4,1.0
201019,mscoco,0.13497850932180883,0.29766147001708565,0.43416090309619904,0.5804642683326068,0.2,0.1428571428571428,0.9,0.5
153921,mscoco,0.16359091997146608,0.3401337001585374,0.3774376317858696,0.6257015750585877,0.1,0.2,0.1,0.1428571428571428
345389,mscoco,0.0025695445423480124,0.006640243854383225,0.003317491873167455,0.014495704713581949,0.1,0.1111111111111111,0.1,1.0
359066,mscoco,0.046536837215535344,0.18234122882242693,0.04366063755005598,0.1233739027981789,0.1,1.0,0.2,0.25
22102,mscoco,0.20664230436086656,0.39154131682102633,0.3054855838418007,0.5877809554367304,0.7,1.0,0.9,1.0
194419,mscoco,0.21703001037240027,0.35172170873634306,0.3042237594723701,0.47296310361955674,0.5,0.5,0.5,1.0
391053,mscoco,0.057374125625938174,0.15957731745201026,0.032440883293747905,0.12124341077290268,0.1,0.25,0.0,0.0033783783783783
20171,mscoco,0.19505426175892354,0.37903510655428385,0.21568434089422225,0.37858451207552357,0.3,1.0,0.7,1.0
538001,mscoco,0.01880774269811809,0.07229243089310897,0.009848292358219624,0.03951201499742802,0.0,0.0095238095238095,0.0,0.0024570024570024
575490,mscoco,0.03616406368091703,0.11528914060460568,0.10120634902268648,0.22651265887826894,0.2,0.5,0.7,0.3333333333333333
75427,mscoco,0.14926409926265477,0.39053904437570497,0.16856139414012433,0.45097140532736246,0.1,1.0,0.1,0.5
510564,mscoco,0.06078323069959879,0.1738356033318022,0.07526557594537735,0.20302131253911684,0.0,0.0454545454545454,0.1,0.5
58117,mscoco,0.029433241114020348,0.08393466335493728,0.023082485236227513,0.07313673440130754,0.1,0.5,0.1,0.1666666666666666
294416,mscoco,0.04111298723146319,0.11630549695522434,0.07199497520923615,0.1952894233374082,0.0,0.0416666666666666,0.3,1.0
525176,mscoco,0.06768627166748047,0.19043036543779449,0.13462830260396003,0.3070043478527949,0.0,0.0133333333333333,0.0,0.0588235294117647
316522,mscoco,0.015555746864993125,0.06140535970262933,0.021579616889357566,0.06803899898720914,0.1,1.0,0.1,0.2
198832,mscoco,0.03550545694306493,0.10758752671043616,0.07897581867873668,0.21499508280285268,0.0,0.0113636363636363,0.0,0.0294117647058823
378022,mscoco,0.039313557045534256,0.11012702017167973,0.07130815740674734,0.23902099914071712,0.1,0.25,0.3,1.0
306037,mscoco,0.03036012751981616,0.11541125544037674,0.05489091854542494,0.2730609503259454,0.0,0.0333333333333333,0.1,1.0
51021,mscoco,0.14760759957134723,0.38315698451899965,0.20062936693429947,0.38107698552672237,0.4,1.0,0.8,1.0
225392,mscoco,0.04115840438753367,0.11733585930006706,0.07972425073385239,0.24478718453009105,0.0,0.0232558139534883,0.3,0.3333333333333333
543490,mscoco,0.08335079355165362,0.26357787733271787,0.11014419533312321,0.2446557254423765,0.2,1.0,0.4,0.5
305117,mscoco,0.01033577083144337,0.03161952358328052,0.017026700777933,0.05972226510894796,0.0,0.0192307692307692,0.1,1.0
519387,mscoco,0.0132979845860973,0.04742080915044205,0.029081792384386063,0.07950755403378033,0.0,0.00177304964539,0.0,0.0192307692307692
98501,mscoco,0.10396776758134366,0.3201415946317927,0.15984959341585636,0.385083690407936,0.1,0.1111111111111111,0.0,0.0120481927710843
249791,mscoco,0.06156785432249308,0.27584759544114473,0.07921473309397697,0.20030021522347988,0.1,0.3333333333333333,0.0,0.0147058823529411
327664,mscoco,0.07677246890962124,0.2030254377200469,0.11259415596723557,0.3320594132352863,0.1,0.25,0.2,1.0
22,drawbench,0.005095626250840724,0.020412246142326996,0.008198466687463223,0.035766802723702515,0.0,0.0,0.0,0.0
225654,mscoco,0.03066885471343994,0.1105701562605469,0.027467234153300525,0.0886523261735373,0.0,0.0384615384615384,0.1,1.0
47700,mscoco,0.168634519726038,0.3219146474748621,0.20665315091609954,0.2623192962035436,0.3,0.5,0.2,0.2
77159,mscoco,0.16890084594488144,0.3198823730204261,0.20386533737182616,0.37832907613345296,0.1,0.1111111111111111,0.3,1.0
501773,mscoco,0.03158227764070034,0.11285284637013372,0.026839692890644074,0.09556487359425361,0.1,1.0,0.1,1.0
355137,mscoco,0.3939033642411232,0.6729935182453058,0.4785032719373703,0.582567350877157,0.1,0.2,0.4,1.0
476055,mscoco,0.11571742966771126,0.24192328107936142,0.2557696744799614,0.5121345462722293,0.1,0.1666666666666666,0.2,0.5
446898,mscoco,0.1212809681892395,0.3147233078831918,0.22526051253080367,0.4958817942725729,0.2,1.0,0.5,1.0
336645,mscoco,0.14046225547790528,0.27685212045834834,0.1877449110150337,0.38344565137479714,0.2,1.0,0.4,0.3333333333333333
57242,mscoco,0.0420443105045706,0.16460513750653746,0.04526129402220249,0.1625871819803148,0.1,0.5,0.1,1.0
137178,mscoco,0.4265472710132599,0.5905274530399701,0.46764621436595916,0.7130254015939268,0.4,0.5,0.4,1.0
113113,mscoco,0.15470684319734573,0.24923762358573917,0.17522638887166977,0.33985536024571655,0.6,1.0,0.5,1.0
403028,mscoco,0.10194571688771248,0.20394117979375778,0.08729220628738403,0.20943692829564964,0.1,0.1111111111111111,0.1,1.0
346795,mscoco,0.01891323463059962,0.05696267448883281,0.016520683839917182,0.06694604188318017,0.1,0.1,0.0,0.0909090909090909
145682,mscoco,0.0185386564116925,0.06612273555041143,0.011167376348748804,0.03445334321498942,0.1,0.1111111111111111,0.0,0.0163934426229508
418791,mscoco,0.01015128898434341,0.034009485777879246,0.01570183038711548,0.05234801058546701,0.0,0.0833333333333333,0.1,1.0
107838,mscoco,0.24596280679106713,0.43334430434457366,0.2356699600815773,0.4543348643605255,0.2,1.0,0.5,1.0
149577,mscoco,0.0776025012601167,0.31253185266716244,0.1359385007992387,0.4184994561831458,0.1,1.0,0.1,1.0
10,drawbench,0.0908452469855547,0.21718453521729783,0.08282980918884278,0.2032122258870958,0.0,0.0,0.0,0.0
544614,mscoco,0.7279445230960846,0.9107126939898115,0.7321713536977768,0.8894380515502707,0.9,1.0,1.0,1.0
419150,mscoco,0.1452105350792408,0.30708311474719224,0.1626896308735013,0.5791036188320672,0.1,0.1666666666666666,0.2,1.0
496783,mscoco,0.07263917475938797,0.18887732407252233,0.07871835865080357,0.19478053800529327,0.2,1.0,0.2,1.0
195062,mscoco,0.214991507679224,0.38473108100387826,0.2307468831539154,0.40055888551009855,0.1,0.1111111111111111,0.6,1.0
183481,mscoco,0.09422071678563952,0.2363956745383893,0.10327359084039926,0.2284938932133794,0.7,0.5,0.7,1.0
495288,mscoco,0.03898143684491515,0.11752360006599548,0.05546433664858341,0.16678111912944607,0.0,0.0416666666666666,0.1,1.0
162,drawbench,0.008054600050672888,0.03445887320366487,0.00959652466699481,0.03450164935793693,0.0,0.0,0.0,0.0
99321,mscoco,0.2995496645569801,0.5236322668350912,0.3063755363225937,0.453999171196559,0.6,0.5,1.0,1.0
502637,mscoco,0.052575257048010825,0.1451398392244816,0.05559870116412639,0.1486235153443745,0.4,0.3333333333333333,0.7,1.0
136458,mscoco,0.06746710073202848,0.1360780027196479,0.05285333711653948,0.16366257212694627,0.1,0.5,0.1,0.3333333333333333
113333,mscoco,0.1127274602651596,0.24492026039689915,0.15872943252325059,0.2916505383659558,0.3,0.5,0.1,1.0
473448,mscoco,0.22165891714394093,0.4719268379958403,0.3128997668623924,0.49908377143056176,0.3,1.0,0.0,0.05
450598,mscoco,0.3806304320693016,0.6364415632149999,0.49896342009305955,0.6642292840008214,0.4,1.0,0.9,1.0
474157,mscoco,0.13886047154664993,0.33226539378752834,0.2276306167244911,0.4338866409976233,0.1,0.1111111111111111,0.2,1.0
74499,mscoco,0.025749362376518547,0.10824238842281213,0.0334218137897551,0.1263558424550501,0.1,1.0,0.2,1.0
107610,mscoco,0.637685114145279,0.892228662361344,0.5946504294872283,0.7968446159285093,0.4,1.0,0.6,0.5
200959,mscoco,0.12749597746878863,0.3580883355230267,0.21261841505765916,0.40873822165533874,0.3,1.0,0.7,1.0
463430,mscoco,0.0882522150874138,0.20142195575346417,0.12461386844515801,0.3100751158229246,0.0,0.0123456790123456,0.0,0.0085470085470085
512509,mscoco,0.12093046195805073,0.34164193854224567,0.22482258826494217,0.37505302341872704,0.2,0.5,0.1,0.5
458921,mscoco,0.019009147584438325,0.05998417517447891,0.01771083236671984,0.06954639456752275,0.0,0.025,0.1,1.0
282667,mscoco,0.0195147467777133,0.07400895660609841,0.02611133074387908,0.08940340026224523,0.1,0.3333333333333333,0.1,0.5
448771,mscoco,0.032676237635314465,0.10564504872245781,0.03669850155711174,0.11644565049318945,0.0,0.0196078431372549,0.0,0.05
293598,mscoco,0.7016528248786926,0.7901346899129117,0.7277293920516967,0.8253594894447347,0.7,1.0,0.8,1.0
541193,mscoco,0.09699114263057709,0.2762208061953717,0.07818081825971604,0.2278616697943112,0.0,0.0666666666666666,0.0,0.0588235294117647
356569,mscoco,0.036199360201135275,0.10635045382682244,0.06472931206226348,0.24772129491129866,0.1,0.125,0.0,0.0714285714285714
334513,mscoco,0.15493940152227878,0.23989398053657393,0.1846161253750324,0.37245763606412713,0.1,0.1111111111111111,0.6,1.0
430167,mscoco,0.026127085741609334,0.1277453001640281,0.07425852371379733,0.240468115385371,0.0,0.025,0.0,0.032258064516129
513125,mscoco,0.3648509781807661,0.7119760615953868,0.3340839006006718,0.4141195215417655,0.1,0.1428571428571428,0.2,0.3333333333333333
356257,mscoco,0.018558959197252988,0.06271235318426983,0.022386714443564416,0.07153889796276865,0.1,1.0,0.1,0.25
364010,mscoco,0.02567387530580163,0.09876851707063987,0.03765682834200561,0.15051868667113813,0.1,0.25,0.1,1.0
148542,mscoco,0.12110587917268276,0.2927819988147846,0.08048162739723921,0.22865012886336006,0.0,0.0526315789473684,0.0,0.037037037037037
82405,mscoco,0.3394541561603546,0.6186301370121907,0.34635998010635377,0.5345085526818156,0.7,1.0,0.4,1.0
70755,mscoco,0.03042293610051274,0.07507349273555597,0.026491635013371706,0.08389614525458279,0.1,0.1666666666666666,0.1,1.0
118927,mscoco,0.04746681908145547,0.1469191256110862,0.07512397691607475,0.21398471107923703,0.1,1.0,0.1,0.3333333333333333
508915,mscoco,0.0327859471552074,0.0943790547413464,0.05055424310266972,0.14395130384886262,0.2,0.3333333333333333,0.1,0.2
491739,mscoco,0.2476414382457733,0.3898057702032157,0.15212849155068398,0.43669171572362736,0.0,0.0147058823529411,0.1,0.3333333333333333
147546,mscoco,0.2735591785982251,0.44762745295020784,0.4360203221440315,0.5840358834137589,0.5,0.3333333333333333,0.3,0.5
262213,mscoco,0.1025561586022377,0.21710469502358395,0.15621757209300996,0.3525451665259195,0.9,0.5,0.7,1.0
415728,mscoco,0.12480130475014448,0.3566538573298213,0.1648264557123184,0.45049308966670476,0.5,1.0,0.5,1.0
506873,mscoco,0.1755285382270813,0.33432693052411333,0.20178661942481996,0.3980369736701353,0.6,1.0,0.7,1.0
538210,mscoco,0.4957816615700722,0.543875046998446,0.6491063982248306,0.6851913511366219,0.2,0.2,0.6,0.5
581127,mscoco,0.05052006682381034,0.1250633967833427,0.06047565415501595,0.1659453896820363,0.0,0.0185185185185185,0.1,0.5
110013,mscoco,0.03284895718097687,0.11324898753646238,0.028089520800858737,0.10774544008489459,0.3,1.0,0.3,1.0
502286,mscoco,0.05956582957878709,0.15915903730927633,0.06660544853657484,0.278489666375769,0.0,0.04,0.1,0.5
99425,mscoco,0.19928767271339892,0.4690876115366786,0.3064992636442184,0.4990502964987357,0.1,0.125,0.4,1.0
103042,mscoco,0.05103940162807703,0.13965701654489482,0.08970636539161206,0.2136313369881928,0.3,1.0,0.7,0.5
360440,mscoco,0.01564848595298827,0.08441045458490942,0.01690927951131016,0.09201722280861485,0.1,1.0,0.1,1.0
409668,mscoco,0.24735481552779676,0.5696386172635228,0.32191588282585143,0.4675414312837746,0.9,1.0,0.9,1.0
421639,mscoco,0.04056324753910303,0.11713320226144777,0.06133391335606575,0.17940019307314997,0.0,0.0526315789473684,0.1,0.1111111111111111
277717,mscoco,0.0317795000039041,0.08332251252846576,0.03652023700997233,0.13246611958309995,0.1,1.0,0.1,1.0
113851,mscoco,0.2864757806062698,0.3998095332524389,0.28053274378180504,0.5913112021204258,0.6,0.5,0.4,1.0
380100,mscoco,0.4402195855975151,0.5609535933820244,0.6590638160705566,0.6553317784517604,0.3,1.0,0.7,1.0
68601,mscoco,0.1771877681836486,0.5426242161664508,0.22111030109226704,0.49414193170544424,0.1,0.5,0.2,0.125
82229,mscoco,0.02283834256231785,0.0927554771453426,0.045312875881791115,0.11466115970093363,0.0,0.0909090909090909,0.0,0.0185185185185185
263462,mscoco,0.12066895328462124,0.28437498904483133,0.111895003169775,0.25433197838542293,0.2,0.1666666666666666,0.4,0.5
352495,mscoco,0.0551928841508925,0.16535085986730455,0.10727597139775753,0.2674636974752708,0.5,1.0,0.6,0.5
64339,mscoco,0.04570865575224161,0.1369674306717957,0.049259644281119105,0.14518549330427383,0.1,1.0,0.1,0.3333333333333333
11156,mscoco,0.0052878126851283016,0.018550552121729694,0.0033686330425553024,0.013032372743461485,0.1,0.5,0.1,1.0
334872,mscoco,0.5314193725585937,0.7947737196168633,0.6270082890987396,0.7444576270641466,0.3,0.3333333333333333,0.4,0.5
477820,mscoco,0.07516326270997524,0.2251640030024143,0.0949055515229702,0.24991740416115868,0.3,0.25,0.2,0.5
283884,mscoco,0.4331503719091415,0.8452867891218474,0.5886861681938171,0.6515320512917492,0.4,0.3333333333333333,0.6,0.5
418868,mscoco,0.005608195840613917,0.019707995608583224,0.016193851153366266,0.06884182099055498,0.1,0.25,0.2,1.0
350309,mscoco,0.06819379702210426,0.14818194299441612,0.07623194865882396,0.18550644848991038,0.2,0.3333333333333333,0.1,0.25
14537,mscoco,0.017307464499026537,0.06047506839344623,0.016869525844231247,0.06379546278269393,0.1,0.5,0.1,1.0
575040,mscoco,0.03970998469740152,0.16194575887459242,0.02551635801792145,0.07795308050325189,0.0,0.006578947368421,0.0,0.0018115942028985
449455,mscoco,0.13991438895463942,0.3741679786608699,0.17872524484992028,0.43883335652852173,0.9,1.0,0.6,1.0
211686,mscoco,0.16289613619446755,0.49885150875507794,0.16611658856272699,0.48763737306368266,0.1,1.0,0.1,1.0
154745,mscoco,0.18168175853788854,0.30865769731665,0.23188865296542643,0.44941102178039655,0.1,0.25,0.2,0.25
152084,mscoco,0.04615702275186777,0.14088800949568522,0.04928557826206088,0.15296001137324444,0.1,0.1666666666666666,0.1,1.0
536390,mscoco,0.23214522525668144,0.3907401953041014,0.2306789591908455,0.37426266853277085,0.0,0.0666666666666666,0.3,0.3333333333333333
235906,mscoco,0.13943758010864257,0.31969818566898633,0.12929069958627223,0.3285129705212325,0.5,1.0,0.3,1.0
526126,mscoco,0.0862920843064785,0.35695900599929226,0.08091773316264153,0.28832776944840216,0.0,0.037037037037037,0.2,1.0
3711,mscoco,0.22652255073189737,0.4324914508265235,0.19171593338251114,0.3351983321924416,0.3,0.1666666666666666,0.2,1.0
275938,mscoco,0.7143448382616043,0.8515500442514122,0.8325023949146271,0.9050500940798895,0.5,1.0,0.9,1.0
180130,mscoco,0.3970170050859451,0.5982938270441638,0.5375856757164001,0.8593380733452759,0.5,1.0,0.7,1.0
401037,mscoco,0.028488896507769822,0.10276739711308769,0.04715908132493496,0.14889882008546623,0.0,0.0178571428571428,0.1,1.0
348816,mscoco,0.16687623653560876,0.48897501866164256,0.1387518119998276,0.4031222944879769,0.3,1.0,0.2,1.0
358300,mscoco,0.019091836037114264,0.08148402042285649,0.01557704557199031,0.05342859218667327,0.1,1.0,0.0,0.0588235294117647
226577,mscoco,0.39637955725193025,0.45362888277627456,0.38991469219326974,0.6959254357172096,0.5,0.5,0.3,0.5
425100,mscoco,0.08291162271052599,0.15113741207911935,0.1095722984522581,0.27680649861962664,0.1,0.1666666666666666,0.1,0.2
11184,mscoco,0.1471903346478939,0.3187632132964173,0.22495969459414483,0.47646574110187884,0.0,0.0434782608695652,0.0,0.03125
391972,mscoco,0.01272928798571229,0.04034490510969415,0.013751494279131294,0.046192818583165283,0.1,0.5,0.0,0.0714285714285714
578072,mscoco,0.22059725150465964,0.44778321341004557,0.18380396738648414,0.43411034285710065,0.2,1.0,0.1,1.0
558798,mscoco,0.09288401156663895,0.22200729441236003,0.041446045972406864,0.15011159598264553,0.1,0.25,0.0,0.0181818181818181
353559,mscoco,0.10462312884628773,0.2692307817426791,0.10071754343807697,0.28209905263198237,0.3,0.2,0.3,0.5
291117,mscoco,0.3416733920574188,0.506444390991994,0.23102817088365554,0.5597850023305799,0.0,0.0769230769230769,0.6,1.0
372201,mscoco,0.026987591106444598,0.13572312484573712,0.04554007761180401,0.15164580811884756,0.0,0.0303030303030303,0.2,0.1666666666666666
204085,mscoco,0.06832045167684556,0.17713633993065492,0.08552440032362937,0.1958340179536818,0.6,1.0,0.6,1.0
218965,mscoco,0.13796182088553904,0.3789066743476496,0.10912849083542824,0.37419843952891296,0.2,1.0,0.2,1.0
343012,mscoco,0.03572078570723534,0.1198196380792504,0.03784975502640009,0.10607721919275498,0.1,1.0,0.1,0.25
271941,mscoco,0.06563644614070654,0.20772010736316615,0.060671357437968254,0.18269914695611475,0.1,0.1666666666666666,0.2,0.5
230141,mscoco,0.049774201679974796,0.16379223080762298,0.08996319118887186,0.23563944120361088,0.1,0.25,0.1,0.2
58232,mscoco,0.3369381695985794,0.5227931041491686,0.29758106023073194,0.3557282934375923,0.0,0.0434782608695652,0.0,0.0303030303030303
175437,mscoco,0.008756543998606503,0.027345951712447948,0.016305312514305115,0.053215179717614074,0.1,0.5,0.0,0.0175438596491228
541010,mscoco,0.07809772950131447,0.18478050298053667,0.18770568296313286,0.4587714897000835,0.1,0.5,0.1,0.1666666666666666
140,drawbench,0.028570776188280432,0.09939930508866579,0.011822255188599229,0.04545497476688902,0.0,0.0,0.0,0.0
170558,mscoco,0.07260750811547041,0.19476634388536657,0.10454823970794677,0.2918070109519237,0.1,0.3333333333333333,0.2,0.3333333333333333
148267,mscoco,0.4858450412750244,0.7486913401479199,0.4456818521022797,0.7512227300898466,0.1,1.0,0.1,1.0
531896,mscoco,0.024878370622172952,0.07743363163205655,0.05468153688125312,0.13354195762616775,0.0,0.0769230769230769,0.1,1.0
153620,mscoco,0.13797305077314376,0.27211506145987713,0.08921202467754483,0.20861241391892196,0.1,0.125,0.1,0.25
450,mscoco,0.04622854292392731,0.15248367278582267,0.055808158963918685,0.14524839921876265,0.2,1.0,0.3,0.3333333333333333
186605,mscoco,0.04882048261351883,0.11049388879921104,0.03332380158826709,0.13531578838813446,0.1,1.0,0.1,0.25
188845,mscoco,0.022220270056277514,0.06435962500328046,0.01752597661688924,0.07568027814348961,0.0,0.0039682539682539,0.0,0.0333333333333333
442400,mscoco,0.005940176511649043,0.021630754136707637,0.004773319873493165,0.01990362928503061,0.0,0.0416666666666666,0.1,0.25
493416,mscoco,0.013832846190780401,0.055235909433901234,0.014341317350044847,0.054670738056505346,0.0,0.0069444444444444,0.1,0.5
239532,mscoco,0.012511588050983846,0.06801286659474942,0.010366624384187163,0.05474081999426819,0.0,0.0263157894736842,0.1,1.0
5862,mscoco,0.0345361583866179,0.10670832924712914,0.03446622677147389,0.12153968150581472,0.1,0.1428571428571428,0.3,1.0
194744,mscoco,0.15994471237063407,0.28947141252352626,0.12315022908151149,0.3292037482718544,0.1,0.5,0.2,0.1428571428571428
570512,mscoco,0.013146267854608595,0.05285964497518826,0.023668368626385928,0.0870016821346567,0.0,0.0666666666666666,0.1,1.0
18191,mscoco,0.015735788212623447,0.043026806636449144,0.01363683242816478,0.05169353256004517,0.1,0.1666666666666666,0.0,0.0833333333333333
346093,mscoco,0.21733469292521476,0.42054036752109286,0.295686237514019,0.536865906313065,0.3,0.3333333333333333,0.3,1.0
549978,mscoco,0.1164257999509573,0.24975250482495362,0.15045487955212594,0.3568791911770465,0.0,0.0833333333333333,0.3,0.5
114468,mscoco,0.09073932692408562,0.3023362230662386,0.0751388356089592,0.197505851557071,0.1,0.5,0.2,1.0
45490,mscoco,0.03809617711231113,0.12769839174164313,0.06434195637702941,0.19000628664881217,0.1,0.25,0.1,1.0
99701,mscoco,0.11657041814178229,0.27865957908906336,0.0862034116871655,0.22198051140290703,0.2,0.5,0.2,0.1666666666666666
228336,mscoco,0.079980780929327,0.24750747268591547,0.16543805003166198,0.3048924009623647,0.0,0.0625,0.3,0.5
442148,mscoco,0.08736429885029792,0.2784740534088065,0.10532210152596236,0.2782129416715582,0.3,1.0,0.2,1.0
155,drawbench,0.0089354258030653,0.030602453746412628,0.007293005613610149,0.024936895317724157,0.0,4.697702823319397e-05,0.0,0.000124254473161
539287,mscoco,0.1467149334028363,0.203306046599895,0.4213619977235794,0.6602036699940158,0.0,0.0588235294117647,0.6,1.0
151466,mscoco,0.062174290977418424,0.2049097129522089,0.10105976164340973,0.23833457063143068,0.1,1.0,0.3,0.25
329908,mscoco,0.18228712752461435,0.4343800567501425,0.2042967662215233,0.4194589833517793,0.2,0.3333333333333333,0.4,0.3333333333333333
384986,mscoco,0.023180579068139195,0.09442430508133959,0.026378758158534764,0.0834541639524728,0.0,0.0068493150684931,0.0,0.0111111111111111
444801,mscoco,0.07875924184918404,0.1791831209707479,0.11206074804067612,0.2977081640210845,0.1,0.125,0.5,0.5
223875,mscoco,0.026045487797819077,0.08989214548449359,0.031965227657929064,0.11406590609803852,0.0,0.04,0.1,1.0
84493,mscoco,0.046287708543241025,0.1345713833873617,0.05920499581843615,0.18499092314380403,0.4,1.0,0.4,1.0
484206,mscoco,0.12996849920600653,0.27554053493316255,0.1283881121315062,0.3027689283576113,0.1,0.3333333333333333,0.2,1.0
223869,mscoco,0.26953546404838563,0.587393894775592,0.3309700690209866,0.4491773695762514,0.3,0.5,0.5,1.0
13800,mscoco,0.08574935779906809,0.14244932479914907,0.20560333654284477,0.4786856556527781,0.2,0.1428571428571428,0.2,0.3333333333333333
62250,mscoco,0.0738058147020638,0.19704807538051758,0.06881936378777027,0.19907881823327603,0.1,0.5,0.2,0.3333333333333333
401092,mscoco,0.10809371322393417,0.2549892438522939,0.09355311058461666,0.2709361545401449,0.4,0.5,0.2,0.125
407626,mscoco,0.013028822594787926,0.04265706599918013,0.010219162562862039,0.03218427862610812,0.1,0.3333333333333333,0.0,0.0083333333333333
479866,mscoco,0.2632605731487274,0.5718454967105776,0.4414359420537949,0.6134210375988991,0.5,1.0,0.5,0.5
579247,mscoco,0.0158476525451988,0.054394763615864386,0.009968389105051757,0.04241065362293354,0.3,1.0,0.4,1.0
432832,mscoco,0.03815356241539121,0.10512545225859499,0.04193595908582211,0.19362781678477642,0.3,0.3333333333333333,0.4,1.0
297695,mscoco,0.006950604519806803,0.0187059158712746,0.008554270281456411,0.034144411238050114,0.1,0.1,0.1,1.0
440793,mscoco,0.0760702595114708,0.22174230774541873,0.23645365610718727,0.38851686159976884,0.1,1.0,0.1,1.0
484338,mscoco,0.1810868538916111,0.33346932657562006,0.17291463539004326,0.38069754415494494,0.1,0.1111111111111111,0.4,0.1428571428571428
28654,mscoco,0.1262470081448555,0.2540542939925871,0.11045761220157146,0.2527070750183079,0.2,0.5,0.0,0.0227272727272727
372580,mscoco,0.3038696549832821,0.4726958028651812,0.38118548393249513,0.5583943397970994,0.0,0.0222222222222222,0.0,0.0227272727272727
53802,mscoco,0.036193609982728955,0.12485633256717887,0.06021738909184933,0.15757906244168945,0.1,1.0,0.1,1.0
72792,mscoco,0.04326757937669754,0.15078908309288133,0.055065259151160714,0.1820434481911485,0.0,0.0263157894736842,0.0,0.0333333333333333
185844,mscoco,0.29988543316721916,0.594494928973866,0.2783150985836983,0.4416781648658482,0.1,0.1666666666666666,0.3,1.0
355347,mscoco,0.22692932412028313,0.37642118588680684,0.3871916107833385,0.6294725853584238,0.3,0.2,0.3,0.5
55237,mscoco,0.14853210225701333,0.40904508411179846,0.13002724666148424,0.22308860311057901,0.0,0.0344827586206896,0.0,0.0454545454545454
167910,mscoco,0.044801133871078494,0.12744921349884364,0.04696907978504896,0.1353631547782887,0.1,0.5,0.0,0.0166666666666666
398527,mscoco,0.07025984711945057,0.22753737010254832,0.0863768506795168,0.26376631558133384,0.2,1.0,0.5,1.0
484666,mscoco,0.023191674845293164,0.07231673645082298,0.020670040044933558,0.09169567410276813,0.1,0.5,0.1,1.0
399461,mscoco,0.05803007958456874,0.19663356227420417,0.0680110890418291,0.26703035387661117,0.1,0.5,0.2,1.0
71220,mscoco,0.08287777602672577,0.17385554704939596,0.10946112126111984,0.34494210635359,0.1,0.1666666666666666,0.7,1.0
430391,mscoco,0.21193546131253244,0.35319072986331834,0.2941461317241192,0.5831781372011636,0.6,1.0,0.4,1.0
81166,mscoco,0.13895311281085015,0.26306625932676764,0.24105075001716614,0.476824724826415,0.0,0.0769230769230769,0.2,0.5
11690,mscoco,0.2686797298491001,0.47540021931953647,0.4887214869260788,0.7670340250013852,0.3,0.5,0.6,1.0
74570,mscoco,0.1499032385647297,0.359792195036566,0.15321657061576843,0.32661326337019303,0.7,0.5,0.7,1.0
495609,mscoco,0.18162873890250922,0.44433359817517804,0.2288549557328224,0.41951135699337816,0.1,0.125,0.1,1.0
286874,mscoco,0.034719690680503845,0.09806614801264615,0.06246134527027607,0.15409125346877575,0.1,0.3333333333333333,0.1,1.0
310562,mscoco,0.6840918064117432,0.8637775278992383,0.6037669777870178,0.8413986906394437,0.7,1.0,0.6,1.0
49946,mscoco,0.30215032324194907,0.5829167575524389,0.22710634656250478,0.5746491786180271,0.1,1.0,0.1,1.0
546114,mscoco,0.08513063434511423,0.25264786295442526,0.12627260833978654,0.24834453036769888,0.4,1.0,0.5,0.5
229052,mscoco,0.03908652644604445,0.1234030585380374,0.03954134983941913,0.15117055355275816,0.1,1.0,0.1,0.3333333333333333
218294,mscoco,0.10305341389030218,0.2819148469722445,0.11802206337451934,0.3062810817697982,0.1,1.0,0.3,1.0
262235,mscoco,0.5626319147646427,0.7721318833196058,0.730945473909378,0.8600610708596876,0.6,1.0,1.0,1.0
53229,mscoco,0.09066104907542467,0.33089205426834484,0.12257959991693497,0.2475405182782532,0.3,1.0,0.8,0.5
447209,mscoco,0.010111151146702468,0.03473194178888176,0.010153213492594659,0.05676839199756958,0.2,1.0,0.1,0.3333333333333333
166096,mscoco,0.28916995972394943,0.47004496622195474,0.3193566232919693,0.5302879498019103,0.3,0.25,0.2,0.2
70363,mscoco,0.0159384538885206,0.053342560403332594,0.020485989889129995,0.05511577138362278,0.0,0.03125,0.1,0.1111111111111111
23355,mscoco,0.06158616356551647,0.18889919106306227,0.0712410967797041,0.19643520228923445,0.1,1.0,0.1,1.0
269886,mscoco,0.054515387304127215,0.17473497147293968,0.09168961383402348,0.21583309608088633,0.0,0.0185185185185185,0.2,0.125
237445,mscoco,0.06364399800077081,0.1980982483780389,0.1196438480168581,0.4019715056698676,0.0,0.0769230769230769,0.4,1.0
63835,mscoco,0.45574218928813937,0.6877639987813344,0.48296785056591035,0.5440429573748592,0.5,1.0,0.9,1.0
272255,mscoco,0.4701091945171356,0.5519667948584804,0.6216620206832886,0.8912150057895964,0.5,0.3333333333333333,0.3,1.0
373414,mscoco,0.04956918992102146,0.1619202839744013,0.077972580678761,0.1771732508093996,0.1,0.1111111111111111,0.5,1.0
466827,mscoco,0.32114618346095086,0.602888078973252,0.43003392070531843,0.5879027006488513,0.4,1.0,0.7,0.5
506026,mscoco,0.01621727249585092,0.06429305551376148,0.02560431226156652,0.07774251384240483,0.1,0.25,0.1,1.0
262145,mscoco,0.046283197775483134,0.1648001503662314,0.08968127444386483,0.2588164290202306,0.1,1.0,0.4,1.0
40210,mscoco,0.16148200817406178,0.37098033195898134,0.14225948844105005,0.3165433395580384,0.1,1.0,0.1,0.3333333333333333
281652,mscoco,0.06592090269550681,0.1845481244643895,0.06757576242089272,0.1922822325822267,0.2,1.0,0.2,1.0
280808,mscoco,0.09472190402448177,0.2946871039976426,0.10638994053006172,0.3128446361403033,0.0,0.05,0.2,0.1666666666666666
244549,mscoco,0.18492579683661461,0.32702081691422685,0.2005119301378727,0.4523639310451194,0.1,0.25,0.2,1.0
179504,mscoco,0.005215059383772314,0.019395602062397554,0.007636189658660442,0.022145120074279465,0.0,0.0769230769230769,0.1,0.1428571428571428
177353,mscoco,0.010573582956567407,0.03819553094971701,0.00880534602329135,0.036289438409219325,0.1,1.0,0.1,1.0
298830,mscoco,0.2998852889984846,0.6418868114765109,0.4983961910009384,0.7246766284364161,0.1,1.0,0.3,0.5
126182,mscoco,0.07813488133251667,0.2171973536849075,0.12178623899817467,0.33683507559269343,0.0,0.0208333333333333,0.1,0.125
112904,mscoco,0.10881267376244068,0.2370609762149533,0.1378558322787285,0.27179802904658046,0.0,0.0555555555555555,0.1,0.1666666666666666
211080,mscoco,0.023484447784721852,0.10165964146705449,0.04547246806323528,0.1305560606889505,0.0,0.027027027027027,0.5,1.0
526729,mscoco,0.17908502593636513,0.3327963510102365,0.17397982887923719,0.23453490694551815,0.2,0.25,0.1,0.1666666666666666
474180,mscoco,0.020718935457989574,0.07762109781970472,0.02569664567708969,0.08600036333829388,0.1,0.5,0.1,1.0
466083,mscoco,0.06374854519963265,0.20966410463331983,0.10136510822921992,0.34227031186521223,0.0,0.05,0.0,0.0285714285714285
154,drawbench,0.01033306827303022,0.03993962904684958,0.008118551096413285,0.032491062208750615,0.0,0.0,0.0,0.0
183805,mscoco,0.04243280778173357,0.10714131554226125,0.03770840410143137,0.18850169222838428,0.1,0.1,0.0,0.0263157894736842
185571,mscoco,0.045525423251092434,0.1448416937718943,0.05374480774626136,0.16377588459196332,0.1,0.5,0.1,1.0
27471,mscoco,0.24793408662080765,0.5287661035985022,0.3909354619681835,0.5071242818962364,0.3,1.0,0.2,0.5
21504,mscoco,0.01636027004569769,0.08583686043873506,0.03588183568790555,0.0950966186810469,0.1,1.0,0.1,0.1111111111111111
422676,mscoco,0.021848577726632356,0.10100537168406684,0.05507618607953191,0.12621165237162787,0.1,1.0,0.1,0.5
452930,mscoco,0.08205178948119282,0.2191552741824489,0.10591656640172005,0.24809229938603553,0.0,0.0625,0.2,0.3333333333333333
473500,mscoco,0.13015833273530006,0.3018565024547521,0.059587249625474216,0.2058296161647898,0.1,0.5,0.1,0.1428571428571428
32708,mscoco,0.07072054892778397,0.18884314921856596,0.1383994437754154,0.3161229115723914,0.2,0.1666666666666666,0.4,1.0
578255,mscoco,0.09146685842424632,0.33124645010293857,0.17863144129514694,0.4292228847886833,0.1,0.3333333333333333,0.1,1.0
249792,mscoco,0.020989843038842083,0.08718267123850415,0.030393473198637368,0.0972125005315917,0.1,1.0,0.1,1.0
188795,mscoco,0.5294190235435963,0.779573489594582,0.5717381834983826,0.730429920466456,0.3,1.0,0.5,0.3333333333333333
299205,mscoco,0.011026074131950735,0.046802594695962506,0.013968939427286386,0.0506696289479739,0.1,1.0,0.2,1.0
404406,mscoco,0.09941707700490951,0.32355697696825314,0.08524883035570383,0.3025725695654144,0.1,1.0,0.1,1.0
145690,mscoco,0.05595454704016447,0.19322219244167857,0.07747548492625356,0.34239500163549724,0.0,0.0277777777777777,0.1,1.0
400332,mscoco,0.038010947918519375,0.13744754525596906,0.054168959893286225,0.17836067835888827,0.2,0.25,0.2,1.0
202810,mscoco,0.1057780671864748,0.325538330005879,0.11703913658857346,0.23692780224186433,0.2,0.2,0.1,0.125
52,drawbench,0.011271504522301256,0.032321165205856456,0.012598913954570889,0.04485017622365921,0.0,0.0,0.0,0.0
225700,mscoco,0.06541616562753916,0.17240054265637944,0.10410102549940348,0.21094696388067008,0.1,0.1428571428571428,0.2,0.25
273106,mscoco,0.15289707779884337,0.2973262993860711,0.25609447434544563,0.41064218046909223,0.0,0.0263157894736842,0.0,0.0588235294117647
394840,mscoco,0.031176163512282074,0.13712994916567425,0.03620545156300068,0.14821033255046026,0.1,1.0,0.2,1.0
323810,mscoco,0.13655266631394625,0.32921573718262565,0.11645083539187909,0.35683611098789536,0.5,1.0,0.5,1.0
174892,mscoco,0.08539680689573288,0.2566867186327722,0.09943996220827103,0.2500990678375802,0.4,0.1428571428571428,0.2,0.1666666666666666
365507,mscoco,0.550597506761551,0.7132882397514649,0.6705132246017456,0.8359435813881975,0.4,0.25,0.7,1.0
531963,mscoco,0.0561333036981523,0.15942875288133937,0.10131655000150204,0.2135500301341671,0.0,0.0555555555555555,0.1,0.1428571428571428
214127,mscoco,0.30588288232684135,0.6026360906499888,0.3942315183579922,0.584146798465913,0.2,0.3333333333333333,0.2,0.1111111111111111
230991,mscoco,0.1544821161776781,0.373184456275393,0.2407163754105568,0.5537159375678915,0.1,1.0,0.6,1.0
552962,mscoco,0.1539663068950176,0.39696282291945956,0.19767906814813613,0.33298899544434635,0.1,1.0,0.1,0.1111111111111111
534565,mscoco,0.4205891065299511,0.541496558626371,0.45944683700799943,0.5137853494945592,0.8,1.0,0.7,1.0
423647,mscoco,0.14550322853028774,0.2797445065928199,0.1435550983995199,0.3744515706604193,0.2,0.1666666666666666,0.3,0.5
48,drawbench,0.024431639537215232,0.08215768204527385,0.0345005689188838,0.08612993545436147,0.0,0.0,0.0,0.0
50480,mscoco,0.06018271241337061,0.17776670721384613,0.0733897153288126,0.18536577105310584,0.0,0.0089285714285714,0.1,0.125
138768,mscoco,0.10350799299776554,0.24547539322524248,0.13538068160414696,0.3292726928409255,0.2,0.5,0.1,0.25
480482,mscoco,0.04273934029042721,0.1261360965607631,0.03368079373613,0.104825654752076,0.1,0.5,0.1,0.5
150024,mscoco,0.03998265583068132,0.14465833094806183,0.051894912123680116,0.15510731079974965,0.2,0.5,0.2,1.0
94793,mscoco,0.01831931886263192,0.05639442446925799,0.026342457998543976,0.10228675940569862,0.0,0.04,0.2,1.0
378313,mscoco,0.042761248722672465,0.14356642001759656,0.05010092332959175,0.1419353759426868,0.0,0.0021231422505307,0.1,1.0
504921,mscoco,0.790824156999588,0.9631222725904299,0.7963758915662765,0.9285530702039758,1.0,1.0,1.0,1.0
292116,mscoco,0.07010472733527422,0.2183807948621745,0.12107402384281159,0.2970520480526265,0.0,0.0084033613445378,0.1,1.0
109012,mscoco,0.17858673632144928,0.428544057415352,0.23711905181407927,0.4062448456510589,0.4,1.0,0.8,0.5
504657,mscoco,0.19716127179563045,0.2828645489113648,0.4268484503030777,0.5383533726096675,0.2,0.1428571428571428,0.9,1.0
72850,mscoco,0.23396361880004407,0.4698006936478985,0.24885311350226402,0.3724304093735237,0.0,0.0434782608695652,0.4,1.0
273316,mscoco,0.2046370968222618,0.5104935693457565,0.29506404250860213,0.5756942056685339,0.3,1.0,0.3,1.0
354261,mscoco,0.02017865818925202,0.05476983462202976,0.02593842027708888,0.08895431928725586,0.0,0.0909090909090909,0.0,0.0833333333333333
54437,mscoco,0.0871396653354168,0.2198388818699269,0.08495372049510479,0.23879186705280553,0.5,1.0,0.1,0.1666666666666666
249251,mscoco,0.07683812715113163,0.18249417902976156,0.06070630494505167,0.156042695154708,0.2,0.5,0.1,0.5
99747,mscoco,0.04952120278030634,0.11945268229745531,0.05220865700393915,0.1274564654568521,0.6,0.5,0.6,1.0
23976,mscoco,0.035633014515042305,0.10302858947962777,0.03679488375782967,0.1154086962167582,0.1,0.3333333333333333,0.3,0.2
295295,mscoco,0.5183302387595177,0.8076815796720963,0.5790692090988159,0.642368214761229,0.3,0.25,0.4,0.3333333333333333
32712,mscoco,0.18665296994149685,0.2775332036450349,0.3452230393886566,0.461563051895491,0.0,0.0625,0.1,0.125
4616,mscoco,0.00494973665336147,0.023914552096773185,0.016778756072744726,0.05703885137797177,0.1,0.5,0.1,1.0
529096,mscoco,0.06706401333212852,0.17089401875175353,0.07205327050760388,0.18690638813590899,0.1,1.0,0.2,1.0
537349,mscoco,0.022924506664276124,0.07270335129543072,0.02363376021385193,0.09986461747564737,0.0,0.0625,0.0,0.0434782608695652
367853,mscoco,0.31270020827651024,0.577215361194718,0.28968371674418447,0.5854830850572474,0.2,1.0,0.5,1.0
323231,mscoco,0.006929065892472863,0.025765656459513255,0.007926762476563454,0.02713232406098566,0.0,0.003076923076923,0.1,0.125
385317,mscoco,0.39605409782379863,0.7074700998652519,0.3892101436853409,0.4647306548852571,0.3,0.3333333333333333,0.1,1.0
284192,mscoco,0.01813346503768116,0.0576699189931501,0.01850301553495228,0.06946487239322896,0.1,1.0,0.1,1.0
384790,mscoco,0.26222429871559144,0.49304531874720087,0.2041566524654627,0.4774817195503656,0.0,0.0769230769230769,0.0,0.0384615384615384
237758,mscoco,0.17091300934553147,0.37035560970009024,0.1495582029223442,0.29674039402031516,0.4,1.0,0.5,0.25
201134,mscoco,0.024995630932971837,0.18370422686912843,0.03131773842032999,0.11601122442149883,0.1,1.0,0.1,0.5
33,drawbench,0.042816569190472366,0.145696853591827,0.08099738098680972,0.26649211367024367,0.0,0.0,0.0,0.0
220118,mscoco,0.07586615290492774,0.18679937717009235,0.08347284253686667,0.23020261850754098,0.0,0.0169491525423728,0.1,1.0
182118,mscoco,0.010403836402110756,0.0357007300168568,0.009131632675416768,0.02956526515527371,0.0,0.0076923076923076,0.1,1.0
101569,mscoco,0.12015361674129962,0.34862197237614245,0.18903988748788833,0.3243507794918611,0.2,1.0,0.3,0.5
111754,mscoco,0.3843552939593792,0.4308527946292904,0.5724422425031662,0.7568270038559713,0.2,0.2,0.8,1.0
209920,mscoco,0.04583884160965681,0.12574139910066687,0.035825271345674994,0.11252847142116298,0.0,0.0333333333333333,0.1,0.1666666666666666
534426,mscoco,0.1074176486581564,0.4056234578200674,0.14365770816802978,0.330487235328843,0.1,0.125,0.4,0.5
165298,mscoco,0.0620578370988369,0.1679439076917481,0.0753255259245634,0.1986968580341568,0.1,0.1666666666666666,0.0,0.0833333333333333
289007,mscoco,0.05679312963038683,0.1600472585655489,0.043739544972777364,0.15583164223694734,0.0,0.0625,0.1,1.0
11796,mscoco,0.014710962725803255,0.04438361767772069,0.01431905347853899,0.048642941686321946,0.1,0.5,0.1,1.0
537135,mscoco,0.08303607422858476,0.22218251570446734,0.0706192416138947,0.30944792315822167,0.1,0.5,0.2,1.0
120977,mscoco,0.1537642527371645,0.37692671174728115,0.08636239096522332,0.2584896735953554,0.1,0.5,0.1,0.25
259103,mscoco,0.15410708338022233,0.3354450852159652,0.11174330897629262,0.25281065617651666,0.0,0.0357142857142857,0.1,0.5
49073,mscoco,0.2935345698148012,0.44618173611822937,0.3644281506538391,0.5660145621839643,0.0,0.00074294205052,0.0,0.0049261083743842
387855,mscoco,0.018991458951495586,0.07992896299789351,0.026433501206338406,0.08533934607848451,0.0,0.0050251256281407,0.1,0.5
252549,mscoco,0.025352238584309815,0.08835292163645787,0.025190467992797495,0.09134545227269056,0.1,0.25,0.1,0.5
506232,mscoco,0.11192845180630684,0.3232309569390402,0.1550589267164469,0.35846449475017783,0.1,1.0,0.4,1.0
178876,mscoco,0.5783194571733474,0.6764844110945722,0.6453215777873993,0.7995726712047032,0.1,0.1,0.1,1.0
98709,mscoco,0.04751273249275982,0.1618511210044346,0.07641403507441283,0.14915127465985126,0.2,0.3333333333333333,0.5,1.0
83328,mscoco,0.05378022063523531,0.17891246187472723,0.13439183197915555,0.3399012659525063,0.1,0.1,0.2,1.0
467180,mscoco,0.008691767184063792,0.03386468134890799,0.020475591253489255,0.07140956450993478,0.2,1.0,0.0,0.0833333333333333
362244,mscoco,0.1735403798520565,0.4359183324193702,0.1710458517074585,0.3526434018830171,0.3,1.0,0.1,0.1428571428571428
382182,mscoco,0.14013156872242688,0.2850338197121431,0.15982532165944577,0.6164293860712164,0.2,0.3333333333333333,0.3,1.0
79545,mscoco,0.20253225341439246,0.44468482732590997,0.22697077542543412,0.39400019163112093,0.0,0.0909090909090909,0.2,0.1666666666666666
516233,mscoco,0.011650123703293502,0.04252988438431088,0.013413134519942105,0.05190943242038072,0.1,0.3333333333333333,0.1,1.0
544127,mscoco,0.06642650719732046,0.1731795802210145,0.08519158810377121,0.20315517677973774,0.1,0.5,0.1,0.1428571428571428
97734,mscoco,0.020301829650998117,0.06223140534056709,0.029610967449843883,0.09010997668893904,0.2,0.5,0.4,1.0
29752,mscoco,0.08882265966385602,0.17911998131446402,0.22722934186458588,0.3240223287548931,0.1,0.5,0.1,1.0
412491,mscoco,0.0093013382749632,0.037685649281906874,0.008259355346672237,0.029004801824796908,0.1,0.3333333333333333,0.0,0.0526315789473684
111,drawbench,0.12426419518887996,0.2876048027327412,0.12651751823723317,0.27806787459576693,0.1,0.3333333333333333,0.0,0.0052910052910052
354929,mscoco,0.0031725302338600158,0.0071849076490441855,0.0023738692223560067,0.008717187447483976,0.1,0.25,0.1,1.0
558242,mscoco,0.17965396195650102,0.427717736613037,0.3088447190821171,0.4938682504235501,0.0,0.0416666666666666,0.1,0.25
462129,mscoco,0.05935275619849563,0.14616229251844604,0.07919476218521596,0.3118624281174401,0.0,0.0065359477124183,0.0,0.0555555555555555
462925,mscoco,0.09004051443189383,0.34071288706843006,0.12271793317049742,0.5890303786329916,0.3,0.5,0.3,1.0
45343,mscoco,0.015257901092991234,0.044711540855127276,0.014979017712175847,0.05223666776400096,0.1,1.0,0.1,1.0
538299,mscoco,0.0794152008369565,0.250171845726261,0.09176055192947388,0.21805672160033962,0.1,1.0,0.2,0.2
245002,mscoco,0.41890057623386384,0.6456058080135696,0.5712891578674316,0.6554825485412215,0.6,0.3333333333333333,0.9,1.0
259414,mscoco,0.038236832991242406,0.135739690500113,0.04048546906560659,0.131928099699696,0.0,0.0131578947368421,0.0,0.0147058823529411
130314,mscoco,0.09800320118665695,0.35676524376050844,0.10672825127840042,0.37002891062134274,0.1,1.0,0.1,1.0
544120,mscoco,0.04332384178414941,0.10742114038063026,0.03079126849770546,0.13066970007807294,0.0,0.0062111801242236,0.0,0.04
196510,mscoco,0.10760272983461619,0.4234131854445856,0.10323477648198605,0.3925221304191001,0.0,0.0172413793103448,0.0,0.0333333333333333
226197,mscoco,0.12145037576556206,0.2537523783356123,0.2546640247106552,0.4800399587500223,0.0,0.05,0.2,0.2
500568,mscoco,0.062017402797937396,0.15787555572630194,0.06805024081841111,0.2671997369855935,0.1,0.125,0.1,1.0
351149,mscoco,0.08341070599853992,0.22771967632991205,0.10021543968468904,0.3075938923115916,0.0,0.0416666666666666,0.0,0.0769230769230769
298600,mscoco,0.028286641323938967,0.08075380240611728,0.043627412244677546,0.12341956420718708,0.0,0.024390243902439,0.3,1.0
434027,mscoco,0.4601560980081558,0.5823131803259871,0.5091856390237808,0.7527457100361896,0.0,0.037037037037037,0.2,1.0
116851,mscoco,0.09825957417488099,0.23670887343396707,0.11542987413704395,0.25984713673251997,0.4,1.0,0.5,1.0
364567,mscoco,0.3914657782763243,0.6861390826694626,0.6609277963638306,0.8183592587304439,0.2,0.3333333333333333,0.6,1.0
363957,mscoco,0.0612526161596179,0.20280237227911022,0.06250288430601358,0.20229814396175147,0.8,1.0,0.9,1.0
568974,mscoco,0.007359305024147033,0.027820241913745918,0.016812075721099974,0.06303260996455462,0.0,0.0059523809523809,0.1,1.0
223739,mscoco,0.03007010193541646,0.1632808155164871,0.04464121274650097,0.17368909178312197,0.0,0.0588235294117647,0.0,0.0833333333333333
59171,mscoco,0.7063241183757782,0.9054492193550098,0.8294615030288697,0.9529091823207403,0.7,1.0,0.9,1.0
521218,mscoco,0.23420501872897148,0.42252249524705404,0.2819597370922565,0.46025449706399735,0.4,1.0,0.8,1.0
367329,mscoco,0.27302242144942285,0.5793704067790049,0.30864983424544334,0.6486144958536915,0.1,0.25,0.4,1.0
352061,mscoco,0.07492184601724147,0.23163331300160403,0.10766909345984459,0.30069720990549337,0.2,0.125,0.2,1.0
484636,mscoco,0.12914441488683223,0.3171993728929209,0.12077651247382164,0.35218609730743905,0.1,0.1428571428571428,0.1,1.0
264461,mscoco,0.0608740346506238,0.139805671420194,0.1659705640748143,0.4240317837876376,0.0,0.0085470085470085,0.0,0.0384615384615384
148165,mscoco,0.009154665004462003,0.04006602109056523,0.010349971381947399,0.03863909947724746,0.1,1.0,0.0,0.024390243902439
429593,mscoco,0.053848495706915855,0.1343387674196959,0.04381928127259016,0.13764471513983978,0.1,0.5,0.1,1.0
15757,mscoco,0.060087593458592894,0.171159851040348,0.12287820167839528,0.3301174254879405,0.0,0.0153846153846153,0.1,0.1111111111111111
37032,mscoco,0.03372828224673867,0.1035780233347222,0.41184052228927615,0.6766176141628758,0.0,0.0769230769230769,0.9,1.0
99515,mscoco,0.03219445748254657,0.14600457918495405,0.050932539720088245,0.19670938476083158,0.0,0.0022573363431151,0.0,0.0769230769230769
501624,mscoco,0.31423203125596044,0.4055577805333174,0.2900131955742836,0.40836467190500797,0.7,1.0,0.8,1.0
91780,mscoco,0.004164900677278638,0.01872176088138269,0.004841584921814501,0.018975635492839506,0.1,0.5,0.1,0.5
473195,mscoco,0.054655258823186156,0.11275031050042546,0.04224997078999877,0.17760457009916886,0.0,0.0010111223458038,0.0,0.0059171597633136
200241,mscoco,0.03233060818165541,0.09627338740408312,0.03187086740508675,0.10119724913162052,0.1,1.0,0.1,1.0
20966,mscoco,0.08469227589666843,0.26589935672081677,0.06824390292167663,0.23182389531862865,0.4,0.25,0.5,1.0
477005,mscoco,0.2230121098458767,0.3578045671004134,0.12482101088389755,0.24343600711242347,0.4,0.5,0.6,1.0
568281,mscoco,0.021410790085792542,0.07231285414968704,0.03195907678455114,0.14592757429936165,0.1,0.25,0.1,0.1428571428571428
289075,mscoco,0.017298590485006572,0.05697131313186951,0.03865394885651767,0.1131932584147466,0.1,1.0,0.1,1.0
315211,mscoco,0.023752902261912824,0.09008015369176754,0.02130946284160018,0.08188785766482762,0.1,1.0,0.1,1.0
370763,mscoco,0.034677368588745594,0.11566122568408846,0.04365515895187855,0.14041265282141852,0.1,1.0,0.4,1.0
245337,mscoco,0.33767340034246446,0.6456853892057386,0.4120824098587036,0.6194388054695599,0.3,1.0,0.2,0.5
359085,mscoco,0.020670397533103825,0.08782887795975228,0.028497556410729884,0.0993927637786164,0.1,1.0,0.1,1.0
151956,mscoco,0.10120292752981186,0.21852335956615718,0.10568853989243507,0.22332529762671274,0.2,0.3333333333333333,0.2,1.0
442666,mscoco,0.05342638622969389,0.16342799694510904,0.06494415309280158,0.16204513265150886,0.0,0.0833333333333333,0.1,0.1111111111111111
139214,mscoco,0.14460305422544478,0.28297296453914844,0.17418682128190993,0.3504191447834374,0.2,0.1666666666666666,0.2,0.5
112586,mscoco,0.055693645402789115,0.16603901890133377,0.047335852030664684,0.15513849316445366,0.6,1.0,0.3,1.0
277080,mscoco,0.36645789779722693,0.603602827134041,0.45933292210102084,0.7793840283370783,0.5,0.5,0.4,0.5
497261,mscoco,0.03846471421420574,0.12165771709026531,0.054751104302704336,0.14225520886416304,0.0,0.032258064516129,0.0,0.024390243902439
421314,mscoco,0.10704436246305704,0.18770185358591512,0.1315040100365877,0.32778500031953245,0.3,0.1428571428571428,0.1,1.0
9288,mscoco,0.1948104403913021,0.46335610089311086,0.25177082419395447,0.5686422774582665,0.7,1.0,0.6,1.0
249587,mscoco,0.12203948311507702,0.2630396363429705,0.20297979414463044,0.41329284963630997,0.2,0.5,0.3,0.25
169179,mscoco,0.2694322310388088,0.4052423622825531,0.39607570208609105,0.6593643194501434,0.2,0.1111111111111111,0.4,0.2
446521,mscoco,0.042497186362743376,0.14570992786616832,0.04133817683905363,0.1447523141792426,0.0,0.0109890109890109,0.0,0.05
203098,mscoco,0.10474675558507443,0.26100851463220687,0.11579573228955269,0.3219894487935726,0.6,1.0,1.0,1.0
83102,mscoco,0.09877251423895358,0.2692776178958581,0.11159017607569695,0.331480132383404,0.1,0.1428571428571428,0.0,0.0909090909090909
105,drawbench,0.016031350009143353,0.0600176760407118,0.08384314831346273,0.2348134895766329,0.0,0.0175438596491228,0.0,0.0769230769230769
254989,mscoco,0.07712009884417056,0.2022053148916198,0.1045498475432396,0.2838167949075835,0.3,0.25,0.4,1.0
474528,mscoco,0.1089084317907691,0.27597851489162994,0.0995732681825757,0.2288412262460933,0.1,0.125,0.1,0.25
523546,mscoco,0.019855038379319012,0.11423967791202203,0.03083279696293175,0.13300927376416238,0.1,1.0,0.1,1.0
371256,mscoco,0.03301722621545196,0.12065595540018267,0.022675721347332,0.07131148214893153,0.2,1.0,0.1,0.25
444453,mscoco,0.03132547782734037,0.14136163276847657,0.0304380236659199,0.13996247185927368,0.1,1.0,0.1,1.0
127515,mscoco,0.0959324050694704,0.23368314785773622,0.08623315133154393,0.21201979014476785,0.0,0.015625,0.0,0.0909090909090909
15667,mscoco,0.5082545846700668,0.6385023864447729,0.5800369828939438,0.6972809187003318,0.5,0.5,0.8,1.0
525851,mscoco,0.059348199516534805,0.17127026961390415,0.05385051043704152,0.20800092014978622,0.7,1.0,0.4,1.0
63777,mscoco,0.08757416605949402,0.18512069960190078,0.10620220303535462,0.2632006542694158,0.1,1.0,0.1,0.125
247422,mscoco,0.024624289642088116,0.08655527244288629,0.017761346558108924,0.07347767662361518,0.2,0.5,0.1,1.0
227724,mscoco,0.03522749533876777,0.11060205590570191,0.03389371950179339,0.09959120338443914,0.0,0.0344827586206896,0.1,0.1428571428571428
419828,mscoco,0.022791685932315887,0.14331134364312256,0.025104377255775034,0.14833396603810176,0.1,1.0,0.1,1.0
123166,mscoco,0.20674876347184182,0.3083568420788376,0.2542346496134996,0.5700848639516845,0.0,0.0285714285714285,0.1,0.5
146236,mscoco,0.010699586477130651,0.028815756337905365,0.012297527864575386,0.04962708312965182,0.1,0.1111111111111111,0.1,0.25
264406,mscoco,0.05148098729550839,0.1477185168985081,0.06041358932852745,0.15194928682841138,0.2,0.5,0.2,1.0
311709,mscoco,0.11619025282561779,0.2871112459580094,0.12323539666831493,0.39199622317795285,0.1,1.0,0.5,1.0
54086,mscoco,0.04753018133342266,0.14435409030559368,0.05910682491958141,0.2208614942078891,0.0,0.015625,0.0,0.0042918454935622
124729,mscoco,0.1941028468310833,0.41367103486487755,0.2449529616162181,0.6211854555899171,0.9,1.0,0.8,1.0
521334,mscoco,0.054384352453052995,0.18109829367253966,0.05618583783507347,0.14623360746881855,0.1,0.25,0.1,0.5
400309,mscoco,0.011905472399666906,0.04436278583103886,0.01706578186713159,0.0645579883715999,0.0,0.0625,0.1,1.0
385601,mscoco,0.05791554171591997,0.17320432059829335,0.06760967746376992,0.2347079133074493,0.4,0.5,0.5,1.0
39978,mscoco,0.1428831670433283,0.2873928931539177,0.1570707991719246,0.35920389714824424,0.3,0.25,0.3,1.0
444949,mscoco,0.07633253037929535,0.2698558566982834,0.07995026521384715,0.216748454526348,0.1,0.3333333333333333,0.1,0.2
428178,mscoco,0.11026866994798183,0.29069289828125705,0.0657345972955227,0.19313006808884986,0.0,0.0069930069930069,0.0,0.0131578947368421
120416,mscoco,0.544962079077959,0.7016271062702795,0.44213628172874453,0.6293225818649499,0.6,1.0,0.8,1.0
52281,mscoco,0.11562722995877266,0.2548365052922937,0.1591947168111801,0.2946849257737111,0.1,0.125,0.2,0.3333333333333333
187592,mscoco,0.059959542006254196,0.15261981116682083,0.05987971238791943,0.18566879336523662,0.2,0.25,0.3,1.0
98478,mscoco,0.006407002778723836,0.025780499522969295,0.00952998143620789,0.036520673290376324,0.1,0.1428571428571428,0.1,1.0
471599,mscoco,0.011710351961664856,0.04904315627997356,0.015059708477929234,0.052784552742722306,0.1,0.1666666666666666,0.2,1.0
136232,mscoco,0.11154673025012016,0.27832823258752726,0.15210835002362727,0.3052137597571689,0.0,0.0555555555555555,0.0,0.0833333333333333
270740,mscoco,0.19594104699790477,0.3807443614730253,0.3579911604523659,0.5522598966410208,0.1,1.0,0.5,0.3333333333333333
310536,mscoco,0.21196173802018164,0.5354617491111936,0.40516995936632155,0.7611582014847647,0.2,1.0,0.4,0.5
469515,mscoco,0.0223893903195858,0.0751046785428414,0.031303999794181435,0.10203890175443255,0.0,0.0032051282051282,0.1,0.3333333333333333
251252,mscoco,0.08004552293568849,0.18451687389153043,0.1766975440084934,0.4773618725833675,0.2,0.2,0.4,1.0
560646,mscoco,0.2085595279932022,0.370615868955235,0.24729747027158738,0.5371297661796937,0.6,1.0,1.0,1.0
36029,mscoco,0.04462366914376616,0.12440074388257091,0.07137066535651684,0.19403000324890582,0.1,0.5,0.1,1.0
302216,mscoco,0.10389042384922505,0.23212333107368152,0.14053231701254845,0.3431469170657267,0.1,0.3333333333333333,0.3,1.0
178156,mscoco,0.03902389267459512,0.11499425813908383,0.023232382861897348,0.07023745343492042,0.0,0.0022573363431151,0.0,0.0135135135135135
535604,mscoco,0.21574662402272224,0.4811910753852448,0.08213665653020144,0.24418517341471754,0.6,1.0,0.3,0.5
462577,mscoco,0.24962072521448136,0.35453050584249735,0.2559059731662273,0.4469618338478339,0.0,0.0666666666666666,0.4,0.5
360585,mscoco,0.24327357336878777,0.4281914809025398,0.3307457484304905,0.6101848508638578,0.4,0.25,0.6,0.5
336764,mscoco,0.09383358359336853,0.22475566826747959,0.10126170888543129,0.23725979079097245,0.0,0.0128205128205128,0.1,0.1111111111111111
277237,mscoco,0.0627865569666028,0.17782200037778578,0.0633441261947155,0.19941569379104931,0.1,0.1666666666666666,0.2,0.5
11326,mscoco,0.023035925906151535,0.0819348985235,0.030187461525201797,0.08836718956859815,0.1,0.5,0.1,1.0
243443,mscoco,0.1011043481528759,0.2909704909219488,0.06326198931783437,0.19128802427069333,0.2,0.1666666666666666,0.3,0.25
97724,mscoco,0.1774662371724844,0.4867705053169775,0.3494774118065834,0.500533900591724,0.0,0.0555555555555555,0.3,0.5
248753,mscoco,0.03235890027135611,0.09473415109204496,0.018738743849098682,0.07584851233654834,0.0,0.0277777777777777,0.0,0.0095238095238095
331676,mscoco,0.0964409438893199,0.16866292718313514,0.3764125220477581,0.8667039712825071,0.0,0.0217391304347826,0.1,1.0
169500,mscoco,0.05298755057156086,0.15460583946731626,0.08022955749183894,0.22279205326994858,0.1,0.125,0.2,1.0
475035,mscoco,0.2524867556989193,0.652937875792915,0.22283447571098805,0.42530123843366013,0.2,0.1428571428571428,0.3,0.3333333333333333
383923,mscoco,0.38224089443683623,0.4336450222549254,0.34523382782936096,0.6451702979369743,0.4,0.2,0.4,1.0
330229,mscoco,0.023901067301630975,0.09184259305298575,0.03758465955033898,0.1301399584332793,0.0,0.0476190476190476,0.3,1.0
259421,mscoco,0.24823406171053647,0.4509221478030324,0.2592632181942463,0.5662576420234033,0.1,1.0,0.1,0.2
453558,mscoco,0.03244660617783666,0.11428306488186984,0.045599477179348466,0.1467923687649751,0.1,0.1428571428571428,0.1,1.0
47632,mscoco,0.023925335332751273,0.08836393038125263,0.019871352659538388,0.08070235115353981,0.0,0.0909090909090909,0.1,0.5
556406,mscoco,0.13866422437131404,0.38282034446809526,0.211638505756855,0.40103588245268057,0.4,1.0,0.4,0.3333333333333333
205563,mscoco,0.3122316010296345,0.5599003023063922,0.2836152143776417,0.48029130857535635,0.5,0.25,0.2,1.0
358287,mscoco,0.21574398800730704,0.5904705631304182,0.17576812207698822,0.36994840302993703,0.1,0.1428571428571428,0.3,0.5
172727,mscoco,0.03587850173935294,0.12474179099572362,0.04325647931545973,0.13349178177703705,0.1,1.0,0.1,1.0
274148,mscoco,0.1516016598790884,0.36392908149416764,0.18423718959093094,0.4609987117615313,0.0,0.0147058823529411,0.2,0.125
395957,mscoco,0.029134975653141736,0.0987070625626747,0.02908159075304866,0.09894912974170934,0.0,0.0555555555555555,0.2,0.5
27656,mscoco,0.12680725902318954,0.287774119906629,0.20749556496739388,0.35920472985301266,0.5,1.0,0.9,1.0
535663,mscoco,0.18014382869005202,0.3146750391875243,0.21031343191862106,0.4316798016601247,0.3,0.3333333333333333,0.3,0.3333333333333333
59012,mscoco,0.0800133615732193,0.20750439287275999,0.16372657790780068,0.3335308641246576,0.1,0.5,0.1,1.0
338732,mscoco,0.010888807638548315,0.046143527142119334,0.012026044237427414,0.053620924805261795,0.1,1.0,0.1,1.0
34800,mscoco,0.09388338746502996,0.20032650443304154,0.1449205458164215,0.40155307595920875,0.0,0.027027027027027,0.3,0.5
78290,mscoco,0.11680954918265343,0.2603754164383894,0.1776448518037796,0.4096102672421924,0.0,0.0028328611898017,0.1,0.1428571428571428
34235,mscoco,0.14629064984619616,0.2923297747210897,0.17369389459490775,0.2931116266301894,0.0,0.0344827586206896,0.1,0.5
149993,mscoco,0.3027842342853546,0.4654271573765749,0.282729409635067,0.5673893416152977,0.1,0.1666666666666666,0.2,1.0
92,drawbench,0.08345816098153591,0.2088289278980239,0.0782242227345705,0.20047240838645358,0.0,0.0769230769230769,0.0,0.0019920318725099
289739,mscoco,0.031602809228934346,0.0925008060055312,0.03704460323788226,0.11810281348174248,0.1,0.1,0.0,0.0217391304347826
11,drawbench,0.3350800357758999,0.6278697599427331,0.12118048667907715,0.32587331322352114,0.0,1.886863655232273e-05,0.0,1.9478748685184465e-05
394681,mscoco,0.04886473873630166,0.15047863910274734,0.05453434158116579,0.12515849655291464,0.1,0.3333333333333333,0.1,0.1428571428571428
404984,mscoco,0.1631671030074358,0.3503866536701843,0.16852534469217062,0.326937520466092,0.0,0.003831417624521,0.0,0.0095238095238095
95777,mscoco,0.10524235218763352,0.23286934406693402,0.14473742954432964,0.3238387033972798,0.2,0.5,0.2,0.25
516158,mscoco,0.03761068740859628,0.14622905708106157,0.10048488210886716,0.21819492504814542,0.0,0.015625,0.1,0.25
223569,mscoco,0.31852363646030424,0.4130276801466427,0.5344279825687408,0.6982822966840662,0.1,1.0,0.3,1.0
107782,mscoco,0.15440409472212197,0.293874477054838,0.11197523362934589,0.21780558254837476,0.1,0.25,0.4,0.5
98881,mscoco,0.0019277193758171051,0.009777006208501653,0.0023120023775845765,0.010302585347061242,0.1,1.0,0.1,1.0
94045,mscoco,0.28922181129455565,0.3493175662009849,0.43957007229328154,0.6573649637389021,0.3,0.3333333333333333,1.0,1.0
498015,mscoco,0.010850062966346741,0.051654326410069604,0.010587343038059771,0.03342626193462933,0.1,1.0,0.0,0.0526315789473684
451172,mscoco,0.009895765595138073,0.030099671738859638,0.008903084514895455,0.04018560066695808,0.1,0.3333333333333333,0.1,1.0
535211,mscoco,0.018159602861851455,0.07019202949477198,0.03139262069016695,0.11372143147370109,0.1,0.25,0.1,0.5
18476,mscoco,0.0268119134940207,0.12106278878086285,0.0303275465965271,0.11628344834215643,0.1,1.0,0.1,1.0
275930,mscoco,0.049122605565935375,0.11927170249019929,0.07242695223540067,0.20142154156781444,0.0,0.0833333333333333,0.1,1.0
507434,mscoco,0.003884645231300965,0.015543705018848275,0.0010864722418773454,0.004227497763824402,0.1,0.25,0.0,0.0020366598778004
29122,mscoco,0.043275780975818634,0.1191617987875158,0.059024947416037324,0.20901561841018584,0.0,0.0769230769230769,0.1,1.0
116204,mscoco,0.22828256338834763,0.4084509660262981,0.23506317138671876,0.3419670978654023,0.4,1.0,0.4,0.5
274815,mscoco,0.1775630995631218,0.3988676387372772,0.11321337856352329,0.32180208216219497,0.2,0.25,0.1,0.3333333333333333
507215,mscoco,0.04184833914041519,0.12208102470410119,0.03961548171937466,0.15053970369859024,0.4,0.25,0.2,0.5
559658,mscoco,0.030874183773994444,0.10479107851600326,0.03789777625352144,0.10819127865841503,0.4,0.3333333333333333,0.5,0.5
344157,mscoco,0.9669021785259246,0.9902236166384869,0.9793403327465058,0.9922114772812235,1.0,1.0,1.0,1.0
327768,mscoco,0.0926283910870552,0.22921435065560133,0.08939951471984386,0.26468607831833085,0.2,1.0,0.2,1.0
35424,mscoco,0.09683278687298298,0.24531359245026627,0.14698510020971298,0.27015230472596247,0.2,1.0,0.5,1.0
412698,mscoco,0.022717458475381137,0.09465131655035983,0.024850556254386903,0.09569144505287577,0.2,1.0,0.1,1.0
502588,mscoco,0.30964175015687945,0.4204689115545349,0.35413905382156374,0.6714884576023,0.5,0.3333333333333333,0.5,1.0
515527,mscoco,0.024955646600574255,0.11515360992537922,0.029561629984527826,0.12266916870711789,0.1,1.0,0.1,1.0
382958,mscoco,0.04167822692543268,0.12409898115667234,0.05815399419516325,0.1739807203542908,0.0,0.0666666666666666,0.1,0.5
166975,mscoco,0.006233811809215695,0.028794301899648052,0.01184846442192793,0.06234048881879629,0.1,0.5,0.1,0.125
397640,mscoco,0.041788761923089626,0.1580622710038616,0.061931737791746856,0.19994767352536613,0.1,0.25,0.1,0.1666666666666666
462880,mscoco,0.03161821514368057,0.10669763736742005,0.03964166436344385,0.14436674257813384,0.1,1.0,0.1,1.0
104808,mscoco,0.08863740041851997,0.22334510094407473,0.06213996224105358,0.19196647197095576,0.1,0.25,0.0,0.05
30235,mscoco,0.2324756406247616,0.40011927359849314,0.33726298362016677,0.5079387903088742,0.3,0.25,0.7,0.5
513219,mscoco,0.021632428839802743,0.07266135823082837,0.026711298897862435,0.0823653640077258,0.1,0.25,0.2,1.0
63,drawbench,0.017595514189451933,0.06438693364618085,0.026316148601472376,0.09555397192221188,0.0,0.0,0.0,0.0
245771,mscoco,0.06283926498144865,0.2017846584524492,0.11556337140500546,0.24612883455208526,0.4,0.5,0.4,1.0
1375,mscoco,0.2732911340892315,0.5852374083612568,0.30262363851070406,0.5180573546551269,0.4,0.5,0.3,0.1666666666666666
167479,mscoco,0.0651541393250227,0.1768930977115441,0.09237201251089573,0.23281867121609418,0.0,0.0232558139534883,0.3,1.0
124874,mscoco,0.02334712860174477,0.09926420774660143,0.02018511528149247,0.06044420006086212,0.1,0.3333333333333333,0.0,0.0056497175141242
506901,mscoco,0.027207588870078327,0.08166848755491328,0.03674286333844066,0.12189435962984153,0.3,0.2,0.5,1.0
519754,mscoco,0.05686777252703905,0.22416044386499753,0.051146562583744525,0.22286849247579707,0.1,1.0,0.1,1.0
336457,mscoco,0.05611797720193863,0.18288559771314286,0.09980789460241794,0.25219115425256466,0.0,0.0526315789473684,0.4,0.25
290974,mscoco,0.004102024459280073,0.01585008779153098,0.006770530145149678,0.03248199271678058,0.1,1.0,0.1,0.3333333333333333
18918,mscoco,0.21855679303407669,0.34242364686126764,0.19323640316724777,0.44342126967704354,1.0,1.0,0.7,0.3333333333333333
153140,mscoco,0.28562402352690697,0.4284462336516922,0.506215301156044,0.7025992019561326,0.0,0.0769230769230769,0.3,1.0
83481,mscoco,0.04296071771532297,0.15637257708141616,0.05079636126756668,0.13082342619365558,0.2,0.5,0.2,1.0
204473,mscoco,0.05276574147865176,0.20361157622565684,0.042831456568092105,0.1099909381948219,0.0,0.0526315789473684,0.0,0.0476190476190476
419074,mscoco,0.025269810762256383,0.07664153597344098,0.03850460909307003,0.1089759784660123,0.0,0.0357142857142857,0.1,0.125
261235,mscoco,0.03069577906280756,0.11197011638621658,0.04015724584460258,0.14201957465421813,0.0,0.0909090909090909,0.1,1.0
338971,mscoco,0.013879409246146678,0.06599014843935294,0.016441389941610395,0.061363603328827426,0.1,0.1,0.1,0.3333333333333333
223183,mscoco,0.45500252544879916,0.6679017987750895,0.5989305645227432,0.8097186913177548,0.9,1.0,0.7,1.0
450711,mscoco,0.019615720352157952,0.07412916512298995,0.024022779287770392,0.09077044131036278,0.1,0.5,0.1,1.0
490187,mscoco,0.0790300939232111,0.2921931827576433,0.08774417415261268,0.2722274677815316,0.1,0.5,0.1,0.3333333333333333
564602,mscoco,0.07440068200230598,0.16824000814936818,0.1337193138897419,0.30639847998854197,0.0,0.0188679245283018,0.4,0.5
452201,mscoco,0.039929720433428885,0.15101297469917563,0.05000354889780283,0.15194074215859457,0.0,0.05,0.2,1.0
443334,mscoco,0.24871561974287032,0.42663222336764095,0.3624571099877357,0.5686213076067542,0.3,0.2,0.3,1.0
18075,mscoco,0.5046341031789779,0.6182241263416496,0.6696611940860748,0.8278770932218259,0.4,0.3333333333333333,1.0,1.0
50,drawbench,0.020800270978361367,0.05871195951341922,0.0198895956389606,0.06470443801317366,0.0,0.0,0.0,0.0
86,drawbench,0.6679839044809341,0.8889485154226626,0.6284567132592201,0.7505077032191497,0.1,0.125,0.0,0.0555555555555555
171808,mscoco,0.06929145865142346,0.15937874382205336,0.09865644536912441,0.2482972728399855,0.2,0.1428571428571428,0.5,1.0
572487,mscoco,0.007813494419679046,0.030545473993458746,0.012755752867087721,0.04757009162850399,0.0,0.037037037037037,0.2,0.1666666666666666
566765,mscoco,0.15553285470232367,0.42603231481044523,0.16244980208575727,0.3009501875578259,0.1,1.0,0.2,0.5
163514,mscoco,0.02534817848354578,0.07408989868072961,0.02708768369629979,0.08356412605351059,0.1,1.0,0.1,1.0
311128,mscoco,0.22014962658286094,0.417758854620715,0.2450014591217041,0.4974482446925113,1.0,1.0,0.9,1.0
520858,mscoco,0.14625861644744872,0.33132308183491793,0.2893131718039513,0.4439858856456398,0.0,0.0833333333333333,0.5,0.3333333333333333
271051,mscoco,0.022152199130505323,0.0687353421144919,0.02440151572227478,0.06775319238479857,0.1,0.5,0.1,1.0
532933,mscoco,0.09963935688138008,0.2712504143422752,0.18556470051407814,0.290901136666014,0.0,0.0434782608695652,0.1,1.0
475974,mscoco,0.12091610729694366,0.3225466918410917,0.14579643830657005,0.30472551677655807,0.1,0.3333333333333333,0.0,0.0217391304347826
206731,mscoco,0.011063932231627405,0.04189122633842602,0.009744196850806474,0.0407353989533807,0.1,0.5,0.1,0.3333333333333333
450212,mscoco,0.06179196294397116,0.16336186860981874,0.06968570221215487,0.1810693882746874,0.1,1.0,0.1,0.3333333333333333
188478,mscoco,0.12130946740508079,0.3151315465612029,0.17510922625660896,0.3608611580051214,0.4,1.0,0.2,1.0
463944,mscoco,0.009426456247456371,0.030622483236954014,0.008172191679477692,0.029438054088612813,0.1,0.1,0.0,0.0294117647058823
521657,mscoco,0.48713131844997404,0.7641316962925734,0.48253577649593354,0.7721744821387715,0.2,1.0,0.1,1.0
310511,mscoco,0.030570491589605807,0.1042024719492243,0.0408703064545989,0.15092511397496913,0.1,0.3333333333333333,0.1,1.0
24859,mscoco,0.27583942785859106,0.4650868197801301,0.6635451197624207,0.8587468463533062,0.1,0.1,0.2,1.0
402662,mscoco,0.07251701131463051,0.19289349442870893,0.08328591287136078,0.26963430438509095,0.2,0.25,0.4,1.0
109791,mscoco,0.09723987206816673,0.23551906024465508,0.15547895096242428,0.5008663348658405,0.2,0.3333333333333333,0.3,1.0
62,drawbench,0.07395040281116963,0.17601372162391846,0.12150355204939842,0.3664111202974224,0.0,0.0025839793281653,0.0,0.0023809523809523
298190,mscoco,0.0673062562942505,0.19716714008027159,0.09135257266461849,0.24278939929914098,0.1,0.125,0.3,1.0
86065,mscoco,0.3353823274374008,0.6492633758860631,0.536116561293602,0.6050683437326171,0.4,0.5,0.4,0.25
127726,mscoco,0.028537099342793228,0.106794316175031,0.030987604521214962,0.10538443903387171,0.2,1.0,0.1,1.0
572825,mscoco,0.10387893337756396,0.2816598008222118,0.10787442922592164,0.23210506466259753,0.4,0.5,0.7,1.0
246009,mscoco,0.20912872888147832,0.437627306526614,0.18988069146871567,0.4048012842089468,0.5,1.0,0.7,1.0
517906,mscoco,0.0742945688776672,0.19324032579636033,0.10213416637852787,0.18892633175059928,0.0,0.0909090909090909,0.1,0.1666666666666666
265256,mscoco,0.02600131039507687,0.10415679655720694,0.05919083841145038,0.149283261534543,0.0,0.0833333333333333,0.2,1.0
373038,mscoco,0.023773531161714344,0.09688296890218075,0.023999229352921248,0.10643769357769509,0.0,0.0909090909090909,0.1,1.0
53720,mscoco,0.19062815494835378,0.26746419668693044,0.18379445001482964,0.36049120215950253,0.4,0.5,0.8,0.3333333333333333
514116,mscoco,0.05306315496563911,0.1380426564936512,0.06781197339296341,0.1821220611202564,0.0,0.0625,0.3,0.5
395396,mscoco,0.6920285478234292,0.9525547076037761,0.7835881590843201,0.957394768597491,0.5,1.0,0.8,1.0
118851,mscoco,0.10716512724757195,0.2548753015553898,0.15392061248421668,0.32983446953361045,0.4,1.0,0.6,1.0
198625,mscoco,0.2026118390262127,0.4821789077526859,0.18283622972667218,0.46519624914052676,0.0,0.0333333333333333,0.2,0.2
53,drawbench,0.01160677510779351,0.03212688909943454,0.011976307071745396,0.042499684295438385,0.0,0.0,0.0,0.0
99,drawbench,0.016292313439771534,0.057950559278564705,0.020404087938368322,0.07010800959144137,0.0,0.0,0.0,0.0
132656,mscoco,0.12181570641696453,0.3352173728665568,0.08066089432686567,0.25197697265369395,0.2,0.3333333333333333,0.2,0.5
213276,mscoco,0.03951305253431201,0.1214973090317656,0.03481377251446247,0.112156523405964,0.1,1.0,0.1,1.0
123974,mscoco,0.16633581295609473,0.4039346011931555,0.12445171233266591,0.306923609403039,0.5,1.0,0.6,0.5
131,drawbench,0.11758449040353298,0.44442122806474654,0.2401972733438015,0.5113359881361995,0.0,0.0,0.0,0.0
435096,mscoco,0.02613423781003803,0.10936522275172011,0.036748272366821766,0.13168315485847681,0.1,1.0,0.1,1.0
509764,mscoco,0.021728581842035057,0.0707710236783896,0.03504574717953801,0.08276529654919608,0.1,0.5,0.0,0.0454545454545454
204273,mscoco,0.19916709028184415,0.3370892434344334,0.17769493535161018,0.31195960526964367,0.1,0.2,0.1,0.125
299768,mscoco,0.20716846510767936,0.5071589449129087,0.3146789001300931,0.4876608540909396,0.0,0.003012048192771,0.3,0.25
135369,mscoco,0.4461188405752182,0.7534801224973455,0.4558727487921715,0.6761053695752198,0.8,1.0,0.6,1.0
508053,mscoco,0.1181244809180498,0.2584895582929242,0.24517569392919542,0.4652747438283882,0.1,0.2,0.2,0.5
475413,mscoco,0.029073947947472333,0.09567391420015249,0.044580618664622304,0.13096550677287508,0.0,0.0434782608695652,0.0,0.027027027027027
44328,mscoco,0.01907086921855807,0.08359443702719688,0.0188786311307922,0.0555741208349076,0.1,1.0,0.1,0.3333333333333333
127743,mscoco,0.24782762676477432,0.5537696966351177,0.1719432432204485,0.5266668341177793,0.2,1.0,0.2,1.0
316842,mscoco,0.06286750826984644,0.164062514087732,0.09797629062086344,0.2580270392521661,0.0,0.0769230769230769,0.2,0.5
131075,mscoco,0.00930870600277558,0.03771078679082106,0.012121245544403792,0.041108251052236346,0.0,0.0059171597633136,0.2,1.0
323812,mscoco,0.04579181168228388,0.17054482571364818,0.04881874211132527,0.1335000924408801,0.4,1.0,0.6,1.0
354212,mscoco,0.28342380970716474,0.3882765919998662,0.34950622618198396,0.7815540385770705,0.3,1.0,0.7,1.0
33645,mscoco,0.024283288745209575,0.08205789204249324,0.040888025611639026,0.15723840341520812,0.1,0.5,0.1,0.25
285529,mscoco,0.41892626881599426,0.5596644964800306,0.44114919006824493,0.7756085695158575,0.6,0.5,0.7,1.0
52669,mscoco,0.13811895549297332,0.2964786091933824,0.1818821243941784,0.45548510563353917,0.0,0.0416666666666666,0.2,0.5
47328,mscoco,0.28301490694284437,0.5669580682097504,0.27491612248122693,0.5869299502523337,0.4,0.5,0.3,0.3333333333333333
256513,mscoco,0.07858760561794043,0.2396343247768801,0.20918338298797606,0.59079807602268,0.0,0.0833333333333333,0.3,0.5
561196,mscoco,0.06222735177725554,0.22261755635240962,0.04539890456944704,0.18207475980336002,0.1,1.0,0.1,1.0
411261,mscoco,0.02559772930108011,0.10660499963680145,0.04287744406610727,0.1352422217972431,0.1,1.0,0.1,1.0
578056,mscoco,0.018191018747165798,0.07281532039238386,0.01850540628656745,0.07748868535479936,0.1,0.3333333333333333,0.1,1.0
110926,mscoco,0.05756922997534275,0.15963505539227008,0.06777249947190285,0.2123027935061769,0.0,0.0204081632653061,0.1,1.0
290175,mscoco,0.23959066458046435,0.2545513687976495,0.2691910799592733,0.5542745077631747,0.4,0.2,0.6,1.0
295589,mscoco,0.02627242123708129,0.13031054648777673,0.04347817273810506,0.1870164655952258,0.0,0.0028735632183908,0.0,0.0025316455696202
442478,mscoco,0.12662289720028638,0.33738239206141113,0.20951546132564544,0.3751684609009589,0.0,0.0108695652173913,0.0,0.0153846153846153
267598,mscoco,0.28353964984416963,0.5582934434928518,0.38480350375175476,0.5626071078199693,0.3,1.0,0.4,1.0
386424,mscoco,0.07046125940978527,0.1548727879367781,0.03488213811069727,0.130249719111692,0.2,0.3333333333333333,0.1,0.1666666666666666
10727,mscoco,0.017841614922508596,0.06125671291193511,0.06773038394749165,0.2304007049056883,0.0,0.0454545454545454,0.1,0.1
7452,mscoco,0.29147654697299,0.3918580247404223,0.4672625452280045,0.5739943841771435,0.2,0.1666666666666666,0.5,0.5
322560,mscoco,0.019615111872553825,0.06753565432948962,0.03372091352939606,0.09831250209804514,0.3,0.25,0.4,1.0
185849,mscoco,0.035655010305345056,0.09392213617385087,0.05340328076854348,0.1897165849333601,0.1,0.1666666666666666,0.0,0.0067567567567567
459827,mscoco,0.02948312433436513,0.0887256770166569,0.03911555679515004,0.1262176407144668,0.0,0.0769230769230769,0.3,0.5
415840,mscoco,0.023077149782329796,0.0829969993374469,0.014888689434155822,0.05252459390265036,0.0,0.0303030303030303,0.0,0.0057471264367816
206274,mscoco,0.1343396808952093,0.3275856759646336,0.11647055260837078,0.31335468718669324,0.1,1.0,0.2,1.0
239888,mscoco,0.5681280836462974,0.7508760751604445,0.7294367969036102,0.8037588201100652,0.1,0.3333333333333333,0.6,0.5
120,drawbench,0.11909111589193344,0.2749144124841763,0.1176887195557356,0.30987745963143215,0.0,0.0,0.0,0.0
309169,mscoco,0.0489764766767621,0.1396535697855306,0.13160618469119073,0.30587385238181053,0.0,0.04,0.2,0.5
112996,mscoco,0.07013435252010822,0.19633011596203695,0.06518906820565462,0.19263293913089172,0.1,1.0,0.1,1.0
459343,mscoco,0.20741055198013783,0.49739628208840336,0.2397919237613678,0.4431456322974876,0.4,1.0,0.7,1.0
471488,mscoco,0.1043483067303896,0.2811042626662752,0.14334426149725915,0.2909536609548846,0.0,0.0024213075060532,0.0,0.025
252919,mscoco,0.06959001757204533,0.20692329225999628,0.09466483369469643,0.2858519609312515,0.3,1.0,0.4,0.5
7945,mscoco,0.047889724373817444,0.14423931998478337,0.05901943296194077,0.15887853629814266,0.0,0.0625,0.1,1.0
162215,mscoco,0.3106083765625954,0.5920777725276699,0.38600412756204605,0.511459675173296,0.4,0.5,0.6,1.0
193889,mscoco,0.026951062493026257,0.08513015097243917,0.054514866322278976,0.14301025723329847,0.0,0.0070422535211267,0.1,1.0
46,drawbench,0.025815609097480773,0.07990999532367532,0.029281657934188843,0.08779787726887436,0.0,0.0,0.0,0.0
30,drawbench,0.013240989553742111,0.047855581348347796,0.008365441602654755,0.04214750218968664,0.0,0.0,0.0,0.0
386864,mscoco,0.013885063608177007,0.06217073375411085,0.014074077736586333,0.06783681361526667,0.1,0.25,0.2,0.25
232287,mscoco,0.0188700164668262,0.08649005915081052,0.026128521468490363,0.08852578934344159,0.0,0.0204081632653061,0.1,0.5
241027,mscoco,0.1969702050089836,0.3973963358901801,0.1110744096338749,0.3111916934470851,0.6,0.3333333333333333,0.3,0.1666666666666666
213795,mscoco,0.07012588013894856,0.23687775273897257,0.14054439403116703,0.2905160893381634,0.1,0.25,0.2,0.25
12059,mscoco,0.029523394792340694,0.13708954572077128,0.038088382431305946,0.16835889002862064,0.1,1.0,0.1,1.0
162753,mscoco,0.02839553663507104,0.13343780993695317,0.029531628359109163,0.10477841244789324,0.2,1.0,0.0,0.0555555555555555
425458,mscoco,0.032344162557274105,0.10305243941285429,0.04057100284844637,0.11355176822508725,0.2,0.5,0.4,0.3333333333333333
368956,mscoco,0.17381111308932304,0.3115528677193512,0.14379122219979762,0.24688188412583426,0.1,0.1,0.0,0.0526315789473684
496410,mscoco,0.10231547988951206,0.2562213479446112,0.09456208553165198,0.30285917310131605,0.1,0.1111111111111111,0.2,0.5
532612,mscoco,0.2856913715600967,0.5634583403540395,0.23489175289869307,0.39727944757575195,0.1,1.0,0.0,0.0625
230837,mscoco,0.09534375518560409,0.23179451521884512,0.15040586814284324,0.3646133943881832,0.0,0.0196078431372549,0.0,0.0769230769230769
460882,mscoco,0.3621404182165861,0.6647601937806106,0.3076985485851765,0.45997227618459835,0.4,0.5,0.3,0.5
485852,mscoco,0.052675685146823525,0.179454779372914,0.1430722562596202,0.21484007669381205,0.1,0.3333333333333333,0.0,0.0416666666666666
72342,mscoco,0.16291524097323418,0.3392449619932318,0.21017505824565888,0.39043943073517584,0.2,1.0,0.1,0.2
81017,mscoco,0.2003551810979843,0.3724162369862306,0.24601895809173585,0.4619329778051951,0.0,0.0909090909090909,0.1,0.125
401828,mscoco,0.03256450314074755,0.08183554124106152,0.045498409681022166,0.13072185785726254,0.2,0.1666666666666666,0.2,1.0
554138,mscoco,0.29364404678344724,0.32915032888730467,0.5110934525728226,0.6792794863874969,0.0,0.0666666666666666,0.1,0.1111111111111111
321742,mscoco,0.22966705951839686,0.41977022058041574,0.31574836149811747,0.6407918206033295,0.4,1.0,0.7,1.0
574384,mscoco,0.0861841544508934,0.21807999740666256,0.0847433116286993,0.23015999354022168,0.0,0.002020202020202,0.0,0.0014306151645207
446557,mscoco,0.09263642635196448,0.23935227379845608,0.07334598898887634,0.22165875098186263,0.1,0.1428571428571428,0.0,0.05
253498,mscoco,0.18834205232560636,0.3769164582227895,0.33227593973279,0.7952012739731559,0.1,0.3333333333333333,0.4,0.25
448251,mscoco,0.09055155701935291,0.278195650205193,0.08565745018422603,0.20852926195665653,0.1,0.5,0.0,0.0188679245283018
116622,mscoco,0.5266800135374069,0.7172305566583382,0.5458560198545456,0.7760144511536258,0.3,1.0,0.3,0.3333333333333333
486899,mscoco,0.09753034934401512,0.18777819521365446,0.10122844167053699,0.2545747167468745,0.2,1.0,0.0,0.0178571428571428
59295,mscoco,0.06621399447321892,0.1816166616871526,0.0694036703556776,0.24390287831816637,0.1,1.0,0.1,0.2
289012,mscoco,0.08800387568771839,0.23811271400208192,0.10109755769371986,0.2280364890308986,0.1,0.2,0.1,1.0
435902,mscoco,0.20329663082957267,0.3449085437429159,0.26906768679618837,0.4802551784526574,0.2,0.25,0.6,1.0
480518,mscoco,0.09681293331086635,0.27813014458031077,0.12961041256785394,0.2548234064078548,0.5,0.5,0.4,1.0
39272,mscoco,0.05051365923136473,0.14403291550558991,0.05576605182141066,0.17118942265493425,0.1,0.5,0.1,1.0
558579,mscoco,0.04686851361766457,0.1565560578757063,0.03982865642756224,0.10449600599824106,0.2,1.0,0.2,0.2
143348,mscoco,0.3347767271101475,0.5531481514271415,0.32402036190032957,0.6010089528300543,0.1,1.0,0.4,0.2
16961,mscoco,0.03354860907420516,0.11548800027251323,0.04550456097349524,0.15552619784753968,0.1,0.5,0.1,0.1428571428571428
489939,mscoco,0.038265523687005046,0.13013069840697367,0.0703170981258154,0.20013238895014465,0.0,0.0116279069767441,0.1,0.3333333333333333
185281,mscoco,0.2829072631895542,0.6352119669226143,0.2838195962831378,0.6366885299095059,0.2,1.0,0.2,1.0
500622,mscoco,0.020780806057155134,0.07330492369051718,0.023485845886170864,0.07337931067305449,0.1,1.0,0.1,0.5
220772,mscoco,0.022431912180036307,0.06947372546280278,0.01880115787498653,0.08225789627413593,0.0,0.0060240963855421,0.0,0.0068965517241379
550400,mscoco,0.03815803155303001,0.11478407361207527,0.043681072816252706,0.13435167124250735,0.2,1.0,0.2,1.0
378906,mscoco,0.06990663856267929,0.1600835169959569,0.05055534448474645,0.16135966277726774,0.0,0.0769230769230769,0.1,1.0
542111,mscoco,0.06339970156550408,0.1926923648905529,0.1187262237071991,0.27997366251757155,0.1,0.1,0.0,0.0666666666666666
3217,mscoco,0.2957021579146385,0.6202762846472709,0.318052314221859,0.40328333810837946,0.4,1.0,0.4,0.5
96625,mscoco,0.014471060631331056,0.057215462642156475,0.02543000364676118,0.08823193180633898,0.1,0.5,0.4,1.0
60328,mscoco,0.23401654735207558,0.36486895525807456,0.3474862776696682,0.4253926124923972,0.1,0.1666666666666666,0.3,0.1666666666666666
402287,mscoco,0.06089138649404049,0.17006973608141857,0.06923589315265417,0.24616820735448441,0.3,1.0,0.4,0.25
517909,mscoco,0.012332674791105091,0.05345533091977661,0.019484455371275543,0.04939961874090533,0.1,0.5,0.0,0.0285714285714285
113233,mscoco,0.05273063112981617,0.1565058354231792,0.12042937986552715,0.29515379744555165,0.0,0.0072463768115942,0.1,1.0
77181,mscoco,0.004407506861025467,0.014765326831985942,0.005671715375501663,0.015509946554744213,0.1,0.5,0.0,0.0024752475247524
371243,mscoco,0.06326996088027954,0.1937957146960029,0.16623314321041108,0.39349818618858073,0.0,0.0666666666666666,0.8,1.0
146656,mscoco,0.06256112046539783,0.15955446723165112,0.0596207607537508,0.1536855081509886,0.1,0.2,0.0,0.0666666666666666
430688,mscoco,0.010505312867462636,0.033345599937678036,0.007111493940465152,0.04100421637916055,0.1,0.25,0.1,1.0
143449,mscoco,0.02638507289811969,0.08735068428255298,0.028750141710042955,0.100119316042769,0.5,1.0,0.3,1.0
57433,mscoco,0.1337979044765234,0.2145386967807717,0.19215181097388268,0.33881505686639823,0.1,0.2,0.0,0.0769230769230769
298736,mscoco,0.018236326053738594,0.07152999655500722,0.036588911712169644,0.16929092281881492,0.1,1.0,0.4,1.0
406550,mscoco,0.07885861340910197,0.2579975373143684,0.06027478016912937,0.14517103885928886,0.1,0.1428571428571428,0.0,0.037037037037037
561903,mscoco,0.0542505145072937,0.14751001513569445,0.062046412564814094,0.17529944819128157,0.0,0.0476190476190476,0.1,1.0
227699,mscoco,0.38246591240167616,0.7548185745856828,0.4584659352898598,0.6768686553226171,0.4,1.0,0.4,0.5
59821,mscoco,0.054732158035039905,0.16340877048040756,0.07046700827777386,0.15660949628337711,0.0,0.0083333333333333,0.0,0.04
265612,mscoco,0.05075378669425845,0.22060106716989558,0.04381796270608902,0.2057190827470187,0.3,1.0,0.2,1.0
24591,mscoco,0.04863901375792921,0.15538867118349256,0.12276865877211093,0.34234111152916014,0.0,0.0714285714285714,0.3,0.5
71,drawbench,0.015011661406606435,0.085355454150721,0.013248352194204926,0.043472009901296925,0.0,0.000432525951557,0.0,0.0008771929824561
35,drawbench,0.4710266888141632,0.9447580632233196,0.6292985022068024,0.674183187969699,0.0,0.0454545454545454,0.0,0.0133333333333333
317833,mscoco,0.04790309630334377,0.13448204207694936,0.05983427464962006,0.18353291879719397,0.1,0.25,0.0,0.0454545454545454
544583,mscoco,0.3376886621117592,0.45384393770826975,0.6527294874191284,0.7952230988156209,0.0,0.0666666666666666,0.7,0.5
514544,mscoco,0.03300757631659508,0.09396947653481783,0.03677921649068594,0.12055911549465342,0.5,1.0,0.4,1.0
160199,mscoco,0.01123619256541133,0.041996231511084864,0.019639743026345968,0.06661285217921505,0.1,0.125,0.3,0.5
156445,mscoco,0.16301541160792113,0.4903566280663837,0.2420449860394001,0.3616758383908018,0.2,1.0,0.4,1.0
46686,mscoco,0.10562229249626398,0.5031282441429631,0.16686033979058265,0.3793923615696843,0.2,1.0,0.2,0.3333333333333333
563457,mscoco,0.028768465435132385,0.08763021129393855,0.03062731847167015,0.0852766634074064,0.2,0.5,0.2,1.0
520848,mscoco,0.08505139774642885,0.25132472466700656,0.08641551099717618,0.2739773597815615,0.4,1.0,0.5,0.25
433992,mscoco,0.07092378837987781,0.17974472706150224,0.06689140144735575,0.17511397711023563,0.0,0.0031746031746031,0.1,0.1666666666666666
415464,mscoco,0.036858005449175835,0.11533755202500846,0.027371636405587197,0.08888599991182698,0.0,0.0136986301369863,0.0,0.0045871559633027
62543,mscoco,0.16854146122932434,0.23337342820138018,0.20932615771889687,0.3960110841237962,0.3,0.2,0.7,0.5
123175,mscoco,0.2190425530076027,0.4944199514046389,0.32876204401254655,0.46796627957499676,0.4,1.0,0.3,1.0
65383,mscoco,0.5149227989837527,0.7602972993152499,0.7600999236106872,0.8356234965272364,0.3,0.5,1.0,1.0
544001,mscoco,0.13315739259123802,0.2587400187028939,0.18938855677843094,0.37683426563594213,0.4,1.0,0.2,0.1428571428571428
41104,mscoco,0.3234999060630798,0.5728307562682156,0.4294710323214531,0.5942614974112783,0.5,1.0,0.5,1.0
355193,mscoco,0.7255156815052033,0.9050902121952907,0.7446718573570251,0.8854193868739906,1.0,1.0,1.0,1.0
500940,mscoco,0.01432900857180357,0.055338173497938334,0.01682688146829605,0.06596989328221606,0.1,1.0,0.1,0.5
429142,mscoco,0.09588683545589446,0.2046253456622997,0.12959744669497014,0.36695721665483355,0.0,0.01,0.1,1.0
125252,mscoco,0.021007750649005175,0.06825632682559807,0.023844556789845227,0.08337793383277996,0.2,0.5,0.2,0.5
14683,mscoco,0.17635558750480412,0.39581274827350893,0.27025359626859424,0.5464755373743713,0.2,1.0,0.3,1.0
109,drawbench,0.011373613588511943,0.039902985517290726,0.01845001878682524,0.05967741190787591,0.1,0.1428571428571428,0.0,0.0135135135135135
391662,mscoco,0.08537461999803782,0.2597765812409928,0.11950636226683856,0.2821397728081738,0.1,0.25,0.4,0.5
409131,mscoco,0.15715249590575694,0.3156568799430236,0.20064696818590164,0.48956398698874126,0.2,0.5,0.4,1.0
478880,mscoco,0.04259558245539665,0.14975195964583907,0.04370661044958979,0.13540765307540722,0.0,0.05,0.2,0.5
230972,mscoco,0.041226279176771644,0.11654938505227902,0.048056330718100074,0.15572117474655198,0.1,1.0,0.1,0.3333333333333333
233093,mscoco,0.01868855378124863,0.0643247041384602,0.02093415360432118,0.05868957185808394,0.0,0.0064102564102564,0.0,0.0023364485981308
143,drawbench,0.00833789180032909,0.02907447661891236,0.0055389830027706925,0.021270882316159926,0.0,0.0,0.0,0.0
59918,mscoco,0.28392486125230787,0.5299434251689642,0.3896952658891678,0.619090730371985,0.2,1.0,0.7,1.0
575958,mscoco,0.07864283993840218,0.19595918712646643,0.09840070232748985,0.24990162324597281,0.0,0.0101010101010101,0.1,0.5
381160,mscoco,0.41853028908371925,0.6888228736859889,0.27548971474170686,0.4930401621644494,0.0,0.0714285714285714,0.1,0.5
229067,mscoco,0.4153112590312958,0.4752051297311257,0.3850396409630775,0.5073879754783424,0.6,0.3333333333333333,0.6,1.0
412780,mscoco,0.031753189861774445,0.12637264839267104,0.07754963114857674,0.1947367141071465,0.0,0.0476190476190476,0.2,0.1428571428571428
515655,mscoco,0.031109607126563788,0.10375268254967396,0.046097370237112044,0.15682688124399624,0.0,0.0526315789473684,0.1,0.25
385037,mscoco,0.39400249645113944,0.8546844779782398,0.5045714512467384,0.7351887507235761,0.6,1.0,0.6,0.5
30281,mscoco,0.42054694294929507,0.5933990300080461,0.4728850871324539,0.674134095867838,0.4,0.3333333333333333,0.5,0.3333333333333333
85472,mscoco,0.6974559158086777,0.8434108514006485,0.7899100482463837,0.9290451348146808,0.8,1.0,0.9,1.0
262146,mscoco,0.26772269085049627,0.4190758064818512,0.40759131610393523,0.6072375446801848,0.0,0.0833333333333333,0.5,1.0
85155,mscoco,0.29989364370703697,0.6117845750054164,0.32749370485544205,0.5684188816084783,0.4,1.0,0.3,0.5
406250,mscoco,0.3995184898376465,0.7297204236950116,0.5009392574429512,0.8572959315304413,0.3,1.0,0.5,0.5
172143,mscoco,0.042973498534411195,0.12826947527648735,0.04070157650858164,0.12783226362861022,0.0,0.0625,0.1,0.5
455667,mscoco,0.2764719970524311,0.5224265785129564,0.39535056352615355,0.6387946628881994,0.3,0.2,0.6,1.0
169006,mscoco,0.0681421510875225,0.18758743593748595,0.10998325571417808,0.31077448016893416,0.2,0.5,0.4,0.5
173109,mscoco,0.010441605269443243,0.04081836404531657,0.010300085018388926,0.033936640074404605,0.1,1.0,0.2,1.0
192322,mscoco,0.28185832500457764,0.4916115115675449,0.2889392450451851,0.5575002010135396,0.9,1.0,0.8,1.0
222266,mscoco,0.09292568117380143,0.23359855745061803,0.09166199304163455,0.23520259045215033,0.3,1.0,0.3,1.0
325806,mscoco,0.15779266953468324,0.3680383022486768,0.1758510559797287,0.3436042816647991,0.2,1.0,0.5,0.3333333333333333
449537,mscoco,0.06986035332083702,0.2787920285097687,0.1122188325971365,0.2302962284854107,0.0,0.00625,0.0,0.0555555555555555
145284,mscoco,0.0534836133942008,0.17284222977040128,0.09306548526510597,0.24686500970668585,0.1,0.5,0.0,0.0909090909090909
465058,mscoco,0.49324614107608794,0.5729603272892098,0.8531519770622253,0.945880311454752,0.3,0.5,0.9,1.0
165893,mscoco,0.03461514245718718,0.1542505637448884,0.064903568290174,0.21718193690749404,0.1,1.0,0.1,1.0
537157,mscoco,0.13063134476542473,0.37218296810351587,0.13218313530087472,0.31482443462149345,0.0,0.0909090909090909,0.1,1.0
426323,mscoco,0.008350757323205471,0.02737067511208901,0.008910623844712973,0.029109756327089297,0.1,1.0,0.1,1.0
92280,mscoco,0.07279857527464628,0.20909623172996497,0.08906197026371956,0.20853305763838334,0.2,1.0,0.4,1.0
319118,mscoco,0.19757360350340605,0.642541901455122,0.3019301429390907,0.49406058625389077,0.3,1.0,0.5,0.5
234713,mscoco,0.07036815714091063,0.17846177119448445,0.05791121907532215,0.18202494789779045,0.9,1.0,1.0,1.0
379165,mscoco,0.14560357928276063,0.36426183960229974,0.16880645044147968,0.41607448391651053,0.1,0.125,0.3,1.0
26551,mscoco,0.09253078252077103,0.21727860742090968,0.1210755541920662,0.3480835010437384,0.0,0.0303030303030303,0.3,1.0
280242,mscoco,0.09388515222817659,0.21468488040318676,0.15244604647159576,0.37123118667751187,0.2,0.2,0.1,0.1111111111111111
260307,mscoco,0.03815837623551488,0.1393232788232923,0.11486763451248408,0.24130903325089983,0.0,0.0070422535211267,0.0,0.0526315789473684
433168,mscoco,0.18970858678221703,0.39037757210050855,0.14356220476329326,0.3922763505374546,0.3,1.0,0.3,1.0
319043,mscoco,0.09148442819714546,0.21467024049486227,0.10117552019655704,0.22043465827450184,0.1,0.25,0.3,0.25
381994,mscoco,0.04192143585532904,0.12965890956200798,0.033010566141456366,0.0887210681584229,0.0,0.0151515151515151,0.1,0.25
206044,mscoco,0.09258496873080731,0.2786597252355775,0.10570448637008667,0.29908956538690945,0.1,1.0,0.1,1.0
211312,mscoco,0.05864216201007366,0.14522623892616712,0.11044928580522537,0.2762425318161205,0.0,0.0188679245283018,0.1,1.0
42196,mscoco,0.16393677927553654,0.3206398742386694,0.25373505502939225,0.5552220692208183,0.0,0.0833333333333333,0.6,1.0
497096,mscoco,0.08397095585241914,0.21815690466663148,0.1462176175788045,0.2677720416288167,0.1,0.1666666666666666,0.4,0.2
81,mscoco,0.0695863239467144,0.17061663495973714,0.09364531189203262,0.22744409063340537,0.0,0.0119047619047619,0.0,0.0256410256410256
486123,mscoco,0.014884478040039539,0.04091543324176146,0.012140307109802961,0.05455117911137829,0.0,0.0476190476190476,0.1,0.125
322,mscoco,0.021178327221423387,0.07055052434829816,0.025976790674030782,0.0845885689170901,0.1,0.1666666666666666,0.1,0.125
493294,mscoco,0.08135901726782321,0.2722475226048244,0.10860260515473782,0.3037219656074815,0.0,0.005,0.2,0.1428571428571428
187090,mscoco,0.4079813241958618,0.4528998313908701,0.4860098212957382,0.7219761130168986,0.6,0.25,0.8,1.0
372902,mscoco,0.019478282099589704,0.0698236771336337,0.027493031206540765,0.08229274306266136,0.1,1.0,0.1,1.0
293979,mscoco,0.0917962534353137,0.220427922181128,0.14456806629896163,0.2395620725142329,0.3,1.0,0.3,0.5
417090,mscoco,0.001528144205803983,0.004296110758476242,0.0022800791142799427,0.009932921676967523,0.0,0.0109890109890109,0.1,1.0
422172,mscoco,0.010684387374203652,0.04250068263144206,0.01376687822630629,0.05973991975678229,0.1,0.5,0.1,1.0
280988,mscoco,0.016971600893884897,0.054448212166731416,0.012785113556310535,0.05643125282891634,0.1,0.25,0.1,1.0
227558,mscoco,0.10372707061469555,0.2394246914992107,0.10347140468657016,0.2853535573776752,0.6,0.5,0.9,1.0
348006,mscoco,0.02734306761994958,0.09896268880518722,0.03228954020887613,0.11421743269707835,0.1,0.25,0.1,1.0
166716,mscoco,0.04311364963650703,0.14809448227757716,0.10735962688922882,0.24388492108796897,0.0,0.0625,0.0,0.0138888888888888
124018,mscoco,0.41149338334798813,0.6604190665519117,0.5325283229351043,0.7586949214706735,0.4,1.0,0.7,1.0
373792,mscoco,0.08354525249451399,0.33817171675817276,0.11004184484481812,0.24267823117028317,0.5,1.0,0.7,0.5
334364,mscoco,0.014394085295498371,0.05164310805701784,0.019041801197454335,0.07733314025774955,0.1,0.2,0.1,1.0
196473,mscoco,0.02328316615894437,0.06115751404454064,0.020013325102627277,0.07056655532046886,0.7,1.0,0.6,1.0
361866,mscoco,0.03354347944259643,0.09511974970375398,0.03868486788123846,0.11478387367545707,0.1,0.1,0.4,0.5
468932,mscoco,0.041015909612178804,0.13682254521125872,0.04687358140945434,0.20319666539240847,0.1,0.1428571428571428,0.1,0.5
447354,mscoco,0.3367297321557999,0.5700815585760102,0.31061380058526994,0.7134821049095958,0.3,1.0,0.2,1.0
85846,mscoco,0.08618402387946844,0.19186909260216534,0.06048699896782637,0.14492299817533436,0.1,1.0,0.0,0.0035971223021582
173631,mscoco,0.06514706229791045,0.22758412283153748,0.06274189222604036,0.20595080485100326,0.1,1.0,0.3,1.0
266805,mscoco,0.06161525994539261,0.1527122641896084,0.11206278465688228,0.27063887423167843,0.0,0.0256410256410256,0.3,1.0
299662,mscoco,0.024850848596543074,0.08507015999997683,0.01479313822928816,0.04226964321084312,0.0,0.0666666666666666,0.0,0.0068027210884353
569520,mscoco,0.09277278846129774,0.2609539408133932,0.11792607605457306,0.29315432592634794,0.1,0.125,0.2,1.0
193,drawbench,0.01585177844390273,0.053891891395157425,0.02387680110987276,0.0815858936334521,0.0,0.0,0.0,0.0
205356,mscoco,0.05775072500109672,0.14525997070125055,0.07645381055772305,0.1945488699831907,0.0,0.0555555555555555,0.1,0.1666666666666666
119,drawbench,0.02244976134970784,0.07645377939629086,0.02620657403022051,0.08123190463094977,0.0,0.0,0.0,0.0
394814,mscoco,0.08058906830847264,0.2098028570158733,0.1006288081407547,0.30426247458963923,0.0,0.0384615384615384,0.2,0.25
204940,mscoco,0.16781079061329365,0.26737116384380993,0.29625177532434466,0.4348377674694891,0.2,0.3333333333333333,0.3,1.0
167740,mscoco,0.15138747841119765,0.529448815131443,0.12888688184320926,0.29304024775437454,0.0,0.0769230769230769,0.1,0.2
544590,mscoco,0.28837130442261694,0.44249229645022636,0.22404766120016575,0.5030881824105538,0.5,0.5,0.4,1.0
344974,mscoco,0.11547818407416344,0.35802847671764854,0.10437296610325575,0.3209635529377533,0.1,1.0,0.1,0.3333333333333333
440434,mscoco,0.020933991530910134,0.1006651832168763,0.042845236510038374,0.1269260002761645,0.1,1.0,0.1,0.1666666666666666
30752,mscoco,0.2298475459218025,0.5186740961983699,0.27783570662140844,0.5413222886036982,0.4,1.0,0.6,1.0
288975,mscoco,0.05005865748971701,0.1660378331992365,0.07440810948610306,0.21939691957349303,0.0,0.0114942528735632,0.1,0.2
45966,mscoco,0.006703165732324124,0.020480029620037466,0.010293861385434866,0.04078603998139745,0.1,1.0,0.0,0.037037037037037
136042,mscoco,0.01780098839662969,0.050910085793104694,0.020012371754273773,0.0626112750517281,0.1,0.25,0.1,0.1428571428571428
369514,mscoco,0.0996683057397604,0.2562324004469984,0.15277389194816351,0.3368591797379701,0.1,1.0,0.0,0.0666666666666666
483525,mscoco,0.09392759837210178,0.2752445607388774,0.11041107513010502,0.2789576906954712,0.2,0.1666666666666666,0.3,1.0
280347,mscoco,0.2824929624795914,0.49113570333107026,0.25825296640396117,0.5849955912941502,0.3,1.0,0.5,1.0
411343,mscoco,0.2974706068634987,0.4388692761855857,0.37118297517299653,0.5777806842014181,0.3,0.1428571428571428,0.8,0.5
567803,mscoco,0.44584355801343917,0.5691211055677899,0.4293760783970356,0.6136808000266456,0.2,0.3333333333333333,0.3,1.0
217458,mscoco,0.013918098760768771,0.03930685949676488,0.012114189192652702,0.04764656263540302,0.1,0.1666666666666666,0.1,1.0
166430,mscoco,0.15975947808474303,0.43206572122307774,0.1471576027572155,0.41945360830311634,0.1,0.3333333333333333,0.0,0.0666666666666666
556597,mscoco,0.1968677371740341,0.5595814732277286,0.29759159684181213,0.41331962340010114,0.0,0.0434782608695652,0.3,0.25
365556,mscoco,0.8364743709564209,0.9677927569677344,0.8582702815532685,0.961440872550401,0.3,1.0,0.3,0.5
20987,mscoco,0.10976223275065422,0.28913753789233965,0.1362233091145754,0.25959968158117086,0.0,0.0263157894736842,0.1,1.0
162031,mscoco,0.008987515280023218,0.03957757225699095,0.010120613873004914,0.037618178165215864,0.2,1.0,0.2,1.0
485955,mscoco,0.003631251642946154,0.016378393434745328,0.004015292343683541,0.019417241631883225,0.1,0.3333333333333333,0.1,1.0
202307,mscoco,0.1552677981555462,0.2749786832272841,0.20696091055870056,0.5632206011561617,0.5,0.5,0.9,1.0
502126,mscoco,0.06729583479464055,0.17155948427362971,0.13418880552053453,0.30024185422907074,0.0,0.0666666666666666,0.1,0.1
10130,mscoco,0.014572819799650461,0.047478449114822824,0.006711077442741953,0.03125097587395758,0.1,1.0,0.1,1.0
33489,mscoco,0.10086234044283629,0.22161952771252091,0.11216886751353741,0.20336705806168742,0.1,0.5,0.1,0.2
167152,mscoco,0.06323714479804039,0.17847240259797909,0.06655456945300102,0.18935265033169682,0.0,0.0294117647058823,0.0,0.0188679245283018
554207,mscoco,0.14896097108721734,0.3042594623288489,0.2566687524318695,0.43573676807257444,0.1,1.0,0.2,0.3333333333333333
162827,mscoco,0.1613153859972954,0.42918740214007495,0.26655138060450556,0.619098352257517,0.1,1.0,0.3,1.0
329217,mscoco,0.029493140056729317,0.09776171942187593,0.028731582313776018,0.11052275325532349,0.1,1.0,0.1,1.0
187194,mscoco,0.016994087584316732,0.05537518398651875,0.024435458658263087,0.06973992943455569,0.1,0.5,0.2,1.0
374357,mscoco,0.17430733814835547,0.27308192458772723,0.16995446085929872,0.28532491227588763,0.5,1.0,0.9,1.0
240976,mscoco,0.08854779275134206,0.22414083286389952,0.06164097432047129,0.20043082576717045,0.1,0.3333333333333333,0.0,0.0666666666666666
558171,mscoco,0.09484818801283837,0.37635683189789515,0.10446963831782341,0.22430650748364783,0.0,0.0068965517241379,0.0,0.0625
126714,mscoco,0.009764010040089487,0.03620041988234881,0.03727956637740135,0.12840341046031933,0.0,0.0006361323155216,0.1,0.2
132652,mscoco,0.4167943835258484,0.8803013383614233,0.533981442451477,0.7836607324078064,0.7,1.0,0.8,1.0
87272,mscoco,0.02532982567790896,0.13490159607007685,0.05285341027192771,0.20602489030700855,0.1,1.0,0.2,1.0
18973,mscoco,0.04436441715806723,0.15058065584466723,0.0785384640097618,0.23069325225476386,0.2,1.0,0.0,0.0833333333333333
214261,mscoco,0.03221488604322076,0.12197891976443712,0.029810343799181283,0.08881842748622598,0.3,1.0,0.3,1.0
44136,mscoco,0.011525877472013234,0.044923291951250256,0.012084071365825367,0.05185735309991893,0.1,0.1,0.0,0.0769230769230769
204020,mscoco,0.0071834733476862315,0.026954492803374933,0.017515551386168227,0.056609725942650714,0.0,0.0088495575221238,0.1,0.3333333333333333
226848,mscoco,0.23242927789688111,0.3998961003743703,0.2303919091820717,0.41577866254244117,0.3,0.1666666666666666,0.7,1.0
303570,mscoco,0.24174456149339676,0.39576133054169077,0.22386766150593757,0.47703633573669757,0.1,0.1111111111111111,0.0,0.0909090909090909
399983,mscoco,0.15611243098974228,0.25086211665407127,0.30798506960272787,0.6723634786166717,0.1,0.125,0.3,1.0
168843,mscoco,0.04028891436755657,0.11832894115978568,0.05230947285890579,0.13051812521284914,0.2,1.0,0.2,1.0
369074,mscoco,0.2748208560049534,0.6328965196311137,0.23568570166826247,0.6177229341366804,0.1,1.0,0.2,1.0
364487,mscoco,0.033392923232167956,0.10573713734439165,0.03674987014383078,0.12002069089177721,0.0,0.0085470085470085,0.0,0.0051282051282051
232546,mscoco,0.011156518384814263,0.04500499250207888,0.008701979042962193,0.028729015763050036,0.1,0.5,0.0,0.0052910052910052
159,drawbench,0.02273811250925064,0.05352479523079431,0.017486086359713226,0.06931776999804325,0.0,9.588095420725627e-06,0.0,1.7944300890037325e-05
329336,mscoco,0.014796698419377207,0.04694669018221383,0.017117591202259065,0.07176813168221621,0.0,0.0476190476190476,0.0,0.0769230769230769
229481,mscoco,0.07415327187627554,0.1795203253964673,0.13771407231688498,0.3523323324615222,0.0,0.04,0.2,0.25
528575,mscoco,0.20241523534059525,0.5034156829089723,0.16152020059525968,0.4066626502857519,0.1,1.0,0.1,1.0
3694,mscoco,0.03866401193663478,0.11328266523765997,0.05190239436924458,0.16200741996399812,0.0,0.0909090909090909,0.4,1.0
417016,mscoco,0.13925520181655884,0.23998929275445977,0.2725831374526024,0.5076849625614197,0.1,0.1666666666666666,0.2,0.1666666666666666
251418,mscoco,0.1214713390916586,0.2529140839138339,0.13529371991753578,0.2766959996314013,0.0,0.0476190476190476,0.0,0.0263157894736842
547866,mscoco,0.3594448074698448,0.4993025384124302,0.46835920959711075,0.7891062096883207,0.3,0.5,0.4,0.5
166998,mscoco,0.20927768647670747,0.27639706350188487,0.38399121463298796,0.6566143472241229,0.4,0.3333333333333333,0.6,1.0
570864,mscoco,0.06022313684225082,0.16684464753914888,0.03627464147284627,0.10174890101172449,0.6,1.0,0.4,0.5
462445,mscoco,0.01848975254688412,0.07557715914184053,0.02165215560235083,0.07919596098257953,0.1,1.0,0.1,1.0
300661,mscoco,0.0412777042016387,0.10085368085002822,0.04212078312411904,0.15930611482829043,0.1,0.1666666666666666,0.1,1.0
169502,mscoco,0.03222275683656335,0.09855168544677921,0.03856267984956503,0.1403059362126038,0.1,0.2,0.1,1.0
66144,mscoco,0.024591873213648797,0.09003094250240583,0.030864515341818333,0.0820997096162067,0.1,0.1,0.1,1.0
269843,mscoco,0.10163992755115032,0.2965447406763147,0.08981629684567452,0.202892530858893,0.1,0.25,0.1,1.0
54938,mscoco,0.139756378903985,0.2539301207987646,0.18302766382694244,0.317465140599581,0.0,0.0175438596491228,0.0,0.04
27390,mscoco,0.08713821079581976,0.23478648959174053,0.12755595669150352,0.2746323639055486,0.1,0.1666666666666666,0.1,0.3333333333333333
521978,mscoco,0.04693355280905962,0.146272124064523,0.05794097371399402,0.1921954503997149,0.1,1.0,0.1,0.5
429433,mscoco,0.05371819366700947,0.1405977763902339,0.05198885500431061,0.1508541513780495,0.1,0.25,0.0,0.0093457943925233
134,drawbench,0.02205162327736616,0.08039608325005965,0.02051840629428625,0.0626263658451337,0.0,2.6367136001687492e-05,0.0,0.0021231422505307
378621,mscoco,0.0324644083622843,0.10563203270395786,0.10859191864728927,0.3415504874246441,0.1,0.1111111111111111,0.0,0.0476190476190476
222948,mscoco,0.06597223533317446,0.1909090947192757,0.07257280554622411,0.2016724890097689,0.0,0.0056497175141242,0.1,0.3333333333333333
77,drawbench,0.0025731189467478543,0.010506821990121687,0.00571267066989094,0.028221809561058707,0.0,0.0095238095238095,0.0,0.0084033613445378
124903,mscoco,0.29227393828332426,0.37494739049123676,0.33550049364566803,0.616313481902454,0.1,0.3333333333333333,0.8,1.0
359375,mscoco,0.016497301682829858,0.05498033165582092,0.029574489407241344,0.09781524223066186,0.1,0.5,0.1,0.5
244760,mscoco,0.11545889955013991,0.2235639906886859,0.14857906959950923,0.3438772768548355,0.7,1.0,0.8,1.0
83097,mscoco,0.27439353317022325,0.4401806139835533,0.2682818196713924,0.40583605505028375,0.3,0.2,0.3,0.3333333333333333
337264,mscoco,0.012157348613254727,0.05278717868780994,0.012376481061801314,0.05162138508222105,0.1,1.0,0.1,1.0
145921,mscoco,0.5749408692121506,0.6940689317535785,0.6585838019847869,0.9025976312523315,0.2,0.2,0.0,0.0833333333333333
422155,mscoco,0.08859665226191282,0.29894831071210815,0.060404645092785356,0.18379907055285796,0.5,1.0,0.8,1.0
451969,mscoco,0.10977850742638111,0.2104249334036179,0.17763691917061805,0.3405663207635439,0.1,0.1666666666666666,0.1,0.2
484344,mscoco,0.04392795562744141,0.17218135694988448,0.062091263569891454,0.2073620247898243,0.2,0.25,0.3,0.3333333333333333
488952,mscoco,0.11594308838248253,0.27057390051617053,0.131349503621459,0.21274142446739475,0.1,0.1666666666666666,0.1,1.0
67163,mscoco,0.014687670581042766,0.04326987346545308,0.007814680063165724,0.02638214435859527,0.1,1.0,0.1,0.3333333333333333
521068,mscoco,0.05765330363065004,0.16984020292950117,0.05600000787526369,0.14225538504812738,0.1,0.1,0.0,0.0119047619047619
424340,mscoco,0.01196042427327484,0.03156483927315774,0.017860093014314772,0.05360670544052875,0.1,0.2,0.0,0.0769230769230769
364491,mscoco,0.13517273738980293,0.30402974746045786,0.13348431438207625,0.3050075434695602,0.2,1.0,0.0,0.0909090909090909
556901,mscoco,0.2075005367398262,0.3940247518338621,0.1584899827837944,0.47072785001428413,0.2,0.5,0.0,0.0526315789473684
420826,mscoco,0.5440441966056824,0.9031709192129329,0.5726319253444672,0.7059579776402626,0.2,1.0,0.2,0.3333333333333333
283213,mscoco,0.17653672732412815,0.3240483161081209,0.2583851858973503,0.5212959980923593,0.0,0.0833333333333333,0.2,0.2
214363,mscoco,0.006529225083068013,0.019901030787402345,0.010166710161138326,0.03524078539702082,0.1,0.25,0.1,1.0
165350,mscoco,0.24223435223102568,0.6727268690773773,0.4827263966202736,0.8325225080217646,0.0,0.0909090909090909,0.2,1.0
79806,mscoco,0.14446293115615844,0.33283059569601003,0.19137165136635303,0.46415223298533465,0.0,0.0833333333333333,0.1,0.125
279175,mscoco,0.02662017224356532,0.09016652554509416,0.028090544417500495,0.10449713200398032,0.3,0.5,0.4,1.0
200423,mscoco,0.06641720868647098,0.14984777665600993,0.15444459468126298,0.3160120137022765,0.1,0.1111111111111111,0.2,0.1111111111111111
11041,mscoco,0.48949177488684653,0.7767802755207863,0.7638553082942963,0.793060311922898,0.7,1.0,0.7,0.3333333333333333
61377,mscoco,0.011839710641652346,0.036574973778278286,0.01137651950120926,0.046896385868688883,0.1,0.1,0.1,0.5
499094,mscoco,0.3867170985788107,0.3438429848507829,0.605357164144516,0.6899910565707678,0.0,0.0476190476190476,0.3,0.25
65,drawbench,0.022588031366467476,0.07222652064480672,0.03047517389059067,0.11045617470126858,0.0,0.0,0.0,0.0
20542,mscoco,0.20495159402489663,0.40242466765658,0.22025258019566535,0.2845002856424898,0.2,0.3333333333333333,0.2,1.0
295472,mscoco,0.30388267412781717,0.4557674299849854,0.3300934761762619,0.48782808445995546,0.2,0.3333333333333333,0.7,1.0
4471,mscoco,0.2639758475124836,0.45584959506882633,0.1873175713699311,0.3594785567034537,0.3,0.5,0.2,0.25
518816,mscoco,0.0056559108605142685,0.02276102979689864,0.008288506045937538,0.03019042418135215,0.1,1.0,0.1,0.3333333333333333
267700,mscoco,0.1175141803920269,0.31604188662459853,0.1588328555226326,0.3401696659449882,0.8,1.0,0.5,1.0
436696,mscoco,0.03669579355046153,0.09757038849696918,0.0470773134380579,0.12749744866689638,0.0,0.0833333333333333,0.2,0.5
477351,mscoco,0.03711467748507857,0.1553323585326797,0.03509255638346076,0.1493655740592581,0.2,1.0,0.2,1.0
84084,mscoco,0.032219472900033,0.10731580466661254,0.05858197072520852,0.1266343178078575,0.1,1.0,0.4,0.5
492314,mscoco,0.2308282732963562,0.4289270637770958,0.4190936505794525,0.619004922685013,0.1,0.125,0.2,0.3333333333333333
13882,mscoco,0.01670382113661617,0.06871051841694323,0.016539629828184844,0.06932382763095327,0.1,1.0,0.1,1.0
125700,mscoco,0.0205347903072834,0.09448967421525928,0.039059010334312916,0.12123607878870143,0.2,0.5,0.1,1.0
370103,mscoco,0.4617720916867256,0.7193486111393232,0.39698219746351243,0.654705158896723,0.3,1.0,0.0,0.0909090909090909
94,drawbench,0.004544236697256565,0.014674939850456509,0.004441676661372185,0.015221875294998232,0.0,0.0769230769230769,0.0,0.0048543689320388
137273,mscoco,0.16486508995294571,0.3705171733333441,0.10869142012670636,0.4322363494590835,0.1,0.5,0.1,1.0
106935,mscoco,0.08457111716270446,0.2979975416783252,0.2308491937816143,0.49739269226816496,0.1,0.1111111111111111,0.1,0.125
797,mscoco,0.155956419557333,0.3087945257583897,0.2086024448275566,0.4204447613724813,0.5,0.5,0.6,1.0
107362,mscoco,0.03614195669069886,0.10477062820290112,0.08768587838858366,0.24346452290910425,0.1,0.125,0.3,1.0
81128,mscoco,0.039273674786090854,0.12479815926443422,0.03754359660670161,0.13349377402205184,0.1,0.5,0.1,1.0
442554,mscoco,0.0256825128570199,0.11817241949437732,0.03225530041381717,0.13931816570332523,0.1,1.0,0.1,1.0
19413,mscoco,0.08684471771121025,0.2037941398758655,0.058181332610547545,0.1626807566782002,0.0,0.008,0.0,0.0033444816053511
7583,mscoco,0.03204523473978042,0.12024405529916758,0.10779141671955586,0.30035773928446247,0.0,0.0909090909090909,0.4,1.0
464634,mscoco,0.03554018465802074,0.09182687837517522,0.02238117684610188,0.09780186181636895,0.1,0.5,0.2,1.0
257788,mscoco,0.12222228348255157,0.3783712398791192,0.09138422310352326,0.26557670042676407,0.4,1.0,0.3,0.5
385438,mscoco,0.10461080707609653,0.5028326593666552,0.3267394557595253,0.6847868269374892,0.0,0.04,0.0,0.0833333333333333
275432,mscoco,0.03931265100836754,0.13766123224316268,0.048432059586048126,0.19163956901161308,0.0,0.0232558139534883,0.1,1.0
490582,mscoco,0.03675803747028113,0.1646938535134939,0.06119944625534117,0.17119046429706247,0.1,0.5,0.1,1.0
399880,mscoco,0.047496659122407435,0.15647265440724537,0.04527722708880901,0.15929066137495246,0.2,1.0,0.2,1.0
256903,mscoco,0.203690030798316,0.35131114161429655,0.2525047481060028,0.3679163031150974,0.0,0.0476190476190476,0.6,0.3333333333333333
2349,mscoco,0.1484021782875061,0.39843119459330656,0.11739481799304485,0.41263020144870305,0.1,0.5,0.1,1.0
70735,mscoco,0.11983123496174812,0.23414362908701075,0.16235750503838062,0.45828086893551706,0.4,0.3333333333333333,0.5,1.0
73634,mscoco,0.07975798286497593,0.2042301508169093,0.09756206944584847,0.23025058556328035,0.4,1.0,0.5,1.0
495131,mscoco,0.011738434992730617,0.04286122865905157,0.015556827327236534,0.04472768334531529,0.0,0.0217391304347826,0.1,0.1
548953,mscoco,0.04517620857805014,0.12992364840097323,0.0653203122317791,0.17084029479327514,0.0,0.0119047619047619,0.0,0.0227272727272727
517780,mscoco,0.06999372001737356,0.2893315074691178,0.0654858011752367,0.3051921670586102,0.1,1.0,0.1,1.0
314616,mscoco,0.0775176603347063,0.17575132104157873,0.028905714163556695,0.13760580653384055,0.0,0.0909090909090909,0.1,1.0
51070,mscoco,0.018092419812455775,0.053298828940864316,0.032206473685801026,0.11336616024127603,0.0,0.0048076923076923,0.1,0.5
61761,mscoco,0.07744851093739272,0.2608461941191978,0.07244456075131893,0.2442649739971579,0.3,1.0,0.5,1.0
228657,mscoco,0.18102491945028304,0.4429321509695341,0.33825596421957016,0.5793958955945376,0.1,0.1428571428571428,0.6,0.3333333333333333
328732,mscoco,0.14112554602324962,0.25511647778428154,0.20418172162026166,0.4904619945873257,0.3,0.25,0.3,1.0
152108,mscoco,0.3144622527062893,0.4905129725109186,0.4090270847082138,0.631875879122679,0.4,1.0,0.7,0.5
309192,mscoco,0.36483372896909716,0.6067715904991389,0.38937748968601227,0.43405531152442667,0.3,1.0,0.2,0.25
28085,mscoco,0.017486812453716992,0.07443962454612128,0.024097476433962584,0.08495307250989288,0.1,1.0,0.1,1.0
392717,mscoco,0.02394200675189495,0.0975942433168746,0.03782881377264857,0.112629061941066,0.0,0.003731343283582,0.1,1.0
373648,mscoco,0.20773489587008953,0.43228024551078187,0.3092714995145798,0.5689442460530908,0.2,0.5,0.2,0.5
186201,mscoco,0.05031975861638784,0.17036457743700312,0.052207514829933646,0.15050119885478844,0.3,1.0,0.1,0.25
556248,mscoco,0.1254373498260975,0.2969164791646329,0.13989867493510247,0.292180729386103,0.3,0.5,0.1,0.3333333333333333
30631,mscoco,0.03390046777203679,0.09548751590684157,0.055885251611471176,0.1974827837027516,0.0,0.0012165450121654,0.1,0.25
109838,mscoco,0.04543623039498925,0.1476924782027804,0.04908501412719488,0.12762955618531407,0.1,1.0,0.4,0.2
97686,mscoco,0.07634289730340242,0.15765233427490213,0.07927969302982092,0.22206262564382856,0.1,1.0,0.1,0.1
22559,mscoco,0.00822764019249007,0.033354981886091296,0.00527420342550613,0.025484676021165047,0.1,1.0,0.1,1.0
163474,mscoco,0.04659758452326059,0.15762978688948304,0.026140395272523164,0.09046608025937247,0.0,0.0069930069930069,0.0,0.05
23489,mscoco,0.4323934055864811,0.6147584699719305,0.4706212043762207,0.6591160492114947,0.6,1.0,0.8,1.0
460417,mscoco,0.03265173751860857,0.10040634696386745,0.03789327461272478,0.12104921721419074,0.0,0.0103092783505154,0.1,1.0
143120,mscoco,0.043906170222908256,0.1338824118330657,0.04602569853886962,0.1343446443315167,0.1,0.3333333333333333,0.2,0.5
549649,mscoco,0.013431804766878486,0.04634859202585553,0.0113238831050694,0.05340702804321899,0.1,0.5,0.1,1.0
62132,mscoco,0.023691173340193928,0.10347530405950774,0.02471958538517356,0.08587889849970864,0.1,0.5,0.1,1.0
371157,mscoco,0.04955298509448767,0.12917868094156756,0.02579756947234273,0.08872746908844165,0.0,0.04,0.1,0.1
376009,mscoco,0.015722300042398274,0.08021227782801219,0.023485980881378054,0.06877286320834934,0.1,1.0,0.0,0.0357142857142857
41997,mscoco,0.7571181118488312,0.7770333292117682,0.7572663843631744,0.8954156820529912,0.9,1.0,1.0,1.0
305338,mscoco,0.04919208874925971,0.14452346485773493,0.044722847547382115,0.17243524977445968,0.5,0.5,0.2,1.0
151922,mscoco,0.07665609233081341,0.23449328192313995,0.06398613266646862,0.20039386863186864,0.1,0.1428571428571428,0.3,1.0
169683,mscoco,0.032741203904151917,0.10293259020465256,0.04578530117869377,0.12411777031683748,0.5,1.0,0.7,1.0
504216,mscoco,0.009351918089669198,0.05094141851573048,0.008859221811871976,0.04062366324405527,0.1,1.0,0.1,0.5
42215,mscoco,0.3256566569209099,0.574413404693857,0.27618272230029106,0.4804137410078059,0.5,1.0,0.5,1.0
285607,mscoco,0.06077349595725536,0.15803854022283315,0.07103414051234722,0.1892544878275866,0.0,0.0666666666666666,0.0,0.0192307692307692
345562,mscoco,0.037682568794116376,0.12429166603852701,0.04317659535445273,0.12468527926560068,0.1,0.2,0.1,0.1
155160,mscoco,0.029711125930771232,0.09927690800101205,0.02675842260941863,0.08919759570536398,0.1,1.0,0.1,1.0
576944,mscoco,0.031110981944948435,0.07998738561573776,0.04244522079825401,0.14772736158721528,0.1,0.3333333333333333,0.3,1.0
488360,mscoco,0.03377636764198542,0.08797224546871908,0.042300978861749175,0.10150337050262338,0.1,0.1428571428571428,0.1,0.3333333333333333
20641,mscoco,0.23349423035979272,0.47697510181357716,0.24084258005023002,0.4832112909523586,0.2,1.0,0.2,1.0
83268,mscoco,0.06713331220671534,0.19539532463211476,0.030883451364934443,0.10635390323276944,0.1,1.0,0.0,0.037037037037037
203618,mscoco,0.03929112209007144,0.12128835071320448,0.06923395711928607,0.20334248639693436,0.1,0.125,0.1,1.0
301870,mscoco,0.47205028384923936,0.8309421905788362,0.7294799890369177,0.8613681027787549,0.5,1.0,0.6,1.0
424788,mscoco,0.1822613261640072,0.3328486596162204,0.20497947707772254,0.470262787396855,0.1,1.0,0.5,1.0
292170,mscoco,0.049373677000403404,0.13448709881116666,0.08677715919911862,0.23713187602611363,0.1,0.1111111111111111,0.3,0.5
502823,mscoco,0.38184927254915235,0.8062731650426068,0.40601197481155393,0.7277881815039556,0.2,1.0,0.4,1.0
40531,mscoco,0.1504132391884923,0.268995961920243,0.1940888162702322,0.28703583920563747,0.6,0.3333333333333333,0.8,0.5
162020,mscoco,0.054913639836013314,0.14066167730777132,0.06376211754977704,0.16198611517250947,0.1,0.25,0.1,0.3333333333333333
84853,mscoco,0.08832789547741413,0.21047302224182177,0.08095173835754395,0.24776138511905155,0.5,0.5,0.7,1.0
139839,mscoco,0.14866021387279033,0.3122557366957404,0.26153223812580106,0.553239099207193,0.1,0.125,0.1,0.1666666666666666
163296,mscoco,0.31327373534440994,0.5894897312486812,0.3068059731274843,0.4926272177465072,0.5,0.3333333333333333,0.4,1.0
268644,mscoco,0.1105936948210001,0.4340518877676327,0.12995927296578885,0.3091173791764432,0.7,1.0,0.9,1.0
69283,mscoco,0.03238339505624026,0.11976873151616893,0.039395876601338385,0.1512081016789625,0.0,0.0169491525423728,0.1,1.0
59610,mscoco,0.6734925329685211,0.9304779627081949,0.593865929543972,0.9305168401330078,0.5,1.0,0.7,1.0
471834,mscoco,0.10521978437900543,0.27063101524307576,0.11106058023869991,0.27080121019197395,0.2,0.3333333333333333,0.7,0.5
15197,mscoco,0.03966884352266788,0.09410965294476484,0.04639471061527729,0.1397475594487179,0.4,0.5,0.6,0.5
343908,mscoco,0.08624844737350941,0.28452558620584095,0.1509658582508564,0.22066328335518404,0.0,0.0093457943925233,0.0,0.0208333333333333
451375,mscoco,0.03568430291488767,0.15394118057907197,0.03867379184812307,0.1365735355173275,0.1,0.3333333333333333,0.1,0.5
440027,mscoco,0.12567747794091702,0.29378145244708487,0.15040527507662774,0.31388658963488464,0.2,0.25,0.5,0.5
377777,mscoco,0.05382992718368769,0.16287186272449658,0.04514317810535431,0.14498159772585556,0.0,0.0060240963855421,0.3,1.0
130240,mscoco,0.3781195096671581,0.5450203875305799,0.508114892244339,0.5946123445497034,0.4,0.25,0.8,0.5
121618,mscoco,0.042352803889662026,0.12107254776525878,0.05131367985159159,0.1735713322953536,0.3,0.5,0.3,0.5
273245,mscoco,0.043208802305161956,0.12551603793119112,0.058436211105436085,0.18579737833311635,0.1,0.2,0.0,0.0714285714285714
187978,mscoco,0.06555700991302729,0.19171755530434664,0.08410963341593743,0.27282953067970656,0.1,0.25,0.1,1.0
395933,mscoco,0.03455304577946663,0.09584728251251806,0.03948558941483497,0.11102411563168367,0.1,0.5,0.1,1.0
247184,mscoco,0.09484143145382404,0.26147990263576554,0.10884679928421974,0.26086001775749074,0.1,0.2,0.4,0.5
198397,mscoco,0.22801022753119468,0.3473199114730692,0.266520357131958,0.4420939306430076,0.1,0.125,0.4,1.0
266207,mscoco,0.6759512484073639,0.8153665447335524,0.7136243462562561,0.8213334929142441,0.7,1.0,1.0,1.0
324816,mscoco,0.09798144232481718,0.1893705705222504,0.10642907805740834,0.2885528953380292,0.1,0.1111111111111111,0.1,0.25
539311,mscoco,0.07343643810600042,0.24217320508654866,0.09028170108795167,0.27287105140894624,0.1,1.0,0.2,1.0
34,drawbench,0.027863021567463876,0.0864476449273173,0.03227092521265149,0.10438177146596067,0.0,0.0,0.0,0.0
214413,mscoco,0.07509261853992939,0.19038755316099598,0.08710247837007046,0.22844869332321588,0.0,0.0526315789473684,0.1,1.0
521574,mscoco,0.0655766770709306,0.17619565211163618,0.06148119140416384,0.22612602224966746,0.0,0.0007710100231303,0.0,0.0185185185185185
317112,mscoco,0.11694648377597332,0.294917347656728,0.14300147108733655,0.4198424778066641,0.1,1.0,0.1,0.1111111111111111
552295,mscoco,0.06174660064280033,0.19484399176268985,0.051404559426009654,0.20946525456113216,0.0,0.037037037037037,0.1,0.25
579787,mscoco,0.35123691856861117,0.7588483861756402,0.2667009711265564,0.666638735922613,0.3,1.0,0.5,1.0
384422,mscoco,0.052722282335162164,0.14210699351040385,0.04691789839416742,0.18378092092724102,0.1,1.0,0.0,0.0434782608695652
531725,mscoco,0.4725220829248428,0.7013601982360609,0.5487131834030151,0.83038864577737,0.4,0.5,0.7,1.0
491943,mscoco,0.02114003971219063,0.08647922973276737,0.042006062995642426,0.12371019620097713,0.1,0.5,0.1,1.0
56605,mscoco,0.1353493243455887,0.29596949553942953,0.12884892262518405,0.2611768498504956,0.1,0.5,0.4,1.0
444272,mscoco,0.027967600198462606,0.06968985062285836,0.021504588704556227,0.09056263199054697,0.0,0.0217391304347826,0.1,0.3333333333333333
220948,mscoco,0.054640297591686246,0.13925372384597062,0.06123383417725563,0.1510654934485787,0.1,0.1428571428571428,0.8,1.0
265176,mscoco,0.034610952436923983,0.09089486932517746,0.0331837716512382,0.10350947032361364,0.3,1.0,0.3,1.0
186,drawbench,0.038363516237586735,0.17217497400197088,0.133338163793087,0.2742687602737884,0.0,0.0,0.0,0.0
275835,mscoco,0.051360006490722296,0.1602547592223886,0.03036890598013997,0.0942569968561861,0.2,0.5,0.2,0.1666666666666666
386036,mscoco,0.11584208905696869,0.2707223604431263,0.12708314657211303,0.2561354613500976,0.3,0.5,0.3,0.3333333333333333
165638,mscoco,0.046640574000775814,0.12309175046419413,0.04474447574466467,0.14839056838569187,0.1,0.1428571428571428,0.1,0.1666666666666666
388353,mscoco,0.15165912508964538,0.28683492439294184,0.1850147269666195,0.4999897018459857,0.1,0.125,0.2,1.0
4624,mscoco,0.5635135382413864,0.7077415562410628,0.49032108187675477,0.7264831613066333,0.4,1.0,0.6,1.0
206871,mscoco,0.5556275986135006,0.4839247071398501,0.5814043715596199,0.7574279213120728,0.3,0.3333333333333333,0.4,1.0
516805,mscoco,0.03396120788529515,0.1304180153505355,0.039953408762812614,0.1337227012707816,0.1,1.0,0.1,1.0
531798,mscoco,0.4771262228488922,0.5426179830884396,0.5424220442771912,0.659525790368908,0.4,0.5,0.5,1.0
89095,mscoco,0.04302451647818088,0.10522260293015842,0.061538274958729745,0.15557357093594487,0.1,0.1666666666666666,0.1,0.1666666666666666
18078,mscoco,0.20888542160391807,0.46148036674169873,0.256146477162838,0.4260970262034223,0.7,0.5,0.6,1.0
136900,mscoco,0.18068690076470376,0.3804500076676073,0.18414422422647475,0.3344769384162387,0.2,0.125,0.5,0.5
16,drawbench,0.02425771956332028,0.08096360510997574,0.03536712443456054,0.1031449195158142,0.0,0.0,0.0,0.0
350724,mscoco,0.06840829774737359,0.2238122617856479,0.10651942621916533,0.2698575885374176,0.1,0.25,0.1,0.3333333333333333
477195,mscoco,0.06029289271682501,0.17604254554312007,0.05930442251265049,0.2022372670326537,0.6,1.0,0.5,1.0
55059,mscoco,0.1820902857929468,0.5344183686927239,0.20546490475535392,0.5417083062894781,0.1,1.0,0.1,1.0
28214,mscoco,0.005077732750214637,0.025338863967308948,0.008800700691062957,0.032674811609702606,0.2,1.0,0.2,1.0
192812,mscoco,0.020787097327411175,0.0895392294751563,0.0303197069093585,0.10721792884415438,0.1,0.5,0.1,1.0
162717,mscoco,0.04778087623417378,0.11894208036034863,0.07818307052366436,0.28887358327430557,0.1,0.25,0.1,1.0
547136,mscoco,0.14074710458517076,0.2565948733960426,0.11925323382019996,0.2580694201861277,0.1,0.125,0.1,0.1
408182,mscoco,0.053910693526268004,0.1273221826143588,0.050850624591112135,0.14449463828377263,0.1,0.1666666666666666,0.1,0.2
360536,mscoco,0.08759657647460699,0.2534059917938255,0.11824378594756127,0.2644860089912908,0.1,1.0,0.1,1.0
485564,mscoco,0.10434555253013969,0.19581261236178854,0.20709282010793686,0.33488070687342164,0.3,0.3333333333333333,0.3,0.1666666666666666
360695,mscoco,0.5594514310359955,0.7364527820919533,0.7001284480094909,0.7915062218511767,0.4,0.25,0.6,0.5
514483,mscoco,0.04843179078307003,0.18161116941565422,0.054309619963169097,0.16842833854139957,0.1,0.25,0.2,1.0
409918,mscoco,0.11348673813045025,0.44485469616097234,0.1447511285543442,0.36805860786015504,0.1,0.5,0.1,1.0
34333,mscoco,0.015485063614323735,0.05760819230887112,0.018250903161242605,0.06343855547689879,0.1,1.0,0.1,0.5
156915,mscoco,0.04219972919672728,0.13106138985224933,0.046210534684360025,0.1483365572860072,0.1,0.125,0.1,1.0
16520,mscoco,0.12745245210826397,0.4060363093088201,0.14007146023213862,0.36884031718549404,0.1,1.0,0.1,0.5
308441,mscoco,0.10601411797106267,0.3307889418847104,0.14479347243905066,0.34840132561500603,0.4,1.0,0.7,1.0
246146,mscoco,0.15628633201122283,0.3058714371243586,0.2517451927065849,0.5300593738438402,0.1,0.125,0.4,1.0
525342,mscoco,0.062570271641016,0.3100830112162871,0.062343860510736704,0.1557381887111854,0.0,0.0217391304347826,0.1,0.3333333333333333
293306,mscoco,0.06419207584112882,0.18795374605172854,0.059870592504739764,0.13472557451671466,0.0,0.0769230769230769,0.0,0.0050761421319796
163431,mscoco,0.03583252243697643,0.1175125402462875,0.06016521267592907,0.20435839642147757,0.3,0.5,0.2,0.1666666666666666
41265,mscoco,0.04338586516678333,0.1311001451420564,0.044191522616893054,0.14952134290378435,0.1,1.0,0.0,0.0833333333333333
184610,mscoco,0.033317512413486836,0.15540906275534827,0.042451595421880484,0.11331215719830431,0.1,1.0,0.1,0.25
545673,mscoco,0.08383722454309464,0.2284461659708438,0.0813973380252719,0.19075853224682604,0.5,0.5,0.3,0.5
187757,mscoco,0.4575574606657028,0.6261017425759998,0.40472633093595506,0.6906368492200287,0.2,0.2,0.6,0.5
492065,mscoco,0.016883988329209388,0.06505232765511804,0.03499122802168131,0.11129136514618963,0.0,0.0277777777777777,0.2,0.25
352248,mscoco,0.14206678979098797,0.35739088273202335,0.14267646931111813,0.42502846419441065,0.3,1.0,0.3,1.0
360173,mscoco,0.03242070777341723,0.09268337753902414,0.07845800630748272,0.26557418757995394,0.2,0.2,0.5,0.5
443913,mscoco,0.06544945109635592,0.17277677875822528,0.08858238076791167,0.25986098863306023,0.0,0.0476190476190476,0.1,0.1428571428571428
475301,mscoco,0.2198358081281185,0.36709372297469034,0.3659308016300201,0.5755451371811282,0.1,0.5,0.3,1.0
196,drawbench,0.0031543086748570203,0.00893492608067705,0.004284711030777544,0.014415597178266817,0.0,0.0,0.0,0.0
66192,mscoco,0.18136957436800002,0.323780022463262,0.3392430379986763,0.5792738338062899,0.1,0.2,0.2,0.2
158950,mscoco,0.035162640549242494,0.11815591267636935,0.08081550635397435,0.19520348437470358,0.2,0.5,0.3,1.0
536278,mscoco,0.40732464045286176,0.574502463013316,0.27880828604102137,0.4000836650395654,0.9,1.0,0.7,0.5
232417,mscoco,0.03787350165657699,0.14830537051465956,0.052522793598473075,0.16958852587304524,0.0,0.0454545454545454,0.0,0.0072992700729927
395013,mscoco,0.13726339768618345,0.3771256540171951,0.15535446107387543,0.5207645251641049,0.3,1.0,0.3,0.5
113839,mscoco,0.14950894191861153,0.27858684312543014,0.15206626802682877,0.3040018088135526,0.6,1.0,0.5,0.5
103512,mscoco,0.07258102488704025,0.17103400633399987,0.09717024825513362,0.280600948174644,0.0,0.0038022813688212,0.0,0.0094339622641509
47597,mscoco,0.1353706743568182,0.37984003560085033,0.07907327339053154,0.20307943814663995,0.2,1.0,0.1,0.2
197427,mscoco,0.4122663602232933,0.7772386728293725,0.4151887848973274,0.4842397013378948,0.7,1.0,0.4,0.3333333333333333
416604,mscoco,0.013244246738031507,0.04456670610492467,0.007991275505628437,0.03671175003886631,0.1,1.0,0.1,1.0
513733,mscoco,0.18070098832249643,0.33542851307686894,0.18275116756558418,0.4504875010955544,0.8,1.0,0.8,1.0
182373,mscoco,0.2403239853680134,0.48349767779928643,0.47996779084205626,0.63711012576992,0.1,0.5,0.8,1.0
561919,mscoco,0.1734562624245882,0.29309801686875914,0.19021727479994296,0.40260816646415815,0.2,0.1111111111111111,0.7,1.0
221165,mscoco,0.08362915087491274,0.2852210633249947,0.12652297150343655,0.28852142184406293,0.0,0.0833333333333333,0.0,0.0133333333333333
13,drawbench,0.17635050937533378,0.31593444352098227,0.25564360022544863,0.38571116773404307,0.0,0.003690036900369,0.0,0.0178571428571428
490057,mscoco,0.1337405364960432,0.5321037486971792,0.1352390792220831,0.4920782249308549,0.1,1.0,0.4,1.0
561957,mscoco,0.31978809759020804,0.4657543698924148,0.43074895069003105,0.765786446076216,0.3,0.5,1.0,1.0
451772,mscoco,0.7222807973623275,0.8745899789637691,0.814796757698059,0.9447747740041089,0.8,1.0,0.9,1.0
247223,mscoco,0.16832082718610764,0.42348589545585597,0.1586328350007534,0.35628832668981447,0.2,1.0,0.2,0.5
532253,mscoco,0.0032364148064516485,0.017701978799388264,0.0037643691000994297,0.020368872034277834,0.1,1.0,0.1,1.0
178,drawbench,0.0034801934321876614,0.01400277381156642,0.0027612640231382104,0.010048501544384641,0.0,0.0,0.0,0.0
15621,mscoco,0.1233026772737503,0.23664446643784268,0.15205423459410666,0.34803389816489627,0.1,0.1,0.5,1.0
161634,mscoco,0.06669759377837181,0.16702635165030189,0.07019468173384666,0.18256114154783154,0.1,0.1,0.1,0.2
33555,mscoco,0.13277757167816162,0.30993281514478926,0.2008563056588173,0.4301683167342963,0.1,0.5,0.2,1.0
59,drawbench,0.02817649031057954,0.13493907347640577,0.04473138879984617,0.15900404107984253,0.0,0.0,0.0,0.0
17869,mscoco,0.14561308855190874,0.47008472108613353,0.19463117495179177,0.38867291461035397,0.0,0.0909090909090909,0.3,0.3333333333333333
378790,mscoco,0.0033200508914887905,0.011964069675274561,0.0044145452440716325,0.015517212893253623,0.1,0.2,0.2,1.0
248876,mscoco,0.18668507412075996,0.3134691226171841,0.161117659881711,0.3874921681564574,0.0,0.0294117647058823,0.2,1.0
398130,mscoco,0.013953699450939893,0.055630562311733404,0.014208380272611976,0.05657028119913359,0.1,0.5,0.1,0.5
124236,mscoco,0.022723422292619942,0.0823582584929824,0.029741800110787153,0.10827733027349735,0.1,0.1666666666666666,0.1,0.25
441382,mscoco,0.033094277558848265,0.07828016631910475,0.02865077368915081,0.10283793904399896,0.2,0.3333333333333333,0.1,1.0
444670,mscoco,0.14849616065621377,0.4570028999480832,0.13844049125909805,0.2666340103261204,0.0,0.03125,0.1,1.0
482665,mscoco,0.02865346525795758,0.10348829470259142,0.017942384490743278,0.10770651161049162,0.1,0.5,0.1,1.0
170766,mscoco,0.04100565686821937,0.15908170676649444,0.08607642464339733,0.20658676782077542,0.1,1.0,0.1,0.5
156904,mscoco,0.03090192936360836,0.08886398878157661,0.026320012472569942,0.08227462168307187,0.2,0.5,0.1,0.3333333333333333
313156,mscoco,0.431950218975544,0.5374773332944661,0.5104952365159988,0.8489532833765016,0.2,0.1428571428571428,0.2,1.0
129176,mscoco,0.48261592984199525,0.6893997611038123,0.5804104775190353,0.846719983253941,0.4,0.5,0.6,0.5
295558,mscoco,0.28640720769762995,0.3929778623143038,0.18613279480487108,0.38522871749201976,0.0,0.0333333333333333,0.2,1.0
246358,mscoco,0.0773782704025507,0.22862275571655435,0.09992938898503781,0.26819972071274983,0.5,1.0,0.6,1.0
281052,mscoco,0.2612450335174799,0.39539232755021875,0.12419663714244962,0.43839079174036016,0.1,0.5,0.3,1.0
324165,mscoco,0.012617525225505234,0.05509637910848016,0.019252810743637383,0.06485230411046783,0.1,1.0,0.1,1.0
536900,mscoco,0.0840860977768898,0.2232773288308542,0.08176973685622216,0.1887626835007927,0.5,0.5,0.7,1.0
579341,mscoco,0.17786347209475933,0.3081305876291643,0.21908966712653638,0.4887365187808912,0.5,1.0,0.6,0.5
149679,mscoco,0.005922689009457827,0.025524819150691047,0.018580172659130766,0.06032878830523079,0.0,0.0909090909090909,0.1,0.25
283840,mscoco,0.032143252156674865,0.09560372618330311,0.027143509592860937,0.10008020937852384,0.1,1.0,0.2,0.25
361351,mscoco,0.02809308487921953,0.10951743451435063,0.03577822232618928,0.10060246176628278,0.2,1.0,0.1,0.3333333333333333
415239,mscoco,0.2845617599785328,0.3900881721124633,0.3887784406542778,0.6723604010496115,0.3,0.3333333333333333,0.6,0.3333333333333333
99073,mscoco,0.5007810056209564,0.6781767533116559,0.5251646101474762,0.7702664037821838,0.3,0.5,0.4,0.3333333333333333
369653,mscoco,0.03970972341485322,0.13063901692994787,0.0411885192617774,0.13734376852403565,0.2,1.0,0.1,0.125
72583,mscoco,0.012665658351033926,0.08885090851616283,0.017297445377334953,0.10039510473672346,0.1,1.0,0.1,1.0
565326,mscoco,0.08293135575950146,0.24231367139019935,0.08094131350517272,0.17939946684326047,0.0,0.0714285714285714,0.1,0.5
264660,mscoco,0.024409041833132507,0.09106134344875837,0.027219637483358382,0.10168409213660888,0.1,1.0,0.1,1.0
236552,mscoco,0.08528391532599926,0.25639473566575494,0.1290825054049492,0.2824562460776519,0.2,1.0,0.3,1.0
522491,mscoco,0.027125582750886678,0.11977410791697467,0.030176351498812436,0.09256641745848104,0.0,0.0769230769230769,0.0,0.0095238095238095
84757,mscoco,0.024424849590286613,0.07661517973541544,0.05070584490895271,0.1490790127210758,0.0,0.0096153846153846,0.1,0.1666666666666666
40957,mscoco,0.040831381524913016,0.218004047964313,0.053228563629090786,0.16489035909984864,0.1,1.0,0.1,0.5
95679,mscoco,0.03378192856907845,0.1411927040498321,0.037443121708929536,0.14171515956048925,0.2,1.0,0.2,1.0
265279,mscoco,0.12331944592297077,0.29570883250656677,0.10624817088246345,0.32787839789824075,0.4,1.0,0.3,0.5
245938,mscoco,0.012621437082998455,0.04842424741576512,0.014780044090002775,0.04858188228729456,0.2,1.0,0.1,1.0
522639,mscoco,0.009890141244977713,0.03895935118753514,0.04138970039784908,0.1460424529580743,0.0,0.03125,0.1,0.25
225345,mscoco,0.011348689487203956,0.05138043675776358,0.01563272231724113,0.06425357224848176,0.1,0.5,0.1,1.0
24104,mscoco,0.34381761997938154,0.45875919985825975,0.5343020766973495,0.7379063885306301,0.4,0.1666666666666666,0.8,1.0
317331,mscoco,0.28040888011455534,0.5128796027151795,0.5114651560783386,0.722698141319861,0.5,1.0,0.3,0.3333333333333333
